sample_idx,router_id,x,y,injected,ejected,received_total,sent_total,stored_total,buffer_occupancy_norm
0,0,0,0,8,7,48,47,0,0.0
0,1,1,0,9,5,47,45,1,0.00625
0,2,2,0,6,4,42,38,3,0.01875
0,3,3,0,12,4,38,35,3,0.01875
0,4,4,0,13,3,33,25,8,0.05
0,5,5,0,11,2,27,19,8,0.05
0,6,6,0,12,3,21,17,4,0.025
0,7,7,0,8,2,10,10,0,0.0
0,8,0,1,7,8,42,42,0,0.0
0,9,1,1,4,4,47,46,1,0.00625
0,10,2,1,12,10,57,55,2,0.0125
0,11,3,1,10,5,43,40,3,0.01875
0,12,4,1,6,8,40,36,3,0.01875
0,13,5,1,8,5,33,30,3,0.01875
0,14,6,1,9,3,24,24,0,0.0
0,15,7,1,10,4,16,15,1,0.00625
0,16,0,2,8,3,36,36,0,0.0
0,17,1,2,12,10,55,54,1,0.00625
0,18,2,2,10,10,67,66,1,0.00625
0,19,3,2,16,8,62,58,3,0.01875
0,20,4,2,9,4,48,44,3,0.01875
0,21,5,2,9,7,40,36,3,0.01875
0,22,6,2,11,7,32,29,3,0.01875
0,23,7,2,10,2,19,18,1,0.00625
0,24,0,3,8,8,32,31,1,0.00625
0,25,1,3,9,8,41,38,2,0.0125
0,26,2,3,9,13,59,57,1,0.00625
0,27,3,3,2,2,52,50,1,0.00625
0,28,4,3,7,5,56,54,1,0.00625
0,29,5,3,17,4,52,48,3,0.01875
0,30,6,3,4,6,33,33,0,0.0
0,31,7,3,9,0,19,19,0,0.0
0,32,0,4,8,5,23,23,0,0.0
0,33,1,4,12,2,35,35,0,0.0
0,34,2,4,7,6,49,45,3,0.01875
0,35,3,4,8,5,59,54,5,0.03125
0,36,4,4,3,3,47,47,0,0.0
0,37,5,4,6,10,50,50,0,0.0
0,38,6,4,10,7,45,41,2,0.0125
0,39,7,4,7,8,27,26,1,0.00625
0,40,0,5,7,5,17,17,0,0.0
0,41,1,5,13,6,32,28,4,0.025
0,42,2,5,14,4,44,39,5,0.03125
0,43,3,5,6,10,50,46,3,0.01875
0,44,4,5,12,5,56,53,2,0.0125
0,45,5,5,13,13,65,63,1,0.00625
0,46,6,5,15,3,53,52,0,0.0
0,47,7,5,4,7,32,32,0,0.0
0,48,0,6,13,3,18,16,2,0.0125
0,49,1,6,8,1,24,20,3,0.01875
0,50,2,6,10,5,35,33,2,0.0125
0,51,3,6,10,3,43,40,2,0.0125
0,52,4,6,7,7,48,47,1,0.00625
0,53,5,6,3,13,54,53,0,0.0
0,54,6,6,8,8,53,51,1,0.00625
0,55,7,6,10,5,45,43,1,0.00625
0,56,0,7,7,1,9,7,1,0.00625
0,57,1,7,12,3,21,20,1,0.00625
0,58,2,7,7,4,29,23,6,0.0375
0,59,3,7,8,6,31,28,3,0.01875
0,60,4,7,11,5,35,33,2,0.0125
0,61,5,7,10,3,41,38,2,0.0125
0,62,6,7,5,9,48,46,1,0.00625
0,63,7,7,7,5,44,43,1,0.00625
1,0,0,0,11,11,55,56,0,0.0
1,1,1,0,7,7,52,53,1,0.00625
1,2,2,0,4,14,50,52,1,0.00625
1,3,3,0,12,17,50,49,3,0.01875
1,4,4,0,10,11,30,32,5,0.03125
1,5,5,0,5,7,15,16,7,0.04375
1,6,6,0,2,9,17,12,8,0.05
1,7,7,0,7,2,9,5,4,0.025
1,8,0,1,8,7,54,53,1,0.00625
1,9,1,1,8,7,61,60,1,0.00625
1,10,2,1,8,6,63,65,0,0.0
1,11,3,1,10,12,65,63,4,0.025
1,12,4,1,13,8,48,46,6,0.0375
1,13,5,1,9,8,34,31,6,0.0375
1,14,6,1,5,6,30,25,4,0.025
1,15,7,1,12,4,19,15,4,0.025
1,16,0,2,14,7,50,50,0,0.0
1,17,1,2,5,10,64,64,1,0.00625
1,18,2,2,10,10,73,73,0,0.0
1,19,3,2,5,9,83,85,2,0.0125
1,20,4,2,9,12,70,71,2,0.0125
1,21,5,2,11,11,55,57,2,0.0125
1,22,6,2,2,7,38,41,0,0.0
1,23,7,2,10,3,19,20,0,0.0
1,24,0,3,17,10,47,46,1,0.00625
1,25,1,3,14,8,66,65,3,0.01875
1,26,2,3,11,7,88,85,3,0.01875
1,27,3,3,10,8,87,86,2,0.0125
1,28,4,3,8,13,83,83,0,0.0
1,29,5,3,10,8,62,63,1,0.00625
1,30,6,3,10,10,51,51,0,0.0
1,31,7,3,8,7,23,23,0,0.0
1,32,0,4,12,11,31,31,0,0.0
1,33,1,4,12,11,50,46,4,0.025
1,34,2,4,12,10,69,71,2,0.0125
1,35,3,4,10,10,80,83,1,0.00625
1,36,4,4,11,10,90,88,1,0.00625
1,37,5,4,11,9,79,78,0,0.0
1,38,6,4,10,5,59,62,0,0.0
1,39,7,4,10,7,33,33,1,0.00625
1,40,0,5,15,1,23,18,4,0.025
1,41,1,5,10,3,37,33,7,0.04375
1,42,2,5,7,11,54,54,5,0.03125
1,43,3,5,10,12,65,64,4,0.025
1,44,4,5,9,12,75,76,2,0.0125
1,45,5,5,8,8,70,70,1,0.00625
1,46,6,5,7,7,60,61,0,0.0
1,47,7,5,9,13,44,44,0,0.0
1,48,0,6,11,3,16,16,2,0.0125
1,49,1,6,8,8,32,28,8,0.05
1,50,2,6,8,6,40,36,5,0.03125
1,51,3,6,12,7,49,47,4,0.025
1,52,4,6,7,11,58,56,1,0.00625
1,53,5,6,7,8,62,63,0,0.0
1,54,6,6,8,8,61,61,1,0.00625
1,55,7,6,9,9,54,53,1,0.00625
1,56,0,7,9,2,11,9,4,0.025
1,57,1,7,5,6,17,11,7,0.04375
1,58,2,7,6,9,18,18,6,0.0375
1,59,3,7,6,10,26,24,5,0.03125
1,60,4,7,6,7,29,27,3,0.01875
1,61,5,7,14,9,44,45,1,0.00625
1,62,6,7,12,7,54,52,3,0.01875
1,63,7,7,7,9,51,52,0,0.0
2,0,0,0,7,8,51,51,0,0.0
2,1,1,0,10,11,55,54,2,0.0125
2,2,2,0,10,12,46,48,0,0.0
2,3,3,0,5,14,38,40,2,0.0125
2,4,4,0,5,7,23,27,2,0.0125
2,5,5,0,6,6,18,17,6,0.0375
2,6,6,0,0,6,11,12,7,0.04375
2,7,7,0,5,1,6,6,4,0.025
2,8,0,1,9,9,55,54,1,0.00625
2,9,1,1,14,15,69,69,1,0.00625
2,10,2,1,12,9,67,63,4,0.025
2,11,3,1,9,15,64,65,4,0.025
2,12,4,1,13,16,49,47,8,0.05
2,13,5,1,6,9,29,27,8,0.05
2,14,6,1,4,6,23,20,8,0.05
2,15,7,1,7,4,11,12,4,0.025
2,16,0,2,9,9,46,45,1,0.00625
2,17,1,2,8,9,62,61,0,0.0
2,18,2,2,9,8,72,72,1,0.00625
2,19,3,2,7,13,85,86,0,0.0
2,20,4,2,13,8,71,68,6,0.0375
2,21,5,2,11,6,53,47,7,0.04375
2,22,6,2,13,4,38,35,2,0.0125
2,23,7,2,9,4,17,17,0,0.0
2,24,0,3,13,7,40,40,1,0.00625
2,25,1,3,10,10,59,63,0,0.0
2,26,2,3,12,8,83,85,2,0.0125
2,27,3,3,13,15,99,100,0,0.0
2,28,4,3,8,4,80,80,1,0.00625
2,29,5,3,18,11,69,70,2,0.0125
2,30,6,3,11,12,48,47,1,0.00625
2,31,7,3,9,8,26,24,0,0.0
2,32,0,4,2,9,21,21,0,0.0
2,33,1,4,10,12,38,42,0,0.0
2,34,2,4,7,10,61,63,0,0.0
2,35,3,4,9,7,79,79,1,0.00625
2,36,4,4,12,13,74,75,0,0.0
2,37,5,4,7,12,72,71,2,0.0125
2,38,6,4,14,10,60,60,1,0.00625
2,39,7,4,7,7,29,30,0,0.0
2,40,0,5,6,7,15,17,3,0.01875
2,41,1,5,7,4,25,26,6,0.0375
2,42,2,5,8,12,48,51,1,0.00625
2,43,3,5,9,20,71,72,3,0.01875
2,44,4,5,10,5,71,72,0,0.0
2,45,5,5,5,4,68,69,0,0.0
2,46,6,5,10,6,63,63,0,0.0
2,47,7,5,10,14,47,46,1,0.00625
2,48,0,6,7,3,12,10,4,0.025
2,49,1,6,8,3,21,23,6,0.0375
2,50,2,6,5,8,33,33,5,0.03125
2,51,3,6,12,11,46,47,4,0.025
2,52,4,6,10,12,63,62,3,0.01875
2,53,5,6,7,11,64,63,1,0.00625
2,54,6,6,11,10,66,67,0,0.0
2,55,7,6,10,8,55,57,1,0.00625
2,56,0,7,5,3,7,7,4,0.025
2,57,1,7,2,6,13,12,8,0.05
2,58,2,7,1,10,18,16,8,0.05
2,59,3,7,9,5,22,19,8,0.05
2,60,4,7,13,11,37,36,4,0.025
2,61,5,7,12,9,43,45,0,0.0
2,62,6,7,5,12,55,57,1,0.00625
2,63,7,7,13,12,57,56,1,0.00625
3,0,0,0,11,9,54,53,1,0.00625
3,1,1,0,18,9,56,53,4,0.025
3,2,2,0,16,14,46,41,5,0.03125
3,3,3,0,8,10,30,26,6,0.0375
3,4,4,0,6,5,23,17,8,0.05
3,5,5,0,3,8,18,18,8,0.05
3,6,6,0,4,9,16,16,8,0.05
3,7,7,0,4,6,10,10,4,0.025
3,8,0,1,12,16,57,56,2,0.0125
3,9,1,1,5,5,59,59,0,0.0
3,10,2,1,8,7,66,66,2,0.0125
3,11,3,1,7,7,51,52,2,0.0125
3,12,4,1,10,6,38,39,7,0.04375
3,13,5,1,11,8,32,33,7,0.04375
3,14,6,1,6,7,23,22,9,0.05625
3,15,7,1,1,0,7,7,4,0.025
3,16,0,2,16,12,43,43,0,0.0
3,17,1,2,7,9,66,68,0,0.0
3,18,2,2,9,8,76,75,1,0.00625
3,19,3,2,9,9,72,69,4,0.025
3,20,4,2,13,12,59,61,4,0.025
3,21,5,2,12,9,46,47,7,0.04375
3,22,6,2,7,7,39,35,7,0.04375
3,23,7,2,14,2,22,19,3,0.01875
3,24,0,3,9,6,25,26,0,0.0
3,25,1,3,9,7,53,52,0,0.0
3,26,2,3,7,5,67,69,0,0.0
3,27,3,3,12,10,74,75,0,0.0
3,28,4,3,8,15,73,74,0,0.0
3,29,5,3,7,12,59,61,0,0.0
3,30,6,3,11,11,49,50,0,0.0
3,31,7,3,5,9,21,23,0,0.0
3,32,0,4,9,3,20,19,1,0.00625
3,33,1,4,6,12,41,41,0,0.0
3,34,2,4,13,16,65,62,2,0.0125
3,35,3,4,10,9,74,75,1,0.00625
3,36,4,4,11,10,67,66,0,0.0
3,37,5,4,6,10,67,65,2,0.0125
3,38,6,4,9,8,54,54,0,0.0
3,39,7,4,6,13,35,34,1,0.00625
3,40,0,5,8,5,17,16,4,0.025
3,41,1,5,8,11,33,33,7,0.04375
3,42,2,5,9,8,45,44,3,0.01875
3,43,3,5,11,10,61,64,0,0.0
3,44,4,5,12,6,66,64,3,0.01875
3,45,5,5,8,9,74,75,0,0.0
3,46,6,5,12,4,69,66,2,0.0125
3,47,7,5,11,9,49,49,0,0.0
3,48,0,6,10,1,13,13,4,0.025
3,49,1,6,8,2,24,23,7,0.04375
3,50,2,6,6,8,39,39,5,0.03125
3,51,3,6,9,12,52,52,4,0.025
3,52,4,6,9,9,52,54,1,0.00625
3,53,5,6,3,9,63,64,0,0.0
3,54,6,6,14,12,66,65,2,0.0125
3,55,7,6,7,7,51,51,0,0.0
3,56,0,7,1,2,3,3,4,0.025
3,57,1,7,1,3,5,5,8,0.05
3,58,2,7,7,7,16,16,8,0.05
3,59,3,7,9,9,26,27,7,0.04375
3,60,4,7,11,4,34,34,4,0.025
3,61,5,7,11,9,51,46,5,0.03125
3,62,6,7,7,8,52,53,1,0.00625
3,63,7,7,8,9,53,53,1,0.00625
4,0,0,0,11,13,57,57,0,0.0
4,1,1,0,7,15,60,60,4,0.025
4,2,2,0,8,8,43,46,2,0.0125
4,3,3,0,12,6,30,32,4,0.025
4,4,4,0,10,15,26,27,7,0.04375
4,5,5,0,1,7,11,10,8,0.05
4,6,6,0,1,7,9,9,8,0.05
4,7,7,0,1,2,3,3,4,0.025
4,8,0,1,12,8,55,57,0,0.0
4,9,1,1,8,8,66,68,0,0.0
4,10,2,1,5,5,56,59,1,0.00625
4,11,3,1,10,7,52,53,1,0.00625
4,12,4,1,9,4,44,46,4,0.025
4,13,5,1,11,10,35,35,6,0.0375
4,14,6,1,3,6,17,18,8,0.05
4,15,7,1,2,2,6,6,4,0.025
4,16,0,2,8,11,44,45,0,0.0
4,17,1,2,6,6,59,58,1,0.00625
4,18,2,2,12,14,71,71,1,0.00625
4,19,3,2,8,13,69,70,2,0.0125
4,20,4,2,10,11,62,63,3,0.01875
4,21,5,2,15,10,54,53,7,0.04375
4,22,6,2,4,5,28,27,8,0.05
4,23,7,2,6,5,15,14,4,0.025
4,24,0,3,9,11,33,34,0,0.0
4,25,1,3,5,10,51,50,1,0.00625
4,26,2,3,15,11,71,71,0,0.0
4,27,3,3,12,13,74,75,0,0.0
4,28,4,3,13,12,80,77,3,0.01875
4,29,5,3,8,4,61,60,1,0.00625
4,30,6,3,8,8,51,47,2,0.0125
4,31,7,3,16,6,32,31,0,0.0
4,32,0,4,15,5,30,30,1,0.00625
4,33,1,4,4,11,50,48,1,0.00625
4,34,2,4,11,8,65,66,2,0.0125
4,35,3,4,14,11,79,77,2,0.0125
4,36,4,4,7,8,81,81,1,0.00625
4,37,5,4,6,11,74,75,1,0.00625
4,38,6,4,14,9,61,62,0,0.0
4,39,7,4,9,8,34,35,0,0.0
4,40,0,5,8,3,16,16,4,0.025
4,41,1,5,10,10,35,34,7,0.04375
4,42,2,5,10,13,54,53,4,0.025
4,43,3,5,6,4,59,57,3,0.01875
4,44,4,5,10,7,75,75,2,0.0125
4,45,5,5,10,10,77,76,0,0.0
4,46,6,5,10,7,67,68,1,0.00625
4,47,7,5,13,9,48,47,1,0.00625
4,48,0,6,6,1,11,11,4,0.025
4,49,1,6,4,3,17,16,8,0.05
4,50,2,6,9,3,31,32,4,0.025
4,51,3,6,7,9,45,48,1,0.00625
4,52,4,6,7,14,61,62,1,0.00625
4,53,5,6,7,10,68,67,1,0.00625
4,54,6,6,18,20,71,71,1,0.00625
4,55,7,6,8,10,52,53,0,0.0
4,56,0,7,0,4,4,4,4,0.025
4,57,1,7,4,4,8,8,8,0.05
4,58,2,7,6,9,19,19,7,0.04375
4,59,3,7,6,11,27,27,7,0.04375
4,60,4,7,6,11,34,37,2,0.0125
4,61,5,7,6,13,45,48,2,0.0125
4,62,6,7,11,7,53,52,1,0.00625
4,63,7,7,9,9,54,53,1,0.00625
5,0,0,0,9,8,53,54,0,0.0
5,1,1,0,7,9,52,54,2,0.0125
5,2,2,0,11,7,45,41,4,0.025
5,3,3,0,12,9,37,35,6,0.0375
5,4,4,0,6,8,24,23,8,0.05
5,5,5,0,7,7,16,17,8,0.05
5,6,6,0,3,7,10,10,8,0.05
5,7,7,0,0,0,0,0,4,0.025
5,8,0,1,11,8,56,57,0,0.0
5,9,1,1,11,10,66,65,1,0.00625
5,10,2,1,10,5,62,57,6,0.0375
5,11,3,1,9,11,60,60,2,0.0125
5,12,4,1,15,11,53,49,8,0.05
5,13,5,1,10,4,29,27,9,0.05625
5,14,6,1,4,11,28,27,9,0.05625
5,15,7,1,4,3,7,7,4,0.025
5,16,0,2,7,8,45,43,2,0.0125
5,17,1,2,6,5,58,57,1,0.00625
5,18,2,2,11,11,69,69,1,0.00625
5,19,3,2,15,13,82,80,4,0.025
5,20,4,2,5,13,68,65,5,0.03125
5,21,5,2,12,10,48,50,5,0.03125
5,22,6,2,9,10,44,44,8,0.05
5,23,7,2,6,7,16,16,4,0.025
5,24,0,3,8,11,37,37,0,0.0
5,25,1,3,11,11,60,62,0,0.0
5,26,2,3,13,11,80,79,1,0.00625
5,27,3,3,7,8,87,85,2,0.0125
5,28,4,3,12,7,82,83,2,0.0125
5,29,5,3,15,9,64,61,4,0.025
5,30,6,3,11,9,56,59,1,0.00625
5,31,7,3,7,12,29,30,0,0.0
5,32,0,4,6,9,24,24,1,0.00625
5,33,1,4,11,9,47,47,1,0.00625
5,34,2,4,14,7,65,67,0,0.0
5,35,3,4,5,11,82,83,2,0.0125
5,36,4,4,9,9,76,76,2,0.0125
5,37,5,4,7,15,74,75,1,0.00625
5,38,6,4,11,6,63,63,0,0.0
5,39,7,4,10,8,38,38,0,0.0
5,40,0,5,7,4,17,17,4,0.025
5,41,1,5,3,12,30,31,7,0.04375
5,42,2,5,12,16,51,47,8,0.05
5,43,3,5,13,14,64,60,6,0.0375
5,44,4,5,16,7,72,73,1,0.00625
5,45,5,5,7,6,73,74,0,0.0
5,46,6,5,11,2,67,67,1,0.00625
5,47,7,5,10,6,44,45,0,0.0
5,48,0,6,10,2,15,16,3,0.01875
5,49,1,6,10,5,28,28,7,0.04375
5,50,2,6,11,8,42,42,5,0.03125
5,51,3,6,9,10,59,56,4,0.025
5,52,4,6,6,11,65,61,3,0.01875
5,53,5,6,4,13,71,68,2,0.0125
5,54,6,6,19,18,72,72,2,0.0125
5,55,7,6,10,10,54,54,0,0.0
5,56,0,7,3,4,7,7,4,0.025
5,57,1,7,4,1,9,9,8,0.05
5,58,2,7,2,4,13,13,8,0.05
5,59,3,7,12,8,29,30,6,0.0375
5,60,4,7,10,8,39,35,5,0.03125
5,61,5,7,9,13,48,46,3,0.01875
5,62,6,7,10,9,53,53,2,0.0125
5,63,7,7,12,12,57,57,1,0.00625
6,0,0,0,10,11,95,93,1,0.00625
6,1,1,0,10,11,93,95,1,0.00625
6,2,2,0,11,11,82,86,1,0.00625
6,3,3,0,12,11,74,73,7,0.04375
6,4,4,0,10,12,62,64,6,0.0375
6,5,5,0,13,17,56,57,7,0.04375
6,6,6,0,13,18,42,45,5,0.03125
6,7,7,0,8,15,23,27,0,0.0
6,8,0,1,11,10,93,93,0,0.0
6,9,1,1,8,9,100,100,1,0.00625
6,10,2,1,11,12,101,103,2,0.0125
6,11,3,1,13,15,96,93,5,0.03125
6,12,4,1,11,6,71,76,4,0.025
6,13,5,1,12,15,73,75,7,0.04375
6,14,6,1,11,12,56,59,6,0.0375
6,15,7,1,14,13,43,45,2,0.0125
6,16,0,2,9,12,84,84,1,0.00625
6,17,1,2,14,15,106,105,1,0.00625
6,18,2,2,9,9,99,100,0,0.0
6,19,3,2,14,11,105,104,5,0.03125
6,20,4,2,13,7,80,81,5,0.03125
6,21,5,2,7,19,87,91,1,0.00625
6,22,6,2,13,13,67,73,1,0.00625
6,23,7,2,9,10,48,52,0,0.0
6,24,0,3,10,12,71,70,1,0.00625
6,25,1,3,19,9,94,94,0,0.0
6,26,2,3,11,13,105,106,0,0.0
6,27,3,3,7,7,85,87,0,0.0
6,28,4,3,9,11,78,79,0,0.0
6,29,5,3,6,15,94,97,0,0.0
6,30,6,3,11,9,74,74,0,0.0
6,31,7,3,12,12,62,62,0,0.0
6,32,0,4,13,14,62,63,0,0.0
6,33,1,4,8,16,78,78,1,0.00625
6,34,2,4,7,12,80,79,1,0.00625
6,35,3,4,13,11,81,79,2,0.0125
6,36,4,4,8,8,75,75,1,0.00625
6,37,5,4,11,8,100,101,1,0.00625
6,38,6,4,9,9,82,79,2,0.0125
6,39,7,4,13,11,75,74,1,0.00625
6,40,0,5,5,13,40,44,0,0.0
6,41,1,5,10,13,60,67,0,0.0
6,42,2,5,13,9,82,90,0,0.0
6,43,3,5,10,9,89,95,1,0.00625
6,44,4,5,8,11,102,103,0,0.0
6,45,5,5,9,9,102,101,1,0.00625
6,46,6,5,12,10,91,92,1,0.00625
6,47,7,5,10,11,81,82,0,0.0
6,48,0,6,4,11,27,30,0,0.0
6,49,1,6,15,13,51,56,2,0.0125
6,50,2,6,9,15,71,70,6,0.0375
6,51,3,6,14,11,74,71,5,0.03125
6,52,4,6,12,11,82,84,3,0.01875
6,53,5,6,9,12,91,93,1,0.00625
6,54,6,6,8,10,88,89,1,0.00625
6,55,7,6,11,12,95,93,1,0.00625
6,56,0,7,12,11,23,26,0,0.0
6,57,1,7,10,16,40,44,4,0.025
6,58,2,7,12,18,58,59,7,0.04375
6,59,3,7,8,12,61,59,8,0.05
6,60,4,7,10,13,71,72,5,0.03125
6,61,5,7,13,8,83,82,4,0.025
6,62,6,7,12,11,92,93,0,0.0
6,63,7,7,7,6,89,90,1,0.00625
7,0,0,0,8,8,53,53,1,0.00625
7,1,1,0,12,10,56,55,2,0.0125
7,2,2,0,7,11,46,43,4,0.025
7,3,3,0,10,9,35,35,7,0.04375
7,4,4,0,10,12,26,27,5,0.03125
7,5,5,0,3,7,13,14,6,0.0375
7,6,6,0,1,2,8,5,8,0.05
7,7,7,0,8,4,12,8,4,0.025
7,8,0,1,8,12,53,53,0,0.0
7,9,1,1,12,11,66,67,0,0.0
7,10,2,1,14,16,70,71,2,0.0125
7,11,3,1,10,11,49,49,4,0.025
7,12,4,1,5,10,42,42,4,0.025
7,13,5,1,5,7,28,31,4,0.025
7,14,6,1,3,7,19,18,7,0.04375
7,15,7,1,8,3,14,15,1,0.00625
7,16,0,2,11,7,43,44,0,0.0
7,17,1,2,14,13,70,70,2,0.0125
7,18,2,2,11,10,74,74,0,0.0
7,19,3,2,3,12,67,72,1,0.00625
7,20,4,2,4,15,62,67,0,0.0
7,21,5,2,9,6,44,44,1,0.00625
7,22,6,2,6,1,23,24,1,0.00625
7,23,7,2,9,3,18,17,0,0.0
7,24,0,3,10,12,35,35,1,0.00625
7,25,1,3,10,10,49,48,0,0.0
7,26,2,3,11,9,71,72,0,0.0
7,27,3,3,10,9,81,80,1,0.00625
7,28,4,3,11,9,82,84,0,0.0
7,29,5,3,10,8,55,55,0,0.0
7,30,6,3,11,6,33,33,1,0.00625
7,31,7,3,7,4,20,20,0,0.0
7,32,0,4,12,2,25,25,0,0.0
7,33,1,4,9,6,42,43,0,0.0
7,34,2,4,17,6,73,69,5,0.03125
7,35,3,4,8,8,84,84,2,0.0125
7,36,4,4,10,10,86,87,0,0.0
7,37,5,4,13,6,68,67,1,0.00625
7,38,6,4,9,14,47,49,1,0.00625
7,39,7,4,9,10,31,31,0,0.0
7,40,0,5,8,4,17,17,0,0.0
7,41,1,5,10,9,32,32,0,0.0
7,42,2,5,5,11,49,48,0,0.0
7,43,3,5,10,11,62,61,1,0.00625
7,44,4,5,5,13,67,67,1,0.00625
7,45,5,5,9,9,61,58,2,0.0125
7,46,6,5,6,15,59,58,0,0.0
7,47,7,5,8,11,43,43,0,0.0
7,48,0,6,10,4,16,12,4,0.025
7,49,1,6,4,5,18,13,8,0.05
7,50,2,6,7,9,29,26,9,0.05625
7,51,3,6,7,9,38,37,6,0.0375
7,52,4,6,14,9,48,47,4,0.025
7,53,5,6,18,7,61,59,4,0.025
7,54,6,6,15,14,70,70,1,0.00625
7,55,7,6,10,9,54,54,1,0.00625
7,56,0,7,4,2,6,3,4,0.025
7,57,1,7,3,3,8,3,8,0.05
7,58,2,7,3,4,11,8,9,0.05625
7,59,3,7,11,10,25,26,7,0.04375
7,60,4,7,7,8,30,31,3,0.01875
7,61,5,7,11,9,41,42,4,0.025
7,62,6,7,10,10,57,56,2,0.0125
7,63,7,7,18,18,63,62,1,0.00625
8,0,0,0,15,15,59,60,0,0.0
8,1,1,0,17,11,54,54,2,0.0125
8,2,2,0,10,9,36,36,4,0.025
8,3,3,0,8,9,27,27,7,0.04375
8,4,4,0,4,12,25,23,7,0.04375
8,5,5,0,4,7,16,14,8,0.05
8,6,6,0,2,0,3,3,8,0.05
8,7,7,0,1,0,1,1,4,0.025
8,8,0,1,11,17,56,55,1,0.00625
8,9,1,1,11,12,66,66,0,0.0
8,10,2,1,8,9,64,62,4,0.025
8,11,3,1,9,10,53,56,2,0.0125
8,12,4,1,9,9,46,47,2,0.0125
8,13,5,1,11,8,36,34,6,0.0375
8,14,6,1,5,1,10,9,8,0.05
8,15,7,1,6,0,6,3,4,0.025
8,16,0,2,12,8,39,39,0,0.0
8,17,1,2,9,8,64,65,1,0.00625
8,18,2,2,10,11,74,74,0,0.0
8,19,3,2,8,6,66,66,0,0.0
8,20,4,2,11,11,72,67,4,0.025
8,21,5,2,9,5,52,52,2,0.0125
8,22,6,2,9,8,29,30,0,0.0
8,23,7,2,10,2,12,13,0,0.0
8,24,0,3,5,8,26,26,1,0.00625
8,25,1,3,7,10,52,52,1,0.00625
8,26,2,3,5,8,65,64,1,0.00625
8,27,3,3,10,11,66,67,0,0.0
8,28,4,3,10,8,75,73,1,0.00625
8,29,5,3,5,11,58,58,0,0.0
8,30,6,3,8,14,39,39,0,0.0
8,31,7,3,11,11,23,23,0,0.0
8,32,0,4,10,9,22,22,0,0.0
8,33,1,4,10,8,46,47,0,0.0
8,34,2,4,9,8,62,65,2,0.0125
8,35,3,4,8,12,72,75,1,0.00625
8,36,4,4,12,12,85,83,2,0.0125
8,37,5,4,15,11,74,75,0,0.0
8,38,6,4,6,10,50,48,2,0.0125
8,39,7,4,13,10,37,37,0,0.0
8,40,0,5,11,1,16,15,0,0.0
8,41,1,5,10,5,41,35,5,0.03125
8,42,2,5,10,6,54,51,4,0.025
8,43,3,5,9,4,58,57,3,0.01875
8,44,4,5,11,15,77,75,2,0.0125
8,45,5,5,13,14,76,79,0,0.0
8,46,6,5,8,12,63,64,0,0.0
8,47,7,5,12,13,50,49,1,0.00625
8,48,0,6,1,2,2,3,3,0.01875
8,49,1,6,2,0,13,14,7,0.04375
8,50,2,6,6,10,29,30,7,0.04375
8,51,3,6,11,8,39,42,5,0.03125
8,52,4,6,9,4,48,48,3,0.01875
8,53,5,6,9,6,60,62,1,0.00625
8,54,6,6,10,10,61,60,1,0.00625
8,55,7,6,6,7,51,52,0,0.0
8,56,0,7,1,0,1,1,4,0.025
8,57,1,7,2,10,13,14,7,0.04375
8,58,2,7,4,12,17,20,7,0.04375
8,59,3,7,6,10,24,24,7,0.04375
8,60,4,7,13,12,39,38,5,0.03125
8,61,5,7,10,11,47,49,1,0.00625
8,62,6,7,7,8,52,51,2,0.0125
8,63,7,7,9,10,53,55,0,0.0
9,0,0,0,13,13,57,58,0,0.0
9,1,1,0,8,9,52,53,1,0.00625
9,2,2,0,10,11,45,47,2,0.0125
9,3,3,0,6,5,23,29,1,0.00625
9,4,4,0,9,8,20,20,6,0.0375
9,5,5,0,3,7,9,9,8,0.05
9,6,6,0,0,3,3,3,8,0.05
9,7,7,0,0,1,1,1,4,0.025
9,8,0,1,8,10,53,52,1,0.00625
9,9,1,1,14,13,67,66,1,0.00625
9,10,2,1,13,10,63,66,1,0.00625
9,11,3,1,12,11,50,48,3,0.01875
9,12,4,1,8,9,42,39,5,0.03125
9,13,5,1,7,11,32,30,8,0.05
9,14,6,1,8,6,18,18,8,0.05
9,15,7,1,1,3,5,5,4,0.025
9,16,0,2,9,13,42,43,0,0.0
9,17,1,2,9,13,60,62,0,0.0
9,18,2,2,8,8,71,71,1,0.00625
9,19,3,2,9,8,74,72,3,0.01875
9,20,4,2,10,14,67,71,1,0.00625
9,21,5,2,4,8,50,48,3,0.01875
9,22,6,2,12,6,40,37,3,0.01875
9,23,7,2,10,5,19,19,0,0.0
9,24,0,3,8,9,30,30,1,0.00625
9,25,1,3,12,10,51,49,1,0.00625
9,26,2,3,9,7,71,71,0,0.0
9,27,3,3,10,10,80,78,1,0.00625
9,28,4,3,19,7,86,83,4,0.025
9,29,5,3,8,5,60,55,6,0.0375
9,30,6,3,6,13,53,53,1,0.00625
9,31,7,3,15,3,28,28,0,0.0
9,32,0,4,8,6,20,20,0,0.0
9,33,1,4,8,6,37,37,0,0.0
9,34,2,4,13,12,67,66,1,0.00625
9,35,3,4,7,18,80,81,0,0.0
9,36,4,4,13,12,78,81,0,0.0
9,37,5,4,6,15,72,71,1,0.00625
9,38,6,4,9,8,58,60,0,0.0
9,39,7,4,8,10,30,31,0,0.0
9,40,0,5,11,4,18,17,2,0.0125
9,41,1,5,12,10,38,35,7,0.04375
9,42,2,5,10,7,51,49,6,0.0375
9,43,3,5,4,5,52,52,2,0.0125
9,44,4,5,17,7,73,72,3,0.01875
9,45,5,5,10,9,73,73,0,0.0
9,46,6,5,10,6,63,64,0,0.0
9,47,7,5,9,15,44,44,0,0.0
9,48,0,6,4,0,9,8,4,0.025
9,49,1,6,5,6,18,18,7,0.04375
9,50,2,6,8,7,33,33,8,0.05
9,51,3,6,10,8,47,51,0,0.0
9,52,4,6,5,11,58,60,1,0.00625
9,53,5,6,5,9,63,64,0,0.0
9,54,6,6,16,16,68,67,1,0.00625
9,55,7,6,6,9,50,51,0,0.0
9,56,0,7,1,4,5,5,4,0.025
9,57,1,7,2,4,6,6,8,0.05
9,58,2,7,2,10,14,13,8,0.05
9,59,3,7,8,13,25,24,7,0.04375
9,60,4,7,8,12,31,32,3,0.01875
9,61,5,7,14,10,45,45,2,0.0125
9,62,6,7,9,6,50,51,1,0.00625
9,63,7,7,12,12,57,56,1,0.00625
10,0,0,0,17,15,61,60,0,0.0
10,1,1,0,11,5,50,49,1,0.00625
10,2,2,0,11,13,47,47,3,0.01875
10,3,3,0,10,10,38,33,6,0.0375
10,4,4,0,9,10,29,27,9,0.05625
10,5,5,0,4,8,16,17,7,0.04375
10,6,6,0,3,5,9,10,7,0.04375
10,7,7,0,2,0,2,2,4,0.025
10,8,0,1,6,10,50,50,1,0.00625
10,9,1,1,17,17,66,65,1,0.00625
10,10,2,1,9,6,63,64,1,0.00625
10,11,3,1,8,6,46,48,2,0.0125
10,12,4,1,7,8,37,42,0,0.0
10,13,5,1,8,5,25,25,8,0.05
10,14,6,1,1,4,13,13,8,0.05
10,15,7,1,3,3,6,6,4,0.025
10,16,0,2,11,9,46,46,0,0.0
10,17,1,2,6,11,63,63,0,0.0
10,18,2,2,9,8,73,72,1,0.00625
10,19,3,2,11,8,66,65,2,0.0125
10,20,4,2,10,7,60,56,4,0.025
10,21,5,2,9,9,49,47,6,0.0375
10,22,6,2,11,18,49,44,7,0.04375
10,23,7,2,14,1,18,16,2,0.0125
10,24,0,3,8,9,34,34,1,0.00625
10,25,1,3,5,11,48,49,1,0.00625
10,26,2,3,11,12,67,67,1,0.00625
10,27,3,3,14,14,80,81,0,0.0
10,28,4,3,11,7,73,77,1,0.00625
10,29,5,3,13,5,58,58,5,0.03125
10,30,6,3,9,6,53,52,2,0.0125
10,31,7,3,13,13,31,29,0,0.0
10,32,0,4,14,10,30,30,0,0.0
10,33,1,4,9,10,44,43,1,0.00625
10,34,2,4,8,10,61,61,2,0.0125
10,35,3,4,6,13,78,76,1,0.00625
10,36,4,4,7,8,63,61,1,0.00625
10,37,5,4,4,18,69,68,2,0.0125
10,38,6,4,11,8,61,61,0,0.0
10,39,7,4,11,12,41,40,0,0.0
10,40,0,5,4,4,11,13,0,0.0
10,41,1,5,5,4,23,24,7,0.04375
10,42,2,5,8,4,43,44,5,0.03125
10,43,3,5,8,12,61,58,6,0.0375
10,44,4,5,19,4,69,70,3,0.01875
10,45,5,5,12,12,74,74,1,0.00625
10,46,6,5,7,6,63,62,0,0.0
10,47,7,5,12,5,47,47,1,0.00625
10,48,0,6,5,2,7,7,4,0.025
10,49,1,6,5,8,18,17,8,0.05
10,50,2,6,15,11,44,44,8,0.05
10,51,3,6,11,7,52,46,7,0.04375
10,52,4,6,10,8,60,58,4,0.025
10,53,5,6,9,8,66,64,3,0.01875
10,54,6,6,16,14,67,68,1,0.00625
10,55,7,6,9,9,54,53,1,0.00625
10,56,0,7,2,0,2,2,4,0.025
10,57,1,7,3,0,4,5,7,0.04375
10,58,2,7,4,8,17,17,7,0.04375
10,59,3,7,7,10,26,27,7,0.04375
10,60,4,7,12,9,39,39,3,0.01875
10,61,5,7,7,13,49,49,2,0.0125
10,62,6,7,7,8,51,53,0,0.0
10,63,7,7,7,7,51,51,0,0.0
11,0,0,0,13,15,57,58,0,0.0
11,1,1,0,5,5,52,50,3,0.01875
11,2,2,0,11,7,48,49,2,0.0125
11,3,3,0,7,9,37,38,5,0.03125
11,4,4,0,10,13,32,34,7,0.04375
11,5,5,0,4,6,19,18,8,0.05
11,6,6,0,3,4,12,11,8,0.05
11,7,7,0,4,2,6,6,4,0.025
11,8,0,1,5,4,51,51,1,0.00625
11,9,1,1,14,13,65,65,1,0.00625
11,10,2,1,8,7,61,59,3,0.01875
11,11,3,1,14,9,56,55,2,0.0125
11,12,4,1,11,9,52,47,6,0.0375
11,13,5,1,8,12,39,38,8,0.05
11,14,6,1,3,3,18,18,8,0.05
11,15,7,1,8,3,14,14,4,0.025
11,16,0,2,8,13,48,48,0,0.0
11,17,1,2,7,7,60,60,0,0.0
11,18,2,2,6,6,67,67,1,0.00625
11,19,3,2,15,10,70,73,1,0.00625
11,20,4,2,17,11,64,62,6,0.0375
11,21,5,2,11,10,48,46,7,0.04375
11,22,6,2,3,5,20,20,8,0.05
11,23,7,2,7,5,17,16,3,0.01875
11,24,0,3,8,7,35,36,0,0.0
11,25,1,3,8,14,54,54,1,0.00625
11,26,2,3,6,15,69,70,0,0.0
11,27,3,3,8,8,77,77,0,0.0
11,28,4,3,8,7,82,81,1,0.00625
11,29,5,3,10,5,64,69,1,0.00625
11,30,6,3,10,9,38,39,1,0.00625
11,31,7,3,6,4,20,22,0,0.0
11,32,0,4,12,11,33,33,0,0.0
11,33,1,4,11,7,45,46,0,0.0
11,34,2,4,10,11,62,62,2,0.0125
11,35,3,4,9,8,84,82,3,0.01875
11,36,4,4,9,9,77,79,0,0.0
11,37,5,4,9,9,73,74,1,0.00625
11,38,6,4,8,11,49,49,0,0.0
11,39,7,4,8,6,28,29,0,0.0
11,40,0,5,7,5,17,17,0,0.0
11,41,1,5,13,12,37,40,5,0.03125
11,42,2,5,9,9,49,50,4,0.025
11,43,3,5,3,13,68,72,2,0.0125
11,44,4,5,8,9,72,70,4,0.025
11,45,5,5,8,9,73,74,0,0.0
11,46,6,5,6,11,64,64,1,0.00625
11,47,7,5,12,12,46,45,1,0.00625
11,48,0,6,4,4,9,9,4,0.025
11,49,1,6,5,1,15,16,7,0.04375
11,50,2,6,3,4,22,23,7,0.04375
11,51,3,6,7,11,43,45,5,0.03125
11,52,4,6,12,12,51,52,2,0.0125
11,53,5,6,9,8,63,65,1,0.00625
11,54,6,6,11,13,64,64,1,0.00625
11,55,7,6,8,12,52,50,1,0.00625
11,56,0,7,2,1,3,3,4,0.025
11,57,1,7,0,4,8,7,8,0.05
11,58,2,7,4,7,13,13,7,0.04375
11,59,3,7,10,12,27,27,7,0.04375
11,60,4,7,7,9,31,31,4,0.025
11,61,5,7,10,12,45,44,1,0.00625
11,62,6,7,14,7,52,51,1,0.00625
11,63,7,7,12,12,57,57,1,0.00625
12,0,0,0,8,7,91,89,0,0.0
12,1,1,0,13,10,90,93,0,0.0
12,2,2,0,6,12,79,77,3,0.01875
12,3,3,0,10,5,68,67,6,0.0375
12,4,4,0,10,12,65,64,7,0.04375
12,5,5,0,11,10,51,52,7,0.04375
12,6,6,0,8,14,39,44,3,0.01875
12,7,7,0,13,15,29,32,1,0.00625
12,8,0,1,10,15,90,92,0,0.0
12,9,1,1,12,11,97,97,2,0.0125
12,10,2,1,9,7,93,93,3,0.01875
12,11,3,1,9,14,89,88,4,0.025
12,12,4,1,12,9,76,78,4,0.025
12,13,5,1,7,14,66,68,5,0.03125
12,14,6,1,12,13,58,62,4,0.025
12,15,7,1,16,10,40,44,0,0.0
12,16,0,2,14,8,83,83,0,0.0
12,17,1,2,8,8,96,93,2,0.0125
12,18,2,2,10,11,99,100,0,0.0
12,19,3,2,7,2,96,95,2,0.0125
12,20,4,2,12,13,94,99,1,0.00625
12,21,5,2,8,11,72,79,0,0.0
12,22,6,2,12,11,62,69,1,0.00625
12,23,7,2,11,14,51,54,0,0.0
12,24,0,3,7,5,65,65,0,0.0
12,25,1,3,17,8,89,89,1,0.00625
12,26,2,3,5,7,99,98,0,0.0
12,27,3,3,11,7,77,75,0,0.0
12,28,4,3,9,11,88,86,2,0.0125
12,29,5,3,13,8,76,74,3,0.01875
12,30,6,3,12,11,70,71,0,0.0
12,31,7,3,10,16,67,67,0,0.0
12,32,0,4,12,13,68,66,1,0.00625
12,33,1,4,8,14,80,78,2,0.0125
12,34,2,4,12,16,96,97,1,0.00625
12,35,3,4,10,8,84,85,2,0.0125
12,36,4,4,10,9,85,83,0,0.0
12,37,5,4,14,12,84,84,1,0.00625
12,38,6,4,9,14,82,82,0,0.0
12,39,7,4,13,11,80,79,0,0.0
12,40,0,5,10,12,51,51,0,0.0
12,41,1,5,10,9,63,66,2,0.0125
12,42,2,5,8,14,78,77,5,0.03125
12,43,3,5,10,12,73,71,3,0.01875
12,44,4,5,12,12,83,85,2,0.0125
12,45,5,5,13,11,91,90,0,0.0
12,46,6,5,15,11,100,100,1,0.00625
12,47,7,5,12,5,84,85,0,0.0
12,48,0,6,8,11,38,42,0,0.0
12,49,1,6,11,12,57,64,0,0.0
12,50,2,6,9,11,71,73,5,0.03125
12,51,3,6,9,11,70,68,5,0.03125
12,52,4,6,14,8,84,81,4,0.025
12,53,5,6,10,13,97,97,1,0.00625
12,54,6,6,12,13,97,99,0,0.0
12,55,7,6,15,8,94,95,2,0.0125
12,56,0,7,15,19,34,37,1,0.00625
12,57,1,7,12,24,53,56,5,0.03125
12,58,2,7,12,19,65,65,8,0.05
12,59,3,7,11,8,64,64,7,0.04375
12,60,4,7,12,11,79,79,4,0.025
12,61,5,7,4,12,83,84,1,0.00625
12,62,6,7,7,14,94,94,1,0.00625
12,63,7,7,11,10,92,90,1,0.00625
13,0,0,0,15,14,59,60,1,0.00625
13,1,1,0,13,11,56,56,1,0.00625
13,2,2,0,13,14,47,46,4,0.025
13,3,3,0,12,13,36,34,8,0.05
13,4,4,0,7,10,22,22,8,0.05
13,5,5,0,1,11,16,15,8,0.05
13,6,6,0,6,3,15,10,8,0.05
13,7,7,0,6,6,10,10,1,0.00625
13,8,0,1,13,12,58,57,1,0.00625
13,9,1,1,11,14,69,69,1,0.00625
13,10,2,1,9,12,68,69,2,0.0125
13,11,3,1,12,9,55,54,5,0.03125
13,12,4,1,9,14,44,44,4,0.025
13,13,5,1,10,8,30,29,8,0.05
13,14,6,1,3,7,20,16,8,0.05
13,15,7,1,7,4,17,13,4,0.025
13,16,0,2,14,8,45,43,0,0.0
13,17,1,2,11,11,69,69,1,0.00625
13,18,2,2,6,6,75,75,0,0.0
13,19,3,2,6,6,71,71,1,0.00625
13,20,4,2,6,12,75,73,3,0.01875
13,21,5,2,11,7,64,60,5,0.03125
13,22,6,2,11,5,46,46,0,0.0
13,23,7,2,14,3,26,26,0,0.0
13,24,0,3,15,12,40,38,1,0.00625
13,25,1,3,9,11,56,57,0,0.0
13,26,2,3,4,4,71,70,1,0.00625
13,27,3,3,16,20,85,86,0,0.0
13,28,4,3,5,9,82,85,1,0.00625
13,29,5,3,19,10,75,70,6,0.0375
13,30,6,3,12,7,52,45,7,0.04375
13,31,7,3,15,6,32,31,1,0.00625
13,32,0,4,7,3,19,21,0,0.0
13,33,1,4,11,10,44,45,0,0.0
13,34,2,4,12,9,74,76,0,0.0
13,35,3,4,11,6,87,85,4,0.025
13,36,4,4,10,11,86,87,1,0.00625
13,37,5,4,9,9,75,75,1,0.00625
13,38,6,4,6,8,54,53,1,0.00625
13,39,7,4,14,9,41,40,1,0.00625
13,40,0,5,5,3,14,14,0,0.0
13,41,1,5,9,4,29,30,0,0.0
13,42,2,5,11,6,57,58,3,0.01875
13,43,3,5,9,15,72,73,3,0.01875
13,44,4,5,6,10,75,75,2,0.0125
13,45,5,5,15,15,75,74,2,0.0125
13,46,6,5,7,10,57,57,0,0.0
13,47,7,5,7,9,42,42,1,0.00625
13,48,0,6,7,3,13,13,0,0.0
13,49,1,6,4,5,21,17,4,0.025
13,50,2,6,8,14,41,38,8,0.05
13,51,3,6,10,11,43,46,4,0.025
13,52,4,6,8,7,50,55,1,0.00625
13,53,5,6,10,8,60,59,2,0.0125
13,54,6,6,10,10,69,68,1,0.00625
13,55,7,6,11,9,56,57,0,0.0
13,56,0,7,4,3,6,4,3,0.01875
13,57,1,7,6,4,10,8,7,0.04375
13,58,2,7,7,12,22,22,8,0.05
13,59,3,7,6,11,27,29,5,0.03125
13,60,4,7,10,12,41,38,7,0.04375
13,61,5,7,11,7,44,42,3,0.01875
13,62,6,7,12,13,61,57,4,0.025
13,63,7,7,5,5,48,50,0,0.0
14,0,0,0,7,9,52,52,0,0.0
14,1,1,0,9,12,58,56,3,0.01875
14,2,2,0,6,9,44,46,3,0.01875
14,3,3,0,7,7,30,35,3,0.01875
14,4,4,0,9,8,23,24,6,0.0375
14,5,5,0,4,4,11,11,8,0.05
14,6,6,0,2,8,10,10,8,0.05
14,7,7,0,3,0,4,1,4,0.025
14,8,0,1,10,8,55,54,1,0.00625
14,9,1,1,8,8,62,63,0,0.0
14,10,2,1,10,11,67,65,3,0.01875
14,11,3,1,7,8,48,51,1,0.00625
14,12,4,1,14,9,47,45,6,0.0375
14,13,5,1,7,9,30,31,7,0.04375
14,14,6,1,4,3,19,19,8,0.05
14,15,7,1,6,3,9,9,4,0.025
14,16,0,2,10,10,47,49,0,0.0
14,17,1,2,10,9,65,66,0,0.0
14,18,2,2,13,13,79,79,1,0.00625
14,19,3,2,7,14,74,73,3,0.01875
14,20,4,2,14,12,68,67,5,0.03125
14,21,5,2,11,10,48,48,4,0.025
14,22,6,2,8,9,33,31,3,0.01875
14,23,7,2,7,5,15,15,0,0.0
14,24,0,3,5,13,32,32,1,0.00625
14,25,1,3,9,10,50,50,1,0.00625
14,26,2,3,15,7,74,75,0,0.0
14,27,3,3,11,11,85,86,0,0.0
14,28,4,3,13,9,87,84,4,0.025
14,29,5,3,10,11,67,70,4,0.025
14,30,6,3,7,10,44,49,1,0.00625
14,31,7,3,7,5,19,19,1,0.00625
14,32,0,4,7,8,18,18,0,0.0
14,33,1,4,11,9,41,42,0,0.0
14,34,2,4,13,11,68,68,0,0.0
14,35,3,4,7,11,82,84,1,0.00625
14,36,4,4,9,8,75,75,1,0.00625
14,37,5,4,6,8,73,74,1,0.00625
14,38,6,4,11,7,57,58,0,0.0
14,39,7,4,11,9,33,34,1,0.00625
14,40,0,5,10,1,14,14,0,0.0
14,41,1,5,10,10,33,30,4,0.025
14,42,2,5,11,16,56,52,8,0.05
14,43,3,5,13,14,70,69,4,0.025
14,44,4,5,10,7,73,74,1,0.00625
14,45,5,5,7,9,68,69,0,0.0
14,46,6,5,9,9,62,62,1,0.00625
14,47,7,5,7,12,40,41,0,0.0
14,48,0,6,9,1,12,8,4,0.025
14,49,1,6,7,1,16,13,7,0.04375
14,50,2,6,11,7,32,34,6,0.0375
14,51,3,6,7,8,48,47,5,0.03125
14,52,4,6,10,9,63,58,6,0.0375
14,53,5,6,13,10,63,62,2,0.0125
14,54,6,6,5,5,56,55,1,0.00625
14,55,7,6,7,11,51,51,1,0.00625
14,56,0,7,1,1,4,3,4,0.025
14,57,1,7,1,3,6,5,8,0.05
14,58,2,7,2,7,11,12,7,0.04375
14,59,3,7,7,12,25,22,7,0.04375
14,60,4,7,8,15,32,33,6,0.0375
14,61,5,7,16,8,43,42,4,0.025
14,62,6,7,9,7,49,51,2,0.0125
14,63,7,7,13,14,58,59,0,0.0
15,0,0,0,8,7,51,52,0,0.0
15,1,1,0,8,9,54,52,4,0.025
15,2,2,0,11,11,48,48,3,0.01875
15,3,3,0,13,6,36,32,7,0.04375
15,4,4,0,8,6,24,24,7,0.04375
15,5,5,0,4,5,12,12,8,0.05
15,6,6,0,1,2,4,4,8,0.05
15,7,7,0,2,1,3,3,4,0.025
15,8,0,1,8,7,53,53,1,0.00625
15,9,1,1,16,14,67,67,0,0.0
15,10,2,1,13,11,66,67,1,0.00625
15,11,3,1,5,12,51,48,3,0.01875
15,12,4,1,12,11,42,44,4,0.025
15,13,5,1,8,4,19,18,8,0.05
15,14,6,1,1,4,8,8,8,0.05
15,15,7,1,1,1,3,3,4,0.025
15,16,0,2,10,11,46,46,0,0.0
15,17,1,2,12,13,66,68,0,0.0
15,18,2,2,11,9,78,78,1,0.00625
15,19,3,2,9,15,76,78,0,0.0
15,20,4,2,10,12,64,65,3,0.01875
15,21,5,2,7,11,43,43,5,0.03125
15,22,6,2,7,8,30,30,3,0.01875
15,23,7,2,11,2,15,14,0,0.0
15,24,0,3,6,11,33,34,0,0.0
15,25,1,3,11,6,49,50,0,0.0
15,26,2,3,13,11,77,77,1,0.00625
15,27,3,3,8,7,79,79,1,0.00625
15,28,4,3,13,7,75,77,1,0.00625
15,29,5,3,9,12,58,59,3,0.01875
15,30,6,3,12,8,39,41,0,0.0
15,31,7,3,8,6,19,19,1,0.00625
15,32,0,4,11,10,28,27,1,0.00625
15,33,1,4,10,14,45,43,2,0.0125
15,34,2,4,11,13,63,62,1,0.00625
15,35,3,4,6,13,75,78,0,0.0
15,36,4,4,9,9,71,70,1,0.00625
15,37,5,4,15,14,72,71,1,0.00625
15,38,6,4,7,10,44,45,0,0.0
15,39,7,4,5,7,22,23,0,0.0
15,40,0,5,9,3,16,12,4,0.025
15,41,1,5,7,5,25,20,9,0.05625
15,42,2,5,12,5,41,41,7,0.04375
15,43,3,5,9,8,57,57,3,0.01875
15,44,4,5,15,12,73,71,4,0.025
15,45,5,5,12,12,67,66,1,0.00625
15,46,6,5,7,14,54,54,0,0.0
15,47,7,5,4,17,37,36,1,0.00625
15,48,0,6,2,2,6,6,4,0.025
15,49,1,6,6,3,15,14,8,0.05
15,50,2,6,5,7,28,25,8,0.05
15,51,3,6,11,12,42,41,5,0.03125
15,52,4,6,9,8,43,44,4,0.025
15,53,5,6,11,5,52,53,2,0.0125
15,54,6,6,7,6,57,58,0,0.0
15,55,7,6,7,11,53,51,2,0.0125
15,56,0,7,2,3,4,4,4,0.025
15,57,1,7,1,4,7,7,8,0.05
15,58,2,7,1,7,11,10,8,0.05
15,59,3,7,6,8,17,17,8,0.05
15,60,4,7,11,5,25,23,7,0.04375
15,61,5,7,13,2,33,37,1,0.00625
15,62,6,7,10,7,51,52,2,0.0125
15,63,7,7,13,11,57,57,0,0.0
16,0,0,0,7,7,52,51,1,0.00625
16,1,1,0,13,11,55,56,3,0.01875
16,2,2,0,11,6,41,39,4,0.025
16,3,3,0,11,10,32,34,4,0.025
16,4,4,0,5,12,22,21,8,0.05
16,5,5,0,4,5,12,12,8,0.05
16,6,6,0,2,3,7,6,9,0.05625
16,7,7,0,1,0,2,2,4,0.025
16,8,0,1,12,13,56,57,0,0.0
16,9,1,1,15,17,72,73,0,0.0
16,10,2,1,10,11,60,63,0,0.0
16,11,3,1,11,12,57,57,4,0.025
16,12,4,1,12,12,49,46,6,0.0375
16,13,5,1,5,11,31,31,8,0.05
16,14,6,1,5,6,18,18,8,0.05
16,15,7,1,4,1,6,6,4,0.025
16,16,0,2,5,7,37,37,0,0.0
16,17,1,2,10,11,61,60,1,0.00625
16,18,2,2,14,16,75,75,1,0.00625
16,19,3,2,13,10,80,78,3,0.01875
16,20,4,2,10,9,66,65,4,0.025
16,21,5,2,11,11,54,52,6,0.0375
16,22,6,2,6,6,33,30,6,0.0375
16,23,7,2,12,2,16,16,1,0.00625
16,24,0,3,16,12,40,41,0,0.0
16,25,1,3,9,8,59,59,0,0.0
16,26,2,3,14,12,82,78,3,0.01875
16,27,3,3,10,11,87,85,2,0.0125
16,28,4,3,5,9,84,84,1,0.00625
16,29,5,3,10,7,69,68,5,0.03125
16,30,6,3,10,7,45,44,1,0.00625
16,31,7,3,11,8,22,23,0,0.0
16,32,0,4,12,5,25,25,0,0.0
16,33,1,4,12,16,51,53,0,0.0
16,34,2,4,9,6,65,65,0,0.0
16,35,3,4,9,8,84,84,0,0.0
16,36,4,4,8,7,81,81,0,0.0
16,37,5,4,7,10,70,72,0,0.0
16,38,6,4,11,13,54,53,1,0.00625
16,39,7,4,8,14,33,33,0,0.0
16,40,0,5,5,5,13,13,4,0.025
16,41,1,5,8,9,25,26,8,0.05
16,42,2,5,11,11,50,51,7,0.04375
16,43,3,5,9,12,67,70,1,0.00625
16,44,4,5,7,10,70,72,1,0.00625
16,45,5,5,6,6,69,70,0,0.0
16,46,6,5,7,9,64,65,0,0.0
16,47,7,5,13,11,49,49,1,0.00625
16,48,0,6,3,1,6,5,4,0.025
16,49,1,6,1,1,8,8,8,0.05
16,50,2,6,9,5,29,30,8,0.05
16,51,3,6,9,11,43,45,4,0.025
16,52,4,6,14,10,54,54,4,0.025
16,53,5,6,10,8,66,65,2,0.0125
16,54,6,6,11,10,64,64,1,0.00625
16,55,7,6,8,8,53,54,1,0.00625
16,56,0,7,2,1,3,3,4,0.025
16,57,1,7,2,3,7,7,8,0.05
16,58,2,7,2,12,18,18,8,0.05
16,59,3,7,6,10,22,23,7,0.04375
16,60,4,7,13,7,33,34,6,0.0375
16,61,5,7,9,14,49,50,0,0.0
16,62,6,7,8,9,54,53,2,0.0125
16,63,7,7,17,18,61,60,0,0.0
17,0,0,0,11,12,55,56,0,0.0
17,1,1,0,19,10,54,55,2,0.0125
17,2,2,0,10,11,34,35,4,0.025
17,3,3,0,5,16,32,30,7,0.04375
17,4,4,0,7,11,23,24,7,0.04375
17,5,5,0,3,9,14,14,8,0.05
17,6,6,0,0,2,3,4,8,0.05
17,7,7,0,2,4,5,5,4,0.025
17,8,0,1,10,20,55,55,1,0.00625
17,9,1,1,14,13,68,67,1,0.00625
17,10,2,1,10,9,67,64,3,0.01875
17,11,3,1,5,10,56,61,0,0.0
17,12,4,1,7,6,42,48,1,0.00625
17,13,5,1,12,5,32,33,7,0.04375
17,14,6,1,3,1,6,7,6,0.0375
17,15,7,1,1,3,7,8,3,0.01875
17,16,0,2,14,11,39,37,1,0.00625
17,17,1,2,12,9,69,67,2,0.0125
17,18,2,2,15,15,81,81,0,0.0
17,19,3,2,13,14,82,80,4,0.025
17,20,4,2,10,9,60,59,6,0.0375
17,21,5,2,10,9,47,46,8,0.05
17,22,6,2,6,8,24,24,6,0.0375
17,23,7,2,11,2,19,16,3,0.01875
17,24,0,3,9,4,22,22,0,0.0
17,25,1,3,11,8,55,53,1,0.00625
17,26,2,3,12,11,77,81,0,0.0
17,27,3,3,9,8,84,85,0,0.0
17,28,4,3,10,6,70,69,3,0.01875
17,29,5,3,11,13,62,66,0,0.0
17,30,6,3,5,11,38,36,2,0.0125
17,31,7,3,11,3,23,23,0,0.0
17,32,0,4,7,4,17,16,1,0.00625
17,33,1,4,5,7,39,38,0,0.0
17,34,2,4,10,11,58,59,0,0.0
17,35,3,4,7,8,73,71,1,0.00625
17,36,4,4,13,14,71,71,1,0.00625
17,37,5,4,6,8,73,71,2,0.0125
17,38,6,4,8,9,52,52,0,0.0
17,39,7,4,14,12,37,37,0,0.0
17,40,0,5,10,3,15,15,4,0.025
17,41,1,5,7,9,34,34,7,0.04375
17,42,2,5,8,7,49,49,6,0.0375
17,43,3,5,14,14,70,67,3,0.01875
17,44,4,5,10,5,73,73,2,0.0125
17,45,5,5,5,5,61,61,1,0.00625
17,46,6,5,5,14,57,55,1,0.00625
17,47,7,5,9,11,43,42,0,0.0
17,48,0,6,4,2,6,7,4,0.025
17,49,1,6,2,5,13,13,8,0.05
17,50,2,6,4,6,26,26,7,0.04375
17,51,3,6,11,7,40,38,5,0.03125
17,52,4,6,7,11,51,52,3,0.01875
17,53,5,6,18,5,58,56,5,0.03125
17,54,6,6,12,13,65,64,1,0.00625
17,55,7,6,8,9,51,52,0,0.0
17,56,0,7,2,1,3,3,4,0.025
17,57,1,7,1,2,5,5,8,0.05
17,58,2,7,4,8,15,16,7,0.04375
17,59,3,7,5,12,24,24,7,0.04375
17,60,4,7,13,11,36,36,7,0.04375
17,61,5,7,15,6,44,41,3,0.01875
17,62,6,7,8,6,50,51,1,0.00625
17,63,7,7,11,11,56,56,1,0.00625
18,0,0,0,8,6,98,95,1,0.00625
18,1,1,0,9,8,96,98,0,0.0
18,2,2,0,12,17,95,96,3,0.01875
18,3,3,0,13,10,74,76,5,0.03125
18,4,4,0,9,11,56,61,1,0.00625
18,5,5,0,2,18,48,54,1,0.00625
18,6,6,0,11,18,39,47,0,0.0
18,7,7,0,7,14,21,25,0,0.0
18,8,0,1,9,10,98,97,2,0.0125
18,9,1,1,6,7,83,83,1,0.00625
18,10,2,1,10,10,92,94,1,0.00625
18,11,3,1,9,7,78,74,4,0.025
18,12,4,1,10,8,73,69,3,0.01875
18,13,5,1,13,12,73,72,7,0.04375
18,14,6,1,8,11,54,59,2,0.0125
18,15,7,1,13,11,38,41,0,0.0
18,16,0,2,13,15,94,94,1,0.00625
18,17,1,2,7,11,90,92,0,0.0
18,18,2,2,12,11,99,100,0,0.0
18,19,3,2,9,7,86,90,1,0.00625
18,20,4,2,6,7,76,79,2,0.0125
18,21,5,2,8,13,83,87,3,0.01875
18,22,6,2,9,9,66,70,1,0.00625
18,23,7,2,16,12,53,56,1,0.00625
18,24,0,3,15,12,78,78,0,0.0
18,25,1,3,7,7,77,78,0,0.0
18,26,2,3,6,12,88,88,1,0.00625
18,27,3,3,11,12,74,75,0,0.0
18,28,4,3,14,15,79,81,1,0.00625
18,29,5,3,11,15,80,81,0,0.0
18,30,6,3,7,13,66,68,0,0.0
18,31,7,3,8,10,56,56,0,0.0
18,32,0,4,14,14,66,68,0,0.0
18,33,1,4,10,10,75,75,0,0.0
18,34,2,4,8,10,83,81,2,0.0125
18,35,3,4,16,14,82,81,3,0.01875
18,36,4,4,8,8,77,77,1,0.00625
18,37,5,4,8,10,92,94,0,0.0
18,38,6,4,8,10,81,79,1,0.00625
18,39,7,4,10,14,72,72,0,0.0
18,40,0,5,7,10,44,48,0,0.0
18,41,1,5,14,15,67,70,5,0.03125
18,42,2,5,10,13,80,82,5,0.03125
18,43,3,5,18,9,83,80,7,0.04375
18,44,4,5,10,9,95,94,2,0.0125
18,45,5,5,15,14,100,100,0,0.0
18,46,6,5,11,15,95,96,0,0.0
18,47,7,5,6,13,83,84,0,0.0
18,48,0,6,11,13,38,42,0,0.0
18,49,1,6,9,12,51,59,0,0.0
18,50,2,6,11,10,72,75,4,0.025
18,51,3,6,8,6,68,69,5,0.03125
18,52,4,6,7,6,79,81,2,0.0125
18,53,5,6,11,10,94,96,3,0.01875
18,54,6,6,8,9,95,95,1,0.00625
18,55,7,6,10,10,94,94,0,0.0
18,56,0,7,8,14,22,26,0,0.0
18,57,1,7,14,16,42,47,3,0.01875
18,58,2,7,8,21,60,60,7,0.04375
18,59,3,7,10,9,58,58,7,0.04375
18,60,4,7,12,16,76,77,6,0.0375
18,61,5,7,13,10,86,83,5,0.03125
18,62,6,7,12,12,96,96,2,0.0125
18,63,7,7,8,9,93,92,1,0.00625
19,0,0,0,15,16,61,62,1,0.00625
19,1,1,0,4,11,56,55,2,0.0125
19,2,2,0,13,6,48,46,4,0.025
19,3,3,0,12,15,43,44,4,0.025
19,4,4,0,8,9,30,25,7,0.04375
19,5,5,0,7,3,22,16,8,0.05
19,6,6,0,10,4,22,15,7,0.04375
19,7,7,0,8,3,11,11,0,0.0
19,8,0,1,10,4,54,54,1,0.00625
19,9,1,1,7,6,62,61,1,0.00625
19,10,2,1,11,12,65,62,2,0.0125
19,11,3,1,9,9,55,58,1,0.00625
19,12,4,1,9,11,39,42,2,0.0125
19,13,5,1,6,9,23,23,8,0.05
19,14,6,1,7,4,21,15,8,0.05
19,15,7,1,10,3,16,12,4,0.025
19,16,0,2,5,12,45,46,0,0.0
19,17,1,2,14,10,62,63,0,0.0
19,18,2,2,11,12,75,74,1,0.00625
19,19,3,2,11,5,72,72,1,0.00625
19,20,4,2,8,13,67,65,5,0.03125
19,21,5,2,6,8,48,49,3,0.01875
19,22,6,2,15,10,45,42,5,0.03125
19,23,7,2,11,1,18,19,0,0.0
19,24,0,3,12,12,40,40,0,0.0
19,25,1,3,9,11,57,56,1,0.00625
19,26,2,3,5,11,71,71,1,0.00625
19,27,3,3,8,7,76,77,0,0.0
19,28,4,3,13,9,83,83,0,0.0
19,29,5,3,11,14,65,63,1,0.00625
19,30,6,3,11,5,40,41,0,0.0
19,31,7,3,6,4,16,16,0,0.0
19,32,0,4,5,6,21,21,0,0.0
19,33,1,4,9,7,37,38,0,0.0
19,34,2,4,11,4,61,60,1,0.00625
19,35,3,4,12,13,82,82,3,0.01875
19,36,4,4,17,16,84,85,0,0.0
19,37,5,4,12,9,72,72,0,0.0
19,38,6,4,9,11,48,51,0,0.0
19,39,7,4,7,10,28,27,1,0.00625
19,40,0,5,8,1,20,20,0,0.0
19,41,1,5,5,5,28,27,6,0.0375
19,42,2,5,9,6,49,51,2,0.0125
19,43,3,5,9,12,60,65,1,0.00625
19,44,4,5,7,11,68,71,0,0.0
19,45,5,5,8,8,78,76,1,0.00625
19,46,6,5,8,11,69,69,1,0.00625
19,47,7,5,17,11,47,48,0,0.0
19,48,0,6,6,5,16,15,1,0.00625
19,49,1,6,8,3,24,20,4,0.025
19,50,2,6,11,14,43,40,8,0.05
19,51,3,6,2,12,38,38,5,0.03125
19,52,4,6,17,10,54,48,7,0.04375
19,53,5,6,10,9,67,68,1,0.00625
19,54,6,6,11,9,64,62,3,0.01875
19,55,7,6,8,13,52,53,0,0.0
19,56,0,7,6,4,11,8,2,0.0125
19,57,1,7,2,6,13,8,8,0.05
19,58,2,7,2,9,12,12,7,0.04375
19,59,3,7,7,5,15,15,7,0.04375
19,60,4,7,11,5,26,25,7,0.04375
19,61,5,7,8,14,44,47,3,0.01875
19,62,6,7,12,7,51,51,1,0.00625
19,63,7,7,16,16,60,61,0,0.0
20,0,0,0,8,9,52,53,0,0.0
20,1,1,0,10,7,52,51,1,0.00625
20,2,2,0,10,7,41,42,3,0.01875
20,3,3,0,13,7,33,30,7,0.04375
20,4,4,0,6,7,20,19,8,0.05
20,5,5,0,4,5,12,12,8,0.05
20,6,6,0,0,7,10,10,7,0.04375
20,7,7,0,7,0,7,4,3,0.01875
20,8,0,1,8,10,52,54,0,0.0
20,9,1,1,7,8,61,60,2,0.0125
20,10,2,1,13,12,62,64,2,0.0125
20,11,3,1,13,9,55,48,7,0.04375
20,12,4,1,10,7,42,36,6,0.0375
20,13,5,1,7,8,29,30,7,0.04375
20,14,6,1,4,3,19,20,7,0.04375
20,15,7,1,5,3,9,9,4,0.025
20,16,0,2,11,10,45,46,0,0.0
20,17,1,2,10,13,66,66,0,0.0
20,18,2,2,8,8,74,71,2,0.0125
20,19,3,2,16,13,78,76,2,0.0125
20,20,4,2,9,13,59,56,8,0.05
20,21,5,2,9,7,41,39,5,0.03125
20,22,6,2,8,7,31,30,6,0.0375
20,23,7,2,10,1,15,12,3,0.01875
20,24,0,3,10,9,37,37,0,0.0
20,25,1,3,10,9,53,53,0,0.0
20,26,2,3,13,15,80,78,2,0.0125
20,27,3,3,12,12,82,80,1,0.00625
20,28,4,3,6,8,70,68,1,0.00625
20,29,5,3,9,11,58,58,1,0.00625
20,30,6,3,7,7,38,38,0,0.0
20,31,7,3,9,9,22,22,0,0.0
20,32,0,4,8,9,24,23,1,0.00625
20,33,1,4,8,8,38,37,1,0.00625
20,34,2,4,16,8,59,61,0,0.0
20,35,3,4,6,8,68,69,2,0.0125
20,36,4,4,8,9,64,65,0,0.0
20,37,5,4,6,14,66,64,1,0.00625
20,38,6,4,8,15,54,54,0,0.0
20,39,7,4,9,15,38,37,1,0.00625
20,40,0,5,9,1,15,11,4,0.025
20,41,1,5,10,10,30,29,7,0.04375
20,42,2,5,9,7,43,40,5,0.03125
20,43,3,5,13,7,60,56,6,0.0375
20,44,4,5,18,6,69,65,4,0.025
20,45,5,5,11,11,79,79,2,0.0125
20,46,6,5,9,7,67,67,1,0.00625
20,47,7,5,14,9,52,52,0,0.0
20,48,0,6,7,4,13,10,4,0.025
20,49,1,6,4,2,12,8,8,0.05
20,50,2,6,8,6,25,26,7,0.04375
20,51,3,6,14,7,44,42,7,0.04375
20,52,4,6,9,7,49,51,5,0.03125
20,53,5,6,9,9,69,69,2,0.0125
20,54,6,6,7,7,56,59,0,0.0
20,55,7,6,6,7,51,50,1,0.00625
20,56,0,7,4,3,6,5,4,0.025
20,57,1,7,3,3,7,7,8,0.05
20,58,2,7,2,6,13,12,8,0.05
20,59,3,7,5,10,23,23,6,0.0375
20,60,4,7,14,8,35,35,7,0.04375
20,61,5,7,11,16,52,51,4,0.025
20,62,6,7,12,7,55,52,5,0.03125
20,63,7,7,11,11,55,56,0,0.0
21,0,0,0,11,11,55,56,0,0.0
21,1,1,0,10,8,53,54,2,0.0125
21,2,2,0,10,12,49,48,4,0.025
21,3,3,0,13,13,39,41,5,0.03125
21,4,4,0,7,4,18,18,8,0.05
21,5,5,0,6,4,10,11,7,0.04375
21,6,6,0,0,0,2,1,8,0.05
21,7,7,0,1,2,3,2,4,0.025
21,8,0,1,7,8,52,51,1,0.00625
21,9,1,1,10,10,61,63,0,0.0
21,10,2,1,12,8,64,64,2,0.0125
21,11,3,1,6,7,47,51,3,0.01875
21,12,4,1,13,16,41,43,6,0.0375
21,13,5,1,8,5,19,18,8,0.05
21,14,6,1,0,6,8,7,8,0.05
21,15,7,1,2,3,6,6,4,0.025
21,16,0,2,9,8,45,45,0,0.0
21,17,1,2,8,12,60,60,0,0.0
21,18,2,2,10,10,71,74,0,0.0
21,19,3,2,6,8,71,71,2,0.0125
21,20,4,2,8,15,68,72,3,0.01875
21,21,5,2,8,10,46,46,4,0.025
21,22,6,2,8,6,31,29,8,0.05
21,23,7,2,7,2,14,17,0,0.0
21,24,0,3,13,16,41,40,1,0.00625
21,25,1,3,5,10,50,51,1,0.00625
21,26,2,3,7,7,70,71,1,0.00625
21,27,3,3,8,8,71,69,2,0.0125
21,28,4,3,12,11,82,82,2,0.0125
21,29,5,3,12,12,57,58,0,0.0
21,30,6,3,8,9,36,35,1,0.00625
21,31,7,3,8,4,19,17,1,0.00625
21,32,0,4,7,5,20,20,0,0.0
21,33,1,4,14,13,43,43,1,0.00625
21,34,2,4,16,9,74,72,3,0.01875
21,35,3,4,12,9,84,80,5,0.03125
21,36,4,4,13,12,88,87,1,0.00625
21,37,5,4,8,13,76,75,3,0.01875
21,38,6,4,10,10,55,54,1,0.00625
21,39,7,4,11,9,32,33,1,0.00625
21,40,0,5,9,5,18,18,4,0.025
21,41,1,5,0,2,19,19,7,0.04375
21,42,2,5,10,8,47,48,5,0.03125
21,43,3,5,11,14,57,58,3,0.01875
21,44,4,5,9,7,69,72,1,0.00625
21,45,5,5,8,8,72,71,2,0.0125
21,46,6,5,12,12,64,64,1,0.00625
21,47,7,5,6,10,37,37,0,0.0
21,48,0,6,1,2,5,5,4,0.025
21,49,1,6,5,4,15,15,8,0.05
21,50,2,6,4,9,30,29,8,0.05
21,51,3,6,9,8,30,32,5,0.03125
21,52,4,6,16,9,56,57,4,0.025
21,53,5,6,9,12,60,62,0,0.0
21,54,6,6,6,7,61,62,0,0.0
21,55,7,6,10,14,55,54,1,0.00625
21,56,0,7,0,2,2,2,4,0.025
21,57,1,7,1,5,6,6,8,0.05
21,58,2,7,6,12,19,19,8,0.05
21,59,3,7,5,5,16,16,7,0.04375
21,60,4,7,9,12,32,34,5,0.03125
21,61,5,7,9,5,37,38,3,0.01875
21,62,6,7,10,10,52,54,3,0.01875
21,63,7,7,11,11,55,55,0,0.0
22,0,0,0,9,8,52,52,0,0.0
22,1,1,0,11,9,54,52,4,0.025
22,2,2,0,8,6,38,40,3,0.01875
22,3,3,0,9,13,38,37,6,0.0375
22,4,4,0,11,10,26,27,6,0.0375
22,5,5,0,2,9,15,14,8,0.05
22,6,6,0,2,2,5,5,8,0.05
22,7,7,0,1,1,2,2,4,0.025
22,8,0,1,9,11,54,52,1,0.00625
22,9,1,1,12,12,65,65,1,0.00625
22,10,2,1,8,9,59,60,1,0.00625
22,11,3,1,9,5,53,55,1,0.00625
22,12,4,1,14,4,41,41,6,0.0375
22,13,5,1,6,0,22,23,6,0.0375
22,14,6,1,4,6,15,15,8,0.05
22,15,7,1,2,0,3,3,4,0.025
22,16,0,2,6,10,40,40,0,0.0
22,17,1,2,10,9,62,61,1,0.00625
22,18,2,2,8,7,68,69,0,0.0
22,19,3,2,9,8,68,70,0,0.0
22,20,4,2,14,11,63,62,4,0.025
22,21,5,2,7,11,44,43,6,0.0375
22,22,6,2,9,10,35,36,6,0.0375
22,23,7,2,9,5,14,11,3,0.01875
22,24,0,3,9,10,33,33,1,0.00625
22,25,1,3,5,8,49,49,0,0.0
22,26,2,3,9,9,67,69,0,0.0
22,27,3,3,4,5,64,66,1,0.00625
22,28,4,3,11,17,82,81,2,0.0125
22,29,5,3,12,15,64,63,2,0.0125
22,30,6,3,11,11,51,49,3,0.01875
22,31,7,3,8,7,20,21,0,0.0
22,32,0,4,13,7,26,26,1,0.00625
22,33,1,4,13,15,53,46,7,0.04375
22,34,2,4,9,14,63,62,4,0.025
22,35,3,4,13,13,79,81,2,0.0125
22,36,4,4,6,8,82,81,0,0.0
22,37,5,4,12,9,72,74,0,0.0
22,38,6,4,9,9,56,56,0,0.0
22,39,7,4,8,12,30,31,0,0.0
22,40,0,5,3,5,9,9,4,0.025
22,41,1,5,8,11,22,22,7,0.04375
22,42,2,5,12,9,44,43,6,0.0375
22,43,3,5,12,10,57,60,1,0.00625
22,44,4,5,9,13,76,75,2,0.0125
22,45,5,5,12,13,79,82,0,0.0
22,46,6,5,14,4,68,66,2,0.0125
22,47,7,5,10,12,43,43,0,0.0
22,48,0,6,7,0,8,9,2,0.0125
22,49,1,6,2,0,10,12,6,0.0375
22,50,2,6,13,7,38,38,7,0.04375
22,51,3,6,7,7,46,48,3,0.01875
22,52,4,6,5,9,56,59,2,0.0125
22,53,5,6,5,13,70,67,2,0.0125
22,54,6,6,9,9,60,59,1,0.00625
22,55,7,6,7,10,52,52,1,0.00625
22,56,0,7,1,1,2,2,4,0.025
22,57,1,7,0,1,2,2,8,0.05
22,58,2,7,3,6,11,10,9,0.05625
22,59,3,7,7,7,19,18,8,0.05
22,60,4,7,13,10,35,32,8,0.05
22,61,5,7,12,11,45,44,4,0.025
22,62,6,7,10,6,51,50,3,0.01875
22,63,7,7,10,9,55,53,1,0.00625
23,0,0,0,7,7,52,51,1,0.00625
23,1,1,0,9,14,58,58,3,0.01875
23,2,2,0,12,12,49,48,4,0.025
23,3,3,0,12,6,31,29,8,0.05
23,4,4,0,5,10,24,22,8,0.05
23,5,5,0,2,3,11,11,8,0.05
23,6,6,0,3,10,16,16,8,0.05
23,7,7,0,3,0,3,3,4,0.025
23,8,0,1,14,9,59,60,1,0.00625
23,9,1,1,8,8,67,66,1,0.00625
23,10,2,1,11,11,68,67,2,0.0125
23,11,3,1,12,5,47,45,4,0.025
23,12,4,1,9,14,47,47,6,0.0375
23,13,5,1,9,12,28,27,7,0.04375
23,14,6,1,3,2,16,16,8,0.05
23,15,7,1,2,1,3,3,4,0.025
23,16,0,2,14,10,49,48,0,0.0
23,17,1,2,10,11,69,68,1,0.00625
23,18,2,2,9,10,78,77,0,0.0
23,19,3,2,10,9,66,67,0,0.0
23,20,4,2,4,14,70,73,2,0.0125
23,21,5,2,9,17,59,60,4,0.025
23,22,6,2,11,11,39,40,6,0.0375
23,23,7,2,8,3,12,11,3,0.01875
23,24,0,3,6,7,31,31,0,0.0
23,25,1,3,6,11,46,47,0,0.0
23,26,2,3,9,11,67,66,1,0.00625
23,27,3,3,14,13,78,79,1,0.00625
23,28,4,3,10,6,86,89,1,0.00625
23,29,5,3,6,5,66,67,0,0.0
23,30,6,3,12,8,52,54,0,0.0
23,31,7,3,8,5,19,19,1,0.00625
23,32,0,4,4,8,20,21,0,0.0
23,33,1,4,7,9,36,43,0,0.0
23,34,2,4,13,5,65,67,1,0.00625
23,35,3,4,7,9,84,88,0,0.0
23,36,4,4,14,12,77,77,0,0.0
23,37,5,4,8,8,67,65,3,0.01875
23,38,6,4,6,6,53,53,1,0.00625
23,39,7,4,12,9,32,31,1,0.00625
23,40,0,5,8,4,15,16,3,0.01875
23,41,1,5,7,5,31,31,7,0.04375
23,42,2,5,14,8,60,58,7,0.04375
23,43,3,5,6,9,72,70,3,0.01875
23,44,4,5,11,5,65,64,1,0.00625
23,45,5,5,9,8,80,81,0,0.0
23,46,6,5,16,8,71,72,1,0.00625
23,47,7,5,9,11,43,43,0,0.0
23,48,0,6,6,1,10,9,4,0.025
23,49,1,6,5,6,20,18,8,0.05
23,50,2,6,14,10,42,43,7,0.04375
23,51,3,6,5,16,56,54,5,0.03125
23,52,4,6,11,7,54,50,6,0.0375
23,53,5,6,7,17,71,71,2,0.0125
23,54,6,6,7,8,63,63,0,0.0
23,55,7,6,12,11,55,56,0,0.0
23,56,0,7,1,2,3,3,4,0.025
23,57,1,7,2,3,6,6,8,0.05
23,58,2,7,2,10,14,15,8,0.05
23,59,3,7,5,11,20,20,8,0.05
23,60,4,7,10,5,25,24,9,0.05625
23,61,5,7,14,8,41,40,5,0.03125
23,62,6,7,12,12,55,57,1,0.00625
23,63,7,7,7,8,51,52,0,0.0
24,0,0,0,7,7,93,94,0,0.0
24,1,1,0,7,8,94,95,3,0.01875
24,2,2,0,10,8,84,87,1,0.00625
24,3,3,0,6,12,75,80,3,0.01875
24,4,4,0,13,4,58,62,5,0.03125
24,5,5,0,7,19,58,61,5,0.03125
24,6,6,0,11,14,42,46,4,0.025
24,7,7,0,14,15,29,32,1,0.00625
24,8,0,1,8,8,93,93,1,0.00625
24,9,1,1,10,10,94,95,0,0.0
24,10,2,1,13,9,95,95,1,0.00625
24,11,3,1,15,7,83,84,2,0.0125
24,12,4,1,10,10,63,63,6,0.0375
24,13,5,1,15,13,71,71,8,0.05
24,14,6,1,7,13,48,51,5,0.03125
24,15,7,1,10,11,37,40,1,0.00625
24,16,0,2,6,13,85,85,1,0.00625
24,17,1,2,11,11,93,95,0,0.0
24,18,2,2,10,10,86,86,1,0.00625
24,19,3,2,9,6,82,81,0,0.0
24,20,4,2,8,11,74,73,1,0.00625
24,21,5,2,8,11,78,83,0,0.0
24,22,6,2,9,18,70,76,0,0.0
24,23,7,2,12,12,50,54,0,0.0
24,24,0,3,11,16,77,76,1,0.00625
24,25,1,3,7,14,84,84,0,0.0
24,26,2,3,6,8,82,82,1,0.00625
24,27,3,3,6,7,62,62,1,0.00625
24,28,4,3,8,8,65,65,0,0.0
24,29,5,3,9,8,77,76,1,0.00625
24,30,6,3,7,5,67,68,0,0.0
24,31,7,3,12,13,63,63,0,0.0
24,32,0,4,7,13,58,57,0,0.0
24,33,1,4,11,12,68,69,0,0.0
24,34,2,4,13,8,82,79,4,0.025
24,35,3,4,10,9,69,67,2,0.0125
24,36,4,4,13,15,85,84,2,0.0125
24,37,5,4,11,13,99,101,1,0.00625
24,38,6,4,8,16,86,87,0,0.0
24,39,7,4,13,13,77,76,0,0.0
24,40,0,5,8,8,46,48,0,0.0
24,41,1,5,8,17,59,66,0,0.0
24,42,2,5,8,8,77,84,1,0.00625
24,43,3,5,8,6,72,73,3,0.01875
24,44,4,5,12,15,100,100,1,0.00625
24,45,5,5,15,15,100,99,0,0.0
24,46,6,5,15,11,100,99,1,0.00625
24,47,7,5,10,18,90,90,0,0.0
24,48,0,6,10,11,38,42,0,0.0
24,49,1,6,10,9,46,54,0,0.0
24,50,2,6,10,16,76,78,5,0.03125
24,51,3,6,5,5,64,64,5,0.03125
24,52,4,6,13,7,82,84,2,0.0125
24,53,5,6,13,12,98,98,2,0.0125
24,54,6,6,13,13,97,98,0,0.0
24,55,7,6,8,10,98,98,1,0.00625
24,56,0,7,11,18,29,33,0,0.0
24,57,1,7,9,14,38,43,3,0.01875
24,58,2,7,7,19,55,59,3,0.01875
24,59,3,7,12,11,64,66,6,0.0375
24,60,4,7,8,15,75,81,3,0.01875
24,61,5,7,15,10,91,92,4,0.025
24,62,6,7,7,9,97,98,0,0.0
24,63,7,7,12,11,101,102,0,0.0
25,0,0,0,6,6,51,50,1,0.00625
25,1,1,0,8,7,50,51,1,0.00625
25,2,2,0,10,12,50,47,4,0.025
25,3,3,0,10,5,36,33,6,0.0375
25,4,4,0,6,10,31,30,6,0.0375
25,5,5,0,9,5,22,20,7,0.04375
25,6,6,0,7,5,17,13,7,0.04375
25,7,7,0,6,4,10,9,2,0.0125
25,8,0,1,6,8,52,52,1,0.00625
25,9,1,1,6,4,56,57,0,0.0
25,10,2,1,9,8,62,63,1,0.00625
25,11,3,1,10,7,46,47,1,0.00625
25,12,4,1,11,9,42,42,6,0.0375
25,13,5,1,10,7,25,25,7,0.04375
25,14,6,1,2,2,12,9,7,0.04375
25,15,7,1,7,2,13,9,4,0.025
25,16,0,2,11,8,47,47,0,0.0
25,17,1,2,8,11,63,62,1,0.00625
25,18,2,2,11,11,73,72,1,0.00625
25,19,3,2,15,15,75,72,3,0.01875
25,20,4,2,10,16,70,66,7,0.04375
25,21,5,2,13,8,52,47,5,0.03125
25,22,6,2,11,4,29,28,1,0.00625
25,23,7,2,7,1,16,16,0,0.0
25,24,0,3,6,5,34,34,0,0.0
25,25,1,3,10,12,49,48,1,0.00625
25,26,2,3,15,13,74,74,0,0.0
25,27,3,3,7,7,73,71,2,0.0125
25,28,4,3,6,11,78,78,1,0.00625
25,29,5,3,13,14,60,60,2,0.0125
25,30,6,3,10,2,24,24,0,0.0
25,31,7,3,3,10,20,21,0,0.0
25,32,0,4,8,10,31,32,0,0.0
25,33,1,4,8,9,39,38,0,0.0
25,34,2,4,13,6,61,65,0,0.0
25,35,3,4,11,6,79,78,3,0.01875
25,36,4,4,11,9,85,87,0,0.0
25,37,5,4,12,10,74,75,0,0.0
25,38,6,4,9,15,45,44,1,0.00625
25,39,7,4,8,7,32,34,0,0.0
25,40,0,5,9,4,23,23,1,0.00625
25,41,1,5,13,8,33,30,3,0.01875
25,42,2,5,11,9,55,47,8,0.05
25,43,3,5,14,14,65,63,3,0.01875
25,44,4,5,10,11,76,77,2,0.0125
25,45,5,5,8,8,72,72,1,0.00625
25,46,6,5,12,18,62,63,0,0.0
25,47,7,5,6,12,42,42,0,0.0
25,48,0,6,7,5,17,16,1,0.00625
25,49,1,6,8,2,19,11,7,0.04375
25,50,2,6,5,8,28,26,7,0.04375
25,51,3,6,3,10,27,28,4,0.025
25,52,4,6,15,11,48,48,4,0.025
25,53,5,6,19,15,66,65,3,0.01875
25,54,6,6,8,8,59,59,0,0.0
25,55,7,6,7,8,52,51,1,0.00625
25,56,0,7,6,4,10,6,4,0.025
25,57,1,7,9,2,13,8,8,0.05
25,58,2,7,5,7,18,14,8,0.05
25,59,3,7,10,5,21,21,6,0.0375
25,60,4,7,10,11,38,35,6,0.0375
25,61,5,7,11,8,43,44,3,0.01875
25,62,6,7,10,7,54,52,3,0.01875
25,63,7,7,8,8,53,51,1,0.00625
26,0,0,0,15,15,60,59,1,0.00625
26,1,1,0,11,8,55,54,2,0.0125
26,2,2,0,11,9,43,42,5,0.03125
26,3,3,0,6,9,32,32,5,0.03125
26,4,4,0,2,7,21,23,4,0.025
26,5,5,0,6,6,19,19,7,0.04375
26,6,6,0,1,2,8,8,8,0.05
26,7,7,0,7,2,9,7,4,0.025
26,8,0,1,9,12,53,54,0,0.0
26,9,1,1,16,18,71,70,1,0.00625
26,10,2,1,5,12,66,65,2,0.0125
26,11,3,1,13,11,63,61,4,0.025
26,12,4,1,8,7,44,45,5,0.03125
26,13,5,1,11,7,36,36,6,0.0375
26,14,6,1,7,6,21,21,8,0.05
26,15,7,1,5,4,11,12,4,0.025
26,16,0,2,10,10,42,43,0,0.0
26,17,1,2,10,4,66,65,1,0.00625
26,18,2,2,10,10,75,76,0,0.0
26,19,3,2,15,11,73,75,2,0.0125
26,20,4,2,6,10,51,53,4,0.025
26,21,5,2,13,11,46,44,6,0.0375
26,22,6,2,5,6,29,22,8,0.05
26,23,7,2,7,3,15,15,0,0.0
26,24,0,3,10,9,32,33,0,0.0
26,25,1,3,8,9,56,56,0,0.0
26,26,2,3,12,16,73,73,1,0.00625
26,27,3,3,16,15,70,70,3,0.01875
26,28,4,3,6,10,62,63,0,0.0
26,29,5,3,3,11,58,58,2,0.0125
26,30,6,3,11,7,47,44,1,0.00625
26,31,7,3,11,5,25,24,0,0.0
26,32,0,4,8,4,24,24,0,0.0
26,33,1,4,5,10,45,44,2,0.0125
26,34,2,4,10,12,50,50,0,0.0
26,35,3,4,9,6,58,60,1,0.00625
26,36,4,4,6,7,69,70,0,0.0
26,37,5,4,13,9,77,74,2,0.0125
26,38,6,4,13,10,57,56,0,0.0
26,39,7,4,8,10,32,32,0,0.0
26,40,0,5,10,5,20,19,2,0.0125
26,41,1,5,7,9,35,33,5,0.03125
26,42,2,5,12,12,40,41,7,0.04375
26,43,3,5,12,4,57,58,4,0.025
26,44,4,5,8,13,73,74,1,0.00625
26,45,5,5,9,10,71,70,1,0.00625
26,46,6,5,6,8,61,62,1,0.00625
26,47,7,5,10,7,43,42,1,0.00625
26,48,0,6,6,5,11,9,3,0.01875
26,49,1,6,6,2,20,21,7,0.04375
26,50,2,6,9,5,23,26,4,0.025
26,51,3,6,7,8,45,46,2,0.0125
26,52,4,6,7,9,51,53,2,0.0125
26,53,5,6,6,5,58,60,1,0.00625
26,54,6,6,8,8,59,58,1,0.00625
26,55,7,6,6,12,50,51,0,0.0
26,56,0,7,2,2,4,4,4,0.025
26,57,1,7,0,7,9,9,8,0.05
26,58,2,7,4,0,7,6,9,0.05625
26,59,3,7,9,9,25,22,9,0.05625
26,60,4,7,10,6,30,29,7,0.04375
26,61,5,7,9,10,41,42,2,0.0125
26,62,6,7,10,5,49,50,1,0.00625
26,63,7,7,9,9,53,53,1,0.00625
27,0,0,0,13,12,56,57,1,0.00625
27,1,1,0,11,7,51,52,1,0.00625
27,2,2,0,10,9,43,43,3,0.01875
27,3,3,0,10,13,34,34,6,0.0375
27,4,4,0,6,10,25,21,8,0.05
27,5,5,0,6,9,17,17,7,0.04375
27,6,6,0,2,7,11,11,8,0.05
27,7,7,0,2,0,2,2,4,0.025
27,8,0,1,8,10,52,52,1,0.00625
27,9,1,1,8,8,59,59,0,0.0
27,10,2,1,15,8,65,64,2,0.0125
27,11,3,1,3,8,47,49,1,0.00625
27,12,4,1,11,12,46,44,7,0.04375
27,13,5,1,6,8,28,28,8,0.05
27,14,6,1,3,7,18,19,7,0.04375
27,15,7,1,2,3,4,4,3,0.01875
27,16,0,2,11,11,46,46,0,0.0
27,17,1,2,9,16,65,65,1,0.00625
27,18,2,2,14,12,78,78,0,0.0
27,19,3,2,7,12,78,78,2,0.0125
27,20,4,2,7,6,62,65,1,0.00625
27,21,5,2,13,10,53,54,6,0.0375
27,22,6,2,10,9,36,37,7,0.04375
27,23,7,2,11,2,15,11,4,0.025
27,24,0,3,14,9,38,38,0,0.0
27,25,1,3,8,8,52,53,0,0.0
27,26,2,3,12,8,79,78,0,0.0
27,27,3,3,11,12,89,90,1,0.00625
27,28,4,3,9,7,79,76,2,0.0125
27,29,5,3,11,9,70,71,1,0.00625
27,30,6,3,12,6,47,50,0,0.0
27,31,7,3,10,8,22,23,0,0.0
27,32,0,4,9,2,22,20,1,0.00625
27,33,1,4,14,8,43,44,0,0.0
27,34,2,4,5,5,66,66,1,0.00625
27,35,3,4,6,8,79,78,2,0.0125
27,36,4,4,7,8,75,74,1,0.00625
27,37,5,4,11,11,75,75,1,0.00625
27,38,6,4,8,9,51,52,1,0.00625
27,39,7,4,10,13,35,35,0,0.0
27,40,0,5,7,4,18,18,2,0.0125
27,41,1,5,8,10,30,28,7,0.04375
27,42,2,5,11,17,56,57,7,0.04375
27,43,3,5,10,10,71,67,7,0.04375
27,44,4,5,14,11,80,77,4,0.025
27,45,5,5,7,7,69,69,1,0.00625
27,46,6,5,12,11,61,61,0,0.0
27,47,7,5,5,10,39,39,0,0.0
27,48,0,6,9,1,17,16,4,0.025
27,49,1,6,2,3,14,13,8,0.05
27,50,2,6,8,6,33,29,8,0.05
27,51,3,6,11,15,52,48,6,0.0375
27,52,4,6,13,12,58,56,4,0.025
27,53,5,6,10,13,63,64,1,0.00625
27,54,6,6,10,10,61,61,0,0.0
27,55,7,6,7,10,51,52,0,0.0
27,56,0,7,2,6,8,8,4,0.025
27,57,1,7,2,1,4,5,7,0.04375
27,58,2,7,3,8,14,16,6,0.0375
27,59,3,7,5,11,22,25,6,0.0375
27,60,4,7,10,11,35,36,5,0.03125
27,61,5,7,12,5,43,38,6,0.0375
27,62,6,7,13,7,51,51,1,0.00625
27,63,7,7,10,10,55,55,1,0.00625
28,0,0,0,9,11,55,55,1,0.00625
28,1,1,0,10,10,54,54,2,0.0125
28,2,2,0,14,12,43,47,1,0.00625
28,3,3,0,4,11,30,33,2,0.0125
28,4,4,0,11,10,25,25,8,0.05
28,5,5,0,1,4,9,8,8,0.05
28,6,6,0,1,4,6,7,7,0.04375
28,7,7,0,2,2,4,4,4,0.025
28,8,0,1,9,10,53,54,0,0.0
28,9,1,1,10,9,63,63,0,0.0
28,10,2,1,11,8,62,62,1,0.00625
28,11,3,1,6,3,47,46,2,0.0125
28,12,4,1,11,10,43,47,2,0.0125
28,13,5,1,6,3,21,21,8,0.05
28,14,6,1,4,1,13,12,8,0.05
28,15,7,1,4,0,7,6,4,0.025
28,16,0,2,10,16,45,44,0,0.0
28,17,1,2,8,12,62,63,0,0.0
28,18,2,2,8,10,71,71,1,0.00625
28,19,3,2,13,11,71,69,3,0.01875
28,20,4,2,9,6,60,60,2,0.0125
28,21,5,2,9,8,40,43,3,0.01875
28,22,6,2,7,7,27,27,6,0.0375
28,23,7,2,6,4,13,13,4,0.025
28,24,0,3,8,5,27,27,1,0.00625
28,25,1,3,3,5,44,44,0,0.0
28,26,2,3,11,10,68,68,1,0.00625
28,27,3,3,8,6,68,68,1,0.00625
28,28,4,3,11,13,77,78,0,0.0
28,29,5,3,8,13,55,54,2,0.0125
28,30,6,3,15,14,44,44,0,0.0
28,31,7,3,4,6,17,16,1,0.00625
28,32,0,4,11,6,25,27,0,0.0
28,33,1,4,11,13,49,49,0,0.0
28,34,2,4,9,10,65,63,2,0.0125
28,35,3,4,12,13,78,78,1,0.00625
28,36,4,4,8,8,74,74,0,0.0
28,37,5,4,8,14,73,74,0,0.0
28,38,6,4,7,10,60,58,2,0.0125
28,39,7,4,15,9,36,35,1,0.00625
28,40,0,5,5,6,14,12,4,0.025
28,41,1,5,5,6,21,21,7,0.04375
28,42,2,5,10,9,41,41,7,0.04375
28,43,3,5,10,9,52,57,2,0.0125
28,44,4,5,13,7,72,71,4,0.025
28,45,5,5,9,8,71,72,0,0.0
28,46,6,5,11,7,64,65,0,0.0
28,47,7,5,11,14,46,45,2,0.0125
28,48,0,6,2,1,5,5,4,0.025
28,49,1,6,2,6,13,13,8,0.05
28,50,2,6,7,8,26,27,7,0.04375
28,51,3,6,11,13,40,43,4,0.025
28,52,4,6,8,5,54,55,3,0.01875
28,53,5,6,8,12,64,63,1,0.00625
28,54,6,6,6,6,59,59,1,0.00625
28,55,7,6,8,9,52,52,0,0.0
28,56,0,7,2,2,4,4,4,0.025
28,57,1,7,1,3,7,6,8,0.05
28,58,2,7,4,7,14,13,8,0.05
28,59,3,7,8,4,19,17,8,0.05
28,60,4,7,10,12,36,35,6,0.0375
28,61,5,7,12,7,40,44,3,0.01875
28,62,6,7,7,9,53,54,1,0.00625
28,63,7,7,15,12,58,58,0,0.0
29,0,0,0,9,9,54,53,1,0.00625
29,1,1,0,7,5,48,50,0,0.0
29,2,2,0,10,10,50,46,4,0.025
29,3,3,0,14,10,39,37,5,0.03125
29,4,4,0,4,11,27,27,8,0.05
29,5,5,0,4,4,15,16,7,0.04375
29,6,6,0,6,5,13,12,7,0.04375
29,7,7,0,1,0,1,1,4,0.025
29,8,0,1,6,9,51,50,1,0.00625
29,9,1,1,9,9,60,59,1,0.00625
29,10,2,1,9,10,66,67,1,0.00625
29,11,3,1,6,8,54,54,2,0.0125
29,12,4,1,5,11,52,52,2,0.0125
29,13,5,1,12,8,35,35,7,0.04375
29,14,6,1,3,5,20,22,6,0.0375
29,15,7,1,8,3,9,11,3,0.01875
29,16,0,2,15,7,51,50,1,0.00625
29,17,1,2,11,9,68,69,0,0.0
29,18,2,2,12,11,80,79,0,0.0
29,19,3,2,6,12,73,76,1,0.00625
29,20,4,2,15,10,72,69,4,0.025
29,21,5,2,11,15,52,48,7,0.04375
29,22,6,2,7,9,33,33,7,0.04375
29,23,7,2,8,3,13,13,4,0.025
29,24,0,3,12,10,39,39,1,0.00625
29,25,1,3,9,5,56,55,1,0.00625
29,26,2,3,11,9,76,75,2,0.0125
29,27,3,3,9,11,85,86,0,0.0
29,28,4,3,16,6,83,83,1,0.00625
29,29,5,3,10,8,62,63,0,0.0
29,30,6,3,10,7,45,43,1,0.00625
29,31,7,3,5,7,18,18,0,0.0
29,32,0,4,11,9,28,28,0,0.0
29,33,1,4,11,9,52,51,1,0.00625
29,34,2,4,10,12,64,67,0,0.0
29,35,3,4,7,16,83,84,1,0.00625
29,36,4,4,10,9,73,73,1,0.00625
29,37,5,4,6,9,67,68,1,0.00625
29,38,6,4,7,9,51,53,0,0.0
29,39,7,4,9,7,29,30,0,0.0
29,40,0,5,7,3,16,16,4,0.025
29,41,1,5,5,12,34,32,7,0.04375
29,42,2,5,13,9,50,50,6,0.0375
29,43,3,5,8,6,62,62,2,0.0125
29,44,4,5,8,7,66,70,0,0.0
29,45,5,5,8,7,75,75,1,0.00625
29,46,6,5,13,9,67,66,0,0.0
29,47,7,5,9,14,44,44,1,0.00625
29,48,0,6,2,2,8,8,4,0.025
29,49,1,6,8,4,18,18,8,0.05
29,50,2,6,10,8,35,33,8,0.05
29,51,3,6,9,14,48,51,0,0.0
29,52,4,6,8,9,56,56,2,0.0125
29,53,5,6,8,9,64,66,0,0.0
29,54,6,6,11,11,67,66,1,0.00625
29,55,7,6,11,11,56,55,1,0.00625
29,56,0,7,3,3,6,6,4,0.025
29,57,1,7,0,4,8,7,8,0.05
29,58,2,7,1,7,11,11,8,0.05
29,59,3,7,5,5,15,15,8,0.05
29,60,4,7,8,12,29,33,2,0.0125
29,61,5,7,12,12,45,45,2,0.0125
29,62,6,7,13,10,57,55,3,0.01875
29,63,7,7,16,20,62,63,1,0.00625
30,0,0,0,10,10,93,94,1,0.00625
30,1,1,0,13,5,91,89,0,0.0
30,2,2,0,11,12,83,83,5,0.03125
30,3,3,0,5,9,70,69,5,0.03125
30,4,4,0,15,10,62,65,5,0.03125
30,5,5,0,11,18,56,55,7,0.04375
30,6,6,0,10,12,35,39,4,0.025
30,7,7,0,9,16,25,29,0,0.0
30,8,0,1,9,12,92,93,0,0.0
30,9,1,1,7,8,79,78,1,0.00625
30,10,2,1,7,11,86,87,1,0.00625
30,11,3,1,9,13,80,79,4,0.025
30,12,4,1,13,13,74,72,5,0.03125
30,13,5,1,8,13,67,71,4,0.025
30,14,6,1,12,16,51,57,0,0.0
30,15,7,1,6,9,32,35,0,0.0
30,16,0,2,9,12,80,81,0,0.0
30,17,1,2,10,7,85,84,1,0.00625
30,18,2,2,7,8,94,94,1,0.00625
30,19,3,2,12,12,99,99,1,0.00625
30,20,4,2,13,11,84,84,4,0.025
30,21,5,2,10,15,83,87,2,0.0125
30,22,6,2,8,11,61,65,2,0.0125
30,23,7,2,9,10,44,47,1,0.00625
30,24,0,3,9,7,70,71,0,0.0
30,25,1,3,13,9,81,82,0,0.0
30,26,2,3,11,12,98,101,0,0.0
30,27,3,3,6,6,76,75,2,0.0125
30,28,4,3,8,14,80,81,0,0.0
30,29,5,3,9,6,78,78,1,0.00625
30,30,6,3,8,13,70,72,0,0.0
30,31,7,3,10,15,60,61,0,0.0
30,32,0,4,11,14,64,63,0,0.0
30,33,1,4,16,7,75,73,2,0.0125
30,34,2,4,10,14,91,87,4,0.025
30,35,3,4,15,7,83,80,3,0.01875
30,36,4,4,9,10,86,86,1,0.00625
30,37,5,4,13,14,96,95,1,0.00625
30,38,6,4,13,11,82,80,2,0.0125
30,39,7,4,6,12,70,68,1,0.00625
30,40,0,5,15,10,54,58,0,0.0
30,41,1,5,12,11,72,75,6,0.0375
30,42,2,5,13,13,83,84,5,0.03125
30,43,3,5,10,12,82,81,2,0.0125
30,44,4,5,12,13,95,94,2,0.0125
30,45,5,5,12,12,100,100,1,0.00625
30,46,6,5,9,7,91,91,0,0.0
30,47,7,5,11,6,81,82,0,0.0
30,48,0,6,8,16,36,40,0,0.0
30,49,1,6,10,11,51,58,0,0.0
30,50,2,6,4,11,58,67,0,0.0
30,51,3,6,12,8,67,65,3,0.01875
30,52,4,6,11,10,78,78,3,0.01875
30,53,5,6,7,12,94,92,1,0.00625
30,54,6,6,9,9,88,89,0,0.0
30,55,7,6,10,10,90,90,1,0.00625
30,56,0,7,12,14,26,29,1,0.00625
30,57,1,7,5,20,39,46,2,0.0125
30,58,2,7,10,16,52,54,6,0.0375
30,59,3,7,15,8,59,62,5,0.03125
30,60,4,7,9,5,68,68,3,0.01875
30,61,5,7,10,10,85,81,6,0.0375
30,62,6,7,10,10,88,89,2,0.0125
30,63,7,7,12,11,93,91,2,0.0125
31,0,0,0,10,10,55,54,1,0.00625
31,1,1,0,10,13,55,57,0,0.0
31,2,2,0,13,8,40,42,3,0.01875
31,3,3,0,9,10,30,28,6,0.0375
31,4,4,0,6,11,23,21,7,0.04375
31,5,5,0,4,8,14,14,7,0.04375
31,6,6,0,3,7,13,9,8,0.05
31,7,7,0,7,3,10,6,4,0.025
31,8,0,1,8,11,53,52,1,0.00625
31,9,1,1,9,7,62,64,0,0.0
31,10,2,1,12,9,63,60,3,0.01875
31,11,3,1,12,10,57,56,5,0.03125
31,12,4,1,9,15,53,49,8,0.05
31,13,5,1,10,4,31,28,7,0.04375
31,14,6,1,7,6,28,22,6,0.0375
31,15,7,1,12,1,16,13,3,0.01875
31,16,0,2,7,13,41,40,1,0.00625
31,17,1,2,11,10,63,61,1,0.00625
31,18,2,2,7,6,70,69,1,0.00625
31,19,3,2,12,9,77,74,3,0.01875
31,20,4,2,11,9,72,71,5,0.03125
31,21,5,2,8,7,43,43,3,0.01875
31,22,6,2,10,2,36,33,6,0.0375
31,23,7,2,10,3,18,18,1,0.00625
31,24,0,3,13,9,32,32,0,0.0
31,25,1,3,10,8,55,54,0,0.0
31,26,2,3,11,10,75,75,0,0.0
31,27,3,3,6,6,80,80,1,0.00625
31,28,4,3,12,9,88,88,1,0.00625
31,29,5,3,11,20,73,69,4,0.025
31,30,6,3,13,7,47,45,2,0.0125
31,31,7,3,13,6,25,25,0,0.0
31,32,0,4,11,6,24,24,1,0.00625
31,33,1,4,10,11,48,52,0,0.0
31,34,2,4,8,10,68,70,1,0.00625
31,35,3,4,11,13,88,87,4,0.025
31,36,4,4,5,5,81,81,1,0.00625
31,37,5,4,7,7,75,76,0,0.0
31,38,6,4,11,10,54,56,0,0.0
31,39,7,4,11,5,25,27,0,0.0
31,40,0,5,8,4,14,11,3,0.01875
31,41,1,5,9,7,30,29,7,0.04375
31,42,2,5,8,10,45,44,7,0.04375
31,43,3,5,20,9,70,68,6,0.0375
31,44,4,5,9,8,78,78,1,0.00625
31,45,5,5,8,9,73,74,0,0.0
31,46,6,5,9,12,66,67,0,0.0
31,47,7,5,13,14,42,42,0,0.0
31,48,0,6,14,1,16,13,3,0.01875
31,49,1,6,8,8,30,23,8,0.05
31,50,2,6,12,5,37,32,5,0.03125
31,51,3,6,5,10,45,43,4,0.025
31,52,4,6,12,12,60,56,5,0.03125
31,53,5,6,13,10,65,66,0,0.0
31,54,6,6,10,10,65,65,1,0.00625
31,55,7,6,10,15,54,54,0,0.0
31,56,0,7,6,1,7,4,4,0.025
31,57,1,7,3,3,9,3,8,0.05
31,58,2,7,7,8,16,13,8,0.05
31,59,3,7,4,11,22,19,8,0.05
31,60,4,7,9,13,29,25,7,0.04375
31,61,5,7,14,12,38,41,3,0.01875
31,62,6,7,13,11,55,55,2,0.0125
31,63,7,7,8,9,52,54,0,0.0
32,0,0,0,16,15,60,60,1,0.00625
32,1,1,0,11,9,56,53,3,0.01875
32,2,2,0,6,8,45,43,5,0.03125
32,3,3,0,11,10,39,43,4,0.025
32,4,4,0,10,10,29,29,7,0.04375
32,5,5,0,6,5,13,14,6,0.0375
32,6,6,0,2,5,7,7,8,0.05
32,7,7,0,0,2,2,2,4,0.025
32,8,0,1,8,8,52,53,0,0.0
32,9,1,1,15,16,69,70,0,0.0
32,10,2,1,14,11,61,62,2,0.0125
32,11,3,1,7,11,51,50,5,0.03125
32,12,4,1,12,8,40,43,6,0.0375
32,13,5,1,4,11,29,28,7,0.04375
32,14,6,1,4,3,15,14,7,0.04375
32,15,7,1,3,0,5,4,4,0.025
32,16,0,2,7,7,44,46,0,0.0
32,17,1,2,9,12,59,61,0,0.0
32,18,2,2,10,10,69,71,0,0.0
32,19,3,2,11,19,81,83,1,0.00625
32,20,4,2,9,7,55,58,2,0.0125
32,21,5,2,9,10,49,48,3,0.01875
32,22,6,2,6,12,34,31,7,0.04375
32,23,7,2,12,5,17,15,3,0.01875
32,24,0,3,10,13,40,40,0,0.0
32,25,1,3,12,10,54,55,0,0.0
32,26,2,3,17,13,85,83,1,0.00625
32,27,3,3,11,10,87,88,0,0.0
32,28,4,3,9,12,78,77,1,0.00625
32,29,5,3,8,11,69,71,2,0.0125
32,30,6,3,11,5,44,46,0,0.0
32,31,7,3,8,6,20,20,0,0.0
32,32,0,4,6,6,23,23,0,0.0
32,33,1,4,9,10,38,37,1,0.00625
32,34,2,4,8,11,54,56,0,0.0
32,35,3,4,10,9,76,78,2,0.0125
32,36,4,4,8,8,77,77,1,0.00625
32,37,5,4,13,5,79,78,1,0.00625
32,38,6,4,10,10,55,55,1,0.00625
32,39,7,4,12,11,38,35,1,0.00625
32,40,0,5,9,6,20,20,3,0.01875
32,41,1,5,8,7,28,30,5,0.03125
32,42,2,5,6,5,47,49,3,0.01875
32,43,3,5,10,10,68,69,5,0.03125
32,44,4,5,4,11,74,75,0,0.0
32,45,5,5,10,11,74,73,1,0.00625
32,46,6,5,5,10,62,62,0,0.0
32,47,7,5,12,12,48,49,0,0.0
32,48,0,6,7,1,12,11,4,0.025
32,49,1,6,3,1,14,14,8,0.05
32,50,2,6,9,9,37,34,8,0.05
32,51,3,6,8,9,47,47,5,0.03125
32,52,4,6,8,9,50,54,2,0.0125
32,53,5,6,10,5,63,64,0,0.0
32,54,6,6,8,8,64,63,1,0.00625
32,55,7,6,12,8,57,57,1,0.00625
32,56,0,7,0,2,3,2,4,0.025
32,57,1,7,0,3,3,4,7,0.04375
32,58,2,7,4,9,12,14,7,0.04375
32,59,3,7,9,12,25,26,7,0.04375
32,60,4,7,13,9,38,37,8,0.05
32,61,5,7,9,15,51,51,3,0.01875
32,62,6,7,9,10,55,54,2,0.0125
32,63,7,7,4,4,48,49,0,0.0
33,0,0,0,11,11,57,57,1,0.00625
33,1,1,0,10,7,49,51,1,0.00625
33,2,2,0,5,8,40,41,2,0.0125
33,3,3,0,13,12,41,38,6,0.0375
33,4,4,0,5,6,25,24,8,0.05
33,5,5,0,3,10,22,22,7,0.04375
33,6,6,0,5,4,14,14,8,0.05
33,7,7,0,4,1,5,5,4,0.025
33,8,0,1,8,12,52,52,0,0.0
33,9,1,1,8,9,60,60,0,0.0
33,10,2,1,12,11,65,66,1,0.00625
33,11,3,1,11,11,53,55,4,0.025
33,12,4,1,3,10,36,37,4,0.025
33,13,5,1,11,6,28,29,6,0.0375
33,14,6,1,3,1,11,10,8,0.05
33,15,7,1,1,0,2,2,4,0.025
33,16,0,2,12,7,43,42,0,0.0
33,17,1,2,12,15,69,68,1,0.00625
33,18,2,2,7,8,74,75,0,0.0
33,19,3,2,4,14,80,80,2,0.0125
33,20,4,2,10,9,67,66,2,0.0125
33,21,5,2,11,10,56,54,6,0.0375
33,22,6,2,11,10,38,39,6,0.0375
33,23,7,2,9,5,17,17,3,0.01875
33,24,0,3,9,9,35,35,0,0.0
33,25,1,3,10,10,49,47,1,0.00625
33,26,2,3,15,5,79,79,1,0.00625
33,27,3,3,6,7,82,82,0,0.0
33,28,4,3,9,8,69,71,0,0.0
33,29,5,3,12,11,63,64,1,0.00625
33,30,6,3,9,10,43,43,0,0.0
33,31,7,3,8,6,20,20,0,0.0
33,32,0,4,11,10,25,26,0,0.0
33,33,1,4,10,9,38,38,1,0.00625
33,34,2,4,6,11,63,62,0,0.0
33,35,3,4,7,9,67,69,0,0.0
33,36,4,4,14,13,73,71,1,0.00625
33,37,5,4,4,9,70,71,0,0.0
33,38,6,4,5,9,60,59,1,0.00625
33,39,7,4,16,12,40,42,0,0.0
33,40,0,5,5,4,11,10,3,0.01875
33,41,1,5,7,4,24,22,7,0.04375
33,42,2,5,15,10,55,51,7,0.04375
33,43,3,5,13,11,64,65,4,0.025
33,44,4,5,8,6,72,72,1,0.00625
33,45,5,5,11,10,67,66,0,0.0
33,46,6,5,6,8,57,56,1,0.00625
33,47,7,5,7,12,42,42,0,0.0
33,48,0,6,3,2,6,6,4,0.025
33,49,1,6,6,5,17,18,7,0.04375
33,50,2,6,7,10,34,35,7,0.04375
33,51,3,6,11,13,46,46,4,0.025
33,52,4,6,8,7,59,60,2,0.0125
33,53,5,6,8,6,57,56,1,0.00625
33,54,6,6,8,7,65,64,2,0.0125
33,55,7,6,13,9,57,56,1,0.00625
33,56,0,7,6,2,7,8,4,0.025
33,57,1,7,1,3,10,9,8,0.05
33,58,2,7,1,8,16,15,8,0.05
33,59,3,7,4,6,17,17,7,0.04375
33,60,4,7,13,16,40,41,6,0.0375
33,61,5,7,13,6,42,43,3,0.01875
33,62,6,7,9,13,58,58,3,0.01875
33,63,7,7,7,6,51,51,0,0.0
34,0,0,0,21,22,65,66,0,0.0
34,1,1,0,14,10,56,54,2,0.0125
34,2,2,0,8,15,45,46,3,0.01875
34,3,3,0,9,9,29,31,5,0.03125
34,4,4,0,10,12,22,22,8,0.05
34,5,5,0,1,5,8,7,8,0.05
34,6,6,0,1,5,6,6,8,0.05
34,7,7,0,1,3,4,4,4,0.025
34,8,0,1,11,13,56,54,1,0.00625
34,9,1,1,10,9,64,63,1,0.00625
34,10,2,1,12,6,67,65,3,0.01875
34,11,3,1,13,11,54,53,5,0.03125
34,12,4,1,11,10,44,43,6,0.0375
34,13,5,1,3,7,25,25,6,0.0375
34,14,6,1,3,7,19,19,7,0.04375
34,15,7,1,6,0,9,9,4,0.025
34,16,0,2,13,6,45,46,0,0.0
34,17,1,2,7,11,64,64,1,0.00625
34,18,2,2,10,9,75,73,2,0.0125
34,19,3,2,7,9,74,73,2,0.0125
34,20,4,2,10,7,66,68,2,0.0125
34,21,5,2,13,12,54,53,7,0.04375
34,22,6,2,9,3,27,28,7,0.04375
34,23,7,2,9,2,13,12,4,0.025
34,24,0,3,10,12,34,32,1,0.00625
34,25,1,3,10,13,53,54,1,0.00625
34,26,2,3,8,5,73,73,1,0.00625
34,27,3,3,11,10,78,78,1,0.00625
34,28,4,3,11,11,86,83,2,0.0125
34,29,5,3,12,12,69,69,1,0.00625
34,30,6,3,11,14,45,43,2,0.0125
34,31,7,3,8,6,19,19,0,0.0
34,32,0,4,12,5,26,26,0,0.0
34,33,1,4,14,7,49,47,2,0.0125
34,34,2,4,10,9,75,72,4,0.025
34,35,3,4,13,9,88,84,4,0.025
34,36,4,4,13,13,87,90,0,0.0
34,37,5,4,6,7,76,77,0,0.0
34,38,6,4,11,10,59,60,0,0.0
34,39,7,4,14,12,35,36,0,0.0
34,40,0,5,9,3,17,17,4,0.025
34,41,1,5,6,9,29,28,8,0.05
34,42,2,5,13,12,56,58,6,0.0375
34,43,3,5,8,14,67,68,1,0.00625
34,44,4,5,10,6,79,76,3,0.01875
34,45,5,5,14,15,81,80,2,0.0125
34,46,6,5,11,10,68,67,1,0.00625
34,47,7,5,12,14,48,47,1,0.00625
34,48,0,6,2,4,7,7,4,0.025
34,49,1,6,3,4,10,9,8,0.05
34,50,2,6,10,8,32,32,7,0.04375
34,51,3,6,12,6,42,42,5,0.03125
34,52,4,6,10,10,61,58,5,0.03125
34,53,5,6,12,10,66,64,3,0.01875
34,54,6,6,10,11,67,68,1,0.00625
34,55,7,6,11,9,57,57,1,0.00625
34,56,0,7,3,1,4,4,4,0.025
34,57,1,7,0,1,4,4,8,0.05
34,58,2,7,1,10,14,14,8,0.05
34,59,3,7,7,12,23,23,7,0.04375
34,60,4,7,7,17,33,33,7,0.04375
34,61,5,7,17,10,46,45,4,0.025
34,62,6,7,9,13,58,57,3,0.01875
34,63,7,7,11,12,55,55,0,0.0
35,0,0,0,7,6,51,51,1,0.00625
35,1,1,0,14,13,60,57,6,0.0375
35,2,2,0,13,18,51,51,2,0.0125
35,3,3,0,12,13,35,33,7,0.04375
35,4,4,0,3,11,23,21,9,0.05625
35,5,5,0,6,7,14,14,8,0.05
35,6,6,0,0,2,3,3,8,0.05
35,7,7,0,1,3,4,4,4,0.025
35,8,0,1,13,11,57,57,1,0.00625
35,9,1,1,12,13,70,70,1,0.00625
35,10,2,1,9,9,72,71,3,0.01875
35,11,3,1,8,11,55,58,2,0.0125
35,12,4,1,13,14,51,52,5,0.03125
35,13,5,1,7,3,21,22,6,0.0375
35,14,6,1,2,3,10,10,7,0.04375
35,15,7,1,3,0,6,6,4,0.025
35,16,0,2,15,11,48,48,0,0.0
35,17,1,2,9,8,70,70,1,0.00625
35,18,2,2,9,9,78,80,0,0.0
35,19,3,2,7,9,77,77,2,0.0125
35,20,4,2,11,7,70,69,3,0.01875
35,21,5,2,11,14,48,49,6,0.0375
35,22,6,2,7,12,33,32,8,0.05
35,23,7,2,7,0,11,11,4,0.025
35,24,0,3,10,11,34,35,0,0.0
35,25,1,3,12,11,59,58,1,0.00625
35,26,2,3,10,6,78,78,1,0.00625
35,27,3,3,10,9,74,73,1,0.00625
35,28,4,3,8,11,69,72,0,0.0
35,29,5,3,5,11,51,53,0,0.0
35,30,6,3,5,10,45,45,0,0.0
35,31,7,3,9,7,20,20,0,0.0
35,32,0,4,12,8,23,23,0,0.0
35,33,1,4,8,11,43,45,1,0.00625
35,34,2,4,6,12,64,67,0,0.0
35,35,3,4,9,10,70,75,0,0.0
35,36,4,4,7,8,81,79,1,0.00625
35,37,5,4,10,13,76,75,1,0.00625
35,38,6,4,11,6,61,60,1,0.00625
35,39,7,4,13,13,38,38,0,0.0
35,40,0,5,4,1,8,8,4,0.025
35,41,1,5,6,5,22,23,7,0.04375
35,42,2,5,10,13,47,47,6,0.0375
35,43,3,5,10,4,57,57,3,0.01875
35,44,4,5,12,7,73,75,1,0.00625
35,45,5,5,5,5,78,79,1,0.00625
35,46,6,5,14,8,71,72,1,0.00625
35,47,7,5,12,12,49,49,0,0.0
35,48,0,6,6,2,8,8,4,0.025
35,49,1,6,4,3,17,17,8,0.05
35,50,2,6,8,7,32,31,8,0.05
35,51,3,6,13,13,52,49,7,0.04375
35,52,4,6,9,10,60,59,4,0.025
35,53,5,6,9,12,74,73,3,0.01875
35,54,6,6,9,9,60,61,0,0.0
35,55,7,6,7,7,51,52,0,0.0
35,56,0,7,0,0,0,0,4,0.025
35,57,1,7,3,4,7,7,8,0.05
35,58,2,7,3,6,12,12,8,0.05
35,59,3,7,6,6,19,19,7,0.04375
35,60,4,7,17,11,41,41,7,0.04375
35,61,5,7,6,14,49,50,3,0.01875
35,62,6,7,9,6,52,51,4,0.025
35,63,7,7,11,11,56,55,1,0.00625
36,0,0,0,15,15,96,97,0,0.0
36,1,1,0,10,14,95,98,3,0.01875
36,2,2,0,7,12,84,82,5,0.03125
36,3,3,0,8,5,66,70,3,0.01875
36,4,4,0,16,10,64,65,8,0.05
36,5,5,0,8,16,52,54,5,0.03125
36,6,6,0,9,20,39,47,0,0.0
36,7,7,0,6,17,23,27,0,0.0
36,8,0,1,15,12,98,98,1,0.00625
36,9,1,1,14,14,104,104,1,0.00625
36,10,2,1,13,10,92,96,1,0.00625
36,11,3,1,15,8,77,73,5,0.03125
36,12,4,1,12,9,67,65,6,0.0375
36,13,5,1,10,14,68,66,8,0.05
36,14,6,1,9,12,56,59,5,0.03125
36,15,7,1,12,10,39,43,0,0.0
36,16,0,2,14,10,85,84,1,0.00625
36,17,1,2,7,15,94,95,1,0.00625
36,18,2,2,9,10,91,91,0,0.0
36,19,3,2,9,13,86,88,1,0.00625
36,20,4,2,9,8,79,78,3,0.01875
36,21,5,2,8,10,76,82,0,0.0
36,22,6,2,6,13,63,71,0,0.0
36,23,7,2,9,12,47,51,0,0.0
36,24,0,3,9,10,70,68,2,0.0125
36,25,1,3,7,12,76,78,0,0.0
36,26,2,3,13,11,88,88,2,0.0125
36,27,3,3,10,11,74,74,1,0.00625
36,28,4,3,8,9,75,73,0,0.0
36,29,5,3,5,10,82,80,1,0.00625
36,30,6,3,16,12,78,79,1,0.00625
36,31,7,3,9,9,56,55,1,0.00625
36,32,0,4,11,12,60,60,0,0.0
36,33,1,4,15,12,75,73,2,0.0125
36,34,2,4,9,8,84,82,3,0.01875
36,35,3,4,10,6,74,72,2,0.0125
36,36,4,4,12,11,81,82,0,0.0
36,37,5,4,15,15,98,98,0,0.0
36,38,6,4,7,10,80,80,0,0.0
36,39,7,4,8,14,71,70,1,0.00625
36,40,0,5,18,15,55,58,1,0.00625
36,41,1,5,7,13,66,67,6,0.0375
36,42,2,5,11,12,82,82,7,0.04375
36,43,3,5,16,6,79,78,3,0.01875
36,44,4,5,14,15,100,101,1,0.00625
36,45,5,5,7,6,93,94,1,0.00625
36,46,6,5,11,12,98,97,0,0.0
36,47,7,5,10,9,81,82,0,0.0
36,48,0,6,11,7,34,38,0,0.0
36,49,1,6,9,7,49,55,1,0.00625
36,50,2,6,10,13,72,73,7,0.04375
36,51,3,6,8,11,68,73,3,0.01875
36,52,4,6,10,10,85,84,6,0.0375
36,53,5,6,10,12,96,98,2,0.0125
36,54,6,6,10,10,97,96,1,0.00625
36,55,7,6,9,16,95,95,0,0.0
36,56,0,7,11,16,27,30,0,0.0
36,57,1,7,7,17,38,42,4,0.025
36,58,2,7,16,17,58,59,7,0.04375
36,59,3,7,8,8,55,57,5,0.03125
36,60,4,7,10,8,69,69,5,0.03125
36,61,5,7,12,10,84,82,5,0.03125
36,62,6,7,13,10,94,97,2,0.0125
36,63,7,7,12,12,98,99,0,0.0
37,0,0,0,7,7,53,51,2,0.0125
37,1,1,0,14,9,52,52,2,0.0125
37,2,2,0,8,6,33,37,1,0.00625
37,3,3,0,10,10,34,31,6,0.0375
37,4,4,0,7,12,22,23,7,0.04375
37,5,5,0,4,7,13,12,7,0.04375
37,6,6,0,5,4,15,7,8,0.05
37,7,7,0,9,1,9,7,2,0.0125
37,8,0,1,6,15,52,52,1,0.00625
37,9,1,1,7,7,58,58,0,0.0
37,10,2,1,6,9,60,59,2,0.0125
37,11,3,1,14,10,58,59,5,0.03125
37,12,4,1,14,11,46,47,6,0.0375
37,13,5,1,6,1,17,18,7,0.04375
37,14,6,1,1,3,16,11,9,0.05625
37,15,7,1,7,2,10,8,2,0.0125
37,16,0,2,8,10,37,37,0,0.0
37,17,1,2,11,7,65,62,3,0.01875
37,18,2,2,10,8,71,69,1,0.00625
37,19,3,2,11,9,75,74,2,0.0125
37,20,4,2,13,9,65,65,2,0.0125
37,21,5,2,11,10,46,37,9,0.05625
37,22,6,2,11,5,36,31,5,0.03125
37,23,7,2,14,7,24,21,3,0.01875
37,24,0,3,7,5,26,29,0,0.0
37,25,1,3,11,14,57,55,1,0.00625
37,26,2,3,9,11,73,73,1,0.00625
37,27,3,3,15,16,88,89,1,0.00625
37,28,4,3,12,13,89,89,1,0.00625
37,29,5,3,14,16,69,66,4,0.025
37,30,6,3,6,7,46,44,3,0.01875
37,31,7,3,19,7,35,36,0,0.0
37,32,0,4,7,9,24,24,0,0.0
37,33,1,4,10,12,41,44,0,0.0
37,34,2,4,10,11,65,64,3,0.01875
37,35,3,4,12,12,89,88,2,0.0125
37,36,4,4,11,12,88,87,2,0.0125
37,37,5,4,12,12,75,75,1,0.00625
37,38,6,4,8,13,51,53,0,0.0
37,39,7,4,9,10,35,35,0,0.0
37,40,0,5,7,1,13,10,4,0.025
37,41,1,5,3,3,18,17,6,0.0375
37,42,2,5,14,6,40,41,5,0.03125
37,43,3,5,10,10,62,63,3,0.01875
37,44,4,5,13,14,76,75,2,0.0125
37,45,5,5,12,12,78,77,1,0.00625
37,46,6,5,8,11,64,65,0,0.0
37,47,7,5,13,11,50,49,0,0.0
37,48,0,6,10,4,15,11,4,0.025
37,49,1,6,7,4,21,15,8,0.05
37,50,2,6,8,8,29,28,8,0.05
37,51,3,6,13,7,49,44,7,0.04375
37,52,4,6,13,8,52,53,5,0.03125
37,53,5,6,10,10,64,65,0,0.0
37,54,6,6,5,5,54,55,0,0.0
37,55,7,6,6,7,51,51,1,0.00625
37,56,0,7,4,1,4,3,2,0.0125
37,57,1,7,5,4,10,7,7,0.04375
37,58,2,7,3,8,13,13,7,0.04375
37,59,3,7,10,15,32,30,7,0.04375
37,60,4,7,9,12,36,39,4,0.025
37,61,5,7,8,12,45,48,2,0.0125
37,62,6,7,9,5,50,49,2,0.0125
37,63,7,7,12,10,57,54,2,0.0125
38,0,0,0,10,11,54,55,0,0.0
38,1,1,0,9,8,53,53,2,0.0125
38,2,2,0,8,9,47,44,3,0.01875
38,3,3,0,7,6,31,33,4,0.025
38,4,4,0,10,8,26,28,5,0.03125
38,5,5,0,7,8,19,18,8,0.05
38,6,6,0,1,2,4,4,8,0.05
38,7,7,0,2,3,6,4,4,0.025
38,8,0,1,10,9,53,53,0,0.0
38,9,1,1,6,5,58,58,1,0.00625
38,10,2,1,15,9,65,63,2,0.0125
38,11,3,1,13,7,44,43,6,0.0375
38,12,4,1,8,16,43,40,8,0.05
38,13,5,1,5,3,24,23,8,0.05
38,14,6,1,5,3,9,11,8,0.05
38,15,7,1,3,2,9,7,4,0.025
38,16,0,2,8,7,43,44,0,0.0
38,17,1,2,8,12,60,62,1,0.00625
38,18,2,2,9,10,71,72,1,0.00625
38,19,3,2,16,11,68,67,2,0.0125
38,20,4,2,8,13,70,67,6,0.0375
38,21,5,2,5,10,45,50,4,0.025
38,22,6,2,10,5,27,26,6,0.0375
38,23,7,2,7,3,16,18,1,0.00625
38,24,0,3,5,11,33,33,0,0.0
38,25,1,3,6,12,42,44,0,0.0
38,26,2,3,10,13,65,66,0,0.0
38,27,3,3,10,9,72,72,1,0.00625
38,28,4,3,7,8,86,85,2,0.0125
38,29,5,3,10,13,67,71,1,0.00625
38,30,6,3,13,13,44,44,2,0.0125
38,31,7,3,9,8,27,26,0,0.0
38,32,0,4,10,5,26,25,1,0.00625
38,33,1,4,15,10,46,46,0,0.0
38,34,2,4,12,9,65,66,2,0.0125
38,35,3,4,9,8,84,86,1,0.00625
38,36,4,4,12,11,87,85,2,0.0125
38,37,5,4,13,7,77,75,2,0.0125
38,38,6,4,13,12,51,51,0,0.0
38,39,7,4,7,11,33,34,0,0.0
38,40,0,5,6,4,17,17,4,0.025
38,41,1,5,6,8,23,22,8,0.05
38,42,2,5,12,10,47,46,7,0.04375
38,43,3,5,13,12,72,72,1,0.00625
38,44,4,5,5,14,73,73,1,0.00625
38,45,5,5,10,11,71,72,0,0.0
38,46,6,5,8,12,61,61,1,0.00625
38,47,7,5,9,10,45,45,0,0.0
38,48,0,6,3,3,9,9,4,0.025
38,49,1,6,3,1,9,9,8,0.05
38,50,2,6,3,6,21,21,8,0.05
38,51,3,6,10,11,42,44,5,0.03125
38,52,4,6,10,10,46,49,2,0.0125
38,53,5,6,13,7,63,61,2,0.0125
38,54,6,6,11,9,64,64,1,0.00625
38,55,7,6,10,8,54,54,0,0.0
38,56,0,7,3,3,7,5,4,0.025
38,57,1,7,4,3,10,9,8,0.05
38,58,2,7,2,5,15,14,8,0.05
38,59,3,7,7,13,27,27,7,0.04375
38,60,4,7,13,6,31,32,3,0.01875
38,61,5,7,12,8,48,45,5,0.03125
38,62,6,7,5,9,52,54,1,0.00625
38,63,7,7,8,9,52,53,1,0.00625
39,0,0,0,9,8,53,54,0,0.0
39,1,1,0,10,10,55,56,0,0.0
39,2,2,0,13,9,40,42,1,0.00625
39,3,3,0,6,8,32,28,7,0.04375
39,4,4,0,8,11,30,28,8,0.05
39,5,5,0,5,3,11,11,8,0.05
39,6,6,0,2,4,9,9,8,0.05
39,7,7,0,3,2,5,5,4,0.025
39,8,0,1,10,12,55,57,0,0.0
39,9,1,1,9,9,66,65,1,0.00625
39,10,2,1,9,11,62,65,0,0.0
39,11,3,1,7,8,47,51,2,0.0125
39,12,4,1,9,14,45,50,3,0.01875
39,13,5,1,5,12,23,24,6,0.0375
39,14,6,1,4,4,13,13,8,0.05
39,15,7,1,1,2,4,4,4,0.025
39,16,0,2,6,11,39,38,1,0.00625
39,17,1,2,12,12,62,64,0,0.0
39,18,2,2,12,13,75,75,0,0.0
39,19,3,2,10,8,69,70,1,0.00625
39,20,4,2,12,8,61,65,2,0.0125
39,21,5,2,8,14,46,43,6,0.0375
39,22,6,2,8,5,25,24,7,0.04375
39,23,7,2,7,2,12,9,4,0.025
39,24,0,3,9,4,31,31,0,0.0
39,25,1,3,11,12,52,51,1,0.00625
39,26,2,3,9,13,73,72,1,0.00625
39,27,3,3,9,10,81,79,2,0.0125
39,28,4,3,10,10,86,86,2,0.0125
39,29,5,3,10,9,67,68,0,0.0
39,30,6,3,9,14,44,46,0,0.0
39,31,7,3,9,8,23,22,1,0.00625
39,32,0,4,11,12,30,29,1,0.00625
39,33,1,4,14,11,43,41,1,0.00625
39,34,2,4,8,11,64,65,2,0.0125
39,35,3,4,10,10,87,84,2,0.0125
39,36,4,4,6,7,85,86,2,0.0125
39,37,5,4,11,10,80,82,0,0.0
39,38,6,4,16,7,59,58,1,0.00625
39,39,7,4,11,16,42,42,0,0.0
39,40,0,5,4,7,11,11,4,0.025
39,41,1,5,9,2,20,19,9,0.05625
39,42,2,5,11,7,45,44,7,0.04375
39,43,3,5,10,10,67,69,1,0.00625
39,44,4,5,14,11,86,80,6,0.0375
39,45,5,5,4,2,66,66,0,0.0
39,46,6,5,7,11,66,64,1,0.00625
39,47,7,5,13,10,55,55,1,0.00625
39,48,0,6,4,1,5,6,3,0.01875
39,49,1,6,2,1,9,10,7,0.04375
39,50,2,6,6,7,26,26,8,0.05
39,51,3,6,11,10,47,48,4,0.025
39,52,4,6,9,14,59,56,5,0.03125
39,53,5,6,12,8,64,64,3,0.01875
39,54,6,6,12,13,69,70,0,0.0
39,55,7,6,11,3,55,56,0,0.0
39,56,0,7,0,0,0,0,4,0.025
39,57,1,7,1,2,3,3,8,0.05
39,58,2,7,5,7,12,12,8,0.05
39,59,3,7,12,11,30,30,7,0.04375
39,60,4,7,15,9,42,40,5,0.03125
39,61,5,7,11,12,54,53,4,0.025
39,62,6,7,3,12,57,56,0,0.0
39,63,7,7,10,11,55,56,0,0.0
40,0,0,0,11,9,55,53,1,0.00625
40,1,1,0,12,8,52,52,2,0.0125
40,2,2,0,8,7,43,43,2,0.0125
40,3,3,0,8,8,34,38,4,0.025
40,4,4,0,9,10,24,26,6,0.0375
40,5,5,0,0,9,14,15,6,0.0375
40,6,6,0,1,3,7,8,7,0.04375
40,7,7,0,3,0,2,3,3,0.01875
40,8,0,1,6,8,50,50,0,0.0
40,9,1,1,6,6,55,57,0,0.0
40,10,2,1,3,7,60,59,1,0.00625
40,11,3,1,14,15,67,65,2,0.0125
40,12,4,1,9,14,49,51,2,0.0125
40,13,5,1,10,2,28,29,6,0.0375
40,14,6,1,5,2,13,13,8,0.05
40,15,7,1,2,1,3,3,4,0.025
40,16,0,2,11,10,47,46,1,0.00625
40,17,1,2,6,3,61,59,2,0.0125
40,18,2,2,11,10,71,72,0,0.0
40,19,3,2,8,9,80,79,2,0.0125
40,20,4,2,17,5,66,64,3,0.01875
40,21,5,2,8,13,50,47,9,0.05625
40,22,6,2,7,10,32,31,8,0.05
40,23,7,2,9,4,14,14,4,0.025
40,24,0,3,15,12,41,41,0,0.0
40,25,1,3,13,13,68,68,1,0.00625
40,26,2,3,8,8,78,79,0,0.0
40,27,3,3,5,4,71,70,3,0.01875
40,28,4,3,9,9,66,67,1,0.00625
40,29,5,3,9,7,57,54,3,0.01875
40,30,6,3,8,11,43,44,0,0.0
40,31,7,3,6,9,18,20,0,0.0
40,32,0,4,6,10,21,23,0,0.0
40,33,1,4,12,12,48,49,0,0.0
40,34,2,4,6,16,64,65,1,0.00625
40,35,3,4,9,9,67,68,3,0.01875
40,36,4,4,12,11,81,81,1,0.00625
40,37,5,4,9,11,78,78,1,0.00625
40,38,6,4,10,6,57,57,0,0.0
40,39,7,4,12,10,34,33,1,0.00625
40,40,0,5,9,3,15,15,4,0.025
40,41,1,5,6,9,32,33,7,0.04375
40,42,2,5,8,6,44,50,2,0.0125
40,43,3,5,9,8,59,54,5,0.03125
40,44,4,5,10,9,73,79,1,0.00625
40,45,5,5,11,13,75,76,0,0.0
40,46,6,5,10,10,62,63,1,0.00625
40,47,7,5,7,10,40,40,0,0.0
40,48,0,6,5,1,8,6,4,0.025
40,49,1,6,4,7,18,17,8,0.05
40,50,2,6,10,8,34,32,9,0.05625
40,51,3,6,13,9,43,40,8,0.05
40,52,4,6,5,15,56,60,2,0.0125
40,53,5,6,10,10,64,62,3,0.01875
40,54,6,6,7,8,64,62,1,0.00625
40,55,7,6,12,12,56,56,0,0.0
40,56,0,7,1,1,2,2,4,0.025
40,57,1,7,2,2,5,6,7,0.04375
40,58,2,7,1,6,11,11,8,0.05
40,59,3,7,5,5,15,14,8,0.05
40,60,4,7,12,9,33,31,6,0.0375
40,61,5,7,10,9,39,41,3,0.01875
40,62,6,7,15,12,58,57,3,0.01875
40,63,7,7,5,5,50,50,1,0.00625
41,0,0,0,13,15,59,58,1,0.00625
41,1,1,0,12,6,50,50,2,0.0125
41,2,2,0,8,9,39,39,2,0.0125
41,3,3,0,14,13,35,34,5,0.03125
41,4,4,0,5,5,17,15,8,0.05
41,5,5,0,4,8,16,15,8,0.05
41,6,6,0,3,4,10,8,8,0.05
41,7,7,0,2,1,4,3,4,0.025
41,8,0,1,7,14,52,51,1,0.00625
41,9,1,1,13,13,65,63,1,0.00625
41,10,2,1,5,14,65,66,1,0.00625
41,11,3,1,9,11,59,62,1,0.00625
41,12,4,1,10,9,51,46,7,0.04375
41,13,5,1,14,10,44,43,7,0.04375
41,14,6,1,4,2,18,19,7,0.04375
41,15,7,1,8,4,13,13,4,0.025
41,16,0,2,7,8,39,39,1,0.00625
41,17,1,2,15,5,65,66,0,0.0
41,18,2,2,4,5,70,69,1,0.00625
41,19,3,2,10,9,73,75,0,0.0
41,20,4,2,9,13,58,62,1,0.00625
41,21,5,2,12,8,47,50,6,0.0375
41,22,6,2,6,5,20,21,7,0.04375
41,23,7,2,4,2,11,11,4,0.025
41,24,0,3,6,8,29,28,0,0.0
41,25,1,3,11,8,60,58,2,0.0125
41,26,2,3,10,11,74,74,1,0.00625
41,27,3,3,13,13,82,84,1,0.00625
41,28,4,3,9,12,82,82,1,0.00625
41,29,5,3,8,13,69,71,1,0.00625
41,30,6,3,13,10,44,42,2,0.0125
41,31,7,3,11,5,24,24,0,0.0
41,32,0,4,7,5,21,21,0,0.0
41,33,1,4,9,5,48,49,0,0.0
41,34,2,4,10,11,60,58,1,0.00625
41,35,3,4,11,10,80,83,0,0.0
41,36,4,4,10,11,77,80,0,0.0
41,37,5,4,7,7,73,71,2,0.0125
41,38,6,4,6,11,51,52,0,0.0
41,39,7,4,14,10,37,37,0,0.0
41,40,0,5,6,2,15,15,4,0.025
41,41,1,5,10,15,44,43,8,0.05
41,42,2,5,13,10,50,46,6,0.0375
41,43,3,5,12,10,67,70,3,0.01875
41,44,4,5,6,7,75,74,2,0.0125
41,45,5,5,4,4,63,63,0,0.0
41,46,6,5,10,14,59,60,0,0.0
41,47,7,5,4,10,37,37,1,0.00625
41,48,0,6,1,3,8,10,3,0.01875
41,49,1,6,1,7,15,16,7,0.04375
41,50,2,6,5,7,20,22,8,0.05
41,51,3,6,10,13,41,45,3,0.01875
41,52,4,6,11,6,57,52,7,0.04375
41,53,5,6,14,9,60,60,4,0.025
41,54,6,6,11,11,62,63,0,0.0
41,55,7,6,7,12,52,51,1,0.00625
41,56,0,7,2,5,7,7,4,0.025
41,57,1,7,2,5,9,8,8,0.05
41,58,2,7,5,7,15,15,8,0.05
41,59,3,7,4,9,21,21,8,0.05
41,60,4,7,8,18,37,41,3,0.01875
41,61,5,7,9,6,39,39,4,0.025
41,62,6,7,13,8,53,52,4,0.025
41,63,7,7,9,8,52,52,0,0.0
42,0,0,0,10,9,92,95,0,0.0
42,1,1,0,13,9,96,94,4,0.025
42,2,2,0,7,12,87,86,2,0.0125
42,3,3,0,14,6,72,72,5,0.03125
42,4,4,0,14,7,59,60,7,0.04375
42,5,5,0,10,15,53,53,8,0.05
42,6,6,0,14,17,42,45,6,0.0375
42,7,7,0,8,14,23,27,0,0.0
42,8,0,1,9,12,94,94,0,0.0
42,9,1,1,11,11,94,95,0,0.0
42,10,2,1,14,10,100,99,2,0.0125
42,11,3,1,12,10,82,78,5,0.03125
42,12,4,1,13,13,67,69,4,0.025
42,13,5,1,12,16,69,68,8,0.05
42,14,6,1,6,10,50,51,6,0.0375
42,15,7,1,16,10,41,43,1,0.00625
42,16,0,2,10,6,82,84,0,0.0
42,17,1,2,13,12,98,99,0,0.0
42,18,2,2,8,7,97,96,0,0.0
42,19,3,2,11,11,92,92,1,0.00625
42,20,4,2,8,4,78,76,2,0.0125
42,21,5,2,13,10,84,86,4,0.025
42,22,6,2,10,10,60,67,0,0.0
42,23,7,2,9,14,49,53,0,0.0
42,24,0,3,7,15,74,75,0,0.0
42,25,1,3,9,9,77,80,0,0.0
42,26,2,3,15,10,94,93,1,0.00625
42,27,3,3,15,15,75,76,0,0.0
42,28,4,3,8,11,64,65,1,0.00625
42,29,5,3,7,9,78,75,2,0.0125
42,30,6,3,10,10,68,65,4,0.025
42,31,7,3,12,13,66,65,0,0.0
42,32,0,4,5,15,58,58,0,0.0
42,33,1,4,13,14,70,70,0,0.0
42,34,2,4,3,12,75,78,0,0.0
42,35,3,4,13,7,66,64,2,0.0125
42,36,4,4,14,13,74,71,2,0.0125
42,37,5,4,13,8,86,88,1,0.00625
42,38,6,4,6,11,73,72,0,0.0
42,39,7,4,10,8,71,71,0,0.0
42,40,0,5,9,11,47,51,0,0.0
42,41,1,5,10,15,61,69,1,0.00625
42,42,2,5,6,12,80,84,1,0.00625
42,43,3,5,6,5,75,76,1,0.00625
42,44,4,5,7,13,86,87,1,0.00625
42,45,5,5,8,7,86,83,2,0.0125
42,46,6,5,11,16,91,90,1,0.00625
42,47,7,5,11,4,76,75,2,0.0125
42,48,0,6,14,12,41,43,0,0.0
42,49,1,6,7,8,49,52,3,0.01875
42,50,2,6,8,13,67,68,7,0.04375
42,51,3,6,8,8,66,64,6,0.0375
42,52,4,6,12,6,71,73,4,0.025
42,53,5,6,15,9,87,88,4,0.025
42,54,6,6,9,9,98,98,0,0.0
42,55,7,6,16,14,97,97,1,0.00625
42,56,0,7,13,14,27,31,0,0.0
42,57,1,7,8,16,41,45,4,0.025
42,58,2,7,8,16,53,56,5,0.03125
42,59,3,7,12,13,65,67,6,0.0375
42,60,4,7,8,10,71,70,3,0.01875
42,61,5,7,7,6,74,72,5,0.03125
42,62,6,7,11,15,94,96,1,0.00625
42,63,7,7,12,11,93,93,0,0.0
43,0,0,0,7,9,54,53,1,0.00625
43,1,1,0,6,3,44,47,0,0.0
43,2,2,0,10,7,43,43,3,0.01875
43,3,3,0,12,8,36,36,5,0.03125
43,4,4,0,10,6,22,22,6,0.0375
43,5,5,0,4,10,16,16,8,0.05
43,6,6,0,2,3,7,5,8,0.05
43,7,7,0,6,5,10,6,4,0.025
43,8,0,1,2,8,46,47,0,0.0
43,9,1,1,8,9,56,57,0,0.0
43,10,2,1,13,19,68,68,2,0.0125
43,11,3,1,7,14,53,53,4,0.025
43,12,4,1,10,9,39,40,4,0.025
43,13,5,1,7,7,29,30,7,0.04375
43,14,6,1,5,3,14,11,8,0.05
43,15,7,1,4,4,12,10,4,0.025
43,16,0,2,9,9,46,44,1,0.00625
43,17,1,2,16,13,70,67,2,0.0125
43,18,2,2,9,9,77,78,0,0.0
43,19,3,2,5,14,81,80,2,0.0125
43,20,4,2,12,6,66,63,4,0.025
43,21,5,2,10,9,54,55,4,0.025
43,22,6,2,9,7,39,33,6,0.0375
43,23,7,2,19,1,27,25,2,0.0125
43,24,0,3,7,13,33,32,1,0.00625
43,25,1,3,17,10,56,55,1,0.00625
43,26,2,3,12,4,83,81,3,0.01875
43,27,3,3,14,15,96,95,2,0.0125
43,28,4,3,10,11,80,79,1,0.00625
43,29,5,3,10,7,65,68,1,0.00625
43,30,6,3,8,9,44,48,1,0.00625
43,31,7,3,11,4,22,23,0,0.0
43,32,0,4,8,6,20,20,0,0.0
43,33,1,4,8,11,39,38,1,0.00625
43,34,2,4,7,9,64,64,0,0.0
43,35,3,4,9,9,76,77,1,0.00625
43,36,4,4,12,12,83,83,3,0.01875
43,37,5,4,16,7,75,76,0,0.0
43,38,6,4,5,10,55,55,0,0.0
43,39,7,4,16,10,39,39,1,0.00625
43,40,0,5,12,2,18,18,0,0.0
43,41,1,5,8,4,31,31,1,0.00625
43,42,2,5,8,12,60,58,4,0.025
43,43,3,5,12,13,73,65,8,0.05
43,44,4,5,8,13,74,73,1,0.00625
43,45,5,5,13,13,70,71,0,0.0
43,46,6,5,9,10,61,62,0,0.0
43,47,7,5,8,16,47,45,2,0.0125
43,48,0,6,6,4,10,8,3,0.01875
43,49,1,6,8,3,18,14,8,0.05
43,50,2,6,9,8,35,34,8,0.05
43,51,3,6,11,11,48,46,8,0.05
43,52,4,6,7,3,52,56,0,0.0
43,53,5,6,10,12,64,65,2,0.0125
43,54,6,6,7,5,59,58,1,0.00625
43,55,7,6,8,7,52,52,0,0.0
43,56,0,7,7,1,8,4,4,0.025
43,57,1,7,2,5,10,6,8,0.05
43,58,2,7,9,11,23,19,9,0.05625
43,59,3,7,7,10,25,22,7,0.04375
43,60,4,7,10,16,39,40,3,0.01875
43,61,5,7,13,10,45,49,2,0.0125
43,62,6,7,6,7,52,52,1,0.00625
43,63,7,7,11,13,56,56,1,0.00625
44,0,0,0,21,20,66,65,1,0.00625
44,1,1,0,10,8,55,53,3,0.01875
44,2,2,0,9,9,48,46,5,0.03125
44,3,3,0,7,9,39,38,6,0.0375
44,4,4,0,8,9,31,31,7,0.04375
44,5,5,0,9,11,24,25,6,0.0375
44,6,6,0,1,4,8,8,7,0.04375
44,7,7,0,3,0,3,3,4,0.025
44,8,0,1,9,7,54,53,1,0.00625
44,9,1,1,7,7,61,60,1,0.00625
44,10,2,1,12,9,63,63,2,0.0125
44,11,3,1,9,14,54,57,1,0.00625
44,12,4,1,9,10,40,42,2,0.0125
44,13,5,1,6,6,30,29,7,0.04375
44,14,6,1,2,7,16,16,8,0.05
44,15,7,1,3,0,3,3,4,0.025
44,16,0,2,9,8,46,47,0,0.0
44,17,1,2,7,12,62,62,1,0.00625
44,18,2,2,9,10,72,73,0,0.0
44,19,3,2,9,13,81,80,1,0.00625
44,20,4,2,11,11,67,67,6,0.0375
44,21,5,2,10,4,51,49,6,0.0375
44,22,6,2,9,5,35,33,7,0.04375
44,23,7,2,9,6,15,15,2,0.0125
44,24,0,3,11,8,40,41,0,0.0
44,25,1,3,12,12,54,54,0,0.0
44,26,2,3,11,11,78,80,1,0.00625
44,27,3,3,6,6,85,86,0,0.0
44,28,4,3,8,7,82,80,3,0.01875
44,29,5,3,14,12,71,70,1,0.00625
44,30,6,3,14,9,51,49,1,0.00625
44,31,7,3,11,9,26,26,0,0.0
44,32,0,4,11,12,35,34,1,0.00625
44,33,1,4,10,7,42,41,2,0.0125
44,34,2,4,13,7,66,65,1,0.00625
44,35,3,4,9,7,84,82,3,0.01875
44,36,4,4,13,14,84,86,0,0.0
44,37,5,4,14,10,79,76,2,0.0125
44,38,6,4,12,10,57,57,1,0.00625
44,39,7,4,8,11,32,33,0,0.0
44,40,0,5,10,6,20,20,0,0.0
44,41,1,5,12,7,34,31,4,0.025
44,42,2,5,5,10,50,48,5,0.03125
44,43,3,5,12,12,66,72,3,0.01875
44,44,4,5,10,14,76,78,1,0.00625
44,45,5,5,10,11,79,81,0,0.0
44,46,6,5,17,8,71,70,2,0.0125
44,47,7,5,7,11,42,45,0,0.0
44,48,0,6,4,3,8,7,4,0.025
44,49,1,6,4,3,13,13,8,0.05
44,50,2,6,9,8,33,34,7,0.04375
44,51,3,6,7,9,47,49,4,0.025
44,52,4,6,10,11,54,54,1,0.00625
44,53,5,6,8,15,69,69,1,0.00625
44,54,6,6,12,13,66,67,1,0.00625
44,55,7,6,11,9,55,55,1,0.00625
44,56,0,7,0,1,1,2,3,0.01875
44,57,1,7,3,3,6,7,7,0.04375
44,58,2,7,4,10,17,17,8,0.05
44,59,3,7,8,15,30,31,8,0.05
44,60,4,7,10,8,34,30,7,0.04375
44,61,5,7,12,8,43,42,3,0.01875
44,62,6,7,14,11,57,54,4,0.025
44,63,7,7,8,8,53,52,1,0.00625
45,0,0,0,9,8,53,54,0,0.0
45,1,1,0,8,8,52,52,3,0.01875
45,2,2,0,8,6,39,41,2,0.0125
45,3,3,0,13,9,33,34,5,0.03125
45,4,4,0,8,15,27,26,8,0.05
45,5,5,0,2,6,11,10,8,0.05
45,6,6,0,1,3,8,7,8,0.05
45,7,7,0,2,1,3,3,4,0.025
45,8,0,1,8,10,52,52,0,0.0
45,9,1,1,9,9,61,61,0,0.0
45,10,2,1,17,9,62,58,5,0.03125
45,11,3,1,10,7,46,45,3,0.01875
45,12,4,1,6,11,48,44,6,0.0375
45,13,5,1,8,14,37,36,8,0.05
45,14,6,1,5,3,17,18,8,0.05
45,15,7,1,5,1,7,7,4,0.025
45,16,0,2,7,8,42,42,1,0.00625
45,17,1,2,9,16,60,61,1,0.00625
45,18,2,2,11,10,71,71,0,0.0
45,19,3,2,7,9,68,69,1,0.00625
45,20,4,2,9,7,63,67,2,0.0125
45,21,5,2,9,10,54,53,6,0.0375
45,22,6,2,6,12,31,35,4,0.025
45,23,7,2,5,4,11,12,1,0.00625
45,24,0,3,7,11,34,34,0,0.0
45,25,1,3,7,6,43,43,0,0.0
45,26,2,3,10,6,68,67,1,0.00625
45,27,3,3,11,10,77,76,1,0.00625
45,28,4,3,13,15,87,89,2,0.0125
45,29,5,3,15,7,63,64,0,0.0
45,30,6,3,4,7,36,37,0,0.0
45,31,7,3,10,5,20,19,1,0.00625
45,32,0,4,14,5,27,27,0,0.0
45,33,1,4,11,11,48,49,1,0.00625
45,34,2,4,7,14,68,68,1,0.00625
45,35,3,4,15,14,90,88,3,0.01875
45,36,4,4,13,13,90,90,1,0.00625
45,37,5,4,12,9,76,76,2,0.0125
45,38,6,4,7,9,53,52,1,0.00625
45,39,7,4,12,11,35,35,0,0.0
45,40,0,5,9,5,17,17,0,0.0
45,41,1,5,8,6,32,31,4,0.025
45,42,2,5,12,8,53,55,4,0.025
45,43,3,5,3,15,65,65,4,0.025
45,44,4,5,11,12,79,76,4,0.025
45,45,5,5,4,4,65,64,1,0.00625
45,46,6,5,9,10,60,60,1,0.00625
45,47,7,5,6,10,38,39,0,0.0
45,48,0,6,7,1,10,11,2,0.0125
45,49,1,6,2,3,18,19,7,0.04375
45,50,2,6,8,6,35,35,7,0.04375
45,51,3,6,7,10,40,45,1,0.00625
45,52,4,6,8,8,55,55,1,0.00625
45,53,5,6,9,11,61,62,2,0.0125
45,54,6,6,12,12,64,65,0,0.0
45,55,7,6,8,11,53,53,0,0.0
45,56,0,7,2,2,4,3,4,0.025
45,57,1,7,3,5,10,9,8,0.05
45,58,2,7,2,10,15,16,8,0.05
45,59,3,7,5,6,18,17,8,0.05
45,60,4,7,15,11,37,37,5,0.03125
45,61,5,7,6,7,40,41,1,0.00625
45,62,6,7,6,8,49,53,1,0.00625
45,63,7,7,9,8,53,53,1,0.00625
46,0,0,0,8,8,53,52,1,0.00625
46,1,1,0,7,3,45,47,0,0.0
46,2,2,0,3,11,46,48,0,0.0
46,3,3,0,14,5,37,37,5,0.03125
46,4,4,0,7,11,29,30,7,0.04375
46,5,5,0,3,7,16,17,7,0.04375
46,6,6,0,2,8,12,13,8,0.05
46,7,7,0,4,4,7,8,3,0.01875
46,8,0,1,4,8,47,48,0,0.0
46,9,1,1,7,7,54,55,0,0.0
46,10,2,1,11,10,64,67,2,0.0125
46,11,3,1,11,10,47,45,4,0.025
46,12,4,1,15,7,45,43,8,0.05
46,13,5,1,6,5,20,22,7,0.04375
46,14,6,1,3,2,11,11,8,0.05
46,15,7,1,0,0,4,4,4,0.025
46,16,0,2,10,7,46,46,0,0.0
46,17,1,2,10,11,65,66,0,0.0
46,18,2,2,11,9,75,73,1,0.00625
46,19,3,2,9,8,68,68,1,0.00625
46,20,4,2,10,10,67,65,3,0.01875
46,21,5,2,7,9,44,47,3,0.01875
46,22,6,2,10,12,39,37,6,0.0375
46,23,7,2,14,3,22,18,5,0.03125
46,24,0,3,5,14,35,34,1,0.00625
46,25,1,3,10,10,49,50,0,0.0
46,26,2,3,7,10,68,69,1,0.00625
46,27,3,3,15,14,81,82,0,0.0
46,28,4,3,6,11,87,87,1,0.00625
46,29,5,3,10,9,73,69,4,0.025
46,30,6,3,12,8,58,59,0,0.0
46,31,7,3,17,7,33,34,0,0.0
46,32,0,4,13,10,28,28,1,0.00625
46,33,1,4,8,8,41,41,1,0.00625
46,34,2,4,8,9,63,63,1,0.00625
46,35,3,4,9,7,81,85,1,0.00625
46,36,4,4,14,12,84,85,0,0.0
46,37,5,4,6,13,73,73,2,0.0125
46,38,6,4,13,10,59,59,1,0.00625
46,39,7,4,8,13,36,35,1,0.00625
46,40,0,5,8,3,14,13,1,0.00625
46,41,1,5,5,6,22,25,2,0.0125
46,42,2,5,9,11,45,46,3,0.01875
46,43,3,5,11,11,67,69,2,0.0125
46,44,4,5,11,9,74,75,2,0.0125
46,45,5,5,14,13,84,83,1,0.00625
46,46,6,5,14,7,69,70,0,0.0
46,47,7,5,10,9,48,47,1,0.00625
46,48,0,6,5,1,8,7,4,0.025
46,49,1,6,8,3,18,17,8,0.05
46,50,2,6,11,7,36,35,8,0.05
46,51,3,6,11,8,57,51,7,0.04375
46,52,4,6,12,15,62,60,3,0.01875
46,53,5,6,7,13,70,68,3,0.01875
46,54,6,6,12,12,65,64,1,0.00625
46,55,7,6,8,8,52,53,0,0.0
46,56,0,7,1,2,3,3,4,0.025
46,57,1,7,2,3,6,6,8,0.05
46,58,2,7,1,7,12,13,7,0.04375
46,59,3,7,7,16,28,28,9,0.05625
46,60,4,7,14,9,36,36,7,0.04375
46,61,5,7,12,11,48,47,3,0.01875
46,62,6,7,10,9,55,54,1,0.00625
46,63,7,7,13,11,57,58,0,0.0
47,0,0,0,8,8,51,52,0,0.0
47,1,1,0,9,8,52,53,0,0.0
47,2,2,0,10,10,49,46,3,0.01875
47,3,3,0,14,10,35,36,4,0.025
47,4,4,0,8,13,24,23,7,0.04375
47,5,5,0,3,9,14,13,8,0.05
47,6,6,0,1,3,5,5,8,0.05
47,7,7,0,1,1,3,2,4,0.025
47,8,0,1,7,8,53,51,1,0.00625
47,9,1,1,11,11,62,62,0,0.0
47,10,2,1,12,7,63,64,1,0.00625
47,11,3,1,7,12,52,55,2,0.0125
47,12,4,1,9,13,45,46,6,0.0375
47,13,5,1,5,5,27,26,8,0.05
47,14,6,1,3,7,17,18,7,0.04375
47,15,7,1,5,4,10,10,3,0.01875
47,16,0,2,12,8,48,49,0,0.0
47,17,1,2,8,13,64,65,0,0.0
47,18,2,2,14,16,80,80,2,0.0125
47,19,3,2,10,9,76,77,0,0.0
47,20,4,2,5,11,68,69,2,0.0125
47,21,5,2,6,12,55,55,4,0.025
47,22,6,2,11,5,41,39,8,0.05
47,23,7,2,8,2,16,21,0,0.0
47,24,0,3,9,14,38,38,0,0.0
47,25,1,3,11,10,51,50,1,0.00625
47,26,2,3,11,10,74,76,0,0.0
47,27,3,3,9,10,80,80,1,0.00625
47,28,4,3,5,5,78,78,1,0.00625
47,29,5,3,5,5,60,63,1,0.00625
47,30,6,3,13,15,55,56,0,0.0
47,31,7,3,10,6,24,24,0,0.0
47,32,0,4,11,7,27,27,0,0.0
47,33,1,4,13,8,47,47,1,0.00625
47,34,2,4,14,7,76,74,3,0.01875
47,35,3,4,5,6,84,82,2,0.0125
47,36,4,4,11,12,79,76,2,0.0125
47,37,5,4,8,14,71,72,1,0.00625
47,38,6,4,6,4,55,56,0,0.0
47,39,7,4,14,15,43,42,1,0.00625
47,40,0,5,13,5,22,20,3,0.01875
47,41,1,5,6,7,31,25,7,0.04375
47,42,2,5,14,5,56,54,5,0.03125
47,43,3,5,6,7,67,64,3,0.01875
47,44,4,5,12,7,69,70,1,0.00625
47,45,5,5,10,9,69,70,0,0.0
47,46,6,5,10,9,61,61,0,0.0
47,47,7,5,8,9,46,45,0,0.0
47,48,0,6,0,1,5,5,4,0.025
47,49,1,6,3,3,7,8,7,0.04375
47,50,2,6,12,12,37,38,6,0.0375
47,51,3,6,12,12,57,59,5,0.03125
47,52,4,6,3,6,54,51,5,0.03125
47,53,5,6,11,10,60,62,1,0.00625
47,54,6,6,13,13,68,67,1,0.00625
47,55,7,6,9,6,54,53,1,0.00625
47,56,0,7,0,4,4,4,4,0.025
47,57,1,7,3,1,5,4,9,0.05625
47,58,2,7,6,12,20,19,8,0.05
47,59,3,7,6,15,28,30,7,0.04375
47,60,4,7,12,12,37,40,3,0.01875
47,61,5,7,9,7,46,45,4,0.025
47,62,6,7,7,10,55,54,3,0.01875
47,63,7,7,15,18,60,60,1,0.00625
48,0,0,0,9,11,91,91,1,0.00625
48,1,1,0,11,10,92,90,1,0.00625
48,2,2,0,10,20,89,89,3,0.01875
48,3,3,0,12,10,73,70,7,0.04375
48,4,4,0,3,11,59,62,4,0.025
48,5,5,0,9,18,58,63,3,0.01875
48,6,6,0,11,12,38,42,4,0.025
48,7,7,0,11,12,23,27,0,0.0
48,8,0,1,9,12,90,91,0,0.0
48,9,1,1,7,6,89,87,1,0.00625
48,10,2,1,7,10,98,99,1,0.00625
48,11,3,1,12,10,80,82,0,0.0
48,12,4,1,4,9,66,71,1,0.00625
48,13,5,1,10,10,61,68,1,0.00625
48,14,6,1,4,11,40,47,0,0.0
48,15,7,1,7,13,32,36,0,0.0
48,16,0,2,19,10,88,88,0,0.0
48,17,1,2,11,9,99,99,0,0.0
48,18,2,2,11,11,97,97,1,0.00625
48,19,3,2,9,18,95,94,1,0.00625
48,20,4,2,11,8,83,78,7,0.04375
48,21,5,2,7,12,80,80,2,0.0125
48,22,6,2,11,19,65,73,0,0.0
48,23,7,2,15,13,50,49,1,0.00625
48,24,0,3,10,14,69,70,0,0.0
48,25,1,3,10,10,83,83,0,0.0
48,26,2,3,17,9,95,94,1,0.00625
48,27,3,3,5,6,85,86,0,0.0
48,28,4,3,14,12,85,83,2,0.0125
48,29,5,3,9,12,84,82,4,0.025
48,30,6,3,11,9,77,73,3,0.01875
48,31,7,3,15,12,64,64,0,0.0
48,32,0,4,13,9,58,59,0,0.0
48,33,1,4,9,13,74,74,1,0.00625
48,34,2,4,8,7,77,78,2,0.0125
48,35,3,4,13,13,83,83,2,0.0125
48,36,4,4,10,9,77,80,0,0.0
48,37,5,4,12,10,91,88,3,0.01875
48,38,6,4,11,8,73,74,0,0.0
48,39,7,4,5,9,62,64,0,0.0
48,40,0,5,9,10,46,49,0,0.0
48,41,1,5,8,13,61,69,0,0.0
48,42,2,5,13,8,82,82,5,0.03125
48,43,3,5,13,5,80,79,6,0.0375
48,44,4,5,14,10,91,87,4,0.025
48,45,5,5,7,9,93,93,0,0.0
48,46,6,5,9,13,93,93,0,0.0
48,47,7,5,14,14,83,85,0,0.0
48,48,0,6,8,10,34,38,0,0.0
48,49,1,6,10,12,51,54,3,0.01875
48,50,2,6,13,15,76,74,7,0.04375
48,51,3,6,10,13,72,72,4,0.025
48,52,4,6,7,7,71,77,0,0.0
48,53,5,6,12,7,94,91,4,0.025
48,54,6,6,9,9,84,86,0,0.0
48,55,7,6,5,12,87,87,1,0.00625
48,56,0,7,7,15,22,26,0,0.0
48,57,1,7,12,16,37,45,0,0.0
48,58,2,7,6,19,54,58,4,0.025
48,59,3,7,10,9,59,58,8,0.05
48,60,4,7,9,8,67,65,5,0.03125
48,61,5,7,14,12,83,83,4,0.025
48,62,6,7,11,5,86,87,2,0.0125
48,63,7,7,10,10,91,91,0,0.0
49,0,0,0,7,7,51,51,0,0.0
49,1,1,0,10,7,52,52,1,0.00625
49,2,2,0,6,15,47,49,2,0.0125
49,3,3,0,11,8,33,35,4,0.025
49,4,4,0,8,9,27,24,7,0.04375
49,5,5,0,6,8,23,18,8,0.05
49,6,6,0,9,4,18,14,8,0.05
49,7,7,0,9,2,11,7,4,0.025
49,8,0,1,8,10,52,53,0,0.0
49,9,1,1,4,5,55,54,2,0.0125
49,10,2,1,11,10,69,68,2,0.0125
49,11,3,1,8,4,48,45,2,0.0125
49,12,4,1,10,13,49,48,3,0.01875
49,13,5,1,9,5,35,31,5,0.03125
49,14,6,1,7,4,21,21,0,0.0
49,15,7,1,7,4,13,13,0,0.0
49,16,0,2,15,7,49,48,1,0.00625
49,17,1,2,10,10,68,67,0,0.0
49,18,2,2,11,11,79,77,2,0.0125
49,19,3,2,9,14,70,71,1,0.00625
49,20,4,2,13,7,64,65,6,0.0375
49,21,5,2,11,10,46,45,5,0.03125
49,22,6,2,7,9,37,30,7,0.04375
49,23,7,2,13,2,22,21,1,0.00625
49,24,0,3,14,9,40,39,1,0.00625
49,25,1,3,6,10,52,49,3,0.01875
49,26,2,3,12,8,72,73,0,0.0
49,27,3,3,12,11,78,74,2,0.0125
49,28,4,3,8,6,74,74,2,0.0125
49,29,5,3,12,14,66,67,3,0.01875
49,30,6,3,11,8,46,45,4,0.025
49,31,7,3,11,4,22,22,0,0.0
49,32,0,4,6,3,24,23,1,0.00625
49,33,1,4,17,7,44,43,1,0.00625
49,34,2,4,6,14,64,65,0,0.0
49,35,3,4,9,7,75,74,4,0.025
49,36,4,4,10,12,89,87,2,0.0125
49,37,5,4,15,9,85,88,1,0.00625
49,38,6,4,10,12,62,62,0,0.0
49,39,7,4,15,13,41,41,0,0.0
49,40,0,5,12,5,25,24,0,0.0
49,41,1,5,8,9,37,31,6,0.0375
49,42,2,5,5,9,42,42,4,0.025
49,43,3,5,15,13,69,69,6,0.0375
49,44,4,5,8,17,86,88,3,0.01875
49,45,5,5,8,8,77,78,0,0.0
49,46,6,5,14,8,72,70,2,0.0125
49,47,7,5,11,9,48,47,1,0.00625
49,48,0,6,11,3,18,14,3,0.01875
49,49,1,6,5,2,20,17,7,0.04375
49,50,2,6,9,6,30,34,5,0.03125
49,51,3,6,6,11,44,44,5,0.03125
49,52,4,6,15,12,64,58,5,0.03125
49,53,5,6,8,15,68,70,2,0.0125
49,54,6,6,4,5,60,59,1,0.00625
49,55,7,6,13,9,57,56,1,0.00625
49,56,0,7,8,4,12,8,4,0.025
49,57,1,7,4,6,15,8,8,0.05
49,58,2,7,6,7,15,12,7,0.04375
49,59,3,7,11,10,25,26,7,0.04375
49,60,4,7,10,12,38,40,4,0.025
49,61,5,7,10,12,48,47,4,0.025
49,62,6,7,9,11,55,55,2,0.0125
49,63,7,7,14,14,59,59,1,0.00625
50,0,0,0,12,10,55,55,1,0.00625
50,1,1,0,9,9,56,54,3,0.01875
50,2,2,0,11,10,49,48,3,0.01875
50,3,3,0,11,16,44,45,2,0.0125
50,4,4,0,11,7,22,23,7,0.04375
50,5,5,0,1,5,8,8,8,0.05
50,6,6,0,2,2,4,4,8,0.05
50,7,7,0,0,2,2,2,4,0.025
50,8,0,1,11,7,56,55,1,0.00625
50,9,1,1,11,11,66,67,1,0.00625
50,10,2,1,8,12,65,65,1,0.00625
50,11,3,1,9,12,66,64,3,0.01875
50,12,4,1,7,12,47,48,2,0.0125
50,13,5,1,7,5,32,31,6,0.0375
50,14,6,1,11,4,28,21,7,0.04375
50,15,7,1,12,4,18,18,0,0.0
50,16,0,2,8,9,46,46,1,0.00625
50,17,1,2,11,8,65,66,0,0.0
50,18,2,2,10,11,77,79,1,0.00625
50,19,3,2,7,12,86,84,2,0.0125
50,20,4,2,9,9,61,65,2,0.0125
50,21,5,2,13,7,42,43,4,0.025
50,22,6,2,7,7,28,28,7,0.04375
50,23,7,2,8,2,16,15,3,0.01875
50,24,0,3,12,14,41,42,0,0.0
50,25,1,3,15,7,65,68,1,0.00625
50,26,2,3,12,7,86,84,2,0.0125
50,27,3,3,8,8,93,95,2,0.0125
50,28,4,3,7,17,85,88,1,0.00625
50,29,5,3,6,13,61,63,1,0.00625
50,30,6,3,10,6,37,42,0,0.0
50,31,7,3,8,13,31,31,0,0.0
50,32,0,4,9,9,23,24,0,0.0
50,33,1,4,12,7,51,51,2,0.0125
50,34,2,4,9,13,67,64,3,0.01875
50,35,3,4,17,8,89,88,4,0.025
50,36,4,4,9,9,93,92,1,0.00625
50,37,5,4,17,14,84,83,1,0.00625
50,38,6,4,7,10,54,51,2,0.0125
50,39,7,4,17,5,44,43,1,0.00625
50,40,0,5,8,1,16,13,4,0.025
50,41,1,5,6,6,31,30,6,0.0375
50,42,2,5,10,10,42,42,3,0.01875
50,43,3,5,9,9,63,67,2,0.0125
50,44,4,5,11,17,82,83,2,0.0125
50,45,5,5,12,12,76,76,0,0.0
50,46,6,5,8,15,62,64,0,0.0
50,47,7,5,12,10,49,49,0,0.0
50,48,0,6,2,5,10,10,4,0.025
50,49,1,6,1,6,17,16,8,0.05
50,50,2,6,8,3,23,21,7,0.04375
50,51,3,6,14,12,48,47,5,0.03125
50,52,4,6,7,8,48,53,1,0.00625
50,53,5,6,14,8,63,65,1,0.00625
50,54,6,6,5,5,65,64,2,0.0125
50,55,7,6,14,7,58,60,0,0.0
50,56,0,7,0,4,4,4,4,0.025
50,57,1,7,4,8,13,12,9,0.05625
50,58,2,7,5,10,20,19,8,0.05
50,59,3,7,10,15,33,34,5,0.03125
50,60,4,7,6,13,40,40,3,0.01875
50,61,5,7,7,10,47,48,3,0.01875
50,62,6,7,6,13,57,57,1,0.00625
50,63,7,7,6,5,51,49,2,0.0125
51,0,0,0,7,8,53,53,1,0.00625
51,1,1,0,11,10,52,54,2,0.0125
51,2,2,0,11,9,43,41,5,0.03125
51,3,3,0,12,13,39,36,7,0.04375
51,4,4,0,3,8,22,21,7,0.04375
51,5,5,0,8,8,19,19,7,0.04375
51,6,6,0,2,6,9,9,8,0.05
51,7,7,0,1,0,1,1,4,0.025
51,8,0,1,8,13,52,52,0,0.0
51,9,1,1,8,8,60,61,1,0.00625
51,10,2,1,11,9,63,64,1,0.00625
51,11,3,1,8,13,61,60,5,0.03125
51,12,4,1,7,18,57,54,4,0.025
51,13,5,1,8,10,39,41,4,0.025
51,14,6,1,5,1,19,18,8,0.05
51,15,7,1,10,1,11,7,4,0.025
51,16,0,2,10,9,42,42,0,0.0
51,17,1,2,8,11,62,62,0,0.0
51,18,2,2,6,6,68,68,1,0.00625
51,19,3,2,15,7,78,77,3,0.01875
51,20,4,2,16,7,66,65,4,0.025
51,21,5,2,9,12,51,48,7,0.04375
51,22,6,2,6,6,23,22,8,0.05
51,23,7,2,6,5,12,11,4,0.025
51,24,0,3,17,7,41,39,1,0.00625
51,25,1,3,7,5,56,55,1,0.00625
51,26,2,3,8,13,76,75,1,0.00625
51,27,3,3,6,7,79,79,1,0.00625
51,28,4,3,9,11,85,85,1,0.00625
51,29,5,3,19,4,71,68,3,0.01875
51,30,6,3,9,14,46,44,2,0.0125
51,31,7,3,11,9,24,24,0,0.0
51,32,0,4,9,6,25,23,0,0.0
51,33,1,4,17,9,56,57,1,0.00625
51,34,2,4,7,9,66,65,4,0.025
51,35,3,4,9,10,83,84,4,0.025
51,36,4,4,13,10,87,89,0,0.0
51,37,5,4,13,9,74,77,0,0.0
51,38,6,4,8,7,50,50,1,0.00625
51,39,7,4,7,11,31,31,0,0.0
51,40,0,5,10,3,18,18,4,0.025
51,41,1,5,10,11,41,41,7,0.04375
51,42,2,5,9,9,52,51,5,0.03125
51,43,3,5,9,13,68,64,5,0.03125
51,44,4,5,11,14,79,78,3,0.01875
51,45,5,5,7,6,73,71,1,0.00625
51,46,6,5,9,11,67,67,1,0.00625
51,47,7,5,13,8,45,45,0,0.0
51,48,0,6,5,4,10,10,4,0.025
51,49,1,6,5,7,21,22,7,0.04375
51,50,2,6,5,10,28,29,6,0.0375
51,51,3,6,7,6,41,42,5,0.03125
51,52,4,6,11,8,57,52,6,0.0375
51,53,5,6,13,10,70,67,3,0.01875
51,54,6,6,10,10,64,64,1,0.00625
51,55,7,6,9,12,54,53,1,0.00625
51,56,0,7,0,1,1,1,4,0.025
51,57,1,7,2,5,6,7,8,0.05
51,58,2,7,6,4,11,11,8,0.05
51,59,3,7,7,9,25,23,8,0.05
51,60,4,7,10,14,35,35,3,0.01875
51,61,5,7,12,14,47,46,4,0.025
51,62,6,7,15,12,58,57,3,0.01875
51,63,7,7,6,5,49,51,0,0.0
52,0,0,0,9,10,54,53,1,0.00625
52,1,1,0,7,14,57,58,0,0.0
52,2,2,0,7,7,40,44,1,0.00625
52,3,3,0,13,21,44,46,5,0.03125
52,4,4,0,8,15,26,27,7,0.04375
52,5,5,0,2,8,12,12,8,0.05
52,6,6,0,1,2,4,4,8,0.05
52,7,7,0,1,0,1,1,4,0.025
52,8,0,1,14,8,58,58,1,0.00625
52,9,1,1,8,8,66,66,0,0.0
52,10,2,1,13,9,63,61,3,0.01875
52,11,3,1,7,8,58,61,2,0.0125
52,12,4,1,13,12,48,47,6,0.0375
52,13,5,1,8,5,31,25,9,0.05625
52,14,6,1,3,4,14,14,8,0.05
52,15,7,1,5,2,7,7,4,0.025
52,16,0,2,8,11,44,44,0,0.0
52,17,1,2,11,12,63,62,1,0.00625
52,18,2,2,13,13,75,76,0,0.0
52,19,3,2,11,7,77,79,1,0.00625
52,20,4,2,8,10,66,68,1,0.00625
52,21,5,2,11,11,49,48,8,0.05
52,22,6,2,3,5,25,25,8,0.05
52,23,7,2,9,6,17,17,4,0.025
52,24,0,3,16,12,40,41,0,0.0
52,25,1,3,9,13,59,60,1,0.00625
52,26,2,3,7,12,78,79,2,0.0125
52,27,3,3,8,8,84,85,0,0.0
52,28,4,3,7,10,88,86,1,0.00625
52,29,5,3,10,13,71,73,1,0.00625
52,30,6,3,13,9,44,44,1,0.00625
52,31,7,3,10,5,24,23,0,0.0
52,32,0,4,20,5,32,31,3,0.01875
52,33,1,4,11,7,48,42,7,0.04375
52,34,2,4,12,11,67,67,4,0.025
52,35,3,4,11,7,89,88,5,0.03125
52,36,4,4,14,15,95,94,1,0.00625
52,37,5,4,13,7,79,79,0,0.0
52,38,6,4,13,16,57,59,0,0.0
52,39,7,4,11,7,31,31,0,0.0
52,40,0,5,8,6,16,16,4,0.025
52,41,1,5,8,4,29,28,8,0.05
52,42,2,5,12,12,49,49,4,0.025
52,43,3,5,6,13,69,73,1,0.00625
52,44,4,5,6,12,78,80,2,0.0125
52,45,5,5,7,8,81,81,1,0.00625
52,46,6,5,11,8,73,73,0,0.0
52,47,7,5,18,11,49,49,1,0.00625
52,48,0,6,2,2,4,4,4,0.025
52,49,1,6,3,3,14,13,8,0.05
52,50,2,6,10,3,24,23,7,0.04375
52,51,3,6,9,14,44,44,4,0.025
52,52,4,6,12,11,55,59,1,0.00625
52,53,5,6,7,12,71,73,2,0.0125
52,54,6,6,7,6,60,60,1,0.00625
52,55,7,6,8,14,52,52,0,0.0
52,56,0,7,4,0,4,4,4,0.025
52,57,1,7,2,6,12,12,8,0.05
52,58,2,7,1,4,13,12,7,0.04375
52,59,3,7,5,10,21,22,7,0.04375
52,60,4,7,12,11,36,33,7,0.04375
52,61,5,7,8,17,45,47,2,0.0125
52,62,6,7,11,6,49,51,1,0.00625
52,63,7,7,15,17,60,61,0,0.0
53,0,0,0,10,10,54,55,0,0.0
53,1,1,0,7,12,59,57,2,0.0125
53,2,2,0,5,16,55,52,2,0.0125
53,3,3,0,12,9,43,42,6,0.0375
53,4,4,0,9,11,34,33,8,0.05
53,5,5,0,5,12,25,25,8,0.05
53,6,6,0,2,2,9,10,7,0.04375
53,7,7,0,5,2,8,8,4,0.025
53,8,0,1,13,6,58,58,0,0.0
53,9,1,1,7,7,66,66,1,0.00625
53,10,2,1,13,9,66,68,1,0.00625
53,11,3,1,8,9,50,49,2,0.0125
53,12,4,1,7,10,43,43,6,0.0375
53,13,5,1,8,11,33,35,8,0.05
53,14,6,1,4,2,10,9,9,0.05625
53,15,7,1,1,4,8,8,4,0.025
53,16,0,2,15,5,52,53,0,0.0
53,17,1,2,11,15,70,67,2,0.0125
53,18,2,2,10,9,76,77,0,0.0
53,19,3,2,8,4,70,69,3,0.01875
53,20,4,2,14,10,70,69,2,0.0125
53,21,5,2,6,9,46,52,1,0.00625
53,22,6,2,8,10,26,26,6,0.0375
53,23,7,2,3,2,13,13,4,0.025
53,24,0,3,12,16,45,46,0,0.0
53,25,1,3,11,8,51,51,1,0.00625
53,26,2,3,4,7,71,71,1,0.00625
53,27,3,3,17,15,79,77,2,0.0125
53,28,4,3,8,12,80,82,1,0.00625
53,29,5,3,9,8,65,66,1,0.00625
53,30,6,3,6,7,38,40,0,0.0
53,31,7,3,9,10,29,30,0,0.0
53,32,0,4,9,10,27,28,2,0.0125
53,33,1,4,11,8,45,47,5,0.03125
53,34,2,4,6,15,66,71,0,0.0
53,35,3,4,8,8,79,83,0,0.0
53,36,4,4,11,12,91,92,1,0.00625
53,37,5,4,13,7,83,81,1,0.00625
53,38,6,4,15,7,58,58,1,0.00625
53,39,7,4,9,9,39,40,0,0.0
53,40,0,5,12,5,18,19,3,0.01875
53,41,1,5,6,6,32,33,7,0.04375
53,42,2,5,12,11,53,51,8,0.05
53,43,3,5,13,11,71,68,4,0.025
53,44,4,5,8,13,82,80,3,0.01875
53,45,5,5,12,11,77,77,1,0.00625
53,46,6,5,10,14,65,65,1,0.00625
53,47,7,5,12,7,46,47,0,0.0
53,48,0,6,5,2,7,7,4,0.025
53,49,1,6,4,4,17,18,7,0.04375
53,50,2,6,3,4,24,23,8,0.05
53,51,3,6,9,10,43,42,6,0.0375
53,52,4,6,11,15,56,54,3,0.01875
53,53,5,6,13,8,64,64,1,0.00625
53,54,6,6,8,8,61,62,0,0.0
53,55,7,6,9,9,54,54,1,0.00625
53,56,0,7,7,0,7,7,4,0.025
53,57,1,7,0,4,11,11,8,0.05
53,58,2,7,4,9,18,20,7,0.04375
53,59,3,7,11,10,32,32,7,0.04375
53,60,4,7,3,8,34,37,4,0.025
53,61,5,7,8,11,47,48,2,0.0125
53,62,6,7,8,11,54,54,0,0.0
53,63,7,7,10,9,54,53,1,0.00625
54,0,0,0,18,17,95,96,0,0.0
54,1,1,0,10,6,82,84,1,0.00625
54,2,2,0,12,9,81,79,5,0.03125
54,3,3,0,14,8,69,69,5,0.03125
54,4,4,0,8,15,59,61,6,0.0375
54,5,5,0,10,17,53,54,7,0.04375
54,6,6,0,13,19,46,46,7,0.04375
54,7,7,0,10,19,28,32,0,0.0
54,8,0,1,7,9,84,84,1,0.00625
54,9,1,1,6,6,84,83,1,0.00625
54,10,2,1,7,14,95,95,1,0.00625
54,11,3,1,9,13,84,87,1,0.00625
54,12,4,1,8,12,78,83,1,0.00625
54,13,5,1,12,14,73,75,5,0.03125
54,14,6,1,9,14,58,65,1,0.00625
54,15,7,1,11,10,40,44,0,0.0
54,16,0,2,7,5,77,76,1,0.00625
54,17,1,2,11,7,92,95,1,0.00625
54,18,2,2,13,13,99,97,1,0.00625
54,19,3,2,10,7,89,90,2,0.0125
54,20,4,2,10,9,86,86,3,0.01875
54,21,5,2,10,16,87,88,1,0.00625
54,22,6,2,7,9,64,71,0,0.0
54,23,7,2,13,14,55,58,0,0.0
54,24,0,3,5,14,69,68,1,0.00625
54,25,1,3,10,10,82,81,1,0.00625
54,26,2,3,8,11,85,87,0,0.0
54,27,3,3,9,10,67,69,0,0.0
54,28,4,3,13,8,77,78,0,0.0
54,29,5,3,7,12,83,79,3,0.01875
54,30,6,3,9,11,74,72,0,0.0
54,31,7,3,10,11,63,62,0,0.0
54,32,0,4,13,12,63,64,1,0.00625
54,33,1,4,8,13,76,79,1,0.00625
54,34,2,4,10,12,87,85,1,0.00625
54,35,3,4,8,12,74,73,1,0.00625
54,36,4,4,10,9,91,90,1,0.00625
54,37,5,4,8,8,104,106,0,0.0
54,38,6,4,9,10,89,90,0,0.0
54,39,7,4,18,7,78,77,0,0.0
54,40,0,5,9,9,48,50,1,0.00625
54,41,1,5,15,13,69,75,1,0.00625
54,42,2,5,9,5,80,84,3,0.01875
54,43,3,5,10,5,76,78,3,0.01875
54,44,4,5,10,8,106,105,4,0.025
54,45,5,5,10,9,103,102,3,0.01875
54,46,6,5,12,12,100,99,1,0.00625
54,47,7,5,10,10,83,81,1,0.00625
54,48,0,6,19,10,47,48,3,0.01875
54,49,1,6,11,13,58,58,7,0.04375
54,50,2,6,6,14,71,75,4,0.025
54,51,3,6,12,6,65,66,5,0.03125
54,52,4,6,6,12,92,93,2,0.0125
54,53,5,6,13,12,100,99,2,0.0125
54,54,6,6,10,10,89,89,1,0.00625
54,55,7,6,5,6,82,82,1,0.00625
54,56,0,7,10,18,28,32,0,0.0
54,57,1,7,15,12,42,42,7,0.04375
54,58,2,7,13,20,62,63,5,0.03125
54,59,3,7,8,7,59,59,7,0.04375
54,60,4,7,10,17,79,80,3,0.01875
54,61,5,7,7,13,82,82,2,0.0125
54,62,6,7,7,5,83,83,1,0.00625
54,63,7,7,9,9,87,85,2,0.0125
55,0,0,0,8,9,53,52,1,0.00625
55,1,1,0,7,5,49,49,1,0.00625
55,2,2,0,11,7,40,45,1,0.00625
55,3,3,0,13,7,30,29,7,0.04375
55,4,4,0,4,13,22,24,4,0.025
55,5,5,0,3,7,13,13,7,0.04375
55,6,6,0,2,9,13,11,9,0.05625
55,7,7,0,5,4,9,5,4,0.025
55,8,0,1,5,8,50,50,1,0.00625
55,9,1,1,8,8,59,57,2,0.0125
55,10,2,1,11,6,58,58,1,0.00625
55,11,3,1,6,12,56,53,3,0.01875
55,12,4,1,12,9,53,52,2,0.0125
55,13,5,1,10,7,35,34,7,0.04375
55,14,6,1,9,5,28,25,5,0.03125
55,15,7,1,7,5,15,14,1,0.00625
55,16,0,2,11,19,48,47,1,0.00625
55,17,1,2,5,9,59,58,1,0.00625
55,18,2,2,8,8,65,66,0,0.0
55,19,3,2,9,4,66,66,2,0.0125
55,20,4,2,8,10,70,68,4,0.025
55,21,5,2,12,8,54,52,3,0.01875
55,22,6,2,13,4,40,39,2,0.0125
55,23,7,2,9,3,20,20,1,0.00625
55,24,0,3,6,8,25,25,1,0.00625
55,25,1,3,14,5,55,56,0,0.0
55,26,2,3,3,8,68,66,1,0.00625
55,27,3,3,12,13,73,73,1,0.00625
55,28,4,3,15,6,76,73,2,0.0125
55,29,5,3,6,9,53,57,1,0.00625
55,30,6,3,7,11,41,43,0,0.0
55,31,7,3,7,5,22,23,0,0.0
55,32,0,4,11,4,22,23,0,0.0
55,33,1,4,8,7,49,49,0,0.0
55,34,2,4,10,5,67,68,0,0.0
55,35,3,4,8,15,77,77,2,0.0125
55,36,4,4,10,12,77,79,0,0.0
55,37,5,4,11,14,75,73,2,0.0125
55,38,6,4,11,7,56,54,0,0.0
55,39,7,4,11,10,34,35,0,0.0
55,40,0,5,12,3,20,18,1,0.00625
55,41,1,5,5,12,38,35,4,0.025
55,42,2,5,14,14,59,56,5,0.03125
55,43,3,5,9,9,56,55,4,0.025
55,44,4,5,12,9,72,74,2,0.0125
55,45,5,5,16,17,77,78,0,0.0
55,46,6,5,11,9,63,64,0,0.0
55,47,7,5,9,4,38,38,1,0.00625
55,48,0,6,10,3,15,14,4,0.025
55,49,1,6,5,5,26,25,8,0.05
55,50,2,6,9,9,40,36,8,0.05
55,51,3,6,10,6,46,45,6,0.0375
55,52,4,6,12,9,57,54,6,0.0375
55,53,5,6,10,11,65,64,3,0.01875
55,54,6,6,13,12,63,62,1,0.00625
55,55,7,6,6,15,50,50,0,0.0
55,56,0,7,7,1,8,4,4,0.025
55,57,1,7,1,8,11,11,8,0.05
55,58,2,7,4,7,17,14,8,0.05
55,59,3,7,5,11,23,22,8,0.05
55,60,4,7,16,11,36,32,7,0.04375
55,61,5,7,8,8,40,37,4,0.025
55,62,6,7,18,6,52,50,3,0.01875
55,63,7,7,9,10,54,55,1,0.00625
56,0,0,0,11,11,56,55,1,0.00625
56,1,1,0,14,7,54,51,4,0.025
56,2,2,0,12,11,46,42,5,0.03125
56,3,3,0,8,8,30,31,6,0.0375
56,4,4,0,5,9,22,22,4,0.025
56,5,5,0,5,7,16,15,8,0.05
56,6,6,0,2,7,9,10,8,0.05
56,7,7,0,1,1,2,2,4,0.025
56,8,0,1,6,12,50,49,1,0.00625
56,9,1,1,12,12,60,63,0,0.0
56,10,2,1,15,9,66,63,3,0.01875
56,11,3,1,12,13,53,51,6,0.0375
56,12,4,1,13,10,46,39,8,0.05
56,13,5,1,6,6,26,25,8,0.05
56,14,6,1,5,0,14,11,8,0.05
56,15,7,1,6,1,8,5,4,0.025
56,16,0,2,7,7,39,41,0,0.0
56,17,1,2,10,15,62,63,0,0.0
56,18,2,2,6,5,69,69,1,0.00625
56,19,3,2,16,14,81,79,3,0.01875
56,20,4,2,10,7,57,56,5,0.03125
56,21,5,2,10,8,43,41,5,0.03125
56,22,6,2,7,6,28,23,7,0.04375
56,23,7,2,11,2,14,14,1,0.00625
56,24,0,3,11,12,36,37,0,0.0
56,25,1,3,15,8,55,55,0,0.0
56,26,2,3,13,15,83,81,2,0.0125
56,27,3,3,6,6,84,83,0,0.0
56,28,4,3,13,8,76,76,1,0.00625
56,29,5,3,8,11,56,57,0,0.0
56,30,6,3,13,9,38,37,1,0.00625
56,31,7,3,6,8,18,18,0,0.0
56,32,0,4,8,5,21,20,0,0.0
56,33,1,4,16,10,45,46,1,0.00625
56,34,2,4,9,11,61,58,4,0.025
56,35,3,4,11,13,80,76,5,0.03125
56,36,4,4,5,5,75,75,0,0.0
56,37,5,4,6,13,76,77,0,0.0
56,38,6,4,16,14,57,59,0,0.0
56,39,7,4,8,16,39,38,1,0.00625
56,40,0,5,5,4,12,13,1,0.00625
56,41,1,5,8,5,25,23,6,0.0375
56,42,2,5,8,6,38,39,6,0.0375
56,43,3,5,11,7,60,60,3,0.01875
56,44,4,5,14,9,80,79,4,0.025
56,45,5,5,9,10,79,80,1,0.00625
56,46,6,5,12,12,67,68,0,0.0
56,47,7,5,10,8,46,48,0,0.0
56,48,0,6,0,3,4,4,4,0.025
56,49,1,6,2,5,9,9,8,0.05
56,50,2,6,7,9,22,22,8,0.05
56,51,3,6,13,15,42,39,7,0.04375
56,52,4,6,9,18,57,61,2,0.0125
56,53,5,6,11,12,67,69,1,0.00625
56,54,6,6,7,8,63,63,0,0.0
56,55,7,6,12,7,56,56,1,0.00625
56,56,0,7,0,2,2,2,4,0.025
56,57,1,7,0,3,3,3,8,0.05
56,58,2,7,6,6,10,12,7,0.04375
56,59,3,7,8,4,19,20,7,0.04375
56,60,4,7,15,11,41,42,6,0.0375
56,61,5,7,8,12,51,51,4,0.025
56,62,6,7,4,10,54,54,2,0.0125
56,63,7,7,13,13,57,58,0,0.0
57,0,0,0,11,7,54,54,0,0.0
57,1,1,0,12,18,63,62,4,0.025
57,2,2,0,12,11,46,44,6,0.0375
57,3,3,0,5,9,31,33,4,0.025
57,4,4,0,8,6,25,22,7,0.04375
57,5,5,0,5,6,15,16,7,0.04375
57,6,6,0,3,0,5,6,7,0.04375
57,7,7,0,2,1,3,3,4,0.025
57,8,0,1,16,11,61,62,0,0.0
57,9,1,1,8,8,70,71,0,0.0
57,10,2,1,10,9,65,67,1,0.00625
57,11,3,1,10,6,47,49,4,0.025
57,12,4,1,8,13,39,42,5,0.03125
57,13,5,1,9,4,22,22,8,0.05
57,14,6,1,2,3,6,7,7,0.04375
57,15,7,1,2,0,2,3,3,0.01875
57,16,0,2,15,11,47,46,0,0.0
57,17,1,2,10,11,68,69,0,0.0
57,18,2,2,13,15,81,82,0,0.0
57,19,3,2,19,9,71,68,5,0.03125
57,20,4,2,14,10,53,54,5,0.03125
57,21,5,2,9,7,32,29,8,0.05
57,22,6,2,1,9,18,17,8,0.05
57,23,7,2,7,9,19,15,4,0.025
57,24,0,3,8,9,30,30,0,0.0
57,25,1,3,3,11,44,45,0,0.0
57,26,2,3,10,19,66,68,1,0.00625
57,27,3,3,12,11,66,68,0,0.0
57,28,4,3,4,17,78,78,2,0.0125
57,29,5,3,11,11,56,56,0,0.0
57,30,6,3,6,12,40,41,0,0.0
57,31,7,3,10,3,24,24,0,0.0
57,32,0,4,8,6,21,22,0,0.0
57,33,1,4,10,13,41,39,3,0.01875
57,34,2,4,10,10,52,52,4,0.025
57,35,3,4,14,3,74,77,2,0.0125
57,36,4,4,10,10,88,87,1,0.00625
57,37,5,4,11,17,78,79,0,0.0
57,38,6,4,9,6,55,53,1,0.00625
57,39,7,4,13,12,38,38,1,0.00625
57,40,0,5,11,5,19,18,3,0.01875
57,41,1,5,5,4,25,22,9,0.05625
57,42,2,5,5,11,34,34,6,0.0375
57,43,3,5,9,10,55,57,2,0.0125
57,44,4,5,14,10,75,77,0,0.0
57,45,5,5,9,9,75,73,1,0.00625
57,46,6,5,9,13,67,66,1,0.00625
57,47,7,5,14,13,51,50,0,0.0
57,48,0,6,2,2,3,4,3,0.01875
57,49,1,6,6,3,13,13,8,0.05
57,50,2,6,4,0,16,16,8,0.05
57,51,3,6,11,7,43,46,5,0.03125
57,52,4,6,10,10,57,54,5,0.03125
57,53,5,6,12,8,64,64,2,0.0125
57,54,6,6,15,16,70,71,1,0.00625
57,55,7,6,12,8,56,55,2,0.0125
57,56,0,7,3,0,3,3,4,0.025
57,57,1,7,3,2,8,8,8,0.05
57,58,2,7,2,3,12,11,8,0.05
57,59,3,7,9,13,28,27,7,0.04375
57,60,4,7,9,13,38,37,7,0.04375
57,61,5,7,13,11,48,47,5,0.03125
57,62,6,7,8,11,54,56,1,0.00625
57,63,7,7,12,12,56,57,0,0.0
58,0,0,0,16,19,60,62,0,0.0
58,1,1,0,16,8,51,53,2,0.0125
58,2,2,0,11,9,35,36,6,0.0375
58,3,3,0,10,7,22,21,5,0.03125
58,4,4,0,5,10,17,16,8,0.05
58,5,5,0,1,10,13,12,8,0.05
58,6,6,0,2,0,2,1,8,0.05
58,7,7,0,0,0,0,0,4,0.025
58,8,0,1,9,17,53,54,0,0.0
58,9,1,1,8,7,61,59,1,0.00625
58,10,2,1,16,15,67,68,1,0.00625
58,11,3,1,8,8,44,44,4,0.025
58,12,4,1,7,7,36,37,5,0.03125
58,13,5,1,4,6,29,30,7,0.04375
58,14,6,1,6,9,19,18,7,0.04375
58,15,7,1,3,3,7,6,4,0.025
58,16,0,2,7,11,34,35,0,0.0
58,17,1,2,14,14,67,66,1,0.00625
58,18,2,2,10,9,76,75,0,0.0
58,19,3,2,11,9,64,68,2,0.0125
58,20,4,2,10,12,58,60,3,0.01875
58,21,5,2,9,10,43,44,7,0.04375
58,22,6,2,6,3,21,22,7,0.04375
58,23,7,2,2,1,5,6,4,0.025
58,24,0,3,7,5,22,21,1,0.00625
58,25,1,3,8,8,44,43,1,0.00625
58,26,2,3,10,13,69,67,2,0.0125
58,27,3,3,10,11,69,68,0,0.0
58,28,4,3,10,15,80,81,0,0.0
58,29,5,3,9,10,66,64,1,0.00625
58,30,6,3,7,15,48,47,1,0.00625
58,31,7,3,14,10,28,26,0,0.0
58,32,0,4,13,3,24,22,2,0.0125
58,33,1,4,11,8,45,39,8,0.05
58,34,2,4,12,15,60,61,3,0.01875
58,35,3,4,13,12,80,80,2,0.0125
58,36,4,4,12,11,82,81,1,0.00625
58,37,5,4,11,7,73,70,3,0.01875
58,38,6,4,11,9,55,55,1,0.00625
58,39,7,4,7,12,34,34,0,0.0
58,40,0,5,8,4,14,15,2,0.0125
58,41,1,5,7,10,27,31,4,0.025
58,42,2,5,9,8,42,42,5,0.03125
58,43,3,5,13,9,62,59,4,0.025
58,44,4,5,11,8,73,69,5,0.03125
58,45,5,5,6,5,70,71,0,0.0
58,46,6,5,9,8,65,65,0,0.0
58,47,7,5,13,11,51,51,1,0.00625
58,48,0,6,2,2,8,7,4,0.025
58,49,1,6,3,2,9,10,7,0.04375
58,50,2,6,10,2,24,25,7,0.04375
58,51,3,6,11,6,40,43,3,0.01875
58,52,4,6,4,8,48,52,1,0.00625
58,53,5,6,7,8,65,67,0,0.0
58,54,6,6,12,12,72,71,1,0.00625
58,55,7,6,14,6,59,58,2,0.0125
58,56,0,7,1,3,4,4,4,0.025
58,57,1,7,3,2,6,6,8,0.05
58,58,2,7,4,7,15,16,7,0.04375
58,59,3,7,5,7,22,21,8,0.05
58,60,4,7,12,7,33,33,7,0.04375
58,61,5,7,11,14,50,54,2,0.0125
58,62,6,7,6,15,60,59,2,0.0125
58,63,7,7,13,11,57,56,0,0.0
59,0,0,0,4,5,49,49,0,0.0
59,1,1,0,7,10,53,56,0,0.0
59,2,2,0,10,15,48,51,3,0.01875
59,3,3,0,11,8,34,33,6,0.0375
59,4,4,0,8,8,22,23,7,0.04375
59,5,5,0,2,6,12,11,9,0.05625
59,6,6,0,2,7,11,11,8,0.05
59,7,7,0,1,3,4,4,4,0.025
59,8,0,1,10,9,55,54,1,0.00625
59,9,1,1,9,9,63,64,1,0.00625
59,10,2,1,7,8,67,66,1,0.00625
59,11,3,1,13,11,56,57,3,0.01875
59,12,4,1,9,12,47,46,6,0.0375
59,13,5,1,11,8,31,30,8,0.05
59,14,6,1,1,2,15,15,8,0.05
59,15,7,1,4,2,10,10,4,0.025
59,16,0,2,14,14,51,51,0,0.0
59,17,1,2,8,9,68,67,1,0.00625
59,18,2,2,6,7,73,74,0,0.0
59,19,3,2,10,11,78,77,2,0.0125
59,20,4,2,14,12,71,68,6,0.0375
59,21,5,2,14,8,48,47,8,0.05
59,22,6,2,6,11,28,28,7,0.04375
59,23,7,2,2,2,10,10,4,0.025
59,24,0,3,10,12,34,34,1,0.00625
59,25,1,3,11,13,59,58,1,0.00625
59,26,2,3,12,11,78,79,1,0.00625
59,27,3,3,9,9,86,87,0,0.0
59,28,4,3,11,10,88,87,2,0.0125
59,29,5,3,14,9,66,66,2,0.0125
59,30,6,3,9,11,50,50,0,0.0
59,31,7,3,9,6,22,24,0,0.0
59,32,0,4,12,8,22,21,2,0.0125
59,33,1,4,11,8,45,45,7,0.04375
59,34,2,4,12,11,68,67,4,0.025
59,35,3,4,13,9,90,87,4,0.025
59,36,4,4,6,6,81,83,0,0.0
59,37,5,4,4,12,74,76,0,0.0
59,38,6,4,11,3,61,61,1,0.00625
59,39,7,4,15,11,39,39,0,0.0
59,40,0,5,5,1,9,7,3,0.01875
59,41,1,5,7,7,28,26,6,0.0375
59,42,2,5,11,12,42,45,3,0.01875
59,43,3,5,10,12,67,67,5,0.03125
59,44,4,5,9,8,75,79,2,0.0125
59,45,5,5,10,10,77,79,0,0.0
59,46,6,5,10,9,65,65,1,0.00625
59,47,7,5,9,10,44,44,0,0.0
59,48,0,6,9,1,10,10,4,0.025
59,49,1,6,2,5,20,19,8,0.05
59,50,2,6,9,9,30,30,7,0.04375
59,51,3,6,11,9,52,51,4,0.025
59,52,4,6,7,12,66,63,3,0.01875
59,53,5,6,9,13,67,67,0,0.0
59,54,6,6,13,12,70,69,1,0.00625
59,55,7,6,11,10,56,57,1,0.00625
59,56,0,7,1,0,1,1,4,0.025
59,57,1,7,2,4,7,7,8,0.05
59,58,2,7,0,2,4,3,8,0.05
59,59,3,7,10,14,26,26,9,0.05625
59,60,4,7,12,14,39,41,5,0.03125
59,61,5,7,8,12,45,46,1,0.00625
59,62,6,7,9,12,56,56,1,0.00625
59,63,7,7,8,10,53,53,1,0.00625
60,0,0,0,10,10,94,92,1,0.00625
60,1,1,0,15,9,94,91,3,0.01875
60,2,2,0,5,13,81,83,1,0.00625
60,3,3,0,7,15,75,78,3,0.01875
60,4,4,0,10,19,70,73,4,0.025
60,5,5,0,7,18,57,61,5,0.03125
60,6,6,0,16,16,45,48,5,0.03125
60,7,7,0,10,15,25,29,0,0.0
60,8,0,1,11,13,93,94,0,0.0
60,9,1,1,14,15,100,99,1,0.00625
60,10,2,1,15,10,98,98,2,0.0125
60,11,3,1,7,8,81,80,3,0.01875
60,12,4,1,10,17,85,87,4,0.025
60,13,5,1,14,15,72,72,8,0.05
60,14,6,1,10,13,49,55,2,0.0125
60,15,7,1,7,11,32,36,0,0.0
60,16,0,2,15,7,85,82,1,0.00625
60,17,1,2,10,14,96,97,1,0.00625
60,18,2,2,8,8,99,98,1,0.00625
60,19,3,2,7,13,101,102,2,0.0125
60,20,4,2,14,9,103,106,3,0.01875
60,21,5,2,17,10,84,87,5,0.03125
60,22,6,2,10,11,62,67,1,0.00625
60,23,7,2,8,9,43,46,0,0.0
60,24,0,3,11,12,73,74,0,0.0
60,25,1,3,10,9,82,83,1,0.00625
60,26,2,3,10,6,98,101,0,0.0
60,27,3,3,12,12,84,82,1,0.00625
60,28,4,3,9,10,91,93,1,0.00625
60,29,5,3,6,12,78,80,0,0.0
60,30,6,3,11,10,72,72,0,0.0
60,31,7,3,9,17,62,61,0,0.0
60,32,0,4,10,13,62,65,0,0.0
60,33,1,4,11,12,74,82,0,0.0
60,34,2,4,7,15,100,102,1,0.00625
60,35,3,4,7,10,85,90,1,0.00625
60,36,4,4,9,9,97,96,0,0.0
60,37,5,4,14,8,96,95,2,0.0125
60,38,6,4,9,11,80,80,2,0.0125
60,39,7,4,13,13,77,76,1,0.00625
60,40,0,5,11,9,50,54,0,0.0
60,41,1,5,12,15,66,72,0,0.0
60,42,2,5,9,20,88,86,5,0.03125
60,43,3,5,11,9,81,82,3,0.01875
60,44,4,5,10,14,95,94,2,0.0125
60,45,5,5,11,11,99,99,0,0.0
60,46,6,5,14,11,101,99,1,0.00625
60,47,7,5,14,6,86,87,0,0.0
60,48,0,6,10,13,40,43,0,0.0
60,49,1,6,10,11,47,54,1,0.00625
60,50,2,6,10,13,67,68,6,0.0375
60,51,3,6,11,9,73,72,4,0.025
60,52,4,6,8,9,77,80,0,0.0
60,53,5,6,13,14,99,97,2,0.0125
60,54,6,6,12,12,90,92,0,0.0
60,55,7,6,8,9,87,88,1,0.00625
60,56,0,7,12,14,27,31,0,0.0
60,57,1,7,10,13,39,45,2,0.0125
60,58,2,7,9,13,54,55,7,0.04375
60,59,3,7,11,11,64,67,6,0.0375
60,60,4,7,9,10,74,75,4,0.025
60,61,5,7,6,10,84,81,2,0.0125
60,62,6,7,9,7,87,88,1,0.00625
60,63,7,7,9,9,89,90,0,0.0
61,0,0,0,13,12,58,57,1,0.00625
61,1,1,0,6,13,55,57,0,0.0
61,2,2,0,10,9,48,46,2,0.0125
61,3,3,0,11,6,31,31,3,0.01875
61,4,4,0,8,6,23,19,8,0.05
61,5,5,0,9,4,15,12,8,0.05
61,6,6,0,2,6,11,8,8,0.05
61,7,7,0,7,4,12,8,4,0.025
61,8,0,1,12,9,56,55,1,0.00625
61,9,1,1,12,12,69,69,1,0.00625
61,10,2,1,8,13,68,69,1,0.00625
61,11,3,1,7,12,55,54,4,0.025
61,12,4,1,6,9,45,44,5,0.03125
61,13,5,1,8,5,33,34,7,0.04375
61,14,6,1,8,5,32,27,7,0.04375
61,15,7,1,13,6,24,23,1,0.00625
61,16,0,2,9,10,45,47,0,0.0
61,17,1,2,12,9,67,68,0,0.0
61,18,2,2,12,12,81,80,1,0.00625
61,19,3,2,13,6,68,68,3,0.01875
61,20,4,2,11,10,60,56,6,0.0375
61,21,5,2,14,10,45,44,6,0.0375
61,22,6,2,9,8,36,31,7,0.04375
61,23,7,2,10,3,24,22,2,0.0125
61,24,0,3,9,7,32,32,0,0.0
61,25,1,3,10,5,53,53,0,0.0
61,26,2,3,9,11,71,67,3,0.01875
61,27,3,3,10,10,61,62,0,0.0
61,28,4,3,6,10,65,65,0,0.0
61,29,5,3,7,15,61,60,1,0.00625
61,30,6,3,8,13,49,49,0,0.0
61,31,7,3,10,7,30,31,0,0.0
61,32,0,4,6,3,23,23,0,0.0
61,33,1,4,12,4,49,48,1,0.00625
61,34,2,4,11,12,61,62,1,0.00625
61,35,3,4,11,7,69,69,1,0.00625
61,36,4,4,12,12,77,75,3,0.01875
61,37,5,4,14,9,76,76,0,0.0
61,38,6,4,7,10,57,59,0,0.0
61,39,7,4,9,9,37,39,0,0.0
61,40,0,5,6,3,19,18,1,0.00625
61,41,1,5,7,12,39,38,1,0.00625
61,42,2,5,7,11,42,45,2,0.0125
61,43,3,5,13,7,59,62,1,0.00625
61,44,4,5,7,10,73,75,1,0.00625
61,45,5,5,7,8,68,67,0,0.0
61,46,6,5,7,4,60,61,1,0.00625
61,47,7,5,8,10,45,44,0,0.0
61,48,0,6,6,9,15,16,0,0.0
61,49,1,6,10,6,31,25,7,0.04375
61,50,2,6,7,5,30,32,4,0.025
61,51,3,6,12,10,50,46,9,0.05625
61,52,4,6,11,8,61,60,2,0.0125
61,53,5,6,2,7,60,60,1,0.00625
61,54,6,6,7,8,62,61,1,0.00625
61,55,7,6,9,7,55,54,1,0.00625
61,56,0,7,8,3,10,6,4,0.025
61,57,1,7,5,7,16,10,8,0.05
61,58,2,7,8,7,18,17,8,0.05
61,59,3,7,8,5,24,25,5,0.03125
61,60,4,7,9,12,40,37,7,0.04375
61,61,5,7,10,10,45,49,0,0.0
61,62,6,7,7,10,54,54,1,0.00625
61,63,7,7,8,8,53,52,1,0.00625
62,0,0,0,11,10,54,55,0,0.0
62,1,1,0,8,11,56,56,1,0.00625
62,2,2,0,12,11,49,47,4,0.025
62,3,3,0,17,10,42,38,6,0.0375
62,4,4,0,6,13,28,29,7,0.04375
62,5,5,0,2,8,16,16,8,0.05
62,6,6,0,1,5,11,11,8,0.05
62,7,7,0,5,2,6,6,4,0.025
62,8,0,1,10,6,55,55,0,0.0
62,9,1,1,10,10,65,66,0,0.0
62,10,2,1,9,6,58,59,0,0.0
62,11,3,1,13,12,57,59,2,0.0125
62,12,4,1,8,9,43,43,5,0.03125
62,13,5,1,7,11,33,31,8,0.05
62,14,6,1,2,4,15,14,8,0.05
62,15,7,1,7,1,9,6,4,0.025
62,16,0,2,13,9,49,49,0,0.0
62,17,1,2,8,10,62,60,1,0.00625
62,18,2,2,11,10,71,72,0,0.0
62,19,3,2,12,11,81,79,4,0.025
62,20,4,2,10,7,63,63,6,0.0375
62,21,5,2,13,9,53,53,6,0.0375
62,22,6,2,4,8,27,26,8,0.05
62,23,7,2,8,6,15,14,4,0.025
62,24,0,3,13,11,44,42,2,0.0125
62,25,1,3,15,13,61,59,3,0.01875
62,26,2,3,9,13,79,81,1,0.00625
62,27,3,3,9,8,83,83,0,0.0
62,28,4,3,8,14,80,79,1,0.00625
62,29,5,3,13,6,67,65,2,0.0125
62,30,6,3,10,10,46,47,0,0.0
62,31,7,3,11,8,25,25,0,0.0
62,32,0,4,10,11,28,28,0,0.0
62,33,1,4,13,7,43,42,2,0.0125
62,34,2,4,6,8,62,61,2,0.0125
62,35,3,4,15,7,82,79,3,0.01875
62,36,4,4,12,13,86,87,1,0.00625
62,37,5,4,13,8,70,69,1,0.00625
62,38,6,4,8,7,51,50,1,0.00625
62,39,7,4,10,11,40,39,0,0.0
62,40,0,5,5,6,13,14,0,0.0
62,41,1,5,8,4,26,28,0,0.0
62,42,2,5,8,13,46,48,0,0.0
62,43,3,5,8,9,61,61,0,0.0
62,44,4,5,8,16,73,71,2,0.0125
62,45,5,5,13,13,73,73,0,0.0
62,46,6,5,9,10,61,62,0,0.0
62,47,7,5,9,7,45,45,0,0.0
62,48,0,6,10,2,12,8,4,0.025
62,49,1,6,4,3,19,18,8,0.05
62,50,2,6,6,5,23,22,4,0.025
62,51,3,6,11,10,44,45,7,0.04375
62,52,4,6,8,7,47,46,2,0.0125
62,53,5,6,12,10,64,62,3,0.01875
62,54,6,6,8,7,63,64,0,0.0
62,55,7,6,13,8,58,58,1,0.00625
62,56,0,7,0,0,0,0,4,0.025
62,57,1,7,3,7,10,10,8,0.05
62,58,2,7,5,4,12,13,7,0.04375
62,59,3,7,9,12,27,26,6,0.0375
62,60,4,7,12,7,33,36,4,0.025
62,61,5,7,7,8,44,43,1,0.00625
62,62,6,7,9,11,58,55,2,0.0125
62,63,7,7,8,6,52,51,1,0.00625
63,0,0,0,9,11,54,56,0,0.0
63,1,1,0,18,8,54,51,3,0.01875
63,2,2,0,5,11,36,39,2,0.0125
63,3,3,0,9,15,37,36,8,0.05
63,4,4,0,7,7,19,18,8,0.05
63,5,5,0,2,8,15,15,8,0.05
63,6,6,0,3,3,7,7,8,0.05
63,7,7,0,1,2,3,3,4,0.025
63,8,0,1,9,17,54,53,1,0.00625
63,9,1,1,9,9,61,62,0,0.0
63,10,2,1,7,12,68,67,1,0.00625
63,11,3,1,7,12,64,65,0,0.0
63,12,4,1,9,16,48,51,2,0.0125
63,13,5,1,10,11,37,38,7,0.04375
63,14,6,1,5,4,14,15,7,0.04375
63,15,7,1,3,3,8,8,4,0.025
63,16,0,2,8,8,36,37,0,0.0
63,17,1,2,12,7,67,67,1,0.00625
63,18,2,2,8,9,76,75,2,0.0125
63,19,3,2,9,5,77,79,2,0.0125
63,20,4,2,10,8,61,65,3,0.01875
63,21,5,2,13,5,48,47,7,0.04375
63,22,6,2,6,3,22,20,9,0.05625
63,23,7,2,5,6,16,16,4,0.025
63,24,0,3,13,11,33,35,0,0.0
63,25,1,3,13,11,65,67,1,0.00625
63,26,2,3,6,9,80,79,2,0.0125
63,27,3,3,12,13,85,84,1,0.00625
63,28,4,3,10,12,80,80,2,0.0125
63,29,5,3,8,10,60,61,1,0.00625
63,30,6,3,10,13,43,43,0,0.0
63,31,7,3,7,9,29,28,1,0.00625
63,32,0,4,8,4,18,18,0,0.0
63,33,1,4,9,10,45,47,1,0.00625
63,34,2,4,11,11,64,65,0,0.0
63,35,3,4,10,9,76,78,1,0.00625
63,36,4,4,6,5,90,91,1,0.00625
63,37,5,4,15,8,85,86,1,0.00625
63,38,6,4,13,10,61,62,0,0.0
63,39,7,4,13,6,39,40,0,0.0
63,40,0,5,12,3,18,18,0,0.0
63,41,1,5,10,10,38,38,0,0.0
63,42,2,5,5,14,51,51,0,0.0
63,43,3,5,7,8,63,62,2,0.0125
63,44,4,5,11,14,86,84,4,0.025
63,45,5,5,8,8,67,65,2,0.0125
63,46,6,5,10,10,61,62,0,0.0
63,47,7,5,6,10,41,42,0,0.0
63,48,0,6,1,0,5,5,4,0.025
63,49,1,6,5,2,13,12,9,0.05625
63,50,2,6,7,6,25,23,7,0.04375
63,51,3,6,12,11,44,47,5,0.03125
63,52,4,6,11,13,64,63,3,0.01875
63,53,5,6,10,9,60,62,1,0.00625
63,54,6,6,7,7,58,59,0,0.0
63,55,7,6,6,9,50,51,0,0.0
63,56,0,7,7,3,11,11,4,0.025
63,57,1,7,2,4,12,13,7,0.04375
63,58,2,7,2,5,15,15,7,0.04375
63,59,3,7,10,10,32,33,5,0.03125
63,60,4,7,6,14,44,41,7,0.04375
63,61,5,7,12,8,46,43,3,0.01875
63,62,6,7,11,8,55,53,4,0.025
63,63,7,7,5,6,49,51,0,0.0
64,0,0,0,10,10,54,54,0,0.0
64,1,1,0,8,12,56,57,3,0.01875
64,2,2,0,9,10,47,48,1,0.00625
64,3,3,0,10,12,34,38,4,0.025
64,4,4,0,7,8,22,23,7,0.04375
64,5,5,0,4,7,12,12,8,0.05
64,6,6,0,2,3,5,5,8,0.05
64,7,7,0,0,3,3,3,4,0.025
64,8,0,1,11,9,56,56,1,0.00625
64,9,1,1,21,20,76,75,1,0.00625
64,10,2,1,9,13,71,68,3,0.01875
64,11,3,1,12,11,60,58,3,0.01875
64,12,4,1,5,4,42,40,4,0.025
64,13,5,1,13,6,35,36,7,0.04375
64,14,6,1,6,4,17,17,7,0.04375
64,15,7,1,4,2,10,10,3,0.01875
64,16,0,2,9,8,45,45,0,0.0
64,17,1,2,13,6,69,69,1,0.00625
64,18,2,2,10,9,78,79,0,0.0
64,19,3,2,10,4,68,69,2,0.0125
64,20,4,2,2,15,62,61,3,0.01875
64,21,5,2,12,9,45,49,1,0.00625
64,22,6,2,6,10,29,32,6,0.0375
64,23,7,2,8,0,13,14,3,0.01875
64,24,0,3,11,15,39,37,1,0.00625
64,25,1,3,8,8,57,57,0,0.0
64,26,2,3,4,12,67,69,1,0.00625
64,27,3,3,12,11,74,75,1,0.00625
64,28,4,3,9,7,71,72,0,0.0
64,29,5,3,8,9,55,57,0,0.0
64,30,6,3,11,9,42,39,2,0.0125
64,31,7,3,6,6,19,18,1,0.00625
64,32,0,4,10,7,21,21,0,0.0
64,33,1,4,5,7,45,45,1,0.00625
64,34,2,4,13,5,59,59,1,0.00625
64,35,3,4,8,9,72,72,1,0.00625
64,36,4,4,8,8,79,80,0,0.0
64,37,5,4,8,14,80,81,1,0.00625
64,38,6,4,14,10,63,61,1,0.00625
64,39,7,4,13,7,33,32,1,0.00625
64,40,0,5,9,1,13,13,0,0.0
64,41,1,5,9,12,43,42,0,0.0
64,42,2,5,8,14,53,49,3,0.01875
64,43,3,5,14,11,65,60,7,0.04375
64,44,4,5,11,10,80,82,1,0.00625
64,45,5,5,13,13,70,72,0,0.0
64,46,6,5,7,10,57,57,0,0.0
64,47,7,5,6,10,37,36,1,0.00625
64,48,0,6,5,1,7,8,3,0.01875
64,49,1,6,3,6,20,20,8,0.05
64,50,2,6,10,5,30,30,7,0.04375
64,51,3,6,6,11,40,42,2,0.0125
64,52,4,6,7,13,61,63,2,0.0125
64,53,5,6,8,8,58,60,0,0.0
64,54,6,6,4,5,60,59,1,0.00625
64,55,7,6,12,14,56,56,0,0.0
64,56,0,7,2,3,4,4,4,0.025
64,57,1,7,0,4,7,6,8,0.05
64,58,2,7,4,7,14,13,8,0.05
64,59,3,7,7,6,17,15,7,0.04375
64,60,4,7,9,14,33,33,5,0.03125
64,61,5,7,8,7,35,37,2,0.0125
64,62,6,7,13,10,53,55,3,0.01875
64,63,7,7,12,13,56,56,0,0.0
65,0,0,0,13,12,57,57,0,0.0
65,1,1,0,7,10,55,55,2,0.0125
65,2,2,0,14,5,44,42,3,0.01875
65,3,3,0,7,11,38,36,6,0.0375
65,4,4,0,9,11,29,29,7,0.04375
65,5,5,0,6,11,20,21,7,0.04375
65,6,6,0,2,3,6,7,7,0.04375
65,7,7,0,2,3,5,5,4,0.025
65,8,0,1,11,7,56,56,1,0.00625
65,9,1,1,9,10,64,65,0,0.0
65,10,2,1,8,7,54,56,1,0.00625
65,11,3,1,11,10,55,57,2,0.0125
65,12,4,1,9,9,43,43,3,0.01875
65,13,5,1,7,7,33,34,6,0.0375
65,14,6,1,3,5,18,17,8,0.05
65,15,7,1,7,0,9,9,4,0.025
65,16,0,2,6,11,44,44,0,0.0
65,17,1,2,5,11,56,56,1,0.00625
65,18,2,2,4,5,59,59,0,0.0
65,19,3,2,9,6,74,72,4,0.025
65,20,4,2,11,10,67,66,3,0.01875
65,21,5,2,12,6,51,50,4,0.025
65,22,6,2,9,11,37,36,8,0.05
65,23,7,2,7,4,14,13,4,0.025
65,24,0,3,10,8,36,37,0,0.0
65,25,1,3,13,12,55,56,0,0.0
65,26,2,3,7,8,75,71,3,0.01875
65,27,3,3,16,17,85,86,0,0.0
65,28,4,3,9,8,83,82,2,0.0125
65,29,5,3,12,10,72,68,2,0.0125
65,30,6,3,12,7,53,55,0,0.0
65,31,7,3,15,6,27,26,2,0.0125
65,32,0,4,10,8,28,28,0,0.0
65,33,1,4,10,7,42,43,0,0.0
65,34,2,4,10,8,68,68,1,0.00625
65,35,3,4,9,9,83,83,1,0.00625
65,36,4,4,14,15,77,75,1,0.00625
65,37,5,4,6,11,68,67,0,0.0
65,38,6,4,9,9,56,56,1,0.00625
65,39,7,4,9,11,31,31,0,0.0
65,40,0,5,10,5,20,20,0,0.0
65,41,1,5,7,7,32,28,5,0.03125
65,42,2,5,10,15,52,49,5,0.03125
65,43,3,5,10,12,62,65,3,0.01875
65,44,4,5,10,4,66,66,2,0.0125
65,45,5,5,4,4,71,71,1,0.00625
65,46,6,5,12,7,67,66,1,0.00625
65,47,7,5,10,13,46,45,1,0.00625
65,48,0,6,6,4,12,11,4,0.025
65,49,1,6,5,6,18,20,7,0.04375
65,50,2,6,10,9,34,35,6,0.0375
65,51,3,6,8,9,49,48,4,0.025
65,52,4,6,12,9,56,55,3,0.01875
65,53,5,6,7,9,66,65,1,0.00625
65,54,6,6,9,8,65,63,2,0.0125
65,55,7,6,10,9,55,54,1,0.00625
65,56,0,7,0,1,1,1,4,0.025
65,57,1,7,0,4,5,4,9,0.05625
65,58,2,7,4,5,10,11,7,0.04375
65,59,3,7,6,11,22,23,6,0.0375
65,60,4,7,12,10,32,34,4,0.025
65,61,5,7,14,10,47,46,3,0.01875
65,62,6,7,8,11,53,56,1,0.00625
65,63,7,7,7,7,52,51,1,0.00625
66,0,0,0,15,15,98,97,0,0.0
66,1,1,0,11,13,94,97,0,0.0
66,2,2,0,9,6,75,74,3,0.01875
66,3,3,0,11,11,72,71,6,0.0375
66,4,4,0,8,8,55,57,5,0.03125
66,5,5,0,10,13,51,52,6,0.0375
66,6,6,0,6,19,41,46,2,0.0125
66,7,7,0,10,14,24,28,0,0.0
66,8,0,1,15,13,94,95,1,0.00625
66,9,1,1,11,10,93,92,0,0.0
66,10,2,1,6,7,85,84,2,0.0125
66,11,3,1,10,8,84,82,4,0.025
66,12,4,1,10,8,72,72,3,0.01875
66,13,5,1,7,10,63,66,3,0.01875
66,14,6,1,10,12,57,65,0,0.0
66,15,7,1,11,11,36,39,1,0.00625
66,16,0,2,8,10,77,77,0,0.0
66,17,1,2,9,5,84,85,0,0.0
66,18,2,2,13,13,93,92,1,0.00625
66,19,3,2,8,14,95,97,2,0.0125
66,20,4,2,12,14,83,86,1,0.00625
66,21,5,2,7,10,72,76,0,0.0
66,22,6,2,10,12,67,75,0,0.0
66,23,7,2,11,14,50,53,0,0.0
66,24,0,3,12,11,70,70,1,0.00625
66,25,1,3,5,10,83,82,1,0.00625
66,26,2,3,14,9,95,97,2,0.0125
66,27,3,3,14,13,81,79,0,0.0
66,28,4,3,7,14,75,76,0,0.0
66,29,5,3,5,12,67,69,1,0.00625
66,30,6,3,9,5,66,67,0,0.0
66,31,7,3,7,15,61,64,0,0.0
66,32,0,4,12,11,60,58,1,0.00625
66,33,1,4,14,12,78,73,4,0.025
66,34,2,4,14,10,89,86,2,0.0125
66,35,3,4,13,9,79,79,2,0.0125
66,36,4,4,14,13,89,88,2,0.0125
66,37,5,4,9,8,84,86,0,0.0
66,38,6,4,9,10,79,80,0,0.0
66,39,7,4,13,12,78,79,0,0.0
66,40,0,5,10,14,47,45,1,0.00625
66,41,1,5,7,13,58,63,0,0.0
66,42,2,5,8,10,73,79,0,0.0
66,43,3,5,9,7,71,73,2,0.0125
66,44,4,5,10,9,84,85,1,0.00625
66,45,5,5,13,12,79,79,1,0.00625
66,46,6,5,6,10,84,83,1,0.00625
66,47,7,5,9,10,82,84,0,0.0
66,48,0,6,11,8,34,38,0,0.0
66,49,1,6,15,12,58,61,4,0.025
66,50,2,6,12,14,80,79,7,0.04375
66,51,3,6,3,11,70,69,5,0.03125
66,52,4,6,10,10,80,79,4,0.025
66,53,5,6,13,8,85,82,3,0.01875
66,54,6,6,10,11,85,87,0,0.0
66,55,7,6,9,5,87,86,1,0.00625
66,56,0,7,11,15,25,29,0,0.0
66,57,1,7,6,17,36,45,0,0.0
66,58,2,7,8,21,55,61,1,0.00625
66,59,3,7,12,12,66,65,7,0.04375
66,60,4,7,9,11,75,74,5,0.03125
66,61,5,7,13,8,84,82,4,0.025
66,62,6,7,5,7,87,84,2,0.0125
66,63,7,7,6,6,85,85,1,0.00625
67,0,0,0,12,13,57,58,0,0.0
67,1,1,0,15,14,60,57,3,0.01875
67,2,2,0,8,11,42,43,3,0.01875
67,3,3,0,9,13,39,39,7,0.04375
67,4,4,0,12,11,32,29,8,0.05
67,5,5,0,5,7,18,16,8,0.05
67,6,6,0,7,6,18,12,8,0.05
67,7,7,0,10,5,15,11,4,0.025
67,8,0,1,10,12,57,57,1,0.00625
67,9,1,1,9,9,68,67,2,0.0125
67,10,2,1,12,7,62,63,2,0.0125
67,11,3,1,10,10,59,58,5,0.03125
67,12,4,1,10,16,50,51,3,0.01875
67,13,5,1,8,5,33,27,8,0.05
67,14,6,1,8,5,28,21,7,0.04375
67,15,7,1,14,0,19,16,4,0.025
67,16,0,2,11,7,44,43,1,0.00625
67,17,1,2,8,10,62,62,1,0.00625
67,18,2,2,6,6,67,68,0,0.0
67,19,3,2,4,13,82,81,2,0.0125
67,20,4,2,10,7,75,74,3,0.01875
67,21,5,2,13,7,53,50,3,0.01875
67,22,6,2,11,9,47,40,6,0.0375
67,23,7,2,20,3,28,25,4,0.025
67,24,0,3,10,7,38,38,1,0.00625
67,25,1,3,12,10,57,55,1,0.00625
67,26,2,3,11,4,78,80,0,0.0
67,27,3,3,8,8,75,76,0,0.0
67,28,4,3,10,11,78,78,1,0.00625
67,29,5,3,9,13,60,57,4,0.025
67,30,6,3,7,8,45,44,0,0.0
67,31,7,3,12,8,26,25,1,0.00625
67,32,0,4,10,7,31,33,0,0.0
67,33,1,4,13,10,49,53,1,0.00625
67,34,2,4,5,13,73,74,3,0.01875
67,35,3,4,10,10,74,74,0,0.0
67,36,4,4,9,10,82,84,0,0.0
67,37,5,4,15,11,74,73,1,0.00625
67,38,6,4,6,7,49,49,1,0.00625
67,39,7,4,8,9,33,33,0,0.0
67,40,0,5,8,3,22,23,0,0.0
67,41,1,5,11,4,35,30,4,0.025
67,42,2,5,10,6,53,48,6,0.0375
67,43,3,5,15,6,54,52,4,0.025
67,44,4,5,9,14,72,73,0,0.0
67,45,5,5,10,9,74,73,1,0.00625
67,46,6,5,12,10,63,64,0,0.0
67,47,7,5,7,12,45,45,0,0.0
67,48,0,6,9,4,18,16,2,0.0125
67,49,1,6,2,6,19,17,5,0.03125
67,50,2,6,11,9,39,40,6,0.0375
67,51,3,6,11,7,41,41,4,0.025
67,52,4,6,4,6,48,52,0,0.0
67,53,5,6,10,12,64,64,3,0.01875
67,54,6,6,18,16,73,74,0,0.0
67,55,7,6,10,6,55,57,1,0.00625
67,56,0,7,9,6,16,13,3,0.01875
67,57,1,7,5,6,17,12,5,0.03125
67,58,2,7,5,12,25,18,8,0.05
67,59,3,7,11,5,21,20,8,0.05
67,60,4,7,12,11,37,37,6,0.0375
67,61,5,7,9,7,43,45,3,0.01875
67,62,6,7,5,13,56,59,0,0.0
67,63,7,7,11,10,55,55,0,0.0
68,0,0,0,11,11,56,55,1,0.00625
68,1,1,0,6,8,53,52,4,0.025
68,2,2,0,13,9,48,48,3,0.01875
68,3,3,0,11,4,27,29,5,0.03125
68,4,4,0,4,6,21,21,7,0.04375
68,5,5,0,4,4,13,12,9,0.05625
68,6,6,0,1,5,10,10,8,0.05
68,7,7,0,3,1,5,4,4,0.025
68,8,0,1,12,5,56,55,1,0.00625
68,9,1,1,7,8,62,62,1,0.00625
68,10,2,1,6,9,59,60,1,0.00625
68,11,3,1,11,9,47,49,2,0.0125
68,12,4,1,10,8,43,41,5,0.03125
68,13,5,1,10,10,30,31,8,0.05
68,14,6,1,5,5,17,16,8,0.05
68,15,7,1,1,3,6,6,4,0.025
68,16,0,2,6,14,46,46,0,0.0
68,17,1,2,7,8,60,60,1,0.00625
68,18,2,2,14,13,76,74,3,0.01875
68,19,3,2,4,12,67,68,1,0.00625
68,20,4,2,12,5,62,62,2,0.0125
68,21,5,2,12,14,60,58,3,0.01875
68,22,6,2,9,7,32,33,6,0.0375
68,23,7,2,7,2,14,14,4,0.025
68,24,0,3,7,13,31,32,0,0.0
68,25,1,3,8,9,50,51,0,0.0
68,26,2,3,13,4,70,70,0,0.0
68,27,3,3,18,16,86,85,2,0.0125
68,28,4,3,12,5,72,72,0,0.0
68,29,5,3,10,8,69,71,1,0.00625
68,30,6,3,11,7,44,44,1,0.00625
68,31,7,3,12,6,24,25,0,0.0
68,32,0,4,4,9,17,16,0,0.0
68,33,1,4,9,9,40,40,0,0.0
68,34,2,4,5,11,60,62,0,0.0
68,35,3,4,6,12,73,73,1,0.00625
68,36,4,4,8,8,61,60,1,0.00625
68,37,5,4,5,6,70,69,1,0.00625
68,38,6,4,11,8,51,50,1,0.00625
68,39,7,4,10,14,36,36,0,0.0
68,40,0,5,11,2,15,12,4,0.025
68,41,1,5,6,6,31,30,6,0.0375
68,42,2,5,19,16,60,62,4,0.025
68,43,3,5,5,11,71,69,4,0.025
68,44,4,5,8,8,72,70,2,0.0125
68,45,5,5,5,7,68,68,1,0.00625
68,46,6,5,9,15,62,63,0,0.0
68,47,7,5,10,15,52,51,1,0.00625
68,48,0,6,7,2,10,8,4,0.025
68,49,1,6,3,4,22,20,8,0.05
68,50,2,6,8,8,29,28,7,0.04375
68,51,3,6,10,10,47,45,7,0.04375
68,52,4,6,8,8,48,44,4,0.025
68,53,5,6,14,9,60,63,0,0.0
68,54,6,6,9,11,63,62,1,0.00625
68,55,7,6,8,3,52,52,0,0.0
68,56,0,7,2,0,2,1,4,0.025
68,57,1,7,7,7,16,13,8,0.05
68,58,2,7,5,6,15,16,7,0.04375
68,59,3,7,5,10,27,27,7,0.04375
68,60,4,7,12,8,36,36,5,0.03125
68,61,5,7,16,10,52,51,3,0.01875
68,62,6,7,3,9,53,53,1,0.00625
68,63,7,7,12,12,56,56,1,0.00625
69,0,0,0,18,17,61,61,0,0.0
69,1,1,0,14,12,55,56,2,0.0125
69,2,2,0,4,13,41,43,1,0.00625
69,3,3,0,7,11,34,34,5,0.03125
69,4,4,0,10,8,21,22,7,0.04375
69,5,5,0,5,9,16,16,9,0.05625
69,6,6,0,0,3,4,4,8,0.05
69,7,7,0,2,4,5,6,4,0.025
69,8,0,1,8,16,54,54,1,0.00625
69,9,1,1,8,8,62,63,0,0.0
69,10,2,1,12,11,74,70,4,0.025
69,11,3,1,8,12,56,56,2,0.0125
69,12,4,1,10,13,42,42,4,0.025
69,13,5,1,6,5,26,28,6,0.0375
69,14,6,1,6,0,10,10,8,0.05
69,15,7,1,2,2,7,7,4,0.025
69,16,0,2,15,4,42,43,0,0.0
69,17,1,2,12,11,71,70,1,0.00625
69,18,2,2,7,7,77,78,0,0.0
69,19,3,2,9,15,83,84,1,0.00625
69,20,4,2,7,14,69,68,3,0.01875
69,21,5,2,12,13,55,55,4,0.025
69,22,6,2,10,8,29,28,6,0.0375
69,23,7,2,6,1,12,12,4,0.025
69,24,0,3,8,7,33,33,0,0.0
69,25,1,3,11,13,54,56,0,0.0
69,26,2,3,14,9,81,81,1,0.00625
69,27,3,3,5,8,89,89,1,0.00625
69,28,4,3,12,8,86,84,2,0.0125
69,29,5,3,5,11,69,70,2,0.0125
69,30,6,3,20,9,53,49,5,0.03125
69,31,7,3,11,6,25,24,0,0.0
69,32,0,4,7,4,21,22,0,0.0
69,33,1,4,8,8,37,38,0,0.0
69,34,2,4,17,9,68,68,1,0.00625
69,35,3,4,8,10,83,84,1,0.00625
69,36,4,4,10,9,80,79,1,0.00625
69,37,5,4,13,9,72,73,0,0.0
69,38,6,4,9,5,44,44,2,0.0125
69,39,7,4,8,11,32,32,0,0.0
69,40,0,5,9,7,20,20,4,0.025
69,41,1,5,7,9,30,28,8,0.05
69,42,2,5,13,10,54,50,8,0.05
69,43,3,5,15,6,73,72,5,0.03125
69,44,4,5,7,9,71,73,1,0.00625
69,45,5,5,12,11,77,78,0,0.0
69,46,6,5,13,18,64,64,0,0.0
69,47,7,5,6,10,39,39,1,0.00625
69,48,0,6,0,3,5,5,4,0.025
69,49,1,6,4,4,9,10,7,0.04375
69,50,2,6,6,6,28,27,7,0.04375
69,51,3,6,6,14,47,46,8,0.05
69,52,4,6,12,11,49,47,6,0.0375
69,53,5,6,17,13,66,65,1,0.00625
69,54,6,6,7,7,62,61,1,0.00625
69,55,7,6,11,12,54,55,0,0.0
69,56,0,7,0,2,2,2,4,0.025
69,57,1,7,0,1,1,1,8,0.05
69,58,2,7,1,10,12,12,7,0.04375
69,59,3,7,9,15,25,26,7,0.04375
69,60,4,7,12,9,33,32,7,0.04375
69,61,5,7,7,7,37,40,1,0.00625
69,62,6,7,13,8,54,53,1,0.00625
69,63,7,7,10,10,55,54,2,0.0125
70,0,0,0,2,3,47,48,0,0.0
70,1,1,0,14,11,56,56,2,0.0125
70,2,2,0,7,12,41,40,1,0.00625
70,3,3,0,9,10,31,32,3,0.01875
70,4,4,0,5,8,21,20,8,0.05
70,5,5,0,3,6,11,12,8,0.05
70,6,6,0,1,3,6,6,8,0.05
70,7,7,0,2,0,2,2,4,0.025
70,8,0,1,14,16,58,58,0,0.0
70,9,1,1,8,7,64,64,0,0.0
70,10,2,1,9,9,62,65,1,0.00625
70,11,3,1,10,10,56,55,3,0.01875
70,12,4,1,9,10,44,45,4,0.025
70,13,5,1,9,6,27,26,6,0.0375
70,14,6,1,2,5,15,15,8,0.05
70,15,7,1,4,1,5,5,4,0.025
70,16,0,2,11,10,40,39,0,0.0
70,17,1,2,9,11,64,65,0,0.0
70,18,2,2,9,10,74,74,1,0.00625
70,19,3,2,8,10,76,75,2,0.0125
70,20,4,2,14,15,71,70,3,0.01875
70,21,5,2,3,13,46,48,2,0.0125
70,22,6,2,7,6,35,33,8,0.05
70,23,7,2,13,6,20,21,3,0.01875
70,24,0,3,11,6,29,29,0,0.0
70,25,1,3,10,6,54,54,0,0.0
70,26,2,3,11,7,77,76,2,0.0125
70,27,3,3,6,6,76,77,1,0.00625
70,28,4,3,7,6,76,79,0,0.0
70,29,5,3,7,13,66,68,0,0.0
70,30,6,3,9,9,40,45,0,0.0
70,31,7,3,7,9,25,25,1,0.00625
70,32,0,4,11,10,26,25,1,0.00625
70,33,1,4,9,10,47,46,1,0.00625
70,34,2,4,17,12,76,71,5,0.03125
70,35,3,4,7,6,83,80,3,0.01875
70,36,4,4,13,12,82,83,1,0.00625
70,37,5,4,14,6,74,74,1,0.00625
70,38,6,4,7,14,53,53,1,0.00625
70,39,7,4,6,15,38,38,0,0.0
70,40,0,5,5,2,8,8,4,0.025
70,41,1,5,5,8,25,25,8,0.05
70,42,2,5,12,8,48,47,8,0.05
70,43,3,5,14,7,69,71,4,0.025
70,44,4,5,9,17,75,72,2,0.0125
70,45,5,5,12,12,73,73,1,0.00625
70,46,6,5,12,5,62,62,0,0.0
70,47,7,5,6,4,43,43,0,0.0
70,48,0,6,4,0,5,5,4,0.025
70,49,1,6,6,4,18,15,9,0.05625
70,50,2,6,7,9,34,34,8,0.05
70,51,3,6,8,18,49,55,1,0.00625
70,52,4,6,9,8,50,52,4,0.025
70,53,5,6,6,13,62,62,2,0.0125
70,54,6,6,10,9,64,64,1,0.00625
70,55,7,6,10,7,55,53,2,0.0125
70,56,0,7,0,1,1,1,4,0.025
70,57,1,7,0,2,2,2,8,0.05
70,58,2,7,10,9,20,18,9,0.05625
70,59,3,7,7,9,25,24,8,0.05
70,60,4,7,13,5,33,37,2,0.0125
70,61,5,7,5,5,43,42,2,0.0125
70,62,6,7,8,11,54,55,1,0.00625
70,63,7,7,11,9,54,54,1,0.00625
71,0,0,0,4,3,48,48,0,0.0
71,1,1,0,12,15,62,61,3,0.01875
71,2,2,0,11,11,46,46,2,0.0125
71,3,3,0,6,10,36,35,4,0.025
71,4,4,0,11,9,28,29,7,0.04375
71,5,5,0,4,4,14,14,8,0.05
71,6,6,0,2,2,9,9,8,0.05
71,7,7,0,4,0,4,4,4,0.025
71,8,0,1,14,9,58,60,0,0.0
71,9,1,1,8,8,68,68,0,0.0
71,10,2,1,9,9,62,63,0,0.0
71,11,3,1,8,8,54,54,4,0.025
71,12,4,1,10,13,47,48,2,0.0125
71,13,5,1,8,4,27,25,8,0.05
71,14,6,1,3,6,18,18,8,0.05
71,15,7,1,7,0,7,7,4,0.025
71,16,0,2,10,9,46,46,1,0.00625
71,17,1,2,7,9,63,63,1,0.00625
71,18,2,2,10,8,71,71,1,0.00625
71,19,3,2,13,9,72,70,4,0.025
71,20,4,2,12,14,69,69,5,0.03125
71,21,5,2,12,11,47,42,7,0.04375
71,22,6,2,11,12,34,35,8,0.05
71,23,7,2,5,8,13,12,4,0.025
71,24,0,3,11,8,38,38,0,0.0
71,25,1,3,9,7,55,55,0,0.0
71,26,2,3,7,12,71,72,0,0.0
71,27,3,3,9,7,77,73,2,0.0125
71,28,4,3,13,7,84,81,2,0.0125
71,29,5,3,16,11,63,60,3,0.01875
71,30,6,3,7,8,45,43,1,0.00625
71,31,7,3,12,10,28,27,1,0.00625
71,32,0,4,5,7,23,23,1,0.00625
71,33,1,4,13,13,47,47,1,0.00625
71,34,2,4,11,11,60,66,0,0.0
71,35,3,4,7,14,77,80,1,0.00625
71,36,4,4,4,6,71,72,1,0.00625
71,37,5,4,4,14,73,71,1,0.00625
71,38,6,4,11,9,58,59,0,0.0
71,39,7,4,13,11,41,41,0,0.0
71,40,0,5,4,5,15,15,4,0.025
71,41,1,5,8,8,29,30,7,0.04375
71,42,2,5,10,3,45,46,8,0.05
71,43,3,5,4,13,56,59,2,0.0125
71,44,4,5,12,4,72,73,2,0.0125
71,45,5,5,7,7,73,72,1,0.00625
71,46,6,5,10,10,66,65,1,0.00625
71,47,7,5,13,10,51,51,1,0.00625
71,48,0,6,5,2,11,11,4,0.025
71,49,1,6,3,4,17,20,7,0.04375
71,50,2,6,10,13,39,39,8,0.05
71,51,3,6,10,1,42,39,5,0.03125
71,52,4,6,9,8,58,56,5,0.03125
71,53,5,6,9,9,64,64,1,0.00625
71,54,6,6,8,9,61,61,1,0.00625
71,55,7,6,6,6,51,52,0,0.0
71,56,0,7,6,4,9,10,3,0.01875
71,57,1,7,3,7,15,16,7,0.04375
71,58,2,7,0,7,15,16,8,0.05
71,59,3,7,8,11,30,30,7,0.04375
71,60,4,7,10,15,42,41,4,0.025
71,61,5,7,14,11,49,48,3,0.01875
71,62,6,7,7,8,54,52,3,0.01875
71,63,7,7,10,13,56,57,0,0.0
72,0,0,0,10,10,93,91,1,0.00625
72,1,1,0,9,13,93,96,1,0.00625
72,2,2,0,7,14,86,85,2,0.0125
72,3,3,0,6,8,72,73,2,0.0125
72,4,4,0,16,8,63,64,6,0.0375
72,5,5,0,4,19,55,58,5,0.03125
72,6,6,0,16,18,46,49,5,0.03125
72,7,7,0,9,18,28,32,0,0.0
72,8,0,1,13,11,95,95,0,0.0
72,9,1,1,9,10,93,92,1,0.00625
72,10,2,1,7,6,94,92,3,0.01875
72,11,3,1,13,7,77,78,3,0.01875
72,12,4,1,11,8,70,68,5,0.03125
72,13,5,1,10,16,73,77,5,0.03125
72,14,6,1,9,12,56,61,3,0.01875
72,15,7,1,12,15,46,50,0,0.0
72,16,0,2,18,8,90,89,1,0.00625
72,17,1,2,10,5,96,94,3,0.01875
72,18,2,2,11,12,104,103,3,0.01875
72,19,3,2,9,9,93,92,4,0.025
72,20,4,2,11,7,77,80,2,0.0125
72,21,5,2,8,14,88,92,4,0.025
72,22,6,2,11,12,70,77,0,0.0
72,23,7,2,11,9,55,59,0,0.0
72,24,0,3,9,9,71,71,0,0.0
72,25,1,3,7,15,81,80,0,0.0
72,26,2,3,10,9,93,91,1,0.00625
72,27,3,3,7,9,80,83,1,0.00625
72,28,4,3,12,8,82,80,4,0.025
72,29,5,3,11,7,90,93,0,0.0
72,30,6,3,10,11,78,78,1,0.00625
72,31,7,3,12,11,67,69,0,0.0
72,32,0,4,10,19,65,66,0,0.0
72,33,1,4,12,10,70,68,2,0.0125
72,34,2,4,6,13,84,80,2,0.0125
72,35,3,4,7,11,78,77,0,0.0
72,36,4,4,10,10,63,64,0,0.0
72,37,5,4,7,11,87,89,1,0.00625
72,38,6,4,8,7,76,76,0,0.0
72,39,7,4,9,8,73,71,1,0.00625
72,40,0,5,8,9,45,49,0,0.0
72,41,1,5,11,12,63,70,0,0.0
72,42,2,5,14,14,89,92,5,0.03125
72,43,3,5,12,12,95,90,6,0.0375
72,44,4,5,12,7,90,91,2,0.0125
72,45,5,5,10,10,93,93,0,0.0
72,46,6,5,8,7,87,86,1,0.00625
72,47,7,5,8,10,81,82,0,0.0
72,48,0,6,11,11,38,41,0,0.0
72,49,1,6,8,9,48,55,0,0.0
72,50,2,6,8,12,66,69,4,0.025
72,51,3,6,11,13,76,75,6,0.0375
72,52,4,6,10,11,78,82,1,0.00625
72,53,5,6,6,8,86,86,2,0.0125
72,54,6,6,16,14,94,94,1,0.00625
72,55,7,6,11,11,96,95,1,0.00625
72,56,0,7,12,15,28,31,0,0.0
72,57,1,7,15,17,47,49,4,0.025
72,58,2,7,12,17,60,62,6,0.0375
72,59,3,7,8,14,66,70,4,0.025
72,60,4,7,8,8,73,72,5,0.03125
72,61,5,7,10,10,87,84,6,0.0375
72,62,6,7,9,10,93,94,1,0.00625
72,63,7,7,10,10,94,94,0,0.0
73,0,0,0,8,9,53,53,1,0.00625
73,1,1,0,5,7,51,51,0,0.0
73,2,2,0,12,19,62,58,6,0.0375
73,3,3,0,10,13,43,43,4,0.025
73,4,4,0,6,12,31,33,4,0.025
73,5,5,0,8,1,15,13,7,0.04375
73,6,6,0,4,7,15,13,7,0.04375
73,7,7,0,7,2,9,5,2,0.0125
73,8,0,1,7,6,51,51,0,0.0
73,9,1,1,11,10,62,62,1,0.00625
73,10,2,1,10,12,74,74,3,0.01875
73,11,3,1,10,13,62,60,5,0.03125
73,12,4,1,8,10,50,49,6,0.0375
73,13,5,1,10,8,29,29,5,0.03125
73,14,6,1,5,4,23,18,8,0.05
73,15,7,1,9,6,17,17,0,0.0
73,16,0,2,18,9,56,57,1,0.00625
73,17,1,2,9,10,72,72,2,0.0125
73,18,2,2,10,11,84,85,1,0.00625
73,19,3,2,10,10,77,80,1,0.00625
73,20,4,2,11,10,67,65,4,0.025
73,21,5,2,15,11,47,44,6,0.0375
73,22,6,2,5,6,29,26,3,0.01875
73,23,7,2,10,4,21,21,0,0.0
73,24,0,3,11,8,43,43,0,0.0
73,25,1,3,12,6,58,59,0,0.0
73,26,2,3,12,13,79,80,1,0.00625
73,27,3,3,12,10,79,81,0,0.0
73,28,4,3,6,10,72,75,1,0.00625
73,29,5,3,9,15,58,58,0,0.0
73,30,6,3,8,8,36,38,0,0.0
73,31,7,3,4,7,22,22,0,0.0
73,32,0,4,12,10,35,34,0,0.0
73,33,1,4,10,6,52,53,0,0.0
73,34,2,4,12,9,67,69,2,0.0125
73,35,3,4,9,9,81,82,1,0.00625
73,36,4,4,10,9,88,87,0,0.0
73,37,5,4,10,9,79,78,1,0.00625
73,38,6,4,13,11,59,58,2,0.0125
73,39,7,4,11,11,40,42,0,0.0
73,40,0,5,11,3,22,18,4,0.025
73,41,1,5,10,10,38,32,6,0.0375
73,42,2,5,8,10,42,45,2,0.0125
73,43,3,5,12,11,62,66,2,0.0125
73,44,4,5,9,10,78,76,4,0.025
73,45,5,5,13,14,84,86,0,0.0
73,46,6,5,10,11,70,71,0,0.0
73,47,7,5,16,10,54,54,0,0.0
73,48,0,6,7,5,15,15,1,0.00625
73,49,1,6,5,7,24,24,0,0.0
73,50,2,6,7,8,33,33,5,0.03125
73,51,3,6,6,12,42,43,5,0.03125
73,52,4,6,8,12,58,55,5,0.03125
73,53,5,6,15,11,75,71,4,0.025
73,54,6,6,5,7,58,59,0,0.0
73,55,7,6,10,6,53,54,0,0.0
73,56,0,7,9,4,13,9,4,0.025
73,57,1,7,4,5,16,13,8,0.05
73,58,2,7,2,8,19,17,8,0.05
73,59,3,7,8,6,22,21,5,0.03125
73,60,4,7,16,9,43,39,8,0.05
73,61,5,7,6,15,51,53,4,0.025
73,62,6,7,8,8,55,52,4,0.025
73,63,7,7,11,9,54,55,0,0.0
74,0,0,0,11,10,55,55,1,0.00625
74,1,1,0,7,6,49,49,1,0.00625
74,2,2,0,12,13,50,51,5,0.03125
74,3,3,0,5,7,30,31,3,0.01875
74,4,4,0,7,11,32,29,6,0.0375
74,5,5,0,8,10,25,25,7,0.04375
74,6,6,0,3,5,13,12,8,0.05
74,7,7,0,6,6,11,11,4,0.025
74,8,0,1,6,6,50,49,1,0.00625
74,9,1,1,6,6,55,56,1,0.00625
74,10,2,1,7,6,65,65,2,0.0125
74,11,3,1,10,8,49,52,2,0.0125
74,12,4,1,8,15,51,49,7,0.04375
74,13,5,1,10,7,35,32,8,0.05
74,14,6,1,5,4,16,17,7,0.04375
74,15,7,1,7,2,14,10,4,0.025
74,16,0,2,11,11,50,50,0,0.0
74,17,1,2,7,8,63,65,0,0.0
74,18,2,2,11,11,75,75,1,0.00625
74,19,3,2,10,11,70,69,2,0.0125
74,20,4,2,8,9,73,72,4,0.025
74,21,5,2,7,9,55,54,7,0.04375
74,22,6,2,9,8,34,36,2,0.0125
74,23,7,2,7,3,17,17,0,0.0
74,24,0,3,7,7,32,31,0,0.0
74,25,1,3,7,14,49,49,0,0.0
74,26,2,3,8,7,67,68,1,0.00625
74,27,3,3,12,14,77,75,1,0.00625
74,28,4,3,10,5,82,80,2,0.0125
74,29,5,3,16,10,76,70,5,0.03125
74,30,6,3,13,8,48,47,0,0.0
74,31,7,3,10,4,23,23,0,0.0
74,32,0,4,11,5,29,30,0,0.0
74,33,1,4,12,8,45,45,1,0.00625
74,34,2,4,7,10,67,69,0,0.0
74,35,3,4,9,8,77,77,1,0.00625
74,36,4,4,10,10,83,82,0,0.0
74,37,5,4,9,7,79,78,2,0.0125
74,38,6,4,15,10,60,61,0,0.0
74,39,7,4,10,11,34,33,1,0.00625
74,40,0,5,9,7,23,22,5,0.03125
74,41,1,5,9,9,31,30,6,0.0375
74,42,2,5,13,12,57,53,6,0.0375
74,43,3,5,12,12,64,64,2,0.0125
74,44,4,5,8,9,78,77,4,0.025
74,45,5,5,9,8,68,67,1,0.00625
74,46,6,5,9,8,60,60,1,0.00625
74,47,7,5,7,7,38,38,0,0.0
74,48,0,6,9,5,16,14,2,0.0125
74,49,1,6,7,0,20,13,7,0.04375
74,50,2,6,10,7,34,31,8,0.05
74,51,3,6,11,6,40,39,5,0.03125
74,52,4,6,12,12,59,62,1,0.00625
74,53,5,6,5,7,57,60,2,0.0125
74,54,6,6,9,9,64,65,0,0.0
74,55,7,6,9,14,54,55,0,0.0
74,56,0,7,0,2,2,2,4,0.025
74,57,1,7,1,6,7,7,8,0.05
74,58,2,7,8,9,18,18,7,0.04375
74,59,3,7,8,8,24,23,6,0.0375
74,60,4,7,10,14,37,38,8,0.05
74,61,5,7,6,6,36,36,3,0.01875
74,62,6,7,13,11,53,57,0,0.0
74,63,7,7,13,15,58,58,0,0.0
75,0,0,0,10,11,55,56,0,0.0
75,1,1,0,11,11,57,55,3,0.01875
75,2,2,0,12,5,38,40,4,0.025
75,3,3,0,10,9,31,31,3,0.01875
75,4,4,0,8,8,22,21,8,0.05
75,5,5,0,2,4,9,8,8,0.05
75,6,6,0,2,3,6,6,8,0.05
75,7,7,0,1,0,1,1,4,0.025
75,8,0,1,9,9,54,54,1,0.00625
75,9,1,1,10,9,63,64,0,0.0
75,10,2,1,14,6,55,54,3,0.01875
75,11,3,1,10,9,51,50,3,0.01875
75,12,4,1,10,9,38,40,6,0.0375
75,13,5,1,8,10,27,26,9,0.05625
75,14,6,1,4,4,12,11,8,0.05
75,15,7,1,0,1,1,1,4,0.025
75,16,0,2,5,15,40,40,0,0.0
75,17,1,2,5,12,54,53,2,0.0125
75,18,2,2,9,9,61,63,0,0.0
75,19,3,2,10,9,72,72,3,0.01875
75,20,4,2,16,10,65,62,7,0.04375
75,21,5,2,9,16,49,51,5,0.03125
75,22,6,2,9,7,31,25,7,0.04375
75,23,7,2,13,5,19,16,3,0.01875
75,24,0,3,8,6,29,29,1,0.00625
75,25,1,3,12,8,53,52,1,0.00625
75,26,2,3,10,10,72,71,1,0.00625
75,27,3,3,8,8,78,79,0,0.0
75,28,4,3,7,9,79,82,1,0.00625
75,29,5,3,12,8,71,74,3,0.01875
75,30,6,3,15,10,47,46,1,0.00625
75,31,7,3,9,8,25,24,0,0.0
75,32,0,4,10,5,24,24,0,0.0
75,33,1,4,11,9,44,45,1,0.00625
75,34,2,4,11,13,67,64,3,0.01875
75,35,3,4,5,8,81,80,1,0.00625
75,36,4,4,9,9,78,78,1,0.00625
75,37,5,4,8,7,75,76,1,0.00625
75,38,6,4,13,11,55,55,1,0.00625
75,39,7,4,7,12,34,34,0,0.0
75,40,0,5,11,4,21,21,4,0.025
75,41,1,5,8,5,35,34,8,0.05
75,42,2,5,9,6,47,49,3,0.01875
75,43,3,5,6,15,71,72,2,0.0125
75,44,4,5,7,8,77,78,3,0.01875
75,45,5,5,5,5,68,68,0,0.0
75,46,6,5,11,11,63,63,0,0.0
75,47,7,5,9,9,47,45,1,0.00625
75,48,0,6,4,3,10,9,4,0.025
75,49,1,6,2,4,15,14,7,0.04375
75,50,2,6,12,8,31,32,7,0.04375
75,51,3,6,9,14,50,48,6,0.0375
75,52,4,6,7,18,57,58,1,0.00625
75,53,5,6,11,11,61,63,1,0.00625
75,54,6,6,12,11,67,67,0,0.0
75,55,7,6,11,7,56,55,1,0.00625
75,56,0,7,1,3,4,4,4,0.025
75,57,1,7,2,4,7,7,7,0.04375
75,58,2,7,5,5,14,14,8,0.05
75,59,3,7,6,8,24,23,7,0.04375
75,60,4,7,10,5,30,33,4,0.025
75,61,5,7,12,10,48,48,4,0.025
75,62,6,7,9,11,57,55,3,0.01875
75,63,7,7,10,9,54,53,1,0.00625
76,0,0,0,7,7,51,52,0,0.0
76,1,1,0,15,12,56,56,3,0.01875
76,2,2,0,15,9,41,38,6,0.0375
76,3,3,0,8,6,26,22,7,0.04375
76,4,4,0,6,13,24,24,8,0.05
76,5,5,0,4,14,19,21,6,0.0375
76,6,6,0,0,3,4,4,8,0.05
76,7,7,0,1,2,3,3,4,0.025
76,8,0,1,13,15,58,57,1,0.00625
76,9,1,1,11,12,68,68,0,0.0
76,10,2,1,9,10,62,64,2,0.0125
76,11,3,1,5,14,53,55,1,0.00625
76,12,4,1,9,9,48,49,4,0.025
76,13,5,1,9,7,39,41,7,0.04375
76,14,6,1,5,1,13,14,7,0.04375
76,15,7,1,4,1,8,8,3,0.01875
76,16,0,2,11,14,40,40,1,0.00625
76,17,1,2,9,10,64,64,1,0.00625
76,18,2,2,9,9,74,72,1,0.00625
76,19,3,2,14,12,75,75,2,0.0125
76,20,4,2,10,9,55,62,1,0.00625
76,21,5,2,6,4,44,43,7,0.04375
76,22,6,2,6,8,25,24,8,0.05
76,23,7,2,6,7,17,16,4,0.025
76,24,0,3,7,7,23,24,0,0.0
76,25,1,3,11,9,53,53,1,0.00625
76,26,2,3,12,15,77,77,2,0.0125
76,27,3,3,12,12,89,89,1,0.00625
76,28,4,3,8,10,85,85,1,0.00625
76,29,5,3,13,8,68,69,1,0.00625
76,30,6,3,11,13,48,49,0,0.0
76,31,7,3,11,8,27,28,0,0.0
76,32,0,4,11,7,21,21,0,0.0
76,33,1,4,12,12,51,49,2,0.0125
76,34,2,4,11,13,63,59,5,0.03125
76,35,3,4,11,9,87,85,2,0.0125
76,36,4,4,7,8,81,83,0,0.0
76,37,5,4,13,11,78,78,1,0.00625
76,38,6,4,12,9,58,57,1,0.00625
76,39,7,4,9,10,36,37,0,0.0
76,40,0,5,10,2,13,14,4,0.025
76,41,1,5,9,11,34,34,8,0.05
76,42,2,5,5,8,43,43,3,0.01875
76,43,3,5,7,10,70,69,3,0.01875
76,44,4,5,10,13,78,77,3,0.01875
76,45,5,5,7,8,70,70,1,0.00625
76,46,6,5,9,8,64,64,1,0.00625
76,47,7,5,8,7,42,42,1,0.00625
76,48,0,6,6,0,8,8,4,0.025
76,49,1,6,5,4,14,14,8,0.05
76,50,2,6,2,2,20,20,7,0.04375
76,51,3,6,13,14,49,49,7,0.04375
76,52,4,6,13,12,59,56,4,0.025
76,53,5,6,8,10,63,62,1,0.00625
76,54,6,6,9,10,59,58,1,0.00625
76,55,7,6,7,11,51,50,0,0.0
76,56,0,7,1,2,3,3,4,0.025
76,57,1,7,5,1,7,7,8,0.05
76,58,2,7,1,8,14,15,7,0.04375
76,59,3,7,11,11,28,28,7,0.04375
76,60,4,7,8,9,35,37,3,0.01875
76,61,5,7,5,8,40,42,2,0.0125
76,62,6,7,9,6,50,50,3,0.01875
76,63,7,7,6,6,52,51,1,0.00625
77,0,0,0,9,9,53,53,0,0.0
77,1,1,0,8,9,53,53,2,0.0125
77,2,2,0,12,15,50,52,5,0.03125
77,3,3,0,9,9,30,32,5,0.03125
77,4,4,0,7,9,21,22,7,0.04375
77,5,5,0,3,9,15,13,8,0.05
77,6,6,0,1,7,10,10,8,0.05
77,7,7,0,2,1,3,3,4,0.025
77,8,0,1,8,10,53,53,1,0.00625
77,9,1,1,7,8,61,60,1,0.00625
77,10,2,1,14,7,71,68,3,0.01875
77,11,3,1,10,8,51,48,4,0.025
77,12,4,1,13,12,47,45,7,0.04375
77,13,5,1,8,12,35,34,7,0.04375
77,14,6,1,2,3,15,15,7,0.04375
77,15,7,1,3,2,5,5,4,0.025
77,16,0,2,14,9,48,49,0,0.0
77,17,1,2,8,14,68,69,0,0.0
77,18,2,2,15,15,83,84,0,0.0
77,19,3,2,15,12,75,76,2,0.0125
77,20,4,2,8,11,60,59,1,0.00625
77,21,5,2,11,7,48,47,7,0.04375
77,22,6,2,6,6,26,27,8,0.05
77,23,7,2,3,1,6,6,4,0.025
77,24,0,3,11,9,37,35,1,0.00625
77,25,1,3,9,7,51,51,0,0.0
77,26,2,3,13,16,78,74,4,0.025
77,27,3,3,6,5,75,74,0,0.0
77,28,4,3,9,12,81,81,1,0.00625
77,29,5,3,6,6,67,64,3,0.01875
77,30,6,3,12,11,53,50,4,0.025
77,31,7,3,14,7,27,27,0,0.0
77,32,0,4,13,5,27,27,0,0.0
77,33,1,4,7,7,43,45,0,0.0
77,34,2,4,11,11,59,61,4,0.025
77,35,3,4,12,8,80,82,2,0.0125
77,36,4,4,5,4,70,66,3,0.01875
77,37,5,4,5,9,65,66,1,0.00625
77,38,6,4,8,10,52,53,0,0.0
77,39,7,4,8,6,25,25,0,0.0
77,40,0,5,11,4,20,19,4,0.025
77,41,1,5,12,7,40,40,8,0.05
77,42,2,5,8,9,49,46,7,0.04375
77,43,3,5,10,7,66,66,3,0.01875
77,44,4,5,8,5,62,66,0,0.0
77,45,5,5,5,5,71,71,1,0.00625
77,46,6,5,14,8,67,66,0,0.0
77,47,7,5,10,10,38,39,0,0.0
77,48,0,6,1,1,4,3,5,0.03125
77,49,1,6,4,6,15,15,8,0.05
77,50,2,6,9,5,24,23,8,0.05
77,51,3,6,11,13,49,50,5,0.03125
77,52,4,6,8,9,51,52,3,0.01875
77,53,5,6,9,12,69,68,2,0.0125
77,54,6,6,7,7,61,60,1,0.00625
77,55,7,6,8,16,52,54,0,0.0
77,56,0,7,4,1,5,5,4,0.025
77,57,1,7,2,4,9,10,7,0.04375
77,58,2,7,3,4,12,12,7,0.04375
77,59,3,7,3,10,22,21,8,0.05
77,60,4,7,7,7,25,23,5,0.03125
77,61,5,7,11,9,40,37,3,0.01875
77,62,6,7,14,8,50,52,0,0.0
77,63,7,7,12,13,57,57,1,0.00625
78,0,0,0,10,10,93,93,0,0.0
78,1,1,0,12,3,87,88,2,0.0125
78,2,2,0,9,10,78,81,2,0.0125
78,3,3,0,10,10,71,71,5,0.03125
78,4,4,0,8,14,65,65,7,0.04375
78,5,5,0,11,18,58,61,5,0.03125
78,6,6,0,9,13,35,42,1,0.00625
78,7,7,0,8,15,23,27,0,0.0
78,8,0,1,4,10,87,88,1,0.00625
78,9,1,1,11,11,94,94,1,0.00625
78,10,2,1,10,9,91,94,2,0.0125
78,11,3,1,9,11,88,88,4,0.025
78,12,4,1,10,7,75,79,3,0.01875
78,13,5,1,13,16,77,78,7,0.04375
78,14,6,1,10,18,58,62,3,0.01875
78,15,7,1,13,12,39,43,0,0.0
78,16,0,2,8,13,82,81,1,0.00625
78,17,1,2,9,11,95,94,1,0.00625
78,18,2,2,16,16,98,97,1,0.00625
78,19,3,2,10,12,96,97,0,0.0
78,20,4,2,9,13,86,86,2,0.0125
78,21,5,2,10,14,90,93,4,0.025
78,22,6,2,8,12,71,76,2,0.0125
78,23,7,2,17,10,54,57,0,0.0
78,24,0,3,9,13,69,70,1,0.00625
78,25,1,3,10,9,86,87,0,0.0
78,26,2,3,10,11,93,98,1,0.00625
78,27,3,3,9,10,83,85,0,0.0
78,28,4,3,12,15,91,90,1,0.00625
78,29,5,3,8,9,85,89,1,0.00625
78,30,6,3,11,10,74,78,0,0.0
78,31,7,3,10,10,56,55,1,0.00625
78,32,0,4,10,13,58,58,0,0.0
78,33,1,4,10,15,77,75,2,0.0125
78,34,2,4,11,7,83,84,2,0.0125
78,35,3,4,16,10,91,92,1,0.00625
78,36,4,4,12,11,84,87,0,0.0
78,37,5,4,16,5,88,87,0,0.0
78,38,6,4,4,9,74,74,0,0.0
78,39,7,4,9,11,66,66,0,0.0
78,40,0,5,13,12,48,53,0,0.0
78,41,1,5,13,17,72,76,4,0.025
78,42,2,5,16,13,93,94,5,0.03125
78,43,3,5,6,8,90,90,1,0.00625
78,44,4,5,4,14,87,87,1,0.00625
78,45,5,5,12,11,92,90,2,0.0125
78,46,6,5,11,12,90,91,0,0.0
78,47,7,5,5,13,74,75,0,0.0
78,48,0,6,9,11,35,39,0,0.0
78,49,1,6,11,12,51,58,1,0.00625
78,50,2,6,13,14,76,78,6,0.0375
78,51,3,6,9,11,79,81,4,0.025
78,52,4,6,9,3,74,73,4,0.025
78,53,5,6,13,12,92,90,3,0.01875
78,54,6,6,22,21,106,107,1,0.00625
78,55,7,6,10,10,90,89,1,0.00625
78,56,0,7,9,14,23,26,0,0.0
78,57,1,7,8,14,35,39,3,0.01875
78,58,2,7,7,18,51,52,6,0.0375
78,59,3,7,10,15,58,62,4,0.025
78,60,4,7,15,9,69,67,6,0.0375
78,61,5,7,11,6,74,77,1,0.00625
78,62,6,7,10,12,91,92,0,0.0
78,63,7,7,6,5,84,86,0,0.0
79,0,0,0,11,11,56,55,1,0.00625
79,1,1,0,11,9,54,53,3,0.01875
79,2,2,0,13,8,43,43,2,0.0125
79,3,3,0,12,11,34,34,5,0.03125
79,4,4,0,5,6,17,16,8,0.05
79,5,5,0,5,11,21,18,8,0.05
79,6,6,0,5,5,16,9,8,0.05
79,7,7,0,7,1,8,8,0,0.0
79,8,0,1,10,11,55,54,1,0.00625
79,9,1,1,7,6,60,60,0,0.0
79,10,2,1,6,14,67,67,1,0.00625
79,11,3,1,13,5,53,54,3,0.01875
79,12,4,1,10,12,48,42,9,0.05625
79,13,5,1,9,7,37,36,8,0.05
79,14,6,1,6,2,20,16,7,0.04375
79,15,7,1,7,4,13,13,0,0.0
79,16,0,2,9,12,42,41,1,0.00625
79,17,1,2,14,6,66,66,1,0.00625
79,18,2,2,9,9,74,75,0,0.0
79,19,3,2,13,10,69,69,1,0.00625
79,20,4,2,12,14,66,64,3,0.01875
79,21,5,2,7,10,51,48,7,0.04375
79,22,6,2,12,10,35,31,7,0.04375
79,23,7,2,8,2,17,16,2,0.0125
79,24,0,3,10,8,30,31,0,0.0
79,25,1,3,4,14,51,51,0,0.0
79,26,2,3,10,13,68,68,0,0.0
79,27,3,3,8,8,77,76,1,0.00625
79,28,4,3,9,11,91,88,3,0.01875
79,29,5,3,11,9,75,74,2,0.0125
79,30,6,3,12,6,45,45,0,0.0
79,31,7,3,11,5,24,24,0,0.0
79,32,0,4,6,4,20,20,0,0.0
79,33,1,4,11,7,43,44,1,0.00625
79,34,2,4,13,11,65,67,1,0.00625
79,35,3,4,10,11,90,87,3,0.01875
79,36,4,4,9,11,82,83,0,0.0
79,37,5,4,7,6,71,72,1,0.00625
79,38,6,4,10,11,53,52,1,0.00625
79,39,7,4,10,12,36,36,0,0.0
79,40,0,5,13,2,23,22,1,0.00625
79,41,1,5,8,7,38,36,5,0.03125
79,42,2,5,9,6,49,51,4,0.025
79,43,3,5,8,11,70,70,1,0.00625
79,44,4,5,10,10,75,73,2,0.0125
79,45,5,5,7,7,62,64,0,0.0
79,46,6,5,5,11,55,56,0,0.0
79,47,7,5,5,6,36,35,1,0.00625
79,48,0,6,9,4,16,16,1,0.00625
79,49,1,6,9,3,27,20,8,0.05
79,50,2,6,7,5,32,30,8,0.05
79,51,3,6,9,13,47,44,7,0.04375
79,52,4,6,11,7,54,54,4,0.025
79,53,5,6,10,7,55,57,2,0.0125
79,54,6,6,9,9,60,59,1,0.00625
79,55,7,6,9,14,52,50,2,0.0125
79,56,0,7,9,4,13,12,2,0.0125
79,57,1,7,4,8,20,15,8,0.05
79,58,2,7,7,10,24,22,8,0.05
79,59,3,7,3,7,24,20,8,0.05
79,60,4,7,9,13,35,35,7,0.04375
79,61,5,7,11,6,37,37,2,0.0125
79,62,6,7,16,6,53,50,3,0.01875
79,63,7,7,11,12,56,56,0,0.0
80,0,0,0,8,7,52,51,1,0.00625
80,1,1,0,10,7,52,52,2,0.0125
80,2,2,0,13,8,42,40,4,0.025
80,3,3,0,13,9,31,28,8,0.05
80,4,4,0,5,11,19,20,7,0.04375
80,5,5,0,4,9,12,12,8,0.05
80,6,6,0,0,2,2,2,8,0.05
80,7,7,0,4,4,8,4,4,0.025
80,8,0,1,6,11,50,51,0,0.0
80,9,1,1,3,4,54,55,0,0.0
80,10,2,1,6,6,61,58,4,0.025
80,11,3,1,15,8,57,59,1,0.00625
80,12,4,1,12,10,42,46,4,0.025
80,13,5,1,6,7,25,26,7,0.04375
80,14,6,1,1,6,14,12,9,0.05625
80,15,7,1,8,3,16,12,4,0.025
80,16,0,2,8,11,42,43,0,0.0
80,17,1,2,5,4,59,59,1,0.00625
80,18,2,2,7,5,64,63,1,0.00625
80,19,3,2,7,6,70,69,1,0.00625
80,20,4,2,8,10,67,69,1,0.00625
80,21,5,2,12,10,50,53,4,0.025
80,22,6,2,5,5,28,28,7,0.04375
80,23,7,2,11,2,18,18,2,0.0125
80,24,0,3,7,11,30,30,0,0.0
80,25,1,3,11,13,59,59,0,0.0
80,26,2,3,8,6,70,69,2,0.0125
80,27,3,3,10,10,70,71,0,0.0
80,28,4,3,11,10,74,76,1,0.00625
80,29,5,3,6,15,61,62,0,0.0
80,30,6,3,5,11,43,43,0,0.0
80,31,7,3,14,0,22,22,1,0.00625
80,32,0,4,9,3,18,18,0,0.0
80,33,1,4,7,14,42,43,0,0.0
80,34,2,4,11,10,64,64,1,0.00625
80,35,3,4,12,10,73,76,0,0.0
80,36,4,4,8,8,78,75,2,0.0125
80,37,5,4,9,6,75,72,3,0.01875
80,38,6,4,13,14,61,63,0,0.0
80,39,7,4,8,10,27,26,0,0.0
80,40,0,5,12,4,17,16,2,0.0125
80,41,1,5,7,8,31,30,7,0.04375
80,42,2,5,8,13,51,50,4,0.025
80,43,3,5,17,6,64,66,1,0.00625
80,44,4,5,2,7,70,70,2,0.0125
80,45,5,5,11,11,74,75,0,0.0
80,46,6,5,9,6,63,63,0,0.0
80,47,7,5,10,13,42,42,0,0.0
80,48,0,6,7,0,9,6,4,0.025
80,49,1,6,2,2,12,13,7,0.04375
80,50,2,6,7,9,27,28,7,0.04375
80,51,3,6,7,8,40,43,5,0.03125
80,52,4,6,18,13,59,56,7,0.04375
80,53,5,6,6,9,63,64,2,0.0125
80,54,6,6,13,14,74,75,0,0.0
80,55,7,6,14,12,61,62,1,0.00625
80,56,0,7,2,3,5,3,4,0.025
80,57,1,7,0,4,5,4,8,0.05
80,58,2,7,2,6,8,8,8,0.05
80,59,3,7,6,13,20,20,8,0.05
80,60,4,7,13,6,26,27,6,0.0375
80,61,5,7,10,10,41,41,2,0.0125
80,62,6,7,11,17,61,61,2,0.0125
80,63,7,7,8,8,53,52,1,0.00625
81,0,0,0,11,11,56,56,0,0.0
81,1,1,0,11,10,54,54,2,0.0125
81,2,2,0,12,14,50,49,4,0.025
81,3,3,0,10,5,28,29,7,0.04375
81,4,4,0,5,10,22,22,7,0.04375
81,5,5,0,4,11,17,18,7,0.04375
81,6,6,0,2,3,7,7,8,0.05
81,7,7,0,1,1,2,2,4,0.025
81,8,0,1,10,10,54,55,0,0.0
81,9,1,1,10,10,64,63,1,0.00625
81,10,2,1,12,10,71,71,3,0.01875
81,11,3,1,13,9,51,45,6,0.0375
81,12,4,1,7,9,44,42,7,0.04375
81,13,5,1,9,7,35,35,6,0.0375
81,14,6,1,6,2,14,15,8,0.05
81,15,7,1,2,0,2,3,3,0.01875
81,16,0,2,16,14,50,51,0,0.0
81,17,1,2,12,13,73,73,0,0.0
81,18,2,2,8,10,82,82,0,0.0
81,19,3,2,7,17,75,76,1,0.00625
81,20,4,2,14,6,65,64,3,0.01875
81,21,5,2,11,10,54,54,4,0.025
81,22,6,2,8,9,30,28,8,0.05
81,23,7,2,7,2,10,8,4,0.025
81,24,0,3,9,12,30,30,0,0.0
81,25,1,3,7,11,48,47,1,0.00625
81,26,2,3,16,7,77,78,1,0.00625
81,27,3,3,9,8,85,84,1,0.00625
81,28,4,3,12,14,86,85,2,0.0125
81,29,5,3,10,12,74,72,3,0.01875
81,30,6,3,12,4,43,41,2,0.0125
81,31,7,3,11,13,27,28,0,0.0
81,32,0,4,13,5,24,24,0,0.0
81,33,1,4,9,7,43,44,0,0.0
81,34,2,4,5,11,66,66,1,0.00625
81,35,3,4,14,12,88,84,3,0.01875
81,36,4,4,10,10,76,79,0,0.0
81,37,5,4,8,5,70,72,1,0.00625
81,38,6,4,7,10,48,45,1,0.00625
81,39,7,4,10,15,41,42,0,0.0
81,40,0,5,12,5,19,17,4,0.025
81,41,1,5,7,5,30,32,5,0.03125
81,42,2,5,10,9,58,56,7,0.04375
81,43,3,5,12,12,73,70,4,0.025
81,44,4,5,7,10,75,75,2,0.0125
81,45,5,5,15,15,75,74,1,0.00625
81,46,6,5,9,14,61,61,0,0.0
81,47,7,5,8,8,47,48,0,0.0
81,48,0,6,4,0,5,5,4,0.025
81,49,1,6,2,2,13,12,8,0.05
81,50,2,6,9,10,35,33,8,0.05
81,51,3,6,7,7,41,41,4,0.025
81,52,4,6,6,10,47,53,0,0.0
81,53,5,6,15,7,60,60,2,0.0125
81,54,6,6,13,13,67,67,1,0.00625
81,55,7,6,9,5,53,54,0,0.0
81,56,0,7,0,1,1,1,4,0.025
81,57,1,7,0,5,4,5,8,0.05
81,58,2,7,6,8,13,14,7,0.04375
81,59,3,7,9,12,26,28,6,0.0375
81,60,4,7,12,11,40,42,4,0.025
81,61,5,7,6,7,46,46,2,0.0125
81,62,6,7,5,7,52,52,1,0.00625
81,63,7,7,8,6,52,52,0,0.0
82,0,0,0,11,12,55,57,0,0.0
82,1,1,0,12,7,50,52,1,0.00625
82,2,2,0,8,10,38,41,1,0.00625
82,3,3,0,12,10,31,31,6,0.0375
82,4,4,0,5,10,20,20,7,0.04375
82,5,5,0,0,10,15,14,8,0.05
82,6,6,0,2,7,10,10,8,0.05
82,7,7,0,2,1,3,3,4,0.025
82,8,0,1,6,14,50,50,0,0.0
82,9,1,1,5,5,56,56,1,0.00625
82,10,2,1,7,10,64,65,3,0.01875
82,11,3,1,8,9,51,56,2,0.0125
82,12,4,1,11,7,39,43,2,0.0125
82,13,5,1,5,7,30,28,9,0.05625
82,14,6,1,4,4,16,16,8,0.05
82,15,7,1,2,1,4,3,4,0.025
82,16,0,2,11,9,42,41,1,0.00625
82,17,1,2,9,7,63,65,0,0.0
82,18,2,2,5,5,68,69,1,0.00625
82,19,3,2,10,9,73,72,2,0.0125
82,20,4,2,14,8,62,59,5,0.03125
82,21,5,2,10,6,48,48,5,0.03125
82,22,6,2,8,8,33,35,7,0.04375
82,23,7,2,6,12,20,20,4,0.025
82,24,0,3,11,9,32,32,0,0.0
82,25,1,3,11,12,60,58,1,0.00625
82,26,2,3,9,11,75,73,2,0.0125
82,27,3,3,8,9,80,79,1,0.00625
82,28,4,3,9,13,77,80,0,0.0
82,29,5,3,8,9,64,65,0,0.0
82,30,6,3,13,10,49,50,1,0.00625
82,31,7,3,8,9,31,29,1,0.00625
82,32,0,4,10,8,23,22,1,0.00625
82,33,1,4,9,12,44,44,0,0.0
82,34,2,4,11,10,64,61,5,0.03125
82,35,3,4,13,9,79,80,4,0.025
82,36,4,4,12,12,85,84,0,0.0
82,37,5,4,11,9,80,80,1,0.00625
82,38,6,4,16,6,57,59,0,0.0
82,39,7,4,9,8,39,38,1,0.00625
82,40,0,5,8,3,12,12,4,0.025
82,41,1,5,8,6,30,29,6,0.0375
82,42,2,5,7,8,45,47,3,0.01875
82,43,3,5,11,7,68,69,3,0.01875
82,44,4,5,8,11,78,77,2,0.0125
82,45,5,5,8,9,75,75,1,0.00625
82,46,6,5,13,10,66,65,1,0.00625
82,47,7,5,8,8,47,46,1,0.00625
82,48,0,6,5,1,6,6,4,0.025
82,49,1,6,7,5,19,19,8,0.05
82,50,2,6,6,5,31,32,7,0.04375
82,51,3,6,7,13,50,53,2,0.0125
82,52,4,6,5,13,54,53,2,0.0125
82,53,5,6,9,15,67,66,3,0.01875
82,54,6,6,12,11,64,61,3,0.01875
82,55,7,6,7,6,51,52,0,0.0
82,56,0,7,4,0,4,4,4,0.025
82,57,1,7,4,2,10,10,8,0.05
82,58,2,7,3,8,21,20,8,0.05
82,59,3,7,12,13,38,36,8,0.05
82,60,4,7,10,6,39,36,7,0.04375
82,61,5,7,14,9,52,48,5,0.03125
82,62,6,7,5,8,51,53,0,0.0
82,63,7,7,9,11,53,54,0,0.0
83,0,0,0,10,10,55,54,1,0.00625
83,1,1,0,6,12,57,56,2,0.0125
83,2,2,0,9,13,53,53,2,0.0125
83,3,3,0,6,10,38,41,3,0.01875
83,4,4,0,11,11,32,31,6,0.0375
83,5,5,0,2,12,20,22,6,0.0375
83,6,6,0,3,4,10,10,8,0.05
83,7,7,0,3,2,5,5,4,0.025
83,8,0,1,12,5,57,56,1,0.00625
83,9,1,1,7,6,64,62,2,0.0125
83,10,2,1,11,6,62,65,1,0.00625
83,11,3,1,8,12,57,55,4,0.025
83,12,4,1,9,8,45,44,4,0.025
83,13,5,1,8,8,35,36,8,0.05
83,14,6,1,2,7,19,19,8,0.05
83,15,7,1,6,3,12,12,4,0.025
83,16,0,2,13,8,52,50,2,0.0125
83,17,1,2,8,11,63,63,0,0.0
83,18,2,2,7,6,71,71,1,0.00625
83,19,3,2,11,7,76,73,4,0.025
83,20,4,2,9,11,64,66,4,0.025
83,21,5,2,5,10,51,52,4,0.025
83,22,6,2,9,11,36,37,6,0.0375
83,23,7,2,7,0,14,14,3,0.01875
83,24,0,3,9,15,41,39,2,0.0125
83,25,1,3,9,8,51,52,1,0.00625
83,26,2,3,8,8,70,71,1,0.00625
83,27,3,3,10,9,78,79,1,0.00625
83,28,4,3,15,14,89,87,2,0.0125
83,29,5,3,9,8,67,65,4,0.025
83,30,6,3,11,6,50,49,1,0.00625
83,31,7,3,11,7,24,26,0,0.0
83,32,0,4,13,7,29,29,0,0.0
83,33,1,4,10,8,49,48,1,0.00625
83,34,2,4,7,14,64,65,2,0.0125
83,35,3,4,12,16,85,87,1,0.00625
83,36,4,4,14,13,89,89,0,0.0
83,37,5,4,7,9,75,76,0,0.0
83,38,6,4,12,8,59,60,0,0.0
83,39,7,4,13,14,39,39,1,0.00625
83,40,0,5,10,2,19,18,3,0.01875
83,41,1,5,7,11,36,39,3,0.01875
83,42,2,5,10,11,54,53,5,0.03125
83,43,3,5,4,9,60,60,2,0.0125
83,44,4,5,9,5,76,77,1,0.00625
83,45,5,5,9,9,75,75,0,0.0
83,46,6,5,14,10,69,66,2,0.0125
83,47,7,5,12,11,48,48,1,0.00625
83,48,0,6,5,3,11,11,4,0.025
83,49,1,6,4,5,17,17,8,0.05
83,50,2,6,16,9,38,39,7,0.04375
83,51,3,6,4,10,47,47,2,0.0125
83,52,4,6,8,14,66,63,4,0.025
83,53,5,6,13,13,70,67,6,0.0375
83,54,6,6,9,9,65,68,0,0.0
83,55,7,6,12,9,56,56,0,0.0
83,56,0,7,0,2,3,3,4,0.025
83,57,1,7,5,2,7,8,7,0.04375
83,58,2,7,2,4,10,10,8,0.05
83,59,3,7,6,9,21,21,8,0.05
83,60,4,7,14,14,40,40,7,0.04375
83,61,5,7,6,9,41,45,2,0.0125
83,62,6,7,9,12,57,57,1,0.00625
83,63,7,7,10,8,55,52,2,0.0125
84,0,0,0,7,6,88,87,1,0.00625
84,1,1,0,11,5,87,86,2,0.0125
84,2,2,0,6,12,81,80,2,0.0125
84,3,3,0,13,14,78,76,6,0.0375
84,4,4,0,12,13,66,67,7,0.04375
84,5,5,0,6,16,52,57,1,0.00625
84,6,6,0,8,16,38,46,0,0.0
84,7,7,0,12,15,26,29,0,0.0
84,8,0,1,9,12,90,89,0,0.0
84,9,1,1,10,10,90,92,0,0.0
84,10,2,1,12,16,97,97,1,0.00625
84,11,3,1,12,8,81,81,4,0.025
84,12,4,1,13,14,79,77,6,0.0375
84,13,5,1,12,13,65,68,5,0.03125
84,14,6,1,11,11,49,52,5,0.03125
84,15,7,1,8,12,35,39,0,0.0
84,16,0,2,7,8,76,79,0,0.0
84,17,1,2,16,13,99,96,2,0.0125
84,18,2,2,12,13,96,95,1,0.00625
84,19,3,2,7,9,86,89,2,0.0125
84,20,4,2,8,9,83,85,2,0.0125
84,21,5,2,6,8,75,77,1,0.00625
84,22,6,2,11,15,69,74,0,0.0
84,23,7,2,12,11,49,53,0,0.0
84,24,0,3,10,9,71,73,0,0.0
84,25,1,3,10,12,80,82,0,0.0
84,26,2,3,9,9,89,91,0,0.0
84,27,3,3,5,5,75,73,2,0.0125
84,28,4,3,7,8,82,83,0,0.0
84,29,5,3,8,6,70,73,1,0.00625
84,30,6,3,6,5,70,69,2,0.0125
84,31,7,3,17,11,65,65,0,0.0
84,32,0,4,14,14,66,67,0,0.0
84,33,1,4,11,9,72,72,1,0.00625
84,34,2,4,11,8,86,87,2,0.0125
84,35,3,4,7,6,81,82,1,0.00625
84,36,4,4,3,4,85,85,0,0.0
84,37,5,4,15,13,96,94,1,0.00625
84,38,6,4,13,12,82,82,0,0.0
84,39,7,4,11,14,73,73,0,0.0
84,40,0,5,12,9,49,54,0,0.0
84,41,1,5,14,12,67,67,3,0.01875
84,42,2,5,7,6,76,77,5,0.03125
84,43,3,5,9,8,76,75,3,0.01875
84,44,4,5,14,14,92,94,1,0.00625
84,45,5,5,7,7,87,86,0,0.0
84,46,6,5,13,16,96,99,1,0.00625
84,47,7,5,9,9,80,80,0,0.0
84,48,0,6,12,13,41,43,2,0.0125
84,49,1,6,10,10,51,53,6,0.0375
84,50,2,6,10,16,72,72,6,0.0375
84,51,3,6,10,8,71,68,5,0.03125
84,52,4,6,14,13,79,81,3,0.01875
84,53,5,6,11,12,92,97,0,0.0
84,54,6,6,10,10,87,87,1,0.00625
84,55,7,6,6,9,88,88,0,0.0
84,56,0,7,15,17,31,32,2,0.0125
84,57,1,7,12,17,45,45,7,0.04375
84,58,2,7,11,20,60,60,8,0.05
84,59,3,7,5,14,60,62,6,0.0375
84,60,4,7,10,10,68,72,3,0.01875
84,61,5,7,10,11,83,83,2,0.0125
84,62,6,7,10,6,88,87,1,0.00625
84,63,7,7,12,12,94,94,1,0.00625
85,0,0,0,13,13,56,58,0,0.0
85,1,1,0,14,18,62,62,2,0.0125
85,2,2,0,13,10,44,43,3,0.01875
85,3,3,0,7,8,26,27,5,0.03125
85,4,4,0,7,12,22,22,7,0.04375
85,5,5,0,5,6,16,9,8,0.05
85,6,6,0,4,4,17,9,8,0.05
85,7,7,0,11,4,17,13,5,0.03125
85,8,0,1,16,12,59,61,0,0.0
85,9,1,1,12,11,71,71,0,0.0
85,10,2,1,9,16,74,71,2,0.0125
85,11,3,1,9,7,50,52,1,0.00625
85,12,4,1,12,10,44,45,5,0.03125
85,13,5,1,7,9,29,27,7,0.04375
85,14,6,1,5,4,17,14,8,0.05
85,15,7,1,8,5,17,13,4,0.025
85,16,0,2,14,10,46,45,0,0.0
85,17,1,2,15,9,72,72,1,0.00625
85,18,2,2,11,10,82,82,1,0.00625
85,19,3,2,4,9,69,69,1,0.00625
85,20,4,2,10,12,75,73,3,0.01875
85,21,5,2,15,10,57,56,3,0.01875
85,22,6,2,15,7,40,33,8,0.05
85,23,7,2,10,3,22,22,0,0.0
85,24,0,3,12,10,34,34,0,0.0
85,25,1,3,5,11,51,51,0,0.0
85,26,2,3,7,4,67,67,0,0.0
85,27,3,3,13,12,81,81,1,0.00625
85,28,4,3,10,5,80,82,0,0.0
85,29,5,3,12,12,70,69,1,0.00625
85,30,6,3,10,13,44,47,0,0.0
85,31,7,3,7,6,27,26,1,0.00625
85,32,0,4,8,4,21,19,2,0.0125
85,33,1,4,12,13,42,42,0,0.0
85,34,2,4,16,11,75,72,4,0.025
85,35,3,4,7,12,84,82,2,0.0125
85,36,4,4,10,10,85,85,1,0.00625
85,37,5,4,14,10,81,82,2,0.0125
85,38,6,4,8,10,61,59,1,0.00625
85,39,7,4,15,9,44,44,1,0.00625
85,40,0,5,12,3,22,18,3,0.01875
85,41,1,5,9,5,29,25,7,0.04375
85,42,2,5,10,12,54,51,8,0.05
85,43,3,5,12,12,69,67,4,0.025
85,44,4,5,9,14,82,80,1,0.00625
85,45,5,5,12,12,73,73,2,0.0125
85,46,6,5,7,6,62,60,3,0.01875
85,47,7,5,10,9,50,49,1,0.00625
85,48,0,6,7,2,14,15,1,0.00625
85,49,1,6,5,4,19,17,7,0.04375
85,50,2,6,7,10,35,35,7,0.04375
85,51,3,6,10,11,49,51,2,0.0125
85,52,4,6,11,6,62,60,5,0.03125
85,53,5,6,6,7,60,61,0,0.0
85,54,6,6,11,12,65,64,2,0.0125
85,55,7,6,8,6,52,52,0,0.0
85,56,0,7,2,5,7,6,4,0.025
85,57,1,7,5,3,9,8,8,0.05
85,58,2,7,9,8,22,22,8,0.05
85,59,3,7,11,12,36,34,8,0.05
85,60,4,7,11,15,49,46,5,0.03125
85,61,5,7,9,10,49,48,2,0.0125
85,62,6,7,5,7,50,52,0,0.0
85,63,7,7,10,11,53,55,0,0.0
86,0,0,0,8,9,53,53,0,0.0
86,1,1,0,7,10,54,55,2,0.0125
86,2,2,0,8,12,47,48,3,0.01875
86,3,3,0,12,14,44,44,5,0.03125
86,4,4,0,10,8,29,28,7,0.04375
86,5,5,0,6,8,17,17,8,0.05
86,6,6,0,1,8,11,11,8,0.05
86,7,7,0,2,2,3,4,4,0.025
86,8,0,1,8,7,54,53,1,0.00625
86,9,1,1,12,13,66,67,0,0.0
86,10,2,1,12,10,66,66,3,0.01875
86,11,3,1,6,9,57,56,2,0.0125
86,12,4,1,9,11,48,49,3,0.01875
86,13,5,1,11,7,33,34,6,0.0375
86,14,6,1,1,2,17,19,6,0.0375
86,15,7,1,5,2,8,9,3,0.01875
86,16,0,2,9,9,47,47,1,0.00625
86,17,1,2,10,10,65,66,1,0.00625
86,18,2,2,8,9,75,74,2,0.0125
86,19,3,2,12,6,74,73,2,0.0125
86,20,4,2,8,13,69,70,2,0.0125
86,21,5,2,9,8,50,49,4,0.025
86,22,6,2,9,5,31,31,8,0.05
86,23,7,2,11,6,20,16,3,0.01875
86,24,0,3,13,9,42,40,1,0.00625
86,25,1,3,10,6,56,56,0,0.0
86,26,2,3,7,10,72,72,0,0.0
86,27,3,3,8,9,67,68,2,0.0125
86,28,4,3,6,9,74,73,1,0.00625
86,29,5,3,11,13,63,63,0,0.0
86,30,6,3,8,7,36,36,0,0.0
86,31,7,3,5,8,22,22,0,0.0
86,32,0,4,9,12,28,30,0,0.0
86,33,1,4,13,13,54,55,0,0.0
86,34,2,4,9,8,68,70,3,0.01875
86,35,3,4,9,6,74,76,1,0.00625
86,36,4,4,5,5,87,84,2,0.0125
86,37,5,4,11,5,81,81,2,0.0125
86,38,6,4,15,13,67,62,7,0.04375
86,39,7,4,17,11,46,44,2,0.0125
86,40,0,5,4,2,12,11,4,0.025
86,41,1,5,10,8,30,29,8,0.05
86,42,2,5,11,11,51,54,4,0.025
86,43,3,5,11,12,62,67,1,0.00625
86,44,4,5,5,11,79,82,0,0.0
86,45,5,5,6,5,71,70,1,0.00625
86,46,6,5,11,10,62,64,0,0.0
86,47,7,5,6,12,47,47,1,0.00625
86,48,0,6,6,2,11,8,4,0.025
86,49,1,6,4,5,15,15,8,0.05
86,50,2,6,8,9,29,29,7,0.04375
86,51,3,6,11,11,39,36,6,0.0375
86,52,4,6,12,13,61,59,7,0.04375
86,53,5,6,12,12,67,65,2,0.0125
86,54,6,6,7,7,55,55,1,0.00625
86,55,7,6,3,4,47,47,0,0.0
86,56,0,7,1,3,4,4,4,0.025
86,57,1,7,0,3,4,4,8,0.05
86,58,2,7,3,6,10,10,8,0.05
86,59,3,7,9,4,17,18,7,0.04375
86,60,4,7,12,13,38,40,4,0.025
86,61,5,7,13,8,49,49,2,0.0125
86,62,6,7,4,5,49,49,0,0.0
86,63,7,7,15,15,60,60,1,0.00625
87,0,0,0,8,7,53,51,1,0.00625
87,1,1,0,12,10,56,54,4,0.025
87,2,2,0,8,8,42,41,4,0.025
87,3,3,0,6,10,33,35,3,0.01875
87,4,4,0,9,13,27,29,6,0.0375
87,5,5,0,5,6,14,15,7,0.04375
87,6,6,0,1,3,6,6,8,0.05
87,7,7,0,2,1,3,3,4,0.025
87,8,0,1,10,12,55,54,1,0.00625
87,9,1,1,12,13,67,67,0,0.0
87,10,2,1,6,13,63,66,0,0.0
87,11,3,1,12,4,51,50,4,0.025
87,12,4,1,11,11,49,48,4,0.025
87,13,5,1,4,7,28,28,6,0.0375
87,14,6,1,4,2,16,14,8,0.05
87,15,7,1,8,1,11,10,4,0.025
87,16,0,2,11,9,44,44,1,0.00625
87,17,1,2,12,8,67,68,1,0.00625
87,18,2,2,6,5,71,73,0,0.0
87,19,3,2,11,12,69,70,2,0.0125
87,20,4,2,14,11,67,65,4,0.025
87,21,5,2,6,10,42,42,3,0.01875
87,22,6,2,6,8,25,27,6,0.0375
87,23,7,2,8,6,17,17,3,0.01875
87,24,0,3,8,9,32,34,0,0.0
87,25,1,3,3,9,50,49,1,0.00625
87,26,2,3,11,12,70,69,1,0.00625
87,27,3,3,6,7,66,67,1,0.00625
87,28,4,3,7,10,77,77,1,0.00625
87,29,5,3,11,6,58,59,1,0.00625
87,30,6,3,8,11,44,43,1,0.00625
87,31,7,3,13,5,26,27,0,0.0
87,32,0,4,12,9,27,27,0,0.0
87,33,1,4,9,10,48,47,1,0.00625
87,34,2,4,11,11,64,64,3,0.01875
87,35,3,4,11,6,78,77,2,0.0125
87,36,4,4,17,17,97,97,2,0.0125
87,37,5,4,8,16,81,81,1,0.00625
87,38,6,4,10,9,55,61,0,0.0
87,39,7,4,10,12,34,37,0,0.0
87,40,0,5,11,3,15,17,3,0.01875
87,41,1,5,2,9,29,30,7,0.04375
87,42,2,5,10,5,44,42,6,0.0375
87,43,3,5,8,13,59,58,1,0.00625
87,44,4,5,16,11,84,83,1,0.00625
87,45,5,5,13,14,76,76,1,0.00625
87,46,6,5,12,11,63,64,0,0.0
87,47,7,5,9,12,42,44,0,0.0
87,48,0,6,0,0,3,3,4,0.025
87,49,1,6,2,1,10,11,7,0.04375
87,50,2,6,7,8,26,26,7,0.04375
87,51,3,6,9,6,37,39,4,0.025
87,52,4,6,9,13,60,63,2,0.0125
87,53,5,6,11,11,61,61,1,0.00625
87,54,6,6,8,8,61,61,1,0.00625
87,55,7,6,10,11,53,52,1,0.00625
87,56,0,7,2,3,5,5,4,0.025
87,57,1,7,6,4,14,12,9,0.05625
87,58,2,7,3,7,19,19,8,0.05
87,59,3,7,3,10,25,24,7,0.04375
87,60,4,7,13,17,44,41,7,0.04375
87,61,5,7,12,6,43,40,6,0.0375
87,62,6,7,11,8,52,52,0,0.0
87,63,7,7,8,9,54,53,1,0.00625
88,0,0,0,12,13,57,57,1,0.00625
88,1,1,0,8,10,52,54,1,0.00625
88,2,2,0,8,14,48,48,4,0.025
88,3,3,0,16,8,37,34,6,0.0375
88,4,4,0,10,8,23,23,6,0.0375
88,5,5,0,2,7,12,11,8,0.05
88,6,6,0,1,0,2,2,8,0.05
88,7,7,0,1,1,2,2,4,0.025
88,8,0,1,11,10,54,55,0,0.0
88,9,1,1,17,16,72,71,1,0.00625
88,10,2,1,6,9,70,69,2,0.0125
88,11,3,1,9,3,51,52,3,0.01875
88,12,4,1,14,9,50,48,6,0.0375
88,13,5,1,12,7,31,31,6,0.0375
88,14,6,1,3,5,10,10,6,0.0375
88,15,7,1,1,5,6,6,4,0.025
88,16,0,2,13,8,47,47,0,0.0
88,17,1,2,10,6,67,66,0,0.0
88,18,2,2,7,8,75,76,0,0.0
88,19,3,2,8,8,65,64,2,0.0125
88,20,4,2,6,11,63,66,1,0.00625
88,21,5,2,8,10,52,51,5,0.03125
88,22,6,2,12,7,35,32,9,0.05625
88,23,7,2,7,1,14,14,4,0.025
88,24,0,3,10,8,35,34,1,0.00625
88,25,1,3,5,11,53,53,1,0.00625
88,26,2,3,9,10,68,66,1,0.00625
88,27,3,3,12,12,79,78,1,0.00625
88,28,4,3,9,13,89,88,1,0.00625
88,29,5,3,15,6,66,65,1,0.00625
88,30,6,3,9,9,43,42,1,0.00625
88,31,7,3,10,4,21,21,0,0.0
88,32,0,4,12,7,28,27,0,0.0
88,33,1,4,11,13,50,50,1,0.00625
88,34,2,4,9,9,64,66,1,0.00625
88,35,3,4,12,9,87,87,1,0.00625
88,36,4,4,16,14,92,93,1,0.00625
88,37,5,4,15,14,78,77,2,0.0125
88,38,6,4,11,10,55,55,0,0.0
88,39,7,4,11,11,33,33,0,0.0
88,40,0,5,4,7,14,14,3,0.01875
88,41,1,5,11,8,31,30,8,0.05
88,42,2,5,11,9,53,51,8,0.05
88,43,3,5,4,10,65,62,3,0.01875
88,44,4,5,16,10,78,75,3,0.01875
88,45,5,5,6,5,73,74,1,0.00625
88,46,6,5,13,10,67,66,1,0.00625
88,47,7,5,8,11,44,44,0,0.0
88,48,0,6,6,0,7,8,3,0.01875
88,49,1,6,7,2,18,18,7,0.04375
88,50,2,6,5,7,33,32,8,0.05
88,51,3,6,6,8,44,43,4,0.025
88,52,4,6,12,12,56,56,3,0.01875
88,53,5,6,10,12,67,67,1,0.00625
88,54,6,6,5,5,59,60,0,0.0
88,55,7,6,8,8,55,54,1,0.00625
88,56,0,7,0,1,1,1,4,0.025
88,57,1,7,0,7,5,7,8,0.05
88,58,2,7,2,8,10,9,8,0.05
88,59,3,7,10,12,22,23,7,0.04375
88,60,4,7,11,8,30,33,3,0.01875
88,61,5,7,8,11,44,46,4,0.025
88,62,6,7,11,9,57,54,3,0.01875
88,63,7,7,14,12,57,57,0,0.0
89,0,0,0,9,9,53,54,0,0.0
89,1,1,0,8,11,55,56,0,0.0
89,2,2,0,11,11,47,49,1,0.00625
89,3,3,0,8,5,27,29,3,0.01875
89,4,4,0,4,11,26,23,9,0.05625
89,5,5,0,2,4,12,12,7,0.04375
89,6,6,0,6,3,11,11,8,0.05
89,7,7,0,1,1,2,2,4,0.025
89,8,0,1,10,8,55,56,0,0.0
89,9,1,1,10,10,66,64,1,0.00625
89,10,2,1,11,9,62,63,0,0.0
89,11,3,1,10,12,47,47,3,0.01875
89,12,4,1,7,9,44,44,6,0.0375
89,13,5,1,7,6,26,26,6,0.0375
89,14,6,1,7,7,20,20,7,0.04375
89,15,7,1,3,2,6,6,4,0.025
89,16,0,2,9,11,45,46,0,0.0
89,17,1,2,9,12,62,64,0,0.0
89,18,2,2,7,6,70,69,0,0.0
89,19,3,2,14,6,70,66,6,0.0375
89,20,4,2,9,10,65,62,5,0.03125
89,21,5,2,12,11,53,50,8,0.05
89,22,6,2,11,7,36,37,7,0.04375
89,23,7,2,9,3,16,15,4,0.025
89,24,0,3,3,15,29,30,0,0.0
89,25,1,3,13,9,49,48,1,0.00625
89,26,2,3,5,10,65,66,1,0.00625
89,27,3,3,10,10,74,76,0,0.0
89,28,4,3,12,10,86,84,2,0.0125
89,29,5,3,11,14,66,67,1,0.00625
89,30,6,3,10,5,42,42,1,0.00625
89,31,7,3,10,10,26,26,0,0.0
89,32,0,4,7,9,20,21,0,0.0
89,33,1,4,8,7,37,38,0,0.0
89,34,2,4,11,5,62,63,1,0.00625
89,35,3,4,10,12,85,84,3,0.01875
89,36,4,4,15,17,88,90,1,0.00625
89,37,5,4,6,10,76,78,1,0.00625
89,38,6,4,15,13,61,59,2,0.0125
89,39,7,4,10,10,38,38,0,0.0
89,40,0,5,7,2,12,11,4,0.025
89,41,1,5,3,7,24,26,5,0.03125
89,42,2,5,10,9,49,51,6,0.0375
89,43,3,5,13,16,65,68,2,0.0125
89,44,4,5,8,11,78,80,0,0.0
89,45,5,5,7,8,69,70,0,0.0
89,46,6,5,12,10,63,63,1,0.00625
89,47,7,5,6,9,41,41,0,0.0
89,48,0,6,6,1,10,8,4,0.025
89,49,1,6,0,7,16,15,7,0.04375
89,50,2,6,9,13,37,38,7,0.04375
89,51,3,6,10,7,42,41,6,0.0375
89,52,4,6,9,14,58,59,2,0.0125
89,53,5,6,11,14,64,64,2,0.0125
89,54,6,6,12,11,67,67,1,0.00625
89,55,7,6,12,9,56,57,0,0.0
89,56,0,7,4,1,6,5,5,0.03125
89,57,1,7,1,2,7,7,8,0.05
89,58,2,7,6,10,20,21,8,0.05
89,59,3,7,7,9,29,27,9,0.05625
89,60,4,7,8,11,38,38,4,0.025
89,61,5,7,8,5,40,42,0,0.0
89,62,6,7,7,12,55,55,2,0.0125
89,63,7,7,7,8,52,53,0,0.0
90,0,0,0,9,9,90,90,1,0.00625
90,1,1,0,13,10,93,92,2,0.0125
90,2,2,0,6,5,74,73,2,0.0125
90,3,3,0,7,8,73,72,4,0.025
90,4,4,0,11,11,65,69,5,0.03125
90,5,5,0,8,22,63,66,5,0.03125
90,6,6,0,10,19,45,52,1,0.00625
90,7,7,0,15,14,28,32,0,0.0
90,8,0,1,12,12,94,92,1,0.00625
90,9,1,1,10,11,97,99,1,0.00625
90,10,2,1,11,11,92,92,1,0.00625
90,11,3,1,7,10,87,84,5,0.03125
90,12,4,1,12,12,81,81,7,0.04375
90,13,5,1,13,10,75,79,2,0.0125
90,14,6,1,9,10,53,60,1,0.00625
90,15,7,1,12,10,36,40,0,0.0
90,16,0,2,6,5,75,74,0,0.0
90,17,1,2,10,11,92,91,0,0.0
90,18,2,2,12,13,95,95,0,0.0
90,19,3,2,7,9,91,96,1,0.00625
90,20,4,2,7,7,87,88,3,0.01875
90,21,5,2,12,17,92,97,3,0.01875
90,22,6,2,10,16,71,77,2,0.0125
90,23,7,2,13,15,51,55,0,0.0
90,24,0,3,12,9,76,74,0,0.0
90,25,1,3,9,5,85,87,0,0.0
90,26,2,3,15,9,100,98,4,0.025
90,27,3,3,9,7,78,78,0,0.0
90,28,4,3,10,13,79,83,0,0.0
90,29,5,3,9,6,85,82,2,0.0125
90,30,6,3,12,14,79,81,0,0.0
90,31,7,3,12,12,63,63,0,0.0
90,32,0,4,16,13,70,70,0,0.0
90,33,1,4,13,13,91,88,3,0.01875
90,34,2,4,5,11,90,89,1,0.00625
90,35,3,4,11,10,81,83,1,0.00625
90,36,4,4,10,9,71,69,2,0.0125
90,37,5,4,4,10,82,83,0,0.0
90,38,6,4,6,10,79,82,0,0.0
90,39,7,4,7,14,71,70,1,0.00625
90,40,0,5,13,9,54,57,0,0.0
90,41,1,5,10,17,75,77,4,0.025
90,42,2,5,15,12,92,95,4,0.025
90,43,3,5,9,8,86,83,4,0.025
90,44,4,5,10,2,82,82,1,0.00625
90,45,5,5,14,14,95,95,1,0.00625
90,46,6,5,6,7,91,92,0,0.0
90,47,7,5,13,7,84,83,0,0.0
90,48,0,6,10,16,40,45,0,0.0
90,49,1,6,12,14,55,61,2,0.0125
90,50,2,6,13,16,80,81,6,0.0375
90,51,3,6,9,14,78,81,2,0.0125
90,52,4,6,9,9,83,84,1,0.00625
90,53,5,6,5,7,92,91,1,0.00625
90,54,6,6,13,14,93,94,0,0.0
90,55,7,6,6,6,83,83,1,0.00625
90,56,0,7,11,16,26,29,2,0.0125
90,57,1,7,12,15,41,43,6,0.0375
90,58,2,7,13,18,59,59,8,0.05
90,59,3,7,9,12,60,63,6,0.0375
90,60,4,7,15,9,73,73,4,0.025
90,61,5,7,10,11,85,82,4,0.025
90,62,6,7,5,6,82,85,0,0.0
90,63,7,7,9,10,87,87,0,0.0
91,0,0,0,13,10,56,55,0,0.0
91,1,1,0,10,10,53,53,1,0.00625
91,2,2,0,14,13,48,46,5,0.03125
91,3,3,0,6,14,34,35,3,0.01875
91,4,4,0,7,15,29,28,6,0.0375
91,5,5,0,6,6,17,14,8,0.05
91,6,6,0,5,6,17,10,8,0.05
91,7,7,0,6,2,9,7,2,0.0125
91,8,0,1,10,12,54,55,0,0.0
91,9,1,1,9,9,64,63,2,0.0125
91,10,2,1,13,4,65,62,2,0.0125
91,11,3,1,5,11,54,59,1,0.00625
91,12,4,1,10,13,53,53,7,0.04375
91,13,5,1,11,6,33,28,7,0.04375
91,14,6,1,6,4,19,18,2,0.0125
91,15,7,1,4,5,11,10,1,0.00625
91,16,0,2,13,12,46,47,0,0.0
91,17,1,2,6,11,64,64,0,0.0
91,18,2,2,14,14,77,77,1,0.00625
91,19,3,2,7,12,80,80,2,0.0125
91,20,4,2,12,5,69,70,3,0.01875
91,21,5,2,9,6,46,45,4,0.025
91,22,6,2,8,8,37,36,2,0.0125
91,23,7,2,13,3,25,24,1,0.00625
91,24,0,3,11,5,32,34,0,0.0
91,25,1,3,9,8,55,54,1,0.00625
91,26,2,3,7,7,74,77,1,0.00625
91,27,3,3,8,10,89,88,1,0.00625
91,28,4,3,12,10,90,86,3,0.01875
91,29,5,3,15,8,65,62,6,0.0375
91,30,6,3,9,9,52,50,2,0.0125
91,31,7,3,14,7,32,32,0,0.0
91,32,0,4,12,4,27,26,0,0.0
91,33,1,4,10,8,47,48,1,0.00625
91,34,2,4,8,9,69,68,2,0.0125
91,35,3,4,12,11,88,84,3,0.01875
91,36,4,4,11,11,81,83,0,0.0
91,37,5,4,11,17,72,72,0,0.0
91,38,6,4,14,8,54,52,1,0.00625
91,39,7,4,5,12,36,35,1,0.00625
91,40,0,5,8,3,18,19,0,0.0
91,41,1,5,6,8,31,31,4,0.025
91,42,2,5,8,10,47,43,6,0.0375
91,43,3,5,8,10,59,60,3,0.01875
91,44,4,5,18,12,75,75,2,0.0125
91,45,5,5,9,8,72,71,1,0.00625
91,46,6,5,8,9,64,64,0,0.0
91,47,7,5,11,7,49,50,0,0.0
91,48,0,6,8,3,18,18,0,0.0
91,49,1,6,4,3,22,17,6,0.0375
91,50,2,6,10,7,34,33,7,0.04375
91,51,3,6,10,10,50,50,2,0.0125
91,52,4,6,12,10,54,52,3,0.01875
91,53,5,6,8,5,61,62,1,0.00625
91,54,6,6,12,11,64,62,2,0.0125
91,55,7,6,7,7,52,51,1,0.00625
91,56,0,7,4,7,11,9,4,0.025
91,57,1,7,6,6,14,12,8,0.05
91,58,2,7,5,10,21,21,8,0.05
91,59,3,7,9,11,31,30,6,0.0375
91,60,4,7,10,5,35,35,4,0.025
91,61,5,7,5,12,46,48,2,0.0125
91,62,6,7,11,7,54,50,4,0.025
91,63,7,7,6,6,50,51,0,0.0
92,0,0,0,16,19,62,63,1,0.00625
92,1,1,0,10,9,55,55,1,0.00625
92,2,2,0,13,6,42,42,4,0.025
92,3,3,0,13,9,34,30,7,0.04375
92,4,4,0,8,10,25,22,8,0.05
92,5,5,0,4,5,13,12,9,0.05625
92,6,6,0,2,6,8,8,8,0.05
92,7,7,0,2,2,4,2,4,0.025
92,8,0,1,10,9,54,54,1,0.00625
92,9,1,1,10,9,64,62,2,0.0125
92,10,2,1,9,8,56,60,0,0.0
92,11,3,1,10,5,50,47,3,0.01875
92,12,4,1,15,9,43,44,5,0.03125
92,13,5,1,5,5,21,22,6,0.0375
92,14,6,1,5,2,19,13,8,0.05
92,15,7,1,8,3,13,10,4,0.025
92,16,0,2,11,16,46,45,1,0.00625
92,17,1,2,5,10,60,58,2,0.0125
92,18,2,2,11,10,69,68,1,0.00625
92,19,3,2,11,8,68,68,1,0.00625
92,20,4,2,12,9,60,60,2,0.0125
92,21,5,2,10,14,47,43,7,0.04375
92,22,6,2,4,8,33,29,7,0.04375
92,23,7,2,13,5,19,20,1,0.00625
92,24,0,3,13,7,33,32,0,0.0
92,25,1,3,7,11,53,53,0,0.0
92,26,2,3,10,13,74,70,3,0.01875
92,27,3,3,7,7,71,71,1,0.00625
92,28,4,3,5,9,75,79,0,0.0
92,29,5,3,10,10,63,69,1,0.00625
92,30,6,3,10,8,40,41,1,0.00625
92,31,7,3,6,11,24,24,0,0.0
92,32,0,4,6,5,20,20,1,0.00625
92,33,1,4,12,12,41,42,0,0.0
92,34,2,4,7,14,58,60,0,0.0
92,35,3,4,8,7,76,80,0,0.0
92,36,4,4,14,15,85,85,1,0.00625
92,37,5,4,14,9,78,77,1,0.00625
92,38,6,4,8,11,55,54,1,0.00625
92,39,7,4,10,12,40,40,1,0.00625
92,40,0,5,10,3,17,15,2,0.0125
92,41,1,5,6,6,24,21,7,0.04375
92,42,2,5,15,6,43,45,6,0.0375
92,43,3,5,11,13,73,70,7,0.04375
92,44,4,5,10,13,76,74,4,0.025
92,45,5,5,9,9,71,72,0,0.0
92,46,6,5,6,9,62,60,1,0.00625
92,47,7,5,11,8,48,48,0,0.0
92,48,0,6,9,1,14,10,4,0.025
92,49,1,6,5,2,15,15,7,0.04375
92,50,2,6,9,4,30,30,7,0.04375
92,51,3,6,8,11,46,46,3,0.01875
92,52,4,6,10,11,53,54,3,0.01875
92,53,5,6,10,7,61,62,0,0.0
92,54,6,6,6,6,56,56,1,0.00625
92,55,7,6,7,7,52,51,1,0.00625
92,56,0,7,1,4,5,5,4,0.025
92,57,1,7,2,5,7,7,8,0.05
92,58,2,7,5,8,16,16,8,0.05
92,59,3,7,11,11,31,31,6,0.0375
92,60,4,7,9,9,36,38,2,0.0125
92,61,5,7,10,10,50,49,4,0.025
92,62,6,7,6,7,49,51,1,0.00625
92,63,7,7,15,15,59,59,0,0.0
93,0,0,0,14,13,58,58,0,0.0
93,1,1,0,14,11,54,55,1,0.00625
93,2,2,0,9,16,45,47,3,0.01875
93,3,3,0,12,13,34,35,6,0.0375
93,4,4,0,5,7,16,18,7,0.04375
93,5,5,0,3,6,8,9,8,0.05
93,6,6,0,0,5,6,7,7,0.04375
93,7,7,0,0,2,2,2,4,0.025
93,8,0,1,8,13,52,53,0,0.0
93,9,1,1,12,13,65,68,0,0.0
93,10,2,1,10,11,72,69,3,0.01875
93,11,3,1,11,7,53,55,1,0.00625
93,12,4,1,12,14,46,46,6,0.0375
93,13,5,1,7,9,25,24,7,0.04375
93,14,6,1,3,4,14,14,8,0.05
93,15,7,1,2,3,7,7,4,0.025
93,16,0,2,11,9,43,44,0,0.0
93,17,1,2,13,9,69,70,1,0.00625
93,18,2,2,14,14,83,85,0,0.0
93,19,3,2,10,10,73,72,2,0.0125
93,20,4,2,3,5,61,62,0,0.0
93,21,5,2,9,9,48,53,3,0.01875
93,22,6,2,8,9,35,35,7,0.04375
93,23,7,2,10,5,22,20,3,0.01875
93,24,0,3,8,14,29,30,0,0.0
93,25,1,3,8,10,52,51,2,0.0125
93,26,2,3,8,9,69,72,1,0.00625
93,27,3,3,9,9,75,76,0,0.0
93,28,4,3,11,7,73,71,1,0.00625
93,29,5,3,14,12,63,62,1,0.00625
93,30,6,3,9,3,36,37,0,0.0
93,31,7,3,8,8,28,27,1,0.00625
93,32,0,4,8,6,17,18,0,0.0
93,33,1,4,12,12,45,46,0,0.0
93,34,2,4,6,5,59,58,1,0.00625
93,35,3,4,7,9,70,70,0,0.0
93,36,4,4,7,7,68,69,0,0.0
93,37,5,4,13,11,76,74,1,0.00625
93,38,6,4,10,13,52,54,1,0.00625
93,39,7,4,10,6,34,35,0,0.0
93,40,0,5,5,2,10,8,4,0.025
93,41,1,5,7,8,26,24,8,0.05
93,42,2,5,10,15,54,52,7,0.04375
93,43,3,5,12,15,60,63,4,0.025
93,44,4,5,10,13,75,76,3,0.01875
93,45,5,5,9,8,70,69,1,0.00625
93,46,6,5,13,11,62,61,2,0.0125
93,47,7,5,6,7,38,37,0,0.0
93,48,0,6,1,1,2,2,4,0.025
93,49,1,6,8,4,15,14,8,0.05
93,50,2,6,7,8,33,32,8,0.05
93,51,3,6,6,6,36,33,6,0.0375
93,52,4,6,13,8,52,51,3,0.01875
93,53,5,6,10,11,61,59,2,0.0125
93,54,6,6,2,3,57,57,1,0.00625
93,55,7,6,9,12,54,55,1,0.00625
93,56,0,7,2,0,2,2,4,0.025
93,57,1,7,3,1,6,6,8,0.05
93,58,2,7,4,9,18,18,8,0.05
93,59,3,7,10,8,26,26,7,0.04375
93,60,4,7,5,8,32,31,2,0.0125
93,61,5,7,7,5,35,37,2,0.0125
93,62,6,7,12,9,56,54,3,0.01875
93,63,7,7,10,10,54,54,0,0.0
94,0,0,0,10,11,55,55,1,0.00625
94,1,1,0,12,8,52,52,1,0.00625
94,2,2,0,13,10,43,41,4,0.025
94,3,3,0,13,8,28,29,6,0.0375
94,4,4,0,2,7,13,13,7,0.04375
94,5,5,0,2,6,11,11,7,0.04375
94,6,6,0,2,2,4,3,8,0.05
94,7,7,0,1,2,3,3,4,0.025
94,8,0,1,11,13,56,54,2,0.0125
94,9,1,1,11,9,64,63,2,0.0125
94,10,2,1,13,11,62,64,0,0.0
94,11,3,1,8,17,56,56,1,0.00625
94,12,4,1,12,12,43,41,8,0.05
94,13,5,1,4,5,23,23,7,0.04375
94,14,6,1,3,7,15,15,8,0.05
94,15,7,1,4,2,8,8,4,0.025
94,16,0,2,10,10,42,39,2,0.0125
94,17,1,2,9,14,62,64,0,0.0
94,18,2,2,10,10,74,74,0,0.0
94,19,3,2,12,9,78,78,2,0.0125
94,20,4,2,8,8,61,59,3,0.01875
94,21,5,2,9,13,58,52,7,0.04375
94,22,6,2,13,7,36,36,7,0.04375
94,23,7,2,5,5,13,15,1,0.00625
94,24,0,3,7,10,28,27,0,0.0
94,25,1,3,15,7,53,54,0,0.0
94,26,2,3,10,12,78,78,0,0.0
94,27,3,3,10,9,79,78,0,0.0
94,28,4,3,5,9,71,72,1,0.00625
94,29,5,3,5,12,68,70,0,0.0
94,30,6,3,12,9,48,48,0,0.0
94,31,7,3,12,8,27,26,1,0.00625
94,32,0,4,11,6,20,20,0,0.0
94,33,1,4,10,15,44,44,0,0.0
94,34,2,4,8,5,60,60,2,0.0125
94,35,3,4,11,7,72,72,1,0.00625
94,36,4,4,8,8,78,77,1,0.00625
94,37,5,4,13,5,76,78,1,0.00625
94,38,6,4,12,9,50,50,0,0.0
94,39,7,4,6,6,29,30,0,0.0
94,40,0,5,9,3,13,13,4,0.025
94,41,1,5,6,5,24,25,8,0.05
94,42,2,5,13,8,55,55,8,0.05
94,43,3,5,10,6,67,68,3,0.01875
94,44,4,5,5,12,75,75,2,0.0125
94,45,5,5,9,10,78,79,0,0.0
94,46,6,5,9,12,67,70,0,0.0
94,47,7,5,12,11,46,46,1,0.00625
94,48,0,6,3,1,4,4,4,0.025
94,49,1,6,1,3,8,7,9,0.05625
94,50,2,6,9,8,32,31,9,0.05625
94,51,3,6,12,12,48,45,9,0.05625
94,52,4,6,10,12,53,52,4,0.025
94,53,5,6,13,13,71,72,1,0.00625
94,54,6,6,10,8,65,66,0,0.0
94,55,7,6,11,11,55,56,0,0.0
94,56,0,7,3,0,3,3,4,0.025
94,57,1,7,2,0,5,5,8,0.05
94,58,2,7,4,11,19,19,8,0.05
94,59,3,7,9,9,27,26,7,0.04375
94,60,4,7,8,9,33,32,4,0.025
94,61,5,7,12,14,49,48,3,0.01875
94,62,6,7,10,10,54,55,2,0.0125
94,63,7,7,8,8,52,52,0,0.0
95,0,0,0,9,7,53,52,1,0.00625
95,1,1,0,9,11,56,56,1,0.00625
95,2,2,0,15,7,42,44,3,0.01875
95,3,3,0,11,10,30,29,7,0.04375
95,4,4,0,5,13,25,22,9,0.05625
95,5,5,0,3,7,13,13,8,0.05
95,6,6,0,3,1,4,4,8,0.05
95,7,7,0,0,1,1,1,4,0.025
95,8,0,1,10,9,54,55,0,0.0
95,9,1,1,8,8,65,65,1,0.00625
95,10,2,1,11,6,60,59,2,0.0125
95,11,3,1,14,11,60,56,5,0.03125
95,12,4,1,11,9,46,46,8,0.05
95,13,5,1,8,7,26,26,7,0.04375
95,14,6,1,0,0,5,5,8,0.05
95,15,7,1,4,2,7,7,4,0.025
95,16,0,2,7,15,42,44,0,0.0
95,17,1,2,7,10,60,58,1,0.00625
95,18,2,2,12,12,71,69,1,0.00625
95,19,3,2,12,7,78,75,4,0.025
95,20,4,2,9,6,66,65,5,0.03125
95,21,5,2,12,19,59,61,6,0.0375
95,22,6,2,10,3,20,20,7,0.04375
95,23,7,2,9,2,14,12,3,0.01875
95,24,0,3,14,10,35,36,0,0.0
95,25,1,3,13,12,61,61,1,0.00625
95,26,2,3,5,8,75,75,2,0.0125
95,27,3,3,9,9,82,82,1,0.00625
95,28,4,3,12,11,87,85,3,0.01875
95,29,5,3,15,6,72,70,2,0.0125
95,30,6,3,12,12,40,36,3,0.01875
95,31,7,3,10,7,23,24,0,0.0
95,32,0,4,13,4,25,25,0,0.0
95,33,1,4,11,9,47,44,2,0.0125
95,34,2,4,9,11,71,70,3,0.01875
95,35,3,4,10,10,88,85,2,0.0125
95,36,4,4,9,8,85,85,0,0.0
95,37,5,4,12,7,83,81,2,0.0125
95,38,6,4,11,18,57,58,0,0.0
95,39,7,4,12,10,34,34,0,0.0
95,40,0,5,5,6,13,13,4,0.025
95,41,1,5,9,4,26,25,9,0.05625
95,42,2,5,16,11,56,58,5,0.03125
95,43,3,5,6,14,71,71,2,0.0125
95,44,4,5,7,13,82,81,3,0.01875
95,45,5,5,15,15,75,75,0,0.0
95,46,6,5,5,11,63,61,2,0.0125
95,47,7,5,13,10,46,45,1,0.00625
95,48,0,6,2,0,4,4,4,0.025
95,49,1,6,2,4,11,12,8,0.05
95,50,2,6,2,7,22,23,7,0.04375
95,51,3,6,9,12,35,35,8,0.05
95,52,4,6,18,12,57,54,7,0.04375
95,53,5,6,13,4,61,61,2,0.0125
95,54,6,6,11,13,65,65,1,0.00625
95,55,7,6,9,12,53,54,0,0.0
95,56,0,7,1,2,3,3,4,0.025
95,57,1,7,1,4,6,7,7,0.04375
95,58,2,7,1,8,12,13,6,0.0375
95,59,3,7,5,8,16,18,6,0.0375
95,60,4,7,15,10,37,34,7,0.04375
95,61,5,7,9,13,45,44,4,0.025
95,62,6,7,15,9,56,54,4,0.025
95,63,7,7,10,8,55,53,2,0.0125
96,0,0,0,12,14,98,98,1,0.00625
96,1,1,0,8,8,93,93,0,0.0
96,2,2,0,14,7,82,82,3,0.01875
96,3,3,0,7,13,73,75,5,0.03125
96,4,4,0,12,11,60,63,7,0.04375
96,5,5,0,8,20,58,59,7,0.04375
96,6,6,0,13,13,42,44,6,0.0375
96,7,7,0,13,15,29,32,1,0.00625
96,8,0,1,8,9,94,95,0,0.0
96,9,1,1,6,8,90,89,1,0.00625
96,10,2,1,10,8,91,90,2,0.0125
96,11,3,1,10,14,94,91,7,0.04375
96,12,4,1,12,19,83,86,5,0.03125
96,13,5,1,9,14,74,76,4,0.025
96,14,6,1,10,12,52,55,5,0.03125
96,15,7,1,14,9,39,42,0,0.0
96,16,0,2,5,15,82,81,1,0.00625
96,17,1,2,8,9,89,90,0,0.0
96,18,2,2,9,10,95,95,1,0.00625
96,19,3,2,10,10,103,106,2,0.0125
96,20,4,2,17,11,98,96,7,0.04375
96,21,5,2,11,13,89,92,4,0.025
96,22,6,2,9,13,61,68,0,0.0
96,23,7,2,12,13,51,54,0,0.0
96,24,0,3,13,14,73,73,0,0.0
96,25,1,3,15,9,93,94,0,0.0
96,26,2,3,12,14,108,108,2,0.0125
96,27,3,3,6,6,88,87,2,0.0125
96,28,4,3,9,8,88,90,0,0.0
96,29,5,3,8,9,88,90,0,0.0
96,30,6,3,13,13,71,74,1,0.00625
96,31,7,3,8,15,62,63,0,0.0
96,32,0,4,9,11,57,57,0,0.0
96,33,1,4,20,17,87,89,1,0.00625
96,34,2,4,8,11,95,93,5,0.03125
96,35,3,4,10,10,91,90,4,0.025
96,36,4,4,10,9,81,81,0,0.0
96,37,5,4,10,10,87,90,0,0.0
96,38,6,4,10,12,74,74,0,0.0
96,39,7,4,3,12,68,68,0,0.0
96,40,0,5,15,9,52,55,0,0.0
96,41,1,5,12,15,70,78,0,0.0
96,42,2,5,10,12,91,94,2,0.0125
96,43,3,5,9,8,92,90,4,0.025
96,44,4,5,8,10,88,89,1,0.00625
96,45,5,5,5,5,94,94,0,0.0
96,46,6,5,11,15,99,101,0,0.0
96,47,7,5,10,8,82,84,0,0.0
96,48,0,6,7,13,34,37,1,0.00625
96,49,1,6,9,8,46,53,0,0.0
96,50,2,6,12,18,68,71,5,0.03125
96,51,3,6,13,13,76,76,7,0.04375
96,52,4,6,12,9,75,79,4,0.025
96,53,5,6,12,11,101,100,1,0.00625
96,54,6,6,9,7,95,96,0,0.0
96,55,7,6,10,14,96,94,1,0.00625
96,56,0,7,16,13,28,31,0,0.0
96,57,1,7,9,19,47,47,7,0.04375
96,58,2,7,14,15,57,58,6,0.0375
96,59,3,7,8,12,66,67,5,0.03125
96,60,4,7,8,4,68,68,7,0.04375
96,61,5,7,12,10,86,83,5,0.03125
96,62,6,7,9,11,93,96,2,0.0125
96,63,7,7,5,6,92,92,0,0.0
97,0,0,0,11,11,56,56,1,0.00625
97,1,1,0,6,12,56,57,0,0.0
97,2,2,0,8,11,53,51,4,0.025
97,3,3,0,3,14,46,47,3,0.01875
97,4,4,0,12,11,36,40,3,0.01875
97,5,5,0,8,7,21,20,8,0.05
97,6,6,0,5,4,11,9,8,0.05
97,7,7,0,5,6,10,7,4,0.025
97,8,0,1,11,5,55,55,0,0.0
97,9,1,1,18,17,72,75,0,0.0
97,10,2,1,10,12,67,68,1,0.00625
97,11,3,1,18,16,62,64,5,0.03125
97,12,4,1,8,17,44,42,7,0.04375
97,13,5,1,5,9,28,25,7,0.04375
97,14,6,1,4,2,16,13,8,0.05
97,15,7,1,9,1,15,12,4,0.025
97,16,0,2,14,9,53,53,1,0.00625
97,17,1,2,12,12,69,70,0,0.0
97,18,2,2,11,11,79,80,0,0.0
97,19,3,2,12,11,88,87,4,0.025
97,20,4,2,11,6,68,68,6,0.0375
97,21,5,2,12,7,45,43,6,0.0375
97,22,6,2,8,5,31,22,8,0.05
97,23,7,2,10,4,19,18,1,0.00625
97,24,0,3,14,6,47,47,0,0.0
97,25,1,3,13,20,60,60,0,0.0
97,26,2,3,11,10,84,84,1,0.00625
97,27,3,3,10,9,87,86,3,0.01875
97,28,4,3,8,9,80,81,0,0.0
97,29,5,3,4,12,63,60,1,0.00625
97,30,6,3,10,9,46,46,0,0.0
97,31,7,3,14,2,24,23,0,0.0
97,32,0,4,10,9,35,34,1,0.00625
97,33,1,4,18,3,40,41,0,0.0
97,34,2,4,7,12,69,72,2,0.0125
97,35,3,4,6,8,79,82,1,0.00625
97,36,4,4,15,16,96,95,2,0.0125
97,37,5,4,14,10,80,80,0,0.0
97,38,6,4,12,14,60,58,1,0.00625
97,39,7,4,11,11,33,33,0,0.0
97,40,0,5,14,3,27,25,3,0.01875
97,41,1,5,7,4,32,25,8,0.05
97,42,2,5,9,10,44,44,3,0.01875
97,43,3,5,10,5,61,64,2,0.0125
97,44,4,5,13,15,83,84,2,0.0125
97,45,5,5,4,5,72,70,2,0.0125
97,46,6,5,11,7,67,66,1,0.00625
97,47,7,5,11,17,51,51,0,0.0
97,48,0,6,11,8,20,18,3,0.01875
97,49,1,6,6,2,22,15,7,0.04375
97,50,2,6,6,4,27,25,7,0.04375
97,51,3,6,9,14,49,50,7,0.04375
97,52,4,6,13,13,58,59,3,0.01875
97,53,5,6,8,9,65,66,1,0.00625
97,54,6,6,10,12,62,61,1,0.00625
97,55,7,6,8,4,51,52,0,0.0
97,56,0,7,6,3,10,7,4,0.025
97,57,1,7,1,6,10,10,7,0.04375
97,58,2,7,4,8,16,14,8,0.05
97,59,3,7,8,14,26,24,6,0.0375
97,60,4,7,13,10,32,33,6,0.0375
97,61,5,7,15,13,52,54,4,0.025
97,62,6,7,6,7,52,51,2,0.0125
97,63,7,7,6,7,50,52,0,0.0
98,0,0,0,8,8,52,53,0,0.0
98,1,1,0,11,12,57,56,1,0.00625
98,2,2,0,14,7,41,41,4,0.025
98,3,3,0,11,12,33,33,4,0.025
98,4,4,0,4,10,25,20,8,0.05
98,5,5,0,5,11,21,21,8,0.05
98,6,6,0,5,3,8,9,7,0.04375
98,7,7,0,0,2,2,3,3,0.01875
98,8,0,1,11,10,55,55,0,0.0
98,9,1,1,10,11,66,66,0,0.0
98,10,2,1,7,6,57,58,0,0.0
98,11,3,1,10,7,51,57,1,0.00625
98,12,4,1,9,15,48,48,6,0.0375
98,13,5,1,8,4,29,29,8,0.05
98,14,6,1,5,6,16,16,8,0.05
98,15,7,1,2,2,6,6,4,0.025
98,16,0,2,5,12,40,41,1,0.00625
98,17,1,2,8,8,59,57,1,0.00625
98,18,2,2,5,4,62,62,0,0.0
98,19,3,2,9,10,70,71,1,0.00625
98,20,4,2,4,10,66,68,3,0.01875
98,21,5,2,7,13,52,55,3,0.01875
98,22,6,2,6,6,30,32,7,0.04375
98,23,7,2,13,2,19,17,3,0.01875
98,24,0,3,10,7,32,31,1,0.00625
98,25,1,3,7,10,54,53,1,0.00625
98,26,2,3,8,11,70,72,0,0.0
98,27,3,3,13,15,81,83,0,0.0
98,28,4,3,14,8,86,81,3,0.01875
98,29,5,3,14,5,65,66,1,0.00625
98,30,6,3,6,12,41,42,0,0.0
98,31,7,3,9,8,23,24,0,0.0
98,32,0,4,11,9,26,26,1,0.00625
98,33,1,4,15,11,53,51,0,0.0
98,34,2,4,10,9,67,66,2,0.0125
98,35,3,4,12,11,86,82,5,0.03125
98,36,4,4,9,10,79,80,1,0.00625
98,37,5,4,12,11,72,71,0,0.0
98,38,6,4,6,11,54,54,1,0.00625
98,39,7,4,8,13,36,34,1,0.00625
98,40,0,5,6,5,14,13,4,0.025
98,41,1,5,11,4,30,29,8,0.05
98,42,2,5,13,12,53,53,3,0.01875
98,43,3,5,6,11,61,62,1,0.00625
98,44,4,5,8,11,69,70,0,0.0
98,45,5,5,11,10,76,76,2,0.0125
98,46,6,5,10,8,65,65,0,0.0
98,47,7,5,11,11,48,48,0,0.0
98,48,0,6,2,2,7,6,4,0.025
98,49,1,6,5,6,16,17,7,0.04375
98,50,2,6,6,4,24,24,7,0.04375
98,51,3,6,14,4,39,41,6,0.0375
98,52,4,6,15,6,55,51,6,0.0375
98,53,5,6,8,11,65,65,2,0.0125
98,54,6,6,13,11,72,71,1,0.00625
98,55,7,6,13,7,58,58,1,0.00625
98,56,0,7,1,1,2,2,4,0.025
98,57,1,7,0,4,5,4,8,0.05
98,58,2,7,2,7,11,10,8,0.05
98,59,3,7,10,11,25,25,6,0.0375
98,60,4,7,13,9,35,36,4,0.025
98,61,5,7,8,10,45,47,3,0.01875
98,62,6,7,6,14,58,59,1,0.00625
98,63,7,7,10,10,54,54,0,0.0
99,0,0,0,7,6,52,52,1,0.00625
99,1,1,0,6,9,55,53,2,0.0125
99,2,2,0,7,11,46,48,2,0.0125
99,3,3,0,9,11,38,39,3,0.01875
99,4,4,0,12,9,25,27,5,0.03125
99,5,5,0,2,9,14,15,7,0.04375
99,6,6,0,1,2,5,4,8,0.05
99,7,7,0,2,2,4,3,4,0.025
99,8,0,1,15,7,60,57,3,0.01875
99,9,1,1,7,7,64,63,1,0.00625
99,10,2,1,6,15,70,69,2,0.0125
99,11,3,1,10,15,69,66,4,0.025
99,12,4,1,8,11,51,51,7,0.04375
99,13,5,1,12,12,44,45,7,0.04375
99,14,6,1,5,3,16,16,8,0.05
99,15,7,1,6,0,8,8,4,0.025
99,16,0,2,11,12,48,49,0,0.0
99,17,1,2,12,5,67,67,1,0.00625
99,18,2,2,11,12,80,80,1,0.00625
99,19,3,2,7,10,84,84,2,0.0125
99,20,4,2,11,10,67,70,2,0.0125
99,21,5,2,6,10,61,59,4,0.025
99,22,6,2,9,4,29,32,3,0.01875
99,23,7,2,8,7,17,20,0,0.0
99,24,0,3,13,10,39,38,1,0.00625
99,25,1,3,17,9,71,70,1,0.00625
99,26,2,3,10,6,86,84,1,0.00625
99,27,3,3,10,10,86,86,0,0.0
99,28,4,3,5,14,78,82,0,0.0
99,29,5,3,7,6,63,63,0,0.0
99,30,6,3,9,10,41,41,0,0.0
99,31,7,3,13,7,30,29,1,0.00625
99,32,0,4,9,5,23,23,1,0.00625
99,33,1,4,7,12,46,46,0,0.0
99,34,2,4,10,9,66,68,0,0.0
99,35,3,4,12,9,81,83,3,0.01875
99,36,4,4,11,9,85,84,0,0.0
99,37,5,4,11,8,75,75,1,0.00625
99,38,6,4,11,16,52,54,0,0.0
99,39,7,4,7,11,34,35,0,0.0
99,40,0,5,12,5,21,22,3,0.01875
99,41,1,5,10,10,39,41,7,0.04375
99,42,2,5,7,3,60,60,3,0.01875
99,43,3,5,6,10,67,65,3,0.01875
99,44,4,5,10,12,77,75,3,0.01875
99,45,5,5,8,8,78,78,1,0.00625
99,46,6,5,16,10,69,70,0,0.0
99,47,7,5,10,10,47,47,0,0.0
99,48,0,6,3,4,7,7,4,0.025
99,49,1,6,0,4,11,10,8,0.05
99,50,2,6,5,14,36,35,8,0.05
99,51,3,6,9,8,39,37,8,0.05
99,52,4,6,15,11,51,53,5,0.03125
99,53,5,6,11,16,71,70,2,0.0125
99,54,6,6,12,14,67,67,1,0.00625
99,55,7,6,9,8,55,54,1,0.00625
99,56,0,7,1,1,2,2,4,0.025
99,57,1,7,4,3,8,8,8,0.05
99,58,2,7,5,13,22,23,8,0.05
99,59,3,7,7,13,29,28,8,0.05
99,60,4,7,13,7,36,33,7,0.04375
99,61,5,7,13,10,49,46,6,0.0375
99,62,6,7,8,9,54,54,2,0.0125
99,63,7,7,15,14,59,59,0,0.0
100,0,0,0,16,15,59,58,1,0.00625
100,1,1,0,6,17,59,61,1,0.00625
100,2,2,0,12,5,43,44,2,0.0125
100,3,3,0,6,18,45,44,4,0.025
100,4,4,0,8,11,33,31,7,0.04375
100,5,5,0,6,10,23,22,8,0.05
100,6,6,0,2,4,12,12,8,0.05
100,7,7,0,6,1,7,7,4,0.025
100,8,0,1,11,6,56,57,1,0.00625
100,9,1,1,5,5,64,63,1,0.00625
100,10,2,1,8,11,64,61,3,0.01875
100,11,3,1,11,9,69,66,7,0.04375
100,12,4,1,2,8,46,49,4,0.025
100,13,5,1,12,12,43,45,5,0.03125
100,14,6,1,5,2,16,16,8,0.05
100,15,7,1,5,2,8,8,4,0.025
100,16,0,2,6,10,43,43,0,0.0
100,17,1,2,12,6,62,63,0,0.0
100,18,2,2,15,13,75,75,0,0.0
100,19,3,2,8,12,82,83,1,0.00625
100,20,4,2,7,11,66,65,3,0.01875
100,21,5,2,14,5,54,53,6,0.0375
100,22,6,2,9,9,34,31,7,0.04375
100,23,7,2,10,0,13,13,0,0.0
100,24,0,3,19,8,47,48,1,0.00625
100,25,1,3,9,8,65,66,0,0.0
100,26,2,3,13,10,85,84,2,0.0125
100,27,3,3,9,7,82,79,1,0.00625
100,28,4,3,13,14,79,78,1,0.00625
100,29,5,3,8,9,58,59,0,0.0
100,30,6,3,7,11,38,38,0,0.0
100,31,7,3,6,8,17,17,0,0.0
100,32,0,4,12,13,34,35,0,0.0
100,33,1,4,7,4,50,51,1,0.00625
100,34,2,4,8,8,63,63,1,0.00625
100,35,3,4,12,11,71,75,0,0.0
100,36,4,4,7,9,83,82,1,0.00625
100,37,5,4,11,9,76,76,0,0.0
100,38,6,4,10,11,57,57,0,0.0
100,39,7,4,12,13,37,38,0,0.0
100,40,0,5,8,4,18,19,2,0.0125
100,41,1,5,8,13,44,43,7,0.04375
100,42,2,5,10,8,53,52,4,0.025
100,43,3,5,10,5,58,57,3,0.01875
100,44,4,5,8,11,73,74,1,0.00625
100,45,5,5,9,9,75,76,1,0.00625
100,46,6,5,10,9,65,65,0,0.0
100,47,7,5,11,10,45,45,0,0.0
100,48,0,6,4,4,9,10,3,0.01875
100,49,1,6,4,5,21,21,8,0.05
100,50,2,6,5,8,31,31,8,0.05
100,51,3,6,12,8,42,43,5,0.03125
100,52,4,6,6,9,54,56,3,0.01875
100,53,5,6,9,11,67,68,2,0.0125
100,54,6,6,10,10,65,66,0,0.0
100,55,7,6,11,10,55,56,0,0.0
100,56,0,7,1,2,3,3,4,0.025
100,57,1,7,1,8,10,10,8,0.05
100,58,2,7,0,12,13,13,8,0.05
100,59,3,7,7,8,17,17,8,0.05
100,60,4,7,11,12,32,36,4,0.025
100,61,5,7,9,10,44,46,4,0.025
100,62,6,7,11,11,58,56,3,0.01875
100,63,7,7,7,8,52,51,1,0.00625
101,0,0,0,12,14,57,59,0,0.0
101,1,1,0,12,3,51,47,4,0.025
101,2,2,0,5,10,44,44,2,0.0125
101,3,3,0,11,8,38,37,5,0.03125
101,4,4,0,11,10,29,29,8,0.05
101,5,5,0,7,6,14,14,8,0.05
101,6,6,0,0,2,3,3,8,0.05
101,7,7,0,1,1,3,2,5,0.03125
101,8,0,1,5,10,50,50,1,0.00625
101,9,1,1,9,8,56,56,0,0.0
101,10,2,1,11,10,62,65,1,0.00625
101,11,3,1,12,11,47,49,5,0.03125
101,12,4,1,8,6,35,33,4,0.025
101,13,5,1,6,7,29,27,7,0.04375
101,14,6,1,7,4,15,15,8,0.05
101,15,7,1,2,2,6,6,4,0.025
101,16,0,2,13,5,47,47,0,0.0
101,17,1,2,10,13,66,66,0,0.0
101,18,2,2,9,10,76,76,1,0.00625
101,19,3,2,12,5,67,66,2,0.0125
101,20,4,2,9,5,52,52,2,0.0125
101,21,5,2,11,13,52,52,6,0.0375
101,22,6,2,5,4,22,21,7,0.04375
101,23,7,2,10,2,16,12,4,0.025
101,24,0,3,5,10,34,35,0,0.0
101,25,1,3,9,14,46,46,0,0.0
101,26,2,3,4,10,62,64,0,0.0
101,27,3,3,10,12,64,66,0,0.0
101,28,4,3,7,10,63,61,3,0.01875
101,29,5,3,4,7,60,60,1,0.00625
101,30,6,3,17,13,48,47,1,0.00625
101,31,7,3,7,6,19,19,1,0.00625
101,32,0,4,9,7,27,26,0,0.0
101,33,1,4,9,5,33,34,0,0.0
101,34,2,4,7,11,58,56,2,0.0125
101,35,3,4,11,6,64,62,2,0.0125
101,36,4,4,10,10,63,65,1,0.00625
101,37,5,4,9,11,69,69,1,0.00625
101,38,6,4,3,6,46,45,1,0.00625
101,39,7,4,12,10,33,33,0,0.0
101,40,0,5,9,5,19,17,4,0.025
101,41,1,5,11,10,30,31,7,0.04375
101,42,2,5,11,14,52,50,6,0.0375
101,43,3,5,7,7,61,62,2,0.0125
101,44,4,5,11,10,71,71,1,0.00625
101,45,5,5,10,11,71,73,0,0.0
101,46,6,5,6,14,63,61,2,0.0125
101,47,7,5,13,10,45,43,0,0.0
101,48,0,6,3,2,9,8,4,0.025
101,49,1,6,3,3,10,10,8,0.05
101,50,2,6,8,4,24,24,8,0.05
101,51,3,6,13,13,46,44,9,0.05625
101,52,4,6,8,6,50,49,3,0.01875
101,53,5,6,12,7,58,60,0,0.0
101,54,6,6,9,8,66,67,0,0.0
101,55,7,6,14,12,58,59,0,0.0
101,56,0,7,1,3,4,4,4,0.025
101,57,1,7,3,0,5,4,8,0.05
101,58,2,7,6,6,16,16,8,0.05
101,59,3,7,4,6,20,20,8,0.05
101,60,4,7,10,12,36,34,6,0.0375
101,61,5,7,10,11,41,41,4,0.025
101,62,6,7,13,14,57,58,2,0.0125
101,63,7,7,8,8,53,52,1,0.00625
102,0,0,0,8,8,90,89,0,0.0
102,1,1,0,12,8,86,90,1,0.00625
102,2,2,0,8,16,85,84,2,0.0125
102,3,3,0,9,12,72,72,4,0.025
102,4,4,0,11,7,58,58,7,0.04375
102,5,5,0,12,17,56,56,8,0.05
102,6,6,0,8,17,36,44,0,0.0
102,7,7,0,8,14,21,26,0,0.0
102,8,0,1,7,14,87,88,1,0.00625
102,9,1,1,7,8,90,92,0,0.0
102,10,2,1,5,12,104,104,2,0.0125
102,11,3,1,10,11,92,94,2,0.0125
102,12,4,1,8,9,72,75,3,0.01875
102,13,5,1,7,14,75,79,2,0.0125
102,14,6,1,13,13,66,70,4,0.025
102,15,7,1,20,13,46,48,0,0.0
102,16,0,2,14,8,83,83,0,0.0
102,17,1,2,15,6,105,104,0,0.0
102,18,2,2,10,11,103,103,1,0.00625
102,19,3,2,10,9,98,99,2,0.0125
102,20,4,2,12,8,78,80,0,0.0
102,21,5,2,11,12,75,81,0,0.0
102,22,6,2,8,13,61,68,0,0.0
102,23,7,2,8,16,53,55,2,0.0125
102,24,0,3,16,7,75,74,1,0.00625
102,25,1,3,11,12,95,96,0,0.0
102,26,2,3,9,12,100,99,1,0.00625
102,27,3,3,6,5,86,86,1,0.00625
102,28,4,3,9,13,84,85,2,0.0125
102,29,5,3,12,12,92,89,2,0.0125
102,30,6,3,17,11,84,79,5,0.03125
102,31,7,3,11,11,67,67,1,0.00625
102,32,0,4,4,17,57,58,0,0.0
102,33,1,4,11,9,75,74,1,0.00625
102,34,2,4,11,11,80,78,4,0.025
102,35,3,4,12,11,86,86,1,0.00625
102,36,4,4,8,8,81,79,2,0.0125
102,37,5,4,13,9,99,97,1,0.00625
102,38,6,4,11,11,89,89,1,0.00625
102,39,7,4,12,11,78,78,0,0.0
102,40,0,5,9,15,45,49,0,0.0
102,41,1,5,11,7,72,75,4,0.025
102,42,2,5,13,13,83,84,4,0.025
102,43,3,5,14,9,90,88,4,0.025
102,44,4,5,12,11,99,95,5,0.03125
102,45,5,5,17,15,98,96,2,0.0125
102,46,6,5,6,9,93,93,1,0.00625
102,47,7,5,11,6,84,85,0,0.0
102,48,0,6,14,7,36,39,1,0.00625
102,49,1,6,15,20,72,71,9,0.05625
102,50,2,6,11,10,71,72,7,0.04375
102,51,3,6,8,17,76,81,4,0.025
102,52,4,6,12,9,87,87,3,0.01875
102,53,5,6,9,6,95,94,1,0.00625
102,54,6,6,16,15,101,100,1,0.00625
102,55,7,6,10,11,94,93,1,0.00625
102,56,0,7,9,15,24,27,0,0.0
102,57,1,7,8,19,37,46,0,0.0
102,58,2,7,12,17,57,62,3,0.01875
102,59,3,7,8,8,60,64,4,0.025
102,60,4,7,9,9,75,76,4,0.025
102,61,5,7,5,12,84,86,2,0.0125
102,62,6,7,10,10,92,93,1,0.00625
102,63,7,7,12,12,95,97,0,0.0
103,0,0,0,10,8,54,54,1,0.00625
103,1,1,0,9,11,57,56,2,0.0125
103,2,2,0,13,9,49,46,4,0.025
103,3,3,0,14,13,40,38,6,0.0375
103,4,4,0,5,7,20,20,8,0.05
103,5,5,0,5,5,15,14,8,0.05
103,6,6,0,5,5,17,9,8,0.05
103,7,7,0,10,3,13,9,4,0.025
103,8,0,1,12,8,57,56,1,0.00625
103,9,1,1,11,11,68,68,0,0.0
103,10,2,1,10,15,67,68,0,0.0
103,11,3,1,9,6,53,54,2,0.0125
103,12,4,1,8,12,46,43,5,0.03125
103,13,5,1,10,4,32,28,7,0.04375
103,14,6,1,2,4,17,18,3,0.01875
103,15,7,1,10,4,17,16,3,0.01875
103,16,0,2,10,9,46,45,1,0.00625
103,17,1,2,11,10,66,67,1,0.00625
103,18,2,2,8,7,75,74,0,0.0
103,19,3,2,13,9,72,70,3,0.01875
103,20,4,2,13,13,69,63,6,0.0375
103,21,5,2,7,9,49,45,4,0.025
103,22,6,2,10,5,32,32,1,0.00625
103,23,7,2,8,4,17,19,0,0.0
103,24,0,3,10,10,38,38,1,0.00625
103,25,1,3,7,10,53,52,1,0.00625
103,26,2,3,11,10,70,71,0,0.0
103,27,3,3,8,9,78,77,1,0.00625
103,28,4,3,6,8,80,82,1,0.00625
103,29,5,3,12,13,69,72,1,0.00625
103,30,6,3,13,6,39,43,0,0.0
103,31,7,3,8,6,22,23,0,0.0
103,32,0,4,6,6,22,22,0,0.0
103,33,1,4,8,8,39,38,1,0.00625
103,34,2,4,11,10,58,63,0,0.0
103,35,3,4,8,5,79,80,1,0.00625
103,36,4,4,8,7,76,76,2,0.0125
103,37,5,4,11,10,73,75,0,0.0
103,38,6,4,8,17,51,52,0,0.0
103,39,7,4,10,9,34,33,1,0.00625
103,40,0,5,10,3,21,20,0,0.0
103,41,1,5,7,6,34,29,8,0.05
103,42,2,5,8,9,44,44,5,0.03125
103,43,3,5,10,14,70,71,3,0.01875
103,44,4,5,7,10,71,75,0,0.0
103,45,5,5,8,7,71,69,1,0.00625
103,46,6,5,10,10,65,65,1,0.00625
103,47,7,5,10,9,43,43,1,0.00625
103,48,0,6,6,5,11,8,4,0.025
103,49,1,6,4,2,17,17,8,0.05
103,50,2,6,5,9,27,27,7,0.04375
103,51,3,6,5,15,40,38,6,0.0375
103,52,4,6,18,9,53,54,3,0.01875
103,53,5,6,11,8,63,60,2,0.0125
103,54,6,6,9,10,66,66,0,0.0
103,55,7,6,11,11,55,55,0,0.0
103,56,0,7,10,0,10,7,4,0.025
103,57,1,7,6,8,23,14,9,0.05625
103,58,2,7,8,7,20,15,7,0.04375
103,59,3,7,7,8,24,22,5,0.03125
103,60,4,7,11,11,34,35,4,0.025
103,61,5,7,13,9,47,43,6,0.0375
103,62,6,7,10,12,56,57,1,0.00625
103,63,7,7,10,9,54,54,0,0.0
104,0,0,0,10,11,54,55,0,0.0
104,1,1,0,9,13,56,56,1,0.00625
104,2,2,0,10,6,36,40,2,0.0125
104,3,3,0,10,9,31,32,6,0.0375
104,4,4,0,7,6,19,19,8,0.05
104,5,5,0,4,11,16,17,8,0.05
104,6,6,0,2,3,5,5,8,0.05
104,7,7,0,0,3,3,3,4,0.025
104,8,0,1,13,11,58,57,1,0.00625
104,9,1,1,14,12,69,67,1,0.00625
104,10,2,1,10,12,63,61,3,0.01875
104,11,3,1,15,10,57,53,6,0.0375
104,12,4,1,7,12,44,46,4,0.025
104,13,5,1,8,10,36,37,6,0.0375
104,14,6,1,5,2,19,14,8,0.05
104,15,7,1,8,1,12,11,4,0.025
104,16,0,2,5,12,37,38,0,0.0
104,17,1,2,16,7,66,62,3,0.01875
104,18,2,2,12,11,72,72,0,0.0
104,19,3,2,5,10,69,71,1,0.00625
104,20,4,2,11,10,63,66,2,0.0125
104,21,5,2,7,12,55,54,4,0.025
104,22,6,2,10,7,32,32,1,0.00625
104,23,7,2,9,6,18,18,0,0.0
104,24,0,3,8,12,30,30,0,0.0
104,25,1,3,8,9,53,54,0,0.0
104,26,2,3,9,7,70,70,0,0.0
104,27,3,3,10,10,81,81,1,0.00625
104,28,4,3,13,11,84,84,1,0.00625
104,29,5,3,19,7,72,67,5,0.03125
104,30,6,3,7,9,39,39,1,0.00625
104,31,7,3,10,5,25,24,0,0.0
104,32,0,4,12,2,23,23,0,0.0
104,33,1,4,13,9,52,52,1,0.00625
104,34,2,4,11,12,69,68,0,0.0
104,35,3,4,10,14,85,84,1,0.00625
104,36,4,4,10,11,79,81,1,0.00625
104,37,5,4,9,8,73,73,1,0.00625
104,38,6,4,9,14,57,56,0,0.0
104,39,7,4,11,10,35,36,0,0.0
104,40,0,5,5,7,14,14,0,0.0
104,41,1,5,11,12,37,42,4,0.025
104,42,2,5,11,5,54,56,2,0.0125
104,43,3,5,5,16,66,67,1,0.00625
104,44,4,5,8,12,75,75,2,0.0125
104,45,5,5,11,14,75,79,0,0.0
104,46,6,5,11,7,64,63,2,0.0125
104,47,7,5,7,16,47,47,1,0.00625
104,48,0,6,3,1,7,8,3,0.01875
104,49,1,6,3,5,16,18,7,0.04375
104,50,2,6,9,10,34,34,7,0.04375
104,51,3,6,9,8,38,40,4,0.025
104,52,4,6,10,8,53,52,4,0.025
104,53,5,6,11,12,66,66,3,0.01875
104,54,6,6,6,6,62,62,0,0.0
104,55,7,6,13,5,58,58,1,0.00625
104,56,0,7,2,3,5,5,4,0.025
104,57,1,7,2,6,10,11,8,0.05
104,58,2,7,4,9,17,17,8,0.05
104,59,3,7,9,7,24,22,8,0.05
104,60,4,7,10,11,37,35,6,0.0375
104,61,5,7,11,8,43,47,2,0.0125
104,62,6,7,5,10,57,54,2,0.0125
104,63,7,7,9,10,54,53,1,0.00625
105,0,0,0,5,5,49,49,0,0.0
105,1,1,0,5,14,59,59,1,0.00625
105,2,2,0,10,12,52,52,2,0.0125
105,3,3,0,11,7,33,35,3,0.01875
105,4,4,0,8,13,29,30,7,0.04375
105,5,5,0,4,5,12,12,8,0.05
105,6,6,0,2,1,5,5,8,0.05
105,7,7,0,1,2,3,3,4,0.025
105,8,0,1,13,5,58,59,1,0.00625
105,9,1,1,10,11,69,69,0,0.0
105,10,2,1,13,10,67,67,2,0.0125
105,11,3,1,8,6,41,44,2,0.0125
105,12,4,1,8,11,45,43,6,0.0375
105,13,5,1,11,11,28,28,6,0.0375
105,14,6,1,0,5,8,8,8,0.05
105,15,7,1,1,0,4,4,4,0.025
105,16,0,2,13,11,53,53,0,0.0
105,17,1,2,6,15,64,66,1,0.00625
105,18,2,2,11,13,77,79,0,0.0
105,19,3,2,10,9,69,69,2,0.0125
105,20,4,2,11,9,68,70,2,0.0125
105,21,5,2,13,10,54,50,8,0.05
105,22,6,2,11,8,37,29,8,0.05
105,23,7,2,13,4,21,18,3,0.01875
105,24,0,3,5,15,33,33,0,0.0
105,25,1,3,12,15,46,44,2,0.0125
105,26,2,3,9,9,69,69,1,0.00625
105,27,3,3,9,8,77,77,0,0.0
105,28,4,3,12,6,83,82,1,0.00625
105,29,5,3,7,11,66,68,2,0.0125
105,30,6,3,9,7,43,44,1,0.00625
105,31,7,3,12,12,32,33,0,0.0
105,32,0,4,10,9,22,22,0,0.0
105,33,1,4,10,2,35,36,1,0.00625
105,34,2,4,6,11,65,64,1,0.00625
105,35,3,4,8,12,81,82,0,0.0
105,36,4,4,15,14,83,82,1,0.00625
105,37,5,4,11,8,75,74,0,0.0
105,38,6,4,10,9,49,49,1,0.00625
105,39,7,4,7,10,38,38,0,0.0
105,40,0,5,13,1,16,15,1,0.00625
105,41,1,5,6,4,26,25,5,0.03125
105,42,2,5,13,9,53,49,7,0.04375
105,43,3,5,14,9,70,70,3,0.01875
105,44,4,5,9,9,75,73,4,0.025
105,45,5,5,9,9,74,73,1,0.00625
105,46,6,5,12,14,64,66,0,0.0
105,47,7,5,9,5,45,46,0,0.0
105,48,0,6,4,0,6,5,4,0.025
105,49,1,6,3,0,14,13,7,0.04375
105,50,2,6,7,9,29,30,6,0.0375
105,51,3,6,9,9,47,44,6,0.0375
105,52,4,6,9,9,50,52,2,0.0125
105,53,5,6,13,11,66,64,5,0.03125
105,54,6,6,8,9,60,61,0,0.0
105,55,7,6,8,9,52,51,0,0.0
105,56,0,7,2,2,4,4,4,0.025
105,57,1,7,5,8,14,14,8,0.05
105,58,2,7,4,6,18,17,8,0.05
105,59,3,7,10,12,33,34,7,0.04375
105,60,4,7,10,10,39,41,4,0.025
105,61,5,7,6,9,46,43,5,0.03125
105,62,6,7,9,10,52,55,1,0.00625
105,63,7,7,8,8,53,52,1,0.00625
106,0,0,0,10,10,53,53,0,0.0
106,1,1,0,7,10,56,55,1,0.00625
106,2,2,0,8,14,50,50,2,0.0125
106,3,3,0,9,9,39,38,4,0.025
106,4,4,0,11,10,28,29,6,0.0375
106,5,5,0,2,9,16,17,6,0.0375
106,6,6,0,3,4,9,9,8,0.05
106,7,7,0,2,2,4,4,4,0.025
106,8,0,1,11,7,55,55,0,0.0
106,9,1,1,10,10,65,66,1,0.00625
106,10,2,1,11,6,63,64,1,0.00625
106,11,3,1,6,17,59,60,2,0.0125
106,12,4,1,16,8,46,44,7,0.04375
106,13,5,1,4,4,28,28,6,0.0375
106,14,6,1,9,2,16,17,7,0.04375
106,15,7,1,1,5,7,7,4,0.025
106,16,0,2,13,8,51,50,0,0.0
106,17,1,2,7,10,63,65,0,0.0
106,18,2,2,10,10,74,73,1,0.00625
106,19,3,2,15,11,82,80,4,0.025
106,20,4,2,16,6,54,54,2,0.0125
106,21,5,2,8,15,44,45,7,0.04375
106,22,6,2,4,5,16,17,8,0.05
106,23,7,2,3,4,12,11,4,0.025
106,24,0,3,10,9,40,41,0,0.0
106,25,1,3,14,6,57,58,0,0.0
106,26,2,3,11,13,80,79,1,0.00625
106,27,3,3,13,13,89,90,1,0.00625
106,28,4,3,11,11,81,79,3,0.01875
106,29,5,3,16,8,74,73,5,0.03125
106,30,6,3,13,14,47,45,2,0.0125
106,31,7,3,10,5,24,24,0,0.0
106,32,0,4,12,11,33,31,1,0.00625
106,33,1,4,12,15,50,50,1,0.00625
106,34,2,4,6,17,60,61,1,0.00625
106,35,3,4,10,9,81,79,2,0.0125
106,36,4,4,9,10,71,73,0,0.0
106,37,5,4,3,7,70,71,1,0.00625
106,38,6,4,11,10,55,56,0,0.0
106,39,7,4,11,9,33,33,0,0.0
106,40,0,5,9,6,18,16,4,0.025
106,41,1,5,8,11,31,28,8,0.05
106,42,2,5,14,11,43,46,4,0.025
106,43,3,5,9,11,73,71,5,0.03125
106,44,4,5,6,5,70,72,1,0.00625
106,45,5,5,11,10,76,74,2,0.0125
106,46,6,5,5,12,65,65,1,0.00625
106,47,7,5,15,12,50,50,0,0.0
106,48,0,6,1,2,3,4,3,0.01875
106,49,1,6,2,1,5,5,8,0.05
106,50,2,6,9,2,18,18,6,0.0375
106,51,3,6,10,12,46,49,4,0.025
106,52,4,6,10,11,59,56,5,0.03125
106,53,5,6,9,6,63,66,2,0.0125
106,54,6,6,11,10,63,62,1,0.00625
106,55,7,6,7,10,51,53,0,0.0
106,56,0,7,0,1,1,1,4,0.025
106,57,1,7,1,1,2,2,8,0.05
106,58,2,7,2,4,6,7,8,0.05
106,59,3,7,9,14,26,25,8,0.05
106,60,4,7,9,11,35,32,7,0.04375
106,61,5,7,15,15,49,50,3,0.01875
106,62,6,7,9,8,52,52,0,0.0
106,63,7,7,19,18,63,64,0,0.0
107,0,0,0,11,11,56,55,1,0.00625
107,1,1,0,13,13,57,58,1,0.00625
107,2,2,0,7,12,46,45,3,0.01875
107,3,3,0,13,8,38,36,6,0.0375
107,4,4,0,11,12,32,30,8,0.05
107,5,5,0,4,5,15,13,9,0.05625
107,6,6,0,4,4,8,8,8,0.05
107,7,7,0,1,1,2,2,4,0.025
107,8,0,1,11,11,55,57,0,0.0
107,9,1,1,10,10,67,67,0,0.0
107,10,2,1,10,12,68,69,1,0.00625
107,11,3,1,13,8,55,51,6,0.0375
107,12,4,1,9,16,52,53,6,0.0375
107,13,5,1,11,11,30,29,7,0.04375
107,14,6,1,2,3,9,8,8,0.05
107,15,7,1,1,1,3,3,4,0.025
107,16,0,2,10,7,44,42,2,0.0125
107,17,1,2,14,11,67,67,1,0.00625
107,18,2,2,9,8,78,77,1,0.00625
107,19,3,2,6,6,66,67,2,0.0125
107,20,4,2,9,8,73,71,4,0.025
107,21,5,2,8,10,46,53,1,0.00625
107,22,6,2,6,9,29,30,7,0.04375
107,23,7,2,8,1,12,11,5,0.03125
107,24,0,3,9,8,34,33,1,0.00625
107,25,1,3,10,9,54,52,2,0.0125
107,26,2,3,7,10,70,70,1,0.00625
107,27,3,3,8,9,79,79,2,0.0125
107,28,4,3,10,7,86,87,2,0.0125
107,29,5,3,14,10,68,67,5,0.03125
107,30,6,3,12,8,45,40,8,0.05
107,31,7,3,14,9,25,23,2,0.0125
107,32,0,4,14,8,32,34,0,0.0
107,33,1,4,12,11,51,52,0,0.0
107,34,2,4,11,7,71,69,2,0.0125
107,35,3,4,7,11,87,87,2,0.0125
107,36,4,4,8,8,81,79,1,0.00625
107,37,5,4,11,9,73,73,0,0.0
107,38,6,4,10,12,55,53,1,0.00625
107,39,7,4,9,13,35,34,1,0.00625
107,40,0,5,6,4,17,18,3,0.01875
107,41,1,5,9,5,30,29,9,0.05625
107,42,2,5,9,11,51,50,5,0.03125
107,43,3,5,11,16,69,66,6,0.0375
107,44,4,5,12,9,74,73,3,0.01875
107,45,5,5,3,4,64,66,0,0.0
107,46,6,5,8,9,59,60,0,0.0
107,47,7,5,6,17,49,48,0,0.0
107,48,0,6,4,5,13,12,4,0.025
107,49,1,6,3,7,16,16,7,0.04375
107,50,2,6,4,8,24,23,7,0.04375
107,51,3,6,14,9,41,38,6,0.0375
107,52,4,6,13,11,52,53,3,0.01875
107,53,5,6,10,7,62,61,3,0.01875
107,54,6,6,14,13,70,68,2,0.0125
107,55,7,6,12,1,56,55,0,0.0
107,56,0,7,2,3,4,5,3,0.01875
107,57,1,7,2,2,5,6,7,0.04375
107,58,2,7,5,3,12,14,6,0.0375
107,59,3,7,5,5,20,21,6,0.0375
107,60,4,7,9,9,32,38,1,0.00625
107,61,5,7,11,8,49,51,1,0.00625
107,62,6,7,3,9,55,55,1,0.00625
107,63,7,7,10,9,54,54,1,0.00625
108,0,0,0,10,10,99,99,1,0.00625
108,1,1,0,16,10,100,98,3,0.01875
108,2,2,0,11,12,87,85,3,0.01875
108,3,3,0,10,8,65,71,1,0.00625
108,4,4,0,8,12,60,61,7,0.04375
108,5,5,0,12,21,58,61,6,0.0375
108,6,6,0,10,13,40,40,7,0.04375
108,7,7,0,17,12,28,29,3,0.01875
108,8,0,1,13,14,100,99,1,0.00625
108,9,1,1,10,11,97,96,2,0.0125
108,10,2,1,8,11,101,98,4,0.025
108,11,3,1,5,16,88,90,3,0.01875
108,12,4,1,13,5,72,77,2,0.0125
108,13,5,1,15,15,76,80,3,0.01875
108,14,6,1,8,10,50,52,6,0.0375
108,15,7,1,17,14,44,44,4,0.025
108,16,0,2,13,10,87,89,0,0.0
108,17,1,2,9,7,100,99,1,0.00625
108,18,2,2,8,9,96,96,1,0.00625
108,19,3,2,15,9,96,96,1,0.00625
108,20,4,2,6,12,73,77,0,0.0
108,21,5,2,9,8,80,81,0,0.0
108,22,6,2,8,12,59,63,1,0.00625
108,23,7,2,9,15,51,56,0,0.0
108,24,0,3,10,12,74,74,0,0.0
108,25,1,3,13,8,91,94,0,0.0
108,26,2,3,8,12,97,96,1,0.00625
108,27,3,3,9,8,89,90,1,0.00625
108,28,4,3,10,7,80,83,0,0.0
108,29,5,3,4,13,85,90,1,0.00625
108,30,6,3,11,14,72,78,1,0.00625
108,31,7,3,6,11,60,62,0,0.0
108,32,0,4,7,15,58,57,0,0.0
108,33,1,4,7,15,76,75,0,0.0
108,34,2,4,10,11,76,79,0,0.0
108,35,3,4,6,12,83,86,0,0.0
108,36,4,4,7,7,68,69,0,0.0
108,37,5,4,9,13,95,94,1,0.00625
108,38,6,4,11,14,82,83,1,0.00625
108,39,7,4,6,5,63,63,0,0.0
108,40,0,5,14,11,50,53,0,0.0
108,41,1,5,9,19,69,77,1,0.00625
108,42,2,5,4,9,78,82,1,0.00625
108,43,3,5,13,9,91,95,4,0.025
108,44,4,5,11,10,94,93,3,0.01875
108,45,5,5,12,12,95,95,0,0.0
108,46,6,5,7,12,95,93,1,0.00625
108,47,7,5,9,6,72,72,0,0.0
108,48,0,6,12,11,36,40,0,0.0
108,49,1,6,8,13,49,54,3,0.01875
108,50,2,6,10,14,72,75,3,0.01875
108,51,3,6,11,16,82,84,4,0.025
108,52,4,6,12,11,82,85,1,0.00625
108,53,5,6,11,8,93,95,2,0.0125
108,54,6,6,3,5,89,92,0,0.0
108,55,7,6,6,10,80,79,1,0.00625
108,56,0,7,8,12,22,24,0,0.0
108,57,1,7,13,11,37,38,6,0.0375
108,58,2,7,14,20,62,60,8,0.05
108,59,3,7,12,16,68,67,8,0.05
108,60,4,7,5,5,62,61,2,0.0125
108,61,5,7,9,10,75,73,4,0.025
108,62,6,7,10,8,81,80,2,0.0125
108,63,7,7,6,6,79,77,1,0.00625
109,0,0,0,6,7,51,51,0,0.0
109,1,1,0,7,10,53,54,3,0.01875
109,2,2,0,15,9,46,47,4,0.025
109,3,3,0,10,12,38,34,4,0.025
109,4,4,0,9,8,23,23,6,0.0375
109,5,5,0,3,6,14,12,8,0.05
109,6,6,0,2,6,10,10,8,0.05
109,7,7,0,1,4,6,5,4,0.025
109,8,0,1,7,9,52,52,0,0.0
109,9,1,1,5,5,57,58,0,0.0
109,10,2,1,6,19,71,72,2,0.0125
109,11,3,1,7,9,55,58,1,0.00625
109,12,4,1,17,11,51,47,6,0.0375
109,13,5,1,5,9,35,30,8,0.05
109,14,6,1,9,6,24,23,7,0.04375
109,15,7,1,4,2,9,10,3,0.01875
109,16,0,2,11,12,46,47,0,0.0
109,17,1,2,18,7,71,72,0,0.0
109,18,2,2,12,11,83,82,2,0.0125
109,19,3,2,14,6,69,69,3,0.01875
109,20,4,2,9,8,61,57,3,0.01875
109,21,5,2,7,8,54,51,3,0.01875
109,22,6,2,15,5,44,39,7,0.04375
109,23,7,2,13,5,23,23,0,0.0
109,24,0,3,10,11,34,33,1,0.00625
109,25,1,3,9,10,56,54,1,0.00625
109,26,2,3,8,14,67,68,1,0.00625
109,27,3,3,11,11,73,71,2,0.0125
109,28,4,3,10,4,68,67,0,0.0
109,29,5,3,10,11,65,66,0,0.0
109,30,6,3,9,9,44,45,0,0.0
109,31,7,3,8,11,30,30,0,0.0
109,32,0,4,11,6,24,25,0,0.0
109,33,1,4,9,12,46,47,0,0.0
109,34,2,4,9,7,59,56,2,0.0125
109,35,3,4,4,8,67,65,1,0.00625
109,36,4,4,12,12,73,72,2,0.0125
109,37,5,4,9,8,78,79,1,0.00625
109,38,6,4,11,7,59,58,1,0.00625
109,39,7,4,14,8,45,46,0,0.0
109,40,0,5,5,4,11,11,0,0.0
109,41,1,5,11,6,31,32,0,0.0
109,42,2,5,12,5,49,48,1,0.00625
109,43,3,5,7,8,60,63,0,0.0
109,44,4,5,6,9,74,77,0,0.0
109,45,5,5,5,4,62,62,1,0.00625
109,46,6,5,6,11,57,58,1,0.00625
109,47,7,5,7,7,46,46,0,0.0
109,48,0,6,8,2,11,7,4,0.025
109,49,1,6,7,2,21,16,8,0.05
109,50,2,6,9,9,31,29,6,0.0375
109,51,3,6,12,10,45,41,8,0.05
109,52,4,6,10,12,57,56,2,0.0125
109,53,5,6,11,6,56,57,0,0.0
109,54,6,6,6,6,62,61,1,0.00625
109,55,7,6,13,5,56,57,0,0.0
109,56,0,7,9,2,10,7,4,0.025
109,57,1,7,1,9,15,13,8,0.05
109,58,2,7,7,8,17,18,7,0.04375
109,59,3,7,8,7,25,28,5,0.03125
109,60,4,7,12,10,44,41,5,0.03125
109,61,5,7,6,5,44,45,1,0.00625
109,62,6,7,3,11,55,55,1,0.00625
109,63,7,7,9,10,54,56,0,0.0
110,0,0,0,9,7,53,53,0,0.0
110,1,1,0,11,15,59,59,2,0.0125
110,2,2,0,10,17,52,49,5,0.03125
110,3,3,0,13,8,34,32,7,0.04375
110,4,4,0,5,11,23,22,8,0.05
110,5,5,0,4,8,16,16,8,0.05
110,6,6,0,3,3,7,7,8,0.05
110,7,7,0,2,3,5,5,4,0.025
110,8,0,1,17,11,62,61,1,0.00625
110,9,1,1,10,9,71,69,1,0.00625
110,10,2,1,13,5,69,67,3,0.01875
110,11,3,1,10,9,53,50,4,0.025
110,12,4,1,11,10,46,45,7,0.04375
110,13,5,1,12,13,36,35,9,0.05625
110,14,6,1,1,2,8,7,8,0.05
110,15,7,1,3,3,10,8,4,0.025
110,16,0,2,15,13,49,49,0,0.0
110,17,1,2,8,11,69,69,1,0.00625
110,18,2,2,12,12,79,81,1,0.00625
110,19,3,2,9,12,74,74,2,0.0125
110,20,4,2,7,10,67,66,3,0.01875
110,21,5,2,9,10,58,57,4,0.025
110,22,6,2,10,9,32,34,6,0.0375
110,23,7,2,10,8,26,24,1,0.00625
110,24,0,3,10,9,31,33,0,0.0
110,25,1,3,8,8,52,53,0,0.0
110,26,2,3,9,10,73,73,1,0.00625
110,27,3,3,13,11,75,76,1,0.00625
110,28,4,3,10,12,78,77,1,0.00625
110,29,5,3,8,5,59,58,1,0.00625
110,30,6,3,8,11,40,40,0,0.0
110,31,7,3,10,7,32,31,1,0.00625
110,32,0,4,13,5,27,25,1,0.00625
110,33,1,4,12,11,50,47,3,0.01875
110,34,2,4,12,5,68,65,6,0.0375
110,35,3,4,14,10,80,80,2,0.0125
110,36,4,4,13,13,90,90,1,0.00625
110,37,5,4,12,8,73,73,0,0.0
110,38,6,4,12,10,53,54,1,0.00625
110,39,7,4,11,11,43,42,1,0.00625
110,40,0,5,11,2,20,19,1,0.00625
110,41,1,5,17,8,42,41,1,0.00625
110,42,2,5,7,10,64,60,4,0.025
110,43,3,5,4,10,62,60,2,0.0125
110,44,4,5,9,11,78,76,1,0.00625
110,45,5,5,5,6,67,66,0,0.0
110,46,6,5,12,12,64,64,0,0.0
110,47,7,5,8,9,48,48,0,0.0
110,48,0,6,5,2,11,11,4,0.025
110,49,1,6,4,5,15,15,8,0.05
110,50,2,6,6,9,32,31,7,0.04375
110,51,3,6,12,9,36,40,4,0.025
110,52,4,6,11,10,56,52,6,0.0375
110,53,5,6,12,11,64,61,3,0.01875
110,54,6,6,9,9,66,65,1,0.00625
110,55,7,6,10,4,55,56,0,0.0
110,56,0,7,7,3,10,10,3,0.01875
110,57,1,7,3,1,10,11,7,0.04375
110,58,2,7,5,8,25,23,8,0.05
110,59,3,7,7,6,30,30,5,0.03125
110,60,4,7,10,12,44,43,6,0.0375
110,61,5,7,9,7,46,47,1,0.00625
110,62,6,7,5,12,56,57,0,0.0
110,63,7,7,14,14,58,58,0,0.0
111,0,0,0,13,14,57,57,1,0.00625
111,1,1,0,9,13,57,58,2,0.0125
111,2,2,0,13,16,46,51,2,0.0125
111,3,3,0,10,13,31,31,7,0.04375
111,4,4,0,6,11,19,19,7,0.04375
111,5,5,0,2,13,15,15,8,0.05
111,6,6,0,0,5,5,5,8,0.05
111,7,7,0,0,6,6,6,4,0.025
111,8,0,1,12,10,56,57,0,0.0
111,9,1,1,12,13,69,71,0,0.0
111,10,2,1,13,7,64,68,1,0.00625
111,11,3,1,12,10,54,53,5,0.03125
111,12,4,1,10,11,42,42,5,0.03125
111,13,5,1,1,11,30,33,6,0.0375
111,14,6,1,1,3,15,16,7,0.04375
111,15,7,1,6,3,16,16,4,0.025
111,16,0,2,17,13,51,50,0,0.0
111,17,1,2,5,15,66,66,1,0.00625
111,18,2,2,11,10,76,75,1,0.00625
111,19,3,2,4,10,78,76,4,0.025
111,20,4,2,6,13,74,78,1,0.00625
111,21,5,2,10,6,62,61,5,0.03125
111,22,6,2,11,7,37,37,4,0.025
111,23,7,2,11,7,27,28,0,0.0
111,24,0,3,11,11,31,30,1,0.00625
111,25,1,3,10,9,50,49,1,0.00625
111,26,2,3,12,4,77,77,1,0.00625
111,27,3,3,8,10,75,75,1,0.00625
111,28,4,3,12,9,78,78,1,0.00625
111,29,5,3,7,7,56,56,1,0.00625
111,30,6,3,6,12,39,40,0,0.0
111,31,7,3,5,7,30,30,1,0.00625
111,32,0,4,9,2,17,18,1,0.00625
111,33,1,4,17,11,47,44,6,0.0375
111,34,2,4,12,8,75,76,4,0.025
111,35,3,4,8,11,76,76,1,0.00625
111,36,4,4,14,14,97,97,1,0.00625
111,37,5,4,10,9,83,84,0,0.0
111,38,6,4,13,10,66,65,1,0.00625
111,39,7,4,11,10,47,47,1,0.00625
111,40,0,5,12,3,18,19,0,0.0
111,41,1,5,10,6,35,31,5,0.03125
111,42,2,5,7,9,60,62,2,0.0125
111,43,3,5,8,6,57,57,2,0.0125
111,44,4,5,10,8,82,83,2,0.0125
111,45,5,5,6,6,74,75,1,0.00625
111,46,6,5,15,6,68,67,1,0.00625
111,47,7,5,10,4,49,48,2,0.0125
111,48,0,6,2,1,5,5,4,0.025
111,49,1,6,3,2,8,10,6,0.0375
111,50,2,6,9,12,37,40,4,0.025
111,51,3,6,5,6,42,45,2,0.0125
111,52,4,6,7,16,65,68,2,0.0125
111,53,5,6,5,16,67,70,0,0.0
111,54,6,6,15,15,72,73,0,0.0
111,55,7,6,13,6,58,57,1,0.00625
111,56,0,7,1,2,3,3,4,0.025
111,57,1,7,5,3,10,9,7,0.04375
111,58,2,7,12,10,29,30,7,0.04375
111,59,3,7,7,11,36,35,5,0.03125
111,60,4,7,8,12,46,50,1,0.00625
111,61,5,7,5,8,50,48,4,0.025
111,62,6,7,10,12,61,56,5,0.03125
111,63,7,7,11,11,54,55,0,0.0
112,0,0,0,10,11,55,55,0,0.0
112,1,1,0,15,10,54,54,1,0.00625
112,2,2,0,15,16,48,45,5,0.03125
112,3,3,0,7,7,25,25,7,0.04375
112,4,4,0,6,11,21,22,7,0.04375
112,5,5,0,2,9,14,13,8,0.05
112,6,6,0,1,5,7,7,8,0.05
112,7,7,0,1,2,3,3,4,0.025
112,8,0,1,11,14,56,56,1,0.00625
112,9,1,1,4,4,58,58,1,0.00625
112,10,2,1,12,12,72,71,2,0.0125
112,11,3,1,10,10,51,53,2,0.0125
112,12,4,1,11,16,50,51,6,0.0375
112,13,5,1,9,9,32,31,7,0.04375
112,14,6,1,2,6,14,14,7,0.04375
112,15,7,1,2,3,5,6,4,0.025
112,16,0,2,15,14,45,46,0,0.0
112,17,1,2,14,9,72,72,1,0.00625
112,18,2,2,12,14,84,86,0,0.0
112,19,3,2,12,12,72,75,1,0.00625
112,20,4,2,16,9,69,66,4,0.025
112,21,5,2,12,5,45,42,7,0.04375
112,22,6,2,7,9,31,29,8,0.05
112,23,7,2,7,7,16,13,4,0.025
112,24,0,3,7,7,25,25,0,0.0
112,25,1,3,10,13,54,54,1,0.00625
112,26,2,3,13,14,76,75,2,0.0125
112,27,3,3,14,13,73,72,3,0.01875
112,28,4,3,9,8,75,73,4,0.025
112,29,5,3,12,4,54,50,4,0.025
112,30,6,3,5,8,40,40,0,0.0
112,31,7,3,8,6,21,22,0,0.0
112,32,0,4,10,10,21,22,0,0.0
112,33,1,4,7,12,39,44,0,0.0
112,34,2,4,9,11,62,65,1,0.00625
112,35,3,4,7,10,70,70,1,0.00625
112,36,4,4,14,14,82,82,1,0.00625
112,37,5,4,4,17,70,68,1,0.00625
112,38,6,4,12,10,57,57,0,0.0
112,39,7,4,11,10,34,35,0,0.0
112,40,0,5,11,0,12,12,0,0.0
112,41,1,5,11,3,30,28,7,0.04375
112,42,2,5,5,10,43,41,6,0.0375
112,43,3,5,9,10,47,45,4,0.025
112,44,4,5,18,8,70,70,2,0.0125
112,45,5,5,12,11,84,83,1,0.00625
112,46,6,5,13,9,70,72,0,0.0
112,47,7,5,11,8,43,43,1,0.00625
112,48,0,6,6,2,8,8,4,0.025
112,49,1,6,6,2,21,20,7,0.04375
112,50,2,6,5,5,31,31,4,0.025
112,51,3,6,12,3,38,32,7,0.04375
112,52,4,6,11,8,56,56,2,0.0125
112,53,5,6,9,14,71,71,0,0.0
112,54,6,6,14,13,68,67,2,0.0125
112,55,7,6,10,13,54,53,1,0.00625
112,56,0,7,3,1,4,4,4,0.025
112,57,1,7,2,5,10,10,8,0.05
112,58,2,7,2,10,15,15,8,0.05
112,59,3,7,7,5,18,17,7,0.04375
112,60,4,7,14,13,38,34,6,0.0375
112,61,5,7,8,13,42,44,2,0.0125
112,62,6,7,8,11,50,55,1,0.00625
112,63,7,7,12,13,58,57,1,0.00625
113,0,0,0,12,12,57,57,1,0.00625
113,1,1,0,5,13,57,58,1,0.00625
113,2,2,0,11,11,49,50,3,0.01875
113,3,3,0,7,9,34,35,6,0.0375
113,4,4,0,10,10,29,29,7,0.04375
113,5,5,0,5,10,18,19,8,0.05
113,6,6,0,1,3,7,7,8,0.05
113,7,7,0,3,2,6,5,5,0.03125
113,8,0,1,11,7,55,55,0,0.0
113,9,1,1,9,8,67,65,2,0.0125
113,10,2,1,8,11,68,67,3,0.01875
113,11,3,1,16,9,52,53,2,0.0125
113,12,4,1,12,8,39,38,6,0.0375
113,13,5,1,6,8,25,25,6,0.0375
113,14,6,1,0,5,11,11,7,0.04375
113,15,7,1,1,3,7,7,4,0.025
113,16,0,2,12,12,50,48,0,0.0
113,17,1,2,9,9,66,65,1,0.00625
113,18,2,2,6,5,72,71,1,0.00625
113,19,3,2,14,11,76,73,4,0.025
113,20,4,2,10,9,59,59,4,0.025
113,21,5,2,12,4,43,43,8,0.05
113,22,6,2,5,3,20,20,8,0.05
113,23,7,2,4,5,15,15,4,0.025
113,24,0,3,9,11,33,34,0,0.0
113,25,1,3,10,15,53,54,0,0.0
113,26,2,3,10,12,73,74,1,0.00625
113,27,3,3,7,9,81,82,1,0.00625
113,28,4,3,10,12,84,84,3,0.01875
113,29,5,3,8,12,67,70,2,0.0125
113,30,6,3,16,10,50,47,2,0.0125
113,31,7,3,13,4,27,27,0,0.0
113,32,0,4,9,3,23,22,1,0.00625
113,33,1,4,11,10,42,42,1,0.00625
113,34,2,4,7,10,61,60,3,0.01875
113,35,3,4,15,9,88,86,3,0.01875
113,36,4,4,9,9,85,85,2,0.0125
113,37,5,4,11,10,81,81,1,0.00625
113,38,6,4,16,13,64,64,1,0.00625
113,39,7,4,10,10,36,36,0,0.0
113,40,0,5,8,6,18,17,1,0.00625
113,41,1,5,6,9,23,28,2,0.0125
113,42,2,5,7,12,45,46,5,0.03125
113,43,3,5,11,10,71,71,4,0.025
113,44,4,5,8,9,77,79,0,0.0
113,45,5,5,9,10,81,80,2,0.0125
113,46,6,5,17,8,71,70,1,0.00625
113,47,7,5,9,12,47,48,0,0.0
113,48,0,6,4,1,6,6,4,0.025
113,49,1,6,4,0,10,10,7,0.04375
113,50,2,6,5,8,22,22,4,0.025
113,51,3,6,11,11,49,49,7,0.04375
113,52,4,6,15,16,64,61,6,0.0375
113,53,5,6,10,15,71,70,2,0.0125
113,54,6,6,15,15,65,65,1,0.00625
113,55,7,6,6,6,51,51,0,0.0
113,56,0,7,2,1,3,3,4,0.025
113,57,1,7,4,2,8,8,8,0.05
113,58,2,7,4,1,11,11,8,0.05
113,59,3,7,8,12,31,30,8,0.05
113,60,4,7,10,9,36,34,8,0.05
113,61,5,7,15,11,53,48,7,0.04375
113,62,6,7,8,6,52,50,2,0.0125
113,63,7,7,11,11,56,55,1,0.00625
114,0,0,0,8,7,89,88,1,0.00625
114,1,1,0,11,9,93,91,2,0.0125
114,2,2,0,14,6,81,78,6,0.0375
114,3,3,0,12,9,71,69,7,0.04375
114,4,4,0,9,7,55,56,6,0.0375
114,5,5,0,11,9,47,48,6,0.0375
114,6,6,0,13,18,41,44,5,0.03125
114,7,7,0,6,14,19,24,0,0.0
114,8,0,1,11,8,92,93,0,0.0
114,9,1,1,9,9,95,96,2,0.0125
114,10,2,1,10,8,92,91,3,0.01875
114,11,3,1,5,10,87,87,1,0.00625
114,12,4,1,9,13,79,83,3,0.01875
114,13,5,1,14,11,64,70,1,0.00625
114,14,6,1,8,11,51,57,1,0.00625
114,15,7,1,12,16,41,44,0,0.0
114,16,0,2,6,14,80,81,1,0.00625
114,17,1,2,9,9,91,92,1,0.00625
114,18,2,2,7,8,94,94,1,0.00625
114,19,3,2,14,11,96,99,2,0.0125
114,20,4,2,8,8,81,83,2,0.0125
114,21,5,2,15,14,78,79,6,0.0375
114,22,6,2,10,12,63,71,0,0.0
114,23,7,2,8,11,48,52,0,0.0
114,24,0,3,10,10,71,70,0,0.0
114,25,1,3,9,6,87,87,0,0.0
114,26,2,3,11,14,99,99,2,0.0125
114,27,3,3,5,5,78,77,2,0.0125
114,28,4,3,12,15,86,87,2,0.0125
114,29,5,3,4,11,76,75,3,0.01875
114,30,6,3,11,9,75,78,0,0.0
114,31,7,3,13,14,69,68,0,0.0
114,32,0,4,7,18,57,57,1,0.00625
114,33,1,4,13,15,82,81,1,0.00625
114,34,2,4,11,13,86,86,3,0.01875
114,35,3,4,16,14,88,86,4,0.025
114,36,4,4,8,6,81,81,1,0.00625
114,37,5,4,14,15,91,93,0,0.0
114,38,6,4,7,12,76,78,0,0.0
114,39,7,4,9,9,73,72,0,0.0
114,40,0,5,14,12,48,46,3,0.01875
114,41,1,5,11,19,72,66,8,0.05
114,42,2,5,16,15,79,77,7,0.04375
114,43,3,5,11,3,73,74,2,0.0125
114,44,4,5,17,13,95,93,2,0.0125
114,45,5,5,9,9,81,83,0,0.0
114,46,6,5,4,10,85,84,0,0.0
114,47,7,5,9,16,88,88,1,0.00625
114,48,0,6,12,9,35,39,0,0.0
114,49,1,6,7,10,51,56,2,0.0125
114,50,2,6,12,13,71,69,6,0.0375
114,51,3,6,9,13,75,76,6,0.0375
114,52,4,6,11,10,79,81,4,0.025
114,53,5,6,10,6,86,85,3,0.01875
114,54,6,6,8,8,91,91,1,0.00625
114,55,7,6,11,9,100,101,1,0.00625
114,56,0,7,10,14,24,28,0,0.0
114,57,1,7,13,16,44,49,3,0.01875
114,58,2,7,11,16,59,60,6,0.0375
114,59,3,7,7,16,65,71,2,0.0125
114,60,4,7,5,9,70,74,4,0.025
114,61,5,7,13,7,84,87,3,0.01875
114,62,6,7,9,11,99,100,1,0.00625
114,63,7,7,9,8,95,97,0,0.0
115,0,0,0,9,10,54,55,1,0.00625
115,1,1,0,9,8,50,53,0,0.0
115,2,2,0,7,13,41,46,1,0.00625
115,3,3,0,13,11,33,34,6,0.0375
115,4,4,0,6,8,21,17,9,0.05625
115,5,5,0,4,5,12,10,9,0.05625
115,6,6,0,4,3,9,6,8,0.05
115,7,7,0,6,3,9,5,4,0.025
115,8,0,1,7,12,52,51,1,0.00625
115,9,1,1,16,17,68,69,0,0.0
115,10,2,1,10,10,65,67,2,0.0125
115,11,3,1,5,9,53,52,3,0.01875
115,12,4,1,11,9,42,44,1,0.00625
115,13,5,1,9,2,30,24,6,0.0375
115,14,6,1,9,2,25,18,8,0.05
115,15,7,1,13,7,23,21,3,0.01875
115,16,0,2,11,9,44,44,1,0.00625
115,17,1,2,8,12,66,65,1,0.00625
115,18,2,2,10,9,74,75,0,0.0
115,19,3,2,10,9,74,74,2,0.0125
115,20,4,2,9,13,64,63,3,0.01875
115,21,5,2,7,13,41,46,2,0.0125
115,22,6,2,11,5,29,23,5,0.03125
115,23,7,2,9,6,25,25,0,0.0
115,24,0,3,10,12,33,33,1,0.00625
115,25,1,3,10,6,52,53,0,0.0
115,26,2,3,9,11,74,73,1,0.00625
115,27,3,3,11,11,81,82,0,0.0
115,28,4,3,14,15,84,85,2,0.0125
115,29,5,3,8,14,61,61,1,0.00625
115,30,6,3,9,10,37,36,1,0.00625
115,31,7,3,9,2,26,27,0,0.0
115,32,0,4,10,3,22,22,0,0.0
115,33,1,4,9,9,45,43,3,0.01875
115,34,2,4,10,9,61,63,1,0.00625
115,35,3,4,13,14,82,84,2,0.0125
115,36,4,4,8,9,91,90,3,0.01875
115,37,5,4,13,10,81,80,1,0.00625
115,38,6,4,11,12,54,53,1,0.00625
115,39,7,4,13,5,32,32,1,0.00625
115,40,0,5,6,3,14,13,4,0.025
115,41,1,5,4,8,26,26,8,0.05
115,42,2,5,13,10,47,45,8,0.05
115,43,3,5,10,9,60,62,1,0.00625
115,44,4,5,11,14,83,81,4,0.025
115,45,5,5,9,9,74,74,1,0.00625
115,46,6,5,11,14,65,65,1,0.00625
115,47,7,5,10,17,48,47,1,0.00625
115,48,0,6,10,4,15,11,4,0.025
115,49,1,6,6,4,21,15,8,0.05
115,50,2,6,6,6,23,22,7,0.04375
115,51,3,6,9,12,37,38,6,0.0375
115,52,4,6,10,11,52,53,2,0.0125
115,53,5,6,13,8,64,64,1,0.00625
115,54,6,6,8,9,58,60,0,0.0
115,55,7,6,6,7,49,49,0,0.0
115,56,0,7,9,1,10,6,4,0.025
115,57,1,7,6,7,17,12,8,0.05
115,58,2,7,5,6,17,16,8,0.05
115,59,3,7,7,6,24,18,8,0.05
115,60,4,7,12,12,35,34,4,0.025
115,61,5,7,16,12,48,50,2,0.0125
115,62,6,7,5,6,50,51,1,0.00625
115,63,7,7,11,11,56,55,1,0.00625
116,0,0,0,8,7,52,51,1,0.00625
116,1,1,0,9,10,55,54,1,0.00625
116,2,2,0,5,11,47,48,1,0.00625
116,3,3,0,11,4,36,36,6,0.0375
116,4,4,0,12,10,29,31,8,0.05
116,5,5,0,3,5,12,13,8,0.05
116,6,6,0,3,6,11,11,8,0.05
116,7,7,0,2,2,4,4,4,0.025
116,8,0,1,10,8,53,54,0,0.0
116,9,1,1,5,5,59,60,0,0.0
116,10,2,1,13,9,67,64,4,0.025
116,11,3,1,5,6,45,44,3,0.01875
116,12,4,1,10,14,51,51,1,0.00625
116,13,5,1,10,6,27,28,6,0.0375
116,14,6,1,3,4,16,17,7,0.04375
116,15,7,1,5,0,7,6,4,0.025
116,16,0,2,12,6,49,48,1,0.00625
116,17,1,2,11,11,68,68,1,0.00625
116,18,2,2,15,15,82,80,1,0.00625
116,19,3,2,10,12,69,68,2,0.0125
116,20,4,2,11,9,69,68,3,0.01875
116,21,5,2,10,9,49,43,8,0.05
116,22,6,2,12,7,37,36,7,0.04375
116,23,7,2,11,0,14,11,3,0.01875
116,24,0,3,7,12,38,37,2,0.0125
116,25,1,3,8,5,48,48,0,0.0
116,26,2,3,11,10,70,70,2,0.0125
116,27,3,3,10,10,71,70,1,0.00625
116,28,4,3,5,10,81,80,1,0.00625
116,29,5,3,10,11,59,61,1,0.00625
116,30,6,3,10,14,51,51,1,0.00625
116,31,7,3,11,10,25,25,0,0.0
116,32,0,4,8,9,26,26,0,0.0
116,33,1,4,14,9,51,54,0,0.0
116,34,2,4,7,11,66,67,0,0.0
116,35,3,4,10,5,81,83,1,0.00625
116,36,4,4,9,10,92,91,2,0.0125
116,37,5,4,18,15,87,83,4,0.025
116,38,6,4,11,5,59,60,0,0.0
116,39,7,4,12,16,44,45,0,0.0
116,40,0,5,4,4,12,12,4,0.025
116,41,1,5,5,7,26,27,7,0.04375
116,42,2,5,11,6,42,45,6,0.0375
116,43,3,5,11,11,63,61,4,0.025
116,44,4,5,15,15,82,81,5,0.03125
116,45,5,5,12,11,73,72,1,0.00625
116,46,6,5,8,10,62,63,1,0.00625
116,47,7,5,9,8,49,49,1,0.00625
116,48,0,6,4,3,8,8,4,0.025
116,49,1,6,2,5,17,18,7,0.04375
116,50,2,6,11,12,37,38,6,0.0375
116,51,3,6,10,9,50,52,4,0.025
116,52,4,6,6,9,60,56,6,0.0375
116,53,5,6,10,9,59,62,0,0.0
116,54,6,6,11,11,67,66,1,0.00625
116,55,7,6,11,5,56,57,0,0.0
116,56,0,7,2,1,3,3,4,0.025
116,57,1,7,2,6,10,10,8,0.05
116,58,2,7,3,7,14,14,7,0.04375
116,59,3,7,9,12,28,30,6,0.0375
116,60,4,7,13,12,45,43,6,0.0375
116,61,5,7,7,8,46,47,1,0.00625
116,62,6,7,6,11,56,55,1,0.00625
116,63,7,7,8,7,54,51,2,0.0125
117,0,0,0,12,12,57,57,1,0.00625
117,1,1,0,8,8,52,52,1,0.00625
117,2,2,0,10,11,49,46,3,0.01875
117,3,3,0,9,8,30,34,3,0.01875
117,4,4,0,6,7,20,21,7,0.04375
117,5,5,0,5,3,13,13,8,0.05
117,6,6,0,1,6,9,9,8,0.05
117,7,7,0,2,4,6,6,4,0.025
117,8,0,1,8,8,54,53,1,0.00625
117,9,1,1,7,6,60,60,0,0.0
117,10,2,1,10,15,68,70,2,0.0125
117,11,3,1,12,13,53,53,3,0.01875
117,12,4,1,8,10,41,38,2,0.0125
117,13,5,1,8,4,23,23,5,0.03125
117,14,6,1,4,5,21,20,8,0.05
117,15,7,1,4,2,10,10,4,0.025
117,16,0,2,10,9,46,47,0,0.0
117,17,1,2,13,13,67,68,0,0.0
117,18,2,2,11,10,79,79,0,0.0
117,19,3,2,8,4,68,69,1,0.00625
117,20,4,2,7,6,57,58,3,0.01875
117,21,5,2,10,8,43,47,4,0.025
117,22,6,2,8,10,36,37,6,0.0375
117,23,7,2,5,6,16,18,1,0.00625
117,24,0,3,5,12,31,32,0,0.0
117,25,1,3,12,8,48,47,0,0.0
117,26,2,3,6,8,66,67,0,0.0
117,27,3,3,10,10,68,71,0,0.0
117,28,4,3,7,8,64,66,1,0.00625
117,29,5,3,10,12,59,59,1,0.00625
117,30,6,3,9,3,44,43,1,0.00625
117,31,7,3,10,7,29,28,1,0.00625
117,32,0,4,6,9,21,22,0,0.0
117,33,1,4,10,8,38,37,1,0.00625
117,34,2,4,12,7,61,59,1,0.00625
117,35,3,4,6,8,66,67,0,0.0
117,36,4,4,13,13,77,80,0,0.0
117,37,5,4,8,14,78,81,1,0.00625
117,38,6,4,13,10,61,60,1,0.00625
117,39,7,4,11,15,44,44,0,0.0
117,40,0,5,4,3,12,12,4,0.025
117,41,1,5,3,8,25,24,8,0.05
117,42,2,5,6,14,43,42,7,0.04375
117,43,3,5,16,11,62,64,1,0.00625
117,44,4,5,11,12,80,81,3,0.01875
117,45,5,5,12,12,71,72,1,0.00625
117,46,6,5,7,8,59,58,1,0.00625
117,47,7,5,7,5,44,45,0,0.0
117,48,0,6,3,4,8,8,4,0.025
117,49,1,6,9,4,21,19,8,0.05
117,50,2,6,9,6,34,34,6,0.0375
117,51,3,6,3,11,44,46,2,0.0125
117,52,4,6,9,11,56,61,2,0.0125
117,53,5,6,9,8,63,59,4,0.025
117,54,6,6,11,11,63,63,0,0.0
117,55,7,6,8,7,51,51,0,0.0
117,56,0,7,2,1,3,3,4,0.025
117,57,1,7,1,4,7,7,8,0.05
117,58,2,7,7,8,18,18,8,0.05
117,59,3,7,6,10,27,28,5,0.03125
117,60,4,7,9,14,39,43,3,0.01875
117,61,5,7,9,6,47,42,4,0.025
117,62,6,7,8,7,52,52,1,0.00625
117,63,7,7,14,16,59,61,1,0.00625
118,0,0,0,13,13,57,58,0,0.0
118,1,1,0,9,14,58,58,1,0.00625
118,2,2,0,8,9,46,45,4,0.025
118,3,3,0,10,5,36,34,5,0.03125
118,4,4,0,12,7,27,26,8,0.05
118,5,5,0,5,7,13,13,8,0.05
118,6,6,0,0,1,4,4,8,0.05
118,7,7,0,3,2,5,5,4,0.025
118,8,0,1,13,10,57,57,0,0.0
118,9,1,1,13,14,70,70,0,0.0
118,10,2,1,11,14,69,69,1,0.00625
118,11,3,1,13,12,51,50,4,0.025
118,12,4,1,13,15,47,42,7,0.04375
118,13,5,1,6,4,20,19,7,0.04375
118,14,6,1,2,8,14,14,8,0.05
118,15,7,1,3,1,6,6,4,0.025
118,16,0,2,12,6,46,47,0,0.0
118,17,1,2,18,11,74,71,3,0.01875
118,18,2,2,10,12,80,82,0,0.0
118,19,3,2,13,12,73,74,0,0.0
118,20,4,2,9,10,66,65,3,0.01875
118,21,5,2,10,11,47,44,7,0.04375
118,22,6,2,7,9,32,33,5,0.03125
118,23,7,2,7,5,14,15,0,0.0
118,24,0,3,7,9,35,36,0,0.0
118,25,1,3,11,16,52,53,0,0.0
118,26,2,3,10,14,74,75,1,0.00625
118,27,3,3,11,11,79,77,1,0.00625
118,28,4,3,7,8,81,79,2,0.0125
118,29,5,3,11,13,64,65,0,0.0
118,30,6,3,12,7,46,47,1,0.00625
118,31,7,3,8,7,21,22,0,0.0
118,32,0,4,13,10,32,32,0,0.0
118,33,1,4,14,10,46,48,0,0.0
118,34,2,4,5,7,64,64,2,0.0125
118,35,3,4,10,6,79,77,3,0.01875
118,36,4,4,7,7,80,79,0,0.0
118,37,5,4,10,11,74,74,0,0.0
118,38,6,4,7,9,53,53,0,0.0
118,39,7,4,12,5,30,30,0,0.0
118,40,0,5,6,5,16,15,5,0.03125
118,41,1,5,6,5,21,22,6,0.0375
118,42,2,5,12,6,47,47,7,0.04375
118,43,3,5,10,8,63,60,4,0.025
118,44,4,5,13,10,73,74,2,0.0125
118,45,5,5,12,12,72,71,1,0.00625
118,46,6,5,11,10,62,61,2,0.0125
118,47,7,5,9,12,39,38,1,0.00625
118,48,0,6,7,2,11,11,4,0.025
118,49,1,6,4,3,16,17,8,0.05
118,50,2,6,7,10,36,34,8,0.05
118,51,3,6,13,11,49,46,5,0.03125
118,52,4,6,9,11,56,56,2,0.0125
118,53,5,6,11,9,59,58,4,0.025
118,54,6,6,7,6,61,61,1,0.00625
118,55,7,6,9,14,54,54,0,0.0
118,56,0,7,2,2,4,4,4,0.025
118,57,1,7,2,3,7,7,8,0.05
118,58,2,7,2,7,14,13,9,0.05625
118,59,3,7,8,10,23,22,6,0.0375
118,60,4,7,9,10,32,33,2,0.0125
118,61,5,7,7,7,35,38,3,0.01875
118,62,6,7,14,10,54,54,2,0.0125
118,63,7,7,11,11,55,56,0,0.0
119,0,0,0,11,11,55,56,0,0.0
119,1,1,0,17,10,58,54,4,0.025
119,2,2,0,12,8,40,40,5,0.03125
119,3,3,0,5,14,34,34,4,0.025
119,4,4,0,7,13,29,29,8,0.05
119,5,5,0,2,5,13,14,7,0.04375
119,6,6,0,2,6,12,12,7,0.04375
119,7,7,0,4,1,6,6,4,0.025
119,8,0,1,11,12,56,56,1,0.00625
119,9,1,1,15,15,71,69,2,0.0125
119,10,2,1,7,12,63,64,2,0.0125
119,11,3,1,10,9,58,62,1,0.00625
119,12,4,1,8,10,43,49,2,0.0125
119,13,5,1,6,9,29,28,8,0.05
119,14,6,1,4,1,13,13,8,0.05
119,15,7,1,3,2,7,7,4,0.025
119,16,0,2,7,12,38,37,0,0.0
119,17,1,2,8,7,58,60,0,0.0
119,18,2,2,7,4,67,66,1,0.00625
119,19,3,2,8,9,77,77,1,0.00625
119,20,4,2,11,10,68,68,3,0.01875
119,21,5,2,10,13,49,52,3,0.01875
119,22,6,2,7,11,33,30,8,0.05
119,23,7,2,10,4,21,15,5,0.03125
119,24,0,3,16,5,38,36,1,0.00625
119,25,1,3,9,11,63,61,1,0.00625
119,26,2,3,9,8,77,77,1,0.00625
119,27,3,3,6,6,78,79,1,0.00625
119,28,4,3,13,12,85,84,3,0.01875
119,29,5,3,8,6,64,60,4,0.025
119,30,6,3,11,13,52,53,0,0.0
119,31,7,3,12,7,29,29,0,0.0
119,32,0,4,8,8,23,23,0,0.0
119,33,1,4,14,14,47,44,3,0.01875
119,34,2,4,15,10,71,68,4,0.025
119,35,3,4,14,12,86,84,4,0.025
119,36,4,4,16,16,85,85,1,0.00625
119,37,5,4,8,12,71,71,2,0.0125
119,38,6,4,8,7,55,56,0,0.0
119,39,7,4,11,9,38,37,1,0.00625
119,40,0,5,4,4,10,11,4,0.025
119,41,1,5,7,6,22,22,7,0.04375
119,42,2,5,13,14,52,51,8,0.05
119,43,3,5,8,6,60,61,3,0.01875
119,44,4,5,9,9,70,71,0,0.0
119,45,5,5,19,17,75,76,1,0.00625
119,46,6,5,7,7,55,58,0,0.0
119,47,7,5,6,7,39,39,1,0.00625
119,48,0,6,5,1,8,8,4,0.025
119,49,1,6,3,2,11,12,7,0.04375
119,50,2,6,10,7,29,31,6,0.0375
119,51,3,6,9,11,49,51,3,0.01875
119,52,4,6,8,8,56,55,3,0.01875
119,53,5,6,5,9,58,61,1,0.00625
119,54,6,6,13,14,68,67,1,0.00625
119,55,7,6,11,11,56,55,1,0.00625
119,56,0,7,1,1,3,3,4,0.025
119,57,1,7,4,2,7,7,8,0.05
119,58,2,7,5,7,16,18,7,0.04375
119,59,3,7,7,9,27,26,7,0.04375
119,60,4,7,11,9,37,33,6,0.0375
119,61,5,7,11,7,42,41,4,0.025
119,62,6,7,13,9,54,53,3,0.01875
119,63,7,7,11,10,55,55,1,0.00625
120,0,0,0,15,15,102,100,1,0.00625
120,1,1,0,9,13,96,101,0,0.0
120,2,2,0,12,10,79,82,2,0.0125
120,3,3,0,15,17,77,75,6,0.0375
120,4,4,0,12,16,61,61,7,0.04375
120,5,5,0,7,17,49,49,7,0.04375
120,6,6,0,10,21,42,46,4,0.025
120,7,7,0,8,15,23,26,1,0.00625
120,8,0,1,12,14,98,99,0,0.0
120,9,1,1,7,7,89,90,0,0.0
120,10,2,1,12,5,85,85,2,0.0125
120,11,3,1,11,3,81,76,6,0.0375
120,12,4,1,8,13,83,80,6,0.0375
120,13,5,1,10,12,71,76,3,0.01875
120,14,6,1,8,13,58,66,0,0.0
120,15,7,1,12,15,42,46,0,0.0
120,16,0,2,9,13,83,82,1,0.00625
120,17,1,2,6,12,86,87,1,0.00625
120,18,2,2,10,13,90,91,0,0.0
120,19,3,2,11,14,96,95,1,0.00625
120,20,4,2,10,12,96,94,5,0.03125
120,21,5,2,13,17,88,88,4,0.025
120,22,6,2,11,12,70,75,3,0.01875
120,23,7,2,10,13,51,56,0,0.0
120,24,0,3,13,10,71,73,0,0.0
120,25,1,3,3,5,74,76,0,0.0
120,26,2,3,15,8,95,93,2,0.0125
120,27,3,3,14,14,84,83,1,0.00625
120,28,4,3,7,12,90,92,2,0.0125
120,29,5,3,11,9,85,86,1,0.00625
120,30,6,3,6,7,70,70,0,0.0
120,31,7,3,10,14,66,65,1,0.00625
120,32,0,4,20,13,70,68,2,0.0125
120,33,1,4,11,7,83,83,2,0.0125
120,34,2,4,10,12,95,96,3,0.01875
120,35,3,4,9,7,87,92,0,0.0
120,36,4,4,14,13,97,96,2,0.0125
120,37,5,4,10,8,93,94,1,0.00625
120,38,6,4,10,10,84,82,1,0.00625
120,39,7,4,10,11,78,77,0,0.0
120,40,0,5,18,8,53,56,1,0.00625
120,41,1,5,10,16,76,77,6,0.0375
120,42,2,5,13,12,87,93,1,0.00625
120,43,3,5,6,15,86,86,3,0.01875
120,44,4,5,10,9,95,95,2,0.0125
120,45,5,5,9,12,93,92,1,0.00625
120,46,6,5,9,6,87,87,0,0.0
120,47,7,5,4,9,81,83,0,0.0
120,48,0,6,18,10,44,48,0,0.0
120,49,1,6,9,12,61,65,3,0.01875
120,50,2,6,12,15,79,76,8,0.05
120,51,3,6,7,6,70,68,4,0.025
120,52,4,6,15,10,86,81,7,0.04375
120,53,5,6,6,9,87,87,1,0.00625
120,54,6,6,7,7,86,87,1,0.00625
120,55,7,6,10,9,97,96,1,0.00625
120,56,0,7,20,17,35,36,3,0.01875
120,57,1,7,12,17,49,52,4,0.025
120,58,2,7,10,14,57,62,2,0.0125
120,59,3,7,10,11,69,72,4,0.025
120,60,4,7,5,9,74,76,4,0.025
120,61,5,7,8,8,84,85,3,0.01875
120,62,6,7,7,12,96,98,1,0.00625
120,63,7,7,14,15,100,100,0,0.0
121,0,0,0,9,10,54,54,1,0.00625
121,1,1,0,9,6,51,51,0,0.0
121,2,2,0,9,14,53,49,5,0.03125
121,3,3,0,15,11,42,42,7,0.04375
121,4,4,0,8,13,28,28,8,0.05
121,5,5,0,5,12,20,19,8,0.05
121,6,6,0,2,5,12,8,8,0.05
121,7,7,0,8,8,15,12,4,0.025
121,8,0,1,8,9,52,52,0,0.0
121,9,1,1,10,10,62,63,0,0.0
121,10,2,1,6,9,66,66,2,0.0125
121,11,3,1,9,8,55,59,1,0.00625
121,12,4,1,4,10,42,47,1,0.00625
121,13,5,1,4,7,35,35,2,0.0125
121,14,6,1,10,3,24,20,4,0.025
121,15,7,1,6,3,16,16,0,0.0
121,16,0,2,13,9,49,51,0,0.0
121,17,1,2,10,7,68,66,2,0.0125
121,18,2,2,6,5,74,72,1,0.00625
121,19,3,2,7,8,74,74,2,0.0125
121,20,4,2,10,13,70,72,4,0.025
121,21,5,2,11,10,56,54,5,0.03125
121,22,6,2,9,3,33,30,6,0.0375
121,23,7,2,13,5,27,28,0,0.0
121,24,0,3,14,16,42,42,0,0.0
121,25,1,3,9,14,61,60,1,0.00625
121,26,2,3,8,9,76,75,3,0.01875
121,27,3,3,10,8,76,75,2,0.0125
121,28,4,3,6,10,77,79,0,0.0
121,29,5,3,7,7,60,61,2,0.0125
121,30,6,3,7,12,42,42,0,0.0
121,31,7,3,12,4,31,31,0,0.0
121,32,0,4,10,6,22,24,0,0.0
121,33,1,4,7,7,41,43,0,0.0
121,34,2,4,14,11,68,70,1,0.00625
121,35,3,4,9,8,81,81,0,0.0
121,36,4,4,11,12,78,80,1,0.00625
121,37,5,4,6,11,64,65,0,0.0
121,38,6,4,10,12,49,49,1,0.00625
121,39,7,4,4,5,26,28,0,0.0
121,40,0,5,13,1,19,16,4,0.025
121,41,1,5,7,2,33,30,8,0.05
121,42,2,5,14,8,54,49,6,0.0375
121,43,3,5,8,7,63,63,4,0.025
121,44,4,5,11,7,68,68,2,0.0125
121,45,5,5,10,9,67,67,1,0.00625
121,46,6,5,7,11,58,57,1,0.00625
121,47,7,5,8,10,38,38,0,0.0
121,48,0,6,7,2,13,9,4,0.025
121,49,1,6,6,4,22,17,8,0.05
121,50,2,6,7,5,29,29,8,0.05
121,51,3,6,11,9,46,47,3,0.01875
121,52,4,6,6,10,48,53,3,0.01875
121,53,5,6,13,6,58,58,2,0.0125
121,54,6,6,8,8,64,63,1,0.00625
121,55,7,6,11,14,55,56,0,0.0
121,56,0,7,3,3,8,6,4,0.025
121,57,1,7,5,8,15,13,7,0.04375
121,58,2,7,7,11,26,20,8,0.05
121,59,3,7,6,13,28,23,9,0.05625
121,60,4,7,14,9,34,30,8,0.05
121,61,5,7,10,6,37,37,2,0.0125
121,62,6,7,14,10,57,54,3,0.01875
121,63,7,7,13,11,57,57,0,0.0
122,0,0,0,9,9,54,54,1,0.00625
122,1,1,0,10,12,57,56,1,0.00625
122,2,2,0,11,13,48,49,4,0.025
122,3,3,0,11,15,38,37,7,0.04375
122,4,4,0,6,11,23,23,7,0.04375
122,5,5,0,2,10,17,17,8,0.05
122,6,6,0,2,5,10,10,8,0.05
122,7,7,0,3,2,5,5,4,0.025
122,8,0,1,12,9,56,56,0,0.0
122,9,1,1,7,7,63,62,1,0.00625
122,10,2,1,17,9,68,67,1,0.00625
122,11,3,1,6,11,56,53,5,0.03125
122,12,4,1,7,6,45,44,2,0.0125
122,13,5,1,9,5,37,35,5,0.03125
122,14,6,1,9,1,21,19,6,0.0375
122,15,7,1,10,2,14,10,4,0.025
122,16,0,2,16,10,51,50,1,0.00625
122,17,1,2,9,15,67,69,0,0.0
122,18,2,2,10,10,78,78,1,0.00625
122,19,3,2,10,9,78,77,2,0.0125
122,20,4,2,12,14,66,64,6,0.0375
122,21,5,2,6,10,50,51,4,0.025
122,22,6,2,10,9,35,32,8,0.05
122,23,7,2,8,3,16,16,0,0.0
122,24,0,3,14,11,39,38,1,0.00625
122,25,1,3,11,4,51,51,0,0.0
122,26,2,3,8,10,73,75,1,0.00625
122,27,3,3,7,7,68,71,0,0.0
122,28,4,3,13,10,71,69,2,0.0125
122,29,5,3,9,9,59,55,5,0.03125
122,30,6,3,8,9,42,40,2,0.0125
122,31,7,3,9,6,22,22,1,0.00625
122,32,0,4,10,6,23,23,0,0.0
122,33,1,4,7,5,42,43,0,0.0
122,34,2,4,11,8,63,62,1,0.00625
122,35,3,4,12,11,70,67,2,0.0125
122,36,4,4,14,14,83,82,1,0.00625
122,37,5,4,9,10,78,76,2,0.0125
122,38,6,4,11,12,62,62,1,0.00625
122,39,7,4,12,15,42,41,1,0.00625
122,40,0,5,6,6,15,15,4,0.025
122,41,1,5,10,5,38,39,8,0.05
122,42,2,5,8,11,50,53,4,0.025
122,43,3,5,9,6,52,52,3,0.01875
122,44,4,5,10,7,73,72,2,0.0125
122,45,5,5,13,13,79,79,2,0.0125
122,46,6,5,12,6,63,64,0,0.0
122,47,7,5,7,7,46,45,0,0.0
122,48,0,6,2,2,5,5,4,0.025
122,49,1,6,6,11,25,26,7,0.04375
122,50,2,6,6,9,30,30,8,0.05
122,51,3,6,10,5,35,37,2,0.0125
122,52,4,6,16,11,62,59,5,0.03125
122,53,5,6,3,12,60,62,0,0.0
122,54,6,6,12,12,68,68,1,0.00625
122,55,7,6,10,6,54,55,0,0.0
122,56,0,7,1,2,2,3,4,0.025
122,57,1,7,1,7,10,9,8,0.05
122,58,2,7,5,7,13,13,8,0.05
122,59,3,7,9,6,21,25,5,0.03125
122,60,4,7,10,10,40,42,6,0.0375
122,61,5,7,8,7,46,44,5,0.03125
122,62,6,7,8,12,56,57,2,0.0125
122,63,7,7,9,11,54,54,1,0.00625
123,0,0,0,6,6,50,51,0,0.0
123,1,1,0,7,8,53,51,3,0.01875
123,2,2,0,14,10,49,49,5,0.03125
123,3,3,0,13,13,38,39,7,0.04375
123,4,4,0,7,12,25,24,8,0.05
123,5,5,0,1,2,7,7,8,0.05
123,6,6,0,2,1,4,5,7,0.04375
123,7,7,0,2,0,1,2,3,0.01875
123,8,0,1,6,5,51,50,1,0.00625
123,9,1,1,10,9,60,60,0,0.0
123,10,2,1,9,11,65,65,1,0.00625
123,11,3,1,11,8,56,58,3,0.01875
123,12,4,1,7,13,48,46,2,0.0125
123,13,5,1,6,10,27,26,6,0.0375
123,14,6,1,8,7,20,19,7,0.04375
123,15,7,1,4,1,5,5,4,0.025
123,16,0,2,7,15,46,46,1,0.00625
123,17,1,2,12,10,65,65,1,0.00625
123,18,2,2,11,11,77,76,2,0.0125
123,19,3,2,17,8,76,74,3,0.01875
123,20,4,2,8,8,62,63,5,0.03125
123,21,5,2,10,9,43,39,8,0.05
123,22,6,2,5,8,26,28,7,0.04375
123,23,7,2,9,4,14,11,3,0.01875
123,24,0,3,15,13,39,39,0,0.0
123,25,1,3,8,13,59,60,0,0.0
123,26,2,3,9,15,79,78,3,0.01875
123,27,3,3,8,9,80,78,1,0.00625
123,28,4,3,5,9,84,84,2,0.0125
123,29,5,3,6,6,54,60,0,0.0
123,30,6,3,13,7,43,44,1,0.00625
123,31,7,3,8,6,17,18,0,0.0
123,32,0,4,10,9,22,22,0,0.0
123,33,1,4,15,7,48,47,1,0.00625
123,34,2,4,9,10,65,67,0,0.0
123,35,3,4,7,6,83,85,1,0.00625
123,36,4,4,14,13,95,96,0,0.0
123,37,5,4,9,17,79,79,1,0.00625
123,38,6,4,9,14,62,62,1,0.00625
123,39,7,4,17,8,34,34,0,0.0
123,40,0,5,7,1,10,9,5,0.03125
123,41,1,5,8,9,30,30,7,0.04375
123,42,2,5,7,7,41,41,4,0.025
123,43,3,5,5,10,61,62,3,0.01875
123,44,4,5,17,10,82,81,4,0.025
123,45,5,5,10,10,77,76,2,0.0125
123,46,6,5,12,8,67,67,0,0.0
123,47,7,5,12,9,38,38,1,0.00625
123,48,0,6,2,1,3,3,4,0.025
123,49,1,6,3,4,11,10,8,0.05
123,50,2,6,11,6,27,28,8,0.05
123,51,3,6,9,15,48,46,4,0.025
123,52,4,6,10,9,59,62,1,0.00625
123,53,5,6,10,13,69,66,2,0.0125
123,54,6,6,12,12,64,64,1,0.00625
123,55,7,6,8,19,52,51,1,0.00625
123,56,0,7,0,0,0,0,4,0.025
123,57,1,7,1,1,2,2,8,0.05
123,58,2,7,5,6,13,12,9,0.05625
123,59,3,7,5,10,21,19,7,0.04375
123,60,4,7,9,17,34,32,7,0.04375
123,61,5,7,8,8,33,36,2,0.0125
123,62,6,7,15,6,49,51,1,0.00625
123,63,7,7,10,8,54,53,1,0.00625
124,0,0,0,11,10,55,56,0,0.0
124,1,1,0,9,14,57,58,2,0.0125
124,2,2,0,4,13,45,47,2,0.0125
124,3,3,0,8,10,33,37,3,0.01875
124,4,4,0,6,8,23,24,7,0.04375
124,5,5,0,6,8,18,18,8,0.05
124,6,6,0,1,2,7,6,8,0.05
124,7,7,0,3,1,4,4,3,0.01875
124,8,0,1,15,10,60,59,1,0.00625
124,9,1,1,7,7,67,67,1,0.00625
124,10,2,1,8,12,69,71,1,0.00625
124,11,3,1,8,16,59,58,3,0.01875
124,12,4,1,11,11,46,46,4,0.025
124,13,5,1,11,9,35,35,6,0.0375
124,14,6,1,1,5,13,13,7,0.04375
124,15,7,1,5,2,8,8,4,0.025
124,16,0,2,14,6,48,49,0,0.0
124,17,1,2,10,7,68,68,0,0.0
124,18,2,2,9,10,76,78,0,0.0
124,19,3,2,15,12,81,81,4,0.025
124,20,4,2,6,9,58,57,5,0.03125
124,21,5,2,10,10,49,52,5,0.03125
124,22,6,2,9,9,28,28,7,0.04375
124,23,7,2,5,5,12,12,3,0.01875
124,24,0,3,4,12,33,33,0,0.0
124,25,1,3,14,9,57,56,1,0.00625
124,26,2,3,12,14,75,78,0,0.0
124,27,3,3,9,10,81,83,0,0.0
124,28,4,3,9,7,72,74,0,0.0
124,29,5,3,6,7,62,62,0,0.0
124,30,6,3,11,7,45,46,0,0.0
124,31,7,3,12,5,28,27,0,0.0
124,32,0,4,9,5,24,23,1,0.00625
124,33,1,4,9,8,45,46,0,0.0
124,34,2,4,10,7,57,58,0,0.0
124,35,3,4,7,10,73,72,1,0.00625
124,36,4,4,9,10,70,68,1,0.00625
124,37,5,4,9,10,71,71,1,0.00625
124,38,6,4,6,11,48,50,0,0.0
124,39,7,4,10,14,38,39,0,0.0
124,40,0,5,9,2,19,18,5,0.03125
124,41,1,5,8,11,37,35,9,0.05625
124,42,2,5,9,10,49,49,4,0.025
124,43,3,5,6,5,60,62,1,0.00625
124,44,4,5,10,9,70,71,2,0.0125
124,45,5,5,10,11,74,77,0,0.0
124,46,6,5,9,12,66,64,2,0.0125
124,47,7,5,11,5,44,44,1,0.00625
124,48,0,6,7,1,13,13,4,0.025
124,49,1,6,3,7,18,18,8,0.05
124,50,2,6,7,5,30,30,8,0.05
124,51,3,6,7,9,47,44,7,0.04375
124,52,4,6,14,6,56,52,6,0.0375
124,53,5,6,11,9,66,68,1,0.00625
124,54,6,6,8,8,63,64,0,0.0
124,55,7,6,11,11,56,56,0,0.0
124,56,0,7,5,5,10,10,4,0.025
124,57,1,7,0,2,7,7,8,0.05
124,58,2,7,1,8,13,14,7,0.04375
124,59,3,7,10,11,28,27,7,0.04375
124,60,4,7,14,13,43,45,6,0.0375
124,61,5,7,3,16,49,47,3,0.01875
124,62,6,7,12,12,56,56,1,0.00625
124,63,7,7,14,16,59,60,1,0.00625
125,0,0,0,9,10,53,53,0,0.0
125,1,1,0,8,13,57,57,1,0.00625
125,2,2,0,13,8,45,45,2,0.0125
125,3,3,0,6,9,32,32,3,0.01875
125,4,4,0,9,8,25,26,6,0.0375
125,5,5,0,6,10,17,18,7,0.04375
125,6,6,0,1,6,7,7,7,0.04375
125,7,7,0,0,1,3,1,5,0.03125
125,8,0,1,14,9,58,57,1,0.00625
125,9,1,1,9,10,66,66,1,0.00625
125,10,2,1,9,16,70,69,1,0.00625
125,11,3,1,13,12,60,59,5,0.03125
125,12,4,1,11,10,47,43,8,0.05
125,13,5,1,10,7,36,34,8,0.05
125,14,6,1,6,1,17,16,8,0.05
125,15,7,1,4,2,8,8,4,0.025
125,16,0,2,10,13,45,43,1,0.00625
125,17,1,2,19,10,72,72,1,0.00625
125,18,2,2,11,9,80,81,0,0.0
125,19,3,2,10,5,69,72,1,0.00625
125,20,4,2,8,14,61,64,2,0.0125
125,21,5,2,13,8,49,47,8,0.05
125,22,6,2,2,6,24,24,7,0.04375
125,23,7,2,9,1,15,14,4,0.025
125,24,0,3,12,6,35,33,1,0.00625
125,25,1,3,16,9,62,61,1,0.00625
125,26,2,3,3,13,75,73,1,0.00625
125,27,3,3,8,7,69,69,0,0.0
125,28,4,3,8,6,70,68,0,0.0
125,29,5,3,9,7,59,58,1,0.00625
125,30,6,3,11,12,41,41,0,0.0
125,31,7,3,6,10,21,22,0,0.0
125,32,0,4,10,10,26,26,1,0.00625
125,33,1,4,9,10,45,45,0,0.0
125,34,2,4,16,9,68,62,5,0.03125
125,35,3,4,8,7,70,70,2,0.0125
125,36,4,4,9,9,78,80,1,0.00625
125,37,5,4,14,13,76,77,0,0.0
125,38,6,4,8,10,51,51,0,0.0
125,39,7,4,10,12,39,38,1,0.00625
125,40,0,5,4,4,10,12,4,0.025
125,41,1,5,10,6,29,32,7,0.04375
125,42,2,5,11,10,48,45,5,0.03125
125,43,3,5,11,6,61,57,5,0.03125
125,44,4,5,15,14,79,77,4,0.025
125,45,5,5,14,11,76,75,0,0.0
125,46,6,5,10,11,64,64,1,0.00625
125,47,7,5,9,7,44,44,0,0.0
125,48,0,6,2,2,6,6,4,0.025
125,49,1,6,1,2,14,14,8,0.05
125,50,2,6,5,8,21,20,8,0.05
125,51,3,6,13,13,42,44,5,0.03125
125,52,4,6,6,9,47,52,1,0.00625
125,53,5,6,13,8,64,61,4,0.025
125,54,6,6,13,13,66,67,0,0.0
125,55,7,6,10,9,54,54,0,0.0
125,56,0,7,5,2,7,7,4,0.025
125,57,1,7,3,9,17,17,8,0.05
125,58,2,7,4,4,16,16,8,0.05
125,59,3,7,3,9,23,23,7,0.04375
125,60,4,7,11,10,35,36,5,0.03125
125,61,5,7,10,9,44,45,3,0.01875
125,62,6,7,9,9,54,53,1,0.00625
125,63,7,7,3,3,48,47,1,0.00625
126,0,0,0,4,3,82,79,2,0.0125
126,1,1,0,12,13,93,93,2,0.0125
126,2,2,0,14,12,81,78,6,0.0375
126,3,3,0,11,12,73,69,7,0.04375
126,4,4,0,12,12,61,61,6,0.0375
126,5,5,0,10,15,52,51,8,0.05
126,6,6,0,12,15,43,42,8,0.05
126,7,7,0,15,22,36,37,4,0.025
126,8,0,1,12,11,90,93,0,0.0
126,9,1,1,15,14,108,108,0,0.0
126,10,2,1,14,10,104,101,4,0.025
126,11,3,1,11,11,90,91,4,0.025
126,12,4,1,14,6,77,77,8,0.05
126,13,5,1,11,16,74,74,8,0.05
126,14,6,1,10,9,53,56,5,0.03125
126,15,7,1,14,11,46,50,0,0.0
126,16,0,2,10,7,78,78,1,0.00625
126,17,1,2,6,11,99,98,1,0.00625
126,18,2,2,9,11,90,90,0,0.0
126,19,3,2,14,8,91,89,3,0.01875
126,20,4,2,7,14,82,83,2,0.0125
126,21,5,2,10,16,84,86,5,0.03125
126,22,6,2,13,16,63,68,2,0.0125
126,23,7,2,6,15,53,57,0,0.0
126,24,0,3,10,9,69,72,0,0.0
126,25,1,3,9,15,89,91,0,0.0
126,26,2,3,8,13,88,89,0,0.0
126,27,3,3,14,15,81,78,1,0.00625
126,28,4,3,14,8,81,82,1,0.00625
126,29,5,3,9,6,74,74,0,0.0
126,30,6,3,5,14,69,69,0,0.0
126,31,7,3,7,8,63,62,0,0.0
126,32,0,4,13,11,66,65,1,0.00625
126,33,1,4,8,12,78,78,0,0.0
126,34,2,4,11,8,77,81,1,0.00625
126,35,3,4,7,13,80,81,1,0.00625
126,36,4,4,13,12,69,70,0,0.0
126,37,5,4,6,13,81,81,1,0.00625
126,38,6,4,8,7,75,73,1,0.00625
126,39,7,4,6,10,69,70,0,0.0
126,40,0,5,9,17,48,52,0,0.0
126,41,1,5,11,15,68,75,0,0.0
126,42,2,5,13,14,83,89,1,0.00625
126,43,3,5,6,11,76,76,4,0.025
126,44,4,5,9,5,75,79,1,0.00625
126,45,5,5,13,14,100,99,1,0.00625
126,46,6,5,12,10,93,95,0,0.0
126,47,7,5,9,7,83,81,2,0.0125
126,48,0,6,12,9,35,39,0,0.0
126,49,1,6,8,13,52,55,4,0.025
126,50,2,6,17,9,68,73,4,0.025
126,51,3,6,11,7,68,67,6,0.0375
126,52,4,6,9,6,72,70,3,0.01875
126,53,5,6,12,14,97,96,3,0.01875
126,54,6,6,11,10,94,92,2,0.0125
126,55,7,6,10,7,88,89,0,0.0
126,56,0,7,10,13,23,27,0,0.0
126,57,1,7,15,16,45,47,6,0.0375
126,58,2,7,10,19,60,63,5,0.03125
126,59,3,7,7,5,56,60,4,0.025
126,60,4,7,9,2,65,68,2,0.0125
126,61,5,7,8,7,81,79,5,0.03125
126,62,6,7,8,10,90,90,2,0.0125
126,63,7,7,10,10,89,89,1,0.00625
127,0,0,0,7,8,52,53,1,0.00625
127,1,1,0,11,9,53,55,0,0.0
127,2,2,0,11,13,43,46,2,0.0125
127,3,3,0,9,9,26,28,5,0.03125
127,4,4,0,7,9,17,17,7,0.04375
127,5,5,0,2,10,11,12,7,0.04375
127,6,6,0,0,6,7,7,8,0.05
127,7,7,0,0,4,4,4,4,0.025
127,8,0,1,10,12,54,54,0,0.0
127,9,1,1,12,13,68,69,0,0.0
127,10,2,1,17,16,71,74,1,0.00625
127,11,3,1,11,11,48,45,6,0.0375
127,12,4,1,7,15,36,39,5,0.03125
127,13,5,1,4,9,26,26,8,0.05
127,14,6,1,3,2,16,13,8,0.05
127,15,7,1,4,5,13,13,0,0.0
127,16,0,2,14,16,47,47,1,0.00625
127,17,1,2,16,18,74,76,0,0.0
127,18,2,2,15,14,88,87,1,0.00625
127,19,3,2,8,5,69,71,0,0.0
127,20,4,2,14,9,69,66,4,0.025
127,21,5,2,12,7,52,52,6,0.0375
127,22,6,2,11,12,40,34,8,0.05
127,23,7,2,7,4,20,20,0,0.0
127,24,0,3,11,10,26,25,0,0.0
127,25,1,3,10,7,46,46,0,0.0
127,26,2,3,8,8,73,72,1,0.00625
127,27,3,3,4,4,65,68,0,0.0
127,28,4,3,11,13,78,77,2,0.0125
127,29,5,3,12,10,63,63,1,0.00625
127,30,6,3,8,4,38,36,2,0.0125
127,31,7,3,5,4,19,20,0,0.0
127,32,0,4,8,5,13,15,0,0.0
127,33,1,4,12,11,39,37,1,0.00625
127,34,2,4,10,11,67,67,1,0.00625
127,35,3,4,12,12,80,79,1,0.00625
127,36,4,4,8,9,96,95,1,0.00625
127,37,5,4,19,7,91,88,3,0.01875
127,38,6,4,12,7,59,60,1,0.00625
127,39,7,4,15,12,43,41,2,0.0125
127,40,0,5,17,0,20,18,2,0.0125
127,41,1,5,10,2,34,28,6,0.0375
127,42,2,5,11,12,55,52,4,0.025
127,43,3,5,9,12,62,64,2,0.0125
127,44,4,5,7,17,89,88,2,0.0125
127,45,5,5,11,13,74,75,0,0.0
127,46,6,5,10,13,61,61,0,0.0
127,47,7,5,6,10,42,44,0,0.0
127,48,0,6,11,4,14,11,3,0.01875
127,49,1,6,8,4,24,20,9,0.05625
127,50,2,6,6,9,33,31,6,0.0375
127,51,3,6,5,6,38,38,5,0.03125
127,52,4,6,10,12,60,59,4,0.025
127,53,5,6,10,11,60,63,2,0.0125
127,54,6,6,9,9,62,63,1,0.00625
127,55,7,6,8,7,53,53,0,0.0
127,56,0,7,7,0,6,3,3,0.01875
127,57,1,7,5,2,10,8,8,0.05
127,58,2,7,8,3,17,15,7,0.04375
127,59,3,7,9,7,28,24,7,0.04375
127,60,4,7,11,14,42,42,2,0.0125
127,61,5,7,6,8,43,45,2,0.0125
127,62,6,7,7,9,53,53,2,0.0125
127,63,7,7,8,8,53,53,1,0.00625
128,0,0,0,11,11,56,56,1,0.00625
128,1,1,0,13,8,51,50,1,0.00625
128,2,2,0,10,13,45,44,3,0.01875
128,3,3,0,9,8,32,29,8,0.05
128,4,4,0,5,11,28,27,8,0.05
128,5,5,0,8,7,19,18,8,0.05
128,6,6,0,2,7,7,8,8,0.05
128,7,7,0,0,0,0,0,4,0.025
128,8,0,1,9,13,53,52,1,0.00625
128,9,1,1,13,12,63,63,0,0.0
128,10,2,1,11,8,65,66,1,0.00625
128,11,3,1,11,14,55,56,5,0.03125
128,12,4,1,12,8,45,43,7,0.04375
128,13,5,1,8,7,27,27,8,0.05
128,14,6,1,1,6,15,15,8,0.05
128,15,7,1,7,3,10,6,4,0.025
128,16,0,2,12,9,43,44,0,0.0
128,17,1,2,11,12,66,65,1,0.00625
128,18,2,2,14,15,82,82,1,0.00625
128,19,3,2,7,11,78,79,1,0.00625
128,20,4,2,12,11,65,68,1,0.00625
128,21,5,2,12,9,48,45,7,0.04375
128,22,6,2,5,1,23,24,7,0.04375
128,23,7,2,10,6,20,15,4,0.025
128,24,0,3,9,8,32,32,0,0.0
128,25,1,3,16,9,57,56,1,0.00625
128,26,2,3,10,9,79,79,2,0.0125
128,27,3,3,8,7,82,79,2,0.0125
128,28,4,3,11,7,78,79,1,0.00625
128,29,5,3,6,11,63,64,0,0.0
128,30,6,3,12,8,42,43,0,0.0
128,31,7,3,12,8,29,29,0,0.0
128,32,0,4,11,8,26,26,0,0.0
128,33,1,4,8,9,41,42,1,0.00625
128,34,2,4,11,14,65,65,1,0.00625
128,35,3,4,7,12,75,75,1,0.00625
128,36,4,4,11,10,84,83,0,0.0
128,37,5,4,9,9,74,77,1,0.00625
128,38,6,4,9,12,53,53,1,0.00625
128,39,7,4,10,9,36,38,0,0.0
128,40,0,5,10,4,17,16,3,0.01875
128,41,1,5,9,9,32,30,6,0.0375
128,42,2,5,5,9,43,45,1,0.00625
128,43,3,5,9,7,59,61,0,0.0
128,44,4,5,11,12,79,77,2,0.0125
128,45,5,5,16,16,67,68,0,0.0
128,46,6,5,1,13,52,51,1,0.00625
128,47,7,5,6,9,40,41,0,0.0
128,48,0,6,4,1,7,6,4,0.025
128,49,1,6,5,2,12,13,8,0.05
128,50,2,6,5,10,26,24,8,0.05
128,51,3,6,8,10,37,36,6,0.0375
128,52,4,6,10,10,52,53,4,0.025
128,53,5,6,15,1,53,51,4,0.025
128,54,6,6,14,15,74,73,1,0.00625
128,55,7,6,14,10,59,58,1,0.00625
128,56,0,7,5,2,8,7,4,0.025
128,57,1,7,1,3,9,9,8,0.05
128,58,2,7,4,3,13,12,8,0.05
128,59,3,7,4,8,21,21,7,0.04375
128,60,4,7,14,12,40,35,7,0.04375
128,61,5,7,15,5,44,41,5,0.03125
128,62,6,7,9,15,57,59,0,0.0
128,63,7,7,10,10,54,55,0,0.0
129,0,0,0,11,11,55,56,0,0.0
129,1,1,0,11,10,55,54,2,0.0125
129,2,2,0,11,14,48,48,3,0.01875
129,3,3,0,7,10,29,33,4,0.025
129,4,4,0,8,14,26,25,9,0.05625
129,5,5,0,3,11,14,15,7,0.04375
129,6,6,0,1,2,3,3,7,0.04375
129,7,7,0,0,2,2,2,4,0.025
129,8,0,1,7,10,52,52,1,0.00625
129,9,1,1,14,14,69,68,1,0.00625
129,10,2,1,6,9,67,67,1,0.00625
129,11,3,1,11,12,55,60,1,0.00625
129,12,4,1,10,6,40,43,4,0.025
129,13,5,1,3,7,27,29,6,0.0375
129,14,6,1,2,4,12,13,7,0.04375
129,15,7,1,4,4,10,11,3,0.01875
129,16,0,2,14,12,47,48,0,0.0
129,17,1,2,9,7,69,68,1,0.00625
129,18,2,2,6,5,74,71,2,0.0125
129,19,3,2,15,9,73,73,1,0.00625
129,20,4,2,15,12,64,61,4,0.025
129,21,5,2,7,9,44,44,8,0.05
129,22,6,2,4,4,21,20,8,0.05
129,23,7,2,7,1,14,14,5,0.03125
129,24,0,3,10,9,33,32,1,0.00625
129,25,1,3,10,17,58,57,1,0.00625
129,26,2,3,9,14,73,73,1,0.00625
129,27,3,3,10,10,64,64,2,0.0125
129,28,4,3,6,9,66,65,1,0.00625
129,29,5,3,5,10,55,55,0,0.0
129,30,6,3,8,8,34,32,2,0.0125
129,31,7,3,8,3,19,18,1,0.00625
129,32,0,4,14,6,28,28,0,0.0
129,33,1,4,9,10,44,44,0,0.0
129,34,2,4,10,10,67,66,2,0.0125
129,35,3,4,10,5,70,69,2,0.0125
129,36,4,4,5,6,72,73,1,0.00625
129,37,5,4,7,9,71,70,1,0.00625
129,38,6,4,7,10,47,46,1,0.00625
129,39,7,4,11,10,32,31,1,0.00625
129,40,0,5,7,4,13,14,2,0.0125
129,41,1,5,9,3,24,24,6,0.0375
129,42,2,5,12,9,49,47,4,0.025
129,43,3,5,12,5,60,57,4,0.025
129,44,4,5,7,8,71,73,1,0.00625
129,45,5,5,11,11,79,78,1,0.00625
129,46,6,5,15,15,70,68,1,0.00625
129,47,7,5,11,14,46,46,0,0.0
129,48,0,6,0,1,2,2,4,0.025
129,49,1,6,2,1,6,7,7,0.04375
129,50,2,6,8,3,20,21,7,0.04375
129,51,3,6,11,7,36,37,6,0.0375
129,52,4,6,9,7,48,49,3,0.01875
129,53,5,6,13,12,65,65,4,0.025
129,54,6,6,9,9,65,65,1,0.00625
129,55,7,6,12,10,57,56,1,0.00625
129,56,0,7,0,1,1,1,4,0.025
129,57,1,7,0,2,3,3,8,0.05
129,58,2,7,2,7,9,9,8,0.05
129,59,3,7,8,10,20,20,7,0.04375
129,60,4,7,11,12,34,34,6,0.0375
129,61,5,7,11,8,42,43,3,0.01875
129,62,6,7,10,11,56,55,1,0.00625
129,63,7,7,5,4,49,50,0,0.0
130,0,0,0,8,7,52,52,1,0.00625
130,1,1,0,12,7,51,51,2,0.0125
130,2,2,0,7,9,40,41,2,0.0125
130,3,3,0,10,11,35,36,3,0.01875
130,4,4,0,6,12,26,28,6,0.0375
130,5,5,0,3,3,15,14,8,0.05
130,6,6,0,5,0,8,8,8,0.05
130,7,7,0,3,0,2,3,3,0.01875
130,8,0,1,8,12,53,52,1,0.00625
130,9,1,1,7,7,60,58,1,0.00625
130,10,2,1,6,12,65,64,1,0.00625
130,11,3,1,13,10,62,58,5,0.03125
130,12,4,1,11,12,50,48,6,0.0375
130,13,5,1,11,8,28,27,7,0.04375
130,14,6,1,5,1,8,7,8,0.05
130,15,7,1,2,0,2,1,4,0.025
130,16,0,2,8,8,40,40,0,0.0
130,17,1,2,10,7,62,63,0,0.0
130,18,2,2,10,10,74,75,1,0.00625
130,19,3,2,10,12,81,78,2,0.0125
130,20,4,2,7,8,65,67,1,0.00625
130,21,5,2,11,11,45,48,6,0.0375
130,22,6,2,9,9,24,24,8,0.05
130,23,7,2,5,1,4,6,3,0.01875
130,24,0,3,13,8,38,37,1,0.00625
130,25,1,3,12,10,61,62,0,0.0
130,26,2,3,10,9,77,79,0,0.0
130,27,3,3,11,11,88,89,0,0.0
130,28,4,3,11,8,83,83,1,0.00625
130,29,5,3,7,9,68,64,4,0.025
130,30,6,3,17,11,52,53,1,0.00625
130,31,7,3,13,7,20,21,0,0.0
130,32,0,4,10,10,24,24,0,0.0
130,33,1,4,9,12,46,47,0,0.0
130,34,2,4,9,11,62,62,1,0.00625
130,35,3,4,10,9,80,81,1,0.00625
130,36,4,4,11,8,75,72,2,0.0125
130,37,5,4,6,15,71,71,1,0.00625
130,38,6,4,11,12,53,55,0,0.0
130,39,7,4,10,14,31,31,1,0.00625
130,40,0,5,6,4,12,11,2,0.0125
130,41,1,5,6,8,29,30,7,0.04375
130,42,2,5,9,12,47,44,7,0.04375
130,43,3,5,11,5,59,61,2,0.0125
130,44,4,5,18,5,69,68,2,0.0125
130,45,5,5,6,6,70,71,0,0.0
130,46,6,5,11,11,62,65,0,0.0
130,47,7,5,6,12,39,39,0,0.0
130,48,0,6,3,2,5,5,4,0.025
130,49,1,6,2,3,14,15,6,0.0375
130,50,2,6,5,7,24,24,7,0.04375
130,51,3,6,12,15,52,49,8,0.05
130,52,4,6,10,11,52,53,1,0.00625
130,53,5,6,10,12,64,66,0,0.0
130,54,6,6,9,8,66,67,0,0.0
130,55,7,6,14,11,58,58,1,0.00625
130,56,0,7,3,0,3,3,4,0.025
130,57,1,7,0,8,10,11,7,0.04375
130,58,2,7,2,5,10,11,7,0.04375
130,59,3,7,6,12,23,24,6,0.0375
130,60,4,7,10,7,28,28,6,0.0375
130,61,5,7,12,11,43,43,5,0.03125
130,62,6,7,12,13,60,58,2,0.0125
130,63,7,7,12,13,56,56,0,0.0
131,0,0,0,10,11,54,55,0,0.0
131,1,1,0,14,9,56,53,4,0.025
131,2,2,0,10,9,44,43,4,0.025
131,3,3,0,11,13,41,37,7,0.04375
131,4,4,0,10,9,26,25,8,0.05
131,5,5,0,1,7,11,11,8,0.05
131,6,6,0,3,5,9,9,8,0.05
131,7,7,0,1,5,7,6,4,0.025
131,8,0,1,8,11,53,53,1,0.00625
131,9,1,1,6,6,57,59,0,0.0
131,10,2,1,14,9,63,63,0,0.0
131,11,3,1,11,16,63,59,8,0.05
131,12,4,1,10,7,40,40,6,0.0375
131,13,5,1,4,4,24,23,8,0.05
131,14,6,1,5,6,20,20,8,0.05
131,15,7,1,4,1,10,10,4,0.025
131,16,0,2,9,9,43,43,0,0.0
131,17,1,2,8,13,62,63,0,0.0
131,18,2,2,17,16,78,79,0,0.0
131,19,3,2,8,5,75,79,0,0.0
131,20,4,2,13,9,63,60,4,0.025
131,21,5,2,6,5,41,41,6,0.0375
131,22,6,2,11,7,38,37,9,0.05625
131,23,7,2,8,4,19,18,4,0.025
131,24,0,3,10,12,34,36,1,0.00625
131,25,1,3,16,9,59,59,1,0.00625
131,26,2,3,6,9,78,78,0,0.0
131,27,3,3,4,4,81,81,1,0.00625
131,28,4,3,13,10,81,80,3,0.01875
131,29,5,3,11,15,60,60,4,0.025
131,30,6,3,12,12,52,49,3,0.01875
131,31,7,3,7,5,22,22,0,0.0
131,32,0,4,11,5,26,26,0,0.0
131,33,1,4,11,9,43,42,0,0.0
131,34,2,4,9,11,64,65,2,0.0125
131,35,3,4,10,15,82,80,3,0.01875
131,36,4,4,7,10,68,70,1,0.00625
131,37,5,4,8,14,70,71,0,0.0
131,38,6,4,9,7,57,56,0,0.0
131,39,7,4,11,10,36,37,0,0.0
131,40,0,5,5,4,15,14,4,0.025
131,41,1,5,3,9,21,20,8,0.05
131,42,2,5,10,6,40,39,7,0.04375
131,43,3,5,16,10,64,60,6,0.0375
131,44,4,5,13,8,73,71,4,0.025
131,45,5,5,12,11,78,75,2,0.0125
131,46,6,5,13,6,66,65,1,0.00625
131,47,7,5,9,8,41,41,0,0.0
131,48,0,6,7,3,13,13,4,0.025
131,49,1,6,2,4,16,13,9,0.05625
131,50,2,6,9,8,37,36,7,0.04375
131,51,3,6,10,12,47,51,3,0.01875
131,52,4,6,8,8,57,56,2,0.0125
131,53,5,6,9,14,68,66,4,0.025
131,54,6,6,5,6,59,60,0,0.0
131,55,7,6,8,11,54,54,1,0.00625
131,56,0,7,2,3,5,5,4,0.025
131,57,1,7,1,1,4,3,8,0.05
131,58,2,7,5,10,20,17,9,0.05625
131,59,3,7,6,7,20,20,7,0.04375
131,60,4,7,8,11,32,34,4,0.025
131,61,5,7,7,8,38,41,2,0.0125
131,62,6,7,13,10,55,54,3,0.01875
131,63,7,7,8,8,52,52,0,0.0
132,0,0,0,18,17,110,109,0,0.0
132,1,1,0,16,10,104,103,5,0.03125
132,2,2,0,21,5,84,81,7,0.04375
132,3,3,0,9,10,66,68,5,0.03125
132,4,4,0,6,8,54,54,8,0.05
132,5,5,0,7,15,52,56,4,0.025
132,6,6,0,14,18,49,50,7,0.04375
132,7,7,0,16,15,31,31,4,0.025
132,8,0,1,11,16,102,103,1,0.00625
132,9,1,1,7,8,98,99,0,0.0
132,10,2,1,15,13,100,97,4,0.025
132,11,3,1,15,9,83,86,5,0.03125
132,12,4,1,11,8,67,64,9,0.05625
132,13,5,1,6,12,66,67,6,0.0375
132,14,6,1,12,8,57,60,5,0.03125
132,15,7,1,16,8,38,40,2,0.0125
132,16,0,2,5,17,81,81,0,0.0
132,17,1,2,17,13,101,100,0,0.0
132,18,2,2,10,11,95,93,3,0.01875
132,19,3,2,6,12,93,93,0,0.0
132,20,4,2,9,12,83,87,2,0.0125
132,21,5,2,10,21,88,94,0,0.0
132,22,6,2,10,12,63,71,0,0.0
132,23,7,2,10,12,46,50,0,0.0
132,24,0,3,11,7,70,68,2,0.0125
132,25,1,3,9,14,86,85,1,0.00625
132,26,2,3,14,6,96,92,2,0.0125
132,27,3,3,14,14,93,93,0,0.0
132,28,4,3,10,8,83,84,2,0.0125
132,29,5,3,17,10,103,98,8,0.05
132,30,6,3,8,11,75,77,3,0.01875
132,31,7,3,20,13,70,68,2,0.0125
132,32,0,4,9,13,57,57,0,0.0
132,33,1,4,7,12,67,67,1,0.00625
132,34,2,4,11,12,83,85,0,0.0
132,35,3,4,6,9,80,83,0,0.0
132,36,4,4,10,10,79,79,1,0.00625
132,37,5,4,7,11,104,104,0,0.0
132,38,6,4,10,10,86,86,0,0.0
132,39,7,4,17,11,79,77,1,0.00625
132,40,0,5,13,8,49,52,1,0.00625
132,41,1,5,14,8,68,69,7,0.04375
132,42,2,5,18,13,95,97,5,0.03125
132,43,3,5,8,12,96,98,3,0.01875
132,44,4,5,9,6,101,105,1,0.00625
132,45,5,5,13,14,102,103,1,0.00625
132,46,6,5,12,17,94,94,0,0.0
132,47,7,5,6,10,79,78,0,0.0
132,48,0,6,13,11,40,44,0,0.0
132,49,1,6,13,13,60,63,6,0.0375
132,50,2,6,10,18,75,77,6,0.0375
132,51,3,6,9,12,79,78,6,0.0375
132,52,4,6,12,9,87,84,4,0.025
132,53,5,6,15,12,93,94,2,0.0125
132,54,6,6,14,14,98,97,1,0.00625
132,55,7,6,7,13,90,90,1,0.00625
132,56,0,7,5,15,21,24,1,0.00625
132,57,1,7,15,17,39,45,2,0.0125
132,58,2,7,9,18,53,58,5,0.03125
132,59,3,7,11,16,68,68,7,0.04375
132,60,4,7,12,16,79,80,4,0.025
132,61,5,7,9,5,78,76,4,0.025
132,62,6,7,13,7,91,91,4,0.025
132,63,7,7,6,6,91,90,1,0.00625
133,0,0,0,11,11,54,55,0,0.0
133,1,1,0,10,10,51,54,2,0.0125
133,2,2,0,10,11,40,43,4,0.025
133,3,3,0,6,9,27,27,5,0.03125
133,4,4,0,9,8,19,20,7,0.04375
133,5,5,0,2,6,12,8,8,0.05
133,6,6,0,3,3,6,5,8,0.05
133,7,7,0,1,1,2,2,4,0.025
133,8,0,1,10,13,55,54,1,0.00625
133,9,1,1,10,9,63,63,0,0.0
133,10,2,1,8,8,65,66,3,0.01875
133,11,3,1,11,10,52,57,1,0.00625
133,12,4,1,9,11,40,42,6,0.0375
133,13,5,1,8,10,29,29,7,0.04375
133,14,6,1,3,6,16,13,8,0.05
133,15,7,1,7,2,12,9,5,0.03125
133,16,0,2,13,13,44,44,0,0.0
133,17,1,2,7,9,63,64,0,0.0
133,18,2,2,18,17,79,80,1,0.00625
133,19,3,2,8,10,72,72,0,0.0
133,20,4,2,7,7,54,56,0,0.0
133,21,5,2,9,10,49,48,0,0.0
133,22,6,2,6,4,26,25,2,0.0125
133,23,7,2,10,5,19,18,0,0.0
133,24,0,3,7,8,26,29,0,0.0
133,25,1,3,8,15,52,53,1,0.00625
133,26,2,3,8,8,69,72,1,0.00625
133,27,3,3,7,7,82,83,1,0.00625
133,28,4,3,8,11,77,79,0,0.0
133,29,5,3,8,10,64,71,1,0.00625
133,30,6,3,6,9,38,41,0,0.0
133,31,7,3,10,11,29,31,0,0.0
133,32,0,4,4,2,17,15,2,0.0125
133,33,1,4,10,11,36,36,1,0.00625
133,34,2,4,6,9,55,54,0,0.0
133,35,3,4,10,9,78,78,1,0.00625
133,36,4,4,10,9,73,74,0,0.0
133,37,5,4,10,10,73,74,0,0.0
133,38,6,4,9,10,48,49,0,0.0
133,39,7,4,6,8,33,34,0,0.0
133,40,0,5,8,1,18,18,1,0.00625
133,41,1,5,9,0,28,27,8,0.05
133,42,2,5,6,7,48,50,4,0.025
133,43,3,5,12,16,75,71,7,0.04375
133,44,4,5,10,11,73,73,0,0.0
133,45,5,5,8,7,72,72,1,0.00625
133,46,6,5,11,14,67,66,1,0.00625
133,47,7,5,11,7,44,45,0,0.0
133,48,0,6,7,7,15,11,4,0.025
133,49,1,6,2,6,15,13,8,0.05
133,50,2,6,7,8,27,25,8,0.05
133,51,3,6,12,7,41,40,7,0.04375
133,52,4,6,9,10,49,52,3,0.01875
133,53,5,6,16,9,64,63,3,0.01875
133,54,6,6,7,6,57,57,0,0.0
133,55,7,6,7,10,52,51,2,0.0125
133,56,0,7,9,2,10,7,4,0.025
133,57,1,7,5,5,17,11,8,0.05
133,58,2,7,4,8,18,18,5,0.03125
133,59,3,7,7,13,30,31,6,0.0375
133,60,4,7,9,10,37,38,3,0.01875
133,61,5,7,7,10,44,45,3,0.01875
133,62,6,7,11,6,52,50,5,0.03125
133,63,7,7,12,12,56,56,0,0.0
134,0,0,0,9,10,54,54,0,0.0
134,1,1,0,15,6,52,50,4,0.025
134,2,2,0,5,14,41,44,1,0.00625
134,3,3,0,15,9,36,35,6,0.0375
134,4,4,0,5,9,22,21,7,0.04375
134,5,5,0,2,5,12,13,7,0.04375
134,6,6,0,0,4,8,9,7,0.04375
134,7,7,0,4,1,5,5,4,0.025
134,8,0,1,7,14,50,50,0,0.0
134,9,1,1,11,12,62,61,1,0.00625
134,10,2,1,7,12,67,69,2,0.0125
134,11,3,1,8,11,56,57,0,0.0
134,12,4,1,9,10,45,49,2,0.0125
134,13,5,1,9,4,25,25,7,0.04375
134,14,6,1,1,1,10,11,7,0.04375
134,15,7,1,4,9,13,14,3,0.01875
134,16,0,2,13,8,44,43,1,0.00625
134,17,1,2,10,8,70,68,1,0.00625
134,18,2,2,13,13,74,75,0,0.0
134,19,3,2,5,11,73,69,3,0.01875
134,20,4,2,10,5,67,63,3,0.01875
134,21,5,2,6,6,48,45,4,0.025
134,22,6,2,10,9,41,40,2,0.0125
134,23,7,2,15,5,28,29,0,0.0
134,24,0,3,14,9,36,34,1,0.00625
134,25,1,3,9,10,58,57,1,0.00625
134,26,2,3,12,4,69,67,2,0.0125
134,27,3,3,11,11,72,73,0,0.0
134,28,4,3,9,7,68,67,1,0.00625
134,29,5,3,6,16,53,55,0,0.0
134,30,6,3,9,12,43,41,1,0.00625
134,31,7,3,7,6,26,26,0,0.0
134,32,0,4,12,11,26,28,0,0.0
134,33,1,4,11,10,49,49,0,0.0
134,34,2,4,7,7,65,65,1,0.00625
134,35,3,4,8,8,71,71,0,0.0
134,36,4,4,8,9,77,76,1,0.00625
134,37,5,4,7,13,77,75,2,0.0125
134,38,6,4,11,6,58,57,1,0.00625
134,39,7,4,15,9,40,41,0,0.0
134,40,0,5,7,1,10,7,4,0.025
134,41,1,5,4,12,24,24,8,0.05
134,42,2,5,11,10,46,42,8,0.05
134,43,3,5,16,5,56,57,5,0.03125
134,44,4,5,13,7,78,77,1,0.00625
134,45,5,5,10,11,75,76,0,0.0
134,46,6,5,7,12,62,63,1,0.00625
134,47,7,5,9,8,44,44,0,0.0
134,48,0,6,3,3,6,6,4,0.025
134,49,1,6,1,2,9,9,8,0.05
134,50,2,6,6,9,28,29,7,0.04375
134,51,3,6,13,9,43,44,5,0.03125
134,52,4,6,9,13,59,58,4,0.025
134,53,5,6,10,10,65,67,2,0.0125
134,54,6,6,11,11,65,66,0,0.0
134,55,7,6,9,10,53,55,0,0.0
134,56,0,7,5,0,5,5,4,0.025
134,57,1,7,2,3,10,10,8,0.05
134,58,2,7,6,9,22,19,8,0.05
134,59,3,7,8,10,28,26,8,0.05
134,60,4,7,10,14,41,38,6,0.0375
134,61,5,7,9,11,46,47,1,0.00625
134,62,6,7,6,10,52,55,2,0.0125
134,63,7,7,12,12,56,57,0,0.0
135,0,0,0,11,11,56,55,1,0.00625
135,1,1,0,13,9,54,55,3,0.01875
135,2,2,0,9,7,43,39,5,0.03125
135,3,3,0,11,12,36,35,7,0.04375
135,4,4,0,7,11,23,25,6,0.0375
135,5,5,0,5,6,13,12,8,0.05
135,6,6,0,2,6,9,8,8,0.05
135,7,7,0,1,4,5,5,4,0.025
135,8,0,1,10,12,56,57,1,0.00625
135,9,1,1,8,7,64,62,2,0.0125
135,10,2,1,9,10,65,64,3,0.01875
135,11,3,1,12,8,59,55,4,0.025
135,12,4,1,14,12,50,51,2,0.0125
135,13,5,1,8,8,28,28,7,0.04375
135,14,6,1,6,1,16,15,8,0.05
135,15,7,1,3,2,9,9,4,0.025
135,16,0,2,9,8,41,42,0,0.0
135,17,1,2,10,8,62,63,0,0.0
135,18,2,2,13,14,77,77,2,0.0125
135,19,3,2,9,7,70,70,3,0.01875
135,20,4,2,8,10,66,66,2,0.0125
135,21,5,2,11,12,51,52,2,0.0125
135,22,6,2,8,6,27,28,2,0.0125
135,23,7,2,7,1,14,14,0,0.0
135,24,0,3,6,13,30,31,0,0.0
135,25,1,3,12,7,56,56,1,0.00625
135,26,2,3,9,7,75,74,3,0.01875
135,27,3,3,14,14,77,75,2,0.0125
135,28,4,3,12,8,73,73,0,0.0
135,29,5,3,6,11,57,57,0,0.0
135,30,6,3,5,13,40,41,1,0.00625
135,31,7,3,10,10,29,26,1,0.00625
135,32,0,4,9,2,20,19,1,0.00625
135,33,1,4,11,12,50,50,1,0.00625
135,34,2,4,10,10,67,67,1,0.00625
135,35,3,4,10,12,72,71,1,0.00625
135,36,4,4,12,12,74,74,1,0.00625
135,37,5,4,12,8,70,69,1,0.00625
135,38,6,4,4,9,47,47,1,0.00625
135,39,7,4,8,9,38,37,1,0.00625
135,40,0,5,7,3,16,18,2,0.0125
135,41,1,5,7,7,33,34,6,0.0375
135,42,2,5,7,7,49,52,4,0.025
135,43,3,5,9,7,56,58,4,0.025
135,44,4,5,11,9,69,68,3,0.01875
135,45,5,5,7,6,73,74,0,0.0
135,46,6,5,13,11,66,66,0,0.0
135,47,7,5,10,10,49,48,1,0.00625
135,48,0,6,3,1,9,9,4,0.025
135,49,1,6,5,2,18,18,8,0.05
135,50,2,6,6,7,32,31,8,0.05
135,51,3,6,12,6,41,42,5,0.03125
135,52,4,6,5,2,45,45,4,0.025
135,53,5,6,11,12,67,66,3,0.01875
135,54,6,6,11,12,61,59,2,0.0125
135,55,7,6,5,6,49,50,0,0.0
135,56,0,7,3,5,8,8,4,0.025
135,57,1,7,1,8,12,13,7,0.04375
135,58,2,7,2,12,19,19,7,0.04375
135,59,3,7,11,10,28,29,6,0.0375
135,60,4,7,9,9,37,38,5,0.03125
135,61,5,7,12,10,50,47,5,0.03125
135,62,6,7,7,3,48,49,1,0.00625
135,63,7,7,11,11,55,55,0,0.0
136,0,0,0,13,12,57,57,0,0.0
136,1,1,0,13,8,53,53,4,0.025
136,2,2,0,7,12,42,43,4,0.025
136,3,3,0,12,9,33,33,6,0.0375
136,4,4,0,8,9,22,21,6,0.0375
136,5,5,0,3,7,10,11,7,0.04375
136,6,6,0,0,2,2,2,8,0.05
136,7,7,0,0,2,2,2,4,0.025
136,8,0,1,8,14,52,51,1,0.00625
136,9,1,1,6,6,59,58,3,0.01875
136,10,2,1,12,10,63,63,1,0.00625
136,11,3,1,11,13,53,52,3,0.01875
136,12,4,1,3,10,37,36,3,0.01875
136,13,5,1,5,6,26,27,6,0.0375
136,14,6,1,6,5,14,16,6,0.0375
136,15,7,1,2,2,6,6,4,0.025
136,16,0,2,9,6,40,39,1,0.00625
136,17,1,2,9,13,63,64,0,0.0
136,18,2,2,12,13,75,77,0,0.0
136,19,3,2,5,14,81,81,2,0.0125
136,20,4,2,9,9,64,67,1,0.00625
136,21,5,2,10,7,51,48,5,0.03125
136,22,6,2,14,5,35,30,7,0.04375
136,23,7,2,11,2,18,17,1,0.00625
136,24,0,3,11,13,35,36,0,0.0
136,25,1,3,13,15,56,58,0,0.0
136,26,2,3,12,9,80,81,2,0.0125
136,27,3,3,11,11,86,87,1,0.00625
136,28,4,3,13,15,85,80,4,0.025
136,29,5,3,13,14,63,63,0,0.0
136,30,6,3,8,12,38,39,0,0.0
136,31,7,3,7,4,17,19,1,0.00625
136,32,0,4,9,9,21,22,0,0.0
136,33,1,4,11,9,39,40,0,0.0
136,34,2,4,8,9,64,65,0,0.0
136,35,3,4,15,13,83,81,3,0.01875
136,36,4,4,9,9,81,80,1,0.00625
136,37,5,4,11,9,72,73,1,0.00625
136,38,6,4,6,12,52,51,1,0.00625
136,39,7,4,12,7,28,28,0,0.0
136,40,0,5,3,2,5,3,4,0.025
136,41,1,5,8,5,18,20,5,0.03125
136,42,2,5,13,8,49,49,5,0.03125
136,43,3,5,11,10,57,60,2,0.0125
136,44,4,5,7,13,71,72,1,0.00625
136,45,5,5,7,7,64,63,1,0.00625
136,46,6,5,4,9,58,58,1,0.00625
136,47,7,5,8,11,34,35,0,0.0
136,48,0,6,2,1,3,3,4,0.025
136,49,1,6,4,2,10,10,8,0.05
136,50,2,6,5,10,29,30,7,0.04375
136,51,3,6,13,6,38,36,6,0.0375
136,52,4,6,13,6,52,53,3,0.01875
136,53,5,6,10,4,56,56,2,0.0125
136,54,6,6,6,6,63,63,1,0.00625
136,55,7,6,13,19,57,56,1,0.00625
136,56,0,7,1,0,1,1,4,0.025
136,57,1,7,2,2,5,4,8,0.05
136,58,2,7,4,8,14,14,8,0.05
136,59,3,7,4,7,17,16,8,0.05
136,60,4,7,6,11,27,27,4,0.025
136,61,5,7,7,9,32,35,2,0.0125
136,62,6,7,20,13,59,58,3,0.01875
136,63,7,7,15,14,60,58,1,0.00625
137,0,0,0,11,10,55,54,1,0.00625
137,1,1,0,7,9,52,52,2,0.0125
137,2,2,0,6,7,42,43,2,0.0125
137,3,3,0,16,12,40,42,5,0.03125
137,4,4,0,4,5,18,17,8,0.05
137,5,5,0,4,5,16,15,8,0.05
137,6,6,0,1,0,6,6,8,0.05
137,7,7,0,5,4,9,9,4,0.025
137,8,0,1,8,8,52,54,0,0.0
137,9,1,1,7,8,60,63,0,0.0
137,10,2,1,11,7,60,60,3,0.01875
137,11,3,1,16,11,59,59,4,0.025
137,12,4,1,11,8,37,33,7,0.04375
137,13,5,1,8,8,30,28,8,0.05
137,14,6,1,2,3,11,9,8,0.05
137,15,7,1,5,0,9,9,4,0.025
137,16,0,2,8,7,45,44,1,0.00625
137,17,1,2,8,8,60,60,0,0.0
137,18,2,2,10,10,70,70,0,0.0
137,19,3,2,12,9,76,76,3,0.01875
137,20,4,2,8,8,58,55,4,0.025
137,21,5,2,6,12,58,58,6,0.0375
137,22,6,2,14,6,36,36,7,0.04375
137,23,7,2,13,6,22,21,2,0.0125
137,24,0,3,13,13,41,41,0,0.0
137,25,1,3,9,13,57,56,0,0.0
137,26,2,3,10,9,74,75,1,0.00625
137,27,3,3,10,10,80,79,0,0.0
137,28,4,3,10,10,68,71,2,0.0125
137,29,5,3,9,6,62,60,1,0.00625
137,30,6,3,7,11,42,42,0,0.0
137,31,7,3,15,8,32,33,0,0.0
137,32,0,4,4,6,19,19,0,0.0
137,33,1,4,7,4,33,33,0,0.0
137,34,2,4,8,4,55,53,1,0.00625
137,35,3,4,9,10,66,70,0,0.0
137,36,4,4,8,8,74,76,0,0.0
137,37,5,4,11,13,84,81,3,0.01875
137,38,6,4,11,12,60,62,0,0.0
137,39,7,4,15,14,47,48,0,0.0
137,40,0,5,10,8,19,19,4,0.025
137,41,1,5,6,8,34,31,8,0.05
137,42,2,5,12,9,58,56,6,0.0375
137,43,3,5,7,11,62,60,4,0.025
137,44,4,5,15,12,83,82,2,0.0125
137,45,5,5,13,13,77,78,0,0.0
137,46,6,5,6,11,64,64,0,0.0
137,47,7,5,15,2,52,50,1,0.00625
137,48,0,6,3,0,4,4,4,0.025
137,49,1,6,2,7,15,15,8,0.05
137,50,2,6,5,12,35,34,8,0.05
137,51,3,6,12,7,39,39,7,0.04375
137,52,4,6,12,10,58,57,3,0.01875
137,53,5,6,10,7,64,64,2,0.0125
137,54,6,6,12,11,64,64,0,0.0
137,55,7,6,9,8,53,53,0,0.0
137,56,0,7,0,1,1,1,4,0.025
137,57,1,7,1,3,4,4,8,0.05
137,58,2,7,7,13,21,21,8,0.05
137,59,3,7,12,11,30,31,7,0.04375
137,60,4,7,12,14,45,46,4,0.025
137,61,5,7,6,11,48,47,2,0.0125
137,62,6,7,7,9,51,52,2,0.0125
137,63,7,7,8,9,53,53,1,0.00625
138,0,0,0,11,12,93,94,0,0.0
138,1,1,0,10,9,89,91,1,0.00625
138,2,2,0,7,6,79,78,4,0.025
138,3,3,0,11,11,75,76,4,0.025
138,4,4,0,9,8,60,61,6,0.0375
138,5,5,0,11,19,58,61,5,0.03125
138,6,6,0,11,16,42,46,4,0.025
138,7,7,0,12,11,23,27,0,0.0
138,8,0,1,10,11,92,91,1,0.00625
138,9,1,1,8,7,95,95,0,0.0
138,10,2,1,11,11,94,95,1,0.00625
138,11,3,1,9,5,83,84,4,0.025
138,12,4,1,13,8,74,74,7,0.04375
138,13,5,1,13,14,73,76,4,0.025
138,14,6,1,9,10,48,56,0,0.0
138,15,7,1,8,11,30,34,0,0.0
138,16,0,2,6,5,77,78,1,0.00625
138,17,1,2,12,14,98,97,1,0.00625
138,18,2,2,8,8,91,90,1,0.00625
138,19,3,2,8,12,91,94,1,0.00625
138,20,4,2,9,10,79,82,0,0.0
138,21,5,2,13,14,86,88,3,0.01875
138,22,6,2,13,8,62,63,6,0.0375
138,23,7,2,12,14,47,49,0,0.0
138,24,0,3,10,18,78,77,1,0.00625
138,25,1,3,5,10,81,82,0,0.0
138,26,2,3,9,10,92,93,0,0.0
138,27,3,3,8,9,73,73,1,0.00625
138,28,4,3,13,11,75,76,2,0.0125
138,29,5,3,11,11,84,82,3,0.01875
138,30,6,3,6,16,69,68,1,0.00625
138,31,7,3,10,12,57,57,0,0.0
138,32,0,4,9,11,57,57,0,0.0
138,33,1,4,7,13,72,71,1,0.00625
138,34,2,4,10,14,82,83,0,0.0
138,35,3,4,10,13,75,73,2,0.0125
138,36,4,4,13,13,80,81,0,0.0
138,37,5,4,10,12,97,99,2,0.0125
138,38,6,4,12,13,85,85,0,0.0
138,39,7,4,10,9,67,66,1,0.00625
138,40,0,5,9,11,48,52,0,0.0
138,41,1,5,11,17,67,73,2,0.0125
138,42,2,5,8,10,81,84,4,0.025
138,43,3,5,15,10,83,80,5,0.03125
138,44,4,5,11,9,98,98,3,0.01875
138,45,5,5,10,11,99,97,1,0.00625
138,46,6,5,6,8,92,92,0,0.0
138,47,7,5,12,13,80,81,0,0.0
138,48,0,6,12,9,40,43,1,0.00625
138,49,1,6,13,12,53,58,3,0.01875
138,50,2,6,6,17,69,70,7,0.04375
138,51,3,6,8,6,64,68,3,0.01875
138,52,4,6,14,12,86,86,3,0.01875
138,53,5,6,8,4,92,92,2,0.0125
138,54,6,6,10,10,89,90,0,0.0
138,55,7,6,7,12,89,88,0,0.0
138,56,0,7,12,19,31,33,2,0.0125
138,57,1,7,15,13,42,42,8,0.05
138,58,2,7,11,12,52,53,7,0.04375
138,59,3,7,4,9,56,56,5,0.03125
138,60,4,7,10,9,67,68,1,0.00625
138,61,5,7,11,16,84,85,2,0.0125
138,62,6,7,11,7,88,88,2,0.0125
138,63,7,7,6,4,86,86,1,0.00625
139,0,0,0,7,8,53,53,1,0.00625
139,1,1,0,7,9,52,54,0,0.0
139,2,2,0,13,8,45,44,4,0.025
139,3,3,0,8,9,38,34,7,0.04375
139,4,4,0,10,10,30,29,7,0.04375
139,5,5,0,8,8,21,17,9,0.05625
139,6,6,0,3,5,12,8,8,0.05
139,7,7,0,7,3,10,6,4,0.025
139,8,0,1,8,8,53,53,1,0.00625
139,9,1,1,7,8,60,60,1,0.00625
139,10,2,1,10,10,62,63,1,0.00625
139,11,3,1,14,12,54,55,3,0.01875
139,12,4,1,5,7,34,38,2,0.0125
139,13,5,1,6,7,29,27,7,0.04375
139,14,6,1,7,6,23,16,7,0.04375
139,15,7,1,8,6,15,15,0,0.0
139,16,0,2,7,12,43,42,1,0.00625
139,17,1,2,10,10,61,61,1,0.00625
139,18,2,2,12,12,74,73,1,0.00625
139,19,3,2,11,6,76,72,4,0.025
139,20,4,2,10,8,63,61,2,0.0125
139,21,5,2,7,5,47,47,4,0.025
139,22,6,2,14,4,35,34,7,0.04375
139,23,7,2,9,4,23,21,2,0.0125
139,24,0,3,9,6,33,34,0,0.0
139,25,1,3,11,13,55,53,1,0.00625
139,26,2,3,7,8,72,72,1,0.00625
139,27,3,3,10,10,73,75,0,0.0
139,28,4,3,6,6,65,66,1,0.00625
139,29,5,3,7,10,56,60,0,0.0
139,30,6,3,10,8,40,40,1,0.00625
139,31,7,3,8,5,26,26,0,0.0
139,32,0,4,12,7,32,31,0,0.0
139,33,1,4,10,9,40,41,0,0.0
139,34,2,4,8,8,65,64,1,0.00625
139,35,3,4,7,7,71,71,1,0.00625
139,36,4,4,8,7,74,72,1,0.00625
139,37,5,4,6,14,78,78,2,0.0125
139,38,6,4,12,12,61,60,1,0.00625
139,39,7,4,16,12,45,45,0,0.0
139,40,0,5,8,3,19,19,0,0.0
139,41,1,5,11,2,32,26,7,0.04375
139,42,2,5,10,8,52,49,6,0.0375
139,43,3,5,7,9,58,63,0,0.0
139,44,4,5,14,7,78,78,2,0.0125
139,45,5,5,10,10,72,74,0,0.0
139,46,6,5,9,12,64,63,1,0.00625
139,47,7,5,14,5,49,48,1,0.00625
139,48,0,6,6,2,14,11,4,0.025
139,49,1,6,4,4,18,13,8,0.05
139,50,2,6,8,10,30,28,8,0.05
139,51,3,6,17,9,46,41,7,0.04375
139,52,4,6,13,11,60,58,6,0.0375
139,53,5,6,11,9,62,62,1,0.00625
139,54,6,6,13,14,65,66,0,0.0
139,55,7,6,6,10,51,52,1,0.00625
139,56,0,7,3,6,9,7,4,0.025
139,57,1,7,3,5,11,11,8,0.05
139,58,2,7,7,10,21,22,6,0.0375
139,59,3,7,8,12,32,32,6,0.0375
139,60,4,7,10,14,43,42,4,0.025
139,61,5,7,4,9,44,44,2,0.0125
139,62,6,7,10,8,52,52,1,0.00625
139,63,7,7,13,15,58,59,0,0.0
140,0,0,0,11,11,55,55,0,0.0
140,1,1,0,12,10,57,54,3,0.01875
140,2,2,0,9,2,35,37,3,0.01875
140,3,3,0,14,10,32,33,7,0.04375
140,4,4,0,5,14,24,24,8,0.05
140,5,5,0,2,3,8,9,8,0.05
140,6,6,0,1,1,5,5,8,0.05
140,7,7,0,3,1,4,4,4,0.025
140,8,0,1,10,10,54,54,0,0.0
140,9,1,1,12,12,67,66,1,0.00625
140,10,2,1,15,9,56,55,2,0.0125
140,11,3,1,8,9,48,46,4,0.025
140,12,4,1,8,15,53,47,8,0.05
140,13,5,1,7,7,27,25,9,0.05625
140,14,6,1,6,2,14,14,7,0.04375
140,15,7,1,6,2,11,8,3,0.01875
140,16,0,2,3,11,38,40,0,0.0
140,17,1,2,9,16,57,56,0,0.0
140,18,2,2,11,11,66,67,1,0.00625
140,19,3,2,10,14,73,76,2,0.0125
140,20,4,2,14,10,74,72,3,0.01875
140,21,5,2,10,13,47,46,4,0.025
140,22,6,2,6,5,22,20,8,0.05
140,23,7,2,7,9,21,19,4,0.025
140,24,0,3,10,10,34,33,0,0.0
140,25,1,3,8,10,45,46,0,0.0
140,26,2,3,13,12,74,73,1,0.00625
140,27,3,3,12,12,75,74,1,0.00625
140,28,4,3,10,5,77,75,1,0.00625
140,29,5,3,6,10,54,54,0,0.0
140,30,6,3,7,9,32,32,0,0.0
140,31,7,3,7,7,30,28,1,0.00625
140,32,0,4,14,6,28,28,0,0.0
140,33,1,4,14,4,49,48,0,0.0
140,34,2,4,9,11,70,71,0,0.0
140,35,3,4,6,11,76,76,2,0.0125
140,36,4,4,8,9,81,82,1,0.00625
140,37,5,4,5,10,70,71,1,0.00625
140,38,6,4,9,12,51,51,0,0.0
140,39,7,4,10,8,41,42,0,0.0
140,40,0,5,9,5,17,17,0,0.0
140,41,1,5,9,8,32,34,5,0.03125
140,42,2,5,6,7,45,48,2,0.0125
140,43,3,5,9,5,55,54,3,0.01875
140,44,4,5,13,5,77,75,5,0.03125
140,45,5,5,9,8,74,71,2,0.0125
140,46,6,5,8,13,65,65,1,0.00625
140,47,7,5,9,6,45,46,0,0.0
140,48,0,6,2,3,5,5,4,0.025
140,49,1,6,4,2,12,12,8,0.05
140,50,2,6,5,11,25,27,7,0.04375
140,51,3,6,8,9,35,37,5,0.03125
140,52,4,6,10,12,56,58,4,0.025
140,53,5,6,13,8,64,66,1,0.00625
140,54,6,6,10,9,61,59,1,0.00625
140,55,7,6,8,8,51,51,0,0.0
140,56,0,7,6,0,6,6,4,0.025
140,57,1,7,1,4,10,11,7,0.04375
140,58,2,7,6,3,17,16,7,0.04375
140,59,3,7,9,9,29,28,8,0.05
140,60,4,7,10,16,44,43,5,0.03125
140,61,5,7,11,11,51,48,3,0.01875
140,62,6,7,7,5,49,50,1,0.00625
140,63,7,7,11,11,56,56,1,0.00625
141,0,0,0,7,6,52,51,2,0.0125
141,1,1,0,11,12,57,56,3,0.01875
141,2,2,0,8,11,47,46,2,0.0125
141,3,3,0,12,8,34,34,7,0.04375
141,4,4,0,8,12,26,25,8,0.05
141,5,5,0,2,12,18,18,8,0.05
141,6,6,0,1,1,4,4,8,0.05
141,7,7,0,2,3,5,5,4,0.025
141,8,0,1,13,9,57,57,1,0.00625
141,9,1,1,9,9,66,66,1,0.00625
141,10,2,1,8,11,67,68,0,0.0
141,11,3,1,14,3,45,47,2,0.0125
141,12,4,1,12,9,41,43,7,0.04375
141,13,5,1,6,9,29,31,7,0.04375
141,14,6,1,1,7,10,10,7,0.04375
141,15,7,1,2,4,10,9,4,0.025
141,16,0,2,14,11,49,49,0,0.0
141,17,1,2,9,8,67,69,0,0.0
141,18,2,2,9,8,78,76,0,0.0
141,19,3,2,10,8,66,62,5,0.03125
141,20,4,2,7,11,67,69,3,0.01875
141,21,5,2,10,4,53,52,5,0.03125
141,22,6,2,11,6,32,34,7,0.04375
141,23,7,2,10,1,17,17,4,0.025
141,24,0,3,9,14,34,34,0,0.0
141,25,1,3,4,17,51,51,1,0.00625
141,26,2,3,9,7,65,66,0,0.0
141,27,3,3,12,11,67,66,1,0.00625
141,28,4,3,11,11,77,80,0,0.0
141,29,5,3,11,9,58,58,0,0.0
141,30,6,3,4,15,42,43,0,0.0
141,31,7,3,11,9,26,27,0,0.0
141,32,0,4,12,6,22,23,0,0.0
141,33,1,4,9,11,40,41,0,0.0
141,34,2,4,11,11,68,68,1,0.00625
141,35,3,4,11,9,76,76,1,0.00625
141,36,4,4,13,13,83,82,1,0.00625
141,37,5,4,9,12,73,73,1,0.00625
141,38,6,4,9,9,53,53,0,0.0
141,39,7,4,10,9,35,34,1,0.00625
141,40,0,5,9,3,14,13,1,0.00625
141,41,1,5,10,4,28,28,6,0.0375
141,42,2,5,8,13,54,52,6,0.0375
141,43,3,5,9,10,60,60,2,0.0125
141,44,4,5,8,8,68,70,1,0.00625
141,45,5,5,4,5,60,63,0,0.0
141,46,6,5,11,11,56,56,0,0.0
141,47,7,5,2,12,39,39,1,0.00625
141,48,0,6,4,1,6,6,4,0.025
141,49,1,6,2,6,13,13,8,0.05
141,50,2,6,6,5,27,26,8,0.05
141,51,3,6,14,5,42,40,8,0.05
141,52,4,6,10,8,53,50,7,0.04375
141,53,5,6,13,12,60,58,3,0.01875
141,54,6,6,8,9,67,67,1,0.00625
141,55,7,6,12,8,57,58,0,0.0
141,56,0,7,2,1,3,3,4,0.025
141,57,1,7,2,3,6,5,8,0.05
141,58,2,7,5,11,19,18,7,0.04375
141,59,3,7,8,10,26,28,5,0.03125
141,60,4,7,12,8,39,37,7,0.04375
141,61,5,7,8,4,38,40,3,0.01875
141,62,6,7,11,15,61,59,2,0.0125
141,63,7,7,12,12,56,56,0,0.0
142,0,0,0,12,12,55,56,0,0.0
142,1,1,0,13,14,59,60,3,0.01875
142,2,2,0,10,11,45,42,6,0.0375
142,3,3,0,14,8,29,31,5,0.03125
142,4,4,0,4,11,17,18,8,0.05
142,5,5,0,1,5,7,7,8,0.05
142,6,6,0,1,3,5,5,8,0.05
142,7,7,0,1,3,4,4,4,0.025
142,8,0,1,14,13,58,57,0,0.0
142,9,1,1,11,10,68,69,0,0.0
142,10,2,1,13,9,68,66,3,0.01875
142,11,3,1,5,9,52,51,3,0.01875
142,12,4,1,12,9,47,49,5,0.03125
142,13,5,1,5,10,29,28,7,0.04375
142,14,6,1,4,1,13,13,7,0.04375
142,15,7,1,5,1,8,8,4,0.025
142,16,0,2,14,6,44,44,0,0.0
142,17,1,2,11,11,67,66,1,0.00625
142,18,2,2,4,5,69,71,0,0.0
142,19,3,2,6,10,70,74,0,0.0
142,20,4,2,14,8,62,63,1,0.00625
142,21,5,2,11,10,45,45,5,0.03125
142,22,6,2,4,5,18,18,7,0.04375
142,23,7,2,5,6,14,14,4,0.025
142,24,0,3,11,14,35,35,1,0.00625
142,25,1,3,9,3,52,51,1,0.00625
142,26,2,3,9,11,73,73,1,0.00625
142,27,3,3,7,8,73,74,1,0.00625
142,28,4,3,9,15,85,81,3,0.01875
142,29,5,3,9,6,62,61,1,0.00625
142,30,6,3,11,7,37,37,0,0.0
142,31,7,3,11,9,28,29,0,0.0
142,32,0,4,13,6,23,23,0,0.0
142,33,1,4,11,13,56,50,6,0.0375
142,34,2,4,12,11,67,64,4,0.025
142,35,3,4,13,9,82,82,0,0.0
142,36,4,4,7,5,76,75,1,0.00625
142,37,5,4,11,14,71,71,1,0.00625
142,38,6,4,9,16,50,49,0,0.0
142,39,7,4,10,9,34,33,1,0.00625
142,40,0,5,3,1,7,8,0,0.0
142,41,1,5,9,10,28,31,3,0.01875
142,42,2,5,9,10,46,43,7,0.04375
142,43,3,5,9,10,57,57,3,0.01875
142,44,4,5,15,13,73,72,3,0.01875
142,45,5,5,8,8,79,78,1,0.00625
142,46,6,5,12,11,69,71,0,0.0
142,47,7,5,14,8,47,47,0,0.0
142,48,0,6,3,2,6,6,4,0.025
142,49,1,6,0,2,8,10,6,0.0375
142,50,2,6,5,7,20,21,7,0.04375
142,51,3,6,7,8,34,35,7,0.04375
142,52,4,6,18,8,50,49,7,0.04375
142,53,5,6,12,10,69,69,2,0.0125
142,54,6,6,10,10,64,64,1,0.00625
142,55,7,6,10,10,54,53,1,0.00625
142,56,0,7,2,1,3,3,4,0.025
142,57,1,7,0,3,5,5,8,0.05
142,58,2,7,6,4,12,13,7,0.04375
142,59,3,7,8,7,24,24,5,0.03125
142,60,4,7,6,8,30,34,2,0.0125
142,61,5,7,9,14,49,48,4,0.025
142,62,6,7,8,9,52,54,1,0.00625
142,63,7,7,5,4,50,49,1,0.00625
143,0,0,0,12,13,57,58,0,0.0
143,1,1,0,9,14,56,57,1,0.00625
143,2,2,0,9,9,36,42,0,0.0
143,3,3,0,9,16,39,39,5,0.03125
143,4,4,0,5,12,25,26,7,0.04375
143,5,5,0,4,4,12,12,8,0.05
143,6,6,0,2,1,5,5,8,0.05
143,7,7,0,2,2,4,4,4,0.025
143,8,0,1,12,12,57,58,1,0.00625
143,9,1,1,14,13,71,71,1,0.00625
143,10,2,1,13,13,63,63,3,0.01875
143,11,3,1,11,10,61,59,6,0.0375
143,12,4,1,5,12,48,47,5,0.03125
143,13,5,1,12,7,31,31,6,0.0375
143,14,6,1,4,1,9,9,6,0.0375
143,15,7,1,4,1,7,7,4,0.025
143,16,0,2,4,13,37,36,1,0.00625
143,17,1,2,13,12,62,61,2,0.0125
143,18,2,2,12,12,74,75,0,0.0
143,19,3,2,11,7,77,77,2,0.0125
143,20,4,2,5,12,68,69,1,0.00625
143,21,5,2,12,8,49,48,6,0.0375
143,22,6,2,9,2,23,21,9,0.05625
143,23,7,2,9,5,17,17,4,0.025
143,24,0,3,11,11,31,31,0,0.0
143,25,1,3,11,9,55,56,1,0.00625
143,26,2,3,7,10,74,74,0,0.0
143,27,3,3,14,13,88,88,1,0.00625
143,28,4,3,14,10,89,89,2,0.0125
143,29,5,3,14,13,69,62,8,0.05
143,30,6,3,12,7,36,32,4,0.025
143,31,7,3,14,5,28,27,0,0.0
143,32,0,4,8,3,16,15,1,0.00625
143,33,1,4,9,9,40,45,0,0.0
143,34,2,4,7,7,63,67,0,0.0
143,35,3,4,12,15,90,90,2,0.0125
143,36,4,4,6,8,81,83,0,0.0
143,37,5,4,8,11,75,75,1,0.00625
143,38,6,4,13,14,47,49,0,0.0
143,39,7,4,5,7,26,28,0,0.0
143,40,0,5,11,2,16,12,4,0.025
143,41,1,5,6,8,29,23,8,0.05
143,42,2,5,10,9,48,51,5,0.03125
143,43,3,5,10,9,62,63,1,0.00625
143,44,4,5,12,6,73,74,2,0.0125
143,45,5,5,11,10,78,77,0,0.0
143,46,6,5,8,18,69,68,1,0.00625
143,47,7,5,15,12,47,47,1,0.00625
143,48,0,6,1,1,4,4,4,0.025
143,49,1,6,1,3,9,8,7,0.04375
143,50,2,6,2,9,23,23,7,0.04375
143,51,3,6,7,8,32,32,7,0.04375
143,52,4,6,14,12,46,49,4,0.025
143,53,5,6,15,9,66,68,1,0.00625
143,54,6,6,14,13,70,71,0,0.0
143,55,7,6,12,14,57,57,0,0.0
143,56,0,7,3,1,4,4,4,0.025
143,57,1,7,1,4,8,8,8,0.05
143,58,2,7,1,11,16,15,8,0.05
143,59,3,7,9,14,28,25,8,0.05
143,60,4,7,9,10,31,28,6,0.0375
143,61,5,7,13,12,43,44,3,0.01875
143,62,6,7,15,11,57,55,3,0.01875
143,63,7,7,9,9,53,54,0,0.0
144,0,0,0,11,11,93,92,1,0.00625
144,1,1,0,13,13,100,96,5,0.03125
144,2,2,0,15,12,87,83,5,0.03125
144,3,3,0,12,8,70,66,8,0.05
144,4,4,0,9,11,61,60,8,0.05
144,5,5,0,11,19,56,61,3,0.01875
144,6,6,0,9,16,35,43,0,0.0
144,7,7,0,6,17,23,27,0,0.0
144,8,0,1,17,10,100,98,2,0.0125
144,9,1,1,8,9,100,99,1,0.00625
144,10,2,1,9,7,94,95,2,0.0125
144,11,3,1,8,10,82,82,5,0.03125
144,12,4,1,3,7,69,73,2,0.0125
144,13,5,1,7,12,75,81,1,0.00625
144,14,6,1,17,11,66,66,7,0.04375
144,15,7,1,18,11,47,48,3,0.01875
144,16,0,2,10,10,82,83,0,0.0
144,17,1,2,7,11,93,93,0,0.0
144,18,2,2,10,10,96,95,0,0.0
144,19,3,2,10,10,96,96,2,0.0125
144,20,4,2,13,12,87,84,4,0.025
144,21,5,2,10,8,81,82,5,0.03125
144,22,6,2,12,13,67,73,2,0.0125
144,23,7,2,10,9,48,52,0,0.0
144,24,0,3,8,10,71,72,0,0.0
144,25,1,3,11,9,83,84,0,0.0
144,26,2,3,14,9,101,100,2,0.0125
144,27,3,3,5,6,91,91,1,0.00625
144,28,4,3,12,9,92,91,4,0.025
144,29,5,3,14,11,84,91,0,0.0
144,30,6,3,8,14,75,78,0,0.0
144,31,7,3,7,13,58,58,1,0.00625
144,32,0,4,15,14,69,69,0,0.0
144,33,1,4,7,6,76,75,2,0.0125
144,34,2,4,15,11,93,89,4,0.025
144,35,3,4,7,11,91,90,2,0.0125
144,36,4,4,12,11,84,85,0,0.0
144,37,5,4,11,14,95,95,1,0.00625
144,38,6,4,12,16,98,95,3,0.01875
144,39,7,4,13,11,75,75,0,0.0
144,40,0,5,16,11,56,60,0,0.0
144,41,1,5,9,13,76,82,3,0.01875
144,42,2,5,8,13,84,83,7,0.04375
144,43,3,5,12,18,92,92,2,0.0125
144,44,4,5,12,12,96,96,2,0.0125
144,45,5,5,10,11,95,95,2,0.0125
144,46,6,5,11,3,97,97,1,0.00625
144,47,7,5,9,10,82,81,1,0.00625
144,48,0,6,10,11,36,40,0,0.0
144,49,1,6,14,15,61,66,1,0.00625
144,50,2,6,12,15,77,77,6,0.0375
144,51,3,6,13,13,80,82,5,0.03125
144,52,4,6,12,12,94,97,1,0.00625
144,53,5,6,2,12,96,95,0,0.0
144,54,6,6,11,10,102,102,0,0.0
144,55,7,6,16,12,102,103,0,0.0
144,56,0,7,9,16,25,29,0,0.0
144,57,1,7,13,18,42,50,0,0.0
144,58,2,7,8,15,54,59,3,0.01875
144,59,3,7,5,10,59,63,4,0.025
144,60,4,7,7,10,71,73,3,0.01875
144,61,5,7,11,9,82,81,4,0.025
144,62,6,7,11,15,102,103,2,0.0125
144,63,7,7,9,10,95,94,1,0.00625
145,0,0,0,11,10,55,55,0,0.0
145,1,1,0,6,14,53,57,1,0.00625
145,2,2,0,10,8,44,44,4,0.025
145,3,3,0,11,5,27,31,4,0.025
145,4,4,0,8,11,22,23,7,0.04375
145,5,5,0,4,8,17,12,8,0.05
145,6,6,0,5,7,18,10,8,0.05
145,7,7,0,10,2,12,8,4,0.025
145,8,0,1,11,9,55,57,0,0.0
145,9,1,1,10,10,66,66,2,0.0125
145,10,2,1,8,7,58,58,1,0.00625
145,11,3,1,10,11,50,54,1,0.00625
145,12,4,1,13,10,50,46,6,0.0375
145,13,5,1,11,7,37,31,8,0.05
145,14,6,1,5,8,25,24,8,0.05
145,15,7,1,7,5,13,12,4,0.025
145,16,0,2,9,12,44,44,0,0.0
145,17,1,2,7,7,61,61,2,0.0125
145,18,2,2,8,7,68,67,1,0.00625
145,19,3,2,13,10,69,69,2,0.0125
145,20,4,2,7,10,63,65,2,0.0125
145,21,5,2,13,11,54,55,5,0.03125
145,22,6,2,8,8,39,36,6,0.0375
145,23,7,2,8,5,19,19,0,0.0
145,24,0,3,6,12,29,29,0,0.0
145,25,1,3,11,13,53,53,0,0.0
145,26,2,3,6,12,67,68,1,0.00625
145,27,3,3,8,8,71,71,0,0.0
145,28,4,3,12,13,86,84,5,0.03125
145,29,5,3,10,7,63,63,1,0.00625
145,30,6,3,11,12,52,53,0,0.0
145,31,7,3,8,3,21,22,0,0.0
145,32,0,4,8,1,18,18,1,0.00625
145,33,1,4,14,8,46,45,3,0.01875
145,34,2,4,9,9,62,64,1,0.00625
145,35,3,4,13,10,84,84,2,0.0125
145,36,4,4,15,16,90,89,1,0.00625
145,37,5,4,7,10,75,76,0,0.0
145,38,6,4,10,6,59,61,0,0.0
145,39,7,4,11,4,28,28,0,0.0
145,40,0,5,10,4,18,18,0,0.0
145,41,1,5,8,3,34,31,6,0.0375
145,42,2,5,10,12,49,50,5,0.03125
145,43,3,5,10,11,66,63,5,0.03125
145,44,4,5,9,8,75,75,1,0.00625
145,45,5,5,14,14,84,83,1,0.00625
145,46,6,5,12,6,73,72,1,0.00625
145,47,7,5,17,17,53,53,1,0.00625
145,48,0,6,13,4,20,16,4,0.025
145,49,1,6,6,7,30,23,9,0.05625
145,50,2,6,10,6,31,34,4,0.025
145,51,3,6,6,10,47,49,2,0.0125
145,52,4,6,7,11,58,57,2,0.0125
145,53,5,6,8,11,72,72,2,0.0125
145,54,6,6,8,9,63,63,1,0.00625
145,55,7,6,9,10,53,53,0,0.0
145,56,0,7,8,3,11,8,3,0.01875
145,57,1,7,7,7,21,13,8,0.05
145,58,2,7,6,5,19,15,7,0.04375
145,59,3,7,9,9,26,23,8,0.05
145,60,4,7,9,10,31,29,6,0.0375
145,61,5,7,15,17,52,51,4,0.025
145,62,6,7,10,11,53,54,1,0.00625
145,63,7,7,7,7,52,52,1,0.00625
146,0,0,0,11,10,55,54,1,0.00625
146,1,1,0,9,12,57,58,0,0.0
146,2,2,0,8,11,42,46,0,0.0
146,3,3,0,13,6,31,29,6,0.0375
146,4,4,0,7,6,18,18,7,0.04375
146,5,5,0,1,10,12,12,8,0.05
146,6,6,0,2,7,9,9,8,0.05
146,7,7,0,0,3,3,3,4,0.025
146,8,0,1,13,10,57,58,0,0.0
146,9,1,1,11,10,68,68,1,0.00625
146,10,2,1,9,9,65,66,1,0.00625
146,11,3,1,9,11,50,50,2,0.0125
146,12,4,1,7,16,50,49,7,0.04375
146,13,5,1,9,4,32,32,7,0.04375
146,14,6,1,3,3,20,20,8,0.05
146,15,7,1,8,2,13,13,4,0.025
146,16,0,2,14,10,48,46,2,0.0125
146,17,1,2,8,10,64,64,1,0.00625
146,18,2,2,8,9,74,74,1,0.00625
146,19,3,2,6,12,71,71,2,0.0125
146,20,4,2,17,11,73,71,4,0.025
146,21,5,2,10,8,38,37,6,0.0375
146,22,6,2,4,8,25,29,2,0.0125
146,23,7,2,10,1,17,14,2,0.0125
146,24,0,3,4,14,27,27,0,0.0
146,25,1,3,8,5,47,47,0,0.0
146,26,2,3,13,8,70,69,0,0.0
146,27,3,3,9,9,73,74,0,0.0
146,28,4,3,14,10,80,81,5,0.03125
146,29,5,3,12,13,60,57,4,0.025
146,30,6,3,10,4,36,35,0,0.0
146,31,7,3,6,4,17,16,1,0.00625
146,32,0,4,6,8,16,16,1,0.00625
146,33,1,4,12,6,48,50,1,0.00625
146,34,2,4,11,16,68,69,0,0.0
146,35,3,4,12,12,83,81,4,0.025
146,36,4,4,7,7,83,83,1,0.00625
146,37,5,4,11,12,77,77,0,0.0
146,38,6,4,10,13,55,56,0,0.0
146,39,7,4,10,12,33,33,0,0.0
146,40,0,5,8,3,11,7,4,0.025
146,41,1,5,9,12,38,36,8,0.05
146,42,2,5,8,11,41,43,4,0.025
146,43,3,5,11,10,59,57,6,0.0375
146,44,4,5,14,10,75,76,1,0.00625
146,45,5,5,11,11,73,76,0,0.0
146,46,6,5,9,11,62,61,2,0.0125
146,47,7,5,7,12,41,42,0,0.0
146,48,0,6,5,0,5,5,4,0.025
146,49,1,6,5,5,23,23,8,0.05
146,50,2,6,6,5,27,25,6,0.0375
146,51,3,6,9,11,40,37,5,0.03125
146,52,4,6,16,9,60,56,7,0.04375
146,53,5,6,12,10,64,63,2,0.0125
146,54,6,6,11,11,62,61,0,0.0
146,55,7,6,6,10,50,50,0,0.0
146,56,0,7,1,0,1,0,4,0.025
146,57,1,7,2,7,9,9,8,0.05
146,58,2,7,3,7,10,10,7,0.04375
146,59,3,7,7,6,16,17,7,0.04375
146,60,4,7,12,12,36,35,7,0.04375
146,61,5,7,11,9,43,43,4,0.025
146,62,6,7,11,7,52,51,2,0.0125
146,63,7,7,10,9,54,54,1,0.00625
147,0,0,0,11,10,55,55,2,0.0125
147,1,1,0,7,15,60,59,2,0.0125
147,2,2,0,8,16,56,55,2,0.0125
147,3,3,0,14,9,40,42,4,0.025
147,4,4,0,6,14,32,31,7,0.04375
147,5,5,0,5,4,18,17,8,0.05
147,6,6,0,3,1,9,9,8,0.05
147,7,7,0,5,1,6,6,4,0.025
147,8,0,1,13,5,57,57,0,0.0
147,9,1,1,10,12,67,69,0,0.0
147,10,2,1,9,12,74,72,2,0.0125
147,11,3,1,11,7,54,54,2,0.0125
147,12,4,1,8,11,50,50,7,0.04375
147,13,5,1,5,10,29,33,4,0.025
147,14,6,1,7,2,12,11,9,0.05625
147,15,7,1,1,2,4,4,4,0.025
147,16,0,2,14,6,55,55,1,0.00625
147,17,1,2,11,8,73,73,1,0.00625
147,18,2,2,10,10,82,82,1,0.00625
147,19,3,2,10,11,75,74,2,0.0125
147,20,4,2,18,10,74,72,5,0.03125
147,21,5,2,12,9,48,46,8,0.05
147,22,6,2,6,6,25,19,8,0.05
147,23,7,2,7,4,13,12,4,0.025
147,24,0,3,12,12,46,45,1,0.00625
147,25,1,3,10,12,59,59,0,0.0
147,26,2,3,11,7,77,77,1,0.00625
147,27,3,3,18,18,95,93,1,0.00625
147,28,4,3,7,9,85,89,1,0.00625
147,29,5,3,15,9,67,68,2,0.0125
147,30,6,3,10,9,38,38,1,0.00625
147,31,7,3,9,8,23,24,0,0.0
147,32,0,4,14,9,36,37,0,0.0
147,33,1,4,13,10,52,52,0,0.0
147,34,2,4,9,14,73,73,0,0.0
147,35,3,4,8,13,87,89,1,0.00625
147,36,4,4,10,9,80,79,2,0.0125
147,37,5,4,14,10,70,71,0,0.0
147,38,6,4,6,13,45,44,0,0.0
147,39,7,4,7,11,32,32,0,0.0
147,40,0,5,8,4,21,23,2,0.0125
147,41,1,5,5,8,28,29,7,0.04375
147,42,2,5,8,9,46,46,4,0.025
147,43,3,5,10,15,64,67,3,0.01875
147,44,4,5,9,14,72,71,2,0.0125
147,45,5,5,11,11,71,69,2,0.0125
147,46,6,5,6,11,58,60,0,0.0
147,47,7,5,8,11,43,44,0,0.0
147,48,0,6,0,6,9,9,4,0.025
147,49,1,6,1,3,7,9,7,0.04375
147,50,2,6,10,7,25,23,8,0.05
147,51,3,6,11,8,38,36,7,0.04375
147,52,4,6,10,7,42,45,2,0.0125
147,53,5,6,9,5,58,60,1,0.00625
147,54,6,6,10,11,67,67,1,0.00625
147,55,7,6,12,9,57,56,1,0.00625
147,56,0,7,2,3,5,5,4,0.025
147,57,1,7,1,4,8,8,8,0.05
147,58,2,7,4,7,15,14,8,0.05
147,59,3,7,5,8,21,20,8,0.05
147,60,4,7,10,7,28,29,6,0.0375
147,61,5,7,15,9,48,45,6,0.0375
147,62,6,7,8,11,54,55,1,0.00625
147,63,7,7,8,8,53,53,0,0.0
148,0,0,0,10,13,56,56,1,0.00625
148,1,1,0,9,11,53,55,0,0.0
148,2,2,0,14,11,47,46,3,0.01875
148,3,3,0,9,10,33,32,6,0.0375
148,4,4,0,8,10,23,24,7,0.04375
148,5,5,0,5,10,14,16,7,0.04375
148,6,6,0,1,4,5,5,8,0.05
148,7,7,0,0,1,1,1,4,0.025
148,8,0,1,10,10,55,54,1,0.00625
148,9,1,1,9,8,65,63,2,0.0125
148,10,2,1,8,10,64,65,1,0.00625
148,11,3,1,13,13,56,56,2,0.0125
148,12,4,1,13,10,42,41,6,0.0375
148,13,5,1,8,7,30,26,8,0.05
148,14,6,1,5,0,10,10,8,0.05
148,15,7,1,1,1,3,3,4,0.025
148,16,0,2,11,12,46,46,1,0.00625
148,17,1,2,10,10,64,65,0,0.0
148,18,2,2,7,7,71,73,0,0.0
148,19,3,2,13,6,69,71,1,0.00625
148,20,4,2,7,6,50,53,2,0.0125
148,21,5,2,6,7,40,42,5,0.03125
148,22,6,2,9,8,23,23,8,0.05
148,23,7,2,3,2,8,7,4,0.025
148,24,0,3,9,11,31,32,0,0.0
148,25,1,3,11,11,53,52,0,0.0
148,26,2,3,6,16,69,69,1,0.00625
148,27,3,3,14,12,76,76,2,0.0125
148,28,4,3,10,12,76,74,3,0.01875
148,29,5,3,7,13,64,64,2,0.0125
148,30,6,3,9,11,42,42,1,0.00625
148,31,7,3,10,4,19,19,0,0.0
148,32,0,4,9,7,22,22,0,0.0
148,33,1,4,8,11,40,41,0,0.0
148,34,2,4,6,12,51,51,0,0.0
148,35,3,4,12,7,72,73,0,0.0
148,36,4,4,11,12,81,82,1,0.00625
148,37,5,4,12,9,80,78,2,0.0125
148,38,6,4,10,14,59,59,1,0.00625
148,39,7,4,13,10,33,32,1,0.00625
148,40,0,5,8,3,13,11,4,0.025
148,41,1,5,10,4,28,27,8,0.05
148,42,2,5,10,8,43,41,6,0.0375
148,43,3,5,10,9,63,66,1,0.00625
148,44,4,5,8,11,76,79,0,0.0
148,45,5,5,14,14,83,83,1,0.00625
148,46,6,5,13,9,67,68,0,0.0
148,47,7,5,11,21,51,51,0,0.0
148,48,0,6,5,1,7,7,4,0.025
148,49,1,6,5,6,17,16,7,0.04375
148,50,2,6,2,5,21,21,7,0.04375
148,51,3,6,9,12,42,45,4,0.025
148,52,4,6,11,11,59,61,2,0.0125
148,53,5,6,11,13,72,68,3,0.01875
148,54,6,6,13,12,68,69,0,0.0
148,55,7,6,12,4,57,56,1,0.00625
148,56,0,7,1,1,1,2,3,0.01875
148,57,1,7,1,2,2,3,7,0.04375
148,58,2,7,3,4,9,10,7,0.04375
148,59,3,7,5,8,19,20,6,0.0375
148,60,4,7,9,12,31,32,5,0.03125
148,61,5,7,19,10,50,52,5,0.03125
148,62,6,7,4,13,57,57,1,0.00625
148,63,7,7,9,10,53,55,0,0.0
149,0,0,0,5,4,49,49,1,0.00625
149,1,1,0,10,10,56,54,2,0.0125
149,2,2,0,11,10,45,43,4,0.025
149,3,3,0,10,6,29,30,5,0.03125
149,4,4,0,7,10,24,23,8,0.05
149,5,5,0,3,8,17,15,9,0.05625
149,6,6,0,1,4,7,7,8,0.05
149,7,7,0,2,0,2,2,4,0.025
149,8,0,1,11,10,55,54,1,0.00625
149,9,1,1,12,12,65,66,0,0.0
149,10,2,1,7,8,63,64,0,0.0
149,11,3,1,8,6,50,49,3,0.01875
149,12,4,1,10,13,52,54,5,0.03125
149,13,5,1,10,9,36,38,6,0.0375
149,14,6,1,1,9,18,20,7,0.04375
149,15,7,1,6,1,6,7,3,0.01875
149,16,0,2,7,12,41,42,0,0.0
149,17,1,2,10,7,62,63,0,0.0
149,18,2,2,7,7,69,69,0,0.0
149,19,3,2,8,10,67,67,0,0.0
149,20,4,2,13,6,67,66,4,0.025
149,21,5,2,8,10,52,54,4,0.025
149,22,6,2,4,5,31,32,6,0.0375
149,23,7,2,11,5,16,17,4,0.025
149,24,0,3,5,10,28,27,1,0.00625
149,25,1,3,5,10,48,48,1,0.00625
149,26,2,3,10,9,65,66,1,0.00625
149,27,3,3,11,10,76,76,1,0.00625
149,28,4,3,8,10,85,84,3,0.01875
149,29,5,3,11,9,76,77,1,0.00625
149,30,6,3,21,13,63,59,5,0.03125
149,31,7,3,14,8,27,27,0,0.0
149,32,0,4,12,8,24,24,0,0.0
149,33,1,4,13,11,53,52,1,0.00625
149,34,2,4,8,11,67,67,1,0.00625
149,35,3,4,9,7,86,86,2,0.0125
149,36,4,4,10,9,78,79,0,0.0
149,37,5,4,10,6,71,71,1,0.00625
149,38,6,4,9,6,53,52,1,0.00625
149,39,7,4,9,12,35,34,1,0.00625
149,40,0,5,9,3,14,16,2,0.0125
149,41,1,5,10,12,40,40,8,0.05
149,42,2,5,4,11,50,55,1,0.00625
149,43,3,5,9,11,78,74,3,0.01875
149,44,4,5,6,12,74,73,1,0.00625
149,45,5,5,7,6,71,70,1,0.00625
149,46,6,5,12,10,65,63,2,0.0125
149,47,7,5,8,8,40,40,0,0.0
149,48,0,6,4,0,6,6,4,0.025
149,49,1,6,3,5,14,15,7,0.04375
149,50,2,6,12,7,33,33,8,0.05
149,51,3,6,7,16,50,52,2,0.0125
149,52,4,6,9,10,52,52,1,0.00625
149,53,5,6,8,12,59,63,1,0.00625
149,54,6,6,7,8,64,64,1,0.00625
149,55,7,6,11,11,56,56,1,0.00625
149,56,0,7,3,2,5,5,3,0.01875
149,57,1,7,0,2,6,6,7,0.04375
149,58,2,7,2,6,12,11,7,0.04375
149,59,3,7,6,9,21,21,6,0.0375
149,60,4,7,15,9,37,36,6,0.0375
149,61,5,7,5,8,38,40,4,0.025
149,62,6,7,12,11,56,55,1,0.00625
149,63,7,7,8,7,52,51,0,0.0
