sample_idx,router_id,x,y,injected,ejected,received_total,sent_total,stored_total,buffer_occupancy_norm
0,0,0,0,34,13,69,67,1,0.00625
0,1,1,0,28,20,104,101,0,0.0
0,2,2,0,27,24,100,98,0,0.0
0,3,3,0,35,20,107,104,3,0.01875
0,4,4,0,27,16,104,101,2,0.0125
0,5,5,0,31,18,105,101,2,0.0125
0,6,6,0,31,17,104,103,1,0.00625
0,7,7,0,32,18,79,77,1,0.00625
0,8,0,1,38,19,89,88,1,0.00625
0,9,1,1,22,29,128,124,1,0.00625
0,10,2,1,21,23,108,106,1,0.00625
0,11,3,1,29,23,111,108,2,0.0125
0,12,4,1,30,30,125,122,1,0.00625
0,13,5,1,27,26,122,119,3,0.01875
0,14,6,1,32,25,128,124,1,0.00625
0,15,7,1,25,27,102,101,0,0.0
0,16,0,2,34,15,81,77,3,0.01875
0,17,1,2,34,32,143,139,3,0.01875
0,18,2,2,36,17,131,127,2,0.0125
0,19,3,2,31,17,123,122,1,0.00625
0,20,4,2,32,26,126,122,2,0.0125
0,21,5,2,24,23,122,119,1,0.00625
0,22,6,2,37,26,126,123,2,0.0125
0,23,7,2,27,28,107,105,2,0.0125
0,24,0,3,24,13,78,76,2,0.0125
0,25,1,3,25,28,130,125,4,0.025
0,26,2,3,31,30,140,135,1,0.00625
0,27,3,3,21,30,134,133,0,0.0
0,28,4,3,30,26,130,124,3,0.01875
0,29,5,3,25,29,138,137,1,0.00625
0,30,6,3,25,21,123,122,0,0.0
0,31,7,3,36,29,110,106,3,0.01875
0,32,0,4,27,21,82,80,2,0.0125
0,33,1,4,24,21,118,116,1,0.00625
0,34,2,4,30,20,120,117,2,0.0125
0,35,3,4,29,26,131,126,2,0.0125
0,36,4,4,26,18,114,112,1,0.00625
0,37,5,4,26,24,124,119,3,0.01875
0,38,6,4,27,23,118,115,1,0.00625
0,39,7,4,30,22,92,89,3,0.01875
0,40,0,5,41,13,96,94,1,0.00625
0,41,1,5,32,24,149,145,3,0.01875
0,42,2,5,19,20,125,123,1,0.00625
0,43,3,5,32,25,130,128,1,0.00625
0,44,4,5,24,24,129,124,4,0.025
0,45,5,5,30,23,129,127,0,0.0
0,46,6,5,35,21,140,138,2,0.0125
0,47,7,5,33,19,106,105,0,0.0
0,48,0,6,25,20,89,85,1,0.00625
0,49,1,6,25,36,139,137,1,0.00625
0,50,2,6,37,27,147,145,0,0.0
0,51,3,6,26,16,135,130,2,0.0125
0,52,4,6,20,26,125,122,2,0.0125
0,53,5,6,30,19,124,119,3,0.01875
0,54,6,6,30,25,136,133,2,0.0125
0,55,7,6,34,30,113,109,2,0.0125
0,56,0,7,33,23,75,74,0,0.0
0,57,1,7,35,20,109,108,1,0.00625
0,58,2,7,30,21,108,104,1,0.00625
0,59,3,7,26,34,110,109,1,0.00625
0,60,4,7,29,23,101,97,3,0.01875
0,61,5,7,26,18,96,95,1,0.00625
0,62,6,7,23,22,95,92,1,0.00625
0,63,7,7,27,26,74,74,0,0.0
1,0,0,0,37,26,85,84,1,0.00625
1,1,1,0,27,33,115,117,1,0.00625
1,2,2,0,33,25,107,107,1,0.00625
1,3,3,0,25,31,109,109,3,0.01875
1,4,4,0,30,31,104,103,2,0.0125
1,5,5,0,33,26,105,106,2,0.0125
1,6,6,0,24,29,108,105,2,0.0125
1,7,7,0,18,25,65,67,0,0.0
1,8,0,1,33,25,112,111,2,0.0125
1,9,1,1,18,34,148,151,0,0.0
1,10,2,1,29,28,133,132,2,0.0125
1,11,3,1,27,33,157,157,1,0.00625
1,12,4,1,24,25,145,144,0,0.0
1,13,5,1,29,24,144,141,3,0.01875
1,14,6,1,37,33,160,159,3,0.01875
1,15,7,1,36,26,121,117,2,0.0125
1,16,0,2,26,31,116,116,1,0.00625
1,17,1,2,23,33,146,146,3,0.01875
1,18,2,2,30,20,136,138,1,0.00625
1,19,3,2,29,28,158,155,0,0.0
1,20,4,2,24,28,150,151,1,0.00625
1,21,5,2,26,30,140,140,2,0.0125
1,22,6,2,36,27,158,156,5,0.03125
1,23,7,2,34,33,133,131,2,0.0125
1,24,0,3,25,33,121,120,1,0.00625
1,25,1,3,31,27,147,147,3,0.01875
1,26,2,3,29,25,144,144,1,0.00625
1,27,3,3,27,33,153,151,0,0.0
1,28,4,3,29,31,153,154,2,0.0125
1,29,5,3,28,24,143,142,2,0.0125
1,30,6,3,28,22,148,147,2,0.0125
1,31,7,3,34,39,128,129,2,0.0125
1,32,0,4,33,36,127,127,1,0.00625
1,33,1,4,24,24,144,144,0,0.0
1,34,2,4,33,28,148,148,2,0.0125
1,35,3,4,38,30,162,164,1,0.00625
1,36,4,4,30,25,159,155,3,0.01875
1,37,5,4,28,31,145,146,1,0.00625
1,38,6,4,24,26,146,147,0,0.0
1,39,7,4,27,26,114,112,3,0.01875
1,40,0,5,31,34,125,123,4,0.025
1,41,1,5,23,32,149,150,2,0.0125
1,42,2,5,26,24,133,133,1,0.00625
1,43,3,5,31,35,156,154,2,0.0125
1,44,4,5,33,38,171,172,1,0.00625
1,45,5,5,26,29,149,148,3,0.01875
1,46,6,5,35,31,159,154,3,0.01875
1,47,7,5,34,27,126,125,2,0.0125
1,48,0,6,38,34,124,123,2,0.0125
1,49,1,6,35,30,158,156,3,0.01875
1,50,2,6,30,23,139,136,2,0.0125
1,51,3,6,34,25,143,148,0,0.0
1,52,4,6,30,33,160,159,3,0.01875
1,53,5,6,25,33,142,145,2,0.0125
1,54,6,6,24,29,141,140,1,0.00625
1,55,7,6,27,33,118,119,1,0.00625
1,56,0,7,28,23,82,81,0,0.0
1,57,1,7,29,35,123,120,3,0.01875
1,58,2,7,34,33,125,125,2,0.0125
1,59,3,7,40,26,129,128,2,0.0125
1,60,4,7,30,35,130,131,1,0.00625
1,61,5,7,35,26,122,120,0,0.0
1,62,6,7,33,30,129,128,3,0.01875
1,63,7,7,31,24,90,87,1,0.00625
2,0,0,0,36,29,95,98,0,0.0
2,1,1,0,31,27,132,129,1,0.00625
2,2,2,0,31,34,131,132,0,0.0
2,3,3,0,33,30,128,128,1,0.00625
2,4,4,0,41,41,152,151,3,0.01875
2,5,5,0,33,33,143,141,2,0.0125
2,6,6,0,33,36,137,138,2,0.0125
2,7,7,0,36,31,104,101,3,0.01875
2,8,0,1,30,27,120,120,1,0.00625
2,9,1,1,31,41,164,161,3,0.01875
2,10,2,1,30,32,158,157,3,0.01875
2,11,3,1,36,32,152,154,0,0.0
2,12,4,1,31,33,164,165,1,0.00625
2,13,5,1,28,42,154,159,1,0.00625
2,14,6,1,30,34,154,156,1,0.00625
2,15,7,1,23,30,121,123,1,0.00625
2,16,0,2,36,30,126,128,1,0.00625
2,17,1,2,26,32,151,151,3,0.01875
2,18,2,2,35,28,156,155,2,0.0125
2,19,3,2,34,30,159,158,3,0.01875
2,20,4,2,31,33,166,166,2,0.0125
2,21,5,2,31,29,151,150,3,0.01875
2,22,6,2,27,28,151,152,1,0.00625
2,23,7,2,29,35,119,123,0,0.0
2,24,0,3,25,34,111,113,1,0.00625
2,25,1,3,34,35,152,155,1,0.00625
2,26,2,3,34,27,159,160,3,0.01875
2,27,3,3,32,33,162,164,0,0.0
2,28,4,3,22,34,156,158,2,0.0125
2,29,5,3,22,26,128,128,1,0.00625
2,30,6,3,31,35,149,148,2,0.0125
2,31,7,3,28,29,116,118,1,0.00625
2,32,0,4,32,29,122,123,0,0.0
2,33,1,4,35,28,155,151,5,0.03125
2,34,2,4,21,37,160,158,3,0.01875
2,35,3,4,32,34,153,153,2,0.0125
2,36,4,4,24,36,165,171,0,0.0
2,37,5,4,26,24,143,145,1,0.00625
2,38,6,4,31,25,152,150,1,0.00625
2,39,7,4,34,32,124,128,1,0.00625
2,40,0,5,21,33,104,105,2,0.0125
2,41,1,5,29,32,135,137,1,0.00625
2,42,2,5,28,31,146,144,3,0.01875
2,43,3,5,29,20,127,128,3,0.01875
2,44,4,5,24,30,143,142,3,0.01875
2,45,5,5,27,25,131,130,1,0.00625
2,46,6,5,26,27,136,140,2,0.0125
2,47,7,5,23,33,111,110,1,0.00625
2,48,0,6,40,24,120,123,2,0.0125
2,49,1,6,24,25,150,153,1,0.00625
2,50,2,6,27,31,149,153,0,0.0
2,51,3,6,29,26,149,147,1,0.00625
2,52,4,6,28,27,154,152,2,0.0125
2,53,5,6,28,24,141,143,0,0.0
2,54,6,6,29,24,147,146,4,0.025
2,55,7,6,29,30,114,115,1,0.00625
2,56,0,7,34,32,89,89,2,0.0125
2,57,1,7,30,43,126,128,1,0.00625
2,58,2,7,28,27,108,109,2,0.0125
2,59,3,7,32,32,115,116,0,0.0
2,60,4,7,29,29,116,117,1,0.00625
2,61,5,7,33,30,114,113,3,0.01875
2,62,6,7,27,26,105,107,2,0.0125
2,63,7,7,22,26,73,73,2,0.0125
3,0,0,0,38,21,95,92,3,0.01875
3,1,1,0,26,29,125,126,1,0.00625
3,2,2,0,30,32,122,119,3,0.01875
3,3,3,0,24,33,119,120,1,0.00625
3,4,4,0,31,34,123,123,2,0.0125
3,5,5,0,25,32,122,123,1,0.00625
3,6,6,0,31,38,129,128,3,0.01875
3,7,7,0,32,22,84,87,0,0.0
3,8,0,1,28,38,116,117,0,0.0
3,9,1,1,34,34,155,153,3,0.01875
3,10,2,1,28,27,148,150,1,0.00625
3,11,3,1,32,27,154,152,1,0.00625
3,12,4,1,29,28,155,155,1,0.00625
3,13,5,1,19,29,147,145,0,0.0
3,14,6,1,23,25,142,142,2,0.0125
3,15,7,1,35,32,112,113,1,0.00625
3,16,0,2,24,32,115,113,2,0.0125
3,17,1,2,28,28,147,147,1,0.00625
3,18,2,2,37,33,161,161,1,0.00625
3,19,3,2,18,28,152,148,5,0.03125
3,20,4,2,34,31,154,155,2,0.0125
3,21,5,2,30,28,166,166,1,0.00625
3,22,6,2,24,20,148,150,0,0.0
3,23,7,2,38,23,110,107,2,0.0125
3,24,0,3,30,35,124,123,2,0.0125
3,25,1,3,29,26,145,142,2,0.0125
3,26,2,3,32,26,152,153,2,0.0125
3,27,3,3,40,37,168,167,1,0.00625
3,28,4,3,29,17,147,146,2,0.0125
3,29,5,3,39,39,170,169,2,0.0125
3,30,6,3,32,28,168,166,2,0.0125
3,31,7,3,30,25,112,111,1,0.00625
3,32,0,4,27,33,118,117,1,0.00625
3,33,1,4,24,24,140,140,2,0.0125
3,34,2,4,31,31,145,147,1,0.00625
3,35,3,4,31,33,159,159,3,0.01875
3,36,4,4,32,35,165,161,4,0.025
3,37,5,4,28,25,148,143,4,0.025
3,38,6,4,27,35,161,161,2,0.0125
3,39,7,4,35,31,116,115,2,0.0125
3,40,0,5,33,33,123,121,3,0.01875
3,41,1,5,34,27,157,155,2,0.0125
3,42,2,5,27,28,151,151,2,0.0125
3,43,3,5,26,30,150,148,3,0.01875
3,44,4,5,30,36,156,158,2,0.0125
3,45,5,5,28,27,154,156,1,0.00625
3,46,6,5,31,23,156,157,2,0.0125
3,47,7,5,32,24,115,115,2,0.0125
3,48,0,6,33,31,120,118,1,0.00625
3,49,1,6,29,29,150,148,2,0.0125
3,50,2,6,34,32,150,147,1,0.00625
3,51,3,6,25,28,143,143,1,0.00625
3,52,4,6,34,24,144,143,5,0.03125
3,53,5,6,26,30,155,147,5,0.03125
3,54,6,6,17,31,141,143,1,0.00625
3,55,7,6,31,30,105,103,3,0.01875
3,56,0,7,29,30,85,86,1,0.00625
3,57,1,7,30,32,121,121,1,0.00625
3,58,2,7,33,28,119,119,1,0.00625
3,59,3,7,37,30,134,132,2,0.0125
3,60,4,7,33,21,122,120,3,0.01875
3,61,5,7,43,31,138,140,1,0.00625
3,62,6,7,28,25,129,129,1,0.00625
3,63,7,7,32,22,81,83,0,0.0
4,0,0,0,37,33,91,93,1,0.00625
4,1,1,0,31,34,123,123,2,0.0125
4,2,2,0,21,17,89,88,3,0.01875
4,3,3,0,32,27,104,104,1,0.00625
4,4,4,0,29,36,116,120,1,0.00625
4,5,5,0,25,26,102,103,2,0.0125
4,6,6,0,24,35,104,106,1,0.00625
4,7,7,0,21,32,79,78,0,0.0
4,8,0,1,32,21,120,119,1,0.00625
4,9,1,1,31,37,166,169,2,0.0125
4,10,2,1,27,26,138,136,2,0.0125
4,11,3,1,33,24,141,143,1,0.00625
4,12,4,1,33,29,163,163,2,0.0125
4,13,5,1,27,32,145,144,2,0.0125
4,14,6,1,25,27,136,136,1,0.00625
4,15,7,1,31,27,110,110,1,0.00625
4,16,0,2,32,28,130,131,1,0.00625
4,17,1,2,22,33,151,152,2,0.0125
4,18,2,2,28,36,132,132,2,0.0125
4,19,3,2,35,28,148,153,1,0.00625
4,20,4,2,28,37,171,170,1,0.00625
4,21,5,2,31,32,150,151,3,0.01875
4,22,6,2,27,24,154,150,4,0.025
4,23,7,2,32,25,115,116,0,0.0
4,24,0,3,31,34,129,130,1,0.00625
4,25,1,3,30,31,159,158,3,0.01875
4,26,2,3,32,18,128,125,4,0.025
4,27,3,3,28,26,145,145,2,0.0125
4,28,4,3,22,35,151,149,4,0.025
4,29,5,3,27,27,130,131,1,0.00625
4,30,6,3,30,32,154,156,0,0.0
4,31,7,3,29,24,116,116,2,0.0125
4,32,0,4,32,27,126,125,1,0.00625
4,33,1,4,36,33,164,168,0,0.0
4,34,2,4,33,26,147,148,1,0.00625
4,35,3,4,25,31,149,147,4,0.025
4,36,4,4,26,27,147,149,1,0.00625
4,37,5,4,41,22,146,153,0,0.0
4,38,6,4,29,28,160,162,2,0.0125
4,39,7,4,29,30,122,122,0,0.0
4,40,0,5,24,33,123,126,1,0.00625
4,41,1,5,22,29,141,142,0,0.0
4,42,2,5,32,33,136,138,1,0.00625
4,43,3,5,30,33,153,158,0,0.0
4,44,4,5,33,21,155,156,0,0.0
4,45,5,5,24,33,145,142,3,0.01875
4,46,6,5,36,42,164,162,1,0.00625
4,47,7,5,31,33,124,127,0,0.0
4,48,0,6,27,34,127,129,1,0.00625
4,49,1,6,25,28,148,150,0,0.0
4,50,2,6,34,21,136,138,0,0.0
4,51,3,6,24,34,154,155,1,0.00625
4,52,4,6,29,34,153,156,2,0.0125
4,53,5,6,31,35,151,158,0,0.0
4,54,6,6,31,25,151,151,3,0.01875
4,55,7,6,32,37,126,127,2,0.0125
4,56,0,7,28,34,93,93,0,0.0
4,57,1,7,19,31,108,109,0,0.0
4,58,2,7,30,27,105,105,2,0.0125
4,59,3,7,36,37,129,129,1,0.00625
4,60,4,7,27,27,116,120,0,0.0
4,61,5,7,29,32,116,114,3,0.01875
4,62,6,7,28,32,117,118,0,0.0
4,63,7,7,27,27,82,80,2,0.0125
5,0,0,0,26,25,75,73,2,0.0125
5,1,1,0,37,26,112,110,4,0.025
5,2,2,0,25,29,112,114,1,0.00625
5,3,3,0,30,25,104,105,1,0.00625
5,4,4,0,32,30,118,115,2,0.0125
5,5,5,0,36,31,122,121,2,0.0125
5,6,6,0,26,29,114,112,3,0.01875
5,7,7,0,27,33,83,83,1,0.00625
5,8,0,1,27,24,104,105,0,0.0
5,9,1,1,34,28,142,141,2,0.0125
5,10,2,1,29,36,156,155,2,0.0125
5,11,3,1,34,25,144,143,0,0.0
5,12,4,1,33,32,159,156,3,0.01875
5,13,5,1,28,31,151,153,1,0.00625
5,14,6,1,25,34,148,147,2,0.0125
5,15,7,1,31,22,114,112,2,0.0125
5,16,0,2,32,35,113,116,0,0.0
5,17,1,2,43,26,159,159,2,0.0125
5,18,2,2,27,32,162,160,1,0.00625
5,19,3,2,27,30,136,139,1,0.00625
5,20,4,2,32,31,145,144,3,0.01875
5,21,5,2,39,31,154,154,2,0.0125
5,22,6,2,27,29,143,146,1,0.00625
5,23,7,2,27,22,112,111,3,0.01875
5,24,0,3,23,30,97,95,1,0.00625
5,25,1,3,35,32,140,139,5,0.03125
5,26,2,3,36,42,162,166,1,0.00625
5,27,3,3,25,30,142,142,1,0.00625
5,28,4,3,33,25,142,143,2,0.0125
5,29,5,3,26,30,150,149,1,0.00625
5,30,6,3,31,37,149,151,1,0.00625
5,31,7,3,26,29,121,121,1,0.00625
5,32,0,4,31,27,104,104,1,0.00625
5,33,1,4,34,23,140,140,1,0.00625
5,34,2,4,30,34,155,152,3,0.01875
5,35,3,4,33,36,154,158,0,0.0
5,36,4,4,39,28,160,157,3,0.01875
5,37,5,4,31,36,165,162,2,0.0125
5,38,6,4,36,28,154,150,4,0.025
5,39,7,4,29,34,130,130,0,0.0
5,40,0,5,29,25,110,108,2,0.0125
5,41,1,5,24,32,144,143,2,0.0125
5,42,2,5,35,37,159,157,2,0.0125
5,43,3,5,29,31,159,155,4,0.025
5,44,4,5,26,37,158,157,1,0.00625
5,45,5,5,29,32,155,158,1,0.00625
5,46,6,5,25,32,149,150,1,0.00625
5,47,7,5,38,30,131,126,4,0.025
5,48,0,6,28,30,113,114,0,0.0
5,49,1,6,21,28,133,132,1,0.00625
5,50,2,6,27,28,129,129,2,0.0125
5,51,3,6,33,32,151,149,1,0.00625
5,52,4,6,27,29,151,154,0,0.0
5,53,5,6,28,26,144,140,3,0.01875
5,54,6,6,27,26,139,140,1,0.00625
5,55,7,6,26,22,112,113,0,0.0
5,56,0,7,30,29,85,83,1,0.00625
5,57,1,7,30,29,109,109,1,0.00625
5,58,2,7,27,19,95,97,1,0.00625
5,59,3,7,34,29,111,111,2,0.0125
5,60,4,7,34,31,123,119,2,0.0125
5,61,5,7,33,26,112,111,4,0.025
5,62,6,7,34,29,117,115,2,0.0125
5,63,7,7,21,27,85,86,1,0.00625
6,0,0,0,27,24,84,86,0,0.0
6,1,1,0,36,28,126,130,1,0.00625
6,2,2,0,25,30,127,127,2,0.0125
6,3,3,0,36,37,127,127,1,0.00625
6,4,4,0,32,30,131,130,2,0.0125
6,5,5,0,18,30,109,112,0,0.0
6,6,6,0,35,29,110,112,0,0.0
6,7,7,0,26,28,91,90,0,0.0
6,8,0,1,27,33,116,114,2,0.0125
6,9,1,1,27,30,141,145,0,0.0
6,10,2,1,35,40,163,164,2,0.0125
6,11,3,1,32,22,160,158,2,0.0125
6,12,4,1,36,35,166,169,0,0.0
6,13,5,1,31,34,166,166,1,0.00625
6,14,6,1,34,18,146,146,1,0.00625
6,15,7,1,30,35,127,128,2,0.0125
6,16,0,2,31,29,110,108,1,0.00625
6,17,1,2,28,27,136,135,2,0.0125
6,18,2,2,39,28,152,151,3,0.01875
6,19,3,2,31,30,163,163,1,0.00625
6,20,4,2,30,31,150,150,1,0.00625
6,21,5,2,28,39,156,156,3,0.01875
6,22,6,2,36,32,150,151,1,0.00625
6,23,7,2,26,33,124,123,3,0.01875
6,24,0,3,30,22,101,102,1,0.00625
6,25,1,3,28,34,140,144,1,0.00625
6,26,2,3,29,29,147,146,2,0.0125
6,27,3,3,32,37,162,161,1,0.00625
6,28,4,3,33,33,152,153,1,0.00625
6,29,5,3,37,33,154,155,1,0.00625
6,30,6,3,38,30,153,152,1,0.00625
6,31,7,3,25,33,124,124,1,0.00625
6,32,0,4,24,25,99,98,2,0.0125
6,33,1,4,30,30,136,137,0,0.0
6,34,2,4,31,31,147,149,2,0.0125
6,35,3,4,24,31,144,145,0,0.0
6,36,4,4,33,35,143,146,1,0.00625
6,37,5,4,30,33,147,145,3,0.01875
6,38,6,4,30,35,145,146,3,0.01875
6,39,7,4,25,36,120,119,1,0.00625
6,40,0,5,30,24,107,110,1,0.00625
6,41,1,5,32,26,145,142,2,0.0125
6,42,2,5,38,31,164,165,0,0.0
6,43,3,5,27,32,160,160,2,0.0125
6,44,4,5,33,23,145,143,3,0.01875
6,45,5,5,29,35,152,150,1,0.00625
6,46,6,5,36,29,153,154,1,0.00625
6,47,7,5,26,33,126,129,1,0.00625
6,48,0,6,28,34,116,115,1,0.00625
6,49,1,6,30,29,147,145,2,0.0125
6,50,2,6,29,32,158,158,1,0.00625
6,51,3,6,37,40,170,171,2,0.0125
6,52,4,6,35,28,163,160,2,0.0125
6,53,5,6,25,30,150,149,3,0.01875
6,54,6,6,34,32,150,151,1,0.00625
6,55,7,6,35,38,138,138,1,0.00625
6,56,0,7,27,32,83,83,3,0.01875
6,57,1,7,30,24,108,107,1,0.00625
6,58,2,7,32,30,122,121,1,0.00625
6,59,3,7,27,28,117,120,0,0.0
6,60,4,7,28,38,120,120,2,0.0125
6,61,5,7,23,35,112,115,2,0.0125
6,62,6,7,35,23,108,107,2,0.0125
6,63,7,7,27,35,93,91,1,0.00625
7,0,0,0,36,27,88,85,3,0.01875
7,1,1,0,36,31,124,122,2,0.0125
7,2,2,0,33,31,124,125,1,0.00625
7,3,3,0,35,22,116,115,1,0.00625
7,4,4,0,28,31,120,121,2,0.0125
7,5,5,0,24,29,112,110,1,0.00625
7,6,6,0,29,35,121,120,1,0.00625
7,7,7,0,32,33,94,92,4,0.025
7,8,0,1,33,21,117,118,2,0.0125
7,9,1,1,32,31,166,160,3,0.01875
7,10,2,1,28,36,162,163,1,0.00625
7,11,3,1,24,35,139,142,1,0.00625
7,12,4,1,28,36,154,155,0,0.0
7,13,5,1,28,29,149,149,1,0.00625
7,14,6,1,27,27,156,157,2,0.0125
7,15,7,1,36,28,125,126,1,0.00625
7,16,0,2,23,34,123,122,1,0.00625
7,17,1,2,24,34,146,146,2,0.0125
7,18,2,2,26,31,144,149,1,0.00625
7,19,3,2,19,31,132,129,2,0.0125
7,20,4,2,17,26,124,127,1,0.00625
7,21,5,2,29,27,139,139,3,0.01875
7,22,6,2,32,30,165,166,0,0.0
7,23,7,2,30,29,125,125,1,0.00625
7,24,0,3,23,36,129,130,0,0.0
7,25,1,3,35,21,151,151,1,0.00625
7,26,2,3,35,27,163,161,3,0.01875
7,27,3,3,35,30,152,152,1,0.00625
7,28,4,3,28,18,151,149,3,0.01875
7,29,5,3,33,18,148,145,4,0.025
7,30,6,3,37,33,178,177,2,0.0125
7,31,7,3,39,33,141,141,0,0.0
7,32,0,4,39,35,135,136,2,0.0125
7,33,1,4,32,26,158,155,3,0.01875
7,34,2,4,30,35,158,157,0,0.0
7,35,3,4,34,29,142,141,0,0.0
7,36,4,4,33,31,158,154,4,0.025
7,37,5,4,39,26,157,159,0,0.0
7,38,6,4,38,29,178,177,4,0.025
7,39,7,4,30,36,142,142,2,0.0125
7,40,0,5,23,31,117,116,0,0.0
7,41,1,5,22,36,146,148,3,0.01875
7,42,2,5,38,30,154,152,3,0.01875
7,43,3,5,23,28,140,138,2,0.0125
7,44,4,5,26,32,140,140,2,0.0125
7,45,5,5,28,34,145,147,0,0.0
7,46,6,5,34,40,165,165,1,0.00625
7,47,7,5,30,37,134,132,2,0.0125
7,48,0,6,34,26,130,127,2,0.0125
7,49,1,6,30,24,153,154,1,0.00625
7,50,2,6,32,22,150,150,1,0.00625
7,51,3,6,28,34,151,150,2,0.0125
7,52,4,6,23,22,133,134,2,0.0125
7,53,5,6,26,26,136,139,3,0.01875
7,54,6,6,30,26,156,154,1,0.00625
7,55,7,6,33,32,125,126,1,0.00625
7,56,0,7,32,33,101,100,2,0.0125
7,57,1,7,37,33,138,136,2,0.0125
7,58,2,7,21,30,118,118,1,0.00625
7,59,3,7,26,34,111,111,0,0.0
7,60,4,7,23,29,114,115,0,0.0
7,61,5,7,41,25,126,126,0,0.0
7,62,6,7,31,29,135,134,3,0.01875
7,63,7,7,33,30,95,99,0,0.0
8,0,0,0,27,33,95,96,1,0.00625
8,1,1,0,27,32,122,122,2,0.0125
8,2,2,0,28,36,126,125,3,0.01875
8,3,3,0,23,24,113,109,3,0.01875
8,4,4,0,33,28,115,117,1,0.00625
8,5,5,0,25,23,114,111,3,0.01875
8,6,6,0,31,31,118,117,2,0.0125
8,7,7,0,32,35,97,99,1,0.00625
8,8,0,1,27,36,128,127,2,0.0125
8,9,1,1,40,30,157,160,1,0.00625
8,10,2,1,31,27,166,164,2,0.0125
8,11,3,1,34,28,153,150,3,0.01875
8,12,4,1,30,21,141,139,2,0.0125
8,13,5,1,28,31,143,143,1,0.00625
8,14,6,1,26,22,133,133,2,0.0125
8,15,7,1,28,31,118,118,0,0.0
8,16,0,2,31,33,120,121,0,0.0
8,17,1,2,35,27,150,151,2,0.0125
8,18,2,2,32,39,165,162,2,0.0125
8,19,3,2,28,31,141,140,3,0.01875
8,20,4,2,34,31,144,143,0,0.0
8,21,5,2,31,29,139,135,5,0.03125
8,22,6,2,37,25,142,139,3,0.01875
8,23,7,2,23,29,115,118,1,0.00625
8,24,0,3,30,24,117,116,1,0.00625
8,25,1,3,28,30,148,150,1,0.00625
8,26,2,3,35,34,165,165,3,0.01875
8,27,3,3,34,29,160,158,3,0.01875
8,28,4,3,30,30,148,148,2,0.0125
8,29,5,3,33,30,150,154,1,0.00625
8,30,6,3,41,24,162,159,4,0.025
8,31,7,3,31,35,142,139,2,0.0125
8,32,0,4,29,35,124,126,1,0.00625
8,33,1,4,35,27,157,158,2,0.0125
8,34,2,4,34,29,164,162,3,0.01875
8,35,3,4,32,36,158,158,0,0.0
8,36,4,4,37,31,158,157,5,0.03125
8,37,5,4,33,32,159,157,3,0.01875
8,38,6,4,32,35,155,158,2,0.0125
8,39,7,4,31,41,134,133,2,0.0125
8,40,0,5,27,31,117,116,1,0.00625
8,41,1,5,24,34,144,147,1,0.00625
8,42,2,5,25,36,150,151,1,0.00625
8,43,3,5,28,34,144,148,1,0.00625
8,44,4,5,30,30,147,149,2,0.0125
8,45,5,5,29,35,154,153,1,0.00625
8,46,6,5,33,31,149,149,1,0.00625
8,47,7,5,28,33,126,126,1,0.00625
8,48,0,6,28,34,117,120,0,0.0
8,49,1,6,33,28,151,150,2,0.0125
8,50,2,6,24,25,145,144,2,0.0125
8,51,3,6,28,27,137,136,0,0.0
8,52,4,6,34,29,150,149,2,0.0125
8,53,5,6,36,34,159,159,1,0.00625
8,54,6,6,24,27,140,140,1,0.00625
8,55,7,6,28,36,123,124,0,0.0
8,56,0,7,35,31,90,90,3,0.01875
8,57,1,7,28,30,116,119,1,0.00625
8,58,2,7,30,31,121,119,3,0.01875
8,59,3,7,33,21,112,108,3,0.01875
8,60,4,7,34,29,118,116,5,0.03125
8,61,5,7,25,29,113,111,0,0.0
8,62,6,7,29,31,114,117,1,0.00625
8,63,7,7,29,26,86,86,0,0.0
9,0,0,0,36,33,98,96,3,0.01875
9,1,1,0,28,33,121,123,0,0.0
9,2,2,0,31,24,111,112,1,0.00625
9,3,3,0,25,31,112,115,1,0.00625
9,4,4,0,32,27,113,112,1,0.00625
9,5,5,0,27,35,122,126,1,0.00625
9,6,6,0,27,22,104,105,1,0.00625
9,7,7,0,26,25,81,80,2,0.0125
9,8,0,1,28,28,115,116,1,0.00625
9,9,1,1,33,32,156,154,1,0.00625
9,10,2,1,25,30,137,138,1,0.00625
9,11,3,1,28,32,140,142,1,0.00625
9,12,4,1,26,23,134,133,3,0.01875
9,13,5,1,29,33,149,147,1,0.00625
9,14,6,1,29,28,132,132,0,0.0
9,15,7,1,27,28,110,110,1,0.00625
9,16,0,2,24,24,106,106,2,0.0125
9,17,1,2,28,27,134,133,2,0.0125
9,18,2,2,26,35,138,140,1,0.00625
9,19,3,2,38,28,147,149,2,0.0125
9,20,4,2,31,28,154,150,3,0.01875
9,21,5,2,26,30,144,148,1,0.00625
9,22,6,2,27,26,131,129,3,0.01875
9,23,7,2,31,25,115,112,1,0.00625
9,24,0,3,28,20,120,120,1,0.00625
9,25,1,3,30,27,154,153,2,0.0125
9,26,2,3,37,28,155,155,2,0.0125
9,27,3,3,22,30,154,157,2,0.0125
9,28,4,3,27,36,154,156,3,0.01875
9,29,5,3,26,29,151,152,0,0.0
9,30,6,3,23,29,135,138,2,0.0125
9,31,7,3,36,26,111,116,0,0.0
9,32,0,4,33,34,140,137,2,0.0125
9,33,1,4,34,30,160,159,1,0.00625
9,34,2,4,29,29,148,152,2,0.0125
9,35,3,4,30,38,166,165,1,0.00625
9,36,4,4,26,25,141,145,1,0.00625
9,37,5,4,32,23,151,153,3,0.01875
9,38,6,4,24,29,141,142,1,0.00625
9,39,7,4,33,26,111,112,1,0.00625
9,40,0,5,28,33,128,128,2,0.0125
9,41,1,5,31,30,149,149,0,0.0
9,42,2,5,35,33,148,146,2,0.0125
9,43,3,5,28,32,152,152,1,0.00625
9,44,4,5,38,32,148,147,2,0.0125
9,45,5,5,32,30,157,159,0,0.0
9,46,6,5,42,37,165,162,4,0.025
9,47,7,5,31,25,122,124,1,0.00625
9,48,0,6,37,29,128,126,3,0.01875
9,49,1,6,27,28,148,148,2,0.0125
9,50,2,6,33,26,139,138,1,0.00625
9,51,3,6,33,36,155,154,2,0.0125
9,52,4,6,39,26,149,151,1,0.00625
9,53,5,6,34,34,169,169,2,0.0125
9,54,6,6,27,32,147,147,2,0.0125
9,55,7,6,31,37,122,120,1,0.00625
9,56,0,7,29,27,92,93,2,0.0125
9,57,1,7,26,34,127,122,2,0.0125
9,58,2,7,24,28,112,114,1,0.00625
9,59,3,7,22,31,117,119,2,0.0125
9,60,4,7,28,27,117,119,1,0.00625
9,61,5,7,21,40,127,129,2,0.0125
9,62,6,7,26,37,121,119,1,0.00625
9,63,7,7,35,25,86,85,1,0.00625
10,0,0,0,32,27,86,89,1,0.00625
10,1,1,0,27,35,125,125,0,0.0
10,2,2,0,30,27,115,112,4,0.025
10,3,3,0,28,24,109,110,1,0.00625
10,4,4,0,27,27,109,109,2,0.0125
10,5,5,0,28,26,108,105,2,0.0125
10,6,6,0,30,26,111,110,3,0.01875
10,7,7,0,28,28,82,85,0,0.0
10,8,0,1,33,27,124,122,2,0.0125
10,9,1,1,27,35,163,166,1,0.00625
10,10,2,1,25,28,143,145,2,0.0125
10,11,3,1,23,26,135,137,0,0.0
10,12,4,1,32,29,146,146,3,0.01875
10,13,5,1,27,27,146,147,1,0.00625
10,14,6,1,26,26,145,146,0,0.0
10,15,7,1,39,29,123,119,3,0.01875
10,16,0,2,30,35,123,122,1,0.00625
10,17,1,2,30,32,160,163,1,0.00625
10,18,2,2,21,26,135,136,1,0.00625
10,19,3,2,33,24,132,133,1,0.00625
10,20,4,2,35,27,148,153,0,0.0
10,21,5,2,22,28,145,146,1,0.00625
10,22,6,2,28,30,138,141,1,0.00625
10,23,7,2,28,29,110,111,1,0.00625
10,24,0,3,28,35,121,121,1,0.00625
10,25,1,3,31,26,153,150,2,0.0125
10,26,2,3,32,30,151,153,2,0.0125
10,27,3,3,33,17,139,137,2,0.0125
10,28,4,3,27,35,146,149,1,0.00625
10,29,5,3,32,41,156,154,2,0.0125
10,30,6,3,30,22,145,143,3,0.01875
10,31,7,3,29,30,117,114,2,0.0125
10,32,0,4,36,35,125,128,0,0.0
10,33,1,4,25,28,153,153,1,0.00625
10,34,2,4,32,30,145,143,1,0.00625
10,35,3,4,27,33,147,144,3,0.01875
10,36,4,4,26,30,142,143,1,0.00625
10,37,5,4,26,32,140,140,1,0.00625
10,38,6,4,30,32,150,147,2,0.0125
10,39,7,4,32,27,113,113,1,0.00625
10,40,0,5,25,31,107,108,1,0.00625
10,41,1,5,32,35,151,148,2,0.0125
10,42,2,5,33,26,139,142,2,0.0125
10,43,3,5,32,29,145,144,2,0.0125
10,44,4,5,28,28,141,143,2,0.0125
10,45,5,5,30,24,133,130,1,0.00625
10,46,6,5,31,25,138,142,1,0.00625
10,47,7,5,22,29,112,111,1,0.00625
10,48,0,6,31,24,116,117,3,0.01875
10,49,1,6,35,23,154,156,1,0.00625
10,50,2,6,29,33,152,153,3,0.01875
10,51,3,6,27,30,146,146,4,0.025
10,52,4,6,25,34,148,148,2,0.0125
10,53,5,6,34,28,147,146,2,0.0125
10,54,6,6,23,31,151,148,3,0.01875
10,55,7,6,32,37,115,114,0,0.0
10,56,0,7,34,31,92,94,0,0.0
10,57,1,7,26,32,118,122,2,0.0125
10,58,2,7,29,34,118,117,1,0.00625
10,59,3,7,28,28,111,110,1,0.00625
10,60,4,7,27,29,111,111,1,0.00625
10,61,5,7,31,30,115,115,0,0.0
10,62,6,7,27,33,120,122,2,0.0125
10,63,7,7,30,24,80,79,1,0.00625
11,0,0,0,23,37,87,87,1,0.00625
11,1,1,0,35,32,120,117,3,0.01875
11,2,2,0,32,34,125,128,2,0.0125
11,3,3,0,24,27,113,110,2,0.0125
11,4,4,0,29,34,118,118,0,0.0
11,5,5,0,27,35,119,121,0,0.0
11,6,6,0,30,38,127,127,1,0.00625
11,7,7,0,31,31,93,91,0,0.0
11,8,0,1,35,28,132,133,2,0.0125
11,9,1,1,39,23,163,162,0,0.0
11,10,2,1,27,32,166,163,2,0.0125
11,11,3,1,27,32,146,140,4,0.025
11,12,4,1,24,25,145,148,1,0.00625
11,13,5,1,36,27,161,158,2,0.0125
11,14,6,1,35,30,172,173,0,0.0
11,15,7,1,31,31,127,131,1,0.00625
11,16,0,2,30,35,136,137,1,0.00625
11,17,1,2,23,35,152,152,0,0.0
11,18,2,2,35,41,164,165,0,0.0
11,19,3,2,30,25,153,150,3,0.01875
11,20,4,2,27,24,152,151,1,0.00625
11,21,5,2,31,25,152,149,3,0.01875
11,22,6,2,22,35,159,158,2,0.0125
11,23,7,2,32,33,122,122,2,0.0125
11,24,0,3,33,33,129,129,2,0.0125
11,25,1,3,29,31,152,155,2,0.0125
11,26,2,3,29,24,141,141,1,0.00625
11,27,3,3,28,35,145,147,1,0.00625
11,28,4,3,36,27,154,153,1,0.00625
11,29,5,3,25,25,146,145,0,0.0
11,30,6,3,31,29,145,149,0,0.0
11,31,7,3,25,26,113,111,3,0.01875
11,32,0,4,36,24,129,126,3,0.01875
11,33,1,4,27,32,158,158,2,0.0125
11,34,2,4,25,30,140,141,1,0.00625
11,35,3,4,28,31,138,141,2,0.0125
11,36,4,4,33,32,159,155,4,0.025
11,37,5,4,29,35,160,161,0,0.0
11,38,6,4,26,25,148,150,2,0.0125
11,39,7,4,27,34,122,123,2,0.0125
11,40,0,5,27,31,120,119,2,0.0125
11,41,1,5,30,37,155,157,1,0.00625
11,42,2,5,24,24,145,144,3,0.01875
11,43,3,5,38,24,143,143,2,0.0125
11,44,4,5,28,29,159,160,0,0.0
11,45,5,5,32,34,163,165,2,0.0125
11,46,6,5,24,28,154,153,2,0.0125
11,47,7,5,31,28,114,116,0,0.0
11,48,0,6,37,27,136,134,3,0.01875
11,49,1,6,28,23,158,158,1,0.00625
11,50,2,6,26,31,154,157,0,0.0
11,51,3,6,27,27,145,146,2,0.0125
11,52,4,6,28,36,159,160,1,0.00625
11,53,5,6,31,34,162,165,1,0.00625
11,54,6,6,29,29,163,164,2,0.0125
11,55,7,6,32,24,118,118,1,0.00625
11,56,0,7,34,33,105,106,0,0.0
11,57,1,7,33,36,144,143,1,0.00625
11,58,2,7,29,28,127,128,1,0.00625
11,59,3,7,36,32,130,133,0,0.0
11,60,4,7,34,30,137,137,1,0.00625
11,61,5,7,42,28,142,141,3,0.01875
11,62,6,7,33,33,142,140,3,0.01875
11,63,7,7,36,27,97,97,2,0.0125
12,0,0,0,27,34,94,95,0,0.0
12,1,1,0,26,36,124,126,0,0.0
12,2,2,0,33,31,129,129,2,0.0125
12,3,3,0,33,41,141,143,2,0.0125
12,4,4,0,26,22,115,116,1,0.00625
12,5,5,0,26,34,123,125,0,0.0
12,6,6,0,29,32,124,122,3,0.01875
12,7,7,0,37,27,92,91,2,0.0125
12,8,0,1,26,35,122,122,2,0.0125
12,9,1,1,24,29,144,144,1,0.00625
12,10,2,1,28,28,140,139,6,0.0375
12,11,3,1,32,35,162,165,3,0.01875
12,12,4,1,36,32,149,148,1,0.00625
12,13,5,1,30,32,155,157,4,0.025
12,14,6,1,31,25,147,144,1,0.00625
12,15,7,1,29,28,113,115,0,0.0
12,16,0,2,28,26,116,116,2,0.0125
12,17,1,2,28,29,155,155,1,0.00625
12,18,2,2,31,22,148,147,0,0.0
12,19,3,2,26,26,155,158,1,0.00625
12,20,4,2,27,32,141,140,2,0.0125
12,21,5,2,33,37,162,162,1,0.00625
12,22,6,2,23,28,149,149,2,0.0125
12,23,7,2,35,34,115,117,0,0.0
12,24,0,3,26,30,116,117,0,0.0
12,25,1,3,23,31,147,147,1,0.00625
12,26,2,3,25,29,141,139,2,0.0125
12,27,3,3,32,30,159,157,3,0.01875
12,28,4,3,31,31,147,146,1,0.00625
12,29,5,3,24,28,148,150,0,0.0
12,30,6,3,32,32,154,153,1,0.00625
12,31,7,3,36,21,111,114,0,0.0
12,32,0,4,30,28,117,118,2,0.0125
12,33,1,4,31,27,153,154,2,0.0125
12,34,2,4,30,24,151,152,0,0.0
12,35,3,4,31,25,156,156,1,0.00625
12,36,4,4,29,32,144,148,0,0.0
12,37,5,4,35,28,158,158,2,0.0125
12,38,6,4,34,24,154,153,3,0.01875
12,39,7,4,32,28,115,115,2,0.0125
12,40,0,5,29,28,117,117,2,0.0125
12,41,1,5,27,27,148,148,1,0.00625
12,42,2,5,33,31,151,150,3,0.01875
12,43,3,5,36,33,163,164,0,0.0
12,44,4,5,31,30,143,142,2,0.0125
12,45,5,5,26,32,146,146,2,0.0125
12,46,6,5,34,34,151,149,2,0.0125
12,47,7,5,27,32,115,115,0,0.0
12,48,0,6,26,26,113,115,1,0.00625
12,49,1,6,35,32,164,160,3,0.01875
12,50,2,6,32,27,158,155,0,0.0
12,51,3,6,33,33,162,162,1,0.00625
12,52,4,6,36,36,159,158,1,0.00625
12,53,5,6,34,27,156,154,2,0.0125
12,54,6,6,28,30,147,149,1,0.00625
12,55,7,6,29,33,116,117,1,0.00625
12,56,0,7,41,35,103,101,1,0.00625
12,57,1,7,34,29,127,129,1,0.00625
12,58,2,7,33,34,131,131,2,0.0125
12,59,3,7,24,30,118,117,1,0.00625
12,60,4,7,33,31,116,116,1,0.00625
12,61,5,7,27,34,122,121,2,0.0125
12,62,6,7,23,31,111,111,1,0.00625
12,63,7,7,30,32,83,84,1,0.00625
13,0,0,0,33,26,103,103,0,0.0
13,1,1,0,24,37,133,133,1,0.00625
13,2,2,0,29,33,123,122,1,0.00625
13,3,3,0,34,28,130,132,1,0.00625
13,4,4,0,37,37,147,146,0,0.0
13,5,5,0,28,30,132,133,0,0.0
13,6,6,0,29,29,125,127,3,0.01875
13,7,7,0,39,27,93,96,0,0.0
13,8,0,1,28,43,121,123,0,0.0
13,9,1,1,31,32,149,151,0,0.0
13,10,2,1,30,20,137,140,2,0.0125
13,11,3,1,34,29,143,142,3,0.01875
13,12,4,1,28,32,151,152,1,0.00625
13,13,5,1,42,34,155,155,2,0.0125
13,14,6,1,32,28,149,150,2,0.0125
13,15,7,1,21,30,108,104,0,0.0
13,16,0,2,22,25,115,113,3,0.01875
13,17,1,2,27,27,149,149,1,0.00625
13,18,2,2,29,32,159,157,1,0.00625
13,19,3,2,18,30,142,142,2,0.0125
13,20,4,2,21,36,148,151,0,0.0
13,21,5,2,29,28,150,151,3,0.01875
13,22,6,2,37,41,176,175,4,0.025
13,23,7,2,42,28,131,129,3,0.01875
13,24,0,3,36,38,135,130,3,0.01875
13,25,1,3,30,21,150,147,2,0.0125
13,26,2,3,36,27,155,156,3,0.01875
13,27,3,3,35,30,159,161,1,0.00625
13,28,4,3,39,17,160,160,1,0.00625
13,29,5,3,36,23,160,156,3,0.01875
13,30,6,3,28,32,153,155,0,0.0
13,31,7,3,28,34,121,120,1,0.00625
13,32,0,4,27,31,112,113,1,0.00625
13,33,1,4,32,31,157,154,2,0.0125
13,34,2,4,27,29,147,145,1,0.00625
13,35,3,4,37,32,149,145,4,0.025
13,36,4,4,28,34,158,155,2,0.0125
13,37,5,4,30,38,153,153,0,0.0
13,38,6,4,26,34,143,144,1,0.00625
13,39,7,4,24,33,110,111,0,0.0
13,40,0,5,26,26,106,105,1,0.00625
13,41,1,5,24,31,139,141,0,0.0
13,42,2,5,24,34,144,144,1,0.00625
13,43,3,5,36,27,145,145,0,0.0
13,44,4,5,27,33,163,161,2,0.0125
13,45,5,5,29,25,138,136,1,0.00625
13,46,6,5,28,31,143,146,0,0.0
13,47,7,5,26,27,110,108,2,0.0125
13,48,0,6,28,28,115,116,0,0.0
13,49,1,6,32,26,148,149,2,0.0125
13,50,2,6,29,25,150,149,3,0.01875
13,51,3,6,34,26,145,146,0,0.0
13,52,4,6,30,37,167,165,1,0.00625
13,53,5,6,35,23,156,155,2,0.0125
13,54,6,6,36,28,159,159,1,0.00625
13,55,7,6,30,28,118,120,0,0.0
13,56,0,7,29,29,89,89,1,0.00625
13,57,1,7,36,30,131,128,3,0.01875
13,58,2,7,32,34,131,130,2,0.0125
13,59,3,7,36,26,126,123,4,0.025
13,60,4,7,33,36,138,140,1,0.00625
13,61,5,7,30,32,127,130,0,0.0
13,62,6,7,29,38,126,126,3,0.01875
13,63,7,7,27,33,91,90,1,0.00625
14,0,0,0,26,31,81,81,1,0.00625
14,1,1,0,34,29,116,113,3,0.01875
14,2,2,0,30,36,124,126,0,0.0
14,3,3,0,30,29,116,115,1,0.00625
14,4,4,0,27,29,112,112,1,0.00625
14,5,5,0,32,33,122,121,1,0.00625
14,6,6,0,31,28,119,121,1,0.00625
14,7,7,0,26,30,90,90,0,0.0
14,8,0,1,32,26,112,112,1,0.00625
14,9,1,1,37,24,146,146,1,0.00625
14,10,2,1,26,33,158,156,3,0.01875
14,11,3,1,24,30,137,140,1,0.00625
14,12,4,1,33,34,146,147,0,0.0
14,13,5,1,31,27,152,152,2,0.0125
14,14,6,1,23,33,144,143,2,0.0125
14,15,7,1,28,33,115,117,1,0.00625
14,16,0,2,29,28,114,114,2,0.0125
14,17,1,2,31,32,149,148,1,0.00625
14,18,2,2,30,33,162,163,2,0.0125
14,19,3,2,23,29,143,143,0,0.0
14,20,4,2,23,25,130,126,2,0.0125
14,21,5,2,27,32,142,141,3,0.01875
14,22,6,2,38,34,154,157,1,0.00625
14,23,7,2,28,27,124,123,3,0.01875
14,24,0,3,35,32,128,129,3,0.01875
14,25,1,3,29,26,152,155,1,0.00625
14,26,2,3,25,33,157,158,2,0.0125
14,27,3,3,31,33,149,150,0,0.0
14,28,4,3,25,23,144,142,2,0.0125
14,29,5,3,26,18,139,139,2,0.0125
14,30,6,3,30,27,144,143,0,0.0
14,31,7,3,34,39,129,127,3,0.01875
14,32,0,4,33,34,127,124,3,0.01875
14,33,1,4,27,37,151,154,1,0.00625
14,34,2,4,26,33,153,154,0,0.0
14,35,3,4,29,27,144,148,1,0.00625
14,36,4,4,35,33,158,160,3,0.01875
14,37,5,4,28,28,149,151,0,0.0
14,38,6,4,35,28,144,143,3,0.01875
14,39,7,4,26,25,117,117,0,0.0
14,40,0,5,31,29,121,122,2,0.0125
14,41,1,5,34,32,158,154,4,0.025
14,42,2,5,39,27,162,164,2,0.0125
14,43,3,5,28,25,148,148,1,0.00625
14,44,4,5,33,34,147,148,1,0.00625
14,45,5,5,34,33,158,158,2,0.0125
14,46,6,5,30,28,141,140,1,0.00625
14,47,7,5,25,33,118,118,2,0.0125
14,48,0,6,31,29,114,115,1,0.00625
14,49,1,6,32,33,148,152,0,0.0
14,50,2,6,43,35,174,176,1,0.00625
14,51,3,6,36,37,172,173,1,0.00625
14,52,4,6,27,27,144,145,2,0.0125
14,53,5,6,20,33,138,141,0,0.0
14,54,6,6,30,33,137,136,3,0.01875
14,55,7,6,27,28,117,117,0,0.0
14,56,0,7,30,25,87,85,2,0.0125
14,57,1,7,31,27,119,120,1,0.00625
14,58,2,7,28,32,124,126,0,0.0
14,59,3,7,25,43,130,131,2,0.0125
14,60,4,7,33,34,124,122,1,0.00625
14,61,5,7,24,28,117,116,0,0.0
14,62,6,7,30,22,109,111,1,0.00625
14,63,7,7,33,31,94,93,2,0.0125
15,0,0,0,24,32,91,90,0,0.0
15,1,1,0,23,32,116,119,0,0.0
15,2,2,0,30,27,120,119,1,0.00625
15,3,3,0,31,32,131,129,1,0.00625
15,4,4,0,44,30,140,139,2,0.0125
15,5,5,0,28,39,143,143,1,0.00625
15,6,6,0,27,27,118,116,2,0.0125
15,7,7,0,37,23,88,87,1,0.00625
15,8,0,1,24,34,123,121,1,0.00625
15,9,1,1,26,26,142,140,1,0.00625
15,10,2,1,28,28,141,144,1,0.00625
15,11,3,1,30,31,152,151,1,0.00625
15,12,4,1,30,27,146,144,2,0.0125
15,13,5,1,33,39,175,176,2,0.0125
15,14,6,1,29,28,147,150,0,0.0
15,15,7,1,28,27,110,111,1,0.00625
15,16,0,2,27,30,120,121,3,0.01875
15,17,1,2,23,25,140,140,2,0.0125
15,18,2,2,31,30,140,139,1,0.00625
15,19,3,2,28,30,150,152,0,0.0
15,20,4,2,30,25,143,145,2,0.0125
15,21,5,2,33,32,164,167,1,0.00625
15,22,6,2,22,34,144,145,1,0.00625
15,23,7,2,23,29,101,102,1,0.00625
15,24,0,3,28,32,117,122,0,0.0
15,25,1,3,28,27,143,142,1,0.00625
15,26,2,3,30,19,127,126,2,0.0125
15,27,3,3,34,30,155,153,1,0.00625
15,28,4,3,32,25,144,146,3,0.01875
15,29,5,3,28,33,153,155,1,0.00625
15,30,6,3,23,36,142,139,2,0.0125
15,31,7,3,27,26,99,104,0,0.0
15,32,0,4,32,29,110,114,0,0.0
15,33,1,4,38,33,158,160,0,0.0
15,34,2,4,26,23,137,136,2,0.0125
15,35,3,4,27,29,136,134,1,0.00625
15,36,4,4,32,32,142,139,4,0.025
15,37,5,4,30,31,152,147,4,0.025
15,38,6,4,33,24,137,139,2,0.0125
15,39,7,4,24,29,106,106,0,0.0
15,40,0,5,31,25,108,109,1,0.00625
15,41,1,5,29,33,152,153,0,0.0
15,42,2,5,28,38,149,147,4,0.025
15,43,3,5,36,25,151,146,4,0.025
15,44,4,5,31,24,150,153,0,0.0
15,45,5,5,30,30,159,160,2,0.0125
15,46,6,5,24,26,144,141,3,0.01875
15,47,7,5,33,32,110,111,1,0.00625
15,48,0,6,39,26,124,124,1,0.00625
15,49,1,6,30,32,167,164,3,0.01875
15,50,2,6,33,27,151,148,2,0.0125
15,51,3,6,36,26,162,162,2,0.0125
15,52,4,6,40,36,177,175,5,0.03125
15,53,5,6,28,33,170,165,2,0.0125
15,54,6,6,33,30,152,152,4,0.025
15,55,7,6,37,26,113,111,1,0.00625
15,56,0,7,31,30,88,90,1,0.00625
15,57,1,7,31,39,124,125,1,0.00625
15,58,2,7,37,31,122,121,1,0.00625
15,59,3,7,32,34,123,123,1,0.00625
15,60,4,7,36,33,123,123,3,0.01875
15,61,5,7,29,36,123,122,2,0.0125
15,62,6,7,19,24,94,95,1,0.00625
15,63,7,7,24,29,71,72,1,0.00625
16,0,0,0,30,20,82,80,3,0.01875
16,1,1,0,29,30,118,118,2,0.0125
16,2,2,0,25,35,118,119,0,0.0
16,3,3,0,35,36,126,126,4,0.025
16,4,4,0,34,30,129,128,4,0.025
16,5,5,0,26,30,122,120,2,0.0125
16,6,6,0,38,31,120,120,3,0.01875
16,7,7,0,30,22,86,85,2,0.0125
16,8,0,1,35,29,117,117,3,0.01875
16,9,1,1,27,28,148,147,2,0.0125
16,10,2,1,30,30,146,146,0,0.0
16,11,3,1,38,25,161,159,2,0.0125
16,12,4,1,32,36,172,172,2,0.0125
16,13,5,1,33,36,160,160,3,0.01875
16,14,6,1,29,23,147,145,1,0.00625
16,15,7,1,33,33,118,115,2,0.0125
16,16,0,2,34,29,112,113,1,0.00625
16,17,1,2,29,31,154,150,2,0.0125
16,18,2,2,32,27,148,148,2,0.0125
16,19,3,2,35,28,158,153,2,0.0125
16,20,4,2,22,42,158,159,0,0.0
16,21,5,2,39,29,151,150,3,0.01875
16,22,6,2,26,33,153,154,0,0.0
16,23,7,2,30,27,102,104,0,0.0
16,24,0,3,35,28,111,109,0,0.0
16,25,1,3,28,33,155,151,5,0.03125
16,26,2,3,27,29,145,147,1,0.00625
16,27,3,3,31,30,150,151,0,0.0
16,28,4,3,31,34,157,154,5,0.03125
16,29,5,3,24,22,137,135,2,0.0125
16,30,6,3,34,34,146,149,0,0.0
16,31,7,3,26,26,107,106,1,0.00625
16,32,0,4,31,23,107,104,2,0.0125
16,33,1,4,31,30,153,151,2,0.0125
16,34,2,4,31,26,143,144,1,0.00625
16,35,3,4,29,31,146,149,0,0.0
16,36,4,4,31,30,150,151,3,0.01875
16,37,5,4,20,28,142,143,1,0.00625
16,38,6,4,25,28,131,131,0,0.0
16,39,7,4,27,29,106,106,1,0.00625
16,40,0,5,30,27,106,107,1,0.00625
16,41,1,5,30,29,147,146,2,0.0125
16,42,2,5,36,30,154,157,2,0.0125
16,43,3,5,36,32,165,170,0,0.0
16,44,4,5,24,32,154,150,2,0.0125
16,45,5,5,26,33,146,147,0,0.0
16,46,6,5,32,25,137,138,3,0.01875
16,47,7,5,25,28,108,108,0,0.0
16,48,0,6,24,30,111,108,2,0.0125
16,49,1,6,26,26,141,142,1,0.00625
16,50,2,6,27,30,140,143,1,0.00625
16,51,3,6,28,39,158,158,0,0.0
16,52,4,6,25,37,152,153,2,0.0125
16,53,5,6,31,27,149,154,0,0.0
16,54,6,6,33,28,154,155,1,0.00625
16,55,7,6,29,32,120,119,1,0.00625
16,56,0,7,30,34,88,87,2,0.0125
16,57,1,7,26,26,109,109,1,0.00625
16,58,2,7,26,27,103,103,1,0.00625
16,59,3,7,32,27,111,112,1,0.00625
16,60,4,7,35,31,123,125,1,0.00625
16,61,5,7,32,28,119,117,4,0.025
16,62,6,7,23,37,115,114,0,0.0
16,63,7,7,24,38,86,87,1,0.00625
17,0,0,0,29,32,97,99,2,0.0125
17,1,1,0,39,27,130,129,2,0.0125
17,2,2,0,36,23,131,130,1,0.00625
17,3,3,0,32,20,124,123,2,0.0125
17,4,4,0,31,28,126,130,1,0.00625
17,5,5,0,23,38,125,126,1,0.00625
17,6,6,0,28,29,118,120,1,0.00625
17,7,7,0,32,21,83,84,1,0.00625
17,8,0,1,26,38,125,124,3,0.01875
17,9,1,1,31,30,147,146,3,0.01875
17,10,2,1,23,35,145,145,1,0.00625
17,11,3,1,34,35,144,142,5,0.03125
17,12,4,1,30,36,155,153,3,0.01875
17,13,5,1,25,30,149,149,2,0.0125
17,14,6,1,35,27,149,150,1,0.00625
17,15,7,1,34,34,119,119,3,0.01875
17,16,0,2,30,30,114,115,1,0.00625
17,17,1,2,22,27,126,129,1,0.00625
17,18,2,2,32,28,130,131,2,0.0125
17,19,3,2,34,25,135,137,1,0.00625
17,20,4,2,23,32,142,139,2,0.0125
17,21,5,2,34,28,144,143,2,0.0125
17,22,6,2,41,26,160,156,2,0.0125
17,23,7,2,24,34,121,120,2,0.0125
17,24,0,3,34,23,122,120,3,0.01875
17,25,1,3,36,30,153,156,3,0.01875
17,26,2,3,31,23,142,140,3,0.01875
17,27,3,3,34,32,146,145,2,0.0125
17,28,4,3,38,34,162,164,1,0.00625
17,29,5,3,29,23,152,156,1,0.00625
17,30,6,3,32,35,161,157,2,0.0125
17,31,7,3,30,37,123,120,1,0.00625
17,32,0,4,30,33,125,127,1,0.00625
17,33,1,4,28,33,143,141,3,0.01875
17,34,2,4,26,36,150,149,3,0.01875
17,35,3,4,37,28,146,146,0,0.0
17,36,4,4,34,35,166,166,3,0.01875
17,37,5,4,23,39,158,160,1,0.00625
17,38,6,4,25,28,139,138,2,0.0125
17,39,7,4,34,35,113,111,3,0.01875
17,40,0,5,32,27,130,126,2,0.0125
17,41,1,5,28,31,145,149,0,0.0
17,42,2,5,33,30,150,149,1,0.00625
17,43,3,5,37,26,148,146,2,0.0125
17,44,4,5,36,35,167,165,4,0.025
17,45,5,5,29,36,160,159,2,0.0125
17,46,6,5,33,21,147,146,3,0.01875
17,47,7,5,31,23,109,109,0,0.0
17,48,0,6,33,30,121,122,1,0.00625
17,49,1,6,29,33,140,138,3,0.01875
17,50,2,6,30,27,134,133,1,0.00625
17,51,3,6,28,31,133,131,1,0.00625
17,52,4,6,30,33,143,143,2,0.0125
17,53,5,6,27,33,142,139,2,0.0125
17,54,6,6,28,26,134,134,2,0.0125
17,55,7,6,22,33,107,105,4,0.025
17,56,0,7,26,23,84,85,1,0.00625
17,57,1,7,27,32,121,119,3,0.01875
17,58,2,7,25,25,115,114,2,0.0125
17,59,3,7,32,29,121,121,1,0.00625
17,60,4,7,33,30,131,127,3,0.01875
17,61,5,7,28,30,127,132,0,0.0
17,62,6,7,19,24,113,113,1,0.00625
17,63,7,7,38,29,84,84,1,0.00625
18,0,0,0,31,33,96,94,2,0.0125
18,1,1,0,28,30,120,119,1,0.00625
18,2,2,0,32,26,120,119,1,0.00625
18,3,3,0,28,33,125,127,3,0.01875
18,4,4,0,30,39,134,132,2,0.0125
18,5,5,0,33,28,129,126,3,0.01875
18,6,6,0,28,28,119,120,0,0.0
18,7,7,0,37,25,91,88,3,0.01875
18,8,0,1,17,31,117,119,2,0.0125
18,9,1,1,36,29,146,147,2,0.0125
18,10,2,1,28,27,152,150,2,0.0125
18,11,3,1,17,30,144,148,1,0.00625
18,12,4,1,33,24,153,155,1,0.00625
18,13,5,1,27,34,160,161,2,0.0125
18,14,6,1,28,30,142,143,1,0.00625
18,15,7,1,31,27,112,112,2,0.0125
18,16,0,2,32,34,131,129,2,0.0125
18,17,1,2,28,20,138,140,0,0.0
18,18,2,2,33,39,156,153,3,0.01875
18,19,3,2,27,27,152,151,2,0.0125
18,20,4,2,41,20,152,153,1,0.00625
18,21,5,2,39,37,170,172,1,0.00625
18,22,6,2,38,25,159,157,4,0.025
18,23,7,2,31,27,123,124,1,0.00625
18,24,0,3,27,28,108,110,1,0.00625
18,25,1,3,30,32,142,144,1,0.00625
18,26,2,3,28,28,137,138,1,0.00625
18,27,3,3,27,33,143,140,3,0.01875
18,28,4,3,29,28,143,143,2,0.0125
18,29,5,3,26,37,150,147,2,0.0125
18,30,6,3,39,39,151,152,2,0.0125
18,31,7,3,21,40,124,126,2,0.0125
18,32,0,4,29,19,109,107,1,0.00625
18,33,1,4,36,29,153,156,1,0.00625
18,34,2,4,32,33,154,151,5,0.03125
18,35,3,4,27,27,149,148,1,0.00625
18,36,4,4,32,25,143,146,1,0.00625
18,37,5,4,24,32,145,144,3,0.01875
18,38,6,4,30,26,131,130,1,0.00625
18,39,7,4,26,35,122,122,1,0.00625
18,40,0,5,32,28,119,121,0,0.0
18,41,1,5,29,31,153,152,1,0.00625
18,42,2,5,36,36,158,154,4,0.025
18,43,3,5,29,32,164,166,0,0.0
18,44,4,5,28,28,155,157,4,0.025
18,45,5,5,26,31,150,149,2,0.0125
18,46,6,5,36,22,140,142,0,0.0
18,47,7,5,30,32,127,127,2,0.0125
18,48,0,6,31,29,128,125,4,0.025
18,49,1,6,28,32,156,158,2,0.0125
18,50,2,6,31,31,155,154,1,0.00625
18,51,3,6,27,39,170,171,1,0.00625
18,52,4,6,24,34,158,160,1,0.00625
18,53,5,6,33,30,155,159,0,0.0
18,54,6,6,25,29,147,148,2,0.0125
18,55,7,6,35,34,122,125,1,0.00625
18,56,0,7,29,34,94,93,1,0.00625
18,57,1,7,31,29,119,117,3,0.01875
18,58,2,7,36,33,126,127,1,0.00625
18,59,3,7,32,32,133,132,2,0.0125
18,60,4,7,34,28,124,127,2,0.0125
18,61,5,7,27,25,115,113,1,0.00625
18,62,6,7,30,31,118,116,3,0.01875
18,63,7,7,28,25,86,85,1,0.00625
19,0,0,0,32,26,93,96,0,0.0
19,1,1,0,28,23,119,121,1,0.00625
19,2,2,0,29,32,127,130,0,0.0
19,3,3,0,26,37,128,130,0,0.0
19,4,4,0,26,25,113,113,2,0.0125
19,5,5,0,27,27,113,117,1,0.00625
19,6,6,0,27,28,119,118,1,0.00625
19,7,7,0,34,24,85,87,0,0.0
19,8,0,1,37,36,128,129,0,0.0
19,9,1,1,28,34,150,153,1,0.00625
19,10,2,1,24,32,149,151,0,0.0
19,11,3,1,35,33,156,155,2,0.0125
19,12,4,1,32,29,150,150,2,0.0125
19,13,5,1,30,25,145,143,3,0.01875
19,14,6,1,28,27,148,143,3,0.01875
19,15,7,1,32,29,112,115,0,0.0
19,16,0,2,26,34,113,114,1,0.00625
19,17,1,2,23,35,136,135,1,0.00625
19,18,2,2,29,29,140,143,0,0.0
19,19,3,2,36,27,152,152,2,0.0125
19,20,4,2,29,32,150,149,2,0.0125
19,21,5,2,31,32,151,148,2,0.0125
19,22,6,2,35,28,152,153,4,0.025
19,23,7,2,28,29,113,110,2,0.0125
19,24,0,3,24,27,116,118,0,0.0
19,25,1,3,34,31,151,149,1,0.00625
19,26,2,3,27,25,156,157,0,0.0
19,27,3,3,27,31,163,164,2,0.0125
19,28,4,3,30,35,156,158,1,0.00625
19,29,5,3,25,34,151,154,1,0.00625
19,30,6,3,38,32,167,166,4,0.025
19,31,7,3,44,33,135,134,3,0.01875
19,32,0,4,26,39,123,125,1,0.00625
19,33,1,4,23,27,128,124,3,0.01875
19,34,2,4,30,34,148,151,2,0.0125
19,35,3,4,29,29,151,149,2,0.0125
19,36,4,4,39,30,153,150,4,0.025
19,37,5,4,33,29,155,155,2,0.0125
19,38,6,4,38,27,157,161,0,0.0
19,39,7,4,27,38,120,123,0,0.0
19,40,0,5,29,32,116,117,1,0.00625
19,41,1,5,31,23,133,132,0,0.0
19,42,2,5,36,23,145,150,1,0.00625
19,43,3,5,24,27,151,150,1,0.00625
19,44,4,5,40,28,141,143,1,0.00625
19,45,5,5,23,36,153,151,4,0.025
19,46,6,5,32,37,151,154,0,0.0
19,47,7,5,31,38,117,119,0,0.0
19,48,0,6,34,29,116,120,1,0.00625
19,49,1,6,23,30,140,141,2,0.0125
19,50,2,6,36,31,149,152,1,0.00625
19,51,3,6,35,34,165,166,1,0.00625
19,52,4,6,39,24,146,146,1,0.00625
19,53,5,6,26,39,156,154,1,0.00625
19,54,6,6,26,23,140,137,2,0.0125
19,55,7,6,32,31,109,108,0,0.0
19,56,0,7,25,31,79,79,2,0.0125
19,57,1,7,24,36,108,110,2,0.0125
19,58,2,7,33,25,109,109,0,0.0
19,59,3,7,22,35,112,114,0,0.0
19,60,4,7,17,30,95,96,1,0.00625
19,61,5,7,31,37,113,111,3,0.01875
19,62,6,7,23,28,103,103,4,0.025
19,63,7,7,25,24,70,70,1,0.00625
20,0,0,0,36,33,95,93,1,0.00625
20,1,1,0,27,28,119,117,2,0.0125
20,2,2,0,25,24,99,98,1,0.00625
20,3,3,0,23,26,98,98,1,0.00625
20,4,4,0,30,24,98,99,2,0.0125
20,5,5,0,33,23,109,107,2,0.0125
20,6,6,0,23,32,110,110,1,0.00625
20,7,7,0,23,30,78,77,1,0.00625
20,8,0,1,32,25,126,125,2,0.0125
20,9,1,1,32,37,165,164,2,0.0125
20,10,2,1,35,25,148,147,0,0.0
20,11,3,1,30,25,150,151,1,0.00625
20,12,4,1,33,22,142,141,2,0.0125
20,13,5,1,24,30,144,145,1,0.00625
20,14,6,1,26,33,150,154,2,0.0125
20,15,7,1,33,19,114,111,2,0.0125
20,16,0,2,26,33,121,120,2,0.0125
20,17,1,2,26,32,144,140,4,0.025
20,18,2,2,31,30,139,137,3,0.01875
20,19,3,2,24,30,141,143,2,0.0125
20,20,4,2,20,31,126,126,3,0.01875
20,21,5,2,35,33,140,140,2,0.0125
20,22,6,2,34,29,155,157,2,0.0125
20,23,7,2,29,29,123,125,1,0.00625
20,24,0,3,33,29,134,133,1,0.00625
20,25,1,3,28,24,155,156,3,0.01875
20,26,2,3,38,24,153,151,1,0.00625
20,27,3,3,34,31,165,165,2,0.0125
20,28,4,3,28,23,149,148,2,0.0125
20,29,5,3,27,18,136,135,1,0.00625
20,30,6,3,34,35,160,158,4,0.025
20,31,7,3,32,36,135,136,1,0.00625
20,32,0,4,15,39,110,109,0,0.0
20,33,1,4,30,31,128,133,0,0.0
20,34,2,4,30,32,136,137,3,0.01875
20,35,3,4,30,36,146,149,1,0.00625
20,36,4,4,25,32,145,146,2,0.0125
20,37,5,4,28,30,140,141,1,0.00625
20,38,6,4,32,25,142,140,0,0.0
20,39,7,4,27,32,125,124,1,0.00625
20,40,0,5,28,23,124,124,2,0.0125
20,41,1,5,29,17,141,141,2,0.0125
20,42,2,5,39,29,159,155,4,0.025
20,43,3,5,28,31,156,156,2,0.0125
20,44,4,5,27,31,156,156,1,0.00625
20,45,5,5,23,32,144,146,2,0.0125
20,46,6,5,28,27,146,140,3,0.01875
20,47,7,5,37,33,128,128,0,0.0
20,48,0,6,30,35,131,128,3,0.01875
20,49,1,6,28,28,144,144,0,0.0
20,50,2,6,30,28,136,135,1,0.00625
20,51,3,6,35,36,154,151,2,0.0125
20,52,4,6,27,30,149,149,1,0.00625
20,53,5,6,28,27,137,136,0,0.0
20,54,6,6,34,25,137,139,1,0.00625
20,55,7,6,24,27,114,114,1,0.00625
20,56,0,7,27,26,92,94,0,0.0
20,57,1,7,25,29,121,121,3,0.01875
20,58,2,7,23,24,114,113,1,0.00625
20,59,3,7,30,30,122,121,1,0.00625
20,60,4,7,29,34,133,131,3,0.01875
20,61,5,7,26,27,122,123,2,0.0125
20,62,6,7,29,26,122,126,0,0.0
20,63,7,7,40,33,103,102,2,0.0125
21,0,0,0,32,32,96,98,1,0.00625
21,1,1,0,33,25,122,122,2,0.0125
21,2,2,0,27,28,120,119,2,0.0125
21,3,3,0,32,22,114,112,0,0.0
21,4,4,0,33,31,127,126,2,0.0125
21,5,5,0,34,33,131,131,2,0.0125
21,6,6,0,26,30,125,126,1,0.00625
21,7,7,0,31,23,78,79,2,0.0125
21,8,0,1,31,33,124,122,2,0.0125
21,9,1,1,36,30,153,154,1,0.00625
21,10,2,1,36,32,163,163,2,0.0125
21,11,3,1,35,27,149,146,4,0.025
21,12,4,1,35,32,159,157,3,0.01875
21,13,5,1,26,29,149,149,0,0.0
21,14,6,1,25,34,145,142,3,0.01875
21,15,7,1,28,27,99,101,1,0.00625
21,16,0,2,37,29,129,130,1,0.00625
21,17,1,2,31,33,160,163,1,0.00625
21,18,2,2,33,35,160,160,2,0.0125
21,19,3,2,38,37,162,162,2,0.0125
21,20,4,2,25,34,163,163,2,0.0125
21,21,5,2,34,31,152,154,2,0.0125
21,22,6,2,30,25,151,149,3,0.01875
21,23,7,2,30,24,106,107,0,0.0
21,24,0,3,25,31,118,116,1,0.00625
21,25,1,3,39,37,158,155,4,0.025
21,26,2,3,30,29,157,155,2,0.0125
21,27,3,3,33,29,146,148,0,0.0
21,28,4,3,22,41,157,158,1,0.00625
21,29,5,3,36,22,143,140,3,0.01875
21,30,6,3,36,32,166,169,2,0.0125
21,31,7,3,33,28,121,119,2,0.0125
21,32,0,4,29,30,123,125,1,0.00625
21,33,1,4,29,24,150,146,2,0.0125
21,34,2,4,29,32,159,159,1,0.00625
21,35,3,4,33,33,157,157,0,0.0
21,36,4,4,29,34,161,161,2,0.0125
21,37,5,4,26,24,140,141,1,0.00625
21,38,6,4,32,32,159,160,1,0.00625
21,39,7,4,35,40,129,129,0,0.0
21,40,0,5,32,34,126,124,3,0.01875
21,41,1,5,29,30,155,154,1,0.00625
21,42,2,5,28,30,152,154,4,0.025
21,43,3,5,32,30,153,151,3,0.01875
21,44,4,5,27,34,151,151,0,0.0
21,45,5,5,35,26,151,151,3,0.01875
21,46,6,5,36,27,158,160,3,0.01875
21,47,7,5,30,31,123,122,0,0.0
21,48,0,6,23,34,107,112,0,0.0
21,49,1,6,25,30,139,140,1,0.00625
21,50,2,6,35,29,152,152,2,0.0125
21,51,3,6,33,33,158,158,3,0.01875
21,52,4,6,33,29,155,154,0,0.0
21,53,5,6,30,27,147,147,0,0.0
21,54,6,6,26,31,152,150,2,0.0125
21,55,7,6,28,40,116,119,0,0.0
21,56,0,7,33,28,87,85,2,0.0125
21,57,1,7,33,29,116,119,0,0.0
21,58,2,7,28,27,110,111,0,0.0
21,59,3,7,31,34,118,118,1,0.00625
21,60,4,7,28,36,118,119,2,0.0125
21,61,5,7,36,33,118,120,0,0.0
21,62,6,7,20,32,111,110,1,0.00625
21,63,7,7,24,28,72,75,0,0.0
22,0,0,0,29,23,79,76,4,0.025
22,1,1,0,32,41,128,127,3,0.01875
22,2,2,0,31,32,125,123,2,0.0125
22,3,3,0,27,35,119,118,1,0.00625
22,4,4,0,35,32,124,125,2,0.0125
22,5,5,0,31,29,127,128,1,0.00625
22,6,6,0,30,32,121,120,0,0.0
22,7,7,0,33,26,87,87,1,0.00625
22,8,0,1,17,28,103,105,2,0.0125
22,9,1,1,30,28,149,149,1,0.00625
22,10,2,1,33,33,167,167,2,0.0125
22,11,3,1,25,30,160,163,0,0.0
22,12,4,1,30,25,151,154,3,0.01875
22,13,5,1,32,39,169,167,2,0.0125
22,14,6,1,23,30,153,155,1,0.00625
22,15,7,1,39,31,118,118,1,0.00625
22,16,0,2,34,36,121,120,3,0.01875
22,17,1,2,31,15,143,142,2,0.0125
22,18,2,2,29,32,151,152,2,0.0125
22,19,3,2,31,31,151,151,0,0.0
22,20,4,2,28,28,143,144,1,0.00625
22,21,5,2,30,31,146,145,1,0.00625
22,22,6,2,27,28,147,145,4,0.025
22,23,7,2,26,23,103,102,1,0.00625
22,24,0,3,28,29,110,112,1,0.00625
22,25,1,3,34,33,164,165,4,0.025
22,26,2,3,35,32,163,169,0,0.0
22,27,3,3,36,30,166,164,5,0.03125
22,28,4,3,23,32,148,146,2,0.0125
22,29,5,3,32,30,143,146,2,0.0125
22,30,6,3,30,30,155,155,1,0.00625
22,31,7,3,30,28,112,114,2,0.0125
22,32,0,4,29,34,109,109,1,0.00625
22,33,1,4,29,29,149,149,1,0.00625
22,34,2,4,38,36,161,160,0,0.0
22,35,3,4,31,33,162,160,3,0.01875
22,36,4,4,27,33,143,141,3,0.01875
22,37,5,4,29,20,137,133,2,0.0125
22,38,6,4,30,36,154,153,1,0.00625
22,39,7,4,26,31,113,112,2,0.0125
22,40,0,5,34,28,119,119,3,0.01875
22,41,1,5,25,28,156,155,3,0.01875
22,42,2,5,29,28,147,149,2,0.0125
22,43,3,5,19,37,150,154,1,0.00625
22,44,4,5,40,28,154,149,4,0.025
22,45,5,5,24,26,154,156,0,0.0
22,46,6,5,33,26,156,159,1,0.00625
22,47,7,5,36,30,123,122,1,0.00625
22,48,0,6,32,33,115,112,1,0.00625
22,49,1,6,27,36,151,147,2,0.0125
22,50,2,6,31,26,136,136,1,0.00625
22,51,3,6,29,28,141,143,2,0.0125
22,52,4,6,27,23,128,128,1,0.00625
22,53,5,6,30,37,153,153,2,0.0125
22,54,6,6,27,24,140,143,2,0.0125
22,55,7,6,24,33,113,110,2,0.0125
22,56,0,7,31,23,76,78,1,0.00625
22,57,1,7,29,28,116,115,1,0.00625
22,58,2,7,32,27,111,112,1,0.00625
22,59,3,7,28,34,118,117,3,0.01875
22,60,4,7,35,31,117,115,3,0.01875
22,61,5,7,32,29,121,120,1,0.00625
22,62,6,7,31,30,119,116,3,0.01875
22,63,7,7,25,25,79,78,1,0.00625
23,0,0,0,32,27,88,92,0,0.0
23,1,1,0,29,23,115,118,1,0.00625
23,2,2,0,34,25,114,117,1,0.00625
23,3,3,0,22,26,114,115,1,0.00625
23,4,4,0,31,23,104,104,1,0.00625
23,5,5,0,26,30,117,115,2,0.0125
23,6,6,0,30,35,120,120,1,0.00625
23,7,7,0,27,30,87,86,1,0.00625
23,8,0,1,25,29,107,105,1,0.00625
23,9,1,1,30,37,144,144,0,0.0
23,10,2,1,27,29,136,138,1,0.00625
23,11,3,1,26,36,141,142,1,0.00625
23,12,4,1,27,25,129,129,2,0.0125
23,13,5,1,37,30,156,155,4,0.025
23,14,6,1,30,30,158,157,2,0.0125
23,15,7,1,32,27,119,116,4,0.025
23,16,0,2,32,27,111,112,1,0.00625
23,17,1,2,30,25,140,140,3,0.01875
23,18,2,2,26,30,134,135,1,0.00625
23,19,3,2,22,29,132,129,5,0.03125
23,20,4,2,32,25,126,127,1,0.00625
23,21,5,2,28,29,142,143,2,0.0125
23,22,6,2,26,38,149,153,3,0.01875
23,23,7,2,25,30,113,112,1,0.00625
23,24,0,3,25,26,105,104,1,0.00625
23,25,1,3,26,34,139,141,2,0.0125
23,26,2,3,29,29,138,134,2,0.0125
23,27,3,3,34,31,149,152,2,0.0125
23,28,4,3,27,20,140,139,3,0.01875
23,29,5,3,34,32,158,157,1,0.00625
23,30,6,3,25,32,155,155,2,0.0125
23,31,7,3,32,28,115,116,0,0.0
23,32,0,4,28,26,109,107,2,0.0125
23,33,1,4,28,25,131,133,2,0.0125
23,34,2,4,29,29,130,133,1,0.00625
23,35,3,4,33,28,146,143,5,0.03125
23,36,4,4,25,37,143,147,1,0.00625
23,37,5,4,34,29,146,146,3,0.01875
23,38,6,4,30,34,157,156,2,0.0125
23,39,7,4,27,23,113,112,0,0.0
23,40,0,5,34,26,119,121,1,0.00625
23,41,1,5,25,29,148,149,2,0.0125
23,42,2,5,24,30,134,134,2,0.0125
23,43,3,5,31,32,148,146,1,0.00625
23,44,4,5,34,32,150,154,0,0.0
23,45,5,5,28,28,158,155,2,0.0125
23,46,6,5,25,36,152,149,3,0.01875
23,47,7,5,33,30,122,121,2,0.0125
23,48,0,6,34,37,121,121,2,0.0125
23,49,1,6,34,33,153,156,1,0.00625
23,50,2,6,32,26,140,140,2,0.0125
23,51,3,6,31,23,148,147,1,0.00625
23,52,4,6,28,26,139,140,2,0.0125
23,53,5,6,35,38,159,160,0,0.0
23,54,6,6,39,29,160,161,1,0.00625
23,55,7,6,31,26,125,126,2,0.0125
23,56,0,7,26,28,80,79,1,0.00625
23,57,1,7,25,33,107,109,0,0.0
23,58,2,7,33,29,114,111,4,0.025
23,59,3,7,23,32,113,113,2,0.0125
23,60,4,7,29,27,107,108,2,0.0125
23,61,5,7,32,25,111,113,0,0.0
23,62,6,7,29,33,119,121,2,0.0125
23,63,7,7,23,41,95,95,1,0.00625
24,0,0,0,34,25,91,89,1,0.00625
24,1,1,0,25,29,117,117,0,0.0
24,2,2,0,27,28,108,108,0,0.0
24,3,3,0,22,41,116,118,1,0.00625
24,4,4,0,32,27,109,110,0,0.0
24,5,5,0,37,27,119,119,2,0.0125
24,6,6,0,33,28,121,120,2,0.0125
24,7,7,0,25,31,91,92,1,0.00625
24,8,0,1,29,29,127,130,0,0.0
24,9,1,1,32,34,166,166,0,0.0
24,10,2,1,40,24,164,161,2,0.0125
24,11,3,1,32,25,181,178,1,0.00625
24,12,4,1,43,21,165,163,3,0.01875
24,13,5,1,31,32,166,169,1,0.00625
24,14,6,1,27,32,156,159,0,0.0
24,15,7,1,32,33,129,131,2,0.0125
24,16,0,2,25,42,116,112,4,0.025
24,17,1,2,29,30,130,132,1,0.00625
24,18,2,2,31,31,142,141,1,0.00625
24,19,3,2,24,37,153,155,1,0.00625
24,20,4,2,29,32,137,136,2,0.0125
24,21,5,2,32,40,148,146,2,0.0125
24,22,6,2,31,35,144,143,3,0.01875
24,23,7,2,23,27,114,113,1,0.00625
24,24,0,3,26,20,100,98,1,0.00625
24,25,1,3,27,23,127,128,1,0.00625
24,26,2,3,30,30,143,143,2,0.0125
24,27,3,3,35,27,155,153,2,0.0125
24,28,4,3,42,26,150,151,1,0.00625
24,29,5,3,24,28,140,139,2,0.0125
24,30,6,3,31,28,133,134,1,0.00625
24,31,7,3,21,28,115,111,3,0.01875
24,32,0,4,30,26,115,114,3,0.01875
24,33,1,4,39,26,153,150,3,0.01875
24,34,2,4,23,28,155,153,1,0.00625
24,35,3,4,24,31,144,150,0,0.0
24,36,4,4,34,33,151,150,1,0.00625
24,37,5,4,32,38,154,158,1,0.00625
24,38,6,4,21,25,132,132,2,0.0125
24,39,7,4,29,30,111,111,2,0.0125
24,40,0,5,25,29,114,115,1,0.00625
24,41,1,5,21,29,132,130,4,0.025
24,42,2,5,30,36,151,150,1,0.00625
24,43,3,5,34,23,159,158,2,0.0125
24,44,4,5,36,26,159,160,0,0.0
24,45,5,5,38,34,166,166,2,0.0125
24,46,6,5,28,34,159,160,2,0.0125
24,47,7,5,37,22,120,119,3,0.01875
24,48,0,6,26,31,122,125,0,0.0
24,49,1,6,26,24,139,138,1,0.00625
24,50,2,6,26,21,138,137,2,0.0125
24,51,3,6,39,30,165,164,4,0.025
24,52,4,6,29,34,157,156,1,0.00625
24,53,5,6,27,35,144,144,1,0.00625
24,54,6,6,29,35,146,145,2,0.0125
24,55,7,6,28,26,122,122,2,0.0125
24,56,0,7,26,33,93,93,1,0.00625
24,57,1,7,29,29,119,119,0,0.0
24,58,2,7,39,29,130,131,2,0.0125
24,59,3,7,33,25,128,127,2,0.0125
24,60,4,7,27,38,127,126,3,0.01875
24,61,5,7,28,29,116,114,1,0.00625
24,62,6,7,35,26,121,120,2,0.0125
24,63,7,7,35,31,102,100,2,0.0125
25,0,0,0,28,34,89,88,3,0.01875
25,1,1,0,38,26,121,119,3,0.01875
25,2,2,0,33,30,131,129,1,0.00625
25,3,3,0,30,35,126,126,0,0.0
25,4,4,0,32,38,126,126,1,0.00625
25,5,5,0,32,29,123,126,0,0.0
25,6,6,0,33,22,119,120,0,0.0
25,7,7,0,31,36,100,98,1,0.00625
25,8,0,1,32,30,112,112,1,0.00625
25,9,1,1,26,26,127,124,1,0.00625
25,10,2,1,32,35,143,145,0,0.0
25,11,3,1,34,35,154,154,1,0.00625
25,12,4,1,27,29,144,145,3,0.01875
25,13,5,1,30,34,139,141,0,0.0
25,14,6,1,34,36,145,141,2,0.0125
25,15,7,1,22,34,124,126,0,0.0
25,16,0,2,28,20,114,116,3,0.01875
25,17,1,2,36,28,156,155,1,0.00625
25,18,2,2,26,25,154,150,3,0.01875
25,19,3,2,22,33,151,152,1,0.00625
25,20,4,2,36,33,164,165,0,0.0
25,21,5,2,33,27,162,163,2,0.0125
25,22,6,2,31,30,156,158,0,0.0
25,23,7,2,37,32,134,135,1,0.00625
25,24,0,3,30,32,123,126,0,0.0
25,25,1,3,22,32,140,141,0,0.0
25,26,2,3,27,36,148,149,2,0.0125
25,27,3,3,34,25,160,160,2,0.0125
25,28,4,3,28,24,158,160,0,0.0
25,29,5,3,31,37,155,156,1,0.00625
25,30,6,3,26,33,148,149,1,0.00625
25,31,7,3,35,33,129,132,2,0.0125
25,32,0,4,31,30,125,126,1,0.00625
25,33,1,4,30,29,146,148,3,0.01875
25,34,2,4,25,23,142,142,2,0.0125
25,35,3,4,31,29,152,150,0,0.0
25,36,4,4,35,35,168,170,1,0.00625
25,37,5,4,24,31,148,147,1,0.00625
25,38,6,4,27,30,135,136,1,0.00625
25,39,7,4,34,29,123,123,3,0.01875
25,40,0,5,31,31,131,130,1,0.00625
25,41,1,5,28,30,155,159,1,0.00625
25,42,2,5,24,33,153,153,2,0.0125
25,43,3,5,26,24,149,153,0,0.0
25,44,4,5,38,32,172,171,1,0.00625
25,45,5,5,28,34,163,160,5,0.03125
25,46,6,5,32,23,143,143,1,0.00625
25,47,7,5,34,27,125,128,0,0.0
25,48,0,6,25,36,115,113,1,0.00625
25,49,1,6,27,35,138,138,2,0.0125
25,50,2,6,34,25,143,141,4,0.025
25,51,3,6,29,27,145,147,2,0.0125
25,52,4,6,24,28,151,153,0,0.0
25,53,5,6,28,39,145,143,2,0.0125
25,54,6,6,32,30,144,143,1,0.00625
25,55,7,6,28,31,120,121,0,0.0
25,56,0,7,31,26,82,80,2,0.0125
25,57,1,7,32,23,109,107,1,0.00625
25,58,2,7,32,29,117,119,0,0.0
25,59,3,7,37,30,127,127,3,0.01875
25,60,4,7,24,32,116,116,4,0.025
25,61,5,7,21,26,94,95,0,0.0
25,62,6,7,35,33,111,113,1,0.00625
25,63,7,7,22,29,84,86,0,0.0
26,0,0,0,28,28,84,86,1,0.00625
26,1,1,0,28,39,121,122,1,0.00625
26,2,2,0,35,29,120,121,2,0.0125
26,3,3,0,32,28,126,124,3,0.01875
26,4,4,0,34,31,130,127,2,0.0125
26,5,5,0,23,27,113,111,1,0.00625
26,6,6,0,27,26,106,105,2,0.0125
26,7,7,0,27,30,85,87,2,0.0125
26,8,0,1,31,28,117,116,0,0.0
26,9,1,1,33,28,162,161,4,0.025
26,10,2,1,26,29,144,143,1,0.00625
26,11,3,1,32,33,150,149,2,0.0125
26,12,4,1,35,33,159,160,1,0.00625
26,13,5,1,41,31,168,164,3,0.01875
26,14,6,1,29,21,143,142,3,0.01875
26,15,7,1,25,28,109,108,1,0.00625
26,16,0,2,29,25,109,110,2,0.0125
26,17,1,2,28,34,156,155,1,0.00625
26,18,2,2,29,32,144,147,2,0.0125
26,19,3,2,27,30,142,143,0,0.0
26,20,4,2,26,32,144,142,2,0.0125
26,21,5,2,34,39,154,155,2,0.0125
26,22,6,2,26,38,153,152,2,0.0125
26,23,7,2,29,29,115,115,3,0.01875
26,24,0,3,37,28,133,129,3,0.01875
26,25,1,3,26,27,162,160,2,0.0125
26,26,2,3,25,29,139,138,3,0.01875
26,27,3,3,24,31,138,141,0,0.0
26,28,4,3,28,25,143,144,0,0.0
26,29,5,3,27,24,143,143,3,0.01875
26,30,6,3,24,38,148,146,3,0.01875
26,31,7,3,33,27,115,113,2,0.0125
26,32,0,4,27,35,118,119,1,0.00625
26,33,1,4,41,40,172,175,1,0.00625
26,34,2,4,33,22,148,148,2,0.0125
26,35,3,4,34,27,146,147,1,0.00625
26,36,4,4,26,28,145,141,2,0.0125
26,37,5,4,32,26,142,142,1,0.00625
26,38,6,4,31,29,147,144,4,0.025
26,39,7,4,28,25,113,114,1,0.00625
26,40,0,5,34,30,121,122,1,0.00625
26,41,1,5,34,30,161,160,2,0.0125
26,42,2,5,29,38,157,156,2,0.0125
26,43,3,5,26,34,139,137,1,0.00625
26,44,4,5,26,33,139,140,2,0.0125
26,45,5,5,30,26,136,142,0,0.0
26,46,6,5,31,29,148,148,3,0.01875
26,47,7,5,25,31,119,119,0,0.0
26,48,0,6,33,30,126,125,2,0.0125
26,49,1,6,25,32,159,158,0,0.0
26,50,2,6,38,34,160,161,3,0.01875
26,51,3,6,36,27,157,159,1,0.00625
26,52,4,6,21,27,144,143,1,0.00625
26,53,5,6,33,25,144,142,3,0.01875
26,54,6,6,34,32,159,160,1,0.00625
26,55,7,6,32,34,133,133,0,0.0
26,56,0,7,33,31,97,100,1,0.00625
26,57,1,7,32,33,133,130,3,0.01875
26,58,2,7,25,24,109,109,1,0.00625
26,59,3,7,24,39,118,120,2,0.0125
26,60,4,7,31,36,130,131,2,0.0125
26,61,5,7,29,20,115,114,2,0.0125
26,62,6,7,29,29,123,120,2,0.0125
26,63,7,7,37,36,100,99,0,0.0
27,0,0,0,32,34,91,92,0,0.0
27,1,1,0,32,29,120,122,0,0.0
27,2,2,0,24,33,115,116,1,0.00625
27,3,3,0,36,30,112,112,1,0.00625
27,4,4,0,32,22,112,113,2,0.0125
27,5,5,0,27,28,110,110,2,0.0125
27,6,6,0,33,32,114,114,1,0.00625
27,7,7,0,25,35,90,90,1,0.00625
27,8,0,1,32,26,124,124,1,0.00625
27,9,1,1,33,32,158,162,0,0.0
27,10,2,1,33,35,165,164,4,0.025
27,11,3,1,30,23,142,144,1,0.00625
27,12,4,1,32,34,149,151,1,0.00625
27,13,5,1,30,31,151,153,3,0.01875
27,14,6,1,27,29,151,156,0,0.0
27,15,7,1,34,30,127,128,1,0.00625
27,16,0,2,29,33,131,132,2,0.0125
27,17,1,2,30,33,159,159,1,0.00625
27,18,2,2,40,34,168,168,3,0.01875
27,19,3,2,32,27,162,159,1,0.00625
27,20,4,2,32,31,150,149,1,0.00625
27,21,5,2,40,32,164,162,3,0.01875
27,22,6,2,26,33,161,161,2,0.0125
27,23,7,2,32,29,121,120,2,0.0125
27,24,0,3,26,36,118,123,0,0.0
27,25,1,3,31,29,146,147,2,0.0125
27,26,2,3,31,30,155,158,0,0.0
27,27,3,3,27,36,154,150,2,0.0125
27,28,4,3,23,28,130,129,1,0.00625
27,29,5,3,29,34,139,140,2,0.0125
27,30,6,3,27,35,149,150,2,0.0125
27,31,7,3,25,25,112,115,0,0.0
27,32,0,4,32,29,121,123,0,0.0
27,33,1,4,23,25,141,140,0,0.0
27,34,2,4,26,34,143,143,2,0.0125
27,35,3,4,32,29,150,146,4,0.025
27,36,4,4,39,25,152,151,2,0.0125
27,37,5,4,29,27,148,147,0,0.0
27,38,6,4,26,24,142,143,1,0.00625
27,39,7,4,30,27,119,117,2,0.0125
27,40,0,5,36,30,123,121,2,0.0125
27,41,1,5,32,30,154,152,2,0.0125
27,42,2,5,32,24,148,147,3,0.01875
27,43,3,5,36,24,150,148,3,0.01875
27,44,4,5,31,32,148,146,2,0.0125
27,45,5,5,22,34,140,138,3,0.01875
27,46,6,5,31,29,135,134,1,0.00625
27,47,7,5,27,25,117,116,1,0.00625
27,48,0,6,27,25,114,115,1,0.00625
27,49,1,6,29,32,148,148,2,0.0125
27,50,2,6,29,32,146,148,1,0.00625
27,51,3,6,28,30,155,152,3,0.01875
27,52,4,6,28,32,138,139,1,0.00625
27,53,5,6,33,30,143,146,1,0.00625
27,54,6,6,29,19,135,135,1,0.00625
27,55,7,6,29,29,117,116,0,0.0
27,56,0,7,32,30,93,92,1,0.00625
27,57,1,7,27,30,119,123,1,0.00625
27,58,2,7,32,26,122,121,1,0.00625
27,59,3,7,26,31,126,125,0,0.0
27,60,4,7,23,27,104,104,1,0.00625
27,61,5,7,27,27,112,113,1,0.00625
27,62,6,7,32,35,126,128,0,0.0
27,63,7,7,33,25,92,91,2,0.0125
28,0,0,0,28,36,89,88,1,0.00625
28,1,1,0,25,34,113,112,0,0.0
28,2,2,0,33,30,113,113,0,0.0
28,3,3,0,27,30,121,118,3,0.01875
28,4,4,0,32,29,116,117,0,0.0
28,5,5,0,22,26,110,108,4,0.025
28,6,6,0,25,27,103,105,0,0.0
28,7,7,0,30,27,84,83,1,0.00625
28,8,0,1,31,21,115,115,0,0.0
28,9,1,1,34,29,154,151,2,0.0125
28,10,2,1,24,25,140,141,1,0.00625
28,11,3,1,32,35,151,151,0,0.0
28,12,4,1,31,29,147,145,2,0.0125
28,13,5,1,33,33,148,149,1,0.00625
28,14,6,1,32,20,138,136,1,0.00625
28,15,7,1,26,29,116,114,1,0.00625
28,16,0,2,36,29,132,133,1,0.00625
28,17,1,2,33,30,163,165,2,0.0125
28,18,2,2,18,34,152,151,2,0.0125
28,19,3,2,31,28,144,144,2,0.0125
28,20,4,2,22,31,144,147,0,0.0
28,21,5,2,27,28,142,144,2,0.0125
28,22,6,2,34,31,156,156,1,0.00625
28,23,7,2,32,31,128,129,3,0.01875
28,24,0,3,36,35,140,135,3,0.01875
28,25,1,3,38,34,174,169,5,0.03125
28,26,2,3,28,31,156,151,3,0.01875
28,27,3,3,24,23,136,137,1,0.00625
28,28,4,3,30,34,140,137,3,0.01875
28,29,5,3,34,25,146,143,2,0.0125
28,30,6,3,27,32,152,153,2,0.0125
28,31,7,3,34,35,123,121,3,0.01875
28,32,0,4,33,29,135,133,1,0.00625
28,33,1,4,37,32,176,173,2,0.0125
28,34,2,4,29,33,172,169,2,0.0125
28,35,3,4,35,29,162,163,3,0.01875
28,36,4,4,36,22,156,157,2,0.0125
28,37,5,4,37,25,171,170,2,0.0125
28,38,6,4,29,37,170,171,1,0.00625
28,39,7,4,40,27,122,123,1,0.00625
28,40,0,5,40,35,141,141,3,0.01875
28,41,1,5,34,32,173,174,1,0.00625
28,42,2,5,30,36,158,157,4,0.025
28,43,3,5,31,30,154,157,0,0.0
28,44,4,5,35,32,156,159,1,0.00625
28,45,5,5,25,39,159,161,1,0.00625
28,46,6,5,33,40,158,160,1,0.00625
28,47,7,5,32,28,120,122,0,0.0
28,48,0,6,34,31,129,128,2,0.0125
28,49,1,6,36,44,181,183,1,0.00625
28,50,2,6,28,34,166,167,1,0.00625
28,51,3,6,29,31,153,154,1,0.00625
28,52,4,6,38,35,167,164,2,0.0125
28,53,5,6,32,35,168,164,5,0.03125
28,54,6,6,26,27,148,147,2,0.0125
28,55,7,6,32,34,123,122,0,0.0
28,56,0,7,39,32,104,104,1,0.00625
28,57,1,7,35,31,136,135,1,0.00625
28,58,2,7,34,38,140,136,3,0.01875
28,59,3,7,30,29,122,122,3,0.01875
28,60,4,7,32,34,128,129,0,0.0
28,61,5,7,28,34,126,126,1,0.00625
28,62,6,7,31,31,122,122,1,0.00625
28,63,7,7,29,26,87,89,0,0.0
29,0,0,0,31,23,87,87,1,0.00625
29,1,1,0,26,25,113,113,1,0.00625
29,2,2,0,23,32,117,113,3,0.01875
29,3,3,0,26,38,117,120,2,0.0125
29,4,4,0,25,33,115,114,1,0.00625
29,5,5,0,34,31,122,125,1,0.00625
29,6,6,0,29,24,122,122,0,0.0
29,7,7,0,31,28,90,89,3,0.01875
29,8,0,1,29,34,120,118,2,0.0125
29,9,1,1,23,28,135,136,1,0.00625
29,10,2,1,31,27,148,148,3,0.01875
29,11,3,1,31,24,158,159,2,0.0125
29,12,4,1,26,23,152,151,1,0.00625
29,13,5,1,29,26,147,148,1,0.00625
29,14,6,1,22,36,147,146,1,0.00625
29,15,7,1,38,28,114,115,0,0.0
29,16,0,2,32,32,114,114,0,0.0
29,17,1,2,27,31,140,139,2,0.0125
29,18,2,2,31,21,140,139,3,0.01875
29,19,3,2,22,32,140,140,0,0.0
29,20,4,2,30,30,142,143,1,0.00625
29,21,5,2,26,28,136,136,3,0.01875
29,22,6,2,26,31,128,130,1,0.00625
29,23,7,2,25,20,99,99,1,0.00625
29,24,0,3,33,24,112,115,0,0.0
29,25,1,3,28,33,149,155,1,0.00625
29,26,2,3,28,32,151,153,2,0.0125
29,27,3,3,39,26,155,156,1,0.00625
29,28,4,3,20,24,146,149,1,0.00625
29,29,5,3,26,29,139,140,2,0.0125
29,30,6,3,33,23,134,132,1,0.00625
29,31,7,3,29,24,114,115,2,0.0125
29,32,0,4,25,30,121,121,2,0.0125
29,33,1,4,38,37,163,165,1,0.00625
29,34,2,4,21,34,159,162,1,0.00625
29,35,3,4,30,25,151,153,1,0.00625
29,36,4,4,30,38,170,172,2,0.0125
29,37,5,4,28,25,148,150,0,0.0
29,38,6,4,33,28,148,149,2,0.0125
29,39,7,4,34,28,127,127,1,0.00625
29,40,0,5,32,41,141,140,2,0.0125
29,41,1,5,36,26,160,160,3,0.01875
29,42,2,5,29,37,176,177,3,0.01875
29,43,3,5,27,23,152,152,0,0.0
29,44,4,5,25,35,160,158,2,0.0125
29,45,5,5,34,32,165,163,2,0.0125
29,46,6,5,30,28,156,154,3,0.01875
29,47,7,5,38,33,133,131,0,0.0
29,48,0,6,27,38,126,127,1,0.00625
29,49,1,6,26,31,139,137,3,0.01875
29,50,2,6,25,35,150,147,3,0.01875
29,51,3,6,27,31,144,144,2,0.0125
29,52,4,6,25,25,139,141,1,0.00625
29,53,5,6,21,28,139,143,2,0.0125
29,54,6,6,28,34,144,144,1,0.00625
29,55,7,6,36,30,124,125,1,0.00625
29,56,0,7,23,30,82,82,1,0.00625
29,57,1,7,33,25,111,111,0,0.0
29,58,2,7,35,25,122,121,5,0.03125
29,59,3,7,27,25,114,116,0,0.0
29,60,4,7,30,23,113,113,0,0.0
29,61,5,7,23,28,111,110,2,0.0125
29,62,6,7,30,23,106,105,2,0.0125
29,63,7,7,29,30,86,87,0,0.0
30,0,0,0,28,36,90,89,1,0.00625
30,1,1,0,23,32,107,106,2,0.0125
30,2,2,0,28,29,100,103,1,0.00625
30,3,3,0,29,37,117,117,0,0.0
30,4,4,0,30,26,112,114,1,0.00625
30,5,5,0,23,33,110,112,0,0.0
30,6,6,0,24,25,94,94,1,0.00625
30,7,7,0,24,33,77,80,1,0.00625
30,8,0,1,28,28,129,131,1,0.00625
30,9,1,1,26,30,158,159,1,0.00625
30,10,2,1,31,20,144,142,3,0.01875
30,11,3,1,26,24,156,157,1,0.00625
30,12,4,1,27,30,149,150,1,0.00625
30,13,5,1,33,30,165,164,2,0.0125
30,14,6,1,35,23,150,151,2,0.0125
30,15,7,1,37,25,125,125,1,0.00625
30,16,0,2,29,39,129,128,0,0.0
30,17,1,2,28,29,142,143,1,0.00625
30,18,2,2,31,30,135,137,2,0.0125
30,19,3,2,32,27,160,159,2,0.0125
30,20,4,2,38,30,153,148,4,0.025
30,21,5,2,27,31,156,157,0,0.0
30,22,6,2,29,27,141,137,2,0.0125
30,23,7,2,30,33,119,120,0,0.0
30,24,0,3,32,25,117,117,2,0.0125
30,25,1,3,28,30,151,148,1,0.00625
30,26,2,3,28,22,135,136,2,0.0125
30,27,3,3,33,33,165,166,2,0.0125
30,28,4,3,33,27,150,148,3,0.01875
30,29,5,3,32,34,156,155,2,0.0125
30,30,6,3,33,27,144,146,0,0.0
30,31,7,3,25,30,116,116,2,0.0125
30,32,0,4,30,30,123,123,1,0.00625
30,33,1,4,19,30,142,141,3,0.01875
30,34,2,4,27,25,134,133,2,0.0125
30,35,3,4,34,31,163,163,2,0.0125
30,36,4,4,36,35,161,161,3,0.01875
30,37,5,4,27,27,158,157,3,0.01875
30,38,6,4,29,29,144,142,3,0.01875
30,39,7,4,29,33,121,123,1,0.00625
30,40,0,5,21,32,113,114,2,0.0125
30,41,1,5,40,28,150,150,2,0.0125
30,42,2,5,29,22,144,143,3,0.01875
30,43,3,5,29,26,156,154,1,0.00625
30,44,4,5,34,32,154,156,1,0.00625
30,45,5,5,39,33,173,172,3,0.01875
30,46,6,5,37,26,160,161,1,0.00625
30,47,7,5,30,29,122,122,0,0.0
30,48,0,6,36,30,127,127,1,0.00625
30,49,1,6,30,25,152,152,2,0.0125
30,50,2,6,29,38,154,154,2,0.0125
30,51,3,6,30,27,159,159,2,0.0125
30,52,4,6,32,31,153,150,4,0.025
30,53,5,6,30,34,159,158,2,0.0125
30,54,6,6,35,39,157,158,1,0.00625
30,55,7,6,26,33,121,121,1,0.00625
30,56,0,7,33,34,96,96,2,0.0125
30,57,1,7,25,36,125,125,2,0.0125
30,58,2,7,36,31,120,126,1,0.00625
30,59,3,7,30,27,126,125,1,0.00625
30,60,4,7,39,31,128,125,4,0.025
30,61,5,7,31,29,130,128,2,0.0125
30,62,6,7,27,29,119,121,1,0.00625
30,63,7,7,35,32,98,95,3,0.01875
31,0,0,0,29,28,86,86,1,0.00625
31,1,1,0,29,37,129,128,1,0.00625
31,2,2,0,34,29,124,123,1,0.00625
31,3,3,0,34,26,124,124,1,0.00625
31,4,4,0,29,34,125,122,2,0.0125
31,5,5,0,29,38,121,120,0,0.0
31,6,6,0,28,34,120,117,3,0.01875
31,7,7,0,26,25,79,79,0,0.0
31,8,0,1,35,26,120,118,3,0.01875
31,9,1,1,30,31,161,160,2,0.0125
31,10,2,1,27,31,147,149,1,0.00625
31,11,3,1,33,36,153,149,3,0.01875
31,12,4,1,34,36,159,159,3,0.01875
31,13,5,1,26,29,149,149,1,0.00625
31,14,6,1,27,30,149,151,1,0.00625
31,15,7,1,26,27,109,111,0,0.0
31,16,0,2,29,30,118,116,2,0.0125
31,17,1,2,37,28,166,164,2,0.0125
31,18,2,2,41,29,176,175,3,0.01875
31,19,3,2,27,33,158,161,1,0.00625
31,20,4,2,27,28,148,152,1,0.00625
31,21,5,2,32,31,160,156,3,0.01875
31,22,6,2,30,33,155,158,2,0.0125
31,23,7,2,29,33,118,119,1,0.00625
31,24,0,3,27,29,113,114,0,0.0
31,25,1,3,24,26,144,143,3,0.01875
31,26,2,3,27,39,149,150,2,0.0125
31,27,3,3,39,42,162,159,3,0.01875
31,28,4,3,33,33,161,162,2,0.0125
31,29,5,3,30,31,160,161,2,0.0125
31,30,6,3,33,29,158,155,1,0.00625
31,31,7,3,31,32,120,118,3,0.01875
31,32,0,4,32,25,119,118,1,0.00625
31,33,1,4,29,28,157,159,1,0.00625
31,34,2,4,23,25,138,139,1,0.00625
31,35,3,4,20,27,125,125,1,0.00625
31,36,4,4,27,36,145,145,1,0.00625
31,37,5,4,36,34,156,154,2,0.0125
31,38,6,4,30,30,155,157,1,0.00625
31,39,7,4,27,32,115,115,0,0.0
31,40,0,5,22,29,114,114,1,0.00625
31,41,1,5,33,35,160,160,1,0.00625
31,42,2,5,31,30,155,161,0,0.0
31,43,3,5,25,22,136,136,2,0.0125
31,44,4,5,24,21,133,133,0,0.0
31,45,5,5,35,27,143,145,2,0.0125
31,46,6,5,32,32,161,161,2,0.0125
31,47,7,5,29,31,121,119,3,0.01875
31,48,0,6,23,31,116,117,0,0.0
31,49,1,6,36,22,150,152,1,0.00625
31,50,2,6,27,35,156,157,2,0.0125
31,51,3,6,26,33,141,140,2,0.0125
31,52,4,6,34,23,149,151,2,0.0125
31,53,5,6,29,24,146,146,3,0.01875
31,54,6,6,25,35,148,147,0,0.0
31,55,7,6,29,35,117,116,2,0.0125
31,56,0,7,37,28,99,98,1,0.00625
31,57,1,7,29,27,125,124,1,0.00625
31,58,2,7,26,36,128,127,1,0.00625
31,59,3,7,35,27,123,121,3,0.01875
31,60,4,7,30,28,128,127,3,0.01875
31,61,5,7,35,37,134,135,1,0.00625
31,62,6,7,27,25,121,118,3,0.01875
31,63,7,7,34,27,88,88,3,0.01875
32,0,0,0,26,39,94,93,2,0.0125
32,1,1,0,28,27,106,108,2,0.0125
32,2,2,0,31,30,120,119,3,0.01875
32,3,3,0,28,31,118,116,3,0.01875
32,4,4,0,28,25,113,113,2,0.0125
32,5,5,0,33,32,127,127,0,0.0
32,6,6,0,35,26,125,126,2,0.0125
32,7,7,0,36,33,103,103,1,0.00625
32,8,0,1,30,31,128,129,0,0.0
32,9,1,1,29,21,139,137,2,0.0125
32,10,2,1,29,30,150,149,0,0.0
32,11,3,1,32,28,149,150,2,0.0125
32,12,4,1,38,28,154,153,1,0.00625
32,13,5,1,35,28,168,165,2,0.0125
32,14,6,1,32,32,160,155,3,0.01875
32,15,7,1,37,33,136,133,3,0.01875
32,16,0,2,31,28,131,133,1,0.00625
32,17,1,2,27,32,148,147,4,0.025
32,18,2,2,32,28,146,148,2,0.0125
32,19,3,2,27,25,148,146,3,0.01875
32,20,4,2,33,32,151,151,2,0.0125
32,21,5,2,32,35,168,169,3,0.01875
32,22,6,2,24,30,148,146,2,0.0125
32,23,7,2,36,31,123,121,3,0.01875
32,24,0,3,26,36,131,130,2,0.0125
32,25,1,3,32,34,142,141,4,0.025
32,26,2,3,27,27,141,140,0,0.0
32,27,3,3,33,33,153,153,4,0.025
32,28,4,3,28,24,146,144,4,0.025
32,29,5,3,25,30,149,147,3,0.01875
32,30,6,3,23,34,132,136,0,0.0
32,31,7,3,26,24,110,112,0,0.0
32,32,0,4,29,31,124,123,2,0.0125
32,33,1,4,28,24,131,131,2,0.0125
32,34,2,4,31,27,143,141,4,0.025
32,35,3,4,32,27,146,144,3,0.01875
32,36,4,4,29,34,151,151,2,0.0125
32,37,5,4,17,31,141,144,0,0.0
32,38,6,4,30,25,129,125,3,0.01875
32,39,7,4,30,28,123,121,2,0.0125
32,40,0,5,30,23,119,119,2,0.0125
32,41,1,5,25,27,133,131,2,0.0125
32,42,2,5,33,29,146,143,2,0.0125
32,43,3,5,28,29,148,147,4,0.025
32,44,4,5,29,29,142,138,3,0.01875
32,45,5,5,31,29,155,156,2,0.0125
32,46,6,5,30,21,130,132,0,0.0
32,47,7,5,27,30,118,121,1,0.00625
32,48,0,6,30,27,126,122,3,0.01875
32,49,1,6,32,24,141,139,3,0.01875
32,50,2,6,38,28,154,152,2,0.0125
32,51,3,6,22,29,150,151,1,0.00625
32,52,4,6,31,28,132,133,1,0.00625
32,53,5,6,23,28,148,148,2,0.0125
32,54,6,6,34,28,142,140,3,0.01875
32,55,7,6,26,29,122,123,1,0.00625
32,56,0,7,23,28,89,91,1,0.00625
32,57,1,7,31,29,123,124,1,0.00625
32,58,2,7,38,29,134,133,2,0.0125
32,59,3,7,28,37,138,138,1,0.00625
32,60,4,7,40,23,127,130,3,0.01875
32,61,5,7,26,32,135,135,2,0.0125
32,62,6,7,32,27,123,124,1,0.00625
32,63,7,7,37,35,102,104,1,0.00625
33,0,0,0,33,32,96,98,0,0.0
33,1,1,0,37,25,130,126,4,0.025
33,2,2,0,28,32,126,126,3,0.01875
33,3,3,0,26,37,124,128,1,0.00625
33,4,4,0,26,34,120,121,2,0.0125
33,5,5,0,35,27,123,122,1,0.00625
33,6,6,0,26,35,130,129,1,0.00625
33,7,7,0,31,31,89,88,2,0.0125
33,8,0,1,38,33,136,137,1,0.00625
33,9,1,1,29,36,163,163,3,0.01875
33,10,2,1,26,33,151,151,0,0.0
33,11,3,1,32,28,160,159,4,0.025
33,12,4,1,36,30,167,169,1,0.00625
33,13,5,1,29,25,156,157,1,0.00625
33,14,6,1,27,32,156,160,0,0.0
33,15,7,1,32,27,113,114,1,0.00625
33,16,0,2,28,34,125,125,1,0.00625
33,17,1,2,32,38,157,158,3,0.01875
33,18,2,2,35,29,157,157,2,0.0125
33,19,3,2,29,28,156,158,0,0.0
33,20,4,2,34,31,157,157,1,0.00625
33,21,5,2,25,37,153,153,2,0.0125
33,22,6,2,36,33,158,159,2,0.0125
33,23,7,2,26,28,118,118,2,0.0125
33,24,0,3,27,30,110,109,0,0.0
33,25,1,3,30,28,136,140,0,0.0
33,26,2,3,28,35,146,147,1,0.00625
33,27,3,3,39,33,152,154,1,0.00625
33,28,4,3,36,31,157,161,1,0.00625
33,29,5,3,40,34,153,156,2,0.0125
33,30,6,3,32,28,157,155,3,0.01875
33,31,7,3,23,33,117,115,2,0.0125
33,32,0,4,26,19,114,118,0,0.0
33,33,1,4,26,31,146,144,4,0.025
33,34,2,4,25,35,153,156,1,0.00625
33,35,3,4,28,26,151,150,3,0.01875
33,36,4,4,29,41,167,165,3,0.01875
33,37,5,4,26,34,151,149,1,0.00625
33,38,6,4,21,37,157,161,1,0.00625
33,39,7,4,38,30,118,120,0,0.0
33,40,0,5,28,38,121,121,1,0.00625
33,41,1,5,23,26,130,132,2,0.0125
33,42,2,5,37,27,139,138,2,0.0125
33,43,3,5,38,29,155,157,0,0.0
33,44,4,5,30,30,152,156,0,0.0
33,45,5,5,26,28,131,131,0,0.0
33,46,6,5,34,26,148,148,0,0.0
33,47,7,5,24,22,110,110,1,0.00625
33,48,0,6,29,22,116,117,2,0.0125
33,49,1,6,30,33,151,153,2,0.0125
33,50,2,6,28,23,146,148,1,0.00625
33,51,3,6,26,36,155,153,2,0.0125
33,52,4,6,35,39,167,163,2,0.0125
33,53,5,6,26,30,153,153,2,0.0125
33,54,6,6,26,29,151,154,2,0.0125
33,55,7,6,38,35,131,128,4,0.025
33,56,0,7,28,33,92,92,0,0.0
33,57,1,7,34,27,119,119,1,0.00625
33,58,2,7,27,33,122,122,2,0.0125
33,59,3,7,28,31,116,119,1,0.00625
33,60,4,7,23,24,106,106,2,0.0125
33,61,5,7,33,35,118,120,1,0.00625
33,62,6,7,31,26,115,116,1,0.00625
33,63,7,7,27,28,87,85,1,0.00625
34,0,0,0,32,30,89,87,2,0.0125
34,1,1,0,29,31,115,119,1,0.00625
34,2,2,0,28,35,117,119,2,0.0125
34,3,3,0,28,25,106,104,2,0.0125
34,4,4,0,22,21,89,92,0,0.0
34,5,5,0,20,29,89,88,0,0.0
34,6,6,0,27,32,101,103,1,0.00625
34,7,7,0,21,28,80,79,2,0.0125
34,8,0,1,27,24,123,124,1,0.00625
34,9,1,1,28,32,158,162,1,0.00625
34,10,2,1,37,33,172,172,3,0.01875
34,11,3,1,31,31,159,160,1,0.00625
34,12,4,1,28,25,145,144,2,0.0125
34,13,5,1,26,24,137,139,0,0.0
34,14,6,1,19,24,133,133,1,0.00625
34,15,7,1,36,29,116,117,1,0.00625
34,16,0,2,39,39,138,139,1,0.00625
34,17,1,2,26,31,155,155,3,0.01875
34,18,2,2,30,30,151,151,2,0.0125
34,19,3,2,28,33,148,147,1,0.00625
34,20,4,2,36,36,151,151,2,0.0125
34,21,5,2,31,31,158,156,3,0.01875
34,22,6,2,31,24,145,148,0,0.0
34,23,7,2,33,20,120,119,3,0.01875
34,24,0,3,26,27,109,110,1,0.00625
34,25,1,3,29,39,149,147,1,0.00625
34,26,2,3,36,22,148,146,2,0.0125
34,27,3,3,27,33,147,149,1,0.00625
34,28,4,3,31,28,135,132,2,0.0125
34,29,5,3,36,39,163,162,0,0.0
34,30,6,3,22,28,145,145,2,0.0125
34,31,7,3,25,31,113,114,1,0.00625
34,32,0,4,35,27,124,122,0,0.0
34,33,1,4,19,25,145,145,2,0.0125
34,34,2,4,26,27,133,132,2,0.0125
34,35,3,4,27,35,143,144,1,0.00625
34,36,4,4,27,30,137,139,1,0.00625
34,37,5,4,40,31,165,165,2,0.0125
34,38,6,4,34,40,172,170,1,0.00625
34,39,7,4,33,23,122,118,3,0.01875
34,40,0,5,34,33,125,127,0,0.0
34,41,1,5,35,36,164,165,2,0.0125
34,42,2,5,34,16,150,152,1,0.00625
34,43,3,5,28,22,140,140,0,0.0
34,44,4,5,24,31,130,129,0,0.0
34,45,5,5,24,33,145,144,2,0.0125
34,46,6,5,30,36,154,154,0,0.0
34,47,7,5,30,33,127,127,1,0.00625
34,48,0,6,26,31,116,118,1,0.00625
34,49,1,6,41,33,168,165,3,0.01875
34,50,2,6,26,33,172,171,2,0.0125
34,51,3,6,28,37,153,152,4,0.025
34,52,4,6,28,27,133,135,2,0.0125
34,53,5,6,35,26,147,151,0,0.0
34,54,6,6,28,27,154,152,2,0.0125
34,55,7,6,33,29,120,123,0,0.0
34,56,0,7,37,34,102,100,1,0.00625
34,57,1,7,32,26,124,123,0,0.0
34,58,2,7,26,39,132,133,2,0.0125
34,59,3,7,21,29,109,109,0,0.0
34,60,4,7,29,24,107,105,2,0.0125
34,61,5,7,30,27,122,120,2,0.0125
34,62,6,7,33,33,133,131,3,0.01875
34,63,7,7,32,23,89,90,2,0.0125
35,0,0,0,26,30,80,80,2,0.0125
35,1,1,0,34,31,115,117,0,0.0
35,2,2,0,25,30,117,117,0,0.0
35,3,3,0,31,27,113,113,2,0.0125
35,4,4,0,20,29,110,108,1,0.00625
35,5,5,0,33,31,118,115,5,0.03125
35,6,6,0,38,29,124,125,0,0.0
35,7,7,0,29,31,98,98,3,0.01875
35,8,0,1,25,26,104,104,1,0.00625
35,9,1,1,38,24,140,138,1,0.00625
35,10,2,1,28,33,155,154,2,0.0125
35,11,3,1,27,28,136,139,1,0.00625
35,12,4,1,26,32,141,142,2,0.0125
35,13,5,1,32,22,139,137,1,0.00625
35,14,6,1,31,27,145,145,1,0.00625
35,15,7,1,24,39,128,126,2,0.0125
35,16,0,2,28,28,123,123,1,0.00625
35,17,1,2,35,23,155,157,2,0.0125
35,18,2,2,23,37,166,167,0,0.0
35,19,3,2,36,30,158,159,1,0.00625
35,20,4,2,32,28,163,163,2,0.0125
35,21,5,2,29,26,153,156,2,0.0125
35,22,6,2,25,31,150,148,0,0.0
35,23,7,2,38,30,120,120,3,0.01875
35,24,0,3,23,39,117,115,2,0.0125
35,25,1,3,30,28,135,137,2,0.0125
35,26,2,3,38,37,164,164,3,0.01875
35,27,3,3,27,25,146,144,1,0.00625
35,28,4,3,33,35,154,154,3,0.01875
35,29,5,3,30,32,152,152,2,0.0125
35,30,6,3,26,31,141,140,1,0.00625
35,31,7,3,26,25,104,104,1,0.00625
35,32,0,4,23,25,108,108,2,0.0125
35,33,1,4,31,23,137,138,0,0.0
35,34,2,4,25,31,152,149,2,0.0125
35,35,3,4,31,36,151,153,0,0.0
35,36,4,4,25,25,143,146,0,0.0
35,37,5,4,18,31,133,134,1,0.00625
35,38,6,4,35,30,140,139,5,0.03125
35,39,7,4,26,26,111,115,0,0.0
35,40,0,5,37,31,131,128,3,0.01875
35,41,1,5,22,25,141,140,2,0.0125
35,42,2,5,28,31,146,146,1,0.00625
35,43,3,5,34,26,151,150,2,0.0125
35,44,4,5,32,30,164,165,0,0.0
35,45,5,5,21,23,134,134,1,0.00625
35,46,6,5,24,24,125,124,1,0.00625
35,47,7,5,32,31,118,116,1,0.00625
35,48,0,6,24,32,119,120,0,0.0
35,49,1,6,29,33,147,148,1,0.00625
35,50,2,6,31,23,146,146,1,0.00625
35,51,3,6,26,29,146,149,2,0.0125
35,52,4,6,38,34,167,170,1,0.00625
35,53,5,6,31,29,164,161,1,0.00625
35,54,6,6,28,19,135,135,1,0.00625
35,55,7,6,33,27,118,118,1,0.00625
35,56,0,7,23,34,84,85,1,0.00625
35,57,1,7,31,26,111,109,3,0.01875
35,58,2,7,30,34,120,121,0,0.0
35,59,3,7,34,28,123,120,2,0.0125
35,60,4,7,28,28,118,119,1,0.00625
35,61,5,7,26,40,124,125,1,0.00625
35,62,6,7,25,30,107,111,0,0.0
35,63,7,7,28,29,85,86,0,0.0
36,0,0,0,23,31,88,90,1,0.00625
36,1,1,0,30,31,122,121,1,0.00625
36,2,2,0,36,28,127,128,0,0.0
36,3,3,0,30,34,127,128,2,0.0125
36,4,4,0,27,36,126,126,1,0.00625
36,5,5,0,38,28,123,126,3,0.01875
36,6,6,0,31,29,129,127,3,0.01875
36,7,7,0,30,24,82,82,1,0.00625
36,8,0,1,28,33,119,119,1,0.00625
36,9,1,1,30,28,148,146,2,0.0125
36,10,2,1,38,32,156,158,2,0.0125
36,11,3,1,28,32,159,156,2,0.0125
36,12,4,1,28,29,144,146,0,0.0
36,13,5,1,31,26,140,141,0,0.0
36,14,6,1,30,42,161,160,1,0.00625
36,15,7,1,28,28,106,106,1,0.00625
36,16,0,2,28,26,114,114,0,0.0
36,17,1,2,34,29,150,148,2,0.0125
36,18,2,2,30,30,145,144,3,0.01875
36,19,3,2,37,38,163,163,1,0.00625
36,20,4,2,34,23,161,157,4,0.025
36,21,5,2,23,27,140,140,2,0.0125
36,22,6,2,28,32,145,145,2,0.0125
36,23,7,2,29,26,110,109,2,0.0125
36,24,0,3,31,32,128,127,2,0.0125
36,25,1,3,35,27,158,156,2,0.0125
36,26,2,3,34,30,156,157,1,0.00625
36,27,3,3,38,26,164,162,3,0.01875
36,28,4,3,27,34,166,165,2,0.0125
36,29,5,3,30,31,151,151,2,0.0125
36,30,6,3,29,24,145,144,2,0.0125
36,31,7,3,33,29,117,115,1,0.00625
36,32,0,4,28,33,124,122,1,0.00625
36,33,1,4,33,27,152,152,2,0.0125
36,34,2,4,21,35,143,147,2,0.0125
36,35,3,4,34,37,159,157,2,0.0125
36,36,4,4,30,38,166,166,0,0.0
36,37,5,4,29,31,151,152,1,0.00625
36,38,6,4,23,26,142,147,0,0.0
36,39,7,4,32,27,112,113,0,0.0
36,40,0,5,40,31,129,130,2,0.0125
36,41,1,5,33,25,159,158,2,0.0125
36,42,2,5,34,31,148,148,1,0.00625
36,43,3,5,28,22,146,145,1,0.00625
36,44,4,5,40,30,159,158,0,0.0
36,45,5,5,36,31,165,165,2,0.0125
36,46,6,5,29,25,157,156,1,0.00625
36,47,7,5,28,28,107,108,1,0.00625
36,48,0,6,22,28,115,115,0,0.0
36,49,1,6,23,40,150,150,1,0.00625
36,50,2,6,32,32,143,145,1,0.00625
36,51,3,6,24,33,152,152,2,0.0125
36,52,4,6,30,26,146,143,2,0.0125
36,53,5,6,29,39,158,157,3,0.01875
36,54,6,6,36,36,168,169,2,0.0125
36,55,7,6,30,27,112,112,1,0.00625
36,56,0,7,34,29,97,98,1,0.00625
36,57,1,7,27,23,113,117,1,0.00625
36,58,2,7,33,21,110,108,1,0.00625
36,59,3,7,37,32,125,129,0,0.0
36,60,4,7,32,23,118,117,2,0.0125
36,61,5,7,39,28,122,123,1,0.00625
36,62,6,7,25,29,118,114,2,0.0125
36,63,7,7,27,37,85,85,0,0.0
37,0,0,0,26,23,78,78,0,0.0
37,1,1,0,25,28,106,105,0,0.0
37,2,2,0,31,21,106,106,1,0.00625
37,3,3,0,17,23,105,106,1,0.00625
37,4,4,0,27,31,106,108,0,0.0
37,5,5,0,30,39,125,127,1,0.00625
37,6,6,0,26,37,128,128,2,0.0125
37,7,7,0,30,30,88,90,0,0.0
37,8,0,1,23,30,109,107,1,0.00625
37,9,1,1,33,23,136,138,2,0.0125
37,10,2,1,23,22,130,130,1,0.00625
37,11,3,1,22,32,129,131,2,0.0125
37,12,4,1,29,19,133,131,2,0.0125
37,13,5,1,23,26,147,148,1,0.00625
37,14,6,1,27,30,147,147,2,0.0125
37,15,7,1,30,28,116,117,1,0.00625
37,16,0,2,32,30,119,119,1,0.00625
37,17,1,2,35,23,152,153,2,0.0125
37,18,2,2,37,35,163,163,1,0.00625
37,19,3,2,36,24,150,150,0,0.0
37,20,4,2,37,26,157,161,1,0.00625
37,21,5,2,31,29,166,165,3,0.01875
37,22,6,2,30,23,149,148,2,0.0125
37,23,7,2,26,31,117,119,2,0.0125
37,24,0,3,25,32,111,115,1,0.00625
37,25,1,3,28,32,147,147,3,0.01875
37,26,2,3,24,39,143,142,1,0.00625
37,27,3,3,23,34,138,141,2,0.0125
37,28,4,3,29,39,153,153,2,0.0125
37,29,5,3,23,36,161,162,1,0.00625
37,30,6,3,32,27,156,156,4,0.025
37,31,7,3,34,30,125,128,1,0.00625
37,32,0,4,32,34,122,125,1,0.00625
37,33,1,4,25,29,146,148,1,0.00625
37,34,2,4,28,25,136,135,3,0.01875
37,35,3,4,26,25,135,136,1,0.00625
37,36,4,4,30,22,141,139,1,0.00625
37,37,5,4,37,30,164,161,3,0.01875
37,38,6,4,29,28,161,159,1,0.00625
37,39,7,4,34,33,126,121,5,0.03125
37,40,0,5,28,31,123,121,3,0.01875
37,41,1,5,37,34,167,168,1,0.00625
37,42,2,5,33,26,158,156,2,0.0125
37,43,3,5,32,30,154,156,0,0.0
37,44,4,5,24,28,145,145,1,0.00625
37,45,5,5,36,29,160,163,0,0.0
37,46,6,5,31,37,169,171,0,0.0
37,47,7,5,37,27,125,124,3,0.01875
37,48,0,6,32,36,117,115,1,0.00625
37,49,1,6,35,33,143,145,0,0.0
37,50,2,6,28,37,144,142,3,0.01875
37,51,3,6,30,33,139,138,2,0.0125
37,52,4,6,30,33,142,143,1,0.00625
37,53,5,6,31,27,149,150,2,0.0125
37,54,6,6,32,34,158,155,4,0.025
37,55,7,6,24,29,118,117,2,0.0125
37,56,0,7,24,26,71,70,1,0.00625
37,57,1,7,19,28,95,93,2,0.0125
37,58,2,7,22,31,101,99,1,0.00625
37,59,3,7,25,27,103,100,0,0.0
37,60,4,7,35,30,118,120,2,0.0125
37,61,5,7,31,30,126,126,0,0.0
37,62,6,7,32,34,128,129,1,0.00625
37,63,7,7,30,30,92,91,2,0.0125
38,0,0,0,30,28,88,88,1,0.00625
38,1,1,0,34,27,121,122,0,0.0
38,2,2,0,30,28,124,123,1,0.00625
38,3,3,0,30,25,116,115,1,0.00625
38,4,4,0,30,21,112,110,1,0.00625
38,5,5,0,29,36,127,125,2,0.0125
38,6,6,0,36,31,128,126,3,0.01875
38,7,7,0,37,28,97,93,4,0.025
38,8,0,1,21,28,103,102,2,0.0125
38,9,1,1,37,31,137,136,3,0.01875
38,10,2,1,25,34,149,147,3,0.01875
38,11,3,1,32,32,142,141,1,0.00625
38,12,4,1,31,26,137,137,1,0.00625
38,13,5,1,25,28,147,146,3,0.01875
38,14,6,1,41,29,151,149,2,0.0125
38,15,7,1,27,32,127,124,3,0.01875
38,16,0,2,29,23,105,104,0,0.0
38,17,1,2,34,21,130,132,0,0.0
38,18,2,2,37,34,158,157,3,0.01875
38,19,3,2,24,24,137,136,1,0.00625
38,20,4,2,30,29,135,136,1,0.00625
38,21,5,2,30,30,157,158,1,0.00625
38,22,6,2,25,24,143,143,1,0.00625
38,23,7,2,28,37,119,119,2,0.0125
38,24,0,3,34,24,117,115,2,0.0125
38,25,1,3,31,30,146,147,3,0.01875
38,26,2,3,31,33,158,159,2,0.0125
38,27,3,3,29,38,154,154,1,0.00625
38,28,4,3,34,23,143,144,2,0.0125
38,29,5,3,28,35,162,161,2,0.0125
38,30,6,3,29,35,151,154,2,0.0125
38,31,7,3,31,27,111,110,2,0.0125
38,32,0,4,39,31,123,121,3,0.01875
38,33,1,4,24,32,141,139,1,0.00625
38,34,2,4,27,36,144,144,1,0.00625
38,35,3,4,28,29,134,134,2,0.0125
38,36,4,4,37,31,146,144,4,0.025
38,37,5,4,30,32,164,164,2,0.0125
38,38,6,4,35,27,153,152,2,0.0125
38,39,7,4,27,28,113,115,3,0.01875
38,40,0,5,30,28,113,117,1,0.00625
38,41,1,5,33,36,152,151,2,0.0125
38,42,2,5,32,27,151,152,1,0.00625
38,43,3,5,30,24,141,138,2,0.0125
38,44,4,5,31,29,143,142,2,0.0125
38,45,5,5,28,32,163,161,2,0.0125
38,46,6,5,35,32,161,160,0,0.0
38,47,7,5,30,33,125,126,1,0.00625
38,48,0,6,28,33,116,115,0,0.0
38,49,1,6,28,28,137,138,1,0.00625
38,50,2,6,31,33,151,151,2,0.0125
38,51,3,6,31,32,149,146,4,0.025
38,52,4,6,27,28,139,142,0,0.0
38,53,5,6,31,29,159,158,3,0.01875
38,54,6,6,31,29,157,157,3,0.01875
38,55,7,6,29,34,123,124,1,0.00625
38,56,0,7,25,26,81,81,1,0.00625
38,57,1,7,27,31,115,115,1,0.00625
38,58,2,7,27,31,113,117,1,0.00625
38,59,3,7,23,31,108,109,2,0.0125
38,60,4,7,40,29,119,120,0,0.0
38,61,5,7,38,31,134,132,1,0.00625
38,62,6,7,29,30,118,118,2,0.0125
38,63,7,7,23,32,85,83,1,0.00625
39,0,0,0,31,24,91,89,2,0.0125
39,1,1,0,31,19,117,116,1,0.00625
39,2,2,0,28,26,121,121,1,0.00625
39,3,3,0,29,29,124,122,2,0.0125
39,4,4,0,30,30,121,123,0,0.0
39,5,5,0,39,29,134,134,2,0.0125
39,6,6,0,28,37,136,138,2,0.0125
39,7,7,0,31,33,94,98,0,0.0
39,8,0,1,38,38,125,124,5,0.03125
39,9,1,1,34,28,143,145,0,0.0
39,10,2,1,35,33,153,151,5,0.03125
39,11,3,1,37,27,152,152,3,0.01875
39,12,4,1,26,27,147,145,2,0.0125
39,13,5,1,37,32,152,152,1,0.00625
39,14,6,1,29,37,168,169,2,0.0125
39,15,7,1,27,29,121,123,1,0.00625
39,16,0,2,27,28,107,106,3,0.01875
39,17,1,2,30,33,143,138,4,0.025
39,18,2,2,31,33,149,149,1,0.00625
39,19,3,2,34,32,163,161,3,0.01875
39,20,4,2,33,37,163,157,4,0.025
39,21,5,2,28,29,143,146,0,0.0
39,22,6,2,34,35,161,161,1,0.00625
39,23,7,2,33,29,128,127,2,0.0125
39,24,0,3,24,29,110,113,0,0.0
39,25,1,3,30,25,135,137,1,0.00625
39,26,2,3,27,28,142,143,1,0.00625
39,27,3,3,22,34,144,144,0,0.0
39,28,4,3,29,32,141,141,3,0.01875
39,29,5,3,25,29,142,144,2,0.0125
39,30,6,3,38,26,154,153,3,0.01875
39,31,7,3,31,33,136,134,3,0.01875
39,32,0,4,31,34,114,116,1,0.00625
39,33,1,4,32,26,134,136,1,0.00625
39,34,2,4,27,29,131,133,1,0.00625
39,35,3,4,35,27,145,143,2,0.0125
39,36,4,4,28,21,138,137,2,0.0125
39,37,5,4,39,27,146,148,0,0.0
39,38,6,4,36,24,157,157,3,0.01875
39,39,7,4,23,37,128,131,0,0.0
39,40,0,5,26,25,103,103,0,0.0
39,41,1,5,28,33,132,134,2,0.0125
39,42,2,5,33,29,137,136,1,0.00625
39,43,3,5,30,29,149,151,1,0.00625
39,44,4,5,31,34,154,155,2,0.0125
39,45,5,5,27,32,144,142,1,0.00625
39,46,6,5,40,37,162,159,3,0.01875
39,47,7,5,27,36,133,132,2,0.0125
39,48,0,6,25,27,101,103,1,0.00625
39,49,1,6,24,28,126,123,2,0.0125
39,50,2,6,35,28,127,131,0,0.0
39,51,3,6,38,34,158,160,4,0.025
39,52,4,6,31,29,150,148,1,0.00625
39,53,5,6,37,32,146,144,3,0.01875
39,54,6,6,24,28,137,139,3,0.01875
39,55,7,6,26,40,121,120,2,0.0125
39,56,0,7,24,24,75,74,1,0.00625
39,57,1,7,25,25,98,99,2,0.0125
39,58,2,7,29,23,102,101,1,0.00625
39,59,3,7,32,35,123,125,0,0.0
39,60,4,7,26,39,127,125,1,0.00625
39,61,5,7,28,28,112,114,1,0.00625
39,62,6,7,32,33,128,128,0,0.0
39,63,7,7,33,27,89,92,0,0.0
40,0,0,0,30,33,86,87,0,0.0
40,1,1,0,32,33,118,116,3,0.01875
40,2,2,0,26,26,102,101,1,0.00625
40,3,3,0,27,34,106,109,0,0.0
40,4,4,0,28,27,105,102,2,0.0125
40,5,5,0,25,30,102,104,0,0.0
40,6,6,0,32,29,107,108,1,0.00625
40,7,7,0,20,33,83,83,0,0.0
40,8,0,1,36,25,129,132,2,0.0125
40,9,1,1,27,29,167,167,0,0.0
40,10,2,1,26,27,144,147,2,0.0125
40,11,3,1,29,24,152,151,1,0.00625
40,12,4,1,21,30,140,142,2,0.0125
40,13,5,1,26,29,135,137,0,0.0
40,14,6,1,30,27,148,149,2,0.0125
40,15,7,1,34,30,125,125,1,0.00625
40,16,0,2,22,34,126,123,3,0.01875
40,17,1,2,29,38,155,155,3,0.01875
40,18,2,2,28,32,150,152,1,0.00625
40,19,3,2,32,29,151,153,1,0.00625
40,20,4,2,25,31,146,150,1,0.00625
40,21,5,2,35,18,146,141,3,0.01875
40,22,6,2,29,30,152,152,1,0.00625
40,23,7,2,31,31,120,122,1,0.00625
40,24,0,3,31,34,129,126,2,0.0125
40,25,1,3,29,21,145,144,1,0.00625
40,26,2,3,38,30,152,147,4,0.025
40,27,3,3,24,28,151,150,2,0.0125
40,28,4,3,35,32,146,147,2,0.0125
40,29,5,3,28,28,147,146,1,0.00625
40,30,6,3,35,34,157,157,0,0.0
40,31,7,3,29,29,123,126,2,0.0125
40,32,0,4,30,27,119,120,0,0.0
40,33,1,4,25,30,154,153,2,0.0125
40,34,2,4,24,26,137,136,2,0.0125
40,35,3,4,28,36,153,156,0,0.0
40,36,4,4,36,24,143,144,2,0.0125
40,37,5,4,23,35,151,151,2,0.0125
40,38,6,4,32,29,142,140,3,0.01875
40,39,7,4,28,36,129,128,1,0.00625
40,40,0,5,32,27,125,122,2,0.0125
40,41,1,5,29,30,159,159,1,0.00625
40,42,2,5,29,28,147,149,2,0.0125
40,43,3,5,35,24,157,157,2,0.0125
40,44,4,5,27,27,147,148,1,0.00625
40,45,5,5,25,33,145,143,3,0.01875
40,46,6,5,30,24,140,145,0,0.0
40,47,7,5,33,32,129,130,1,0.00625
40,48,0,6,26,29,129,127,2,0.0125
40,49,1,6,33,28,165,165,2,0.0125
40,50,2,6,29,27,162,159,2,0.0125
40,51,3,6,35,33,173,174,3,0.01875
40,52,4,6,25,38,164,163,3,0.01875
40,53,5,6,33,27,149,153,1,0.00625
40,54,6,6,35,25,158,158,2,0.0125
40,55,7,6,31,34,130,131,0,0.0
40,56,0,7,36,40,107,109,1,0.00625
40,57,1,7,26,28,122,122,1,0.00625
40,58,2,7,37,32,128,127,2,0.0125
40,59,3,7,27,30,125,121,2,0.0125
40,60,4,7,28,37,120,121,0,0.0
40,61,5,7,28,27,113,113,0,0.0
40,62,6,7,26,38,121,121,1,0.00625
40,63,7,7,29,34,92,92,0,0.0
41,0,0,0,22,31,85,85,1,0.00625
41,1,1,0,26,27,107,109,1,0.00625
41,2,2,0,33,27,120,122,1,0.00625
41,3,3,0,26,29,118,116,3,0.01875
41,4,4,0,35,34,127,129,0,0.0
41,5,5,0,33,30,131,129,2,0.0125
41,6,6,0,40,20,124,122,2,0.0125
41,7,7,0,30,19,90,90,1,0.00625
41,8,0,1,22,29,103,103,1,0.00625
41,9,1,1,23,27,120,119,1,0.00625
41,10,2,1,27,29,126,125,4,0.025
41,11,3,1,28,35,135,136,1,0.00625
41,12,4,1,33,24,144,140,3,0.01875
41,13,5,1,27,35,150,150,1,0.00625
41,14,6,1,27,32,127,128,0,0.0
41,15,7,1,26,40,114,110,3,0.01875
41,16,0,2,28,23,109,113,0,0.0
41,17,1,2,29,25,140,140,2,0.0125
41,18,2,2,26,21,129,131,0,0.0
41,19,3,2,27,26,136,136,1,0.00625
41,20,4,2,31,26,150,149,2,0.0125
41,21,5,2,34,33,157,159,4,0.025
41,22,6,2,28,25,139,139,2,0.0125
41,23,7,2,30,27,107,104,2,0.0125
41,24,0,3,31,28,119,121,1,0.00625
41,25,1,3,29,29,151,146,2,0.0125
41,26,2,3,31,29,147,146,5,0.03125
41,27,3,3,20,29,138,140,0,0.0
41,28,4,3,25,27,144,142,3,0.01875
41,29,5,3,25,30,149,152,0,0.0
41,30,6,3,24,35,141,140,3,0.01875
41,31,7,3,35,27,113,110,3,0.01875
41,32,0,4,33,28,116,113,0,0.0
41,33,1,4,37,34,149,149,2,0.0125
41,34,2,4,28,29,141,139,1,0.00625
41,35,3,4,28,33,138,139,0,0.0
41,36,4,4,29,21,141,140,2,0.0125
41,37,5,4,28,31,146,145,1,0.00625
41,38,6,4,25,25,123,125,2,0.0125
41,39,7,4,26,28,101,99,1,0.00625
41,40,0,5,31,26,120,121,1,0.00625
41,41,1,5,20,30,147,146,2,0.0125
41,42,2,5,34,35,153,151,3,0.01875
41,43,3,5,30,29,150,152,0,0.0
41,44,4,5,33,30,167,167,1,0.00625
41,45,5,5,26,31,160,164,1,0.00625
41,46,6,5,27,27,138,133,2,0.0125
41,47,7,5,36,25,112,110,3,0.01875
41,48,0,6,28,36,114,115,1,0.00625
41,49,1,6,39,33,147,148,1,0.00625
41,50,2,6,32,24,140,141,2,0.0125
41,51,3,6,25,27,131,131,2,0.0125
41,52,4,6,34,31,150,148,3,0.01875
41,53,5,6,30,31,153,151,2,0.0125
41,54,6,6,28,25,129,130,1,0.00625
41,55,7,6,27,25,107,107,1,0.00625
41,56,0,7,29,23,79,78,1,0.00625
41,57,1,7,26,27,109,109,0,0.0
41,58,2,7,22,38,116,117,1,0.00625
41,59,3,7,34,29,117,119,0,0.0
41,60,4,7,37,27,127,127,1,0.00625
41,61,5,7,22,28,114,114,0,0.0
41,62,6,7,30,28,108,106,3,0.01875
41,63,7,7,26,30,84,82,1,0.00625
42,0,0,0,30,27,79,79,2,0.0125
42,1,1,0,31,33,117,117,0,0.0
42,2,2,0,34,28,117,115,3,0.01875
42,3,3,0,38,23,115,115,2,0.0125
42,4,4,0,24,34,116,115,2,0.0125
42,5,5,0,25,35,105,106,2,0.0125
42,6,6,0,29,27,104,107,0,0.0
42,7,7,0,24,35,90,90,0,0.0
42,8,0,1,22,25,105,107,0,0.0
42,9,1,1,29,27,143,145,0,0.0
42,10,2,1,37,32,154,157,1,0.00625
42,11,3,1,30,30,156,155,2,0.0125
42,12,4,1,40,36,174,176,1,0.00625
42,13,5,1,25,23,154,151,3,0.01875
42,14,6,1,35,27,145,143,3,0.01875
42,15,7,1,25,34,126,133,0,0.0
42,16,0,2,32,33,126,126,2,0.0125
42,17,1,2,32,22,159,158,4,0.025
42,18,2,2,30,29,158,154,1,0.00625
42,19,3,2,34,39,165,168,0,0.0
42,20,4,2,35,32,169,170,2,0.0125
42,21,5,2,22,40,168,168,1,0.00625
42,22,6,2,33,27,144,147,0,0.0
42,23,7,2,37,34,141,143,1,0.00625
42,24,0,3,30,37,121,119,2,0.0125
42,25,1,3,35,33,152,155,2,0.0125
42,26,2,3,31,32,149,154,1,0.00625
42,27,3,3,32,28,143,142,0,0.0
42,28,4,3,28,37,145,149,1,0.00625
42,29,5,3,29,35,140,138,1,0.00625
42,30,6,3,30,22,121,121,1,0.00625
42,31,7,3,18,33,113,116,0,0.0
42,32,0,4,29,31,111,112,1,0.00625
42,33,1,4,31,25,149,148,2,0.0125
42,34,2,4,35,34,154,153,3,0.01875
42,35,3,4,32,33,149,144,3,0.01875
42,36,4,4,28,29,144,147,0,0.0
42,37,5,4,26,24,135,138,0,0.0
42,38,6,4,33,25,140,139,3,0.01875
42,39,7,4,27,29,125,126,1,0.00625
42,40,0,5,26,24,108,108,3,0.01875
42,41,1,5,30,32,149,149,2,0.0125
42,42,2,5,35,31,153,155,0,0.0
42,43,3,5,27,31,152,150,1,0.00625
42,44,4,5,28,27,145,141,1,0.00625
42,45,5,5,31,31,150,151,0,0.0
42,46,6,5,35,28,151,152,4,0.025
42,47,7,5,28,36,134,135,3,0.01875
42,48,0,6,28,30,115,117,1,0.00625
42,49,1,6,28,24,145,144,1,0.00625
42,50,2,6,37,29,156,155,3,0.01875
42,51,3,6,25,37,150,150,2,0.0125
42,52,4,6,31,27,143,145,2,0.0125
42,53,5,6,26,31,146,148,0,0.0
42,54,6,6,26,30,138,138,1,0.00625
42,55,7,6,27,36,124,123,2,0.0125
42,56,0,7,31,31,92,93,0,0.0
42,57,1,7,31,27,123,124,0,0.0
42,58,2,7,29,33,123,120,2,0.0125
42,59,3,7,34,37,126,126,1,0.00625
42,60,4,7,29,24,118,118,1,0.00625
42,61,5,7,28,35,128,128,0,0.0
42,62,6,7,36,28,121,123,2,0.0125
42,63,7,7,31,24,89,91,0,0.0
43,0,0,0,28,27,77,77,2,0.0125
43,1,1,0,33,36,118,118,0,0.0
43,2,2,0,28,30,111,113,0,0.0
43,3,3,0,24,29,104,105,0,0.0
43,4,4,0,35,29,113,109,2,0.0125
43,5,5,0,24,25,106,104,2,0.0125
43,6,6,0,21,33,103,101,3,0.01875
43,7,7,0,23,36,81,80,1,0.00625
43,8,0,1,23,19,99,98,0,0.0
43,9,1,1,29,31,146,144,1,0.00625
43,10,2,1,33,33,157,153,4,0.025
43,11,3,1,30,31,150,151,1,0.00625
43,12,4,1,32,27,145,146,2,0.0125
43,13,5,1,32,33,152,151,3,0.01875
43,14,6,1,36,21,152,154,1,0.00625
43,15,7,1,34,21,127,122,5,0.03125
43,16,0,2,25,28,120,121,1,0.00625
43,17,1,2,27,24,145,150,2,0.0125
43,18,2,2,30,27,153,156,0,0.0
43,19,3,2,29,31,151,147,2,0.0125
43,20,4,2,30,31,155,156,2,0.0125
43,21,5,2,29,32,149,150,3,0.01875
43,22,6,2,26,31,161,158,2,0.0125
43,23,7,2,37,38,134,134,1,0.00625
43,24,0,3,30,38,120,122,1,0.00625
43,25,1,3,25,26,143,142,4,0.025
43,26,2,3,30,30,145,144,2,0.0125
43,27,3,3,32,29,143,143,0,0.0
43,28,4,3,25,26,146,145,1,0.00625
43,29,5,3,36,27,144,143,2,0.0125
43,30,6,3,33,27,164,164,1,0.00625
43,31,7,3,29,27,124,121,1,0.00625
43,32,0,4,28,22,110,108,1,0.00625
43,33,1,4,23,32,146,147,2,0.0125
43,34,2,4,31,27,139,141,1,0.00625
43,35,3,4,36,28,145,147,1,0.00625
43,36,4,4,38,35,161,160,2,0.0125
43,37,5,4,20,24,133,130,2,0.0125
43,38,6,4,34,38,151,151,2,0.0125
43,39,7,4,26,31,124,126,0,0.0
43,40,0,5,23,26,109,109,2,0.0125
43,41,1,5,24,30,139,142,0,0.0
43,42,2,5,21,24,126,126,1,0.00625
43,43,3,5,23,33,128,129,1,0.00625
43,44,4,5,31,36,148,149,3,0.01875
43,45,5,5,30,33,147,146,2,0.0125
43,46,6,5,32,21,144,144,2,0.0125
43,47,7,5,31,34,130,126,5,0.03125
43,48,0,6,35,28,122,117,4,0.025
43,49,1,6,33,26,153,153,1,0.00625
43,50,2,6,28,24,145,145,1,0.00625
43,51,3,6,26,23,139,140,1,0.00625
43,52,4,6,29,27,143,144,2,0.0125
43,53,5,6,22,28,141,141,1,0.00625
43,54,6,6,32,32,156,154,2,0.0125
43,55,7,6,36,30,128,129,1,0.00625
43,56,0,7,32,26,89,90,0,0.0
43,57,1,7,29,30,118,117,1,0.00625
43,58,2,7,25,29,112,114,1,0.00625
43,59,3,7,30,31,119,120,0,0.0
43,60,4,7,25,28,111,112,1,0.00625
43,61,5,7,35,30,116,114,3,0.01875
43,62,6,7,28,23,115,118,0,0.0
43,63,7,7,31,30,92,91,2,0.0125
44,0,0,0,31,32,90,89,1,0.00625
44,1,1,0,24,34,115,114,1,0.00625
44,2,2,0,25,32,109,107,1,0.00625
44,3,3,0,26,34,112,112,2,0.0125
44,4,4,0,29,30,113,116,1,0.00625
44,5,5,0,33,34,125,126,3,0.01875
44,6,6,0,29,30,119,118,0,0.0
44,7,7,0,28,26,82,81,2,0.0125
44,8,0,1,38,28,127,125,1,0.00625
44,9,1,1,32,27,162,161,2,0.0125
44,10,2,1,23,23,142,147,1,0.00625
44,11,3,1,32,25,148,146,1,0.00625
44,12,4,1,32,26,152,151,2,0.0125
44,13,5,1,32,31,162,161,4,0.025
44,14,6,1,33,33,159,157,2,0.0125
44,15,7,1,29,28,118,120,1,0.00625
44,16,0,2,28,32,124,123,0,0.0
44,17,1,2,30,32,156,155,1,0.00625
44,18,2,2,28,35,158,156,3,0.01875
44,19,3,2,44,27,167,168,3,0.01875
44,20,4,2,32,32,170,170,1,0.00625
44,21,5,2,27,33,162,162,1,0.00625
44,22,6,2,27,28,143,142,2,0.0125
44,23,7,2,32,33,117,117,2,0.0125
44,24,0,3,33,32,126,124,0,0.0
44,25,1,3,29,27,148,149,1,0.00625
44,26,2,3,27,31,145,148,0,0.0
44,27,3,3,21,29,144,144,1,0.00625
44,28,4,3,27,42,151,148,1,0.00625
44,29,5,3,26,38,155,155,1,0.00625
44,30,6,3,27,27,142,143,2,0.0125
44,31,7,3,28,24,109,112,0,0.0
44,32,0,4,29,28,123,125,0,0.0
44,33,1,4,30,32,161,161,0,0.0
44,34,2,4,28,31,159,158,3,0.01875
44,35,3,4,26,30,161,162,1,0.00625
44,36,4,4,33,22,156,157,1,0.00625
44,37,5,4,23,27,156,157,2,0.0125
44,38,6,4,24,27,144,146,1,0.00625
44,39,7,4,38,28,121,119,0,0.0
44,40,0,5,34,37,131,133,0,0.0
44,41,1,5,28,29,156,153,1,0.00625
44,42,2,5,20,30,147,144,2,0.0125
44,43,3,5,32,28,150,150,1,0.00625
44,44,4,5,29,31,155,157,1,0.00625
44,45,5,5,28,37,158,157,1,0.00625
44,46,6,5,24,23,138,138,1,0.00625
44,47,7,5,29,24,107,110,1,0.00625
44,48,0,6,31,34,121,126,0,0.0
44,49,1,6,31,32,156,156,2,0.0125
44,50,2,6,30,29,151,152,2,0.0125
44,51,3,6,28,20,142,142,0,0.0
44,52,4,6,33,27,148,146,2,0.0125
44,53,5,6,35,31,157,157,1,0.00625
44,54,6,6,33,28,156,159,1,0.00625
44,55,7,6,29,25,119,117,2,0.0125
44,56,0,7,31,33,91,90,1,0.00625
44,57,1,7,35,34,129,130,1,0.00625
44,58,2,7,35,34,129,131,1,0.00625
44,59,3,7,30,29,124,121,3,0.01875
44,60,4,7,32,25,117,117,2,0.0125
44,61,5,7,32,31,126,125,2,0.0125
44,62,6,7,31,32,126,124,2,0.0125
44,63,7,7,29,37,97,97,1,0.00625
45,0,0,0,30,28,93,95,1,0.00625
45,1,1,0,27,22,113,113,2,0.0125
45,2,2,0,28,27,117,115,2,0.0125
45,3,3,0,32,32,129,129,2,0.0125
45,4,4,0,28,29,124,123,2,0.0125
45,5,5,0,23,28,116,116,2,0.0125
45,6,6,0,25,32,119,122,1,0.00625
45,7,7,0,37,32,96,99,0,0.0
45,8,0,1,28,33,125,123,2,0.0125
45,9,1,1,34,32,150,148,5,0.03125
45,10,2,1,32,24,150,149,0,0.0
45,11,3,1,29,26,152,153,1,0.00625
45,12,4,1,33,32,155,154,1,0.00625
45,13,5,1,31,28,151,155,1,0.00625
45,14,6,1,29,27,155,157,1,0.00625
45,15,7,1,33,27,121,121,0,0.0
45,16,0,2,32,35,128,130,0,0.0
45,17,1,2,34,31,155,153,2,0.0125
45,18,2,2,33,28,161,160,2,0.0125
45,19,3,2,25,30,158,161,0,0.0
45,20,4,2,19,27,140,138,1,0.00625
45,21,5,2,22,31,135,137,0,0.0
45,22,6,2,36,34,161,163,1,0.00625
45,23,7,2,35,29,134,134,1,0.00625
45,24,0,3,25,36,117,117,3,0.01875
45,25,1,3,20,31,135,135,1,0.00625
45,26,2,3,18,32,133,130,3,0.01875
45,27,3,3,30,31,146,143,4,0.025
45,28,4,3,34,30,149,150,4,0.025
45,29,5,3,34,19,147,148,1,0.00625
45,30,6,3,28,26,152,154,1,0.00625
45,31,7,3,38,37,132,132,1,0.00625
45,32,0,4,31,34,121,121,1,0.00625
45,33,1,4,23,26,134,134,1,0.00625
45,34,2,4,28,19,134,133,3,0.01875
45,35,3,4,26,18,138,141,0,0.0
45,36,4,4,27,26,138,136,3,0.01875
45,37,5,4,27,33,145,147,0,0.0
45,38,6,4,35,35,157,156,2,0.0125
45,39,7,4,29,30,126,126,1,0.00625
45,40,0,5,30,34,118,117,1,0.00625
45,41,1,5,31,28,142,143,2,0.0125
45,42,2,5,39,24,149,151,3,0.01875
45,43,3,5,32,27,157,157,0,0.0
45,44,4,5,26,24,131,131,2,0.0125
45,45,5,5,27,26,135,134,3,0.01875
45,46,6,5,31,24,139,141,1,0.00625
45,47,7,5,26,32,124,126,1,0.00625
45,48,0,6,26,25,112,110,1,0.00625
45,49,1,6,27,34,143,145,2,0.0125
45,50,2,6,35,30,154,151,1,0.00625
45,51,3,6,26,37,159,158,4,0.025
45,52,4,6,31,31,149,146,4,0.025
45,53,5,6,33,25,145,146,1,0.00625
45,54,6,6,32,26,151,149,2,0.0125
45,55,7,6,28,34,126,126,1,0.00625
45,56,0,7,28,29,82,81,1,0.00625
45,57,1,7,27,27,103,103,0,0.0
45,58,2,7,32,25,113,112,0,0.0
45,59,3,7,27,35,117,118,2,0.0125
45,60,4,7,28,27,106,107,0,0.0
45,61,5,7,28,29,110,112,1,0.00625
45,62,6,7,34,35,120,120,1,0.00625
45,63,7,7,24,28,87,85,2,0.0125
46,0,0,0,33,26,98,97,1,0.00625
46,1,1,0,30,29,135,133,2,0.0125
46,2,2,0,35,34,140,144,0,0.0
46,3,3,0,27,28,134,133,1,0.00625
46,4,4,0,23,21,114,114,1,0.00625
46,5,5,0,27,34,122,123,1,0.00625
46,6,6,0,28,34,122,121,1,0.00625
46,7,7,0,36,34,93,92,0,0.0
46,8,0,1,36,40,127,129,1,0.00625
46,9,1,1,25,33,151,154,1,0.00625
46,10,2,1,34,34,151,150,3,0.01875
46,11,3,1,31,37,155,155,1,0.00625
46,12,4,1,34,28,139,142,1,0.00625
46,13,5,1,35,25,153,152,2,0.0125
46,14,6,1,32,25,146,147,1,0.00625
46,15,7,1,25,23,113,112,2,0.0125
46,16,0,2,32,25,119,116,2,0.0125
46,17,1,2,31,36,160,163,1,0.00625
46,18,2,2,25,27,149,150,1,0.00625
46,19,3,2,30,32,150,146,3,0.01875
46,20,4,2,25,32,140,141,2,0.0125
46,21,5,2,38,36,167,165,1,0.00625
46,22,6,2,41,36,180,179,2,0.0125
46,23,7,2,33,33,137,137,2,0.0125
46,24,0,3,31,34,134,132,2,0.0125
46,25,1,3,28,31,158,161,0,0.0
46,26,2,3,28,33,159,161,1,0.00625
46,27,3,3,41,28,161,163,2,0.0125
46,28,4,3,28,29,159,160,2,0.0125
46,29,5,3,31,24,158,159,0,0.0
46,30,6,3,29,37,168,166,1,0.00625
46,31,7,3,33,40,135,136,1,0.00625
46,32,0,4,25,38,123,121,3,0.01875
46,33,1,4,27,31,143,142,1,0.00625
46,34,2,4,37,28,154,151,6,0.0375
46,35,3,4,33,27,154,151,1,0.00625
46,36,4,4,32,42,162,161,2,0.0125
46,37,5,4,23,29,151,150,2,0.0125
46,38,6,4,37,33,155,154,3,0.01875
46,39,7,4,29,28,123,124,1,0.00625
46,40,0,5,30,31,113,110,2,0.0125
46,41,1,5,38,25,147,146,1,0.00625
46,42,2,5,29,25,150,150,2,0.0125
46,43,3,5,26,34,140,138,3,0.01875
46,44,4,5,31,37,139,140,1,0.00625
46,45,5,5,33,32,153,155,0,0.0
46,46,6,5,32,24,148,147,2,0.0125
46,47,7,5,25,37,120,120,1,0.00625
46,48,0,6,35,24,113,112,4,0.025
46,49,1,6,27,27,145,143,1,0.00625
46,50,2,6,32,37,157,158,2,0.0125
46,51,3,6,30,29,147,148,1,0.00625
46,52,4,6,33,27,137,140,1,0.00625
46,53,5,6,33,32,166,163,2,0.0125
46,54,6,6,32,34,161,163,1,0.00625
46,55,7,6,29,31,120,123,1,0.00625
46,56,0,7,29,28,86,87,0,0.0
46,57,1,7,35,31,126,126,0,0.0
46,58,2,7,29,29,118,118,1,0.00625
46,59,3,7,22,30,109,108,3,0.01875
46,60,4,7,37,28,114,114,0,0.0
46,61,5,7,33,36,132,133,1,0.00625
46,62,6,7,30,31,124,122,2,0.0125
46,63,7,7,26,35,89,92,1,0.00625
47,0,0,0,32,30,93,93,1,0.00625
47,1,1,0,34,28,125,128,1,0.00625
47,2,2,0,27,30,122,119,3,0.01875
47,3,3,0,28,26,111,113,0,0.0
47,4,4,0,28,32,116,119,0,0.0
47,5,5,0,27,30,118,119,1,0.00625
47,6,6,0,33,30,127,127,2,0.0125
47,7,7,0,32,34,103,102,1,0.00625
47,8,0,1,31,32,119,117,3,0.01875
47,9,1,1,26,34,140,141,1,0.00625
47,10,2,1,27,31,143,145,0,0.0
47,11,3,1,26,28,137,136,0,0.0
47,12,4,1,28,29,141,142,0,0.0
47,13,5,1,39,26,152,153,2,0.0125
47,14,6,1,25,29,156,152,4,0.025
47,15,7,1,27,35,124,122,3,0.01875
47,16,0,2,33,24,115,114,1,0.00625
47,17,1,2,33,30,151,151,1,0.00625
47,18,2,2,29,29,146,144,2,0.0125
47,19,3,2,35,31,145,147,1,0.00625
47,20,4,2,36,25,155,157,1,0.00625
47,21,5,2,24,30,146,146,1,0.00625
47,22,6,2,29,39,154,155,1,0.00625
47,23,7,2,31,23,121,119,5,0.03125
47,24,0,3,31,28,114,117,1,0.00625
47,25,1,3,31,33,147,144,3,0.01875
47,26,2,3,31,31,151,148,3,0.01875
47,27,3,3,31,26,140,138,3,0.01875
47,28,4,3,25,34,153,152,2,0.0125
47,29,5,3,40,35,157,153,3,0.01875
47,30,6,3,40,25,162,161,2,0.0125
47,31,7,3,29,32,135,134,2,0.0125
47,32,0,4,33,28,123,126,1,0.00625
47,33,1,4,31,30,149,149,2,0.0125
47,34,2,4,35,32,156,160,2,0.0125
47,35,3,4,32,29,157,156,2,0.0125
47,36,4,4,30,31,156,158,1,0.00625
47,37,5,4,28,27,145,144,2,0.0125
47,38,6,4,33,38,166,168,0,0.0
47,39,7,4,39,38,148,145,2,0.0125
47,40,0,5,30,32,121,124,2,0.0125
47,41,1,5,31,32,149,149,1,0.00625
47,42,2,5,29,28,149,150,1,0.00625
47,43,3,5,29,37,157,159,2,0.0125
47,44,4,5,33,30,162,161,0,0.0
47,45,5,5,25,30,150,150,1,0.00625
47,46,6,5,28,28,148,149,1,0.00625
47,47,7,5,35,35,133,134,0,0.0
47,48,0,6,27,31,116,117,3,0.01875
47,49,1,6,29,31,145,148,0,0.0
47,50,2,6,36,35,157,157,1,0.00625
47,51,3,6,31,31,158,160,0,0.0
47,52,4,6,28,30,157,160,1,0.00625
47,53,5,6,30,34,151,150,3,0.01875
47,54,6,6,33,24,146,147,1,0.00625
47,55,7,6,34,28,132,130,3,0.01875
47,56,0,7,24,32,83,81,2,0.0125
47,57,1,7,26,31,110,109,1,0.00625
47,58,2,7,26,26,109,106,3,0.01875
47,59,3,7,34,37,121,122,3,0.01875
47,60,4,7,23,34,119,118,2,0.0125
47,61,5,7,35,29,114,112,1,0.00625
47,62,6,7,36,29,124,124,0,0.0
47,63,7,7,29,33,98,96,1,0.00625
48,0,0,0,20,31,86,86,1,0.00625
48,1,1,0,31,26,109,108,1,0.00625
48,2,2,0,26,25,114,115,1,0.00625
48,3,3,0,30,30,118,116,2,0.0125
48,4,4,0,30,30,125,125,1,0.00625
48,5,5,0,33,26,119,118,1,0.00625
48,6,6,0,37,35,133,134,0,0.0
48,7,7,0,32,26,91,92,1,0.00625
48,8,0,1,35,34,129,131,1,0.00625
48,9,1,1,26,21,137,137,2,0.0125
48,10,2,1,32,33,142,141,1,0.00625
48,11,3,1,28,27,140,143,0,0.0
48,12,4,1,37,30,155,152,1,0.00625
48,13,5,1,30,29,150,146,3,0.01875
48,14,6,1,25,32,143,146,1,0.00625
48,15,7,1,26,36,110,114,0,0.0
48,16,0,2,38,26,129,127,3,0.01875
48,17,1,2,27,36,160,158,1,0.00625
48,18,2,2,27,27,135,137,3,0.01875
48,19,3,2,34,30,152,149,2,0.0125
48,20,4,2,32,30,152,152,0,0.0
48,21,5,2,30,34,152,153,1,0.00625
48,22,6,2,28,28,143,142,3,0.01875
48,23,7,2,24,26,102,104,2,0.0125
48,24,0,3,34,30,130,127,5,0.03125
48,25,1,3,36,37,165,166,2,0.0125
48,26,2,3,34,28,152,154,2,0.0125
48,27,3,3,30,26,150,149,4,0.025
48,28,4,3,32,32,150,152,1,0.00625
48,29,5,3,36,30,152,156,0,0.0
48,30,6,3,30,27,159,161,1,0.00625
48,31,7,3,31,27,115,116,0,0.0
48,32,0,4,33,32,124,119,3,0.01875
48,33,1,4,35,31,153,153,2,0.0125
48,34,2,4,27,33,153,153,3,0.01875
48,35,3,4,35,33,151,151,4,0.025
48,36,4,4,38,31,158,158,2,0.0125
48,37,5,4,38,31,163,163,2,0.0125
48,38,6,4,37,36,175,173,0,0.0
48,39,7,4,27,34,121,121,2,0.0125
48,40,0,5,35,27,127,129,0,0.0
48,41,1,5,25,31,151,150,1,0.00625
48,42,2,5,26,38,144,143,2,0.0125
48,43,3,5,26,32,141,138,3,0.01875
48,44,4,5,23,33,142,139,2,0.0125
48,45,5,5,31,37,151,150,1,0.00625
48,46,6,5,32,36,160,159,1,0.00625
48,47,7,5,28,37,122,120,1,0.00625
48,48,0,6,36,32,138,139,2,0.0125
48,49,1,6,29,34,163,159,2,0.0125
48,50,2,6,24,19,135,135,2,0.0125
48,51,3,6,31,26,141,139,1,0.00625
48,52,4,6,25,25,139,137,1,0.00625
48,53,5,6,27,23,137,137,2,0.0125
48,54,6,6,37,32,162,160,1,0.00625
48,55,7,6,29,30,119,120,1,0.00625
48,56,0,7,32,34,104,104,2,0.0125
48,57,1,7,29,34,131,132,1,0.00625
48,58,2,7,29,31,124,128,0,0.0
48,59,3,7,29,25,122,124,1,0.00625
48,60,4,7,31,29,126,125,1,0.00625
48,61,5,7,30,24,121,122,1,0.00625
48,62,6,7,22,30,120,120,2,0.0125
48,63,7,7,37,34,94,95,1,0.00625
49,0,0,0,29,37,93,93,1,0.00625
49,1,1,0,31,32,122,121,3,0.01875
49,2,2,0,39,30,128,127,2,0.0125
49,3,3,0,31,29,124,126,0,0.0
49,4,4,0,32,33,120,120,1,0.00625
49,5,5,0,22,25,105,103,4,0.025
49,6,6,0,34,31,111,111,0,0.0
49,7,7,0,26,28,90,90,0,0.0
49,8,0,1,26,26,119,118,0,0.0
49,9,1,1,25,28,144,141,3,0.01875
49,10,2,1,36,29,150,147,3,0.01875
49,11,3,1,26,38,159,156,2,0.0125
49,12,4,1,35,31,153,155,2,0.0125
49,13,5,1,30,35,150,155,1,0.00625
49,14,6,1,23,18,132,131,2,0.0125
49,15,7,1,28,36,118,117,2,0.0125
49,16,0,2,27,32,125,129,2,0.0125
49,17,1,2,27,27,145,145,2,0.0125
49,18,2,2,27,22,139,140,1,0.00625
49,19,3,2,25,34,149,148,3,0.01875
49,20,4,2,32,25,154,150,1,0.00625
49,21,5,2,35,38,165,162,4,0.025
49,22,6,2,36,33,171,169,4,0.025
49,23,7,2,37,24,125,125,2,0.0125
49,24,0,3,38,30,133,136,1,0.00625
49,25,1,3,27,31,157,158,1,0.00625
49,26,2,3,37,26,154,154,3,0.01875
49,27,3,3,24,27,148,149,2,0.0125
49,28,4,3,22,29,141,141,1,0.00625
49,29,5,3,31,32,144,142,3,0.01875
49,30,6,3,28,34,150,152,0,0.0
49,31,7,3,30,34,123,121,1,0.00625
49,32,0,4,32,30,125,129,0,0.0
49,33,1,4,27,40,162,160,2,0.0125
49,34,2,4,36,32,147,148,2,0.0125
49,35,3,4,33,37,160,160,2,0.0125
49,36,4,4,33,25,149,152,0,0.0
49,37,5,4,24,23,134,133,3,0.01875
49,38,6,4,32,32,139,141,1,0.00625
49,39,7,4,24,26,115,116,1,0.00625
49,40,0,5,18,27,108,104,2,0.0125
49,41,1,5,27,34,132,133,2,0.0125
49,42,2,5,30,25,135,132,4,0.025
49,43,3,5,25,33,143,143,2,0.0125
49,44,4,5,27,32,138,139,3,0.01875
49,45,5,5,30,33,134,135,1,0.00625
49,46,6,5,27,26,129,130,1,0.00625
49,47,7,5,21,33,112,113,1,0.00625
49,48,0,6,31,26,125,123,3,0.01875
49,49,1,6,22,18,130,132,2,0.0125
49,50,2,6,30,29,138,137,2,0.0125
49,51,3,6,23,30,141,142,1,0.00625
49,52,4,6,29,26,138,138,2,0.0125
49,53,5,6,30,23,137,139,2,0.0125
49,54,6,6,28,29,147,147,1,0.00625
49,55,7,6,30,28,118,118,0,0.0
49,56,0,7,27,28,92,93,2,0.0125
49,57,1,7,27,31,125,122,3,0.01875
49,58,2,7,32,23,119,118,1,0.00625
49,59,3,7,30,28,130,129,1,0.00625
49,60,4,7,27,24,120,123,0,0.0
49,61,5,7,28,28,122,121,2,0.0125
49,62,6,7,31,30,128,131,0,0.0
49,63,7,7,39,27,101,98,2,0.0125
50,0,0,0,27,35,87,87,1,0.00625
50,1,1,0,29,25,99,102,0,0.0
50,2,2,0,30,24,104,105,1,0.00625
50,3,3,0,34,29,118,115,3,0.01875
50,4,4,0,33,29,118,115,3,0.01875
50,5,5,0,25,34,116,116,3,0.01875
50,6,6,0,32,30,114,115,0,0.0
50,7,7,0,27,32,93,92,1,0.00625
50,8,0,1,27,23,116,117,1,0.00625
50,9,1,1,26,27,130,132,2,0.0125
50,10,2,1,31,29,141,143,1,0.00625
50,11,3,1,29,31,146,149,1,0.00625
50,12,4,1,28,30,148,149,1,0.00625
50,13,5,1,26,27,147,145,2,0.0125
50,14,6,1,31,29,144,146,1,0.00625
50,15,7,1,28,32,122,124,1,0.00625
50,16,0,2,34,28,126,122,2,0.0125
50,17,1,2,32,28,139,141,1,0.00625
50,18,2,2,32,30,146,143,2,0.0125
50,19,3,2,33,30,151,154,1,0.00625
50,20,4,2,32,32,151,151,1,0.00625
50,21,5,2,26,27,143,145,2,0.0125
50,22,6,2,28,25,130,134,1,0.00625
50,23,7,2,23,31,116,116,1,0.00625
50,24,0,3,32,29,130,129,2,0.0125
50,25,1,3,29,32,148,147,1,0.00625
50,26,2,3,24,33,142,144,0,0.0
50,27,3,3,27,32,150,151,3,0.01875
50,28,4,3,34,32,157,156,2,0.0125
50,29,5,3,32,31,166,164,4,0.025
50,30,6,3,31,27,151,148,2,0.0125
50,31,7,3,33,30,122,125,0,0.0
50,32,0,4,38,31,135,133,1,0.00625
50,33,1,4,41,35,157,160,1,0.00625
50,34,2,4,31,25,145,145,1,0.00625
50,35,3,4,30,27,146,148,2,0.0125
50,36,4,4,27,24,144,136,5,0.03125
50,37,5,4,34,35,152,152,4,0.025
50,38,6,4,33,28,150,148,3,0.01875
50,39,7,4,27,31,123,123,1,0.00625
50,40,0,5,36,28,128,129,2,0.0125
50,41,1,5,35,39,162,161,1,0.00625
50,42,2,5,31,40,163,165,2,0.0125
50,43,3,5,33,32,158,158,3,0.01875
50,44,4,5,35,32,167,167,2,0.0125
50,45,5,5,36,24,171,169,1,0.00625
50,46,6,5,24,30,161,161,2,0.0125
50,47,7,5,41,32,131,130,2,0.0125
50,48,0,6,27,29,124,127,1,0.00625
50,49,1,6,18,32,134,135,1,0.00625
50,50,2,6,32,34,141,142,4,0.025
50,51,3,6,29,30,155,154,1,0.00625
50,52,4,6,28,31,157,159,1,0.00625
50,53,5,6,35,39,169,168,3,0.01875
50,54,6,6,29,38,162,163,0,0.0
50,55,7,6,32,27,121,122,1,0.00625
50,56,0,7,20,33,91,90,1,0.00625
50,57,1,7,25,29,110,112,0,0.0
50,58,2,7,26,19,106,105,2,0.0125
50,59,3,7,37,31,127,124,3,0.01875
50,60,4,7,32,30,129,129,0,0.0
50,61,5,7,30,28,125,124,2,0.0125
50,62,6,7,34,31,125,123,1,0.00625
50,63,7,7,32,35,94,97,2,0.0125
51,0,0,0,29,34,90,91,1,0.00625
51,1,1,0,26,26,112,112,1,0.00625
51,2,2,0,30,24,112,113,2,0.0125
51,3,3,0,27,33,116,118,1,0.00625
51,4,4,0,35,32,120,123,0,0.0
51,5,5,0,31,32,124,125,2,0.0125
51,6,6,0,36,22,117,113,2,0.0125
51,7,7,0,26,38,100,99,2,0.0125
51,8,0,1,41,30,127,125,4,0.025
51,9,1,1,28,25,145,145,2,0.0125
51,10,2,1,23,29,128,127,1,0.00625
51,11,3,1,35,27,147,146,0,0.0
51,12,4,1,35,30,152,150,1,0.00625
51,13,5,1,35,38,160,160,1,0.00625
51,14,6,1,31,30,143,141,2,0.0125
51,15,7,1,28,36,130,128,3,0.01875
51,16,0,2,28,23,109,114,1,0.00625
51,17,1,2,33,37,157,157,1,0.00625
51,18,2,2,28,26,134,137,2,0.0125
51,19,3,2,19,29,134,135,1,0.00625
51,20,4,2,31,33,145,146,3,0.01875
51,21,5,2,30,32,157,157,1,0.00625
51,22,6,2,27,32,149,145,4,0.025
51,23,7,2,31,30,124,125,2,0.0125
51,24,0,3,32,26,130,131,2,0.0125
51,25,1,3,38,29,170,170,1,0.00625
51,26,2,3,24,31,153,151,2,0.0125
51,27,3,3,27,29,144,145,3,0.01875
51,28,4,3,31,22,145,145,2,0.0125
51,29,5,3,25,33,155,158,1,0.00625
51,30,6,3,31,33,154,153,2,0.0125
51,31,7,3,38,27,133,130,2,0.0125
51,32,0,4,27,38,130,131,2,0.0125
51,33,1,4,25,33,150,150,2,0.0125
51,34,2,4,25,40,148,149,1,0.00625
51,35,3,4,31,23,138,139,1,0.00625
51,36,4,4,29,29,147,151,3,0.01875
51,37,5,4,31,29,156,156,1,0.00625
51,38,6,4,30,25,148,149,1,0.00625
51,39,7,4,31,28,122,123,1,0.00625
51,40,0,5,34,29,132,132,1,0.00625
51,41,1,5,32,29,160,161,1,0.00625
51,42,2,5,26,28,139,139,2,0.0125
51,43,3,5,30,25,140,140,3,0.01875
51,44,4,5,33,29,150,149,2,0.0125
51,45,5,5,19,34,142,143,1,0.00625
51,46,6,5,26,36,136,137,1,0.00625
51,47,7,5,25,30,118,117,2,0.0125
51,48,0,6,22,34,117,117,1,0.00625
51,49,1,6,39,39,160,158,2,0.0125
51,50,2,6,40,33,163,163,3,0.01875
51,51,3,6,35,24,157,155,3,0.01875
51,52,4,6,25,30,146,142,1,0.00625
51,53,5,6,30,30,147,150,0,0.0
51,54,6,6,31,18,140,139,1,0.00625
51,55,7,6,32,24,121,120,1,0.00625
51,56,0,7,35,26,94,94,2,0.0125
51,57,1,7,25,25,116,116,0,0.0
51,58,2,7,30,36,126,127,0,0.0
51,59,3,7,25,41,133,135,1,0.00625
51,60,4,7,32,32,131,128,3,0.01875
51,61,5,7,27,29,125,127,1,0.00625
51,62,6,7,33,35,138,140,0,0.0
51,63,7,7,40,25,102,103,1,0.00625
52,0,0,0,33,39,102,101,1,0.00625
52,1,1,0,31,33,127,124,2,0.0125
52,2,2,0,36,31,127,125,1,0.00625
52,3,3,0,31,24,124,123,2,0.0125
52,4,4,0,32,34,135,135,0,0.0
52,5,5,0,29,31,128,129,2,0.0125
52,6,6,0,31,31,127,128,1,0.00625
52,7,7,0,34,34,97,96,2,0.0125
52,8,0,1,35,29,128,129,2,0.0125
52,9,1,1,33,33,158,157,3,0.01875
52,10,2,1,32,28,143,146,0,0.0
52,11,3,1,32,36,146,146,1,0.00625
52,12,4,1,26,32,148,146,2,0.0125
52,13,5,1,30,35,151,151,3,0.01875
52,14,6,1,32,32,153,153,2,0.0125
52,15,7,1,24,30,118,121,0,0.0
52,16,0,2,29,27,127,127,1,0.00625
52,17,1,2,35,37,164,164,2,0.0125
52,18,2,2,32,31,168,165,2,0.0125
52,19,3,2,27,30,152,152,1,0.00625
52,20,4,2,29,28,152,153,2,0.0125
52,21,5,2,30,29,150,152,0,0.0
52,22,6,2,38,34,164,166,2,0.0125
52,23,7,2,34,31,138,136,2,0.0125
52,24,0,3,31,32,132,130,1,0.00625
52,25,1,3,31,29,147,148,1,0.00625
52,26,2,3,37,38,166,167,2,0.0125
52,27,3,3,36,34,165,166,0,0.0
52,28,4,3,33,24,162,162,1,0.00625
52,29,5,3,33,30,157,155,3,0.01875
52,30,6,3,32,27,151,152,2,0.0125
52,31,7,3,29,38,133,135,1,0.00625
52,32,0,4,39,31,134,132,4,0.025
52,33,1,4,26,29,149,149,1,0.00625
52,34,2,4,26,30,140,138,3,0.01875
52,35,3,4,38,37,160,155,3,0.01875
52,36,4,4,29,36,165,165,2,0.0125
52,37,5,4,35,32,152,154,2,0.0125
52,38,6,4,33,34,155,154,2,0.0125
52,39,7,4,25,34,126,127,1,0.00625
52,40,0,5,23,28,112,112,2,0.0125
52,41,1,5,26,34,139,138,2,0.0125
52,42,2,5,31,27,139,139,3,0.01875
52,43,3,5,37,27,149,150,2,0.0125
52,44,4,5,26,38,164,167,1,0.00625
52,45,5,5,31,27,145,144,1,0.00625
52,46,6,5,32,34,152,148,3,0.01875
52,47,7,5,26,36,121,125,0,0.0
52,48,0,6,25,25,118,116,2,0.0125
52,49,1,6,26,22,129,132,1,0.00625
52,50,2,6,32,26,147,149,1,0.00625
52,51,3,6,30,31,154,155,2,0.0125
52,52,4,6,26,39,157,161,1,0.00625
52,53,5,6,29,29,143,139,3,0.01875
52,54,6,6,33,29,145,142,3,0.01875
52,55,7,6,26,31,120,120,1,0.00625
52,56,0,7,30,33,99,98,4,0.025
52,57,1,7,31,23,119,116,3,0.01875
52,58,2,7,34,29,128,126,3,0.01875
52,59,3,7,37,36,140,140,2,0.0125
52,60,4,7,33,32,136,138,0,0.0
52,61,5,7,30,23,123,122,1,0.00625
52,62,6,7,34,23,123,122,0,0.0
52,63,7,7,38,32,103,99,4,0.025
53,0,0,0,30,40,100,100,1,0.00625
53,1,1,0,28,32,121,123,1,0.00625
53,2,2,0,34,26,117,118,2,0.0125
53,3,3,0,25,41,125,127,0,0.0
53,4,4,0,25,36,111,110,1,0.00625
53,5,5,0,34,29,110,112,0,0.0
53,6,6,0,25,26,103,103,2,0.0125
53,7,7,0,24,23,72,76,0,0.0
53,8,0,1,29,30,128,128,2,0.0125
53,9,1,1,31,34,155,157,1,0.00625
53,10,2,1,27,31,145,143,2,0.0125
53,11,3,1,26,36,162,162,1,0.00625
53,12,4,1,27,25,147,150,1,0.00625
53,13,5,1,25,21,133,133,1,0.00625
53,14,6,1,23,30,131,131,2,0.0125
53,15,7,1,29,26,102,101,0,0.0
53,16,0,2,35,28,138,138,0,0.0
53,17,1,2,35,30,165,164,2,0.0125
53,18,2,2,26,31,147,151,0,0.0
53,19,3,2,31,27,155,154,1,0.00625
53,20,4,2,30,30,153,156,0,0.0
53,21,5,2,30,29,149,147,1,0.00625
53,22,6,2,34,22,140,140,1,0.00625
53,23,7,2,29,25,105,107,1,0.00625
53,24,0,3,34,36,137,140,0,0.0
53,25,1,3,22,35,154,152,3,0.01875
53,26,2,3,33,33,144,142,2,0.0125
53,27,3,3,36,25,163,159,4,0.025
53,28,4,3,27,30,156,155,1,0.00625
53,29,5,3,32,29,148,150,1,0.00625
53,30,6,3,34,33,152,153,1,0.00625
53,31,7,3,29,31,115,114,1,0.00625
53,32,0,4,28,27,128,129,2,0.0125
53,33,1,4,26,35,156,157,1,0.00625
53,34,2,4,31,23,140,141,2,0.0125
53,35,3,4,28,33,164,167,1,0.00625
53,36,4,4,42,34,175,173,4,0.025
53,37,5,4,36,30,166,167,0,0.0
53,38,6,4,18,32,140,142,1,0.00625
53,39,7,4,32,33,106,107,0,0.0
53,40,0,5,36,31,139,140,1,0.00625
53,41,1,5,42,35,175,173,3,0.01875
53,42,2,5,30,24,156,156,2,0.0125
53,43,3,5,26,30,161,159,5,0.03125
53,44,4,5,30,31,156,151,3,0.01875
53,45,5,5,38,39,168,171,1,0.00625
53,46,6,5,32,32,165,164,4,0.025
53,47,7,5,36,19,108,104,2,0.0125
53,48,0,6,29,32,133,135,1,0.00625
53,49,1,6,31,35,163,160,0,0.0
53,50,2,6,31,39,161,161,1,0.00625
53,51,3,6,26,32,168,168,2,0.0125
53,52,4,6,24,22,154,150,2,0.0125
53,53,5,6,32,27,151,152,3,0.01875
53,54,6,6,26,39,163,166,1,0.00625
53,55,7,6,40,29,120,119,1,0.00625
53,56,0,7,29,34,100,102,1,0.00625
53,57,1,7,24,30,123,126,1,0.00625
53,58,2,7,38,30,130,133,0,0.0
53,59,3,7,37,28,141,141,2,0.0125
53,60,4,7,30,26,132,129,3,0.01875
53,61,5,7,28,24,118,114,4,0.025
53,62,6,7,22,35,119,117,1,0.00625
53,63,7,7,36,29,88,87,4,0.025
54,0,0,0,35,28,86,87,1,0.00625
54,1,1,0,37,30,122,123,1,0.00625
54,2,2,0,33,29,124,124,1,0.00625
54,3,3,0,36,35,134,135,0,0.0
54,4,4,0,24,41,129,130,0,0.0
54,5,5,0,31,27,114,113,0,0.0
54,6,6,0,19,30,116,117,1,0.00625
54,7,7,0,29,30,81,81,0,0.0
54,8,0,1,34,26,111,114,1,0.00625
54,9,1,1,29,31,152,150,3,0.01875
54,10,2,1,37,36,156,156,2,0.0125
54,11,3,1,27,32,153,153,2,0.0125
54,12,4,1,27,37,152,152,2,0.0125
54,13,5,1,28,27,131,132,1,0.00625
54,14,6,1,31,33,148,146,2,0.0125
54,15,7,1,25,21,108,107,0,0.0
54,16,0,2,32,27,115,116,0,0.0
54,17,1,2,31,33,161,160,2,0.0125
54,18,2,2,25,31,143,142,0,0.0
54,19,3,2,30,35,155,155,2,0.0125
54,20,4,2,30,27,158,156,1,0.00625
54,21,5,2,25,26,132,132,1,0.00625
54,22,6,2,28,29,146,146,2,0.0125
54,23,7,2,29,32,124,124,0,0.0
54,24,0,3,33,28,122,122,0,0.0
54,25,1,3,31,32,162,161,3,0.01875
54,26,2,3,33,30,152,154,1,0.00625
54,27,3,3,21,27,144,150,0,0.0
54,28,4,3,37,31,160,160,2,0.0125
54,29,5,3,30,28,148,143,4,0.025
54,30,6,3,38,27,158,157,0,0.0
54,31,7,3,35,33,134,132,3,0.01875
54,32,0,4,32,35,120,120,3,0.01875
54,33,1,4,27,32,152,149,1,0.00625
54,34,2,4,23,28,132,132,1,0.00625
54,35,3,4,34,34,150,149,3,0.01875
54,36,4,4,35,24,157,159,1,0.00625
54,37,5,4,36,31,160,157,2,0.0125
54,38,6,4,38,28,168,164,3,0.01875
54,39,7,4,28,37,131,128,0,0.0
54,40,0,5,29,30,125,123,3,0.01875
54,41,1,5,23,26,151,154,0,0.0
54,42,2,5,37,27,154,155,1,0.00625
54,43,3,5,28,21,158,160,2,0.0125
54,44,4,5,32,33,173,175,2,0.0125
54,45,5,5,24,38,157,155,2,0.0125
54,46,6,5,27,41,160,165,1,0.00625
54,47,7,5,41,33,136,134,5,0.03125
54,48,0,6,27,39,134,131,3,0.01875
54,49,1,6,33,27,162,163,1,0.00625
54,50,2,6,26,27,148,147,0,0.0
54,51,3,6,24,35,151,153,1,0.00625
54,52,4,6,40,33,167,168,1,0.00625
54,53,5,6,27,32,154,154,3,0.01875
54,54,6,6,34,25,151,151,3,0.01875
54,55,7,6,32,31,125,126,1,0.00625
54,56,0,7,36,37,100,102,0,0.0
54,57,1,7,27,26,116,117,0,0.0
54,58,2,7,31,31,116,115,1,0.00625
54,59,3,7,38,29,125,127,1,0.00625
54,60,4,7,26,22,113,113,2,0.0125
54,61,5,7,33,36,117,120,2,0.0125
54,62,6,7,28,29,114,116,1,0.00625
54,63,7,7,22,33,82,88,0,0.0
55,0,0,0,31,23,80,78,2,0.0125
55,1,1,0,38,32,129,129,1,0.00625
55,2,2,0,32,28,122,123,1,0.00625
55,3,3,0,34,27,114,111,3,0.01875
55,4,4,0,20,27,107,105,1,0.00625
55,5,5,0,34,34,113,109,5,0.03125
55,6,6,0,34,27,114,114,0,0.0
55,7,7,0,23,25,80,77,1,0.00625
55,8,0,1,31,26,109,109,1,0.00625
55,9,1,1,26,32,150,151,2,0.0125
55,10,2,1,23,38,149,148,1,0.00625
55,11,3,1,24,31,137,137,2,0.0125
55,12,4,1,22,33,136,137,0,0.0
55,13,5,1,31,20,138,137,2,0.0125
55,14,6,1,29,29,146,145,2,0.0125
55,15,7,1,26,32,114,113,1,0.00625
55,16,0,2,26,27,99,94,3,0.01875
55,17,1,2,29,35,138,139,2,0.0125
55,18,2,2,29,24,136,134,2,0.0125
55,19,3,2,30,26,132,132,2,0.0125
55,20,4,2,29,20,132,130,2,0.0125
55,21,5,2,33,22,145,145,1,0.00625
55,22,6,2,29,31,137,139,0,0.0
55,23,7,2,22,28,103,103,1,0.00625
55,24,0,3,28,22,102,101,2,0.0125
55,25,1,3,26,27,139,141,2,0.0125
55,26,2,3,26,28,149,147,3,0.01875
55,27,3,3,31,27,144,142,1,0.00625
55,28,4,3,36,30,155,157,2,0.0125
55,29,5,3,24,31,161,167,0,0.0
55,30,6,3,28,28,140,142,0,0.0
55,31,7,3,25,29,112,114,1,0.00625
55,32,0,4,25,31,98,101,0,0.0
55,33,1,4,35,26,137,135,2,0.0125
55,34,2,4,28,29,146,146,1,0.00625
55,35,3,4,27,25,128,128,1,0.00625
55,36,4,4,35,31,142,144,2,0.0125
55,37,5,4,24,40,159,158,3,0.01875
55,38,6,4,37,29,139,142,2,0.0125
55,39,7,4,22,32,118,120,0,0.0
55,40,0,5,34,18,111,111,2,0.0125
55,41,1,5,37,28,159,158,3,0.01875
55,42,2,5,28,35,168,169,2,0.0125
55,43,3,5,29,28,149,148,1,0.00625
55,44,4,5,26,26,139,142,2,0.0125
55,45,5,5,32,34,164,165,0,0.0
55,46,6,5,27,26,146,142,1,0.00625
55,47,7,5,30,36,120,124,1,0.00625
55,48,0,6,26,35,117,120,1,0.00625
55,49,1,6,19,33,139,138,1,0.00625
55,50,2,6,33,35,159,161,0,0.0
55,51,3,6,27,31,154,153,3,0.01875
55,52,4,6,25,26,144,141,4,0.025
55,53,5,6,34,27,167,165,2,0.0125
55,54,6,6,29,30,158,158,0,0.0
55,55,7,6,40,25,126,126,1,0.00625
55,56,0,7,29,36,89,85,3,0.01875
55,57,1,7,32,24,106,103,3,0.01875
55,58,2,7,26,22,103,104,0,0.0
55,59,3,7,25,32,106,103,2,0.0125
55,60,4,7,36,29,106,110,0,0.0
55,61,5,7,23,29,112,115,1,0.00625
55,62,6,7,32,31,111,112,0,0.0
55,63,7,7,20,30,81,80,1,0.00625
56,0,0,0,34,24,84,85,1,0.00625
56,1,1,0,28,27,114,113,1,0.00625
56,2,2,0,31,24,110,110,2,0.0125
56,3,3,0,34,29,124,123,1,0.00625
56,4,4,0,26,31,113,116,0,0.0
56,5,5,0,24,30,103,104,2,0.0125
56,6,6,0,25,25,99,99,2,0.0125
56,7,7,0,27,35,89,89,1,0.00625
56,8,0,1,28,24,100,100,1,0.00625
56,9,1,1,29,33,141,144,0,0.0
56,10,2,1,23,27,131,132,3,0.01875
56,11,3,1,29,33,137,139,1,0.00625
56,12,4,1,33,33,152,147,2,0.0125
56,13,5,1,28,26,139,136,2,0.0125
56,14,6,1,28,26,129,133,1,0.00625
56,15,7,1,27,28,117,120,0,0.0
56,16,0,2,23,25,95,98,1,0.00625
56,17,1,2,33,25,134,132,3,0.01875
56,18,2,2,22,34,137,138,2,0.0125
56,19,3,2,29,21,124,123,4,0.025
56,20,4,2,28,32,139,139,2,0.0125
56,21,5,2,27,30,141,143,0,0.0
56,22,6,2,31,28,140,138,1,0.00625
56,23,7,2,27,28,126,125,2,0.0125
56,24,0,3,31,25,108,109,1,0.00625
56,25,1,3,30,22,139,136,3,0.01875
56,26,2,3,28,34,136,138,0,0.0
56,27,3,3,35,24,141,140,2,0.0125
56,28,4,3,32,26,151,148,2,0.0125
56,29,5,3,30,30,151,146,3,0.01875
56,30,6,3,31,29,142,140,0,0.0
56,31,7,3,31,29,129,128,0,0.0
56,32,0,4,36,25,116,115,1,0.00625
56,33,1,4,25,33,149,154,0,0.0
56,34,2,4,31,26,134,133,3,0.01875
56,35,3,4,30,28,148,148,2,0.0125
56,36,4,4,35,32,161,161,1,0.00625
56,37,5,4,27,31,154,155,2,0.0125
56,38,6,4,35,29,141,140,1,0.00625
56,39,7,4,33,28,134,132,3,0.01875
56,40,0,5,30,29,118,120,1,0.00625
56,41,1,5,28,35,164,166,0,0.0
56,42,2,5,34,28,147,149,0,0.0
56,43,3,5,29,30,157,160,1,0.00625
56,44,4,5,26,32,158,157,0,0.0
56,45,5,5,31,39,166,163,3,0.01875
56,46,6,5,27,23,140,141,3,0.01875
56,47,7,5,42,36,141,138,5,0.03125
56,48,0,6,29,34,120,118,3,0.01875
56,49,1,6,30,37,150,151,2,0.0125
56,50,2,6,32,32,146,144,1,0.00625
56,51,3,6,37,31,162,161,1,0.00625
56,52,4,6,30,32,163,167,1,0.00625
56,53,5,6,29,26,148,151,0,0.0
56,54,6,6,23,30,137,136,0,0.0
56,55,7,6,32,28,118,118,1,0.00625
56,56,0,7,23,33,80,83,1,0.00625
56,57,1,7,23,26,100,102,2,0.0125
56,58,2,7,31,26,108,105,3,0.01875
56,59,3,7,34,33,122,125,0,0.0
56,60,4,7,32,36,134,133,0,0.0
56,61,5,7,22,31,111,109,2,0.0125
56,62,6,7,32,32,110,110,1,0.00625
56,63,7,7,29,23,86,84,2,0.0125
57,0,0,0,29,31,88,88,1,0.00625
57,1,1,0,26,21,106,103,3,0.01875
57,2,2,0,37,27,119,118,2,0.0125
57,3,3,0,29,35,124,127,0,0.0
57,4,4,0,34,32,122,121,0,0.0
57,5,5,0,30,34,125,127,1,0.00625
57,6,6,0,35,22,120,120,0,0.0
57,7,7,0,30,30,93,94,1,0.00625
57,8,0,1,31,26,117,114,2,0.0125
57,9,1,1,27,29,132,130,0,0.0
57,10,2,1,28,27,129,129,1,0.00625
57,11,3,1,29,35,151,151,1,0.00625
57,12,4,1,25,27,139,143,2,0.0125
57,13,5,1,35,31,154,159,0,0.0
57,14,6,1,27,31,139,137,2,0.0125
57,15,7,1,24,33,115,112,2,0.0125
57,16,0,2,30,25,119,118,2,0.0125
57,17,1,2,20,32,135,136,1,0.00625
57,18,2,2,36,21,136,136,2,0.0125
57,19,3,2,36,28,164,166,1,0.00625
57,20,4,2,32,30,162,161,3,0.01875
57,21,5,2,26,28,153,150,1,0.00625
57,22,6,2,25,36,139,139,2,0.0125
57,23,7,2,31,24,108,110,0,0.0
57,24,0,3,32,29,124,123,1,0.00625
57,25,1,3,28,30,141,141,3,0.01875
57,26,2,3,20,20,120,120,1,0.00625
57,27,3,3,31,31,145,145,2,0.0125
57,28,4,3,41,36,165,165,4,0.025
57,29,5,3,33,29,160,164,2,0.0125
57,30,6,3,23,26,127,127,1,0.00625
57,31,7,3,26,26,103,102,2,0.0125
57,32,0,4,27,30,127,127,1,0.00625
57,33,1,4,24,31,141,139,1,0.00625
57,34,2,4,32,28,148,146,2,0.0125
57,35,3,4,22,22,146,146,1,0.00625
57,36,4,4,36,29,151,148,4,0.025
57,37,5,4,25,38,163,166,0,0.0
57,38,6,4,33,31,150,152,1,0.00625
57,39,7,4,31,27,118,121,0,0.0
57,40,0,5,33,36,147,143,3,0.01875
57,41,1,5,32,29,154,154,1,0.00625
57,42,2,5,32,19,155,151,3,0.01875
57,43,3,5,37,34,177,176,1,0.00625
57,44,4,5,31,21,157,157,2,0.0125
57,45,5,5,28,30,161,158,5,0.03125
57,46,6,5,31,29,149,149,3,0.01875
57,47,7,5,37,33,127,130,0,0.0
57,48,0,6,30,42,141,140,1,0.00625
57,49,1,6,25,26,141,141,2,0.0125
57,50,2,6,29,27,145,146,2,0.0125
57,51,3,6,29,31,159,159,3,0.01875
57,52,4,6,30,32,155,154,1,0.00625
57,53,5,6,23,31,145,146,1,0.00625
57,54,6,6,27,27,134,137,1,0.00625
57,55,7,6,35,29,116,115,1,0.00625
57,56,0,7,24,32,93,92,1,0.00625
57,57,1,7,33,33,123,122,2,0.0125
57,58,2,7,35,28,127,130,1,0.00625
57,59,3,7,29,27,131,129,1,0.00625
57,60,4,7,28,32,123,122,1,0.00625
57,61,5,7,24,31,121,123,1,0.00625
57,62,6,7,29,22,115,114,1,0.00625
57,63,7,7,37,26,92,93,1,0.00625
58,0,0,0,33,31,95,94,1,0.00625
58,1,1,0,26,34,124,126,1,0.00625
58,2,2,0,33,39,128,126,4,0.025
58,3,3,0,29,26,124,122,1,0.00625
58,4,4,0,29,24,116,115,1,0.00625
58,5,5,0,31,30,128,126,2,0.0125
58,6,6,0,37,31,131,131,2,0.0125
58,7,7,0,34,28,96,95,2,0.0125
58,8,0,1,29,32,114,118,0,0.0
58,9,1,1,27,34,154,153,2,0.0125
58,10,2,1,33,26,152,152,3,0.01875
58,11,3,1,35,34,155,153,2,0.0125
58,12,4,1,27,31,141,139,2,0.0125
58,13,5,1,33,32,148,145,3,0.01875
58,14,6,1,23,34,150,153,1,0.00625
58,15,7,1,28,34,114,115,0,0.0
58,16,0,2,21,28,110,111,1,0.00625
58,17,1,2,34,27,148,151,1,0.00625
58,18,2,2,26,30,160,162,0,0.0
58,19,3,2,36,30,158,153,4,0.025
58,20,4,2,35,31,155,158,1,0.00625
58,21,5,2,27,26,148,149,3,0.01875
58,22,6,2,30,33,152,154,1,0.00625
58,23,7,2,30,27,114,113,1,0.00625
58,24,0,3,30,31,123,124,1,0.00625
58,25,1,3,25,23,146,148,2,0.0125
58,26,2,3,24,33,159,158,1,0.00625
58,27,3,3,24,32,145,148,0,0.0
58,28,4,3,31,35,156,155,2,0.0125
58,29,5,3,32,34,167,165,3,0.01875
58,30,6,3,36,27,164,164,1,0.00625
58,31,7,3,36,31,129,131,0,0.0
58,32,0,4,33,32,114,113,2,0.0125
58,33,1,4,37,31,155,153,4,0.025
58,34,2,4,28,29,147,147,3,0.01875
58,35,3,4,36,20,134,132,2,0.0125
58,36,4,4,32,29,140,144,0,0.0
58,37,5,4,30,35,149,148,2,0.0125
58,38,6,4,26,31,134,131,3,0.01875
58,39,7,4,23,30,109,106,1,0.00625
58,40,0,5,24,22,100,104,1,0.00625
58,41,1,5,30,35,154,154,1,0.00625
58,42,2,5,24,37,153,154,1,0.00625
58,43,3,5,32,26,142,139,2,0.0125
58,44,4,5,29,36,152,154,0,0.0
58,45,5,5,22,36,150,156,1,0.00625
58,46,6,5,23,28,137,136,2,0.0125
58,47,7,5,33,25,111,108,2,0.0125
58,48,0,6,21,29,115,115,3,0.01875
58,49,1,6,34,29,158,157,3,0.01875
58,50,2,6,29,33,163,163,1,0.00625
58,51,3,6,36,27,152,154,0,0.0
58,52,4,6,26,32,153,154,1,0.00625
58,53,5,6,26,32,150,149,2,0.0125
58,54,6,6,29,26,142,142,1,0.00625
58,55,7,6,31,24,118,119,2,0.0125
58,56,0,7,35,38,99,98,1,0.00625
58,57,1,7,29,24,115,117,0,0.0
58,58,2,7,30,31,119,116,2,0.0125
58,59,3,7,27,30,110,110,1,0.00625
58,60,4,7,34,32,121,119,3,0.01875
58,61,5,7,30,24,115,112,2,0.0125
58,62,6,7,33,24,111,112,0,0.0
58,63,7,7,26,33,90,90,1,0.00625
59,0,0,0,23,29,84,85,1,0.00625
59,1,1,0,29,30,116,116,2,0.0125
59,2,2,0,34,25,119,121,2,0.0125
59,3,3,0,24,38,126,128,1,0.00625
59,4,4,0,24,32,115,115,1,0.00625
59,5,5,0,25,30,105,106,1,0.00625
59,6,6,0,23,32,109,109,1,0.00625
59,7,7,0,28,34,90,92,1,0.00625
59,8,0,1,31,32,126,120,4,0.025
59,9,1,1,32,27,145,144,2,0.0125
59,10,2,1,30,28,140,141,1,0.00625
59,11,3,1,30,30,161,157,5,0.03125
59,12,4,1,19,25,139,140,1,0.00625
59,13,5,1,28,24,131,134,1,0.00625
59,14,6,1,32,22,143,143,0,0.0
59,15,7,1,32,26,125,122,2,0.0125
59,16,0,2,30,26,116,117,1,0.00625
59,17,1,2,39,33,160,158,2,0.0125
59,18,2,2,32,32,155,150,2,0.0125
59,19,3,2,24,32,151,157,0,0.0
59,20,4,2,31,31,157,156,1,0.00625
59,21,5,2,33,19,145,142,2,0.0125
59,22,6,2,26,30,148,148,0,0.0
59,23,7,2,35,30,125,122,2,0.0125
59,24,0,3,29,31,116,115,1,0.00625
59,25,1,3,36,30,152,152,1,0.00625
59,26,2,3,32,39,158,155,3,0.01875
59,27,3,3,21,28,143,141,0,0.0
59,28,4,3,28,30,135,140,1,0.00625
59,29,5,3,33,35,149,149,3,0.01875
59,30,6,3,22,31,140,140,1,0.00625
59,31,7,3,22,25,105,105,1,0.00625
59,32,0,4,29,28,112,113,1,0.00625
59,33,1,4,27,28,142,144,2,0.0125
59,34,2,4,32,35,148,151,1,0.00625
59,35,3,4,22,33,149,153,1,0.00625
59,36,4,4,25,22,131,129,1,0.00625
59,37,5,4,27,28,134,132,2,0.0125
59,38,6,4,26,33,148,150,1,0.00625
59,39,7,4,28,25,113,114,1,0.00625
59,40,0,5,26,27,122,122,1,0.00625
59,41,1,5,32,26,157,154,2,0.0125
59,42,2,5,33,29,160,160,2,0.0125
59,43,3,5,32,33,173,172,5,0.03125
59,44,4,5,32,23,161,159,2,0.0125
59,45,5,5,22,24,140,141,0,0.0
59,46,6,5,26,27,146,148,2,0.0125
59,47,7,5,40,29,129,128,5,0.03125
59,48,0,6,27,41,119,121,1,0.00625
59,49,1,6,32,27,136,135,3,0.01875
59,50,2,6,31,32,145,143,2,0.0125
59,51,3,6,28,30,152,150,1,0.00625
59,52,4,6,28,34,150,149,3,0.01875
59,53,5,6,40,29,156,155,2,0.0125
59,54,6,6,27,21,151,148,1,0.00625
59,55,7,6,31,28,114,115,1,0.00625
59,56,0,7,31,24,82,83,0,0.0
59,57,1,7,26,24,108,106,1,0.00625
59,58,2,7,34,30,119,118,2,0.0125
59,59,3,7,29,28,121,123,1,0.00625
59,60,4,7,23,30,111,114,1,0.00625
59,61,5,7,31,31,114,116,0,0.0
59,62,6,7,29,40,130,128,0,0.0
59,63,7,7,28,25,83,83,2,0.0125
60,0,0,0,37,28,86,86,2,0.0125
60,1,1,0,26,34,112,114,1,0.00625
60,2,2,0,35,25,105,106,1,0.00625
60,3,3,0,31,36,123,122,1,0.00625
60,4,4,0,32,25,102,99,3,0.01875
60,5,5,0,26,27,101,103,0,0.0
60,6,6,0,28,31,108,107,2,0.0125
60,7,7,0,18,30,76,73,2,0.0125
60,8,0,1,31,24,117,119,3,0.01875
60,9,1,1,26,32,158,159,3,0.01875
60,10,2,1,36,26,153,151,2,0.0125
60,11,3,1,34,39,180,184,3,0.01875
60,12,4,1,26,29,148,148,3,0.01875
60,13,5,1,30,27,146,143,2,0.0125
60,14,6,1,30,29,159,155,2,0.0125
60,15,7,1,38,28,124,126,3,0.01875
60,16,0,2,22,38,123,122,1,0.00625
60,17,1,2,29,26,146,144,2,0.0125
60,18,2,2,29,27,146,148,1,0.00625
60,19,3,2,29,35,167,165,1,0.00625
60,20,4,2,31,37,149,149,1,0.00625
60,21,5,2,28,25,142,143,4,0.025
60,22,6,2,26,26,151,146,2,0.0125
60,23,7,2,33,31,121,122,2,0.0125
60,24,0,3,24,35,107,106,2,0.0125
60,25,1,3,28,17,122,121,2,0.0125
60,26,2,3,23,30,123,127,1,0.00625
60,27,3,3,31,30,142,139,3,0.01875
60,28,4,3,30,26,124,122,2,0.0125
60,29,5,3,27,29,130,131,1,0.00625
60,30,6,3,19,26,131,130,2,0.0125
60,31,7,3,22,25,97,98,1,0.00625
60,32,0,4,25,18,104,105,0,0.0
60,33,1,4,26,26,139,139,2,0.0125
60,34,2,4,32,26,140,140,1,0.00625
60,35,3,4,26,25,148,147,2,0.0125
60,36,4,4,31,29,136,138,0,0.0
60,37,5,4,27,28,149,148,4,0.025
60,38,6,4,25,29,148,147,3,0.01875
60,39,7,4,31,21,109,108,3,0.01875
60,40,0,5,29,32,130,131,0,0.0
60,41,1,5,31,25,154,155,2,0.0125
60,42,2,5,27,27,148,150,0,0.0
60,43,3,5,25,29,154,158,1,0.00625
60,44,4,5,34,24,136,137,1,0.00625
60,45,5,5,30,32,160,158,3,0.01875
60,46,6,5,31,26,156,155,2,0.0125
60,47,7,5,31,27,115,119,0,0.0
60,48,0,6,35,38,138,136,2,0.0125
60,49,1,6,35,28,162,163,3,0.01875
60,50,2,6,35,30,163,163,1,0.00625
60,51,3,6,37,30,172,173,1,0.00625
60,52,4,6,20,25,130,133,0,0.0
60,53,5,6,32,34,144,144,1,0.00625
60,54,6,6,34,31,167,167,2,0.0125
60,55,7,6,32,28,125,125,0,0.0
60,56,0,7,31,35,98,97,3,0.01875
60,57,1,7,29,32,125,125,1,0.00625
60,58,2,7,34,35,127,129,2,0.0125
60,59,3,7,19,38,122,120,2,0.0125
60,60,4,7,27,34,111,111,0,0.0
60,61,5,7,40,21,117,117,1,0.00625
60,62,6,7,32,33,132,132,3,0.01875
60,63,7,7,31,33,97,95,3,0.01875
61,0,0,0,22,31,91,91,2,0.0125
61,1,1,0,36,25,126,122,2,0.0125
61,2,2,0,34,31,142,141,2,0.0125
61,3,3,0,30,26,129,128,1,0.00625
61,4,4,0,35,19,123,125,3,0.01875
61,5,5,0,26,25,127,125,3,0.01875
61,6,6,0,28,41,129,132,0,0.0
61,7,7,0,39,37,103,106,0,0.0
61,8,0,1,29,35,128,131,1,0.00625
61,9,1,1,27,26,146,147,1,0.00625
61,10,2,1,33,36,162,161,2,0.0125
61,11,3,1,27,33,151,151,2,0.0125
61,12,4,1,32,29,143,139,3,0.01875
61,13,5,1,25,35,153,149,3,0.01875
61,14,6,1,25,24,149,152,1,0.00625
61,15,7,1,36,29,127,126,3,0.01875
61,16,0,2,27,34,130,130,1,0.00625
61,17,1,2,27,33,152,156,0,0.0
61,18,2,2,33,25,156,157,0,0.0
61,19,3,2,33,34,156,154,2,0.0125
61,20,4,2,21,25,136,135,2,0.0125
61,21,5,2,28,30,141,143,1,0.00625
61,22,6,2,32,26,158,163,0,0.0
61,23,7,2,37,25,129,130,3,0.01875
61,24,0,3,35,37,131,132,1,0.00625
61,25,1,3,34,29,150,152,1,0.00625
61,26,2,3,32,30,156,158,0,0.0
61,27,3,3,30,31,145,146,2,0.0125
61,28,4,3,23,31,137,136,3,0.01875
61,29,5,3,28,22,129,128,3,0.01875
61,30,6,3,27,29,151,149,3,0.01875
61,31,7,3,29,32,122,121,1,0.00625
61,32,0,4,29,30,118,115,3,0.01875
61,33,1,4,31,35,150,151,1,0.00625
61,34,2,4,32,34,162,164,1,0.00625
61,35,3,4,32,33,152,154,0,0.0
61,36,4,4,34,30,146,146,1,0.00625
61,37,5,4,36,25,143,145,1,0.00625
61,38,6,4,28,30,156,157,1,0.00625
61,39,7,4,28,26,114,116,1,0.00625
61,40,0,5,26,30,116,112,3,0.01875
61,41,1,5,30,27,136,136,3,0.01875
61,42,2,5,35,31,163,161,2,0.0125
61,43,3,5,29,34,151,152,1,0.00625
61,44,4,5,34,33,155,156,0,0.0
61,45,5,5,29,33,156,155,2,0.0125
61,46,6,5,27,35,163,164,0,0.0
61,47,7,5,35,25,127,127,1,0.00625
61,48,0,6,23,29,117,118,1,0.00625
61,49,1,6,30,26,142,143,1,0.00625
61,50,2,6,35,31,163,165,1,0.00625
61,51,3,6,34,35,160,159,2,0.0125
61,52,4,6,23,30,146,145,0,0.0
61,53,5,6,22,35,138,141,0,0.0
61,54,6,6,31,26,147,146,2,0.0125
61,55,7,6,31,30,128,126,1,0.00625
61,56,0,7,26,34,87,87,2,0.0125
61,57,1,7,32,30,112,112,3,0.01875
61,58,2,7,26,34,122,122,1,0.00625
61,59,3,7,30,32,117,117,3,0.01875
61,60,4,7,32,37,123,122,1,0.00625
61,61,5,7,33,21,114,114,1,0.00625
61,62,6,7,34,24,125,124,2,0.0125
61,63,7,7,29,29,93,95,1,0.00625
62,0,0,0,32,29,92,90,2,0.0125
62,1,1,0,28,27,112,116,0,0.0
62,2,2,0,31,34,124,125,0,0.0
62,3,3,0,26,30,118,118,2,0.0125
62,4,4,0,31,38,128,129,2,0.0125
62,5,5,0,18,29,113,115,1,0.00625
62,6,6,0,28,32,113,110,2,0.0125
62,7,7,0,33,24,85,83,2,0.0125
62,8,0,1,34,31,131,130,1,0.00625
62,9,1,1,32,27,151,150,0,0.0
62,10,2,1,23,30,150,153,1,0.00625
62,11,3,1,24,34,145,148,0,0.0
62,12,4,1,32,29,156,161,1,0.00625
62,13,5,1,34,36,162,167,1,0.00625
62,14,6,1,38,20,158,157,2,0.0125
62,15,7,1,33,25,120,117,3,0.01875
62,16,0,2,27,37,128,129,0,0.0
62,17,1,2,34,32,153,150,1,0.00625
62,18,2,2,28,29,161,163,0,0.0
62,19,3,2,31,24,154,159,0,0.0
62,20,4,2,32,26,165,167,1,0.00625
62,21,5,2,31,32,160,161,1,0.00625
62,22,6,2,34,33,171,167,3,0.01875
62,23,7,2,34,35,128,128,2,0.0125
62,24,0,3,29,37,130,129,2,0.0125
62,25,1,3,26,28,139,140,0,0.0
62,26,2,3,34,33,162,159,2,0.0125
62,27,3,3,36,33,166,169,0,0.0
62,28,4,3,29,35,171,174,1,0.00625
62,29,5,3,36,30,159,161,1,0.00625
62,30,6,3,42,33,174,177,2,0.0125
62,31,7,3,33,34,130,131,1,0.00625
62,32,0,4,29,30,121,123,0,0.0
62,33,1,4,28,28,139,140,0,0.0
62,34,2,4,36,31,153,150,2,0.0125
62,35,3,4,33,35,164,160,2,0.0125
62,36,4,4,31,36,172,169,1,0.00625
62,37,5,4,22,30,147,148,1,0.00625
62,38,6,4,38,35,163,160,3,0.01875
62,39,7,4,31,37,130,128,1,0.00625
62,40,0,5,32,27,126,131,0,0.0
62,41,1,5,28,32,152,150,3,0.01875
62,42,2,5,33,28,154,153,3,0.01875
62,43,3,5,36,34,172,173,1,0.00625
62,44,4,5,21,32,161,159,0,0.0
62,45,5,5,27,33,150,153,0,0.0
62,46,6,5,30,24,149,149,2,0.0125
62,47,7,5,32,35,121,120,2,0.0125
62,48,0,6,29,37,128,127,2,0.0125
62,49,1,6,24,30,135,136,0,0.0
62,50,2,6,36,28,151,149,3,0.01875
62,51,3,6,37,32,171,171,2,0.0125
62,52,4,6,25,35,168,166,2,0.0125
62,53,5,6,33,25,146,146,0,0.0
62,54,6,6,26,30,157,162,0,0.0
62,55,7,6,35,25,116,116,1,0.00625
62,56,0,7,21,31,82,84,1,0.00625
62,57,1,7,34,26,113,113,3,0.01875
62,58,2,7,30,25,114,114,1,0.00625
62,59,3,7,35,36,128,127,2,0.0125
62,60,4,7,28,37,127,127,2,0.0125
62,61,5,7,32,25,113,114,1,0.00625
62,62,6,7,26,32,118,121,1,0.00625
62,63,7,7,29,32,86,84,2,0.0125
63,0,0,0,30,30,90,93,0,0.0
63,1,1,0,30,24,119,118,2,0.0125
63,2,2,0,36,32,126,126,1,0.00625
63,3,3,0,27,27,116,115,2,0.0125
63,4,4,0,31,37,125,125,2,0.0125
63,5,5,0,32,38,127,125,1,0.00625
63,6,6,0,25,30,110,112,1,0.00625
63,7,7,0,25,28,77,80,0,0.0
63,8,0,1,27,32,115,115,1,0.00625
63,9,1,1,23,35,135,133,3,0.01875
63,10,2,1,26,31,135,136,1,0.00625
63,11,3,1,30,31,139,135,1,0.00625
63,12,4,1,30,29,151,151,0,0.0
63,13,5,1,31,30,154,154,2,0.0125
63,14,6,1,26,28,137,137,2,0.0125
63,15,7,1,22,28,102,106,2,0.0125
63,16,0,2,22,25,108,108,1,0.00625
63,17,1,2,36,29,143,143,3,0.01875
63,18,2,2,25,23,143,139,2,0.0125
63,19,3,2,31,24,137,133,1,0.00625
63,20,4,2,36,30,168,167,1,0.00625
63,21,5,2,33,33,174,171,2,0.0125
63,22,6,2,26,31,149,151,2,0.0125
63,23,7,2,32,28,114,114,1,0.00625
63,24,0,3,23,33,108,110,0,0.0
63,25,1,3,34,23,133,132,2,0.0125
63,26,2,3,25,31,143,143,1,0.00625
63,27,3,3,34,20,135,130,3,0.01875
63,28,4,3,36,29,161,159,2,0.0125
63,29,5,3,32,38,168,166,2,0.0125
63,30,6,3,38,33,159,159,2,0.0125
63,31,7,3,26,25,123,122,1,0.00625
63,32,0,4,31,28,116,114,2,0.0125
63,33,1,4,30,25,141,139,1,0.00625
63,34,2,4,28,28,146,149,0,0.0
63,35,3,4,24,22,134,136,2,0.0125
63,36,4,4,31,32,151,153,0,0.0
63,37,5,4,27,32,155,153,2,0.0125
63,38,6,4,29,32,141,143,1,0.00625
63,39,7,4,26,43,129,131,0,0.0
63,40,0,5,27,32,116,114,2,0.0125
63,41,1,5,25,30,139,141,2,0.0125
63,42,2,5,37,27,150,148,4,0.025
63,43,3,5,26,32,157,151,3,0.01875
63,44,4,5,29,26,147,148,1,0.00625
63,45,5,5,32,29,154,154,1,0.00625
63,46,6,5,25,27,143,142,3,0.01875
63,47,7,5,35,33,123,122,2,0.0125
63,48,0,6,30,30,121,121,1,0.00625
63,49,1,6,33,27,153,152,1,0.00625
63,50,2,6,27,24,149,150,2,0.0125
63,51,3,6,35,36,158,159,1,0.00625
63,52,4,6,25,25,152,155,0,0.0
63,53,5,6,36,24,154,150,3,0.01875
63,54,6,6,29,32,152,151,0,0.0
63,55,7,6,31,31,119,117,3,0.01875
63,56,0,7,28,35,94,93,2,0.0125
63,57,1,7,30,30,122,123,1,0.00625
63,58,2,7,31,30,128,129,2,0.0125
63,59,3,7,36,27,129,129,2,0.0125
63,60,4,7,37,35,146,144,2,0.0125
63,61,5,7,29,22,121,120,1,0.00625
63,62,6,7,31,34,125,123,0,0.0
63,63,7,7,31,25,87,90,1,0.00625
64,0,0,0,29,29,84,81,3,0.01875
64,1,1,0,31,27,109,107,3,0.01875
64,2,2,0,21,26,104,104,1,0.00625
64,3,3,0,31,32,110,114,0,0.0
64,4,4,0,31,31,117,115,3,0.01875
64,5,5,0,33,37,126,128,1,0.00625
64,6,6,0,27,32,121,119,2,0.0125
64,7,7,0,28,32,86,84,1,0.00625
64,8,0,1,32,24,113,113,0,0.0
64,9,1,1,27,26,143,146,1,0.00625
64,10,2,1,36,28,153,150,1,0.00625
64,11,3,1,29,26,151,155,0,0.0
64,12,4,1,24,28,142,140,2,0.0125
64,13,5,1,34,32,152,153,1,0.00625
64,14,6,1,24,35,155,154,3,0.01875
64,15,7,1,28,25,112,114,0,0.0
64,16,0,2,25,29,109,107,1,0.00625
64,17,1,2,27,32,139,141,1,0.00625
64,18,2,2,34,27,150,150,3,0.01875
64,19,3,2,29,38,161,161,2,0.0125
64,20,4,2,28,29,143,143,2,0.0125
64,21,5,2,26,24,138,139,1,0.00625
64,22,6,2,31,32,151,151,0,0.0
64,23,7,2,30,26,118,119,2,0.0125
64,24,0,3,39,26,125,121,2,0.0125
64,25,1,3,30,23,148,149,2,0.0125
64,26,2,3,28,31,154,153,1,0.00625
64,27,3,3,31,34,153,156,3,0.01875
64,28,4,3,31,31,153,154,1,0.00625
64,29,5,3,36,27,157,158,3,0.01875
64,30,6,3,35,26,154,153,2,0.0125
64,31,7,3,27,31,125,125,1,0.00625
64,32,0,4,37,32,126,128,1,0.00625
64,33,1,4,28,33,153,156,0,0.0
64,34,2,4,29,33,152,150,1,0.00625
64,35,3,4,36,29,154,155,0,0.0
64,36,4,4,27,34,156,156,1,0.00625
64,37,5,4,35,35,162,162,1,0.00625
64,38,6,4,31,34,162,162,2,0.0125
64,39,7,4,32,32,127,125,2,0.0125
64,40,0,5,34,28,125,121,5,0.03125
64,41,1,5,31,36,160,161,2,0.0125
64,42,2,5,24,31,155,158,2,0.0125
64,43,3,5,31,30,148,152,1,0.00625
64,44,4,5,24,36,155,153,1,0.00625
64,45,5,5,31,29,150,150,1,0.00625
64,46,6,5,35,33,162,164,1,0.00625
64,47,7,5,26,29,124,128,0,0.0
64,48,0,6,30,33,123,124,1,0.00625
64,49,1,6,31,31,154,155,1,0.00625
64,50,2,6,32,36,166,166,2,0.0125
64,51,3,6,27,26,153,151,2,0.0125
64,52,4,6,25,32,151,150,1,0.00625
64,53,5,6,32,25,154,155,2,0.0125
64,54,6,6,29,29,164,161,4,0.025
64,55,7,6,36,33,131,131,3,0.01875
64,56,0,7,27,31,86,84,2,0.0125
64,57,1,7,32,32,117,116,2,0.0125
64,58,2,7,33,32,121,120,1,0.00625
64,59,3,7,32,34,122,123,1,0.00625
64,60,4,7,37,25,119,122,1,0.00625
64,61,5,7,33,25,127,124,3,0.01875
64,62,6,7,30,32,126,127,0,0.0
64,63,7,7,31,31,91,91,0,0.0
65,0,0,0,28,28,87,88,2,0.0125
65,1,1,0,39,31,130,130,2,0.0125
65,2,2,0,20,35,122,120,1,0.00625
65,3,3,0,31,38,121,120,1,0.00625
65,4,4,0,36,30,127,127,1,0.00625
65,5,5,0,20,23,111,110,2,0.0125
65,6,6,0,34,31,117,118,1,0.00625
65,7,7,0,33,31,99,99,1,0.00625
65,8,0,1,29,31,111,110,0,0.0
65,9,1,1,31,30,140,137,2,0.0125
65,10,2,1,27,37,149,148,3,0.01875
65,11,3,1,29,20,138,137,1,0.00625
65,12,4,1,23,33,139,140,3,0.01875
65,13,5,1,25,33,133,134,1,0.00625
65,14,6,1,34,22,138,138,2,0.0125
65,15,7,1,25,34,121,121,1,0.00625
65,16,0,2,27,20,110,108,4,0.025
65,17,1,2,29,27,143,144,0,0.0
65,18,2,2,36,31,158,158,3,0.01875
65,19,3,2,31,29,162,163,2,0.0125
65,20,4,2,34,29,156,155,3,0.01875
65,21,5,2,30,24,146,145,4,0.025
65,22,6,2,25,28,146,145,2,0.0125
65,23,7,2,31,30,122,118,4,0.025
65,24,0,3,30,30,112,115,1,0.00625
65,25,1,3,26,25,138,136,0,0.0
65,26,2,3,35,30,145,146,1,0.00625
65,27,3,3,37,36,171,169,3,0.01875
65,28,4,3,27,31,153,151,2,0.0125
65,29,5,3,28,33,142,139,3,0.01875
65,30,6,3,24,27,145,145,3,0.01875
65,31,7,3,33,27,116,113,4,0.025
65,32,0,4,25,22,104,105,0,0.0
65,33,1,4,24,34,144,141,3,0.01875
65,34,2,4,30,26,136,135,1,0.00625
65,35,3,4,32,33,155,156,1,0.00625
65,36,4,4,36,35,160,160,2,0.0125
65,37,5,4,29,24,137,138,2,0.0125
65,38,6,4,37,30,151,151,2,0.0125
65,39,7,4,22,26,115,114,3,0.01875
65,40,0,5,33,26,117,121,1,0.00625
65,41,1,5,30,27,147,148,1,0.00625
65,42,2,5,35,26,140,141,2,0.0125
65,43,3,5,31,29,152,151,3,0.01875
65,44,4,5,31,31,157,157,1,0.00625
65,45,5,5,36,35,155,154,1,0.00625
65,46,6,5,27,29,152,150,2,0.0125
65,47,7,5,28,35,118,116,1,0.00625
65,48,0,6,30,28,129,127,1,0.00625
65,49,1,6,26,36,159,159,1,0.00625
65,50,2,6,32,27,150,149,2,0.0125
65,51,3,6,29,32,163,165,2,0.0125
65,52,4,6,26,33,160,160,2,0.0125
65,53,5,6,27,31,149,147,2,0.0125
65,54,6,6,29,37,162,162,2,0.0125
65,55,7,6,36,28,122,125,1,0.00625
65,56,0,7,29,38,99,103,0,0.0
65,57,1,7,30,27,121,121,1,0.00625
65,58,2,7,33,27,124,125,1,0.00625
65,59,3,7,30,32,128,130,0,0.0
65,60,4,7,27,31,124,122,3,0.01875
65,61,5,7,31,29,115,119,1,0.00625
65,62,6,7,32,28,123,123,1,0.00625
65,63,7,7,32,30,92,92,0,0.0
66,0,0,0,26,33,85,87,0,0.0
66,1,1,0,33,26,114,118,0,0.0
66,2,2,0,29,27,120,121,0,0.0
66,3,3,0,30,27,113,111,2,0.0125
66,4,4,0,33,25,118,117,4,0.025
66,5,5,0,27,25,112,113,1,0.00625
66,6,6,0,33,35,122,122,0,0.0
66,7,7,0,27,27,87,86,2,0.0125
66,8,0,1,24,30,113,114,1,0.00625
66,9,1,1,29,26,138,141,0,0.0
66,10,2,1,37,35,157,160,1,0.00625
66,11,3,1,29,26,147,144,2,0.0125
66,12,4,1,25,29,136,136,2,0.0125
66,13,5,1,33,32,141,137,3,0.01875
66,14,6,1,38,25,155,157,2,0.0125
66,15,7,1,26,31,122,120,2,0.0125
66,16,0,2,23,31,123,126,1,0.00625
66,17,1,2,27,27,148,146,0,0.0
66,18,2,2,34,30,161,164,1,0.00625
66,19,3,2,30,34,170,171,1,0.00625
66,20,4,2,27,27,149,151,1,0.00625
66,21,5,2,25,22,136,139,0,0.0
66,22,6,2,29,32,165,167,2,0.0125
66,23,7,2,43,37,135,133,4,0.025
66,24,0,3,27,40,136,137,1,0.00625
66,25,1,3,21,27,141,144,0,0.0
66,26,2,3,24,26,138,137,1,0.00625
66,27,3,3,40,37,163,164,3,0.01875
66,28,4,3,32,30,164,160,6,0.0375
66,29,5,3,36,27,149,151,1,0.00625
66,30,6,3,27,30,159,160,2,0.0125
66,31,7,3,31,27,111,114,1,0.00625
66,32,0,4,31,38,124,121,2,0.0125
66,33,1,4,32,29,143,142,3,0.01875
66,34,2,4,20,23,126,129,0,0.0
66,35,3,4,30,26,130,130,0,0.0
66,36,4,4,30,40,152,153,1,0.00625
66,37,5,4,29,30,137,136,1,0.00625
66,38,6,4,33,33,158,161,1,0.00625
66,39,7,4,26,25,114,112,3,0.01875
66,40,0,5,30,24,116,116,2,0.0125
66,41,1,5,30,29,155,153,2,0.0125
66,42,2,5,41,30,164,161,3,0.01875
66,43,3,5,28,23,153,153,1,0.00625
66,44,4,5,34,31,144,146,2,0.0125
66,45,5,5,23,29,135,136,0,0.0
66,46,6,5,27,33,149,150,2,0.0125
66,47,7,5,29,37,122,122,1,0.00625
66,48,0,6,34,32,127,128,3,0.01875
66,49,1,6,32,33,159,157,2,0.0125
66,50,2,6,31,30,149,150,2,0.0125
66,51,3,6,28,42,158,157,2,0.0125
66,52,4,6,32,28,141,139,2,0.0125
66,53,5,6,31,31,137,140,1,0.00625
66,54,6,6,40,26,158,156,6,0.0375
66,55,7,6,26,27,118,117,2,0.0125
66,56,0,7,36,31,97,96,1,0.00625
66,57,1,7,25,31,122,121,2,0.0125
66,58,2,7,28,32,116,115,2,0.0125
66,59,3,7,28,30,120,119,1,0.00625
66,60,4,7,17,27,100,100,1,0.00625
66,61,5,7,37,31,115,114,2,0.0125
66,62,6,7,26,32,123,123,1,0.00625
66,63,7,7,25,34,87,87,0,0.0
67,0,0,0,25,27,77,77,0,0.0
67,1,1,0,34,41,126,122,2,0.0125
67,2,2,0,28,32,120,121,2,0.0125
67,3,3,0,40,27,124,122,3,0.01875
67,4,4,0,30,35,129,132,0,0.0
67,5,5,0,28,20,107,106,1,0.00625
67,6,6,0,31,33,123,122,1,0.00625
67,7,7,0,30,30,93,91,4,0.025
67,8,0,1,36,23,114,116,0,0.0
67,9,1,1,32,26,160,160,1,0.00625
67,10,2,1,37,34,164,158,4,0.025
67,11,3,1,35,30,156,156,3,0.01875
67,12,4,1,23,35,155,155,3,0.01875
67,13,5,1,30,34,138,139,2,0.0125
67,14,6,1,23,29,148,147,2,0.0125
67,15,7,1,30,33,119,121,1,0.00625
67,16,0,2,36,25,122,120,1,0.00625
67,17,1,2,31,34,170,170,2,0.0125
67,18,2,2,27,33,151,148,2,0.0125
67,19,3,2,34,35,154,151,3,0.01875
67,20,4,2,34,37,167,165,3,0.01875
67,21,5,2,27,25,134,134,1,0.00625
67,22,6,2,36,34,152,151,2,0.0125
67,23,7,2,26,27,116,120,3,0.01875
67,24,0,3,44,32,129,125,2,0.0125
67,25,1,3,27,34,166,165,2,0.0125
67,26,2,3,39,30,152,153,2,0.0125
67,27,3,3,37,25,147,151,0,0.0
67,28,4,3,31,31,154,158,2,0.0125
67,29,5,3,24,32,133,134,3,0.01875
67,30,6,3,31,24,135,135,2,0.0125
67,31,7,3,21,36,117,118,0,0.0
67,32,0,4,24,24,111,110,2,0.0125
67,33,1,4,31,38,170,171,3,0.01875
67,34,2,4,36,27,162,160,2,0.0125
67,35,3,4,26,36,160,159,1,0.00625
67,36,4,4,32,35,164,160,1,0.00625
67,37,5,4,25,35,145,149,0,0.0
67,38,6,4,34,28,154,152,3,0.01875
67,39,7,4,35,32,132,137,0,0.0
67,40,0,5,32,33,117,118,1,0.00625
67,41,1,5,27,27,147,150,1,0.00625
67,42,2,5,31,29,148,152,0,0.0
67,43,3,5,32,31,149,151,1,0.00625
67,44,4,5,33,27,152,151,3,0.01875
67,45,5,5,28,33,139,137,2,0.0125
67,46,6,5,31,23,138,138,2,0.0125
67,47,7,5,29,36,124,124,1,0.00625
67,48,0,6,20,24,99,101,2,0.0125
67,49,1,6,29,28,150,149,1,0.00625
67,50,2,6,37,30,162,163,1,0.00625
67,51,3,6,33,34,162,163,1,0.00625
67,52,4,6,25,30,152,151,3,0.01875
67,53,5,6,25,32,134,135,1,0.00625
67,54,6,6,33,26,142,145,1,0.00625
67,55,7,6,30,29,122,120,3,0.01875
67,56,0,7,39,28,95,93,1,0.00625
67,57,1,7,37,26,127,128,1,0.00625
67,58,2,7,29,30,120,122,0,0.0
67,59,3,7,37,37,127,125,2,0.0125
67,60,4,7,23,34,119,119,1,0.00625
67,61,5,7,31,25,106,107,1,0.00625
67,62,6,7,29,23,113,111,2,0.0125
67,63,7,7,30,35,94,93,2,0.0125
68,0,0,0,28,32,102,101,0,0.0
68,1,1,0,33,34,134,135,1,0.00625
68,2,2,0,24,33,128,126,2,0.0125
68,3,3,0,25,25,109,110,3,0.01875
68,4,4,0,24,39,128,127,0,0.0
68,5,5,0,25,29,117,117,1,0.00625
68,6,6,0,23,35,119,119,1,0.00625
68,7,7,0,33,30,86,90,1,0.00625
68,8,0,1,25,39,128,127,0,0.0
68,9,1,1,34,26,152,150,3,0.01875
68,10,2,1,29,34,158,162,3,0.01875
68,11,3,1,29,24,141,142,1,0.00625
68,12,4,1,33,29,159,160,2,0.0125
68,13,5,1,28,23,142,142,1,0.00625
68,14,6,1,37,25,153,152,3,0.01875
68,15,7,1,30,25,119,117,2,0.0125
68,16,0,2,25,33,122,125,1,0.00625
68,17,1,2,38,26,157,158,1,0.00625
68,18,2,2,30,31,159,162,1,0.00625
68,19,3,2,26,30,143,144,2,0.0125
68,20,4,2,31,26,160,162,1,0.00625
68,21,5,2,24,32,155,154,2,0.0125
68,22,6,2,42,23,161,158,4,0.025
68,23,7,2,29,34,132,133,3,0.01875
68,24,0,3,30,32,122,125,1,0.00625
68,25,1,3,29,29,155,156,1,0.00625
68,26,2,3,33,36,159,158,1,0.00625
68,27,3,3,30,32,153,150,1,0.00625
68,28,4,3,29,30,162,161,3,0.01875
68,29,5,3,35,35,163,162,3,0.01875
68,30,6,3,29,24,153,153,3,0.01875
68,31,7,3,36,39,134,131,2,0.0125
68,32,0,4,36,27,127,129,1,0.00625
68,33,1,4,24,35,164,164,2,0.0125
68,34,2,4,31,28,150,151,1,0.00625
68,35,3,4,31,33,153,150,3,0.01875
68,36,4,4,36,31,168,168,2,0.0125
68,37,5,4,31,32,160,157,1,0.00625
68,38,6,4,32,31,160,160,1,0.00625
68,39,7,4,34,32,127,124,3,0.01875
68,40,0,5,30,33,130,129,1,0.00625
68,41,1,5,32,37,173,169,2,0.0125
68,42,2,5,31,27,155,152,1,0.00625
68,43,3,5,28,32,153,149,4,0.025
68,44,4,5,35,28,171,169,3,0.01875
68,45,5,5,31,35,172,173,1,0.00625
68,46,6,5,38,27,171,172,1,0.00625
68,47,7,5,38,30,140,138,1,0.00625
68,48,0,6,30,34,130,129,1,0.00625
68,49,1,6,30,32,157,158,2,0.0125
68,50,2,6,39,28,158,157,2,0.0125
68,51,3,6,26,29,154,149,3,0.01875
68,52,4,6,26,30,155,157,1,0.00625
68,53,5,6,27,38,157,158,0,0.0
68,54,6,6,33,30,164,162,5,0.03125
68,55,7,6,35,40,138,141,1,0.00625
68,56,0,7,34,34,98,100,0,0.0
68,57,1,7,24,26,115,118,0,0.0
68,58,2,7,27,28,112,110,2,0.0125
68,59,3,7,37,39,132,134,2,0.0125
68,60,4,7,29,25,121,120,3,0.01875
68,61,5,7,35,26,118,118,0,0.0
68,62,6,7,32,30,124,126,0,0.0
68,63,7,7,32,31,94,94,1,0.00625
69,0,0,0,28,29,80,78,3,0.01875
69,1,1,0,25,33,109,108,2,0.0125
69,2,2,0,35,26,111,111,2,0.0125
69,3,3,0,33,30,124,128,0,0.0
69,4,4,0,36,34,129,130,0,0.0
69,5,5,0,30,29,119,120,0,0.0
69,6,6,0,35,33,120,120,3,0.01875
69,7,7,0,25,27,84,82,1,0.00625
69,8,0,1,28,23,107,105,1,0.00625
69,9,1,1,27,26,139,138,2,0.0125
69,10,2,1,25,25,130,132,1,0.00625
69,11,3,1,34,33,147,147,3,0.01875
69,12,4,1,35,32,159,156,2,0.0125
69,13,5,1,33,37,156,157,3,0.01875
69,14,6,1,32,30,153,154,3,0.01875
69,15,7,1,22,29,112,112,2,0.0125
69,16,0,2,37,26,121,118,4,0.025
69,17,1,2,23,28,146,144,4,0.025
69,18,2,2,30,31,141,141,1,0.00625
69,19,3,2,30,29,147,150,0,0.0
69,20,4,2,19,33,145,143,2,0.0125
69,21,5,2,33,34,143,143,2,0.0125
69,22,6,2,33,39,166,170,0,0.0
69,23,7,2,37,32,132,130,4,0.025
69,24,0,3,27,27,119,119,1,0.00625
69,25,1,3,33,33,157,153,2,0.0125
69,26,2,3,35,24,150,152,1,0.00625
69,27,3,3,22,30,152,152,2,0.0125
69,28,4,3,27,28,148,149,3,0.01875
69,29,5,3,28,20,138,140,1,0.00625
69,30,6,3,27,33,164,161,4,0.025
69,31,7,3,36,36,127,127,3,0.01875
69,32,0,4,36,36,132,131,1,0.00625
69,33,1,4,22,26,143,140,4,0.025
69,34,2,4,35,32,147,143,3,0.01875
69,35,3,4,24,36,152,157,0,0.0
69,36,4,4,30,26,142,142,4,0.025
69,37,5,4,30,23,145,143,1,0.00625
69,38,6,4,34,34,163,163,3,0.01875
69,39,7,4,29,23,112,112,2,0.0125
69,40,0,5,34,31,131,132,0,0.0
69,41,1,5,31,31,157,157,3,0.01875
69,42,2,5,28,21,140,141,1,0.00625
69,43,3,5,33,35,157,158,2,0.0125
69,44,4,5,27,24,147,150,2,0.0125
69,45,5,5,28,29,147,145,1,0.00625
69,46,6,5,35,33,157,154,4,0.025
69,47,7,5,29,31,117,117,2,0.0125
69,48,0,6,37,35,126,127,1,0.00625
69,49,1,6,26,33,144,144,1,0.00625
69,50,2,6,31,30,143,141,2,0.0125
69,51,3,6,32,30,144,149,1,0.00625
69,52,4,6,31,31,148,147,2,0.0125
69,53,5,6,31,28,145,143,2,0.0125
69,54,6,6,30,26,145,149,1,0.00625
69,55,7,6,28,30,117,113,5,0.03125
69,56,0,7,29,24,85,84,2,0.0125
69,57,1,7,31,35,127,123,2,0.0125
69,58,2,7,28,26,117,117,1,0.00625
69,59,3,7,29,35,122,121,2,0.0125
69,60,4,7,34,29,126,126,2,0.0125
69,61,5,7,36,27,129,127,2,0.0125
69,62,6,7,24,31,118,119,1,0.00625
69,63,7,7,30,33,89,89,0,0.0
70,0,0,0,36,31,91,92,2,0.0125
70,1,1,0,27,32,119,120,2,0.0125
70,2,2,0,21,33,109,109,2,0.0125
70,3,3,0,27,25,99,97,1,0.00625
70,4,4,0,32,34,121,119,2,0.0125
70,5,5,0,36,37,133,134,0,0.0
70,6,6,0,36,30,132,133,1,0.00625
70,7,7,0,27,27,90,92,1,0.00625
70,8,0,1,27,28,108,110,0,0.0
70,9,1,1,26,35,146,148,1,0.00625
70,10,2,1,30,28,140,141,0,0.0
70,11,3,1,35,23,133,133,2,0.0125
70,12,4,1,29,30,150,153,1,0.00625
70,13,5,1,32,33,154,154,2,0.0125
70,14,6,1,36,38,157,159,1,0.00625
70,15,7,1,26,37,127,128,1,0.00625
70,16,0,2,30,24,118,120,1,0.00625
70,17,1,2,33,29,164,165,2,0.0125
70,18,2,2,40,27,172,169,3,0.01875
70,19,3,2,31,25,158,155,3,0.01875
70,20,4,2,27,36,163,165,0,0.0
70,21,5,2,28,30,159,160,2,0.0125
70,22,6,2,25,27,146,142,3,0.01875
70,23,7,2,33,37,122,123,2,0.0125
70,24,0,3,34,37,136,135,1,0.00625
70,25,1,3,38,29,172,174,1,0.00625
70,26,2,3,30,33,172,171,2,0.0125
70,27,3,3,33,37,164,162,3,0.01875
70,28,4,3,18,30,150,150,2,0.0125
70,29,5,3,34,26,151,148,4,0.025
70,30,6,3,24,27,138,141,3,0.01875
70,31,7,3,30,24,107,108,3,0.01875
70,32,0,4,25,37,118,120,1,0.00625
70,33,1,4,26,34,147,149,3,0.01875
70,34,2,4,32,39,157,160,2,0.0125
70,35,3,4,28,30,150,146,2,0.0125
70,36,4,4,35,30,157,160,1,0.00625
70,37,5,4,29,21,153,153,3,0.01875
70,38,6,4,30,28,146,144,2,0.0125
70,39,7,4,26,25,112,111,3,0.01875
70,40,0,5,32,30,117,112,2,0.0125
70,41,1,5,34,28,153,157,1,0.00625
70,42,2,5,25,26,145,146,1,0.00625
70,43,3,5,32,33,147,149,1,0.00625
70,44,4,5,31,30,158,159,0,0.0
70,45,5,5,24,37,161,161,3,0.01875
70,46,6,5,36,29,152,153,3,0.01875
70,47,7,5,31,32,128,130,0,0.0
70,48,0,6,27,28,113,114,1,0.00625
70,49,1,6,29,32,157,159,1,0.00625
70,50,2,6,25,33,149,151,2,0.0125
70,51,3,6,30,26,140,142,1,0.00625
70,52,4,6,41,35,176,176,2,0.0125
70,53,5,6,36,32,173,172,1,0.00625
70,54,6,6,25,29,148,147,1,0.00625
70,55,7,6,33,36,124,127,3,0.01875
70,56,0,7,32,30,89,89,0,0.0
70,57,1,7,32,31,123,126,0,0.0
70,58,2,7,23,28,113,113,1,0.00625
70,59,3,7,37,22,116,117,2,0.0125
70,60,4,7,30,37,131,133,0,0.0
70,61,5,7,30,40,132,132,1,0.00625
70,62,6,7,35,34,130,126,2,0.0125
70,63,7,7,28,26,87,88,0,0.0
71,0,0,0,27,31,92,92,2,0.0125
71,1,1,0,36,34,133,133,2,0.0125
71,2,2,0,28,23,118,118,2,0.0125
71,3,3,0,32,29,118,119,1,0.00625
71,4,4,0,31,22,116,115,3,0.01875
71,5,5,0,27,28,115,112,1,0.00625
71,6,6,0,29,33,116,116,1,0.00625
71,7,7,0,29,33,90,90,0,0.0
71,8,0,1,34,30,124,120,2,0.0125
71,9,1,1,23,32,145,145,2,0.0125
71,10,2,1,26,33,135,132,2,0.0125
71,11,3,1,31,24,139,141,0,0.0
71,12,4,1,36,30,150,147,2,0.0125
71,13,5,1,32,29,151,149,3,0.01875
71,14,6,1,24,26,140,139,1,0.00625
71,15,7,1,28,30,113,110,2,0.0125
71,16,0,2,34,25,130,131,1,0.00625
71,17,1,2,35,29,170,169,2,0.0125
71,18,2,2,26,23,145,147,1,0.00625
71,19,3,2,37,30,156,158,2,0.0125
71,20,4,2,31,34,162,162,1,0.00625
71,21,5,2,31,33,161,162,0,0.0
71,22,6,2,33,32,163,167,2,0.0125
71,23,7,2,37,26,127,128,1,0.00625
71,24,0,3,25,37,126,127,2,0.0125
71,25,1,3,32,36,159,158,2,0.0125
71,26,2,3,27,36,151,149,3,0.01875
71,27,3,3,26,28,138,138,3,0.01875
71,28,4,3,25,36,140,141,0,0.0
71,29,5,3,32,30,146,147,2,0.0125
71,30,6,3,24,34,163,162,3,0.01875
71,31,7,3,36,37,124,124,3,0.01875
71,32,0,4,29,30,122,121,3,0.01875
71,33,1,4,23,26,142,139,3,0.01875
71,34,2,4,34,31,144,145,0,0.0
71,35,3,4,31,24,146,147,2,0.0125
71,36,4,4,30,29,143,142,2,0.0125
71,37,5,4,38,23,150,149,2,0.0125
71,38,6,4,26,35,160,162,1,0.00625
71,39,7,4,34,26,113,118,0,0.0
71,40,0,5,30,28,116,120,1,0.00625
71,41,1,5,33,26,153,147,3,0.01875
71,42,2,5,28,23,133,134,1,0.00625
71,43,3,5,26,34,141,143,1,0.00625
71,44,4,5,29,30,131,130,1,0.00625
71,45,5,5,26,28,133,132,2,0.0125
71,46,6,5,21,37,138,140,2,0.0125
71,47,7,5,24,29,104,105,1,0.00625
71,48,0,6,34,27,129,126,1,0.00625
71,49,1,6,38,31,171,170,2,0.0125
71,50,2,6,33,31,157,158,1,0.00625
71,51,3,6,28,28,149,149,0,0.0
71,52,4,6,26,26,134,135,2,0.0125
71,53,5,6,22,27,141,142,2,0.0125
71,54,6,6,30,25,146,146,1,0.00625
71,55,7,6,31,24,113,111,1,0.00625
71,56,0,7,33,38,100,101,1,0.00625
71,57,1,7,25,32,119,119,0,0.0
71,58,2,7,25,37,115,116,0,0.0
71,59,3,7,22,33,110,110,1,0.00625
71,60,4,7,30,24,108,107,1,0.00625
71,61,5,7,34,30,122,121,2,0.0125
71,62,6,7,29,25,116,115,3,0.01875
71,63,7,7,28,28,84,83,1,0.00625
72,0,0,0,37,25,82,85,0,0.0
72,1,1,0,33,27,121,116,5,0.03125
72,2,2,0,34,28,114,115,0,0.0
72,3,3,0,25,24,108,106,3,0.01875
72,4,4,0,31,30,108,112,0,0.0
72,5,5,0,21,28,106,107,1,0.00625
72,6,6,0,37,31,114,113,2,0.0125
72,7,7,0,24,34,96,94,2,0.0125
72,8,0,1,36,22,105,106,1,0.00625
72,9,1,1,26,35,149,149,0,0.0
72,10,2,1,26,31,133,136,1,0.00625
72,11,3,1,29,35,140,137,2,0.0125
72,12,4,1,27,25,133,135,2,0.0125
72,13,5,1,30,34,145,144,3,0.01875
72,14,6,1,28,19,138,135,1,0.00625
72,15,7,1,25,36,124,125,3,0.01875
72,16,0,2,35,25,111,110,1,0.00625
72,17,1,2,30,38,157,155,5,0.03125
72,18,2,2,28,27,132,134,0,0.0
72,19,3,2,38,26,139,138,2,0.0125
72,20,4,2,37,30,154,154,1,0.00625
72,21,5,2,34,27,148,144,2,0.0125
72,22,6,2,32,31,155,155,0,0.0
72,23,7,2,19,28,115,117,1,0.00625
72,24,0,3,25,28,110,110,2,0.0125
72,25,1,3,23,35,144,144,3,0.01875
72,26,2,3,31,28,141,142,2,0.0125
72,27,3,3,33,30,151,151,3,0.01875
72,28,4,3,36,38,164,164,1,0.00625
72,29,5,3,32,35,160,161,1,0.00625
72,30,6,3,29,32,156,157,0,0.0
72,31,7,3,28,30,126,127,1,0.00625
72,32,0,4,38,33,130,130,2,0.0125
72,33,1,4,29,25,155,157,2,0.0125
72,34,2,4,32,24,145,142,3,0.01875
72,35,3,4,29,34,153,153,1,0.00625
72,36,4,4,26,31,147,146,2,0.0125
72,37,5,4,27,34,145,150,1,0.00625
72,38,6,4,38,31,166,167,1,0.00625
72,39,7,4,34,27,139,136,2,0.0125
72,40,0,5,27,34,109,107,2,0.0125
72,41,1,5,26,38,141,143,1,0.00625
72,42,2,5,32,30,133,132,0,0.0
72,43,3,5,30,30,131,131,0,0.0
72,44,4,5,31,29,134,134,0,0.0
72,45,5,5,25,26,125,127,1,0.00625
72,46,6,5,27,29,132,132,1,0.00625
72,47,7,5,16,37,120,120,0,0.0
72,48,0,6,25,22,103,106,0,0.0
72,49,1,6,32,27,146,145,1,0.00625
72,50,2,6,36,30,158,156,1,0.00625
72,51,3,6,37,29,156,153,2,0.0125
72,52,4,6,33,29,155,155,2,0.0125
72,53,5,6,26,31,147,145,2,0.0125
72,54,6,6,28,25,143,139,3,0.01875
72,55,7,6,31,30,123,125,2,0.0125
72,56,0,7,32,28,92,91,1,0.00625
72,57,1,7,29,27,121,119,2,0.0125
72,58,2,7,27,34,119,117,1,0.00625
72,59,3,7,27,35,117,118,1,0.00625
72,60,4,7,24,36,115,116,1,0.00625
72,61,5,7,28,34,117,121,0,0.0
72,62,6,7,35,23,120,122,2,0.0125
72,63,7,7,32,30,96,97,1,0.00625
73,0,0,0,30,30,90,88,1,0.00625
73,1,1,0,30,30,118,124,2,0.0125
73,2,2,0,31,35,129,129,1,0.00625
73,3,3,0,31,23,116,118,0,0.0
73,4,4,0,26,28,113,112,1,0.00625
73,5,5,0,32,21,109,109,2,0.0125
73,6,6,0,35,21,120,121,2,0.0125
73,7,7,0,36,34,106,106,3,0.01875
73,8,0,1,32,30,121,122,1,0.00625
73,9,1,1,31,30,156,156,1,0.00625
73,10,2,1,35,33,162,161,1,0.00625
73,11,3,1,37,35,155,157,0,0.0
73,12,4,1,28,32,154,155,0,0.0
73,13,5,1,26,25,131,134,3,0.01875
73,14,6,1,34,33,142,144,1,0.00625
73,15,7,1,27,36,133,133,3,0.01875
73,16,0,2,24,32,105,104,2,0.0125
73,17,1,2,24,33,134,138,1,0.00625
73,18,2,2,31,31,145,143,2,0.0125
73,19,3,2,22,34,133,133,2,0.0125
73,20,4,2,33,34,147,148,1,0.00625
73,21,5,2,27,31,141,142,4,0.025
73,22,6,2,34,26,134,133,2,0.0125
73,23,7,2,27,33,126,126,1,0.00625
73,24,0,3,25,22,103,102,1,0.00625
73,25,1,3,32,24,140,139,3,0.01875
73,26,2,3,28,26,146,149,1,0.00625
73,27,3,3,33,28,140,142,1,0.00625
73,28,4,3,37,27,155,154,3,0.01875
73,29,5,3,23,34,150,149,3,0.01875
73,30,6,3,31,28,137,136,3,0.01875
73,31,7,3,35,30,130,127,4,0.025
73,32,0,4,24,29,108,110,1,0.00625
73,33,1,4,23,23,130,133,1,0.00625
73,34,2,4,26,31,143,142,4,0.025
73,35,3,4,33,29,138,137,3,0.01875
73,36,4,4,21,32,146,147,3,0.01875
73,37,5,4,27,36,141,140,1,0.00625
73,38,6,4,20,23,122,120,2,0.0125
73,39,7,4,28,29,107,109,0,0.0
73,40,0,5,30,31,110,111,1,0.00625
73,41,1,5,32,28,143,144,0,0.0
73,42,2,5,25,21,144,143,1,0.00625
73,43,3,5,38,26,146,140,4,0.025
73,44,4,5,34,32,161,161,0,0.0
73,45,5,5,33,24,145,145,1,0.00625
73,46,6,5,35,26,148,149,1,0.00625
73,47,7,5,32,21,121,117,3,0.01875
73,48,0,6,30,23,107,108,0,0.0
73,49,1,6,32,28,151,152,2,0.0125
73,50,2,6,25,32,153,155,0,0.0
73,51,3,6,27,28,136,135,4,0.025
73,52,4,6,28,34,150,152,1,0.00625
73,53,5,6,36,35,154,156,1,0.00625
73,54,6,6,28,31,144,146,2,0.0125
73,55,7,6,25,35,122,124,1,0.00625
73,56,0,7,27,29,81,80,2,0.0125
73,57,1,7,33,30,114,114,2,0.0125
73,58,2,7,23,35,115,119,0,0.0
73,59,3,7,27,26,99,97,1,0.00625
73,60,4,7,30,30,109,106,1,0.00625
73,61,5,7,25,29,102,100,1,0.00625
73,62,6,7,32,35,111,114,1,0.00625
73,63,7,7,21,25,81,79,0,0.0
74,0,0,0,26,22,87,88,1,0.00625
74,1,1,0,29,32,123,123,0,0.0
74,2,2,0,30,24,121,121,2,0.0125
74,3,3,0,35,33,137,137,1,0.00625
74,4,4,0,26,33,130,130,1,0.00625
74,5,5,0,24,40,120,120,1,0.00625
74,6,6,0,30,38,124,124,1,0.00625
74,7,7,0,30,29,86,87,0,0.0
74,8,0,1,27,41,121,123,0,0.0
74,9,1,1,35,28,147,147,3,0.01875
74,10,2,1,30,29,148,147,2,0.0125
74,11,3,1,29,31,151,153,0,0.0
74,12,4,1,33,35,160,160,1,0.00625
74,13,5,1,29,21,151,151,2,0.0125
74,14,6,1,31,23,148,149,1,0.00625
74,15,7,1,27,30,115,117,1,0.00625
74,16,0,2,34,27,109,111,1,0.00625
74,17,1,2,30,28,145,142,3,0.01875
74,18,2,2,35,31,148,149,0,0.0
74,19,3,2,24,27,148,148,1,0.00625
74,20,4,2,26,33,139,138,1,0.00625
74,21,5,2,35,33,155,155,2,0.0125
74,22,6,2,37,28,163,160,2,0.0125
74,23,7,2,27,31,122,121,0,0.0
74,24,0,3,24,27,108,108,2,0.0125
74,25,1,3,28,33,150,150,3,0.01875
74,26,2,3,23,31,144,142,1,0.00625
74,27,3,3,26,37,158,159,1,0.00625
74,28,4,3,31,24,149,151,2,0.0125
74,29,5,3,44,27,175,174,5,0.03125
74,30,6,3,29,33,175,176,2,0.0125
74,31,7,3,31,40,125,130,0,0.0
74,32,0,4,31,35,110,111,0,0.0
74,33,1,4,32,27,145,144,1,0.00625
74,34,2,4,33,26,138,143,1,0.00625
74,35,3,4,24,23,140,142,1,0.00625
74,36,4,4,31,27,138,138,1,0.00625
74,37,5,4,28,35,155,153,2,0.0125
74,38,6,4,37,41,163,162,3,0.01875
74,39,7,4,24,34,120,119,1,0.00625
74,40,0,5,25,24,99,101,0,0.0
74,41,1,5,36,31,153,153,3,0.01875
74,42,2,5,27,34,147,145,4,0.025
74,43,3,5,30,37,153,157,2,0.0125
74,44,4,5,35,26,154,154,0,0.0
74,45,5,5,36,30,171,171,2,0.0125
74,46,6,5,30,25,162,158,2,0.0125
74,47,7,5,32,34,121,123,1,0.00625
74,48,0,6,21,30,106,103,2,0.0125
74,49,1,6,35,29,150,150,0,0.0
74,50,2,6,32,32,152,150,4,0.025
74,51,3,6,23,25,147,149,2,0.0125
74,52,4,6,30,33,150,151,0,0.0
74,53,5,6,34,33,169,169,2,0.0125
74,54,6,6,30,37,174,176,2,0.0125
74,55,7,6,36,30,126,126,1,0.00625
74,56,0,7,34,32,87,87,0,0.0
74,57,1,7,20,25,96,98,1,0.00625
74,58,2,7,37,31,113,111,2,0.0125
74,59,3,7,32,32,124,125,0,0.0
74,60,4,7,34,23,115,118,1,0.00625
74,61,5,7,34,29,125,127,0,0.0
74,62,6,7,26,34,121,121,0,0.0
74,63,7,7,26,35,86,87,2,0.0125
75,0,0,0,23,30,81,78,2,0.0125
75,1,1,0,29,36,116,116,0,0.0
75,2,2,0,32,27,116,113,4,0.025
75,3,3,0,29,32,115,115,0,0.0
75,4,4,0,29,23,106,108,0,0.0
75,5,5,0,29,25,114,111,2,0.0125
75,6,6,0,25,27,107,107,1,0.00625
75,7,7,0,28,33,89,90,1,0.00625
75,8,0,1,26,24,109,108,1,0.00625
75,9,1,1,35,20,151,151,1,0.00625
75,10,2,1,31,30,154,155,1,0.00625
75,11,3,1,29,27,152,150,1,0.00625
75,12,4,1,34,29,145,142,2,0.0125
75,13,5,1,30,32,152,151,3,0.01875
75,14,6,1,34,27,150,147,3,0.01875
75,15,7,1,30,27,121,121,1,0.00625
75,16,0,2,24,28,118,117,0,0.0
75,17,1,2,33,25,156,157,2,0.0125
75,18,2,2,35,37,168,165,3,0.01875
75,19,3,2,27,34,159,158,3,0.01875
75,20,4,2,32,26,140,138,2,0.0125
75,21,5,2,30,32,155,156,2,0.0125
75,22,6,2,34,33,155,160,1,0.00625
75,23,7,2,33,30,136,136,1,0.00625
75,24,0,3,33,32,128,130,1,0.00625
75,25,1,3,29,27,155,159,1,0.00625
75,26,2,3,32,31,153,153,2,0.0125
75,27,3,3,29,32,149,145,4,0.025
75,28,4,3,29,23,135,133,2,0.0125
75,29,5,3,30,28,142,143,2,0.0125
75,30,6,3,26,31,138,137,1,0.00625
75,31,7,3,28,36,126,123,1,0.00625
75,32,0,4,38,30,132,127,2,0.0125
75,33,1,4,36,32,163,162,2,0.0125
75,34,2,4,29,32,152,146,3,0.01875
75,35,3,4,34,30,144,141,3,0.01875
75,36,4,4,28,25,134,135,1,0.00625
75,37,5,4,28,28,136,137,1,0.00625
75,38,6,4,32,30,143,142,4,0.025
75,39,7,4,28,27,123,122,3,0.01875
75,40,0,5,32,28,131,131,1,0.00625
75,41,1,5,39,32,174,175,0,0.0
75,42,2,5,23,33,163,164,3,0.01875
75,43,3,5,25,27,139,139,1,0.00625
75,44,4,5,30,30,143,144,0,0.0
75,45,5,5,31,28,148,148,3,0.01875
75,46,6,5,23,30,133,136,1,0.00625
75,47,7,5,29,32,120,121,2,0.0125
75,48,0,6,34,34,141,142,2,0.0125
75,49,1,6,21,30,156,155,3,0.01875
75,50,2,6,29,41,166,167,2,0.0125
75,51,3,6,30,23,151,150,3,0.01875
75,52,4,6,36,26,155,152,1,0.00625
75,53,5,6,33,32,160,160,2,0.0125
75,54,6,6,27,30,147,148,0,0.0
75,55,7,6,36,24,121,122,0,0.0
75,56,0,7,36,39,110,110,2,0.0125
75,57,1,7,35,28,136,135,0,0.0
75,58,2,7,28,19,116,113,1,0.00625
75,59,3,7,26,29,118,117,1,0.00625
75,60,4,7,27,28,115,115,2,0.0125
75,61,5,7,23,32,118,116,1,0.00625
75,62,6,7,35,34,128,127,1,0.00625
75,63,7,7,34,29,97,98,0,0.0
76,0,0,0,34,32,96,99,1,0.00625
76,1,1,0,27,34,121,122,0,0.0
76,2,2,0,23,33,108,112,0,0.0
76,3,3,0,36,34,124,121,3,0.01875
76,4,4,0,34,29,128,127,1,0.00625
76,5,5,0,30,28,118,119,2,0.0125
76,6,6,0,27,20,109,108,2,0.0125
76,7,7,0,30,31,87,87,1,0.00625
76,8,0,1,37,33,129,126,2,0.0125
76,9,1,1,34,35,161,162,2,0.0125
76,10,2,1,31,26,152,150,2,0.0125
76,11,3,1,36,24,156,155,2,0.0125
76,12,4,1,28,32,154,157,2,0.0125
76,13,5,1,28,31,143,143,1,0.00625
76,14,6,1,34,29,141,140,3,0.01875
76,15,7,1,31,25,121,120,3,0.01875
76,16,0,2,33,29,122,122,2,0.0125
76,17,1,2,27,34,156,154,3,0.01875
76,18,2,2,33,32,153,153,3,0.01875
76,19,3,2,29,34,158,161,1,0.00625
76,20,4,2,29,35,154,156,2,0.0125
76,21,5,2,23,29,134,134,1,0.00625
76,22,6,2,31,27,133,133,0,0.0
76,23,7,2,28,35,121,122,1,0.00625
76,24,0,3,26,29,118,116,0,0.0
76,25,1,3,24,31,142,140,2,0.0125
76,26,2,3,39,26,153,151,3,0.01875
76,27,3,3,26,36,166,170,0,0.0
76,28,4,3,28,32,145,146,2,0.0125
76,29,5,3,34,32,149,150,1,0.00625
76,30,6,3,21,25,136,137,2,0.0125
76,31,7,3,31,29,112,112,2,0.0125
76,32,0,4,36,29,128,131,1,0.00625
76,33,1,4,30,24,156,158,1,0.00625
76,34,2,4,34,25,157,161,1,0.00625
76,35,3,4,35,39,182,183,1,0.00625
76,36,4,4,30,29,160,157,2,0.0125
76,37,5,4,30,29,145,143,3,0.01875
76,38,6,4,33,38,160,163,1,0.00625
76,39,7,4,34,19,117,115,2,0.0125
76,40,0,5,34,29,118,116,3,0.01875
76,41,1,5,35,39,160,159,3,0.01875
76,42,2,5,38,33,157,159,1,0.00625
76,43,3,5,35,35,163,165,0,0.0
76,44,4,5,26,40,154,154,0,0.0
76,45,5,5,32,27,131,131,1,0.00625
76,46,6,5,32,34,148,145,3,0.01875
76,47,7,5,26,34,119,117,3,0.01875
76,48,0,6,39,26,128,129,1,0.00625
76,49,1,6,28,30,163,161,4,0.025
76,50,2,6,31,37,159,158,3,0.01875
76,51,3,6,32,38,166,166,3,0.01875
76,52,4,6,28,35,156,158,1,0.00625
76,53,5,6,27,30,144,144,1,0.00625
76,54,6,6,22,31,141,139,1,0.00625
76,55,7,6,32,29,111,110,1,0.00625
76,56,0,7,29,33,91,93,0,0.0
76,57,1,7,32,39,133,131,2,0.0125
76,58,2,7,34,32,127,132,0,0.0
76,59,3,7,28,28,124,123,2,0.0125
76,60,4,7,25,31,117,114,3,0.01875
76,61,5,7,27,32,116,115,1,0.00625
76,62,6,7,29,28,116,114,2,0.0125
76,63,7,7,34,20,84,81,2,0.0125
77,0,0,0,27,31,80,79,0,0.0
77,1,1,0,35,31,121,119,1,0.00625
77,2,2,0,33,36,129,129,2,0.0125
77,3,3,0,29,28,112,115,0,0.0
77,4,4,0,25,30,112,109,2,0.0125
77,5,5,0,26,34,113,115,2,0.0125
77,6,6,0,30,36,116,118,1,0.00625
77,7,7,0,22,28,82,83,0,0.0
77,8,0,1,33,21,115,119,1,0.00625
77,9,1,1,21,29,151,151,1,0.00625
77,10,2,1,36,35,160,162,0,0.0
77,11,3,1,29,33,158,159,1,0.00625
77,12,4,1,30,33,157,158,0,0.0
77,13,5,1,27,30,155,157,1,0.00625
77,14,6,1,35,29,157,160,1,0.00625
77,15,7,1,30,32,127,130,0,0.0
77,16,0,2,40,31,134,133,3,0.01875
77,17,1,2,30,37,167,171,1,0.00625
77,18,2,2,29,23,147,150,1,0.00625
77,19,3,2,25,34,148,146,2,0.0125
77,20,4,2,35,30,151,148,3,0.01875
77,21,5,2,29,32,160,161,0,0.0
77,22,6,2,31,29,154,151,3,0.01875
77,23,7,2,35,36,132,129,2,0.0125
77,24,0,3,23,29,112,114,1,0.00625
77,25,1,3,27,39,153,153,1,0.00625
77,26,2,3,35,34,153,156,2,0.0125
77,27,3,3,24,27,143,142,1,0.00625
77,28,4,3,33,22,138,139,2,0.0125
77,29,5,3,33,36,165,167,0,0.0
77,30,6,3,30,27,149,150,0,0.0
77,31,7,3,29,32,118,119,1,0.00625
77,32,0,4,29,28,127,128,0,0.0
77,33,1,4,33,26,160,159,2,0.0125
77,34,2,4,27,26,156,157,1,0.00625
77,35,3,4,22,36,149,150,3,0.01875
77,36,4,4,30,24,143,144,2,0.0125
77,37,5,4,24,32,163,167,0,0.0
77,38,6,4,31,31,156,153,4,0.025
77,39,7,4,40,27,123,124,2,0.0125
77,40,0,5,36,37,133,132,2,0.0125
77,41,1,5,32,29,157,158,2,0.0125
77,42,2,5,33,31,152,149,3,0.01875
77,43,3,5,23,26,139,134,3,0.01875
77,44,4,5,35,18,135,133,2,0.0125
77,45,5,5,32,34,160,161,1,0.00625
77,46,6,5,30,22,143,146,0,0.0
77,47,7,5,24,27,112,113,1,0.00625
77,48,0,6,28,25,117,116,1,0.00625
77,49,1,6,30,41,160,164,1,0.00625
77,50,2,6,30,30,152,153,0,0.0
77,51,3,6,31,33,155,157,1,0.00625
77,52,4,6,31,23,156,151,3,0.01875
77,53,5,6,31,28,159,160,2,0.0125
77,54,6,6,26,32,156,154,2,0.0125
77,55,7,6,34,31,124,123,2,0.0125
77,56,0,7,32,30,97,96,1,0.00625
77,57,1,7,29,30,124,125,1,0.00625
77,58,2,7,31,33,125,124,0,0.0
77,59,3,7,36,32,131,132,1,0.00625
77,60,4,7,34,34,136,139,1,0.00625
77,61,5,7,32,32,132,132,1,0.00625
77,62,6,7,31,31,127,130,0,0.0
77,63,7,7,35,25,92,91,3,0.01875
78,0,0,0,26,38,95,95,2,0.0125
78,1,1,0,27,29,112,112,1,0.00625
78,2,2,0,34,22,116,112,3,0.01875
78,3,3,0,32,35,136,134,2,0.0125
78,4,4,0,31,36,131,133,1,0.00625
78,5,5,0,28,27,118,117,2,0.0125
78,6,6,0,30,26,115,115,1,0.00625
78,7,7,0,38,35,102,97,3,0.01875
78,8,0,1,39,30,131,128,2,0.0125
78,9,1,1,26,24,136,136,1,0.00625
78,10,2,1,28,27,122,122,1,0.00625
78,11,3,1,26,32,143,141,3,0.01875
78,12,4,1,28,32,137,135,2,0.0125
78,13,5,1,25,29,128,125,1,0.00625
78,14,6,1,27,26,123,124,2,0.0125
78,15,7,1,24,29,115,112,2,0.0125
78,16,0,2,29,22,128,128,2,0.0125
78,17,1,2,35,34,168,166,3,0.01875
78,18,2,2,29,25,154,153,2,0.0125
78,19,3,2,33,27,168,168,1,0.00625
78,20,4,2,33,25,162,163,2,0.0125
78,21,5,2,35,24,158,156,1,0.00625
78,22,6,2,37,23,155,157,1,0.00625
78,23,7,2,33,29,131,132,2,0.0125
78,24,0,3,24,40,134,132,1,0.00625
78,25,1,3,25,30,137,138,1,0.00625
78,26,2,3,26,34,147,147,0,0.0
78,27,3,3,27,30,158,158,0,0.0
78,28,4,3,25,33,155,155,1,0.00625
78,29,5,3,33,31,152,149,0,0.0
78,30,6,3,32,37,164,164,0,0.0
78,31,7,3,37,34,140,137,2,0.0125
78,32,0,4,29,36,132,132,1,0.00625
78,33,1,4,29,21,140,140,2,0.0125
78,34,2,4,31,25,140,141,0,0.0
78,35,3,4,27,31,157,157,1,0.00625
78,36,4,4,33,29,154,154,3,0.01875
78,37,5,4,35,25,152,148,4,0.025
78,38,6,4,30,33,153,154,1,0.00625
78,39,7,4,30,33,130,129,2,0.0125
78,40,0,5,22,33,112,114,0,0.0
78,41,1,5,23,29,126,128,0,0.0
78,42,2,5,27,31,136,137,2,0.0125
78,43,3,5,28,33,153,156,2,0.0125
78,44,4,5,26,28,141,137,5,0.03125
78,45,5,5,31,31,144,143,1,0.00625
78,46,6,5,29,32,142,142,1,0.00625
78,47,7,5,25,30,122,122,2,0.0125
78,48,0,6,34,24,122,123,0,0.0
78,49,1,6,34,21,147,146,3,0.01875
78,50,2,6,27,25,140,141,2,0.0125
78,51,3,6,33,26,157,154,3,0.01875
78,52,4,6,33,28,151,153,3,0.01875
78,53,5,6,26,30,141,140,0,0.0
78,54,6,6,19,31,126,130,0,0.0
78,55,7,6,29,29,111,111,2,0.0125
78,56,0,7,24,32,88,88,2,0.0125
78,57,1,7,23,34,112,114,0,0.0
78,58,2,7,39,30,126,123,2,0.0125
78,59,3,7,31,27,123,124,1,0.00625
78,60,4,7,26,34,117,118,0,0.0
78,61,5,7,24,28,105,106,2,0.0125
78,62,6,7,36,24,112,110,3,0.01875
78,63,7,7,25,20,79,82,0,0.0
79,0,0,0,31,29,93,92,1,0.00625
79,1,1,0,28,33,125,125,1,0.00625
79,2,2,0,30,31,122,126,1,0.00625
79,3,3,0,33,35,129,130,1,0.00625
79,4,4,0,28,36,128,125,4,0.025
79,5,5,0,22,25,108,109,1,0.00625
79,6,6,0,34,31,121,118,4,0.025
79,7,7,0,27,31,90,92,2,0.0125
79,8,0,1,34,33,133,136,1,0.00625
79,9,1,1,25,32,166,167,1,0.00625
79,10,2,1,30,31,160,159,1,0.00625
79,11,3,1,25,34,160,161,1,0.00625
79,12,4,1,32,31,166,167,1,0.00625
79,13,5,1,28,29,154,156,0,0.0
79,14,6,1,30,27,155,155,2,0.0125
79,15,7,1,38,32,129,129,1,0.00625
79,16,0,2,41,38,132,129,5,0.03125
79,17,1,2,38,37,167,169,1,0.00625
79,18,2,2,30,29,149,151,1,0.00625
79,19,3,2,33,31,143,145,1,0.00625
79,20,4,2,25,27,144,147,1,0.00625
79,21,5,2,31,34,142,142,3,0.01875
79,22,6,2,28,28,141,140,1,0.00625
79,23,7,2,22,29,112,113,1,0.00625
79,24,0,3,33,24,130,130,2,0.0125
79,25,1,3,32,37,181,177,4,0.025
79,26,2,3,34,38,176,174,1,0.00625
79,27,3,3,26,27,161,162,1,0.00625
79,28,4,3,35,33,172,171,2,0.0125
79,29,5,3,24,29,156,156,3,0.01875
79,30,6,3,32,27,156,155,0,0.0
79,31,7,3,37,31,127,130,1,0.00625
79,32,0,4,32,41,140,139,1,0.00625
79,33,1,4,24,32,156,156,3,0.01875
79,34,2,4,31,29,149,147,1,0.00625
79,35,3,4,25,29,151,152,1,0.00625
79,36,4,4,27,26,150,151,1,0.00625
79,37,5,4,35,32,150,153,0,0.0
79,38,6,4,32,27,157,161,0,0.0
79,39,7,4,31,33,127,129,2,0.0125
79,40,0,5,25,33,119,117,2,0.0125
79,41,1,5,27,34,146,145,1,0.00625
79,42,2,5,25,22,131,133,0,0.0
79,43,3,5,28,29,139,136,2,0.0125
79,44,4,5,35,29,149,154,1,0.00625
79,45,5,5,29,27,141,141,1,0.00625
79,46,6,5,34,34,155,152,3,0.01875
79,47,7,5,24,37,121,121,1,0.00625
79,48,0,6,25,23,113,113,1,0.00625
79,49,1,6,32,23,142,144,0,0.0
79,50,2,6,28,31,153,150,3,0.01875
79,51,3,6,36,27,149,150,4,0.025
79,52,4,6,36,27,162,162,1,0.00625
79,53,5,6,34,33,166,164,2,0.0125
79,54,6,6,33,31,159,159,0,0.0
79,55,7,6,32,33,127,122,5,0.03125
79,56,0,7,41,31,107,106,2,0.0125
79,57,1,7,36,23,134,131,1,0.00625
79,58,2,7,32,32,131,131,2,0.0125
79,59,3,7,36,30,135,135,0,0.0
79,60,4,7,31,31,135,134,2,0.0125
79,61,5,7,35,39,140,140,1,0.00625
79,62,6,7,29,33,128,129,1,0.00625
79,63,7,7,32,31,93,93,2,0.0125
80,0,0,0,28,26,82,83,1,0.00625
80,1,1,0,29,26,112,112,2,0.0125
80,2,2,0,27,31,114,113,3,0.01875
80,3,3,0,32,32,118,119,0,0.0
80,4,4,0,29,29,118,122,1,0.00625
80,5,5,0,31,31,119,120,0,0.0
80,6,6,0,33,27,122,122,2,0.0125
80,7,7,0,29,28,93,94,0,0.0
80,8,0,1,31,29,125,123,0,0.0
80,9,1,1,33,30,159,158,1,0.00625
80,10,2,1,31,27,159,161,1,0.00625
80,11,3,1,27,28,155,156,1,0.00625
80,12,4,1,30,34,159,159,1,0.00625
80,13,5,1,28,28,154,156,0,0.0
80,14,6,1,30,29,157,156,3,0.01875
80,15,7,1,40,36,137,137,1,0.00625
80,16,0,2,28,38,117,120,2,0.0125
80,17,1,2,31,32,145,145,1,0.00625
80,18,2,2,36,32,158,157,2,0.0125
80,19,3,2,31,29,161,157,3,0.01875
80,20,4,2,23,27,139,136,0,0.0
80,21,5,2,23,29,130,133,1,0.00625
80,22,6,2,25,29,136,135,1,0.00625
80,23,7,2,29,29,113,115,0,0.0
80,24,0,3,29,28,113,115,0,0.0
80,25,1,3,23,32,142,144,3,0.01875
80,26,2,3,32,33,148,150,1,0.00625
80,27,3,3,36,37,171,170,1,0.00625
80,28,4,3,29,32,159,158,3,0.01875
80,29,5,3,30,19,136,137,2,0.0125
80,30,6,3,38,27,153,153,0,0.0
80,31,7,3,32,27,128,127,1,0.00625
80,32,0,4,26,31,108,105,2,0.0125
80,33,1,4,30,33,135,137,1,0.00625
80,34,2,4,28,25,133,134,1,0.00625
80,35,3,4,36,34,153,153,2,0.0125
80,36,4,4,30,36,154,153,1,0.00625
80,37,5,4,38,28,155,154,2,0.0125
80,38,6,4,28,26,150,145,4,0.025
80,39,7,4,24,37,120,121,0,0.0
80,40,0,5,32,27,115,116,1,0.00625
80,41,1,5,23,23,136,135,0,0.0
80,42,2,5,35,30,151,148,3,0.01875
80,43,3,5,19,29,148,151,2,0.0125
80,44,4,5,23,32,141,139,2,0.0125
80,45,5,5,25,33,146,146,2,0.0125
80,46,6,5,29,41,158,160,2,0.0125
80,47,7,5,40,26,128,127,3,0.01875
80,48,0,6,36,34,128,125,2,0.0125
80,49,1,6,28,35,154,153,2,0.0125
80,50,2,6,35,20,144,147,1,0.00625
80,51,3,6,31,32,163,164,0,0.0
80,52,4,6,28,23,145,147,1,0.00625
80,53,5,6,37,23,147,149,1,0.00625
80,54,6,6,23,25,148,146,1,0.00625
80,55,7,6,33,31,119,122,2,0.0125
80,56,0,7,22,31,77,76,3,0.01875
80,57,1,7,25,34,105,107,1,0.00625
80,58,2,7,26,28,106,108,2,0.0125
80,59,3,7,28,34,116,113,2,0.0125
80,60,4,7,25,34,116,112,3,0.01875
80,61,5,7,29,29,109,108,2,0.0125
80,62,6,7,30,39,126,125,3,0.01875
80,63,7,7,31,23,86,85,2,0.0125
81,0,0,0,27,34,89,91,0,0.0
81,1,1,0,24,27,108,110,0,0.0
81,2,2,0,29,23,105,106,1,0.00625
81,3,3,0,32,34,125,122,1,0.00625
81,4,4,0,38,20,116,113,3,0.01875
81,5,5,0,40,25,126,123,2,0.0125
81,6,6,0,30,30,122,122,3,0.01875
81,7,7,0,30,35,93,93,1,0.00625
81,8,0,1,28,30,120,120,2,0.0125
81,9,1,1,25,27,136,134,3,0.01875
81,10,2,1,40,25,143,142,1,0.00625
81,11,3,1,33,26,163,162,2,0.0125
81,12,4,1,30,27,139,139,0,0.0
81,13,5,1,27,35,146,144,2,0.0125
81,14,6,1,33,35,155,153,3,0.01875
81,15,7,1,29,27,124,122,4,0.025
81,16,0,2,23,29,113,114,1,0.00625
81,17,1,2,34,26,138,136,2,0.0125
81,18,2,2,34,25,142,140,1,0.00625
81,19,3,2,33,38,166,168,2,0.0125
81,20,4,2,39,30,150,149,2,0.0125
81,21,5,2,30,29,150,147,2,0.0125
81,22,6,2,30,24,143,142,2,0.0125
81,23,7,2,29,33,125,123,1,0.00625
81,24,0,3,31,26,118,115,2,0.0125
81,25,1,3,33,22,137,137,2,0.0125
81,26,2,3,28,31,143,141,3,0.01875
81,27,3,3,33,34,152,151,1,0.00625
81,28,4,3,31,30,138,140,1,0.00625
81,29,5,3,29,37,149,149,1,0.00625
81,30,6,3,33,26,145,147,1,0.00625
81,31,7,3,24,28,119,121,1,0.00625
81,32,0,4,27,28,120,122,2,0.0125
81,33,1,4,29,28,149,148,1,0.00625
81,34,2,4,33,29,157,157,1,0.00625
81,35,3,4,36,28,167,166,3,0.01875
81,36,4,4,34,32,157,156,2,0.0125
81,37,5,4,36,34,158,156,5,0.03125
81,38,6,4,26,33,155,155,3,0.01875
81,39,7,4,34,34,126,126,1,0.00625
81,40,0,5,23,34,130,130,1,0.00625
81,41,1,5,29,27,149,148,1,0.00625
81,42,2,5,28,30,154,156,2,0.0125
81,43,3,5,34,35,172,172,2,0.0125
81,44,4,5,27,36,159,160,1,0.00625
81,45,5,5,28,29,151,151,2,0.0125
81,46,6,5,32,33,166,164,3,0.01875
81,47,7,5,42,28,131,131,3,0.01875
81,48,0,6,21,41,121,123,0,0.0
81,49,1,6,31,21,137,133,2,0.0125
81,50,2,6,22,27,138,138,1,0.00625
81,51,3,6,33,32,147,149,1,0.00625
81,52,4,6,30,29,144,142,3,0.01875
81,53,5,6,32,26,145,143,4,0.025
81,54,6,6,23,25,139,138,3,0.01875
81,55,7,6,27,28,106,108,1,0.00625
81,56,0,7,31,29,88,92,0,0.0
81,57,1,7,29,25,117,116,2,0.0125
81,58,2,7,38,34,131,131,0,0.0
81,59,3,7,24,27,116,118,3,0.01875
81,60,4,7,31,31,116,118,2,0.0125
81,61,5,7,30,28,121,120,2,0.0125
81,62,6,7,32,33,127,128,1,0.00625
81,63,7,7,30,19,83,83,0,0.0
82,0,0,0,32,30,99,97,0,0.0
82,1,1,0,29,33,127,124,1,0.00625
82,2,2,0,33,34,135,133,2,0.0125
82,3,3,0,28,28,127,130,1,0.00625
82,4,4,0,30,36,136,136,3,0.01875
82,5,5,0,18,34,127,129,1,0.00625
82,6,6,0,31,34,127,128,3,0.01875
82,7,7,0,41,29,104,103,2,0.0125
82,8,0,1,28,37,131,129,2,0.0125
82,9,1,1,37,28,157,158,2,0.0125
82,10,2,1,32,26,161,159,4,0.025
82,11,3,1,34,33,162,162,3,0.01875
82,12,4,1,26,30,159,157,4,0.025
82,13,5,1,24,34,152,153,1,0.00625
82,14,6,1,26,23,139,142,1,0.00625
82,15,7,1,34,35,124,124,2,0.0125
82,16,0,2,25,36,121,123,0,0.0
82,17,1,2,36,31,154,155,1,0.00625
82,18,2,2,33,31,163,164,1,0.00625
82,19,3,2,24,34,147,148,0,0.0
82,20,4,2,24,33,144,146,1,0.00625
82,21,5,2,32,26,145,147,0,0.0
82,22,6,2,33,29,152,156,1,0.00625
82,23,7,2,26,28,116,115,2,0.0125
82,24,0,3,27,30,107,110,1,0.00625
82,25,1,3,29,27,138,138,4,0.025
82,26,2,3,33,34,153,153,1,0.00625
82,27,3,3,31,38,148,149,2,0.0125
82,28,4,3,26,30,143,142,3,0.01875
82,29,5,3,30,28,145,141,4,0.025
82,30,6,3,32,38,156,153,3,0.01875
82,31,7,3,29,31,120,117,2,0.0125
82,32,0,4,26,22,107,109,0,0.0
82,33,1,4,27,28,139,139,1,0.00625
82,34,2,4,38,33,159,158,1,0.00625
82,35,3,4,30,29,151,152,1,0.00625
82,36,4,4,37,28,158,160,1,0.00625
82,37,5,4,31,26,156,160,0,0.0
82,38,6,4,36,27,153,156,1,0.00625
82,39,7,4,31,29,129,126,4,0.025
82,40,0,5,34,27,131,133,1,0.00625
82,41,1,5,25,31,154,156,2,0.0125
82,42,2,5,32,30,155,156,2,0.0125
82,43,3,5,34,35,165,164,4,0.025
82,44,4,5,34,32,169,171,1,0.00625
82,45,5,5,28,39,171,172,1,0.00625
82,46,6,5,26,32,149,149,2,0.0125
82,47,7,5,30,34,125,127,0,0.0
82,48,0,6,27,41,141,141,1,0.00625
82,49,1,6,21,34,145,150,1,0.00625
82,50,2,6,32,24,153,149,2,0.0125
82,51,3,6,18,31,147,146,1,0.00625
82,52,4,6,28,39,159,160,1,0.00625
82,53,5,6,24,36,161,164,1,0.00625
82,54,6,6,32,29,157,158,1,0.00625
82,55,7,6,42,29,139,138,2,0.0125
82,56,0,7,26,38,101,100,1,0.00625
82,57,1,7,39,25,126,123,3,0.01875
82,58,2,7,24,18,116,114,2,0.0125
82,59,3,7,32,26,120,120,2,0.0125
82,60,4,7,30,20,117,118,2,0.0125
82,61,5,7,28,28,122,123,1,0.00625
82,62,6,7,32,23,118,119,1,0.00625
82,63,7,7,33,36,99,100,0,0.0
83,0,0,0,29,32,94,95,0,0.0
83,1,1,0,30,26,119,120,2,0.0125
83,2,2,0,29,41,132,133,1,0.00625
83,3,3,0,33,25,122,119,3,0.01875
83,4,4,0,22,30,117,119,2,0.0125
83,5,5,0,27,28,106,106,1,0.00625
83,6,6,0,29,29,113,114,0,0.0
83,7,7,0,31,33,91,92,0,0.0
83,8,0,1,21,31,114,116,2,0.0125
83,9,1,1,27,28,136,135,2,0.0125
83,10,2,1,32,32,161,162,2,0.0125
83,11,3,1,31,28,146,145,2,0.0125
83,12,4,1,25,35,149,151,1,0.00625
83,13,5,1,24,21,126,126,1,0.00625
83,14,6,1,33,23,136,132,2,0.0125
83,15,7,1,27,30,120,121,2,0.0125
83,16,0,2,36,28,130,125,4,0.025
83,17,1,2,31,22,148,146,2,0.0125
83,18,2,2,34,32,167,167,1,0.00625
83,19,3,2,28,32,155,154,2,0.0125
83,20,4,2,34,34,161,158,3,0.01875
83,21,5,2,21,31,144,146,0,0.0
83,22,6,2,22,21,130,130,0,0.0
83,23,7,2,36,30,124,124,3,0.01875
83,24,0,3,29,30,125,124,1,0.00625
83,25,1,3,29,33,149,149,2,0.0125
83,26,2,3,33,34,162,163,2,0.0125
83,27,3,3,30,30,153,151,4,0.025
83,28,4,3,35,26,149,150,1,0.00625
83,29,5,3,28,31,148,153,2,0.0125
83,30,6,3,29,19,132,134,2,0.0125
83,31,7,3,28,24,117,120,1,0.00625
83,32,0,4,30,32,130,129,1,0.00625
83,33,1,4,32,29,152,151,2,0.0125
83,34,2,4,35,29,164,162,1,0.00625
83,35,3,4,31,33,164,161,3,0.01875
83,36,4,4,22,30,142,144,1,0.00625
83,37,5,4,29,36,152,149,2,0.0125
83,38,6,4,28,29,151,152,1,0.00625
83,39,7,4,35,33,129,129,3,0.01875
83,40,0,5,31,34,125,124,1,0.00625
83,41,1,5,39,29,160,159,2,0.0125
83,42,2,5,32,26,165,162,3,0.01875
83,43,3,5,25,33,150,150,3,0.01875
83,44,4,5,32,28,145,141,3,0.01875
83,45,5,5,29,22,141,140,3,0.01875
83,46,6,5,30,30,147,148,2,0.0125
83,47,7,5,33,31,125,123,3,0.01875
83,48,0,6,29,26,119,119,1,0.00625
83,49,1,6,27,33,157,153,3,0.01875
83,50,2,6,24,41,157,160,2,0.0125
83,51,3,6,32,31,154,154,0,0.0
83,52,4,6,31,22,149,146,3,0.01875
83,53,5,6,22,33,147,145,2,0.0125
83,54,6,6,32,28,144,141,4,0.025
83,55,7,6,32,30,122,121,1,0.00625
83,56,0,7,33,35,99,99,0,0.0
83,57,1,7,30,29,122,127,1,0.00625
83,58,2,7,32,30,123,127,0,0.0
83,59,3,7,27,28,115,117,0,0.0
83,60,4,7,28,33,117,117,1,0.00625
83,61,5,7,31,30,115,115,2,0.0125
83,62,6,7,32,23,115,114,1,0.00625
83,63,7,7,29,28,88,89,0,0.0
84,0,0,0,34,28,102,100,2,0.0125
84,1,1,0,28,29,129,128,1,0.00625
84,2,2,0,31,27,127,127,2,0.0125
84,3,3,0,35,41,145,145,1,0.00625
84,4,4,0,29,26,130,129,2,0.0125
84,5,5,0,28,27,125,125,1,0.00625
84,6,6,0,24,30,126,123,1,0.00625
84,7,7,0,42,34,99,96,3,0.01875
84,8,0,1,24,39,123,124,1,0.00625
84,9,1,1,32,34,149,151,0,0.0
84,10,2,1,35,30,158,157,2,0.0125
84,11,3,1,29,35,172,171,2,0.0125
84,12,4,1,31,31,157,156,1,0.00625
84,13,5,1,29,29,150,152,0,0.0
84,14,6,1,25,31,148,153,1,0.00625
84,15,7,1,34,19,118,119,3,0.01875
84,16,0,2,28,33,119,124,0,0.0
84,17,1,2,26,20,138,139,4,0.025
84,18,2,2,22,31,145,144,1,0.00625
84,19,3,2,31,37,161,162,2,0.0125
84,20,4,2,32,27,153,153,4,0.025
84,21,5,2,26,27,149,146,1,0.00625
84,22,6,2,31,30,148,148,1,0.00625
84,23,7,2,34,31,129,131,1,0.00625
84,24,0,3,26,35,116,116,1,0.00625
84,25,1,3,33,32,145,145,1,0.00625
84,26,2,3,27,25,146,147,0,0.0
84,27,3,3,25,24,146,148,0,0.0
84,28,4,3,38,28,155,153,2,0.0125
84,29,5,3,33,36,160,159,2,0.0125
84,30,6,3,31,24,148,146,2,0.0125
84,31,7,3,28,31,123,120,1,0.00625
84,32,0,4,33,27,123,121,2,0.0125
84,33,1,4,27,25,146,147,2,0.0125
84,34,2,4,32,31,157,157,4,0.025
84,35,3,4,28,29,157,156,3,0.01875
84,36,4,4,33,29,155,151,4,0.025
84,37,5,4,25,37,152,150,3,0.01875
84,38,6,4,35,31,158,157,2,0.0125
84,39,7,4,28,29,124,127,2,0.0125
84,40,0,5,36,33,130,127,3,0.01875
84,41,1,5,31,33,154,153,2,0.0125
84,42,2,5,30,29,154,153,4,0.025
84,43,3,5,35,31,162,162,2,0.0125
84,44,4,5,27,29,152,156,0,0.0
84,45,5,5,27,30,144,146,1,0.00625
84,46,6,5,28,27,150,152,0,0.0
84,47,7,5,31,33,126,127,1,0.00625
84,48,0,6,30,31,116,115,3,0.01875
84,49,1,6,40,31,153,153,4,0.025
84,50,2,6,23,27,150,147,2,0.0125
84,51,3,6,29,30,145,145,0,0.0
84,52,4,6,36,31,153,153,3,0.01875
84,53,5,6,30,29,148,147,1,0.00625
84,54,6,6,33,30,151,156,1,0.00625
84,55,7,6,28,27,124,126,2,0.0125
84,56,0,7,24,26,77,76,0,0.0
84,57,1,7,34,30,116,115,2,0.0125
84,58,2,7,37,34,136,134,1,0.00625
84,59,3,7,34,21,121,120,0,0.0
84,60,4,7,29,26,119,118,2,0.0125
84,61,5,7,30,37,125,127,1,0.00625
84,62,6,7,32,30,125,124,1,0.00625
84,63,7,7,34,37,104,103,1,0.00625
85,0,0,0,38,35,108,110,0,0.0
85,1,1,0,36,26,137,137,2,0.0125
85,2,2,0,37,26,130,129,2,0.0125
85,3,3,0,29,24,123,122,2,0.0125
85,4,4,0,31,34,126,126,3,0.01875
85,5,5,0,26,31,122,121,2,0.0125
85,6,6,0,27,29,112,116,1,0.00625
85,7,7,0,31,32,91,93,2,0.0125
85,8,0,1,27,36,128,128,1,0.00625
85,9,1,1,34,39,159,155,3,0.01875
85,10,2,1,32,32,155,153,2,0.0125
85,11,3,1,29,33,146,150,0,0.0
85,12,4,1,38,30,156,155,1,0.00625
85,13,5,1,32,31,161,159,0,0.0
85,14,6,1,35,27,153,151,2,0.0125
85,15,7,1,28,31,121,122,0,0.0
85,16,0,2,30,31,127,125,1,0.00625
85,17,1,2,22,28,139,137,4,0.025
85,18,2,2,34,31,144,142,3,0.01875
85,19,3,2,30,28,150,149,1,0.00625
85,20,4,2,30,30,153,157,1,0.00625
85,21,5,2,32,36,163,163,2,0.0125
85,22,6,2,32,31,161,161,0,0.0
85,23,7,2,30,30,123,123,0,0.0
85,24,0,3,28,28,122,123,0,0.0
85,25,1,3,39,29,155,157,0,0.0
85,26,2,3,28,24,148,145,3,0.01875
85,27,3,3,32,34,150,151,2,0.0125
85,28,4,3,26,34,155,158,1,0.00625
85,29,5,3,26,28,148,149,2,0.0125
85,30,6,3,36,35,164,164,3,0.01875
85,31,7,3,35,34,132,133,2,0.0125
85,32,0,4,29,32,122,122,3,0.01875
85,33,1,4,29,28,143,142,2,0.0125
85,34,2,4,27,40,151,155,0,0.0
85,35,3,4,29,27,144,147,2,0.0125
85,36,4,4,33,30,159,161,0,0.0
85,37,5,4,30,26,150,153,1,0.00625
85,38,6,4,30,31,143,143,2,0.0125
85,39,7,4,32,33,121,121,1,0.00625
85,40,0,5,33,30,128,128,4,0.025
85,41,1,5,32,27,152,153,2,0.0125
85,42,2,5,31,33,151,154,1,0.00625
85,43,3,5,35,31,156,153,5,0.03125
85,44,4,5,26,29,151,150,1,0.00625
85,45,5,5,32,36,152,151,0,0.0
85,46,6,5,38,27,150,148,3,0.01875
85,47,7,5,24,27,113,114,1,0.00625
85,48,0,6,34,29,131,131,2,0.0125
85,49,1,6,40,37,168,168,3,0.01875
85,50,2,6,27,37,158,160,1,0.00625
85,51,3,6,28,32,144,146,0,0.0
85,52,4,6,26,36,153,156,3,0.01875
85,53,5,6,25,25,140,141,2,0.0125
85,54,6,6,25,32,143,140,1,0.00625
85,55,7,6,29,34,118,116,1,0.00625
85,56,0,7,27,33,97,94,3,0.01875
85,57,1,7,26,37,122,123,1,0.00625
85,58,2,7,25,40,125,124,2,0.0125
85,59,3,7,32,27,120,121,0,0.0
85,60,4,7,33,33,130,130,3,0.01875
85,61,5,7,30,28,125,122,1,0.00625
85,62,6,7,29,27,114,116,0,0.0
85,63,7,7,33,25,86,86,1,0.00625
86,0,0,0,36,36,100,100,0,0.0
86,1,1,0,37,30,129,131,1,0.00625
86,2,2,0,35,34,133,135,1,0.00625
86,3,3,0,37,25,130,130,3,0.01875
86,4,4,0,21,34,120,121,2,0.0125
86,5,5,0,33,29,107,108,2,0.0125
86,6,6,0,27,32,117,115,1,0.00625
86,7,7,0,26,26,80,80,2,0.0125
86,8,0,1,33,30,122,123,1,0.00625
86,9,1,1,36,36,156,158,1,0.00625
86,10,2,1,30,35,159,161,2,0.0125
86,11,3,1,22,38,141,141,1,0.00625
86,12,4,1,36,38,158,157,2,0.0125
86,13,5,1,34,23,147,149,0,0.0
86,14,6,1,25,30,146,146,0,0.0
86,15,7,1,25,26,105,105,1,0.00625
86,16,0,2,34,27,130,129,3,0.01875
86,17,1,2,31,34,155,158,1,0.00625
86,18,2,2,33,39,164,168,2,0.0125
86,19,3,2,30,31,149,149,1,0.00625
86,20,4,2,35,25,152,152,1,0.00625
86,21,5,2,34,40,167,165,2,0.0125
86,22,6,2,30,33,157,154,2,0.0125
86,23,7,2,30,30,114,114,0,0.0
86,24,0,3,28,37,132,129,3,0.01875
86,25,1,3,26,30,145,144,2,0.0125
86,26,2,3,30,30,149,153,1,0.00625
86,27,3,3,23,30,143,141,1,0.00625
86,28,4,3,21,29,140,137,1,0.00625
86,29,5,3,21,35,136,133,4,0.025
86,30,6,3,27,31,144,144,2,0.0125
86,31,7,3,29,28,115,117,0,0.0
86,32,0,4,34,29,135,134,1,0.00625
86,33,1,4,30,30,158,160,0,0.0
86,34,2,4,23,30,146,146,1,0.00625
86,35,3,4,29,31,143,142,3,0.01875
86,36,4,4,31,28,157,156,3,0.01875
86,37,5,4,33,20,152,153,0,0.0
86,38,6,4,32,20,160,158,2,0.0125
86,39,7,4,37,34,132,132,1,0.00625
86,40,0,5,22,35,117,121,0,0.0
86,41,1,5,31,33,140,139,4,0.025
86,42,2,5,28,27,138,139,0,0.0
86,43,3,5,24,23,121,127,0,0.0
86,44,4,5,31,29,144,143,1,0.00625
86,45,5,5,29,35,144,143,0,0.0
86,46,6,5,24,35,149,151,1,0.00625
86,47,7,5,30,33,118,117,1,0.00625
86,48,0,6,26,28,117,117,0,0.0
86,49,1,6,26,24,135,139,1,0.00625
86,50,2,6,32,28,152,153,3,0.01875
86,51,3,6,22,28,138,135,2,0.0125
86,52,4,6,32,30,143,145,1,0.00625
86,53,5,6,31,30,139,142,1,0.00625
86,54,6,6,28,28,145,148,1,0.00625
86,55,7,6,27,27,107,108,1,0.00625
86,56,0,7,29,29,91,93,1,0.00625
86,57,1,7,30,24,119,116,3,0.01875
86,58,2,7,25,30,119,122,0,0.0
86,59,3,7,35,34,129,128,1,0.00625
86,60,4,7,22,19,110,111,2,0.0125
86,61,5,7,33,29,118,119,1,0.00625
86,62,6,7,30,29,127,126,1,0.00625
86,63,7,7,32,27,87,88,0,0.0
87,0,0,0,37,27,91,90,2,0.0125
87,1,1,0,40,21,125,122,4,0.025
87,2,2,0,31,27,124,122,0,0.0
87,3,3,0,20,29,102,103,1,0.00625
87,4,4,0,25,34,108,104,3,0.01875
87,5,5,0,30,19,105,106,1,0.00625
87,6,6,0,26,29,119,116,5,0.03125
87,7,7,0,28,35,87,88,1,0.00625
87,8,0,1,31,23,119,118,0,0.0
87,9,1,1,22,38,151,153,1,0.00625
87,10,2,1,29,40,154,152,3,0.01875
87,11,3,1,31,29,153,150,2,0.0125
87,12,4,1,30,21,147,147,3,0.01875
87,13,5,1,31,22,138,134,2,0.0125
87,14,6,1,29,34,157,158,2,0.0125
87,15,7,1,34,24,122,121,1,0.00625
87,16,0,2,24,33,120,121,1,0.00625
87,17,1,2,33,32,147,148,2,0.0125
87,18,2,2,31,23,151,146,5,0.03125
87,19,3,2,29,32,153,154,1,0.00625
87,20,4,2,29,28,155,154,2,0.0125
87,21,5,2,32,28,145,147,3,0.01875
87,22,6,2,38,34,167,169,2,0.0125
87,23,7,2,36,26,138,137,1,0.00625
87,24,0,3,22,31,112,113,3,0.01875
87,25,1,3,25,29,127,128,1,0.00625
87,26,2,3,34,32,147,145,2,0.0125
87,27,3,3,27,30,145,145,2,0.0125
87,28,4,3,31,29,145,148,0,0.0
87,29,5,3,27,31,138,138,2,0.0125
87,30,6,3,33,31,142,141,3,0.01875
87,31,7,3,26,37,130,131,0,0.0
87,32,0,4,32,31,126,127,3,0.01875
87,33,1,4,36,21,145,142,2,0.0125
87,34,2,4,28,23,149,147,0,0.0
87,35,3,4,27,34,146,149,1,0.00625
87,36,4,4,24,20,137,140,0,0.0
87,37,5,4,32,35,144,143,0,0.0
87,38,6,4,32,23,143,145,1,0.00625
87,39,7,4,29,30,130,129,2,0.0125
87,40,0,5,31,34,121,121,0,0.0
87,41,1,5,34,29,148,149,2,0.0125
87,42,2,5,29,34,158,156,2,0.0125
87,43,3,5,26,25,139,138,1,0.00625
87,44,4,5,28,30,148,147,1,0.00625
87,45,5,5,29,21,133,131,2,0.0125
87,46,6,5,35,30,154,152,2,0.0125
87,47,7,5,30,34,135,137,0,0.0
87,48,0,6,40,26,121,121,1,0.00625
87,49,1,6,31,30,149,147,1,0.00625
87,50,2,6,29,37,143,145,0,0.0
87,51,3,6,27,29,131,134,0,0.0
87,52,4,6,37,23,145,142,2,0.0125
87,53,5,6,32,26,142,139,2,0.0125
87,54,6,6,31,28,140,139,1,0.00625
87,55,7,6,23,34,125,124,2,0.0125
87,56,0,7,24,23,75,78,0,0.0
87,57,1,7,28,39,120,121,2,0.0125
87,58,2,7,26,33,113,112,0,0.0
87,59,3,7,36,26,115,113,3,0.01875
87,60,4,7,26,30,116,117,2,0.0125
87,61,5,7,32,36,123,121,2,0.0125
87,62,6,7,33,28,122,121,1,0.00625
87,63,7,7,31,31,98,95,3,0.01875
88,0,0,0,33,37,101,102,1,0.00625
88,1,1,0,35,32,133,133,2,0.0125
88,2,2,0,29,31,129,130,1,0.00625
88,3,3,0,26,32,123,122,3,0.01875
88,4,4,0,32,33,126,128,3,0.01875
88,5,5,0,30,31,125,122,2,0.0125
88,6,6,0,30,29,118,123,0,0.0
88,7,7,0,33,24,87,85,2,0.0125
88,8,0,1,32,33,129,131,0,0.0
88,9,1,1,22,32,143,141,1,0.00625
88,10,2,1,30,36,146,151,0,0.0
88,11,3,1,21,30,141,142,0,0.0
88,12,4,1,26,30,142,146,1,0.00625
88,13,5,1,43,30,157,155,3,0.01875
88,14,6,1,36,28,161,158,3,0.01875
88,15,7,1,29,31,115,115,2,0.0125
88,16,0,2,32,27,126,125,1,0.00625
88,17,1,2,32,30,157,153,4,0.025
88,18,2,2,37,23,152,155,1,0.00625
88,19,3,2,27,26,154,153,1,0.00625
88,20,4,2,30,24,146,143,3,0.01875
88,21,5,2,33,28,146,145,1,0.00625
88,22,6,2,24,37,146,146,1,0.00625
88,23,7,2,27,33,105,105,1,0.00625
88,24,0,3,35,31,134,135,0,0.0
88,25,1,3,28,30,160,158,2,0.0125
88,26,2,3,23,29,145,146,2,0.0125
88,27,3,3,31,39,159,158,3,0.01875
88,28,4,3,33,23,159,155,1,0.00625
88,29,5,3,29,30,151,153,1,0.00625
88,30,6,3,30,33,156,159,1,0.00625
88,31,7,3,34,27,115,115,0,0.0
88,32,0,4,30,29,117,121,0,0.0
88,33,1,4,31,35,155,157,1,0.00625
88,34,2,4,27,28,141,143,1,0.00625
88,35,3,4,24,21,131,129,1,0.00625
88,36,4,4,33,35,150,147,3,0.01875
88,37,5,4,34,30,148,149,1,0.00625
88,38,6,4,38,33,160,161,1,0.00625
88,39,7,4,25,32,117,116,2,0.0125
88,40,0,5,24,25,113,112,0,0.0
88,41,1,5,35,36,154,156,1,0.00625
88,42,2,5,35,34,161,162,3,0.01875
88,43,3,5,32,28,152,149,3,0.01875
88,44,4,5,26,24,144,146,2,0.0125
88,45,5,5,42,31,152,154,2,0.0125
88,46,6,5,37,39,167,168,3,0.01875
88,47,7,5,23,36,121,121,0,0.0
88,48,0,6,27,30,120,121,1,0.00625
88,49,1,6,30,24,142,141,2,0.0125
88,50,2,6,31,35,160,157,3,0.01875
88,51,3,6,30,31,161,156,3,0.01875
88,52,4,6,32,31,160,161,2,0.0125
88,53,5,6,31,28,153,154,1,0.00625
88,54,6,6,30,42,166,164,1,0.00625
88,55,7,6,30,39,123,125,1,0.00625
88,56,0,7,34,29,102,101,1,0.00625
88,57,1,7,32,28,131,131,0,0.0
88,58,2,7,35,27,132,129,3,0.01875
88,59,3,7,32,32,137,137,2,0.0125
88,60,4,7,24,23,125,123,1,0.00625
88,61,5,7,24,35,123,126,2,0.0125
88,62,6,7,27,37,128,128,1,0.00625
88,63,7,7,37,31,92,95,1,0.00625
89,0,0,0,36,34,101,99,1,0.00625
89,1,1,0,32,36,134,136,2,0.0125
89,2,2,0,34,23,119,120,1,0.00625
89,3,3,0,29,32,123,125,2,0.0125
89,4,4,0,39,36,130,133,0,0.0
89,5,5,0,30,32,133,133,3,0.01875
89,6,6,0,31,26,123,119,3,0.01875
89,7,7,0,33,28,93,96,0,0.0
89,8,0,1,29,32,120,118,0,0.0
89,9,1,1,34,35,162,159,4,0.025
89,10,2,1,29,33,145,142,1,0.00625
89,11,3,1,30,31,151,152,1,0.00625
89,12,4,1,30,24,143,141,2,0.0125
89,13,5,1,31,40,163,165,0,0.0
89,14,6,1,26,29,144,147,1,0.00625
89,15,7,1,27,34,118,119,1,0.00625
89,16,0,2,31,26,114,115,1,0.00625
89,17,1,2,28,30,149,153,2,0.0125
89,18,2,2,28,28,134,135,0,0.0
89,19,3,2,28,33,150,151,1,0.00625
89,20,4,2,28,29,143,147,1,0.00625
89,21,5,2,30,29,145,146,3,0.01875
89,22,6,2,35,35,157,154,2,0.0125
89,23,7,2,29,28,118,117,2,0.0125
89,24,0,3,29,24,113,114,0,0.0
89,25,1,3,24,32,151,150,3,0.01875
89,26,2,3,31,31,142,138,3,0.01875
89,27,3,3,24,33,146,150,1,0.00625
89,28,4,3,25,32,140,145,0,0.0
89,29,5,3,24,25,141,141,3,0.01875
89,30,6,3,29,30,139,139,0,0.0
89,31,7,3,29,31,116,114,0,0.0
89,32,0,4,34,31,128,123,2,0.0125
89,33,1,4,38,29,165,162,2,0.0125
89,34,2,4,33,25,151,149,3,0.01875
89,35,3,4,34,33,161,159,2,0.0125
89,36,4,4,25,25,143,144,2,0.0125
89,37,5,4,26,29,146,143,2,0.0125
89,38,6,4,30,25,140,140,0,0.0
89,39,7,4,34,28,119,120,3,0.01875
89,40,0,5,25,29,112,112,1,0.00625
89,41,1,5,30,30,148,148,0,0.0
89,42,2,5,32,36,151,150,1,0.00625
89,43,3,5,32,31,163,162,2,0.0125
89,44,4,5,35,28,156,153,1,0.00625
89,45,5,5,28,27,156,158,0,0.0
89,46,6,5,34,23,147,146,2,0.0125
89,47,7,5,31,31,123,119,2,0.0125
89,48,0,6,29,27,118,119,0,0.0
89,49,1,6,25,24,150,150,1,0.00625
89,50,2,6,32,30,142,142,2,0.0125
89,51,3,6,33,37,164,164,3,0.01875
89,52,4,6,31,30,156,155,2,0.0125
89,53,5,6,31,35,166,165,2,0.0125
89,54,6,6,38,29,158,159,0,0.0
89,55,7,6,32,31,128,128,1,0.00625
89,56,0,7,38,32,98,95,2,0.0125
89,57,1,7,27,30,119,121,1,0.00625
89,58,2,7,36,26,115,116,2,0.0125
89,59,3,7,30,28,121,122,3,0.01875
89,60,4,7,43,37,132,135,1,0.00625
89,61,5,7,28,28,124,123,1,0.00625
89,62,6,7,26,29,108,111,0,0.0
89,63,7,7,24,37,89,89,0,0.0
90,0,0,0,28,27,87,88,1,0.00625
90,1,1,0,38,30,128,127,3,0.01875
90,2,2,0,24,33,124,123,1,0.00625
90,3,3,0,29,33,118,118,1,0.00625
90,4,4,0,25,31,117,115,2,0.0125
90,5,5,0,28,34,117,118,2,0.0125
90,6,6,0,30,29,115,115,2,0.0125
90,7,7,0,28,27,85,84,2,0.0125
90,8,0,1,31,32,120,119,2,0.0125
90,9,1,1,35,33,155,161,1,0.00625
90,10,2,1,30,37,162,161,3,0.01875
90,11,3,1,24,27,142,138,3,0.01875
90,12,4,1,31,30,148,146,3,0.01875
90,13,5,1,33,27,156,158,1,0.00625
90,14,6,1,30,29,152,150,0,0.0
90,15,7,1,32,26,119,118,2,0.0125
90,16,0,2,29,30,114,113,2,0.0125
90,17,1,2,31,34,148,148,0,0.0
90,18,2,2,25,37,150,151,2,0.0125
90,19,3,2,35,28,145,144,1,0.00625
90,20,4,2,28,22,147,144,3,0.01875
90,21,5,2,28,31,153,152,1,0.00625
90,22,6,2,29,33,151,152,2,0.0125
90,23,7,2,28,32,124,122,2,0.0125
90,24,0,3,27,27,112,111,2,0.0125
90,25,1,3,31,31,140,142,1,0.00625
90,26,2,3,31,30,147,151,1,0.00625
90,27,3,3,31,21,144,141,1,0.00625
90,28,4,3,28,34,155,152,2,0.0125
90,29,5,3,34,29,150,151,1,0.00625
90,30,6,3,26,30,146,146,2,0.0125
90,31,7,3,28,31,116,116,1,0.00625
90,32,0,4,28,26,117,121,1,0.00625
90,33,1,4,23,27,138,143,0,0.0
90,34,2,4,28,30,150,151,1,0.00625
90,35,3,4,33,33,157,160,1,0.00625
90,36,4,4,33,29,169,166,2,0.0125
90,37,5,4,29,24,154,155,1,0.00625
90,38,6,4,28,33,151,151,1,0.00625
90,39,7,4,28,27,114,116,0,0.0
90,40,0,5,41,36,128,127,0,0.0
90,41,1,5,35,29,152,150,0,0.0
90,42,2,5,30,25,143,143,2,0.0125
90,43,3,5,30,33,137,140,2,0.0125
90,44,4,5,32,36,155,159,1,0.00625
90,45,5,5,24,31,142,140,1,0.00625
90,46,6,5,25,29,126,127,3,0.01875
90,47,7,5,21,29,103,105,2,0.0125
90,48,0,6,23,22,97,96,0,0.0
90,49,1,6,30,38,136,137,2,0.0125
90,50,2,6,25,33,144,146,1,0.00625
90,51,3,6,31,27,133,133,4,0.025
90,52,4,6,31,35,150,152,0,0.0
90,53,5,6,26,33,142,144,0,0.0
90,54,6,6,26,26,127,125,2,0.0125
90,55,7,6,22,29,104,103,2,0.0125
90,56,0,7,25,22,78,81,0,0.0
90,57,1,7,33,25,122,117,4,0.025
90,58,2,7,25,31,124,126,1,0.00625
90,59,3,7,38,31,131,131,2,0.0125
90,60,4,7,32,27,133,133,0,0.0
90,61,5,7,28,33,131,131,1,0.00625
90,62,6,7,30,27,124,121,1,0.00625
90,63,7,7,36,24,90,91,0,0.0
91,0,0,0,18,31,82,83,0,0.0
91,1,1,0,29,29,107,110,1,0.00625
91,2,2,0,25,33,122,124,0,0.0
91,3,3,0,36,29,120,120,2,0.0125
91,4,4,0,31,38,136,136,1,0.00625
91,5,5,0,30,38,128,130,0,0.0
91,6,6,0,30,26,115,119,1,0.00625
91,7,7,0,31,31,93,94,1,0.00625
91,8,0,1,29,29,129,129,2,0.0125
91,9,1,1,29,19,144,143,1,0.00625
91,10,2,1,34,33,168,170,2,0.0125
91,11,3,1,25,26,147,152,1,0.00625
91,12,4,1,34,38,168,170,2,0.0125
91,13,5,1,38,30,171,168,2,0.0125
91,14,6,1,36,30,157,157,3,0.01875
91,15,7,1,31,33,129,129,2,0.0125
91,16,0,2,35,38,136,135,3,0.01875
91,17,1,2,36,26,159,157,2,0.0125
91,18,2,2,31,32,163,163,0,0.0
91,19,3,2,21,33,143,143,2,0.0125
91,20,4,2,22,28,136,139,1,0.00625
91,21,5,2,28,32,146,148,0,0.0
91,22,6,2,30,36,140,143,0,0.0
91,23,7,2,28,32,119,121,2,0.0125
91,24,0,3,30,32,124,124,0,0.0
91,25,1,3,26,33,150,152,1,0.00625
91,26,2,3,31,38,163,161,3,0.01875
91,27,3,3,38,30,158,159,2,0.0125
91,28,4,3,36,22,161,160,2,0.0125
91,29,5,3,26,23,155,154,2,0.0125
91,30,6,3,36,27,142,141,2,0.0125
91,31,7,3,30,31,127,126,1,0.00625
91,32,0,4,33,34,129,128,1,0.00625
91,33,1,4,29,28,153,151,1,0.00625
91,34,2,4,33,26,148,148,1,0.00625
91,35,3,4,35,30,158,155,1,0.00625
91,36,4,4,22,35,156,159,2,0.0125
91,37,5,4,32,36,155,158,1,0.00625
91,38,6,4,33,23,143,141,1,0.00625
91,39,7,4,34,33,131,128,3,0.01875
91,40,0,5,30,29,126,127,1,0.00625
91,41,1,5,32,33,160,159,2,0.0125
91,42,2,5,29,30,154,154,3,0.01875
91,43,3,5,22,31,147,145,3,0.01875
91,44,4,5,31,35,156,154,2,0.0125
91,45,5,5,36,27,161,162,1,0.00625
91,46,6,5,19,29,142,142,1,0.00625
91,47,7,5,34,33,120,121,1,0.00625
91,48,0,6,28,32,125,123,3,0.01875
91,49,1,6,24,32,142,142,1,0.00625
91,50,2,6,38,31,152,151,1,0.00625
91,51,3,6,32,29,158,160,2,0.0125
91,52,4,6,34,20,157,157,0,0.0
91,53,5,6,27,30,156,155,2,0.0125
91,54,6,6,30,34,143,146,1,0.00625
91,55,7,6,26,19,106,108,1,0.00625
91,56,0,7,30,28,91,91,1,0.00625
91,57,1,7,26,25,110,114,0,0.0
91,58,2,7,32,23,118,116,1,0.00625
91,59,3,7,40,35,138,136,2,0.0125
91,60,4,7,34,36,138,139,0,0.0
91,61,5,7,25,33,123,125,0,0.0
91,62,6,7,28,28,110,112,0,0.0
91,63,7,7,31,35,94,92,1,0.00625
92,0,0,0,31,35,94,95,0,0.0
92,1,1,0,32,24,116,116,0,0.0
92,2,2,0,28,30,118,114,3,0.01875
92,3,3,0,30,29,114,116,0,0.0
92,4,4,0,23,44,128,130,0,0.0
92,5,5,0,33,34,121,121,1,0.00625
92,6,6,0,24,26,112,112,1,0.00625
92,7,7,0,30,29,82,81,1,0.00625
92,8,0,1,27,30,114,114,3,0.01875
92,9,1,1,32,28,139,138,1,0.00625
92,10,2,1,35,28,150,149,1,0.00625
92,11,3,1,33,25,148,147,1,0.00625
92,12,4,1,27,29,159,158,1,0.00625
92,13,5,1,36,24,152,153,2,0.0125
92,14,6,1,34,33,164,166,1,0.00625
92,15,7,1,31,22,112,112,1,0.00625
92,16,0,2,30,23,110,112,1,0.00625
92,17,1,2,38,28,147,147,0,0.0
92,18,2,2,32,31,160,158,3,0.01875
92,19,3,2,32,38,155,156,2,0.0125
92,20,4,2,40,31,167,164,3,0.01875
92,21,5,2,33,28,160,158,2,0.0125
92,22,6,2,34,38,161,160,0,0.0
92,23,7,2,26,35,121,121,2,0.0125
92,24,0,3,37,27,122,121,2,0.0125
92,25,1,3,30,30,144,143,1,0.00625
92,26,2,3,28,38,142,143,2,0.0125
92,27,3,3,34,34,150,151,0,0.0
92,28,4,3,32,29,164,164,3,0.01875
92,29,5,3,28,36,156,155,4,0.025
92,30,6,3,35,30,146,148,1,0.00625
92,31,7,3,27,32,118,119,1,0.00625
92,32,0,4,27,26,121,122,1,0.00625
92,33,1,4,34,37,160,158,2,0.0125
92,34,2,4,28,28,156,154,3,0.01875
92,35,3,4,26,28,149,149,3,0.01875
92,36,4,4,28,39,167,170,0,0.0
92,37,5,4,35,34,172,172,1,0.00625
92,38,6,4,27,28,154,154,1,0.00625
92,39,7,4,35,37,120,122,1,0.00625
92,40,0,5,22,36,120,120,1,0.00625
92,41,1,5,29,29,137,135,3,0.01875
92,42,2,5,37,32,157,158,0,0.0
92,43,3,5,34,31,158,161,1,0.00625
92,44,4,5,23,24,151,150,4,0.025
92,45,5,5,32,25,148,147,1,0.00625
92,46,6,5,29,39,156,154,2,0.0125
92,47,7,5,30,25,106,106,1,0.00625
92,48,0,6,36,31,117,117,2,0.0125
92,49,1,6,31,25,136,137,1,0.00625
92,50,2,6,32,30,141,140,1,0.00625
92,51,3,6,24,37,140,143,0,0.0
92,52,4,6,27,35,147,146,3,0.01875
92,53,5,6,35,25,147,149,1,0.00625
92,54,6,6,19,33,139,137,3,0.01875
92,55,7,6,27,29,99,100,0,0.0
92,56,0,7,23,19,78,75,2,0.0125
92,57,1,7,26,35,121,120,3,0.01875
92,58,2,7,29,31,119,117,5,0.03125
92,59,3,7,35,32,130,132,1,0.00625
92,60,4,7,34,25,132,131,0,0.0
92,61,5,7,27,28,125,122,2,0.0125
92,62,6,7,24,34,121,117,3,0.01875
92,63,7,7,39,19,81,80,2,0.0125
93,0,0,0,31,31,89,88,1,0.00625
93,1,1,0,22,25,109,107,2,0.0125
93,2,2,0,24,21,100,102,1,0.00625
93,3,3,0,39,26,124,119,4,0.025
93,4,4,0,42,27,136,134,2,0.0125
93,5,5,0,31,32,137,136,0,0.0
93,6,6,0,33,35,133,131,2,0.0125
93,7,7,0,35,25,93,89,4,0.025
93,8,0,1,30,29,129,130,1,0.00625
93,9,1,1,32,28,154,152,2,0.0125
93,10,2,1,40,28,156,158,2,0.0125
93,11,3,1,36,25,167,167,2,0.0125
93,12,4,1,39,37,179,178,4,0.025
93,13,5,1,25,40,173,172,3,0.01875
93,14,6,1,27,30,154,153,1,0.00625
93,15,7,1,40,33,127,127,1,0.00625
93,16,0,2,38,41,143,143,1,0.00625
93,17,1,2,25,27,148,151,1,0.00625
93,18,2,2,35,32,143,143,2,0.0125
93,19,3,2,24,37,155,153,1,0.00625
93,20,4,2,28,36,151,154,2,0.0125
93,21,5,2,34,37,169,167,3,0.01875
93,22,6,2,28,26,154,155,1,0.00625
93,23,7,2,33,29,117,116,3,0.01875
93,24,0,3,27,32,116,117,0,0.0
93,25,1,3,32,38,158,157,1,0.00625
93,26,2,3,28,28,142,140,4,0.025
93,27,3,3,31,30,145,145,1,0.00625
93,28,4,3,24,26,139,138,2,0.0125
93,29,5,3,34,30,152,152,3,0.01875
93,30,6,3,28,37,160,157,2,0.0125
93,31,7,3,28,28,111,111,1,0.00625
93,32,0,4,30,29,112,110,0,0.0
93,33,1,4,32,32,143,144,3,0.01875
93,34,2,4,30,33,140,138,4,0.025
93,35,3,4,22,24,128,129,2,0.0125
93,36,4,4,26,28,134,131,2,0.0125
93,37,5,4,31,23,137,132,4,0.025
93,38,6,4,35,35,155,156,2,0.0125
93,39,7,4,25,25,114,113,0,0.0
93,40,0,5,29,26,112,112,2,0.0125
93,41,1,5,25,28,132,137,1,0.00625
93,42,2,5,28,32,133,134,1,0.00625
93,43,3,5,30,24,137,139,0,0.0
93,44,4,5,22,25,134,134,2,0.0125
93,45,5,5,32,24,141,138,2,0.0125
93,46,6,5,25,30,146,147,2,0.0125
93,47,7,5,28,34,115,112,2,0.0125
93,48,0,6,27,29,111,112,1,0.00625
93,49,1,6,30,26,136,135,2,0.0125
93,50,2,6,29,26,135,134,2,0.0125
93,51,3,6,29,29,146,144,2,0.0125
93,52,4,6,28,29,143,142,3,0.01875
93,53,5,6,37,19,148,145,3,0.01875
93,54,6,6,34,30,163,163,2,0.0125
93,55,7,6,26,24,115,113,2,0.0125
93,56,0,7,24,30,77,79,1,0.00625
93,57,1,7,22,27,95,95,1,0.00625
93,58,2,7,25,29,98,102,0,0.0
93,59,3,7,25,31,100,101,1,0.00625
93,60,4,7,38,30,115,113,3,0.01875
93,61,5,7,37,31,121,122,3,0.01875
93,62,6,7,32,34,121,123,1,0.00625
93,63,7,7,17,30,80,80,1,0.00625
94,0,0,0,28,24,94,95,0,0.0
94,1,1,0,27,31,128,127,3,0.01875
94,2,2,0,30,24,118,118,1,0.00625
94,3,3,0,33,24,126,129,2,0.0125
94,4,4,0,36,33,142,143,0,0.0
94,5,5,0,26,35,136,137,0,0.0
94,6,6,0,30,30,123,124,1,0.00625
94,7,7,0,36,34,96,102,0,0.0
94,8,0,1,35,41,133,134,1,0.00625
94,9,1,1,29,32,160,161,1,0.00625
94,10,2,1,28,21,141,140,1,0.00625
94,11,3,1,38,32,156,152,4,0.025
94,12,4,1,29,32,162,165,2,0.0125
94,13,5,1,31,38,163,164,1,0.00625
94,14,6,1,23,30,142,142,3,0.01875
94,15,7,1,29,31,114,114,2,0.0125
94,16,0,2,31,31,109,108,2,0.0125
94,17,1,2,35,38,157,152,3,0.01875
94,18,2,2,27,27,136,139,1,0.00625
94,19,3,2,33,32,140,141,2,0.0125
94,20,4,2,33,34,161,159,3,0.01875
94,21,5,2,31,33,153,154,3,0.01875
94,22,6,2,31,29,145,142,3,0.01875
94,23,7,2,22,24,109,112,0,0.0
94,24,0,3,23,22,106,105,1,0.00625
94,25,1,3,31,28,143,145,0,0.0
94,26,2,3,21,28,141,144,1,0.00625
94,27,3,3,33,30,141,138,4,0.025
94,28,4,3,22,31,152,153,2,0.0125
94,29,5,3,33,34,153,152,1,0.00625
94,30,6,3,23,28,148,151,1,0.00625
94,31,7,3,32,32,121,122,0,0.0
94,32,0,4,27,32,108,110,0,0.0
94,33,1,4,27,23,130,131,1,0.00625
94,34,2,4,31,31,142,147,0,0.0
94,35,3,4,20,26,126,128,1,0.00625
94,36,4,4,30,34,145,144,2,0.0125
94,37,5,4,32,23,144,146,1,0.00625
94,38,6,4,28,36,154,155,0,0.0
94,39,7,4,25,26,112,112,2,0.0125
94,40,0,5,28,25,111,111,2,0.0125
94,41,1,5,33,26,151,151,1,0.00625
94,42,2,5,29,28,154,153,1,0.00625
94,43,3,5,27,35,150,147,1,0.00625
94,44,4,5,33,23,145,144,2,0.0125
94,45,5,5,37,32,165,167,3,0.01875
94,46,6,5,26,32,159,158,3,0.01875
94,47,7,5,31,31,118,119,3,0.01875
94,48,0,6,29,30,114,117,0,0.0
94,49,1,6,32,30,148,148,3,0.01875
94,50,2,6,29,32,144,144,3,0.01875
94,51,3,6,31,30,137,136,2,0.0125
94,52,4,6,22,23,133,133,2,0.0125
94,53,5,6,31,31,139,141,1,0.00625
94,54,6,6,24,36,144,143,3,0.01875
94,55,7,6,24,24,101,101,1,0.00625
94,56,0,7,33,28,91,92,0,0.0
94,57,1,7,30,31,127,128,1,0.00625
94,58,2,7,28,32,121,117,3,0.01875
94,59,3,7,35,28,124,125,0,0.0
94,60,4,7,32,30,130,131,0,0.0
94,61,5,7,27,19,115,116,2,0.0125
94,62,6,7,28,33,123,126,0,0.0
94,63,7,7,37,25,89,90,2,0.0125
95,0,0,0,29,39,97,96,0,0.0
95,1,1,0,24,28,107,109,1,0.00625
95,2,2,0,28,36,115,115,1,0.00625
95,3,3,0,30,35,119,120,2,0.0125
95,4,4,0,31,28,117,117,0,0.0
95,5,5,0,27,29,112,112,0,0.0
95,6,6,0,29,29,113,115,0,0.0
95,7,7,0,25,30,89,87,2,0.0125
95,8,0,1,21,28,117,116,0,0.0
95,9,1,1,31,30,135,138,0,0.0
95,10,2,1,18,27,139,140,1,0.00625
95,11,3,1,28,26,137,140,2,0.0125
95,12,4,1,31,33,147,146,2,0.0125
95,13,5,1,35,31,152,150,2,0.0125
95,14,6,1,32,25,148,150,0,0.0
95,15,7,1,30,29,124,123,2,0.0125
95,16,0,2,32,29,128,126,4,0.025
95,17,1,2,32,20,135,136,4,0.025
95,18,2,2,26,33,150,148,1,0.00625
95,19,3,2,26,18,129,129,2,0.0125
95,20,4,2,30,32,136,136,1,0.00625
95,21,5,2,32,28,136,139,2,0.0125
95,22,6,2,28,32,142,144,1,0.00625
95,23,7,2,19,29,109,107,2,0.0125
95,24,0,3,40,24,130,131,2,0.0125
95,25,1,3,21,30,147,146,0,0.0
95,26,2,3,25,33,141,140,1,0.00625
95,27,3,3,37,27,147,149,2,0.0125
95,28,4,3,37,27,152,150,3,0.01875
95,29,5,3,29,31,146,147,1,0.00625
95,30,6,3,31,37,152,149,4,0.025
95,31,7,3,24,26,110,111,0,0.0
95,32,0,4,29,27,130,129,1,0.00625
95,33,1,4,30,36,155,155,2,0.0125
95,34,2,4,32,24,148,146,2,0.0125
95,35,3,4,37,23,153,151,1,0.00625
95,36,4,4,30,34,154,154,2,0.0125
95,37,5,4,34,33,149,151,1,0.00625
95,38,6,4,36,28,154,153,2,0.0125
95,39,7,4,26,29,119,120,1,0.00625
95,40,0,5,32,26,124,125,1,0.00625
95,41,1,5,26,31,144,141,2,0.0125
95,42,2,5,28,28,140,142,0,0.0
95,43,3,5,28,32,148,149,0,0.0
95,44,4,5,27,32,146,148,1,0.00625
95,45,5,5,26,28,139,136,4,0.025
95,46,6,5,36,33,152,152,2,0.0125
95,47,7,5,27,34,129,128,2,0.0125
95,48,0,6,32,26,128,125,1,0.00625
95,49,1,6,37,29,158,156,2,0.0125
95,50,2,6,29,25,156,158,2,0.0125
95,51,3,6,29,30,149,148,2,0.0125
95,52,4,6,32,32,146,146,1,0.00625
95,53,5,6,32,29,146,145,2,0.0125
95,54,6,6,25,31,141,145,1,0.00625
95,55,7,6,25,36,119,120,0,0.0
95,56,0,7,31,26,97,98,0,0.0
95,57,1,7,39,33,143,140,4,0.025
95,58,2,7,29,36,147,150,1,0.00625
95,59,3,7,29,31,133,131,2,0.0125
95,60,4,7,25,26,122,123,0,0.0
95,61,5,7,31,32,128,127,0,0.0
95,62,6,7,32,33,136,133,2,0.0125
95,63,7,7,36,28,97,98,0,0.0
96,0,0,0,28,33,83,83,1,0.00625
96,1,1,0,26,36,114,112,1,0.00625
96,2,2,0,26,33,109,109,2,0.0125
96,3,3,0,35,19,103,102,2,0.0125
96,4,4,0,38,26,120,120,1,0.00625
96,5,5,0,23,29,113,110,2,0.0125
96,6,6,0,35,33,112,110,0,0.0
96,7,7,0,23,31,87,87,1,0.00625
96,8,0,1,29,25,114,113,1,0.00625
96,9,1,1,29,23,151,147,2,0.0125
96,10,2,1,28,26,145,143,2,0.0125
96,11,3,1,33,29,136,138,1,0.00625
96,12,4,1,31,32,160,161,2,0.0125
96,13,5,1,31,36,163,166,2,0.0125
96,14,6,1,31,19,151,149,2,0.0125
96,15,7,1,33,34,128,128,2,0.0125
96,16,0,2,36,29,124,125,0,0.0
96,17,1,2,27,31,158,159,1,0.00625
96,18,2,2,29,29,145,145,2,0.0125
96,19,3,2,35,25,131,133,0,0.0
96,20,4,2,29,33,153,154,1,0.00625
96,21,5,2,39,34,164,161,4,0.025
96,22,6,2,26,33,164,160,3,0.01875
96,23,7,2,37,32,121,119,5,0.03125
96,24,0,3,32,27,120,118,2,0.0125
96,25,1,3,28,41,168,168,0,0.0
96,26,2,3,29,30,151,152,1,0.00625
96,27,3,3,27,30,138,137,3,0.01875
96,28,4,3,30,34,149,153,2,0.0125
96,29,5,3,31,29,156,158,0,0.0
96,30,6,3,34,35,165,164,2,0.0125
96,31,7,3,34,27,123,122,1,0.00625
96,32,0,4,35,29,112,112,0,0.0
96,33,1,4,32,31,153,153,2,0.0125
96,34,2,4,31,26,143,145,1,0.00625
96,35,3,4,32,32,131,133,1,0.00625
96,36,4,4,22,29,124,126,1,0.00625
96,37,5,4,33,33,140,137,3,0.01875
96,38,6,4,35,31,152,152,3,0.01875
96,39,7,4,21,35,121,120,0,0.0
96,40,0,5,29,23,112,111,1,0.00625
96,41,1,5,30,34,160,159,1,0.00625
96,42,2,5,29,33,158,155,3,0.01875
96,43,3,5,32,30,142,139,3,0.01875
96,44,4,5,27,32,144,144,2,0.0125
96,45,5,5,30,24,137,142,0,0.0
96,46,6,5,33,33,161,164,2,0.0125
96,47,7,5,32,34,131,133,3,0.01875
96,48,0,6,28,28,110,111,2,0.0125
96,49,1,6,27,30,145,147,2,0.0125
96,50,2,6,31,33,144,147,0,0.0
96,51,3,6,29,28,132,135,0,0.0
96,52,4,6,29,32,140,141,3,0.01875
96,53,5,6,30,28,146,147,2,0.0125
96,54,6,6,31,28,151,151,1,0.00625
96,55,7,6,26,37,127,125,2,0.0125
96,56,0,7,36,25,90,87,2,0.0125
96,57,1,7,29,30,120,122,2,0.0125
96,58,2,7,23,29,107,106,2,0.0125
96,59,3,7,22,31,100,103,0,0.0
96,60,4,7,29,31,110,110,0,0.0
96,61,5,7,34,33,125,126,1,0.00625
96,62,6,7,34,31,125,127,1,0.00625
96,63,7,7,31,30,95,91,4,0.025
97,0,0,0,27,27,86,84,1,0.00625
97,1,1,0,34,39,128,131,0,0.0
97,2,2,0,39,33,137,137,2,0.0125
97,3,3,0,20,33,123,123,1,0.00625
97,4,4,0,29,20,104,103,0,0.0
97,5,5,0,29,29,119,118,2,0.0125
97,6,6,0,24,31,114,114,1,0.00625
97,7,7,0,33,25,83,83,1,0.00625
97,8,0,1,31,28,118,121,0,0.0
97,9,1,1,27,28,153,154,3,0.01875
97,10,2,1,29,35,158,158,3,0.01875
97,11,3,1,26,35,157,156,1,0.00625
97,12,4,1,38,25,138,136,2,0.0125
97,13,5,1,32,30,155,154,2,0.0125
97,14,6,1,31,28,152,151,3,0.01875
97,15,7,1,28,27,107,110,1,0.00625
97,16,0,2,24,33,113,114,2,0.0125
97,17,1,2,31,26,154,153,3,0.01875
97,18,2,2,32,28,159,160,2,0.0125
97,19,3,2,29,30,163,161,1,0.00625
97,20,4,2,23,28,133,133,1,0.00625
97,21,5,2,27,33,145,149,0,0.0
97,22,6,2,23,33,145,148,2,0.0125
97,23,7,2,29,29,109,113,1,0.00625
97,24,0,3,27,31,110,112,0,0.0
97,25,1,3,38,23,151,148,4,0.025
97,26,2,3,28,32,153,151,1,0.00625
97,27,3,3,31,33,155,155,3,0.01875
97,28,4,3,31,32,146,142,3,0.01875
97,29,5,3,31,25,143,141,1,0.00625
97,30,6,3,29,29,149,149,1,0.00625
97,31,7,3,28,27,110,109,1,0.00625
97,32,0,4,27,27,110,111,1,0.00625
97,33,1,4,29,30,156,152,4,0.025
97,34,2,4,21,33,147,144,3,0.01875
97,35,3,4,30,27,149,148,2,0.0125
97,36,4,4,26,30,145,142,3,0.01875
97,37,5,4,22,30,137,138,3,0.01875
97,38,6,4,31,28,143,145,0,0.0
97,39,7,4,31,26,119,119,0,0.0
97,40,0,5,26,28,116,113,4,0.025
97,41,1,5,28,27,153,154,3,0.01875
97,42,2,5,27,30,145,149,0,0.0
97,43,3,5,32,23,154,158,1,0.00625
97,44,4,5,32,31,157,158,1,0.00625
97,45,5,5,25,27,145,143,2,0.0125
97,46,6,5,20,24,131,130,2,0.0125
97,47,7,5,30,37,110,112,1,0.00625
97,48,0,6,27,36,113,114,1,0.00625
97,49,1,6,29,24,148,148,1,0.00625
97,50,2,6,40,25,155,150,2,0.0125
97,51,3,6,36,27,165,165,1,0.00625
97,52,4,6,28,34,153,151,4,0.025
97,53,5,6,36,29,147,146,2,0.0125
97,54,6,6,28,22,144,142,2,0.0125
97,55,7,6,25,17,92,92,2,0.0125
97,56,0,7,37,27,89,89,2,0.0125
97,57,1,7,31,26,121,120,2,0.0125
97,58,2,7,36,29,119,121,0,0.0
97,59,3,7,27,36,127,125,1,0.00625
97,60,4,7,29,36,119,118,1,0.00625
97,61,5,7,31,26,111,112,1,0.00625
97,62,6,7,24,33,118,116,2,0.0125
97,63,7,7,27,24,75,76,2,0.0125
98,0,0,0,25,30,81,82,0,0.0
98,1,1,0,25,30,110,108,0,0.0
98,2,2,0,32,28,112,113,0,0.0
98,3,3,0,31,31,123,122,2,0.0125
98,4,4,0,31,32,120,119,2,0.0125
98,5,5,0,30,35,127,129,3,0.01875
98,6,6,0,25,32,117,118,1,0.00625
98,7,7,0,27,32,83,83,1,0.00625
98,8,0,1,30,26,109,107,1,0.00625
98,9,1,1,28,25,136,137,2,0.0125
98,10,2,1,39,24,137,136,4,0.025
98,11,3,1,31,34,153,153,1,0.00625
98,12,4,1,32,29,143,146,1,0.00625
98,13,5,1,34,34,156,157,2,0.0125
98,14,6,1,25,34,142,144,0,0.0
98,15,7,1,19,23,104,102,2,0.0125
98,16,0,2,29,20,115,112,4,0.025
98,17,1,2,29,35,150,152,0,0.0
98,18,2,2,26,26,138,138,1,0.00625
98,19,3,2,30,35,159,156,4,0.025
98,20,4,2,23,29,146,145,3,0.01875
98,21,5,2,18,36,145,144,2,0.0125
98,22,6,2,28,32,147,143,3,0.01875
98,23,7,2,37,28,124,120,2,0.0125
98,24,0,3,36,35,137,138,0,0.0
98,25,1,3,34,25,156,157,1,0.00625
98,26,2,3,26,27,149,148,3,0.01875
98,27,3,3,38,24,153,153,2,0.0125
98,28,4,3,28,30,154,158,1,0.00625
98,29,5,3,39,21,156,154,4,0.025
98,30,6,3,28,19,148,149,1,0.00625
98,31,7,3,31,23,119,119,1,0.00625
98,32,0,4,34,34,128,126,1,0.00625
98,33,1,4,23,34,143,147,0,0.0
98,34,2,4,30,36,135,138,1,0.00625
98,35,3,4,27,26,139,141,1,0.00625
98,36,4,4,27,37,141,143,2,0.0125
98,37,5,4,33,30,147,150,1,0.00625
98,38,6,4,38,37,168,166,2,0.0125
98,39,7,4,24,28,124,124,1,0.00625
98,40,0,5,37,25,125,127,1,0.00625
98,41,1,5,34,34,162,163,1,0.00625
98,42,2,5,25,22,137,132,3,0.01875
98,43,3,5,36,29,148,144,2,0.0125
98,44,4,5,28,28,140,139,2,0.0125
98,45,5,5,35,28,155,156,2,0.0125
98,46,6,5,28,33,157,157,1,0.00625
98,47,7,5,31,34,128,128,0,0.0
98,48,0,6,38,28,130,127,2,0.0125
98,49,1,6,33,40,160,161,0,0.0
98,50,2,6,32,35,152,153,2,0.0125
98,51,3,6,32,23,147,144,2,0.0125
98,52,4,6,27,34,141,144,1,0.00625
98,53,5,6,33,27,148,148,1,0.00625
98,54,6,6,36,38,164,166,1,0.00625
98,55,7,6,30,29,133,133,1,0.00625
98,56,0,7,26,24,89,90,1,0.00625
98,57,1,7,25,35,125,126,0,0.0
98,58,2,7,35,33,135,130,4,0.025
98,59,3,7,27,34,130,129,1,0.00625
98,60,4,7,40,31,132,130,3,0.01875
98,61,5,7,29,25,130,127,2,0.0125
98,62,6,7,34,34,131,133,1,0.00625
98,63,7,7,31,39,106,109,0,0.0
99,0,0,0,41,35,108,108,2,0.0125
99,1,1,0,27,25,121,123,0,0.0
99,2,2,0,23,32,115,115,1,0.00625
99,3,3,0,33,44,129,130,1,0.00625
99,4,4,0,35,28,124,126,1,0.00625
99,5,5,0,31,32,122,124,0,0.0
99,6,6,0,35,24,116,115,1,0.00625
99,7,7,0,29,31,94,95,1,0.00625
99,8,0,1,31,34,126,124,1,0.00625
99,9,1,1,39,40,156,154,4,0.025
99,10,2,1,31,29,156,157,2,0.0125
99,11,3,1,30,25,158,159,0,0.0
99,12,4,1,30,32,149,147,2,0.0125
99,13,5,1,25,34,153,152,3,0.01875
99,14,6,1,28,31,137,136,2,0.0125
99,15,7,1,28,34,124,125,1,0.00625
99,16,0,2,37,25,125,128,1,0.00625
99,17,1,2,33,29,158,158,1,0.00625
99,18,2,2,29,36,166,165,2,0.0125
99,19,3,2,27,33,161,162,3,0.01875
99,20,4,2,31,33,149,148,3,0.01875
99,21,5,2,34,29,155,155,1,0.00625
99,22,6,2,35,26,142,146,0,0.0
99,23,7,2,26,31,123,126,1,0.00625
99,24,0,3,33,29,129,126,3,0.01875
99,25,1,3,33,43,163,163,1,0.00625
99,26,2,3,27,33,159,161,1,0.00625
99,27,3,3,29,28,157,158,1,0.00625
99,28,4,3,27,26,144,143,2,0.0125
99,29,5,3,29,32,151,153,1,0.00625
99,30,6,3,40,33,159,161,1,0.00625
99,31,7,3,32,37,140,140,2,0.0125
99,32,0,4,34,33,126,127,0,0.0
99,33,1,4,24,31,139,139,2,0.0125
99,34,2,4,33,35,156,156,1,0.00625
99,35,3,4,33,26,158,158,0,0.0
99,36,4,4,31,35,156,157,1,0.00625
99,37,5,4,29,25,148,144,3,0.01875
99,38,6,4,28,33,140,141,1,0.00625
99,39,7,4,30,43,127,128,1,0.00625
99,40,0,5,28,29,120,123,0,0.0
99,41,1,5,29,35,151,150,4,0.025
99,42,2,5,25,24,148,151,2,0.0125
99,43,3,5,25,32,156,160,1,0.00625
99,44,4,5,32,33,157,157,1,0.00625
99,45,5,5,30,27,153,155,0,0.0
99,46,6,5,27,29,141,142,2,0.0125
99,47,7,5,32,29,121,120,2,0.0125
99,48,0,6,29,36,127,127,3,0.01875
99,49,1,6,31,30,149,146,4,0.025
99,50,2,6,27,27,149,150,2,0.0125
99,51,3,6,32,25,159,159,1,0.00625
99,52,4,6,32,26,160,156,4,0.025
99,53,5,6,31,34,163,163,1,0.00625
99,54,6,6,34,30,155,154,0,0.0
99,55,7,6,36,30,127,128,1,0.00625
99,56,0,7,28,34,89,89,2,0.0125
99,57,1,7,34,28,115,116,1,0.00625
99,58,2,7,32,28,121,124,0,0.0
99,59,3,7,30,24,117,119,1,0.00625
99,60,4,7,26,33,114,116,1,0.00625
99,61,5,7,25,31,106,108,0,0.0
99,62,6,7,30,32,111,108,2,0.0125
99,63,7,7,26,33,88,88,0,0.0
100,0,0,0,37,16,81,80,1,0.00625
100,1,1,0,34,27,125,124,2,0.0125
100,2,2,0,28,31,121,120,1,0.00625
100,3,3,0,29,25,110,109,2,0.0125
100,4,4,0,33,28,121,119,2,0.0125
100,5,5,0,32,27,123,124,0,0.0
100,6,6,0,36,25,126,123,3,0.01875
100,7,7,0,32,33,99,97,2,0.0125
100,8,0,1,32,28,104,106,2,0.0125
100,9,1,1,34,35,160,161,2,0.0125
100,10,2,1,30,32,159,157,4,0.025
100,11,3,1,30,25,137,136,0,0.0
100,12,4,1,25,30,138,139,2,0.0125
100,13,5,1,35,28,142,143,2,0.0125
100,14,6,1,31,34,155,157,0,0.0
100,15,7,1,33,33,128,128,0,0.0
100,16,0,2,35,31,116,116,1,0.00625
100,17,1,2,35,29,159,159,2,0.0125
100,18,2,2,32,35,166,163,2,0.0125
100,19,3,2,39,28,158,160,1,0.00625
100,20,4,2,35,24,160,162,0,0.0
100,21,5,2,24,24,148,147,3,0.01875
100,22,6,2,28,35,153,154,1,0.00625
100,23,7,2,38,29,130,128,2,0.0125
100,24,0,3,32,33,107,110,0,0.0
100,25,1,3,31,33,155,156,3,0.01875
100,26,2,3,37,33,158,157,3,0.01875
100,27,3,3,28,32,147,148,1,0.00625
100,28,4,3,24,35,141,142,2,0.0125
100,29,5,3,19,35,130,129,4,0.025
100,30,6,3,28,26,127,127,0,0.0
100,31,7,3,28,28,116,114,3,0.01875
100,32,0,4,37,26,103,103,1,0.00625
100,33,1,4,27,35,153,150,3,0.01875
100,34,2,4,28,32,147,144,2,0.0125
100,35,3,4,26,33,141,141,1,0.00625
100,36,4,4,35,24,141,138,1,0.00625
100,37,5,4,30,25,141,144,0,0.0
100,38,6,4,25,22,131,131,0,0.0
100,39,7,4,23,28,113,112,1,0.00625
100,40,0,5,30,24,97,94,2,0.0125
100,41,1,5,26,37,143,142,4,0.025
100,42,2,5,23,28,135,136,1,0.00625
100,43,3,5,36,29,140,138,1,0.00625
100,44,4,5,22,27,139,141,0,0.0
100,45,5,5,30,38,144,144,0,0.0
100,46,6,5,37,30,157,155,1,0.00625
100,47,7,5,26,26,120,119,3,0.01875
100,48,0,6,26,24,98,100,0,0.0
100,49,1,6,32,28,142,145,1,0.00625
100,50,2,6,25,28,158,158,3,0.01875
100,51,3,6,33,25,139,140,1,0.00625
100,52,4,6,29,36,152,155,1,0.00625
100,53,5,6,30,21,135,136,1,0.00625
100,54,6,6,29,31,148,147,2,0.0125
100,55,7,6,29,31,124,124,1,0.00625
100,56,0,7,23,32,75,74,0,0.0
100,57,1,7,41,27,110,108,2,0.0125
100,58,2,7,28,35,116,118,0,0.0
100,59,3,7,28,30,102,103,0,0.0
100,60,4,7,26,30,108,108,1,0.00625
100,61,5,7,30,32,111,112,0,0.0
100,62,6,7,33,29,115,118,0,0.0
100,63,7,7,26,30,89,87,1,0.00625
101,0,0,0,34,33,99,100,0,0.0
101,1,1,0,27,31,128,124,4,0.025
101,2,2,0,28,35,121,120,1,0.00625
101,3,3,0,36,31,127,129,0,0.0
101,4,4,0,27,32,125,128,0,0.0
101,5,5,0,31,24,115,113,1,0.00625
101,6,6,0,36,33,134,136,2,0.0125
101,7,7,0,31,28,98,99,1,0.00625
101,8,0,1,37,34,132,133,0,0.0
101,9,1,1,31,36,165,165,3,0.01875
101,10,2,1,30,25,149,152,2,0.0125
101,11,3,1,32,26,150,150,1,0.00625
101,12,4,1,22,37,152,150,2,0.0125
101,13,5,1,32,30,137,137,3,0.01875
101,14,6,1,34,31,157,156,1,0.00625
101,15,7,1,24,40,127,124,2,0.0125
101,16,0,2,30,31,131,133,0,0.0
101,17,1,2,36,39,177,179,1,0.00625
101,18,2,2,35,33,174,177,2,0.0125
101,19,3,2,34,34,169,169,1,0.00625
101,20,4,2,33,35,169,169,2,0.0125
101,21,5,2,35,27,153,151,3,0.01875
101,22,6,2,29,35,166,165,0,0.0
101,23,7,2,34,34,122,124,2,0.0125
101,24,0,3,26,39,126,124,1,0.00625
101,25,1,3,28,32,149,150,0,0.0
101,26,2,3,35,37,165,164,2,0.0125
101,27,3,3,29,36,158,159,1,0.00625
101,28,4,3,33,39,160,159,2,0.0125
101,29,5,3,30,30,145,147,1,0.00625
101,30,6,3,26,34,150,147,3,0.01875
101,31,7,3,24,31,109,111,1,0.00625
101,32,0,4,38,27,124,125,1,0.00625
101,33,1,4,28,28,155,159,0,0.0
101,34,2,4,31,28,149,149,2,0.0125
101,35,3,4,33,39,161,159,3,0.01875
101,36,4,4,27,30,152,148,5,0.03125
101,37,5,4,30,32,145,143,2,0.0125
101,38,6,4,33,27,151,150,2,0.0125
101,39,7,4,29,27,117,117,2,0.0125
101,40,0,5,32,25,123,123,2,0.0125
101,41,1,5,36,39,178,180,3,0.01875
101,42,2,5,26,28,160,158,3,0.01875
101,43,3,5,39,30,155,155,0,0.0
101,44,4,5,26,30,159,157,1,0.00625
101,45,5,5,27,25,136,137,0,0.0
101,46,6,5,35,28,152,153,2,0.0125
101,47,7,5,34,33,132,131,3,0.01875
101,48,0,6,27,35,118,116,3,0.01875
101,49,1,6,29,31,149,148,3,0.01875
101,50,2,6,19,37,142,142,1,0.00625
101,51,3,6,33,22,132,133,1,0.00625
101,52,4,6,35,37,164,165,1,0.00625
101,53,5,6,20,29,139,137,2,0.0125
101,54,6,6,31,25,134,135,1,0.00625
101,55,7,6,28,37,123,120,3,0.01875
101,56,0,7,38,27,94,95,1,0.00625
101,57,1,7,33,25,130,127,5,0.03125
101,58,2,7,37,27,130,129,2,0.0125
101,59,3,7,33,18,118,116,1,0.00625
101,60,4,7,29,34,125,124,1,0.00625
101,61,5,7,33,36,132,129,3,0.01875
101,62,6,7,30,21,116,114,3,0.01875
101,63,7,7,28,30,87,89,0,0.0
102,0,0,0,40,24,97,97,1,0.00625
102,1,1,0,31,34,136,137,4,0.025
102,2,2,0,32,34,128,131,1,0.00625
102,3,3,0,32,35,129,129,2,0.0125
102,4,4,0,31,31,123,122,1,0.00625
102,5,5,0,30,42,129,130,1,0.00625
102,6,6,0,35,37,130,130,3,0.01875
102,7,7,0,26,30,90,92,0,0.0
102,8,0,1,30,29,119,116,4,0.025
102,9,1,1,29,43,166,166,0,0.0
102,10,2,1,29,30,156,155,1,0.00625
102,11,3,1,30,34,161,160,0,0.0
102,12,4,1,25,30,147,149,1,0.00625
102,13,5,1,32,30,158,160,1,0.00625
102,14,6,1,33,29,167,166,1,0.00625
102,15,7,1,34,33,129,130,2,0.0125
102,16,0,2,33,31,121,120,1,0.00625
102,17,1,2,32,28,156,154,2,0.0125
102,18,2,2,25,32,154,154,2,0.0125
102,19,3,2,35,29,152,153,1,0.00625
102,20,4,2,29,29,156,156,3,0.01875
102,21,5,2,35,21,158,158,5,0.03125
102,22,6,2,27,31,160,161,1,0.00625
102,23,7,2,31,31,120,118,3,0.01875
102,24,0,3,39,30,122,120,2,0.0125
102,25,1,3,35,30,162,160,2,0.0125
102,26,2,3,27,35,157,159,2,0.0125
102,27,3,3,34,26,152,148,4,0.025
102,28,4,3,34,33,157,155,3,0.01875
102,29,5,3,19,32,154,152,2,0.0125
102,30,6,3,29,31,143,146,1,0.00625
102,31,7,3,34,26,112,111,2,0.0125
102,32,0,4,33,27,113,110,1,0.00625
102,33,1,4,29,36,155,154,0,0.0
102,34,2,4,25,37,145,145,2,0.0125
102,35,3,4,34,27,143,142,2,0.0125
102,36,4,4,38,31,153,156,4,0.025
102,37,5,4,33,35,164,165,3,0.01875
102,38,6,4,22,21,132,133,0,0.0
102,39,7,4,24,29,98,98,0,0.0
102,40,0,5,26,25,116,117,1,0.00625
102,41,1,5,27,33,156,156,0,0.0
102,42,2,5,34,29,159,159,2,0.0125
102,43,3,5,27,24,160,160,2,0.0125
102,44,4,5,28,35,160,160,1,0.00625
102,45,5,5,26,37,169,164,3,0.01875
102,46,6,5,33,36,164,166,1,0.00625
102,47,7,5,37,20,114,116,1,0.00625
102,48,0,6,34,34,136,136,2,0.0125
102,49,1,6,29,28,164,165,2,0.0125
102,50,2,6,28,29,156,158,0,0.0
102,51,3,6,32,39,168,166,3,0.01875
102,52,4,6,27,29,158,157,3,0.01875
102,53,5,6,21,26,149,148,2,0.0125
102,54,6,6,31,26,149,147,3,0.01875
102,55,7,6,35,33,127,129,2,0.0125
102,56,0,7,32,36,95,94,3,0.01875
102,57,1,7,29,35,122,127,1,0.00625
102,58,2,7,28,32,116,116,0,0.0
102,59,3,7,31,24,111,111,1,0.00625
102,60,4,7,37,35,127,130,0,0.0
102,61,5,7,30,26,114,116,1,0.00625
102,62,6,7,23,22,98,99,1,0.00625
102,63,7,7,25,30,79,78,2,0.0125
103,0,0,0,37,30,93,91,2,0.0125
103,1,1,0,24,35,122,124,2,0.0125
103,2,2,0,35,21,108,107,1,0.00625
103,3,3,0,25,31,122,122,1,0.00625
103,4,4,0,35,29,121,121,1,0.00625
103,5,5,0,19,33,119,119,0,0.0
103,6,6,0,25,29,105,106,2,0.0125
103,7,7,0,33,20,78,76,1,0.00625
103,8,0,1,30,26,115,115,4,0.025
103,9,1,1,36,35,168,169,1,0.00625
103,10,2,1,30,25,142,143,1,0.00625
103,11,3,1,35,36,163,164,1,0.00625
103,12,4,1,27,29,151,150,2,0.0125
103,13,5,1,37,34,165,161,2,0.0125
103,14,6,1,32,22,148,148,0,0.0
103,15,7,1,31,25,108,109,1,0.00625
103,16,0,2,29,29,121,117,3,0.01875
103,17,1,2,34,30,159,156,3,0.01875
103,18,2,2,27,34,146,145,2,0.0125
103,19,3,2,31,31,151,150,1,0.00625
103,20,4,2,23,34,146,146,1,0.00625
103,21,5,2,44,29,158,159,1,0.00625
103,22,6,2,28,34,164,163,1,0.00625
103,23,7,2,29,34,110,109,4,0.025
103,24,0,3,30,31,121,123,2,0.0125
103,25,1,3,33,27,156,157,1,0.00625
103,26,2,3,34,33,148,147,2,0.0125
103,27,3,3,29,25,145,149,1,0.00625
103,28,4,3,32,33,151,154,2,0.0125
103,29,5,3,33,23,147,147,2,0.0125
103,30,6,3,26,45,161,160,2,0.0125
103,31,7,3,23,24,101,101,2,0.0125
103,32,0,4,34,27,122,122,2,0.0125
103,33,1,4,30,33,165,162,2,0.0125
103,34,2,4,24,28,137,137,3,0.01875
103,35,3,4,34,31,151,154,1,0.00625
103,36,4,4,33,33,158,160,2,0.0125
103,37,5,4,28,30,156,154,0,0.0
103,38,6,4,33,31,151,151,2,0.0125
103,39,7,4,29,24,110,111,1,0.00625
103,40,0,5,25,28,122,121,1,0.00625
103,41,1,5,33,32,163,160,3,0.01875
103,42,2,5,23,29,143,142,1,0.00625
103,43,3,5,36,26,152,152,3,0.01875
103,44,4,5,33,35,166,168,1,0.00625
103,45,5,5,30,36,173,173,3,0.01875
103,46,6,5,34,26,160,158,2,0.0125
103,47,7,5,38,32,128,129,0,0.0
103,48,0,6,22,37,126,127,1,0.00625
103,49,1,6,34,23,150,148,3,0.01875
103,50,2,6,34,27,151,149,2,0.0125
103,51,3,6,28,18,150,151,1,0.00625
103,52,4,6,24,37,148,148,2,0.0125
103,53,5,6,34,33,160,161,1,0.00625
103,54,6,6,33,29,164,165,1,0.00625
103,55,7,6,38,36,127,127,2,0.0125
103,56,0,7,33,33,102,102,1,0.00625
103,57,1,7,25,24,114,115,1,0.00625
103,58,2,7,33,30,121,119,2,0.0125
103,59,3,7,23,40,128,126,0,0.0
103,60,4,7,34,25,117,115,2,0.0125
103,61,5,7,35,23,124,122,3,0.01875
103,62,6,7,25,33,123,122,1,0.00625
103,63,7,7,33,34,90,92,0,0.0
104,0,0,0,25,33,91,94,1,0.00625
104,1,1,0,27,27,111,112,1,0.00625
104,2,2,0,34,31,125,123,3,0.01875
104,3,3,0,26,31,122,123,1,0.00625
104,4,4,0,27,24,113,113,1,0.00625
104,5,5,0,25,25,115,113,1,0.00625
104,6,6,0,29,31,118,116,1,0.00625
104,7,7,0,33,29,94,95,1,0.00625
104,8,0,1,39,35,143,143,4,0.025
104,9,1,1,28,27,155,153,3,0.01875
104,10,2,1,30,27,150,149,2,0.0125
104,11,3,1,28,34,157,156,1,0.00625
104,12,4,1,28,26,140,141,1,0.00625
104,13,5,1,25,30,144,145,3,0.01875
104,14,6,1,33,23,147,147,0,0.0
104,15,7,1,35,31,128,127,3,0.01875
104,16,0,2,37,35,133,134,3,0.01875
104,17,1,2,30,39,161,165,0,0.0
104,18,2,2,29,27,150,152,0,0.0
104,19,3,2,33,29,155,155,1,0.00625
104,20,4,2,30,29,150,149,3,0.01875
104,21,5,2,34,26,147,146,3,0.01875
104,22,6,2,24,29,147,147,2,0.0125
104,23,7,2,28,32,116,118,2,0.0125
104,24,0,3,35,31,122,123,1,0.00625
104,25,1,3,34,36,156,153,3,0.01875
104,26,2,3,28,30,149,152,1,0.00625
104,27,3,3,29,30,147,145,1,0.00625
104,28,4,3,30,31,149,148,2,0.0125
104,29,5,3,29,27,146,146,2,0.0125
104,30,6,3,31,34,154,154,2,0.0125
104,31,7,3,30,28,119,118,2,0.0125
104,32,0,4,33,26,120,119,3,0.01875
104,33,1,4,35,30,152,155,1,0.00625
104,34,2,4,32,35,158,158,2,0.0125
104,35,3,4,29,30,147,146,1,0.00625
104,36,4,4,24,28,136,135,2,0.0125
104,37,5,4,25,32,133,136,2,0.0125
104,38,6,4,35,29,144,141,2,0.0125
104,39,7,4,26,30,123,122,2,0.0125
104,40,0,5,25,29,126,125,0,0.0
104,41,1,5,29,32,154,156,2,0.0125
104,42,2,5,20,36,156,156,2,0.0125
104,43,3,5,34,31,159,157,3,0.01875
104,44,4,5,33,28,167,166,0,0.0
104,45,5,5,23,25,146,149,1,0.00625
104,46,6,5,41,24,156,154,4,0.025
104,47,7,5,40,36,146,144,1,0.00625
104,48,0,6,34,41,138,139,0,0.0
104,49,1,6,26,28,146,146,2,0.0125
104,50,2,6,28,33,150,148,4,0.025
104,51,3,6,21,24,132,133,0,0.0
104,52,4,6,28,30,143,143,2,0.0125
104,53,5,6,23,33,142,145,1,0.00625
104,54,6,6,25,23,126,123,4,0.025
104,55,7,6,26,37,117,119,0,0.0
104,56,0,7,31,32,95,96,2,0.0125
104,57,1,7,25,32,124,122,2,0.0125
104,58,2,7,33,30,122,125,0,0.0
104,59,3,7,36,25,128,128,3,0.01875
104,60,4,7,30,25,121,121,1,0.00625
104,61,5,7,23,30,120,121,1,0.00625
104,62,6,7,31,21,111,113,1,0.00625
104,63,7,7,34,22,87,84,2,0.0125
105,0,0,0,25,33,89,89,0,0.0
105,1,1,0,25,30,116,116,1,0.00625
105,2,2,0,27,33,118,117,3,0.01875
105,3,3,0,24,33,117,116,1,0.00625
105,4,4,0,31,35,118,117,2,0.0125
105,5,5,0,36,36,131,132,0,0.0
105,6,6,0,25,26,116,117,3,0.01875
105,7,7,0,27,31,82,80,2,0.0125
105,8,0,1,26,29,116,119,1,0.00625
105,9,1,1,30,26,146,149,1,0.00625
105,10,2,1,39,28,156,159,0,0.0
105,11,3,1,35,27,164,163,3,0.01875
105,12,4,1,28,20,149,150,1,0.00625
105,13,5,1,38,33,163,164,2,0.0125
105,14,6,1,25,35,153,152,2,0.0125
105,15,7,1,26,23,105,106,3,0.01875
105,16,0,2,39,31,130,135,0,0.0
105,17,1,2,28,31,163,162,2,0.0125
105,18,2,2,28,29,146,143,2,0.0125
105,19,3,2,26,40,154,156,1,0.00625
105,20,4,2,33,33,158,159,1,0.00625
105,21,5,2,34,30,162,161,2,0.0125
105,22,6,2,24,34,154,152,2,0.0125
105,23,7,2,31,25,110,111,2,0.0125
105,24,0,3,26,29,117,117,1,0.00625
105,25,1,3,32,44,164,167,1,0.00625
105,26,2,3,25,30,152,151,0,0.0
105,27,3,3,33,25,148,146,3,0.01875
105,28,4,3,26,28,149,149,1,0.00625
105,29,5,3,38,36,161,164,1,0.00625
105,30,6,3,35,36,165,165,1,0.00625
105,31,7,3,28,24,116,118,0,0.0
105,32,0,4,28,32,121,125,1,0.00625
105,33,1,4,32,29,150,149,2,0.0125
105,34,2,4,28,32,157,160,1,0.00625
105,35,3,4,25,29,148,145,2,0.0125
105,36,4,4,27,31,147,149,3,0.01875
105,37,5,4,37,29,163,162,2,0.0125
105,38,6,4,24,38,163,165,3,0.01875
105,39,7,4,35,36,125,125,1,0.00625
105,40,0,5,23,34,111,115,0,0.0
105,41,1,5,28,29,135,134,3,0.01875
105,42,2,5,30,32,149,150,0,0.0
105,43,3,5,31,26,143,145,1,0.00625
105,44,4,5,30,24,140,140,0,0.0
105,45,5,5,33,25,145,141,3,0.01875
105,46,6,5,33,36,160,160,1,0.00625
105,47,7,5,27,27,119,117,2,0.0125
105,48,0,6,30,28,118,118,1,0.00625
105,49,1,6,31,22,144,139,6,0.0375
105,50,2,6,19,28,144,146,2,0.0125
105,51,3,6,36,29,149,147,2,0.0125
105,52,4,6,22,34,153,153,1,0.00625
105,53,5,6,29,30,144,143,1,0.00625
105,54,6,6,32,35,159,164,1,0.00625
105,55,7,6,34,36,134,132,2,0.0125
105,56,0,7,29,30,90,90,0,0.0
105,57,1,7,39,31,125,126,1,0.00625
105,58,2,7,32,26,127,123,3,0.01875
105,59,3,7,28,19,109,109,2,0.0125
105,60,4,7,30,30,119,119,1,0.00625
105,61,5,7,36,22,113,113,2,0.0125
105,62,6,7,32,29,123,121,2,0.0125
105,63,7,7,29,36,96,96,1,0.00625
106,0,0,0,32,30,86,85,1,0.00625
106,1,1,0,29,31,115,115,1,0.00625
106,2,2,0,27,32,112,116,1,0.00625
106,3,3,0,22,31,106,104,2,0.0125
106,4,4,0,40,30,119,118,2,0.0125
106,5,5,0,35,25,123,123,1,0.00625
106,6,6,0,24,42,130,130,2,0.0125
106,7,7,0,33,37,96,94,3,0.01875
106,8,0,1,32,28,120,116,2,0.0125
106,9,1,1,33,28,149,150,1,0.00625
106,10,2,1,35,26,162,156,6,0.0375
106,11,3,1,30,26,148,150,0,0.0
106,12,4,1,34,25,148,148,1,0.00625
106,13,5,1,24,36,150,149,2,0.0125
106,14,6,1,23,32,158,160,0,0.0
106,15,7,1,36,28,123,122,2,0.0125
106,16,0,2,31,28,121,116,3,0.01875
106,17,1,2,28,30,143,145,0,0.0
106,18,2,2,33,37,160,163,1,0.00625
106,19,3,2,27,30,150,148,1,0.00625
106,20,4,2,24,35,137,137,2,0.0125
106,21,5,2,27,33,136,140,1,0.00625
106,22,6,2,26,30,153,154,2,0.0125
106,23,7,2,30,24,118,118,1,0.00625
106,24,0,3,26,29,122,121,2,0.0125
106,25,1,3,32,29,151,152,0,0.0
106,26,2,3,32,28,161,156,5,0.03125
106,27,3,3,24,35,151,154,0,0.0
106,28,4,3,32,26,144,143,4,0.025
106,29,5,3,34,22,148,145,3,0.01875
106,30,6,3,38,28,178,178,2,0.0125
106,31,7,3,37,28,140,140,1,0.00625
106,32,0,4,33,35,127,128,0,0.0
106,33,1,4,30,27,148,147,3,0.01875
106,34,2,4,31,33,154,152,2,0.0125
106,35,3,4,32,25,146,146,2,0.0125
106,36,4,4,31,27,144,144,1,0.00625
106,37,5,4,24,27,136,135,2,0.0125
106,38,6,4,38,32,165,163,3,0.01875
106,39,7,4,23,37,136,136,2,0.0125
106,40,0,5,35,25,123,119,1,0.00625
106,41,1,5,27,35,155,158,2,0.0125
106,42,2,5,38,28,159,157,3,0.01875
106,43,3,5,36,33,166,167,1,0.00625
106,44,4,5,33,35,160,157,3,0.01875
106,45,5,5,31,30,156,159,2,0.0125
106,46,6,5,27,26,159,161,2,0.0125
106,47,7,5,29,34,129,131,3,0.01875
106,48,0,6,35,26,128,126,2,0.0125
106,49,1,6,34,34,164,169,3,0.01875
106,50,2,6,29,29,155,154,3,0.01875
106,51,3,6,28,35,158,157,3,0.01875
106,52,4,6,32,33,158,159,2,0.0125
106,53,5,6,31,35,162,159,2,0.0125
106,54,6,6,36,31,178,175,2,0.0125
106,55,7,6,37,29,137,140,0,0.0
106,56,0,7,30,35,97,96,1,0.00625
106,57,1,7,28,32,126,125,2,0.0125
106,58,2,7,31,36,129,131,2,0.0125
106,59,3,7,29,26,118,120,1,0.00625
106,60,4,7,32,34,128,126,2,0.0125
106,61,5,7,41,27,135,136,1,0.00625
106,62,6,7,31,28,142,142,2,0.0125
106,63,7,7,35,36,106,106,3,0.01875
107,0,0,0,33,32,100,100,1,0.00625
107,1,1,0,33,29,128,127,1,0.00625
107,2,2,0,26,19,111,108,2,0.0125
107,3,3,0,29,29,114,117,0,0.0
107,4,4,0,35,30,121,123,1,0.00625
107,5,5,0,31,38,136,134,2,0.0125
107,6,6,0,29,30,119,118,1,0.00625
107,7,7,0,25,25,79,80,1,0.00625
107,8,0,1,24,33,119,121,2,0.0125
107,9,1,1,35,34,154,150,3,0.01875
107,10,2,1,32,35,147,152,1,0.00625
107,11,3,1,23,28,147,146,1,0.00625
107,12,4,1,31,27,142,140,2,0.0125
107,13,5,1,36,34,165,165,1,0.00625
107,14,6,1,29,31,153,150,2,0.0125
107,15,7,1,26,29,108,111,0,0.0
107,16,0,2,34,30,122,126,0,0.0
107,17,1,2,26,24,147,144,2,0.0125
107,18,2,2,27,33,135,136,1,0.00625
107,19,3,2,40,38,170,169,2,0.0125
107,20,4,2,27,22,157,159,0,0.0
107,21,5,2,39,29,169,166,4,0.025
107,22,6,2,30,33,162,165,1,0.00625
107,23,7,2,34,29,119,116,4,0.025
107,24,0,3,30,28,117,118,0,0.0
107,25,1,3,27,36,152,152,2,0.0125
107,26,2,3,26,26,123,129,0,0.0
107,27,3,3,35,29,153,152,3,0.01875
107,28,4,3,32,40,171,171,2,0.0125
107,29,5,3,28,29,159,163,1,0.00625
107,30,6,3,36,35,159,158,2,0.0125
107,31,7,3,31,29,118,116,2,0.0125
107,32,0,4,33,30,114,109,3,0.01875
107,33,1,4,22,28,131,133,2,0.0125
107,34,2,4,30,28,119,119,3,0.01875
107,35,3,4,34,32,147,148,2,0.0125
107,36,4,4,30,30,152,151,2,0.0125
107,37,5,4,22,35,146,145,3,0.01875
107,38,6,4,27,32,130,134,0,0.0
107,39,7,4,28,35,116,115,4,0.025
107,40,0,5,32,22,118,119,2,0.0125
107,41,1,5,31,28,160,159,2,0.0125
107,42,2,5,24,26,131,135,1,0.00625
107,43,3,5,24,30,146,144,3,0.01875
107,44,4,5,28,34,160,161,1,0.00625
107,45,5,5,28,31,154,153,2,0.0125
107,46,6,5,28,21,134,136,1,0.00625
107,47,7,5,32,30,115,116,2,0.0125
107,48,0,6,36,38,137,138,1,0.00625
107,49,1,6,28,31,167,168,0,0.0
107,50,2,6,29,27,144,143,1,0.00625
107,51,3,6,33,29,157,160,2,0.0125
107,52,4,6,37,24,164,163,2,0.0125
107,53,5,6,34,29,170,170,2,0.0125
107,54,6,6,28,25,151,151,2,0.0125
107,55,7,6,35,26,117,115,1,0.00625
107,56,0,7,34,38,95,96,2,0.0125
107,57,1,7,22,38,117,117,1,0.00625
107,58,2,7,27,30,101,103,1,0.00625
107,59,3,7,39,32,124,122,3,0.01875
107,60,4,7,30,33,125,127,1,0.00625
107,61,5,7,26,36,121,121,0,0.0
107,62,6,7,26,38,112,114,0,0.0
107,63,7,7,23,27,77,79,0,0.0
108,0,0,0,36,23,90,89,1,0.00625
108,1,1,0,24,30,122,121,2,0.0125
108,2,2,0,24,32,112,114,0,0.0
108,3,3,0,25,19,104,100,2,0.0125
108,4,4,0,34,35,132,134,0,0.0
108,5,5,0,34,26,130,131,0,0.0
108,6,6,0,36,27,129,131,1,0.00625
108,7,7,0,36,28,98,99,1,0.00625
108,8,0,1,34,30,112,111,1,0.00625
108,9,1,1,26,36,149,152,2,0.0125
108,10,2,1,31,23,137,134,3,0.01875
108,11,3,1,26,24,119,119,1,0.00625
108,12,4,1,36,27,147,145,3,0.01875
108,13,5,1,36,37,155,156,2,0.0125
108,14,6,1,22,33,139,140,3,0.01875
108,15,7,1,23,34,107,107,0,0.0
108,16,0,2,24,25,108,108,0,0.0
108,17,1,2,22,35,142,144,2,0.0125
108,18,2,2,34,29,149,146,2,0.0125
108,19,3,2,28,27,135,135,3,0.01875
108,20,4,2,28,24,146,146,0,0.0
108,21,5,2,33,35,152,154,2,0.0125
108,22,6,2,24,32,146,144,1,0.00625
108,23,7,2,30,21,101,102,2,0.0125
108,24,0,3,35,38,134,130,4,0.025
108,25,1,3,31,23,151,150,1,0.00625
108,26,2,3,31,22,151,151,1,0.00625
108,27,3,3,16,29,127,130,0,0.0
108,28,4,3,30,28,142,143,2,0.0125
108,29,5,3,28,28,141,141,0,0.0
108,30,6,3,23,35,147,148,1,0.00625
108,31,7,3,30,22,107,109,1,0.00625
108,32,0,4,30,33,122,126,0,0.0
108,33,1,4,26,33,154,153,2,0.0125
108,34,2,4,30,29,151,153,1,0.00625
108,35,3,4,33,29,145,147,1,0.00625
108,36,4,4,19,24,142,143,1,0.00625
108,37,5,4,29,27,133,134,0,0.0
108,38,6,4,27,28,143,141,2,0.0125
108,39,7,4,30,27,109,110,2,0.0125
108,40,0,5,30,33,118,116,3,0.01875
108,41,1,5,28,35,145,144,3,0.01875
108,42,2,5,30,23,143,140,1,0.00625
108,43,3,5,23,30,131,130,1,0.00625
108,44,4,5,38,34,154,156,1,0.00625
108,45,5,5,24,21,136,138,2,0.0125
108,46,6,5,34,30,148,146,1,0.00625
108,47,7,5,31,26,116,116,2,0.0125
108,48,0,6,23,25,118,116,4,0.025
108,49,1,6,30,29,149,151,1,0.00625
108,50,2,6,32,31,161,165,0,0.0
108,51,3,6,32,25,147,146,1,0.00625
108,52,4,6,19,26,147,147,1,0.00625
108,53,5,6,35,36,153,154,1,0.00625
108,54,6,6,30,27,153,154,2,0.0125
108,55,7,6,34,35,124,124,1,0.00625
108,56,0,7,28,38,96,95,1,0.00625
108,57,1,7,28,23,109,107,3,0.01875
108,58,2,7,20,30,115,114,2,0.0125
108,59,3,7,31,31,112,113,3,0.01875
108,60,4,7,26,30,118,119,1,0.00625
108,61,5,7,25,23,104,105,0,0.0
108,62,6,7,29,33,119,119,0,0.0
108,63,7,7,31,28,84,84,1,0.00625
109,0,0,0,30,32,91,93,0,0.0
109,1,1,0,28,32,118,119,1,0.00625
109,2,2,0,26,29,114,114,1,0.00625
109,3,3,0,27,28,110,112,0,0.0
109,4,4,0,37,29,124,119,3,0.01875
109,5,5,0,24,21,110,112,1,0.00625
109,6,6,0,35,30,124,123,1,0.00625
109,7,7,0,33,31,97,98,2,0.0125
109,8,0,1,27,33,120,121,2,0.0125
109,9,1,1,23,30,141,140,1,0.00625
109,10,2,1,30,29,139,142,0,0.0
109,11,3,1,26,25,142,141,2,0.0125
109,12,4,1,26,25,136,139,1,0.00625
109,13,5,1,34,37,151,151,2,0.0125
109,14,6,1,30,30,150,152,1,0.00625
109,15,7,1,29,35,125,124,1,0.00625
109,16,0,2,44,27,137,133,3,0.01875
109,17,1,2,24,24,158,156,2,0.0125
109,18,2,2,27,22,135,139,0,0.0
109,19,3,2,25,32,149,149,3,0.01875
109,20,4,2,30,25,143,138,4,0.025
109,21,5,2,33,32,147,146,3,0.01875
109,22,6,2,21,37,155,155,1,0.00625
109,23,7,2,31,31,112,115,0,0.0
109,24,0,3,26,29,112,116,0,0.0
109,25,1,3,23,40,150,152,1,0.00625
109,26,2,3,36,21,141,138,2,0.0125
109,27,3,3,37,31,160,157,2,0.0125
109,28,4,3,27,24,142,141,1,0.00625
109,29,5,3,23,27,131,126,3,0.01875
109,30,6,3,34,34,145,146,0,0.0
109,31,7,3,29,21,112,112,1,0.00625
109,32,0,4,27,27,111,110,1,0.00625
109,33,1,4,28,31,144,144,1,0.00625
109,34,2,4,30,26,142,136,4,0.025
109,35,3,4,27,35,146,145,1,0.00625
109,36,4,4,28,32,144,142,4,0.025
109,37,5,4,32,31,142,145,1,0.00625
109,38,6,4,32,21,147,145,3,0.01875
109,39,7,4,30,32,123,123,1,0.00625
109,40,0,5,33,25,116,119,0,0.0
109,41,1,5,34,27,154,156,1,0.00625
109,42,2,5,27,28,145,146,2,0.0125
109,43,3,5,31,27,137,139,1,0.00625
109,44,4,5,26,22,135,134,2,0.0125
109,45,5,5,38,28,145,142,2,0.0125
109,46,6,5,25,32,149,148,2,0.0125
109,47,7,5,29,30,115,114,2,0.0125
109,48,0,6,32,31,110,113,1,0.00625
109,49,1,6,27,36,141,140,2,0.0125
109,50,2,6,31,33,142,141,2,0.0125
109,51,3,6,36,30,147,147,2,0.0125
109,52,4,6,34,31,150,147,3,0.01875
109,53,5,6,31,28,140,141,1,0.00625
109,54,6,6,26,33,145,145,1,0.00625
109,55,7,6,27,26,108,108,1,0.00625
109,56,0,7,27,25,79,79,2,0.0125
109,57,1,7,31,33,115,118,0,0.0
109,58,2,7,28,28,112,110,3,0.01875
109,59,3,7,25,31,116,115,3,0.01875
109,60,4,7,27,36,120,118,1,0.00625
109,61,5,7,29,30,113,112,1,0.00625
109,62,6,7,30,32,119,117,1,0.00625
109,63,7,7,27,27,85,85,0,0.0
110,0,0,0,27,29,79,79,0,0.0
110,1,1,0,23,30,106,105,3,0.01875
110,2,2,0,30,27,102,103,0,0.0
110,3,3,0,36,30,119,117,4,0.025
110,4,4,0,29,33,117,121,1,0.00625
110,5,5,0,19,29,102,99,1,0.00625
110,6,6,0,28,29,94,96,1,0.00625
110,7,7,0,18,29,78,78,1,0.00625
110,8,0,1,23,24,103,106,0,0.0
110,9,1,1,31,29,142,142,2,0.0125
110,10,2,1,32,23,142,139,2,0.0125
110,11,3,1,31,29,151,151,2,0.0125
110,12,4,1,27,33,156,154,3,0.01875
110,13,5,1,14,30,132,134,1,0.00625
110,14,6,1,29,16,125,123,2,0.0125
110,15,7,1,30,29,122,121,2,0.0125
110,16,0,2,28,32,115,116,3,0.01875
110,17,1,2,24,23,135,134,4,0.025
110,18,2,2,28,26,133,129,3,0.01875
110,19,3,2,27,33,143,145,1,0.00625
110,20,4,2,35,33,150,155,1,0.00625
110,21,5,2,16,27,134,136,2,0.0125
110,22,6,2,23,16,114,113,3,0.01875
110,23,7,2,30,29,114,111,2,0.0125
110,24,0,3,37,29,133,133,2,0.0125
110,25,1,3,32,33,170,168,2,0.0125
110,26,2,3,34,25,151,152,1,0.00625
110,27,3,3,26,26,158,157,2,0.0125
110,28,4,3,28,28,158,159,3,0.01875
110,29,5,3,22,35,152,154,2,0.0125
110,30,6,3,24,19,133,134,0,0.0
110,31,7,3,39,22,118,117,1,0.00625
110,32,0,4,26,40,129,130,1,0.00625
110,33,1,4,31,32,154,152,2,0.0125
110,34,2,4,39,26,156,159,2,0.0125
110,35,3,4,25,33,168,166,2,0.0125
110,36,4,4,32,29,153,154,3,0.01875
110,37,5,4,31,25,151,147,4,0.025
110,38,6,4,33,24,145,147,1,0.00625
110,39,7,4,32,26,121,120,2,0.0125
110,40,0,5,32,35,126,126,1,0.00625
110,41,1,5,28,26,148,149,0,0.0
110,42,2,5,34,29,151,149,1,0.00625
110,43,3,5,26,41,166,167,1,0.00625
110,44,4,5,30,28,151,150,3,0.01875
110,45,5,5,29,29,149,150,1,0.00625
110,46,6,5,35,27,156,156,1,0.00625
110,47,7,5,34,31,131,132,1,0.00625
110,48,0,6,24,32,114,116,0,0.0
110,49,1,6,25,30,146,146,1,0.00625
110,50,2,6,38,30,150,149,2,0.0125
110,51,3,6,22,31,151,151,2,0.0125
110,52,4,6,36,24,151,154,2,0.0125
110,53,5,6,26,25,152,151,2,0.0125
110,54,6,6,32,32,149,150,1,0.00625
110,55,7,6,31,34,131,131,0,0.0
110,56,0,7,31,27,86,88,1,0.00625
110,57,1,7,26,26,114,114,0,0.0
110,58,2,7,30,26,107,108,2,0.0125
110,59,3,7,36,38,128,130,1,0.00625
110,60,4,7,33,23,118,117,2,0.0125
110,61,5,7,30,40,128,127,3,0.01875
110,62,6,7,33,29,120,120,1,0.00625
110,63,7,7,29,31,95,95,1,0.00625
111,0,0,0,22,24,72,71,1,0.00625
111,1,1,0,29,37,111,112,2,0.0125
111,2,2,0,36,26,114,114,0,0.0
111,3,3,0,34,34,126,127,2,0.0125
111,4,4,0,25,33,117,116,0,0.0
111,5,5,0,25,34,104,106,2,0.0125
111,6,6,0,35,27,110,108,3,0.01875
111,7,7,0,22,32,88,86,3,0.01875
111,8,0,1,32,22,107,107,0,0.0
111,9,1,1,25,25,150,150,2,0.0125
111,10,2,1,22,27,133,134,2,0.0125
111,11,3,1,30,37,151,151,1,0.00625
111,12,4,1,35,38,164,166,1,0.00625
111,13,5,1,25,25,144,143,2,0.0125
111,14,6,1,28,26,132,135,0,0.0
111,15,7,1,32,32,120,122,1,0.00625
111,16,0,2,31,26,109,110,3,0.01875
111,17,1,2,28,35,158,160,1,0.00625
111,18,2,2,29,28,144,142,2,0.0125
111,19,3,2,28,19,142,142,2,0.0125
111,20,4,2,40,31,167,167,0,0.0
111,21,5,2,26,28,158,159,0,0.0
111,22,6,2,31,23,135,136,1,0.00625
111,23,7,2,24,31,113,117,0,0.0
111,24,0,3,30,27,110,110,1,0.00625
111,25,1,3,30,31,154,154,1,0.00625
111,26,2,3,28,31,147,147,1,0.00625
111,27,3,3,27,30,148,149,3,0.01875
111,28,4,3,27,30,145,146,1,0.00625
111,29,5,3,37,40,163,163,2,0.0125
111,30,6,3,35,25,151,149,1,0.00625
111,31,7,3,25,32,120,121,1,0.00625
111,32,0,4,31,27,111,109,2,0.0125
111,33,1,4,24,32,146,149,2,0.0125
111,34,2,4,27,33,138,139,1,0.00625
111,35,3,4,23,31,137,137,1,0.00625
111,36,4,4,32,27,141,144,0,0.0
111,37,5,4,23,27,137,139,2,0.0125
111,38,6,4,37,34,150,149,3,0.01875
111,39,7,4,27,34,129,129,2,0.0125
111,40,0,5,31,33,118,117,2,0.0125
111,41,1,5,30,29,157,155,3,0.01875
111,42,2,5,36,24,147,148,4,0.025
111,43,3,5,29,26,153,153,1,0.00625
111,44,4,5,32,23,146,148,1,0.00625
111,45,5,5,35,35,158,160,2,0.0125
111,46,6,5,26,23,137,137,2,0.0125
111,47,7,5,23,38,115,116,1,0.00625
111,48,0,6,25,31,113,111,1,0.00625
111,49,1,6,32,32,155,152,3,0.01875
111,50,2,6,38,26,156,152,4,0.025
111,51,3,6,30,36,170,170,2,0.0125
111,52,4,6,31,30,152,154,1,0.00625
111,53,5,6,27,37,151,153,1,0.00625
111,54,6,6,30,34,156,156,1,0.00625
111,55,7,6,33,25,121,119,3,0.01875
111,56,0,7,32,34,92,91,1,0.00625
111,57,1,7,28,26,111,111,1,0.00625
111,58,2,7,35,28,117,119,0,0.0
111,59,3,7,33,35,129,128,2,0.0125
111,60,4,7,24,29,112,112,2,0.0125
111,61,5,7,32,29,110,110,0,0.0
111,62,6,7,31,28,112,111,1,0.00625
111,63,7,7,24,35,87,86,0,0.0
112,0,0,0,27,32,87,87,0,0.0
112,1,1,0,32,26,111,111,2,0.0125
112,2,2,0,28,27,114,113,1,0.00625
112,3,3,0,35,29,123,126,1,0.00625
112,4,4,0,32,27,122,123,0,0.0
112,5,5,0,30,24,115,115,1,0.00625
112,6,6,0,26,33,117,117,2,0.0125
112,7,7,0,29,24,80,82,2,0.0125
112,8,0,1,28,29,119,117,2,0.0125
112,9,1,1,34,23,139,141,0,0.0
112,10,2,1,39,30,157,155,3,0.01875
112,11,3,1,30,29,155,155,1,0.00625
112,12,4,1,29,32,148,147,1,0.00625
112,13,5,1,28,32,142,142,1,0.00625
112,14,6,1,29,28,145,142,2,0.0125
112,15,7,1,25,28,105,104,1,0.00625
112,16,0,2,32,32,123,124,1,0.00625
112,17,1,2,36,29,150,147,2,0.0125
112,18,2,2,28,34,149,152,2,0.0125
112,19,3,2,28,38,154,152,2,0.0125
112,20,4,2,29,31,140,139,1,0.00625
112,21,5,2,31,35,146,146,0,0.0
112,22,6,2,28,28,150,149,3,0.01875
112,23,7,2,36,24,116,114,1,0.00625
112,24,0,3,23,30,115,114,1,0.00625
112,25,1,3,34,30,146,145,3,0.01875
112,26,2,3,29,29,146,147,0,0.0
112,27,3,3,36,29,152,150,3,0.01875
112,28,4,3,26,25,143,141,3,0.01875
112,29,5,3,31,28,141,143,2,0.0125
112,30,6,3,31,31,160,160,1,0.00625
112,31,7,3,34,27,115,116,0,0.0
112,32,0,4,33,29,123,121,4,0.025
112,33,1,4,33,26,149,146,3,0.01875
112,34,2,4,31,33,149,148,3,0.01875
112,35,3,4,28,29,147,151,0,0.0
112,36,4,4,35,33,155,150,3,0.01875
112,37,5,4,34,28,155,154,2,0.0125
112,38,6,4,31,34,167,166,2,0.0125
112,39,7,4,33,29,119,119,2,0.0125
112,40,0,5,21,27,108,109,1,0.00625
112,41,1,5,40,31,145,146,1,0.00625
112,42,2,5,26,35,149,150,2,0.0125
112,43,3,5,15,32,132,131,1,0.00625
112,44,4,5,27,27,125,125,1,0.00625
112,45,5,5,37,31,154,153,2,0.0125
112,46,6,5,30,37,170,169,3,0.01875
112,47,7,5,33,32,126,123,1,0.00625
112,48,0,6,23,25,116,117,0,0.0
112,49,1,6,24,23,128,131,1,0.00625
112,50,2,6,27,40,149,151,2,0.0125
112,51,3,6,22,28,138,139,1,0.00625
112,52,4,6,32,18,130,129,1,0.00625
112,53,5,6,36,26,156,155,1,0.00625
112,54,6,6,23,37,160,158,1,0.00625
112,55,7,6,29,30,108,111,0,0.0
112,56,0,7,26,32,90,91,0,0.0
112,57,1,7,22,23,102,102,1,0.00625
112,58,2,7,30,27,111,108,1,0.00625
112,59,3,7,24,31,113,115,1,0.00625
112,60,4,7,28,20,101,104,1,0.00625
112,61,5,7,36,34,132,130,3,0.01875
112,62,6,7,28,33,125,126,1,0.00625
112,63,7,7,33,22,81,79,2,0.0125
113,0,0,0,26,24,80,80,0,0.0
113,1,1,0,34,20,112,114,1,0.00625
113,2,2,0,22,28,117,118,0,0.0
113,3,3,0,34,29,114,113,1,0.00625
113,4,4,0,36,25,126,125,2,0.0125
113,5,5,0,25,27,121,121,2,0.0125
113,6,6,0,28,34,121,123,0,0.0
113,7,7,0,31,40,99,99,1,0.00625
113,8,0,1,31,28,119,120,1,0.00625
113,9,1,1,35,27,149,145,2,0.0125
113,10,2,1,40,38,177,179,0,0.0
113,11,3,1,26,23,153,154,2,0.0125
113,12,4,1,31,35,153,151,2,0.0125
113,13,5,1,33,34,164,164,1,0.00625
113,14,6,1,34,28,167,168,3,0.01875
113,15,7,1,36,28,143,142,3,0.01875
113,16,0,2,26,35,120,119,2,0.0125
113,17,1,2,34,30,143,144,2,0.0125
113,18,2,2,34,34,162,163,2,0.0125
113,19,3,2,29,41,159,158,2,0.0125
113,20,4,2,34,22,143,141,2,0.0125
113,21,5,2,25,31,152,149,2,0.0125
113,22,6,2,27,35,153,153,2,0.0125
113,23,7,2,30,36,133,133,1,0.00625
113,24,0,3,33,33,119,121,0,0.0
113,25,1,3,30,26,134,137,0,0.0
113,26,2,3,35,38,159,157,3,0.01875
113,27,3,3,24,31,142,144,2,0.0125
113,28,4,3,28,29,132,133,2,0.0125
113,29,5,3,25,35,139,138,1,0.00625
113,30,6,3,35,22,146,144,3,0.01875
113,31,7,3,28,27,137,132,2,0.0125
113,32,0,4,27,30,120,122,2,0.0125
113,33,1,4,30,31,145,145,3,0.01875
113,34,2,4,33,32,158,159,0,0.0
113,35,3,4,20,31,148,147,2,0.0125
113,36,4,4,30,24,134,136,2,0.0125
113,37,5,4,35,26,151,152,1,0.00625
113,38,6,4,31,22,156,160,0,0.0
113,39,7,4,32,38,144,145,1,0.00625
113,40,0,5,30,37,130,129,1,0.00625
113,41,1,5,23,29,139,137,1,0.00625
113,42,2,5,21,26,139,139,2,0.0125
113,43,3,5,23,35,144,145,1,0.00625
113,44,4,5,36,22,141,140,1,0.00625
113,45,5,5,30,32,158,157,2,0.0125
113,46,6,5,26,35,159,161,2,0.0125
113,47,7,5,38,33,137,135,4,0.025
113,48,0,6,28,37,126,125,1,0.00625
113,49,1,6,36,28,152,150,3,0.01875
113,50,2,6,26,24,148,152,0,0.0
113,51,3,6,30,21,145,143,2,0.0125
113,52,4,6,31,22,147,144,3,0.01875
113,53,5,6,34,33,158,158,2,0.0125
113,54,6,6,24,31,159,158,2,0.0125
113,55,7,6,37,28,129,128,1,0.00625
113,56,0,7,28,35,90,89,1,0.00625
113,57,1,7,31,28,115,113,3,0.01875
113,58,2,7,27,37,122,125,1,0.00625
113,59,3,7,25,25,110,108,3,0.01875
113,60,4,7,26,32,114,114,0,0.0
113,61,5,7,29,29,114,116,0,0.0
113,62,6,7,39,35,138,139,1,0.00625
113,63,7,7,28,24,93,95,2,0.0125
114,0,0,0,24,35,84,86,0,0.0
114,1,1,0,27,33,108,109,0,0.0
114,2,2,0,29,33,116,116,0,0.0
114,3,3,0,28,27,107,106,2,0.0125
114,4,4,0,20,28,101,101,0,0.0
114,5,5,0,31,28,106,104,2,0.0125
114,6,6,0,41,32,126,124,1,0.00625
114,7,7,0,28,42,107,106,1,0.00625
114,8,0,1,20,28,108,109,0,0.0
114,9,1,1,32,23,135,137,2,0.0125
114,10,2,1,39,26,157,158,2,0.0125
114,11,3,1,35,26,157,155,4,0.025
114,12,4,1,33,30,147,149,2,0.0125
114,13,5,1,26,23,133,132,2,0.0125
114,14,6,1,25,29,135,135,1,0.00625
114,15,7,1,27,37,128,130,0,0.0
114,16,0,2,39,27,137,137,1,0.00625
114,17,1,2,23,20,152,153,3,0.01875
114,18,2,2,27,34,158,157,1,0.00625
114,19,3,2,35,43,170,173,1,0.00625
114,20,4,2,33,34,170,170,1,0.00625
114,21,5,2,29,29,157,159,1,0.00625
114,22,6,2,32,23,152,154,1,0.00625
114,23,7,2,33,24,130,129,1,0.00625
114,24,0,3,37,36,135,134,0,0.0
114,25,1,3,32,39,169,168,2,0.0125
114,26,2,3,32,27,154,155,1,0.00625
114,27,3,3,30,32,152,154,1,0.00625
114,28,4,3,33,36,158,157,4,0.025
114,29,5,3,23,36,149,148,3,0.01875
114,30,6,3,26,32,137,139,2,0.0125
114,31,7,3,24,31,120,124,1,0.00625
114,32,0,4,30,32,114,117,0,0.0
114,33,1,4,37,38,162,163,3,0.01875
114,34,2,4,37,32,167,163,5,0.03125
114,35,3,4,23,37,145,146,0,0.0
114,36,4,4,28,33,136,137,1,0.00625
114,37,5,4,27,31,139,137,1,0.00625
114,38,6,4,29,24,134,132,2,0.0125
114,39,7,4,23,27,117,118,2,0.0125
114,40,0,5,32,24,125,126,1,0.00625
114,41,1,5,31,31,163,166,1,0.00625
114,42,2,5,33,39,173,174,0,0.0
114,43,3,5,27,32,152,149,2,0.0125
114,44,4,5,25,23,142,142,1,0.00625
114,45,5,5,32,28,150,152,2,0.0125
114,46,6,5,31,26,163,158,4,0.025
114,47,7,5,34,29,129,133,2,0.0125
114,48,0,6,27,39,129,129,1,0.00625
114,49,1,6,32,34,154,155,1,0.00625
114,50,2,6,34,32,165,164,2,0.0125
114,51,3,6,29,33,149,151,1,0.00625
114,52,4,6,29,25,145,146,2,0.0125
114,53,5,6,36,27,150,152,0,0.0
114,54,6,6,30,34,164,164,2,0.0125
114,55,7,6,32,27,128,128,0,0.0
114,56,0,7,27,35,88,89,0,0.0
114,57,1,7,34,25,113,115,1,0.00625
114,58,2,7,24,29,118,117,1,0.00625
114,59,3,7,34,35,121,120,2,0.0125
114,60,4,7,29,30,119,115,3,0.01875
114,61,5,7,34,30,117,119,1,0.00625
114,62,6,7,38,36,134,133,2,0.0125
114,63,7,7,29,29,94,95,0,0.0
115,0,0,0,29,32,94,92,1,0.00625
115,1,1,0,30,27,116,114,1,0.00625
115,2,2,0,27,24,110,108,1,0.00625
115,3,3,0,30,29,120,120,1,0.00625
115,4,4,0,27,35,123,123,1,0.00625
115,5,5,0,27,28,109,110,1,0.00625
115,6,6,0,35,37,128,128,2,0.0125
115,7,7,0,26,33,95,97,1,0.00625
115,8,0,1,32,30,123,119,2,0.0125
115,9,1,1,37,28,145,145,1,0.00625
115,10,2,1,24,29,142,139,3,0.01875
115,11,3,1,26,29,133,136,1,0.00625
115,12,4,1,28,29,149,147,2,0.0125
115,13,5,1,29,24,138,139,0,0.0
115,14,6,1,34,27,157,156,3,0.01875
115,15,7,1,28,36,131,130,2,0.0125
115,16,0,2,19,25,106,107,0,0.0
115,17,1,2,22,29,125,126,2,0.0125
115,18,2,2,32,35,141,139,1,0.00625
115,19,3,2,26,21,139,139,0,0.0
115,20,4,2,31,28,146,147,1,0.00625
115,21,5,2,30,28,145,145,1,0.00625
115,22,6,2,26,33,155,152,3,0.01875
115,23,7,2,35,34,129,130,2,0.0125
115,24,0,3,27,28,116,113,2,0.0125
115,25,1,3,33,23,137,135,3,0.01875
115,26,2,3,37,17,135,131,3,0.01875
115,27,3,3,25,29,146,143,1,0.00625
115,28,4,3,26,28,136,139,0,0.0
115,29,5,3,33,30,147,148,1,0.00625
115,30,6,3,33,29,156,156,2,0.0125
115,31,7,3,27,28,122,121,2,0.0125
115,32,0,4,35,23,123,120,0,0.0
115,33,1,4,41,24,158,162,0,0.0
115,34,2,4,26,30,152,154,3,0.01875
115,35,3,4,24,31,147,146,1,0.00625
115,36,4,4,25,24,136,134,2,0.0125
115,37,5,4,22,31,139,140,1,0.00625
115,38,6,4,27,33,148,147,2,0.0125
115,39,7,4,33,30,124,123,2,0.0125
115,40,0,5,29,26,125,124,2,0.0125
115,41,1,5,33,33,158,157,0,0.0
115,42,2,5,31,42,162,160,2,0.0125
115,43,3,5,26,31,153,156,1,0.00625
115,44,4,5,36,24,150,150,2,0.0125
115,45,5,5,34,23,156,155,2,0.0125
115,46,6,5,30,26,151,158,1,0.00625
115,47,7,5,34,24,125,124,1,0.00625
115,48,0,6,31,29,128,127,2,0.0125
115,49,1,6,27,27,144,144,2,0.0125
115,50,2,6,25,34,140,140,1,0.00625
115,51,3,6,27,30,147,147,1,0.00625
115,52,4,6,35,28,153,154,1,0.00625
115,53,5,6,34,32,167,162,3,0.01875
115,54,6,6,23,33,150,151,3,0.01875
115,55,7,6,28,34,118,118,1,0.00625
115,56,0,7,34,28,103,103,0,0.0
115,57,1,7,24,30,131,129,2,0.0125
115,58,2,7,35,28,124,124,1,0.00625
115,59,3,7,29,26,125,128,0,0.0
115,60,4,7,30,28,127,130,2,0.0125
115,61,5,7,32,35,137,136,0,0.0
115,62,6,7,32,31,133,134,1,0.00625
115,63,7,7,38,24,95,95,1,0.00625
116,0,0,0,23,30,77,78,0,0.0
116,1,1,0,23,36,112,113,1,0.00625
116,2,2,0,28,28,108,108,1,0.00625
116,3,3,0,29,33,115,115,1,0.00625
116,4,4,0,29,31,118,117,2,0.0125
116,5,5,0,31,36,125,128,0,0.0
116,6,6,0,30,20,113,114,1,0.00625
116,7,7,0,33,34,99,98,1,0.00625
116,8,0,1,27,25,111,110,3,0.01875
116,9,1,1,27,26,148,150,0,0.0
116,10,2,1,32,25,139,144,1,0.00625
116,11,3,1,34,28,157,155,4,0.025
116,12,4,1,33,29,156,157,3,0.01875
116,13,5,1,35,28,161,158,3,0.01875
116,14,6,1,24,33,137,137,2,0.0125
116,15,7,1,27,33,117,118,1,0.00625
116,16,0,2,23,29,112,111,1,0.00625
116,17,1,2,31,28,148,151,0,0.0
116,18,2,2,28,30,149,151,2,0.0125
116,19,3,2,36,33,162,157,4,0.025
116,20,4,2,27,35,158,157,2,0.0125
116,21,5,2,28,33,151,151,1,0.00625
116,22,6,2,28,31,130,132,2,0.0125
116,23,7,2,21,24,102,104,0,0.0
116,24,0,3,30,32,117,118,1,0.00625
116,25,1,3,26,19,139,141,1,0.00625
116,26,2,3,29,34,148,152,2,0.0125
116,27,3,3,23,29,144,144,3,0.01875
116,28,4,3,36,33,154,151,3,0.01875
116,29,5,3,33,29,157,157,2,0.0125
116,30,6,3,28,29,138,140,1,0.00625
116,31,7,3,31,24,112,113,1,0.00625
116,32,0,4,34,26,123,123,1,0.00625
116,33,1,4,39,31,173,170,1,0.00625
116,34,2,4,33,31,164,162,6,0.0375
116,35,3,4,25,31,150,149,2,0.0125
116,36,4,4,21,22,139,141,2,0.0125
116,37,5,4,34,31,157,157,3,0.01875
116,38,6,4,36,34,160,159,2,0.0125
116,39,7,4,34,31,132,131,3,0.01875
116,40,0,5,30,34,123,125,0,0.0
116,41,1,5,29,34,163,159,2,0.0125
116,42,2,5,34,38,165,167,1,0.00625
116,43,3,5,28,28,159,156,2,0.0125
116,44,4,5,27,27,151,152,0,0.0
116,45,5,5,24,25,151,151,2,0.0125
116,46,6,5,32,33,149,144,2,0.0125
116,47,7,5,36,40,137,136,3,0.01875
116,48,0,6,30,37,120,119,2,0.0125
116,49,1,6,30,29,148,148,3,0.01875
116,50,2,6,31,27,143,141,3,0.01875
116,51,3,6,28,34,152,150,2,0.0125
116,52,4,6,31,26,139,139,2,0.0125
116,53,5,6,25,31,142,144,1,0.00625
116,54,6,6,24,24,117,120,0,0.0
116,55,7,6,23,29,107,107,2,0.0125
116,56,0,7,28,27,81,81,0,0.0
116,57,1,7,27,29,108,109,1,0.00625
116,58,2,7,33,28,113,112,1,0.00625
116,59,3,7,31,29,119,120,0,0.0
116,60,4,7,33,23,116,113,3,0.01875
116,61,5,7,21,30,110,110,1,0.00625
116,62,6,7,32,28,108,109,0,0.0
116,63,7,7,26,24,83,82,2,0.0125
117,0,0,0,28,27,80,80,1,0.00625
117,1,1,0,29,27,106,105,1,0.00625
117,2,2,0,27,27,105,107,1,0.00625
117,3,3,0,30,35,117,118,1,0.00625
117,4,4,0,29,23,105,105,2,0.0125
117,5,5,0,32,31,115,113,0,0.0
117,6,6,0,27,29,109,108,1,0.00625
117,7,7,0,22,33,84,85,1,0.00625
117,8,0,1,30,29,115,118,1,0.00625
117,9,1,1,29,25,147,143,2,0.0125
117,10,2,1,30,29,146,139,4,0.025
117,11,3,1,29,28,148,150,1,0.00625
117,12,4,1,34,29,144,146,1,0.00625
117,13,5,1,36,30,163,166,1,0.00625
117,14,6,1,18,29,145,147,0,0.0
117,15,7,1,34,29,114,113,1,0.00625
117,16,0,2,27,31,107,108,2,0.0125
117,17,1,2,27,32,137,134,2,0.0125
117,18,2,2,34,26,131,129,4,0.025
117,19,3,2,28,27,142,142,3,0.01875
117,20,4,2,39,26,142,139,6,0.0375
117,21,5,2,26,36,154,153,1,0.00625
117,22,6,2,32,37,154,153,1,0.00625
117,23,7,2,28,19,114,114,0,0.0
117,24,0,3,25,23,105,107,1,0.00625
117,25,1,3,25,26,135,135,1,0.00625
117,26,2,3,24,24,130,129,2,0.0125
117,27,3,3,33,30,152,152,3,0.01875
117,28,4,3,28,28,141,142,2,0.0125
117,29,5,3,23,33,150,148,2,0.0125
117,30,6,3,28,26,139,137,1,0.00625
117,31,7,3,29,36,131,130,0,0.0
117,32,0,4,34,29,121,123,0,0.0
117,33,1,4,29,25,147,147,1,0.00625
117,34,2,4,25,22,135,138,2,0.0125
117,35,3,4,31,29,153,152,4,0.025
117,36,4,4,29,35,138,140,1,0.00625
117,37,5,4,31,31,147,149,1,0.00625
117,38,6,4,31,21,141,142,4,0.025
117,39,7,4,25,29,119,120,2,0.0125
117,40,0,5,24,31,115,115,1,0.00625
117,41,1,5,33,35,149,154,0,0.0
117,42,2,5,32,30,150,149,1,0.00625
117,43,3,5,23,32,148,151,1,0.00625
117,44,4,5,21,26,122,119,2,0.0125
117,45,5,5,30,28,134,134,2,0.0125
117,46,6,5,39,32,153,155,1,0.00625
117,47,7,5,24,28,124,126,1,0.00625
117,48,0,6,29,30,110,113,0,0.0
117,49,1,6,29,27,142,144,0,0.0
117,50,2,6,27,33,140,143,0,0.0
117,51,3,6,24,32,144,145,2,0.0125
117,52,4,6,34,22,135,134,2,0.0125
117,53,5,6,28,22,143,144,1,0.00625
117,54,6,6,33,28,146,144,2,0.0125
117,55,7,6,29,37,133,130,1,0.00625
117,56,0,7,34,25,88,87,1,0.00625
117,57,1,7,29,32,123,123,2,0.0125
117,58,2,7,34,31,124,123,2,0.0125
117,59,3,7,29,29,122,118,3,0.01875
117,60,4,7,35,27,118,117,6,0.0375
117,61,5,7,30,33,129,129,1,0.00625
117,62,6,7,32,29,122,122,0,0.0
117,63,7,7,33,30,95,95,1,0.00625
118,0,0,0,35,35,101,99,3,0.01875
118,1,1,0,32,29,127,126,1,0.00625
118,2,2,0,31,28,126,122,3,0.01875
118,3,3,0,30,38,130,128,2,0.0125
118,4,4,0,36,36,135,133,3,0.01875
118,5,5,0,33,36,137,138,1,0.00625
118,6,6,0,31,32,130,131,2,0.0125
118,7,7,0,36,30,97,94,3,0.01875
118,8,0,1,38,26,133,130,3,0.01875
118,9,1,1,31,32,159,157,3,0.01875
118,10,2,1,29,32,148,152,1,0.00625
118,11,3,1,33,28,163,161,3,0.01875
118,12,4,1,41,29,172,167,5,0.03125
118,13,5,1,37,36,179,176,2,0.0125
118,14,6,1,31,32,163,162,0,0.0
118,15,7,1,32,28,122,120,3,0.01875
118,16,0,2,27,31,124,123,2,0.0125
118,17,1,2,29,35,149,149,1,0.00625
118,18,2,2,34,30,153,155,3,0.01875
118,19,3,2,34,29,165,167,3,0.01875
118,20,4,2,34,35,164,167,2,0.0125
118,21,5,2,37,37,173,170,4,0.025
118,22,6,2,31,36,156,158,2,0.0125
118,23,7,2,26,30,118,116,2,0.0125
118,24,0,3,33,32,123,123,2,0.0125
118,25,1,3,27,26,140,138,1,0.00625
118,26,2,3,36,33,146,148,1,0.00625
118,27,3,3,34,35,163,164,1,0.00625
118,28,4,3,31,35,155,156,2,0.0125
118,29,5,3,29,37,149,153,1,0.00625
118,30,6,3,28,33,140,140,2,0.0125
118,31,7,3,19,27,104,103,2,0.0125
118,32,0,4,37,25,122,120,1,0.00625
118,33,1,4,29,31,153,151,3,0.01875
118,34,2,4,33,29,140,139,3,0.01875
118,35,3,4,31,31,155,156,2,0.0125
118,36,4,4,25,31,153,152,0,0.0
118,37,5,4,39,29,155,154,1,0.00625
118,38,6,4,31,30,155,158,0,0.0
118,39,7,4,26,25,116,117,2,0.0125
118,40,0,5,24,26,114,111,3,0.01875
118,41,1,5,32,35,152,153,0,0.0
118,42,2,5,30,30,150,148,2,0.0125
118,43,3,5,26,26,153,151,2,0.0125
118,44,4,5,28,31,149,153,0,0.0
118,45,5,5,38,25,156,155,1,0.00625
118,46,6,5,30,38,173,174,2,0.0125
118,47,7,5,33,34,135,134,2,0.0125
118,48,0,6,28,29,122,119,1,0.00625
118,49,1,6,36,23,142,142,0,0.0
118,50,2,6,27,34,154,152,2,0.0125
118,51,3,6,29,30,152,151,3,0.01875
118,52,4,6,27,28,147,150,1,0.00625
118,53,5,6,25,26,145,144,2,0.0125
118,54,6,6,31,39,158,158,2,0.0125
118,55,7,6,29,37,128,132,0,0.0
118,56,0,7,24,29,88,89,0,0.0
118,57,1,7,24,25,113,115,1,0.00625
118,58,2,7,38,36,136,138,0,0.0
118,59,3,7,36,25,137,137,1,0.00625
118,60,4,7,32,29,131,134,2,0.0125
118,61,5,7,31,31,131,130,2,0.0125
118,62,6,7,40,22,130,128,2,0.0125
118,63,7,7,33,32,104,105,0,0.0
119,0,0,0,23,31,89,92,0,0.0
119,1,1,0,39,30,131,130,2,0.0125
119,2,2,0,30,24,124,127,1,0.00625
119,3,3,0,24,33,127,127,2,0.0125
119,4,4,0,20,31,112,115,2,0.0125
119,5,5,0,30,28,117,114,2,0.0125
119,6,6,0,37,32,135,135,0,0.0
119,7,7,0,32,35,103,106,1,0.00625
119,8,0,1,27,36,121,123,2,0.0125
119,9,1,1,32,28,146,149,2,0.0125
119,10,2,1,32,38,154,153,3,0.01875
119,11,3,1,30,32,156,158,1,0.00625
119,12,4,1,26,28,145,150,0,0.0
119,13,5,1,31,22,140,142,0,0.0
119,14,6,1,32,31,157,159,0,0.0
119,15,7,1,24,38,128,129,1,0.00625
119,16,0,2,34,27,122,123,1,0.00625
119,17,1,2,36,31,164,163,3,0.01875
119,18,2,2,29,31,150,148,3,0.01875
119,19,3,2,31,34,158,161,1,0.00625
119,20,4,2,34,32,160,162,2,0.0125
119,21,5,2,38,29,165,166,3,0.01875
119,22,6,2,30,34,172,169,3,0.01875
119,23,7,2,34,31,130,130,1,0.00625
119,24,0,3,32,28,124,123,2,0.0125
119,25,1,3,30,37,161,161,3,0.01875
119,26,2,3,34,31,152,148,4,0.025
119,27,3,3,36,29,166,169,0,0.0
119,28,4,3,37,28,172,167,4,0.025
119,29,5,3,34,37,175,170,3,0.01875
119,30,6,3,26,37,168,170,1,0.00625
119,31,7,3,40,35,134,134,2,0.0125
119,32,0,4,30,31,119,121,0,0.0
119,33,1,4,26,35,151,152,2,0.0125
119,34,2,4,24,28,135,138,1,0.00625
119,35,3,4,30,35,156,154,3,0.01875
119,36,4,4,31,36,156,155,0,0.0
119,37,5,4,25,35,150,146,3,0.01875
119,38,6,4,26,31,145,143,1,0.00625
119,39,7,4,32,28,115,115,0,0.0
119,40,0,5,43,28,128,128,3,0.01875
119,41,1,5,38,34,172,167,2,0.0125
119,42,2,5,30,29,143,148,0,0.0
119,43,3,5,32,30,152,153,2,0.0125
119,44,4,5,29,33,155,152,2,0.0125
119,45,5,5,32,30,150,153,1,0.00625
119,46,6,5,30,21,141,139,1,0.00625
119,47,7,5,27,25,107,107,2,0.0125
119,48,0,6,39,29,127,127,2,0.0125
119,49,1,6,33,39,172,170,2,0.0125
119,50,2,6,39,35,158,156,4,0.025
119,51,3,6,34,30,163,164,3,0.01875
119,52,4,6,33,29,154,152,1,0.00625
119,53,5,6,35,32,156,157,1,0.00625
119,54,6,6,18,33,147,148,1,0.00625
119,55,7,6,29,24,104,100,1,0.00625
119,56,0,7,39,29,98,96,2,0.0125
119,57,1,7,24,37,125,124,0,0.0
119,58,2,7,35,35,121,119,1,0.00625
119,59,3,7,24,36,125,127,1,0.00625
119,60,4,7,30,35,118,119,1,0.00625
119,61,5,7,37,32,121,122,2,0.0125
119,62,6,7,22,34,115,116,1,0.00625
119,63,7,7,26,21,71,70,1,0.00625
120,0,0,0,35,29,91,89,1,0.00625
120,1,1,0,28,37,126,127,2,0.0125
120,2,2,0,22,27,103,103,0,0.0
120,3,3,0,30,31,106,108,2,0.0125
120,4,4,0,29,25,104,103,2,0.0125
120,5,5,0,30,28,107,110,0,0.0
120,6,6,0,28,27,106,104,3,0.01875
120,7,7,0,21,24,70,70,0,0.0
120,8,0,1,30,29,122,122,2,0.0125
120,9,1,1,32,36,167,169,2,0.0125
120,10,2,1,38,29,161,162,2,0.0125
120,11,3,1,31,23,154,154,0,0.0
120,12,4,1,25,27,142,142,1,0.00625
120,13,5,1,34,29,152,150,5,0.03125
120,14,6,1,29,30,154,150,3,0.01875
120,15,7,1,38,29,117,118,0,0.0
120,16,0,2,32,36,121,120,1,0.00625
120,17,1,2,36,29,155,156,1,0.00625
120,18,2,2,31,32,150,150,3,0.01875
120,19,3,2,34,35,152,152,1,0.00625
120,20,4,2,28,30,140,140,2,0.0125
120,21,5,2,24,28,126,129,1,0.00625
120,22,6,2,31,30,132,134,2,0.0125
120,23,7,2,19,30,103,103,1,0.00625
120,24,0,3,25,21,112,114,0,0.0
120,25,1,3,24,31,155,156,1,0.00625
120,26,2,3,27,38,156,161,1,0.00625
120,27,3,3,27,34,159,155,2,0.0125
120,28,4,3,32,39,160,165,1,0.00625
120,29,5,3,27,26,153,155,3,0.01875
120,30,6,3,26,26,143,140,2,0.0125
120,31,7,3,38,29,114,115,1,0.00625
120,32,0,4,29,38,135,132,1,0.00625
120,33,1,4,37,26,160,160,3,0.01875
120,34,2,4,34,27,156,155,1,0.00625
120,35,3,4,19,30,146,148,1,0.00625
120,36,4,4,32,28,143,145,1,0.00625
120,37,5,4,30,36,164,168,1,0.00625
120,38,6,4,34,28,159,154,5,0.03125
120,39,7,4,37,24,118,119,1,0.00625
120,40,0,5,31,35,121,123,1,0.00625
120,41,1,5,31,27,149,151,1,0.00625
120,42,2,5,30,30,150,144,3,0.01875
120,43,3,5,36,34,150,152,0,0.0
120,44,4,5,27,17,131,131,2,0.0125
120,45,5,5,33,34,146,144,3,0.01875
120,46,6,5,32,33,151,151,2,0.0125
120,47,7,5,26,31,118,116,4,0.025
120,48,0,6,30,25,122,125,1,0.00625
120,49,1,6,28,34,170,171,2,0.0125
120,50,2,6,30,31,159,162,2,0.0125
120,51,3,6,32,31,161,162,2,0.0125
120,52,4,6,30,39,169,169,0,0.0
120,53,5,6,20,23,146,147,1,0.00625
120,54,6,6,29,32,151,152,1,0.00625
120,55,7,6,41,31,125,128,1,0.00625
120,56,0,7,31,38,99,100,1,0.00625
120,57,1,7,27,34,124,124,2,0.0125
120,58,2,7,25,26,110,112,1,0.00625
120,59,3,7,28,35,116,116,1,0.00625
120,60,4,7,30,31,119,119,2,0.0125
120,61,5,7,26,33,121,120,2,0.0125
120,62,6,7,31,23,114,113,0,0.0
120,63,7,7,32,25,87,86,2,0.0125
121,0,0,0,27,33,88,88,1,0.00625
121,1,1,0,20,31,103,102,1,0.00625
121,2,2,0,24,24,94,95,0,0.0
121,3,3,0,18,25,95,93,3,0.01875
121,4,4,0,25,35,104,106,1,0.00625
121,5,5,0,26,28,104,103,0,0.0
121,6,6,0,28,29,111,114,1,0.00625
121,7,7,0,26,33,90,90,0,0.0
121,8,0,1,26,27,115,118,0,0.0
121,9,1,1,36,24,147,144,3,0.01875
121,10,2,1,29,20,135,138,1,0.00625
121,11,3,1,27,23,139,139,0,0.0
121,12,4,1,36,22,142,141,2,0.0125
121,13,5,1,37,21,140,143,1,0.00625
121,14,6,1,23,28,140,141,2,0.0125
121,15,7,1,23,27,109,110,0,0.0
121,16,0,2,38,28,131,128,3,0.01875
121,17,1,2,38,24,162,157,4,0.025
121,18,2,2,31,35,155,157,2,0.0125
121,19,3,2,34,36,158,158,0,0.0
121,20,4,2,36,28,162,160,0,0.0
121,21,5,2,31,31,159,154,5,0.03125
121,22,6,2,31,37,162,160,2,0.0125
121,23,7,2,34,24,123,122,2,0.0125
121,24,0,3,26,33,126,126,0,0.0
121,25,1,3,21,35,143,145,1,0.00625
121,26,2,3,25,35,133,132,0,0.0
121,27,3,3,26,30,139,138,2,0.0125
121,28,4,3,31,33,153,152,2,0.0125
121,29,5,3,28,35,152,153,2,0.0125
121,30,6,3,29,32,150,151,1,0.00625
121,31,7,3,27,33,122,124,1,0.00625
121,32,0,4,35,32,137,138,2,0.0125
121,33,1,4,29,27,159,160,1,0.00625
121,34,2,4,33,20,142,139,3,0.01875
121,35,3,4,33,24,150,149,1,0.00625
121,36,4,4,36,25,156,156,0,0.0
121,37,5,4,24,32,147,149,0,0.0
121,38,6,4,33,31,146,151,1,0.00625
121,39,7,4,30,28,128,127,0,0.0
121,40,0,5,32,34,135,136,0,0.0
121,41,1,5,30,37,160,162,0,0.0
121,42,2,5,32,32,150,149,3,0.01875
121,43,3,5,24,29,150,147,3,0.01875
121,44,4,5,28,32,148,150,1,0.00625
121,45,5,5,23,35,145,146,2,0.0125
121,46,6,5,31,24,141,141,4,0.025
121,47,7,5,29,34,126,128,2,0.0125
121,48,0,6,35,31,135,133,1,0.00625
121,49,1,6,33,32,159,157,1,0.00625
121,50,2,6,35,33,152,152,2,0.0125
121,51,3,6,31,32,158,157,2,0.0125
121,52,4,6,28,25,139,141,1,0.00625
121,53,5,6,32,30,139,137,3,0.01875
121,54,6,6,21,24,134,132,1,0.00625
121,55,7,6,26,32,109,111,0,0.0
121,56,0,7,28,30,97,97,0,0.0
121,57,1,7,27,33,126,128,0,0.0
121,58,2,7,31,31,123,124,1,0.00625
121,59,3,7,31,34,131,131,0,0.0
121,60,4,7,23,32,123,121,2,0.0125
121,61,5,7,29,25,116,116,2,0.0125
121,62,6,7,30,31,124,126,1,0.00625
121,63,7,7,35,23,87,88,0,0.0
122,0,0,0,29,36,84,85,1,0.00625
122,1,1,0,31,30,113,116,0,0.0
122,2,2,0,31,34,119,119,0,0.0
122,3,3,0,36,31,117,116,3,0.01875
122,4,4,0,38,28,124,122,3,0.01875
122,5,5,0,33,34,130,127,2,0.0125
122,6,6,0,26,27,105,104,1,0.00625
122,7,7,0,23,26,73,74,0,0.0
122,8,0,1,26,19,105,103,1,0.00625
122,9,1,1,35,32,145,149,1,0.00625
122,10,2,1,34,35,166,163,2,0.0125
122,11,3,1,20,30,133,133,1,0.00625
122,12,4,1,31,32,137,137,2,0.0125
122,13,5,1,33,39,168,169,0,0.0
122,14,6,1,29,31,145,147,1,0.00625
122,15,7,1,26,28,109,107,2,0.0125
122,16,0,2,35,26,121,126,0,0.0
122,17,1,2,29,29,148,152,2,0.0125
122,18,2,2,30,39,164,163,2,0.0125
122,19,3,2,27,29,146,144,3,0.01875
122,20,4,2,25,20,130,132,1,0.00625
122,21,5,2,27,33,154,157,2,0.0125
122,22,6,2,30,37,148,150,2,0.0125
122,23,7,2,27,28,110,113,0,0.0
122,24,0,3,38,28,128,126,2,0.0125
122,25,1,3,34,37,167,165,1,0.00625
122,26,2,3,27,30,154,152,2,0.0125
122,27,3,3,21,32,134,135,2,0.0125
122,28,4,3,35,22,141,139,4,0.025
122,29,5,3,31,27,156,154,3,0.01875
122,30,6,3,33,28,145,145,1,0.00625
122,31,7,3,35,26,124,120,3,0.01875
122,32,0,4,30,29,120,120,1,0.00625
122,33,1,4,30,37,155,157,1,0.00625
122,34,2,4,30,32,157,160,2,0.0125
122,35,3,4,28,23,141,141,2,0.0125
122,36,4,4,27,22,134,133,1,0.00625
122,37,5,4,36,32,160,158,1,0.00625
122,38,6,4,31,28,147,146,2,0.0125
122,39,7,4,31,35,121,120,2,0.0125
122,40,0,5,42,29,135,131,3,0.01875
122,41,1,5,36,29,168,166,2,0.0125
122,42,2,5,30,31,157,162,2,0.0125
122,43,3,5,36,35,161,161,1,0.00625
122,44,4,5,28,27,155,152,4,0.025
122,45,5,5,26,27,147,145,3,0.01875
122,46,6,5,25,36,135,138,1,0.00625
122,47,7,5,30,33,113,113,2,0.0125
122,48,0,6,26,32,123,125,0,0.0
122,49,1,6,29,41,164,164,1,0.00625
122,50,2,6,38,32,166,165,2,0.0125
122,51,3,6,32,32,162,163,0,0.0
122,52,4,6,31,32,166,164,1,0.00625
122,53,5,6,35,27,166,168,2,0.0125
122,54,6,6,33,26,146,147,1,0.00625
122,55,7,6,34,26,122,122,0,0.0
122,56,0,7,36,35,102,101,3,0.01875
122,57,1,7,32,29,127,124,2,0.0125
122,58,2,7,26,30,124,123,1,0.00625
122,59,3,7,32,37,132,131,2,0.0125
122,60,4,7,36,33,137,140,1,0.00625
122,61,5,7,19,29,123,123,2,0.0125
122,62,6,7,26,33,120,119,0,0.0
122,63,7,7,40,32,102,100,3,0.01875
123,0,0,0,24,36,85,85,1,0.00625
123,1,1,0,31,34,112,108,4,0.025
123,2,2,0,28,27,107,107,0,0.0
123,3,3,0,35,28,113,116,1,0.00625
123,4,4,0,33,27,118,118,2,0.0125
123,5,5,0,22,26,104,105,1,0.00625
123,6,6,0,20,21,91,91,1,0.00625
123,7,7,0,28,23,70,67,2,0.0125
123,8,0,1,22,23,110,109,1,0.00625
123,9,1,1,32,23,139,139,0,0.0
123,10,2,1,27,26,141,142,3,0.01875
123,11,3,1,40,28,158,154,4,0.025
123,12,4,1,29,35,162,161,1,0.00625
123,13,5,1,34,31,154,148,5,0.03125
123,14,6,1,28,26,137,137,2,0.0125
123,15,7,1,31,17,98,100,1,0.00625
123,16,0,2,22,28,119,116,2,0.0125
123,17,1,2,27,20,137,139,1,0.00625
123,18,2,2,30,33,148,148,2,0.0125
123,19,3,2,33,31,153,154,2,0.0125
123,20,4,2,37,35,162,161,0,0.0
123,21,5,2,30,31,148,149,3,0.01875
123,22,6,2,22,29,128,127,2,0.0125
123,23,7,2,30,28,104,103,1,0.00625
123,24,0,3,27,28,135,136,1,0.00625
123,25,1,3,28,24,158,160,1,0.00625
123,26,2,3,27,31,157,157,1,0.00625
123,27,3,3,25,29,155,157,1,0.00625
123,28,4,3,36,36,159,162,1,0.00625
123,29,5,3,32,36,170,171,3,0.01875
123,30,6,3,30,30,149,147,3,0.01875
123,31,7,3,35,22,109,112,1,0.00625
123,32,0,4,33,41,142,140,2,0.0125
123,33,1,4,31,27,154,153,0,0.0
123,34,2,4,31,28,144,144,2,0.0125
123,35,3,4,32,29,149,150,3,0.01875
123,36,4,4,23,27,140,139,2,0.0125
123,37,5,4,31,38,149,151,0,0.0
123,38,6,4,29,32,145,143,2,0.0125
123,39,7,4,29,27,113,113,1,0.00625
123,40,0,5,32,31,122,126,1,0.00625
123,41,1,5,24,31,147,146,1,0.00625
123,42,2,5,26,31,134,134,1,0.00625
123,43,3,5,32,26,136,136,3,0.01875
123,44,4,5,34,35,144,147,1,0.00625
123,45,5,5,33,22,140,140,1,0.00625
123,46,6,5,22,32,134,129,4,0.025
123,47,7,5,28,30,103,101,3,0.01875
123,48,0,6,35,24,124,121,3,0.01875
123,49,1,6,27,33,153,153,2,0.0125
123,50,2,6,27,27,136,135,2,0.0125
123,51,3,6,30,22,139,139,1,0.00625
123,52,4,6,30,32,144,142,4,0.025
123,53,5,6,30,35,149,149,1,0.00625
123,54,6,6,26,30,145,141,3,0.01875
123,55,7,6,32,21,100,98,1,0.00625
123,56,0,7,32,28,94,96,0,0.0
123,57,1,7,31,31,129,128,2,0.0125
123,58,2,7,28,26,118,116,1,0.00625
123,59,3,7,26,25,118,116,2,0.0125
123,60,4,7,32,28,119,114,4,0.025
123,61,5,7,26,30,116,115,4,0.025
123,62,6,7,22,34,112,111,3,0.01875
123,63,7,7,33,24,79,81,1,0.00625
124,0,0,0,37,33,99,97,2,0.0125
124,1,1,0,36,34,135,137,2,0.0125
124,2,2,0,37,38,141,141,1,0.00625
124,3,3,0,33,25,127,129,0,0.0
124,4,4,0,30,31,124,125,1,0.00625
124,5,5,0,33,32,125,129,0,0.0
124,6,6,0,29,35,126,125,0,0.0
124,7,7,0,26,26,83,85,0,0.0
124,8,0,1,38,32,131,133,0,0.0
124,9,1,1,34,34,171,170,0,0.0
124,10,2,1,23,34,162,160,2,0.0125
124,11,3,1,26,40,142,145,1,0.00625
124,12,4,1,19,35,140,144,0,0.0
124,13,5,1,33,33,143,148,2,0.0125
124,14,6,1,23,31,154,154,1,0.00625
124,15,7,1,28,29,108,107,2,0.0125
124,16,0,2,26,30,112,115,0,0.0
124,17,1,2,34,36,152,151,3,0.01875
124,18,2,2,30,34,156,157,1,0.00625
124,19,3,2,24,21,126,127,1,0.00625
124,20,4,2,29,33,141,142,1,0.00625
124,21,5,2,30,19,133,135,0,0.0
124,22,6,2,34,36,165,166,1,0.00625
124,23,7,2,28,25,110,109,1,0.00625
124,24,0,3,26,29,118,116,1,0.00625
124,25,1,3,22,25,132,131,1,0.00625
124,26,2,3,30,29,144,145,1,0.00625
124,27,3,3,26,31,136,134,1,0.00625
124,28,4,3,27,23,136,135,1,0.00625
124,29,5,3,34,27,148,149,2,0.0125
124,30,6,3,29,29,158,161,2,0.0125
124,31,7,3,28,38,116,117,0,0.0
124,32,0,4,35,32,125,127,1,0.00625
124,33,1,4,33,24,147,148,1,0.00625
124,34,2,4,28,24,148,147,2,0.0125
124,35,3,4,24,27,131,134,0,0.0
124,36,4,4,24,22,126,127,1,0.00625
124,37,5,4,25,25,131,126,5,0.03125
124,38,6,4,24,35,144,147,1,0.00625
124,39,7,4,27,28,103,101,2,0.0125
124,40,0,5,29,27,127,125,1,0.00625
124,41,1,5,32,35,165,168,0,0.0
124,42,2,5,28,30,169,168,1,0.00625
124,43,3,5,30,30,149,149,2,0.0125
124,44,4,5,34,25,161,157,4,0.025
124,45,5,5,31,23,156,156,2,0.0125
124,46,6,5,35,22,164,169,0,0.0
124,47,7,5,37,24,122,124,2,0.0125
124,48,0,6,38,36,142,143,2,0.0125
124,49,1,6,20,29,155,156,2,0.0125
124,50,2,6,36,34,162,164,2,0.0125
124,51,3,6,39,32,158,157,1,0.00625
124,52,4,6,32,32,164,167,2,0.0125
124,53,5,6,36,34,164,165,0,0.0
124,54,6,6,34,31,163,168,1,0.00625
124,55,7,6,30,36,130,130,1,0.00625
124,56,0,7,30,32,97,96,0,0.0
124,57,1,7,33,42,141,143,1,0.00625
124,58,2,7,25,25,116,120,0,0.0
124,59,3,7,33,39,124,125,3,0.01875
124,60,4,7,25,37,128,130,2,0.0125
124,61,5,7,33,36,128,130,1,0.00625
124,62,6,7,28,34,128,129,1,0.00625
124,63,7,7,31,38,94,95,1,0.00625
125,0,0,0,32,34,99,101,1,0.00625
125,1,1,0,37,30,135,137,1,0.00625
125,2,2,0,25,23,121,121,0,0.0
125,3,3,0,33,29,121,119,0,0.0
125,4,4,0,30,32,135,132,2,0.0125
125,5,5,0,26,31,122,120,0,0.0
125,6,6,0,29,25,118,117,2,0.0125
125,7,7,0,39,27,96,95,1,0.00625
125,8,0,1,30,31,125,124,1,0.00625
125,9,1,1,30,33,153,151,1,0.00625
125,10,2,1,34,41,150,154,1,0.00625
125,11,3,1,27,24,141,140,2,0.0125
125,12,4,1,26,32,144,142,1,0.00625
125,13,5,1,27,28,139,138,2,0.0125
125,14,6,1,25,25,128,128,1,0.00625
125,15,7,1,26,31,107,107,1,0.00625
125,16,0,2,26,28,116,114,2,0.0125
125,17,1,2,25,33,143,144,0,0.0
125,18,2,2,30,29,136,134,2,0.0125
125,19,3,2,32,35,151,151,1,0.00625
125,20,4,2,27,23,144,139,3,0.01875
125,21,5,2,27,28,140,138,2,0.0125
125,22,6,2,26,27,135,136,1,0.00625
125,23,7,2,25,23,103,103,0,0.0
125,24,0,3,29,25,118,118,2,0.0125
125,25,1,3,28,26,151,147,2,0.0125
125,26,2,3,35,29,147,148,1,0.00625
125,27,3,3,29,28,156,157,1,0.00625
125,28,4,3,37,33,169,169,2,0.0125
125,29,5,3,29,27,157,159,1,0.00625
125,30,6,3,37,31,157,156,3,0.01875
125,31,7,3,34,24,124,122,2,0.0125
125,32,0,4,24,29,115,117,1,0.00625
125,33,1,4,25,31,147,143,1,0.00625
125,34,2,4,23,25,125,125,2,0.0125
125,35,3,4,34,38,149,147,0,0.0
125,36,4,4,27,31,161,160,1,0.00625
125,37,5,4,34,40,161,163,2,0.0125
125,38,6,4,30,28,149,150,1,0.00625
125,39,7,4,25,38,119,123,0,0.0
125,40,0,5,26,29,119,119,2,0.0125
125,41,1,5,24,25,141,138,2,0.0125
125,42,2,5,34,27,132,133,1,0.00625
125,43,3,5,39,24,153,154,2,0.0125
125,44,4,5,33,34,173,177,1,0.00625
125,45,5,5,33,28,154,153,3,0.01875
125,46,6,5,26,36,149,147,2,0.0125
125,47,7,5,29,30,108,111,0,0.0
125,48,0,6,29,30,116,118,1,0.00625
125,49,1,6,31,28,147,146,2,0.0125
125,50,2,6,30,23,132,132,0,0.0
125,51,3,6,24,31,139,139,2,0.0125
125,52,4,6,28,40,160,158,2,0.0125
125,53,5,6,23,30,137,134,1,0.00625
125,54,6,6,23,32,133,132,1,0.00625
125,55,7,6,29,26,103,103,1,0.00625
125,56,0,7,40,26,100,100,2,0.0125
125,57,1,7,22,28,123,121,2,0.0125
125,58,2,7,24,29,112,110,0,0.0
125,59,3,7,36,29,127,128,3,0.01875
125,60,4,7,33,27,133,133,1,0.00625
125,61,5,7,29,26,124,124,1,0.00625
125,62,6,7,27,23,112,112,1,0.00625
125,63,7,7,36,24,87,86,1,0.00625
126,0,0,0,19,36,95,94,1,0.00625
126,1,1,0,30,39,124,123,1,0.00625
126,2,2,0,29,28,121,119,1,0.00625
126,3,3,0,31,18,111,112,1,0.00625
126,4,4,0,28,37,131,133,1,0.00625
126,5,5,0,34,32,132,133,0,0.0
126,6,6,0,31,35,133,135,1,0.00625
126,7,7,0,31,22,83,83,1,0.00625
126,8,0,1,35,39,137,135,2,0.0125
126,9,1,1,28,22,147,149,0,0.0
126,10,2,1,33,28,144,142,2,0.0125
126,11,3,1,30,28,130,131,1,0.00625
126,12,4,1,27,32,153,152,3,0.01875
126,13,5,1,35,32,150,151,2,0.0125
126,14,6,1,23,35,156,157,0,0.0
126,15,7,1,29,27,105,106,0,0.0
126,16,0,2,26,24,119,119,1,0.00625
126,17,1,2,30,31,158,158,1,0.00625
126,18,2,2,34,28,151,152,2,0.0125
126,19,3,2,36,35,146,145,2,0.0125
126,20,4,2,34,30,164,169,2,0.0125
126,21,5,2,27,23,149,150,1,0.00625
126,22,6,2,29,37,154,154,1,0.00625
126,23,7,2,28,27,108,109,0,0.0
126,24,0,3,26,30,121,124,1,0.00625
126,25,1,3,28,29,145,149,1,0.00625
126,26,2,3,38,28,152,150,3,0.01875
126,27,3,3,30,32,139,139,1,0.00625
126,28,4,3,26,35,150,151,1,0.00625
126,29,5,3,32,36,153,152,0,0.0
126,30,6,3,27,23,149,147,3,0.01875
126,31,7,3,27,29,109,110,0,0.0
126,32,0,4,39,31,136,136,1,0.00625
126,33,1,4,28,26,160,160,2,0.0125
126,34,2,4,33,31,154,154,2,0.0125
126,35,3,4,39,35,155,154,1,0.00625
126,36,4,4,32,29,167,163,4,0.025
126,37,5,4,30,27,151,153,0,0.0
126,38,6,4,34,36,164,162,3,0.01875
126,39,7,4,33,27,116,113,2,0.0125
126,40,0,5,30,27,129,128,2,0.0125
126,41,1,5,30,39,165,164,0,0.0
126,42,2,5,33,30,154,154,2,0.0125
126,43,3,5,37,28,148,147,2,0.0125
126,44,4,5,28,36,164,165,1,0.00625
126,45,5,5,30,28,153,156,1,0.00625
126,46,6,5,20,31,148,151,1,0.00625
126,47,7,5,33,31,111,109,0,0.0
126,48,0,6,26,32,131,129,1,0.00625
126,49,1,6,23,25,144,144,3,0.01875
126,50,2,6,25,26,140,139,1,0.00625
126,51,3,6,29,32,138,137,2,0.0125
126,52,4,6,27,34,152,152,2,0.0125
126,53,5,6,20,32,145,148,1,0.00625
126,54,6,6,22,35,143,143,1,0.00625
126,55,7,6,31,21,100,100,1,0.00625
126,56,0,7,32,33,102,102,1,0.00625
126,57,1,7,31,26,126,130,0,0.0
126,58,2,7,21,22,109,107,2,0.0125
126,59,3,7,29,28,111,110,2,0.0125
126,60,4,7,28,26,117,121,0,0.0
126,61,5,7,31,29,126,126,1,0.00625
126,62,6,7,23,22,115,115,1,0.00625
126,63,7,7,37,22,81,82,0,0.0
127,0,0,0,28,36,90,90,2,0.0125
127,1,1,0,23,33,112,111,1,0.00625
127,2,2,0,28,29,110,110,3,0.01875
127,3,3,0,28,24,109,109,1,0.00625
127,4,4,0,31,29,113,112,1,0.00625
127,5,5,0,30,34,123,121,1,0.00625
127,6,6,0,35,31,124,124,1,0.00625
127,7,7,0,30,28,95,95,0,0.0
127,8,0,1,29,26,119,119,1,0.00625
127,9,1,1,29,28,150,149,0,0.0
127,10,2,1,31,24,144,145,2,0.0125
127,11,3,1,29,27,144,143,1,0.00625
127,12,4,1,32,26,144,143,3,0.01875
127,13,5,1,32,29,158,156,2,0.0125
127,14,6,1,36,30,158,157,0,0.0
127,15,7,1,29,36,127,126,1,0.00625
127,16,0,2,24,31,126,128,0,0.0
127,17,1,2,27,34,153,154,0,0.0
127,18,2,2,34,30,155,153,4,0.025
127,19,3,2,25,29,156,154,2,0.0125
127,20,4,2,27,29,149,149,1,0.00625
127,21,5,2,22,32,152,151,2,0.0125
127,22,6,2,27,32,150,148,1,0.00625
127,23,7,2,43,30,130,126,3,0.01875
127,24,0,3,32,36,136,135,2,0.0125
127,25,1,3,34,26,153,154,0,0.0
127,26,2,3,31,29,151,152,1,0.00625
127,27,3,3,36,35,161,162,2,0.0125
127,28,4,3,27,27,151,148,2,0.0125
127,29,5,3,31,26,149,149,1,0.00625
127,30,6,3,30,23,144,143,4,0.025
127,31,7,3,34,27,117,116,1,0.00625
127,32,0,4,39,28,137,134,3,0.01875
127,33,1,4,32,30,164,167,1,0.00625
127,34,2,4,34,31,160,160,2,0.0125
127,35,3,4,30,36,164,164,3,0.01875
127,36,4,4,29,36,151,155,2,0.0125
127,37,5,4,29,25,149,149,1,0.00625
127,38,6,4,35,27,163,163,3,0.01875
127,39,7,4,37,32,132,132,2,0.0125
127,40,0,5,32,35,128,128,2,0.0125
127,41,1,5,29,36,158,159,3,0.01875
127,42,2,5,32,33,154,154,2,0.0125
127,43,3,5,28,39,159,161,1,0.00625
127,44,4,5,23,29,139,136,1,0.00625
127,45,5,5,30,33,143,144,1,0.00625
127,46,6,5,31,30,153,151,1,0.00625
127,47,7,5,27,36,123,123,1,0.00625
127,48,0,6,36,29,125,125,2,0.0125
127,49,1,6,27,33,151,151,2,0.0125
127,50,2,6,28,34,141,140,3,0.01875
127,51,3,6,34,36,159,162,0,0.0
127,52,4,6,28,30,147,150,1,0.00625
127,53,5,6,37,20,146,143,2,0.0125
127,54,6,6,26,29,153,151,2,0.0125
127,55,7,6,28,29,111,109,4,0.025
127,56,0,7,33,29,95,94,2,0.0125
127,57,1,7,27,36,127,124,1,0.00625
127,58,2,7,32,27,118,120,1,0.00625
127,59,3,7,28,29,122,124,2,0.0125
127,60,4,7,32,34,130,129,0,0.0
127,61,5,7,35,26,127,127,2,0.0125
127,62,6,7,29,32,131,130,1,0.00625
127,63,7,7,33,22,87,83,3,0.01875
128,0,0,0,33,32,100,100,2,0.0125
128,1,1,0,31,30,128,130,1,0.00625
128,2,2,0,31,24,124,125,0,0.0
128,3,3,0,30,33,130,126,3,0.01875
128,4,4,0,33,25,123,124,2,0.0125
128,5,5,0,28,25,118,117,2,0.0125
128,6,6,0,25,32,119,119,2,0.0125
128,7,7,0,39,32,92,92,0,0.0
128,8,0,1,33,35,127,128,1,0.00625
128,9,1,1,29,30,153,148,5,0.03125
128,10,2,1,30,32,138,136,3,0.01875
128,11,3,1,30,30,147,147,3,0.01875
128,12,4,1,25,27,140,139,3,0.01875
128,13,5,1,25,32,136,136,3,0.01875
128,14,6,1,27,25,136,137,1,0.00625
128,15,7,1,27,26,111,110,2,0.0125
128,16,0,2,36,25,131,126,2,0.0125
128,17,1,2,25,30,160,156,2,0.0125
128,18,2,2,39,25,153,156,2,0.0125
128,19,3,2,25,27,158,160,1,0.00625
128,20,4,2,31,29,151,147,3,0.01875
128,21,5,2,28,25,147,148,0,0.0
128,22,6,2,29,26,150,150,1,0.00625
128,23,7,2,34,30,121,125,1,0.00625
128,24,0,3,28,38,119,119,1,0.00625
128,25,1,3,32,28,148,143,3,0.01875
128,26,2,3,27,25,129,131,0,0.0
128,27,3,3,25,39,150,149,1,0.00625
128,28,4,3,27,25,128,130,2,0.0125
128,29,5,3,32,32,139,140,0,0.0
128,30,6,3,31,25,136,141,1,0.00625
128,31,7,3,20,29,111,112,1,0.00625
128,32,0,4,34,27,124,125,2,0.0125
128,33,1,4,26,30,156,155,0,0.0
128,34,2,4,24,30,132,133,2,0.0125
128,35,3,4,33,30,145,147,0,0.0
128,36,4,4,24,28,148,150,1,0.00625
128,37,5,4,26,26,139,137,3,0.01875
128,38,6,4,40,34,155,153,4,0.025
128,39,7,4,30,29,133,132,3,0.01875
128,40,0,5,24,32,114,113,3,0.01875
128,41,1,5,29,38,151,154,0,0.0
128,42,2,5,35,25,141,140,2,0.0125
128,43,3,5,29,23,141,141,1,0.00625
128,44,4,5,32,35,155,156,2,0.0125
128,45,5,5,32,26,148,142,4,0.025
128,46,6,5,27,24,137,138,1,0.00625
128,47,7,5,30,38,131,129,2,0.0125
128,48,0,6,33,28,124,122,2,0.0125
128,49,1,6,34,26,160,160,4,0.025
128,50,2,6,37,27,156,156,2,0.0125
128,51,3,6,33,32,162,160,0,0.0
128,52,4,6,28,28,156,154,1,0.00625
128,53,5,6,32,34,155,158,0,0.0
128,54,6,6,29,28,152,151,2,0.0125
128,55,7,6,35,30,124,126,1,0.00625
128,56,0,7,33,30,96,96,1,0.00625
128,57,1,7,27,31,124,126,1,0.00625
128,58,2,7,30,30,123,118,4,0.025
128,59,3,7,30,34,128,125,2,0.0125
128,60,4,7,31,35,127,126,0,0.0
128,61,5,7,28,32,118,119,0,0.0
128,62,6,7,32,34,122,123,0,0.0
128,63,7,7,29,30,90,93,2,0.0125
129,0,0,0,26,27,95,95,2,0.0125
129,1,1,0,32,37,135,134,1,0.00625
129,2,2,0,29,32,130,129,2,0.0125
129,3,3,0,35,34,137,141,1,0.00625
129,4,4,0,35,38,151,150,2,0.0125
129,5,5,0,25,28,130,134,0,0.0
129,6,6,0,22,29,121,120,1,0.00625
129,7,7,0,40,29,97,94,3,0.01875
129,8,0,1,24,40,124,126,1,0.00625
129,9,1,1,36,28,154,157,2,0.0125
129,10,2,1,28,30,160,161,0,0.0
129,11,3,1,26,29,152,152,1,0.00625
129,12,4,1,26,38,158,159,2,0.0125
129,13,5,1,38,36,156,158,2,0.0125
129,14,6,1,26,27,156,153,2,0.0125
129,15,7,1,33,25,114,117,0,0.0
129,16,0,2,40,35,133,136,2,0.0125
129,17,1,2,29,26,158,160,1,0.00625
129,18,2,2,32,35,158,159,1,0.00625
129,19,3,2,27,29,154,154,1,0.00625
129,20,4,2,34,27,153,156,2,0.0125
129,21,5,2,37,27,152,152,2,0.0125
129,22,6,2,26,35,160,159,3,0.01875
129,23,7,2,33,27,119,115,2,0.0125
129,24,0,3,30,32,121,121,1,0.00625
129,25,1,3,36,41,173,175,2,0.0125
129,26,2,3,36,27,167,166,1,0.00625
129,27,3,3,33,32,163,159,3,0.01875
129,28,4,3,36,28,161,159,1,0.00625
129,29,5,3,34,32,160,154,4,0.025
129,30,6,3,30,37,165,166,0,0.0
129,31,7,3,35,26,125,122,3,0.01875
129,32,0,4,36,29,123,123,1,0.00625
129,33,1,4,31,28,159,157,2,0.0125
129,34,2,4,31,39,164,165,1,0.00625
129,35,3,4,31,31,161,161,1,0.00625
129,36,4,4,30,27,158,155,2,0.0125
129,37,5,4,25,34,148,147,4,0.025
129,38,6,4,24,34,143,146,2,0.0125
129,39,7,4,34,32,119,122,1,0.00625
129,40,0,5,30,35,122,124,2,0.0125
129,41,1,5,28,33,158,155,3,0.01875
129,42,2,5,36,28,151,152,1,0.00625
129,43,3,5,34,32,167,165,1,0.00625
129,44,4,5,25,32,154,155,1,0.00625
129,45,5,5,34,30,140,146,1,0.00625
129,46,6,5,42,22,156,157,1,0.00625
129,47,7,5,28,27,126,125,2,0.0125
129,48,0,6,31,30,117,121,0,0.0
129,49,1,6,36,30,164,167,0,0.0
129,50,2,6,30,28,158,160,2,0.0125
129,51,3,6,31,36,160,161,1,0.00625
129,52,4,6,27,36,158,158,2,0.0125
129,53,5,6,33,26,141,141,1,0.00625
129,54,6,6,35,39,167,168,2,0.0125
129,55,7,6,30,38,136,137,0,0.0
129,56,0,7,34,34,91,91,3,0.01875
129,57,1,7,30,32,121,118,2,0.0125
129,58,2,7,29,43,121,128,0,0.0
129,59,3,7,36,30,115,119,1,0.00625
129,60,4,7,26,30,111,111,2,0.0125
129,61,5,7,28,24,101,100,0,0.0
129,62,6,7,33,33,120,120,1,0.00625
129,63,7,7,21,34,90,90,1,0.00625
130,0,0,0,27,21,79,80,1,0.00625
130,1,1,0,26,29,115,117,0,0.0
130,2,2,0,27,33,120,122,0,0.0
130,3,3,0,35,26,125,120,3,0.01875
130,4,4,0,29,29,122,125,1,0.00625
130,5,5,0,29,29,123,118,2,0.0125
130,6,6,0,23,28,108,109,2,0.0125
130,7,7,0,32,35,86,91,0,0.0
130,8,0,1,27,35,109,108,0,0.0
130,9,1,1,31,28,142,144,1,0.00625
130,10,2,1,27,28,153,151,2,0.0125
130,11,3,1,34,28,143,144,1,0.00625
130,12,4,1,26,33,152,153,1,0.00625
130,13,5,1,30,31,150,149,3,0.01875
130,14,6,1,28,27,141,143,1,0.00625
130,15,7,1,31,23,118,116,1,0.00625
130,16,0,2,28,28,100,103,0,0.0
130,17,1,2,26,27,136,136,2,0.0125
130,18,2,2,33,35,152,152,1,0.00625
130,19,3,2,30,27,141,140,2,0.0125
130,20,4,2,30,34,147,146,2,0.0125
130,21,5,2,26,29,138,138,0,0.0
130,22,6,2,28,30,137,139,2,0.0125
130,23,7,2,24,28,114,118,0,0.0
130,24,0,3,26,26,104,103,1,0.00625
130,25,1,3,29,31,143,146,0,0.0
130,26,2,3,29,26,157,152,2,0.0125
130,27,3,3,31,34,157,162,1,0.00625
130,28,4,3,36,29,161,164,2,0.0125
130,29,5,3,35,29,161,164,2,0.0125
130,30,6,3,29,30,154,149,3,0.01875
130,31,7,3,33,32,122,124,1,0.00625
130,32,0,4,33,33,119,118,2,0.0125
130,33,1,4,24,27,144,147,0,0.0
130,34,2,4,39,32,163,163,1,0.00625
130,35,3,4,33,31,163,160,3,0.01875
130,36,4,4,38,35,165,166,1,0.00625
130,37,5,4,25,37,157,158,2,0.0125
130,38,6,4,32,32,151,153,1,0.00625
130,39,7,4,28,26,120,118,1,0.00625
130,40,0,5,23,30,103,103,2,0.0125
130,41,1,5,31,38,147,151,0,0.0
130,42,2,5,27,28,152,151,1,0.00625
130,43,3,5,32,36,151,154,1,0.00625
130,44,4,5,26,35,148,147,2,0.0125
130,45,5,5,31,36,154,152,2,0.0125
130,46,6,5,20,30,141,141,1,0.00625
130,47,7,5,29,32,112,116,0,0.0
130,48,0,6,34,30,119,118,2,0.0125
130,49,1,6,29,27,147,145,1,0.00625
130,50,2,6,28,32,155,154,2,0.0125
130,51,3,6,32,28,154,152,3,0.01875
130,52,4,6,28,30,152,150,3,0.01875
130,53,5,6,21,23,134,132,2,0.0125
130,54,6,6,35,31,146,149,1,0.00625
130,55,7,6,37,24,126,125,1,0.00625
130,56,0,7,22,32,74,76,0,0.0
130,57,1,7,34,33,114,112,3,0.01875
130,58,2,7,34,26,116,111,2,0.0125
130,59,3,7,29,28,113,112,1,0.00625
130,60,4,7,29,32,119,118,2,0.0125
130,61,5,7,27,24,105,105,0,0.0
130,62,6,7,30,24,103,102,1,0.00625
130,63,7,7,27,36,92,92,2,0.0125
131,0,0,0,34,29,105,105,0,0.0
131,1,1,0,32,28,135,133,0,0.0
131,2,2,0,24,28,125,125,1,0.00625
131,3,3,0,29,37,128,131,2,0.0125
131,4,4,0,27,29,126,127,0,0.0
131,5,5,0,20,28,113,116,0,0.0
131,6,6,0,36,26,126,127,0,0.0
131,7,7,0,42,28,108,104,2,0.0125
131,8,0,1,29,40,134,133,1,0.00625
131,9,1,1,27,31,149,149,2,0.0125
131,10,2,1,26,31,142,144,2,0.0125
131,11,3,1,25,24,144,142,3,0.01875
131,12,4,1,30,31,142,140,2,0.0125
131,13,5,1,26,25,133,132,2,0.0125
131,14,6,1,31,24,135,134,2,0.0125
131,15,7,1,27,36,121,121,0,0.0
131,16,0,2,26,30,118,114,3,0.01875
131,17,1,2,28,30,147,144,4,0.025
131,18,2,2,34,29,150,148,0,0.0
131,19,3,2,31,28,162,164,2,0.0125
131,20,4,2,26,23,144,144,2,0.0125
131,21,5,2,30,27,143,144,1,0.00625
131,22,6,2,25,27,141,141,3,0.01875
131,23,7,2,30,30,112,111,1,0.00625
131,24,0,3,25,27,113,113,1,0.00625
131,25,1,3,37,28,149,146,3,0.01875
131,26,2,3,29,28,144,148,2,0.0125
131,27,3,3,25,35,153,150,4,0.025
131,28,4,3,38,31,151,151,2,0.0125
131,29,5,3,30,31,154,156,2,0.0125
131,30,6,3,27,28,142,142,0,0.0
131,31,7,3,27,22,106,104,3,0.01875
131,32,0,4,24,28,114,115,3,0.01875
131,33,1,4,33,24,142,140,1,0.00625
131,34,2,4,27,33,154,153,2,0.0125
131,35,3,4,38,26,161,162,2,0.0125
131,36,4,4,32,27,155,156,0,0.0
131,37,5,4,31,38,158,159,1,0.00625
131,38,6,4,23,35,141,140,1,0.00625
131,39,7,4,31,28,110,111,2,0.0125
131,40,0,5,34,30,121,119,2,0.0125
131,41,1,5,31,22,141,139,1,0.00625
131,42,2,5,36,31,155,155,2,0.0125
131,43,3,5,33,29,159,157,1,0.00625
131,44,4,5,44,34,168,165,2,0.0125
131,45,5,5,34,33,164,164,1,0.00625
131,46,6,5,33,26,152,149,3,0.01875
131,47,7,5,30,23,116,113,3,0.01875
131,48,0,6,31,25,128,129,1,0.00625
131,49,1,6,31,26,163,161,1,0.00625
131,50,2,6,35,32,169,167,4,0.025
131,51,3,6,29,32,168,169,1,0.00625
131,52,4,6,23,33,150,155,0,0.0
131,53,5,6,28,42,165,165,2,0.0125
131,54,6,6,30,34,163,164,0,0.0
131,55,7,6,40,34,136,133,3,0.01875
131,56,0,7,35,39,108,107,0,0.0
131,57,1,7,33,34,129,132,1,0.00625
131,58,2,7,32,28,125,128,0,0.0
131,59,3,7,28,35,126,125,2,0.0125
131,60,4,7,26,27,106,107,1,0.00625
131,61,5,7,29,27,110,111,1,0.00625
131,62,6,7,31,27,115,115,2,0.0125
131,63,7,7,26,31,86,87,0,0.0
132,0,0,0,35,24,91,89,2,0.0125
132,1,1,0,26,31,123,125,0,0.0
132,2,2,0,25,38,120,121,0,0.0
132,3,3,0,32,28,118,118,2,0.0125
132,4,4,0,29,27,120,117,2,0.0125
132,5,5,0,19,27,104,104,1,0.00625
132,6,6,0,26,29,102,103,0,0.0
132,7,7,0,27,28,80,82,0,0.0
132,8,0,1,33,32,115,116,1,0.00625
132,9,1,1,23,34,149,147,2,0.0125
132,10,2,1,34,28,147,144,4,0.025
132,11,3,1,36,28,148,152,0,0.0
132,12,4,1,32,30,151,153,2,0.0125
132,13,5,1,32,28,148,149,1,0.00625
132,14,6,1,28,21,136,135,3,0.01875
132,15,7,1,30,26,110,108,2,0.0125
132,16,0,2,31,28,113,115,2,0.0125
132,17,1,2,29,32,155,159,2,0.0125
132,18,2,2,38,23,157,158,2,0.0125
132,19,3,2,26,29,154,152,2,0.0125
132,20,4,2,35,38,156,155,3,0.01875
132,21,5,2,28,33,153,152,1,0.00625
132,22,6,2,39,30,155,154,2,0.0125
132,23,7,2,31,24,123,120,3,0.01875
132,24,0,3,22,33,109,109,0,0.0
132,25,1,3,27,30,146,145,2,0.0125
132,26,2,3,30,30,156,156,1,0.00625
132,27,3,3,20,37,152,154,2,0.0125
132,28,4,3,33,26,140,139,2,0.0125
132,29,5,3,32,30,157,157,1,0.00625
132,30,6,3,38,30,156,159,1,0.00625
132,31,7,3,32,35,137,139,1,0.00625
132,32,0,4,41,34,132,131,4,0.025
132,33,1,4,24,22,154,156,2,0.0125
132,34,2,4,28,27,148,147,2,0.0125
132,35,3,4,32,34,153,155,0,0.0
132,36,4,4,26,18,140,140,0,0.0
132,37,5,4,34,33,153,154,2,0.0125
132,38,6,4,24,29,151,152,1,0.00625
132,39,7,4,30,38,125,126,1,0.00625
132,40,0,5,38,32,128,128,3,0.01875
132,41,1,5,34,38,173,171,1,0.00625
132,42,2,5,35,24,155,153,3,0.01875
132,43,3,5,27,30,153,152,2,0.0125
132,44,4,5,28,34,152,155,1,0.00625
132,45,5,5,18,24,129,132,0,0.0
132,46,6,5,29,37,139,140,3,0.01875
132,47,7,5,30,28,116,118,1,0.00625
132,48,0,6,27,33,120,117,3,0.01875
132,49,1,6,36,39,168,170,2,0.0125
132,50,2,6,36,29,168,170,2,0.0125
132,51,3,6,26,36,166,165,2,0.0125
132,52,4,6,26,27,148,145,2,0.0125
132,53,5,6,30,30,150,148,4,0.025
132,54,6,6,27,18,137,133,2,0.0125
132,55,7,6,33,27,115,117,2,0.0125
132,56,0,7,30,37,90,90,1,0.00625
132,57,1,7,30,24,110,109,3,0.01875
132,58,2,7,28,37,120,118,2,0.0125
132,59,3,7,30,34,121,121,2,0.0125
132,60,4,7,28,31,116,114,3,0.01875
132,61,5,7,25,24,104,103,1,0.00625
132,62,6,7,30,29,113,114,2,0.0125
132,63,7,7,27,25,84,82,1,0.00625
133,0,0,0,32,31,91,92,2,0.0125
133,1,1,0,31,30,125,123,1,0.00625
133,2,2,0,34,28,123,120,1,0.00625
133,3,3,0,29,33,123,123,2,0.0125
133,4,4,0,23,22,105,107,1,0.00625
133,5,5,0,38,28,121,120,3,0.01875
133,6,6,0,31,27,126,126,0,0.0
133,7,7,0,30,32,91,91,1,0.00625
133,8,0,1,33,28,118,117,2,0.0125
133,9,1,1,23,35,150,149,3,0.01875
133,10,2,1,32,29,143,146,2,0.0125
133,11,3,1,29,32,162,158,3,0.01875
133,12,4,1,31,31,146,148,1,0.00625
133,13,5,1,29,26,142,142,0,0.0
133,14,6,1,29,35,152,152,2,0.0125
133,15,7,1,28,27,117,119,1,0.00625
133,16,0,2,24,29,107,109,0,0.0
133,17,1,2,19,30,130,128,2,0.0125
133,18,2,2,27,20,123,123,2,0.0125
133,19,3,2,42,35,162,161,4,0.025
133,20,4,2,28,32,144,147,2,0.0125
133,21,5,2,23,28,137,136,2,0.0125
133,22,6,2,44,30,154,153,3,0.01875
133,23,7,2,27,32,131,135,1,0.00625
133,24,0,3,29,25,111,114,0,0.0
133,25,1,3,34,25,145,147,1,0.00625
133,26,2,3,35,20,145,145,2,0.0125
133,27,3,3,29,29,152,151,2,0.0125
133,28,4,3,22,38,142,140,3,0.01875
133,29,5,3,21,29,135,134,2,0.0125
133,30,6,3,28,24,139,136,3,0.01875
133,31,7,3,29,44,130,132,1,0.00625
133,32,0,4,36,26,118,119,2,0.0125
133,33,1,4,36,33,164,162,1,0.00625
133,34,2,4,35,36,161,162,2,0.0125
133,35,3,4,22,31,151,149,3,0.01875
133,36,4,4,31,31,130,129,1,0.00625
133,37,5,4,31,24,142,142,1,0.00625
133,38,6,4,31,25,142,141,1,0.00625
133,39,7,4,31,31,118,117,1,0.00625
133,40,0,5,26,30,117,120,1,0.00625
133,41,1,5,33,37,168,168,2,0.0125
133,42,2,5,29,35,161,162,2,0.0125
133,43,3,5,36,32,163,165,0,0.0
133,44,4,5,22,23,131,132,1,0.00625
133,45,5,5,28,31,149,144,3,0.01875
133,46,6,5,27,30,148,146,3,0.01875
133,47,7,5,31,26,112,111,2,0.0125
133,48,0,6,30,32,121,124,0,0.0
133,49,1,6,33,29,157,155,4,0.025
133,50,2,6,32,32,158,158,0,0.0
133,51,3,6,21,31,149,145,4,0.025
133,52,4,6,33,36,144,143,2,0.0125
133,53,5,6,33,26,149,152,1,0.00625
133,54,6,6,30,28,149,149,2,0.0125
133,55,7,6,31,28,115,114,3,0.01875
133,56,0,7,34,27,94,94,2,0.0125
133,57,1,7,33,33,131,132,1,0.00625
133,58,2,7,34,32,130,132,1,0.00625
133,59,3,7,21,34,118,119,1,0.00625
133,60,4,7,31,20,102,105,1,0.00625
133,61,5,7,31,36,127,129,0,0.0
133,62,6,7,25,32,117,116,2,0.0125
133,63,7,7,29,31,85,88,0,0.0
134,0,0,0,31,25,88,90,0,0.0
134,1,1,0,34,40,139,137,3,0.01875
134,2,2,0,32,33,132,133,1,0.00625
134,3,3,0,21,32,122,121,2,0.0125
134,4,4,0,25,33,115,114,2,0.0125
134,5,5,0,34,34,125,125,2,0.0125
134,6,6,0,25,27,118,118,0,0.0
134,7,7,0,33,25,86,87,0,0.0
134,8,0,1,35,36,125,125,1,0.00625
134,9,1,1,31,32,163,165,3,0.01875
134,10,2,1,30,31,153,154,0,0.0
134,11,3,1,29,30,151,154,1,0.00625
134,12,4,1,21,24,135,133,1,0.00625
134,13,5,1,23,24,133,133,0,0.0
134,14,6,1,35,32,149,148,2,0.0125
134,15,7,1,27,27,118,115,3,0.01875
134,16,0,2,23,30,103,101,1,0.00625
134,17,1,2,28,36,146,147,1,0.00625
134,18,2,2,36,30,150,150,2,0.0125
134,19,3,2,26,31,152,153,2,0.0125
134,20,4,2,35,27,149,147,3,0.01875
134,21,5,2,27,22,143,142,2,0.0125
134,22,6,2,34,26,132,133,2,0.0125
134,23,7,2,23,35,119,120,0,0.0
134,24,0,3,30,24,114,112,1,0.00625
134,25,1,3,32,21,156,155,3,0.01875
134,26,2,3,25,24,148,149,2,0.0125
134,27,3,3,24,36,151,151,2,0.0125
134,28,4,3,26,32,141,143,2,0.0125
134,29,5,3,31,35,150,151,2,0.0125
134,30,6,3,29,24,141,143,2,0.0125
134,31,7,3,34,36,128,128,1,0.00625
134,32,0,4,34,34,121,119,3,0.01875
134,33,1,4,32,27,161,163,0,0.0
134,34,2,4,23,31,149,149,2,0.0125
134,35,3,4,37,27,145,146,2,0.0125
134,36,4,4,31,23,148,146,2,0.0125
134,37,5,4,30,22,143,141,3,0.01875
134,38,6,4,21,27,134,132,3,0.01875
134,39,7,4,27,32,108,110,1,0.00625
134,40,0,5,28,26,110,111,1,0.00625
134,41,1,5,24,35,156,157,2,0.0125
134,42,2,5,36,35,163,164,2,0.0125
134,43,3,5,31,25,160,160,0,0.0
134,44,4,5,27,35,157,153,2,0.0125
134,45,5,5,38,31,154,155,2,0.0125
134,46,6,5,37,31,159,161,2,0.0125
134,47,7,5,33,24,119,118,1,0.00625
134,48,0,6,28,33,117,116,1,0.00625
134,49,1,6,26,29,151,152,2,0.0125
134,50,2,6,26,29,151,151,1,0.00625
134,51,3,6,22,36,146,153,0,0.0
134,52,4,6,33,30,143,143,1,0.00625
134,53,5,6,36,23,154,154,1,0.00625
134,54,6,6,29,38,162,162,2,0.0125
134,55,7,6,29,32,123,124,2,0.0125
134,56,0,7,39,34,90,91,1,0.00625
134,57,1,7,36,27,117,116,2,0.0125
134,58,2,7,35,32,118,118,0,0.0
134,59,3,7,28,27,109,108,0,0.0
134,60,4,7,31,20,101,101,0,0.0
134,61,5,7,28,31,112,109,1,0.00625
134,62,6,7,32,37,116,115,2,0.0125
134,63,7,7,24,28,83,80,2,0.0125
135,0,0,0,35,23,91,89,1,0.00625
135,1,1,0,27,35,128,131,1,0.00625
135,2,2,0,32,30,121,120,2,0.0125
135,3,3,0,34,31,129,128,2,0.0125
135,4,4,0,23,27,114,113,1,0.00625
135,5,5,0,20,24,103,104,0,0.0
135,6,6,0,22,30,113,110,1,0.00625
135,7,7,0,37,33,92,91,1,0.00625
135,8,0,1,30,30,113,113,2,0.0125
135,9,1,1,33,31,159,157,4,0.025
135,10,2,1,34,29,151,151,0,0.0
135,11,3,1,30,32,154,154,1,0.00625
135,12,4,1,35,29,150,149,1,0.00625
135,13,5,1,29,23,140,139,2,0.0125
135,14,6,1,31,24,136,137,3,0.01875
135,15,7,1,27,24,110,113,0,0.0
135,16,0,2,24,27,104,105,0,0.0
135,17,1,2,40,31,158,160,1,0.00625
135,18,2,2,26,32,153,153,2,0.0125
135,19,3,2,31,34,150,151,3,0.01875
135,20,4,2,38,31,157,158,2,0.0125
135,21,5,2,31,37,155,155,3,0.01875
135,22,6,2,24,25,138,140,1,0.00625
135,23,7,2,25,28,114,113,0,0.0
135,24,0,3,34,31,117,119,0,0.0
135,25,1,3,23,27,148,149,1,0.00625
135,26,2,3,36,41,158,157,2,0.0125
135,27,3,3,29,25,148,150,1,0.00625
135,28,4,3,37,32,159,158,3,0.01875
135,29,5,3,39,39,175,173,2,0.0125
135,30,6,3,31,33,158,160,0,0.0
135,31,7,3,30,27,118,116,3,0.01875
135,32,0,4,30,32,113,116,1,0.00625
135,33,1,4,27,37,152,152,1,0.00625
135,34,2,4,29,25,135,135,1,0.00625
135,35,3,4,22,35,149,148,1,0.00625
135,36,4,4,32,29,148,149,1,0.00625
135,37,5,4,23,38,155,155,2,0.0125
135,38,6,4,35,36,159,160,2,0.0125
135,39,7,4,30,28,124,124,0,0.0
135,40,0,5,28,26,111,110,1,0.00625
135,41,1,5,32,32,151,153,1,0.00625
135,42,2,5,34,24,143,144,1,0.00625
135,43,3,5,34,28,160,159,1,0.00625
135,44,4,5,26,26,147,153,0,0.0
135,45,5,5,31,31,151,150,2,0.0125
135,46,6,5,32,25,153,150,3,0.01875
135,47,7,5,32,33,127,128,2,0.0125
135,48,0,6,23,30,111,112,1,0.00625
135,49,1,6,30,28,148,148,2,0.0125
135,50,2,6,36,30,155,151,4,0.025
135,51,3,6,31,34,165,163,0,0.0
135,52,4,6,29,34,159,160,1,0.00625
135,53,5,6,39,30,159,157,4,0.025
135,54,6,6,38,28,167,165,4,0.025
135,55,7,6,33,33,131,131,2,0.0125
135,56,0,7,30,33,93,92,1,0.00625
135,57,1,7,18,23,106,107,2,0.0125
135,58,2,7,29,28,109,110,0,0.0
135,59,3,7,34,35,128,128,2,0.0125
135,60,4,7,31,30,125,123,3,0.01875
135,61,5,7,31,29,120,121,2,0.0125
135,62,6,7,29,35,125,125,3,0.01875
135,63,7,7,27,36,92,93,0,0.0
136,0,0,0,32,28,93,92,1,0.00625
136,1,1,0,30,31,124,122,2,0.0125
136,2,2,0,38,22,119,119,2,0.0125
136,3,3,0,33,37,139,138,3,0.01875
136,4,4,0,30,25,117,116,1,0.00625
136,5,5,0,28,36,124,122,1,0.00625
136,6,6,0,28,33,117,117,1,0.00625
136,7,7,0,30,32,85,86,1,0.00625
136,8,0,1,29,31,111,110,1,0.00625
136,9,1,1,27,35,142,144,1,0.00625
136,10,2,1,32,28,131,129,2,0.0125
136,11,3,1,34,38,158,157,1,0.00625
136,12,4,1,30,32,139,140,1,0.00625
136,13,5,1,31,29,143,147,0,0.0
136,14,6,1,23,26,136,139,0,0.0
136,15,7,1,22,25,101,99,2,0.0125
136,16,0,2,25,21,105,105,0,0.0
136,17,1,2,29,31,149,149,1,0.00625
136,18,2,2,37,28,153,151,3,0.01875
136,19,3,2,31,30,164,164,1,0.00625
136,20,4,2,33,31,151,151,3,0.01875
136,21,5,2,18,30,151,150,3,0.01875
136,22,6,2,24,34,145,147,0,0.0
136,23,7,2,39,26,118,117,2,0.0125
136,24,0,3,35,29,125,121,3,0.01875
136,25,1,3,34,24,151,151,2,0.0125
136,26,2,3,27,31,147,147,2,0.0125
136,27,3,3,25,33,157,153,4,0.025
136,28,4,3,31,28,143,142,3,0.01875
136,29,5,3,33,32,162,163,2,0.0125
136,30,6,3,34,16,150,148,0,0.0
136,31,7,3,31,25,121,118,3,0.01875
136,32,0,4,38,31,127,128,0,0.0
136,33,1,4,28,29,163,161,2,0.0125
136,34,2,4,37,29,154,154,1,0.00625
136,35,3,4,27,28,159,157,4,0.025
136,36,4,4,24,25,126,129,1,0.00625
136,37,5,4,23,35,147,150,0,0.0
136,38,6,4,24,34,145,145,1,0.00625
136,39,7,4,31,31,119,119,0,0.0
136,40,0,5,25,33,119,117,3,0.01875
136,41,1,5,26,35,157,154,3,0.01875
136,42,2,5,28,28,146,147,0,0.0
136,43,3,5,36,35,171,168,4,0.025
136,44,4,5,37,20,148,143,3,0.01875
136,45,5,5,33,29,162,165,2,0.0125
136,46,6,5,33,22,158,158,1,0.00625
136,47,7,5,34,26,124,125,1,0.00625
136,48,0,6,34,34,129,128,2,0.0125
136,49,1,6,31,26,151,153,0,0.0
136,50,2,6,29,26,143,148,0,0.0
136,51,3,6,23,32,156,157,0,0.0
136,52,4,6,33,37,149,149,1,0.00625
136,53,5,6,33,31,166,166,3,0.01875
136,54,6,6,22,34,155,157,1,0.00625
136,55,7,6,30,34,119,120,1,0.00625
136,56,0,7,33,35,95,97,0,0.0
136,57,1,7,28,31,115,115,1,0.00625
136,58,2,7,39,27,121,119,1,0.00625
136,59,3,7,19,31,111,113,1,0.00625
136,60,4,7,31,27,99,100,1,0.00625
136,61,5,7,37,35,123,122,1,0.00625
136,62,6,7,28,33,119,119,1,0.00625
136,63,7,7,22,27,78,78,1,0.00625
137,0,0,0,37,25,90,89,3,0.01875
137,1,1,0,28,24,116,116,1,0.00625
137,2,2,0,36,26,123,122,2,0.0125
137,3,3,0,34,29,123,129,0,0.0
137,4,4,0,28,23,117,120,1,0.00625
137,5,5,0,26,34,119,122,1,0.00625
137,6,6,0,31,40,120,122,1,0.00625
137,7,7,0,24,25,80,80,1,0.00625
137,8,0,1,27,30,107,108,3,0.01875
137,9,1,1,30,34,142,141,3,0.01875
137,10,2,1,36,30,147,148,2,0.0125
137,11,3,1,37,33,162,161,3,0.01875
137,12,4,1,32,39,154,156,1,0.00625
137,13,5,1,22,31,150,147,2,0.0125
137,14,6,1,29,26,145,143,2,0.0125
137,15,7,1,25,30,110,113,0,0.0
137,16,0,2,28,26,111,109,3,0.01875
137,17,1,2,29,24,134,130,4,0.025
137,18,2,2,24,29,134,133,3,0.01875
137,19,3,2,28,36,150,150,1,0.00625
137,20,4,2,29,35,150,149,3,0.01875
137,21,5,2,31,32,162,163,1,0.00625
137,22,6,2,27,22,150,150,0,0.0
137,23,7,2,28,31,110,110,0,0.0
137,24,0,3,31,32,117,119,0,0.0
137,25,1,3,32,26,144,144,1,0.00625
137,26,2,3,32,26,142,142,3,0.01875
137,27,3,3,35,28,146,148,1,0.00625
137,28,4,3,32,30,141,143,1,0.00625
137,29,5,3,30,32,153,155,0,0.0
137,30,6,3,32,34,160,159,1,0.00625
137,31,7,3,24,25,106,108,1,0.00625
137,32,0,4,30,27,118,117,0,0.0
137,33,1,4,30,32,146,147,2,0.0125
137,34,2,4,36,36,154,155,0,0.0
137,35,3,4,25,32,151,154,1,0.00625
137,36,4,4,25,33,140,137,3,0.01875
137,37,5,4,24,28,145,144,1,0.00625
137,38,6,4,28,31,153,154,1,0.00625
137,39,7,4,33,32,115,114,0,0.0
137,40,0,5,33,32,123,125,1,0.00625
137,41,1,5,34,32,151,153,1,0.00625
137,42,2,5,24,32,144,143,1,0.00625
137,43,3,5,32,36,149,152,2,0.0125
137,44,4,5,33,29,150,152,3,0.01875
137,45,5,5,28,22,154,151,3,0.01875
137,46,6,5,27,26,148,149,4,0.025
137,47,7,5,29,26,108,108,0,0.0
137,48,0,6,35,32,129,127,2,0.0125
137,49,1,6,28,30,153,153,0,0.0
137,50,2,6,26,32,143,142,1,0.00625
137,51,3,6,25,24,135,136,1,0.00625
137,52,4,6,22,30,137,137,3,0.01875
137,53,5,6,26,37,156,158,1,0.00625
137,54,6,6,26,25,156,157,1,0.00625
137,55,7,6,40,25,115,113,2,0.0125
137,56,0,7,21,31,82,79,2,0.0125
137,57,1,7,25,40,117,119,0,0.0
137,58,2,7,29,30,112,112,1,0.00625
137,59,3,7,24,26,109,108,2,0.0125
137,60,4,7,33,24,111,112,1,0.00625
137,61,5,7,34,21,125,124,2,0.0125
137,62,6,7,25,31,122,125,0,0.0
137,63,7,7,31,24,79,80,0,0.0
138,0,0,0,23,30,82,83,3,0.01875
138,1,1,0,23,28,104,106,0,0.0
138,2,2,0,29,29,108,108,3,0.01875
138,3,3,0,26,35,121,120,0,0.0
138,4,4,0,31,23,111,110,0,0.0
138,5,5,0,26,34,117,118,0,0.0
138,6,6,0,33,26,120,115,4,0.025
138,7,7,0,33,24,90,90,1,0.00625
138,8,0,1,26,28,108,107,0,0.0
138,9,1,1,31,26,133,134,3,0.01875
138,10,2,1,28,24,134,136,1,0.00625
138,11,3,1,34,30,154,153,4,0.025
138,12,4,1,38,27,150,145,3,0.01875
138,13,5,1,28,30,152,152,1,0.00625
138,14,6,1,28,25,132,133,0,0.0
138,15,7,1,28,31,113,111,1,0.00625
138,16,0,2,30,24,106,107,0,0.0
138,17,1,2,32,27,142,142,3,0.01875
138,18,2,2,34,30,153,155,2,0.0125
138,19,3,2,29,29,148,149,0,0.0
138,20,4,2,35,36,141,139,2,0.0125
138,21,5,2,26,34,146,147,2,0.0125
138,22,6,2,30,28,133,129,4,0.025
138,23,7,2,22,28,103,103,1,0.00625
138,24,0,3,26,26,113,112,2,0.0125
138,25,1,3,34,29,146,147,0,0.0
138,26,2,3,31,33,161,157,2,0.0125
138,27,3,3,24,35,154,154,1,0.00625
138,28,4,3,37,27,148,145,4,0.025
138,29,5,3,23,30,160,155,3,0.01875
138,30,6,3,33,24,143,145,1,0.00625
138,31,7,3,34,27,117,118,1,0.00625
138,32,0,4,33,29,122,119,5,0.03125
138,33,1,4,34,28,149,147,4,0.025
138,34,2,4,28,33,153,153,1,0.00625
138,35,3,4,30,28,150,149,1,0.00625
138,36,4,4,30,23,136,137,1,0.00625
138,37,5,4,28,38,156,156,1,0.00625
138,38,6,4,32,26,139,138,1,0.00625
138,39,7,4,29,34,118,120,0,0.0
138,40,0,5,37,30,128,127,2,0.0125
138,41,1,5,28,30,150,150,0,0.0
138,42,2,5,25,30,150,145,4,0.025
138,43,3,5,29,31,150,149,2,0.0125
138,44,4,5,29,29,146,146,3,0.01875
138,45,5,5,28,32,150,154,1,0.00625
138,46,6,5,34,26,143,146,1,0.00625
138,47,7,5,30,30,122,121,3,0.01875
138,48,0,6,28,31,122,125,0,0.0
138,49,1,6,24,35,150,152,0,0.0
138,50,2,6,37,32,155,157,0,0.0
138,51,3,6,30,25,156,153,2,0.0125
138,52,4,6,21,33,134,137,0,0.0
138,53,5,6,28,30,140,140,1,0.00625
138,54,6,6,33,30,144,144,1,0.00625
138,55,7,6,30,36,123,123,3,0.01875
138,56,0,7,28,35,91,92,2,0.0125
138,57,1,7,31,28,117,115,3,0.01875
138,58,2,7,30,28,118,120,0,0.0
138,59,3,7,25,35,122,123,0,0.0
138,60,4,7,35,27,118,117,1,0.00625
138,61,5,7,29,21,110,112,0,0.0
138,62,6,7,26,28,113,111,1,0.00625
138,63,7,7,33,30,90,89,1,0.00625
139,0,0,0,29,30,91,92,1,0.00625
139,1,1,0,25,23,110,110,1,0.00625
139,2,2,0,28,24,110,111,2,0.0125
139,3,3,0,38,33,131,130,0,0.0
139,4,4,0,37,26,129,130,1,0.00625
139,5,5,0,29,33,135,132,1,0.00625
139,6,6,0,30,35,126,128,3,0.01875
139,7,7,0,36,30,101,98,2,0.0125
139,8,0,1,30,33,113,114,1,0.00625
139,9,1,1,28,30,131,134,0,0.0
139,10,2,1,26,26,131,130,1,0.00625
139,11,3,1,32,30,143,146,0,0.0
139,12,4,1,33,34,150,153,0,0.0
139,13,5,1,28,35,157,157,1,0.00625
139,14,6,1,25,28,136,135,2,0.0125
139,15,7,1,21,35,111,112,1,0.00625
139,16,0,2,38,25,122,120,2,0.0125
139,17,1,2,26,28,145,146,1,0.00625
139,18,2,2,34,32,145,146,3,0.01875
139,19,3,2,32,29,157,156,2,0.0125
139,20,4,2,20,33,146,149,0,0.0
139,21,5,2,33,37,160,159,1,0.00625
139,22,6,2,31,27,159,158,3,0.01875
139,23,7,2,34,22,121,119,3,0.01875
139,24,0,3,32,25,116,115,3,0.01875
139,25,1,3,35,38,158,157,1,0.00625
139,26,2,3,29,31,145,150,1,0.00625
139,27,3,3,35,31,157,159,2,0.0125
139,28,4,3,27,33,144,147,2,0.0125
139,29,5,3,30,26,144,146,3,0.01875
139,30,6,3,32,33,153,152,3,0.01875
139,31,7,3,25,31,120,121,2,0.0125
139,32,0,4,25,31,114,117,1,0.00625
139,33,1,4,32,31,146,146,3,0.01875
139,34,2,4,31,34,153,152,2,0.0125
139,35,3,4,22,32,149,149,2,0.0125
139,36,4,4,31,33,141,141,1,0.00625
139,37,5,4,29,30,156,155,2,0.0125
139,38,6,4,32,28,155,156,2,0.0125
139,39,7,4,28,32,129,126,1,0.00625
139,40,0,5,27,31,119,119,1,0.00625
139,41,1,5,29,29,144,141,2,0.0125
139,42,2,5,25,33,135,138,2,0.0125
139,43,3,5,41,31,160,161,1,0.00625
139,44,4,5,37,21,155,155,1,0.00625
139,45,5,5,27,29,161,160,1,0.00625
139,46,6,5,26,30,152,151,1,0.00625
139,47,7,5,34,35,127,129,1,0.00625
139,48,0,6,30,32,122,121,0,0.0
139,49,1,6,32,31,147,143,2,0.0125
139,50,2,6,25,27,138,135,2,0.0125
139,51,3,6,33,21,148,147,4,0.025
139,52,4,6,31,37,166,161,3,0.01875
139,53,5,6,30,33,167,164,2,0.0125
139,54,6,6,24,31,150,151,1,0.00625
139,55,7,6,31,30,120,122,1,0.00625
139,56,0,7,26,32,87,87,2,0.0125
139,57,1,7,21,30,102,102,1,0.00625
139,58,2,7,33,29,109,110,0,0.0
139,59,3,7,29,23,116,114,2,0.0125
139,60,4,7,38,31,129,126,2,0.0125
139,61,5,7,32,28,128,127,3,0.01875
139,62,6,7,37,29,124,124,2,0.0125
139,63,7,7,25,28,88,88,0,0.0
140,0,0,0,32,29,96,95,2,0.0125
140,1,1,0,37,27,128,126,1,0.00625
140,2,2,0,41,21,133,132,2,0.0125
140,3,3,0,28,22,126,126,1,0.00625
140,4,4,0,31,32,131,129,3,0.01875
140,5,5,0,33,36,133,135,0,0.0
140,6,6,0,28,27,123,125,1,0.00625
140,7,7,0,30,34,91,93,1,0.00625
140,8,0,1,41,37,136,136,2,0.0125
140,9,1,1,28,26,150,147,3,0.01875
140,10,2,1,33,36,144,140,4,0.025
140,11,3,1,22,38,142,141,2,0.0125
140,12,4,1,28,31,140,141,1,0.00625
140,13,5,1,22,35,146,146,2,0.0125
140,14,6,1,39,36,154,150,4,0.025
140,15,7,1,29,29,128,126,2,0.0125
140,16,0,2,29,24,122,124,2,0.0125
140,17,1,2,30,41,163,166,1,0.00625
140,18,2,2,36,24,147,146,1,0.00625
140,19,3,2,32,29,155,154,2,0.0125
140,20,4,2,31,24,151,149,1,0.00625
140,21,5,2,26,27,157,157,2,0.0125
140,22,6,2,30,21,141,142,1,0.00625
140,23,7,2,40,36,137,136,3,0.01875
140,24,0,3,28,39,124,125,2,0.0125
140,25,1,3,31,28,146,146,1,0.00625
140,26,2,3,28,26,135,135,2,0.0125
140,27,3,3,30,35,146,143,2,0.0125
140,28,4,3,36,28,157,156,1,0.00625
140,29,5,3,36,28,164,166,0,0.0
140,30,6,3,29,25,151,153,0,0.0
140,31,7,3,35,33,131,130,3,0.01875
140,32,0,4,32,26,124,122,2,0.0125
140,33,1,4,28,29,147,148,2,0.0125
140,34,2,4,27,34,144,147,0,0.0
140,35,3,4,24,27,135,135,2,0.0125
140,36,4,4,30,32,155,153,4,0.025
140,37,5,4,33,34,166,167,2,0.0125
140,38,6,4,25,36,158,157,1,0.00625
140,39,7,4,37,30,125,125,0,0.0
140,40,0,5,38,35,128,129,1,0.00625
140,41,1,5,27,29,146,148,1,0.00625
140,42,2,5,30,29,138,137,2,0.0125
140,43,3,5,33,26,137,137,1,0.00625
140,44,4,5,31,27,148,148,2,0.0125
140,45,5,5,30,31,156,155,0,0.0
140,46,6,5,25,32,144,147,0,0.0
140,47,7,5,30,24,112,111,1,0.00625
140,48,0,6,34,28,123,122,1,0.00625
140,49,1,6,29,34,155,156,2,0.0125
140,50,2,6,29,30,144,145,2,0.0125
140,51,3,6,33,30,142,144,1,0.00625
140,52,4,6,30,36,156,159,1,0.00625
140,53,5,6,38,36,167,168,4,0.025
140,54,6,6,29,28,159,160,1,0.00625
140,55,7,6,35,24,118,119,0,0.0
140,56,0,7,24,30,82,83,0,0.0
140,57,1,7,21,31,105,105,1,0.00625
140,58,2,7,17,30,97,96,1,0.00625
140,59,3,7,26,31,100,99,1,0.00625
140,60,4,7,29,37,117,120,1,0.00625
140,61,5,7,29,30,120,121,1,0.00625
140,62,6,7,34,36,131,128,4,0.025
140,63,7,7,29,29,90,91,0,0.0
141,0,0,0,31,25,82,85,0,0.0
141,1,1,0,34,26,122,121,2,0.0125
141,2,2,0,24,26,114,116,1,0.00625
141,3,3,0,35,27,118,116,4,0.025
141,4,4,0,24,29,115,114,1,0.00625
141,5,5,0,28,30,108,106,2,0.0125
141,6,6,0,26,34,110,108,2,0.0125
141,7,7,0,26,40,90,92,0,0.0
141,8,0,1,32,26,108,110,1,0.00625
141,9,1,1,35,35,155,158,0,0.0
141,10,2,1,27,34,150,153,1,0.00625
141,11,3,1,32,28,141,140,2,0.0125
141,12,4,1,38,32,153,154,1,0.00625
141,13,5,1,32,23,144,147,0,0.0
141,14,6,1,33,23,144,146,2,0.0125
141,15,7,1,21,25,117,120,0,0.0
141,16,0,2,27,28,114,113,0,0.0
141,17,1,2,30,35,152,151,0,0.0
141,18,2,2,34,40,162,165,0,0.0
141,19,3,2,28,32,160,162,1,0.00625
141,20,4,2,42,29,169,167,4,0.025
141,21,5,2,35,37,178,178,2,0.0125
141,22,6,2,27,33,166,166,3,0.01875
141,23,7,2,28,35,128,130,1,0.00625
141,24,0,3,29,34,126,128,0,0.0
141,25,1,3,25,31,148,147,2,0.0125
141,26,2,3,27,31,150,150,0,0.0
141,27,3,3,31,37,166,168,1,0.00625
141,28,4,3,35,32,167,166,5,0.03125
141,29,5,3,35,42,181,178,2,0.0125
141,30,6,3,30,36,173,172,1,0.00625
141,31,7,3,35,25,127,127,2,0.0125
141,32,0,4,33,39,128,128,2,0.0125
141,33,1,4,29,28,148,149,1,0.00625
141,34,2,4,34,25,141,137,1,0.00625
141,35,3,4,32,31,155,155,1,0.00625
141,36,4,4,32,31,155,157,1,0.00625
141,37,5,4,29,34,157,157,1,0.00625
141,38,6,4,24,37,153,154,1,0.00625
141,39,7,4,31,30,119,119,2,0.0125
141,40,0,5,25,27,100,101,1,0.00625
141,41,1,5,36,35,147,144,4,0.025
141,42,2,5,28,32,140,143,1,0.00625
141,43,3,5,29,34,150,149,2,0.0125
141,44,4,5,33,30,148,150,1,0.00625
141,45,5,5,37,32,156,153,2,0.0125
141,46,6,5,30,27,152,150,1,0.00625
141,47,7,5,21,23,112,111,2,0.0125
141,48,0,6,29,22,107,110,0,0.0
141,49,1,6,35,27,144,145,2,0.0125
141,50,2,6,32,31,149,146,5,0.03125
141,51,3,6,33,29,154,155,0,0.0
141,52,4,6,34,32,162,158,4,0.025
141,53,5,6,28,30,150,151,0,0.0
141,54,6,6,27,35,158,156,3,0.01875
141,55,7,6,31,31,125,125,1,0.00625
141,56,0,7,27,33,87,87,0,0.0
141,57,1,7,26,32,115,116,1,0.00625
141,58,2,7,36,31,126,123,2,0.0125
141,59,3,7,33,28,130,131,1,0.00625
141,60,4,7,33,34,132,131,1,0.00625
141,61,5,7,38,33,130,129,1,0.00625
141,62,6,7,30,30,123,128,0,0.0
141,63,7,7,28,28,90,90,1,0.00625
142,0,0,0,41,29,100,95,3,0.01875
142,1,1,0,28,27,118,122,0,0.0
142,2,2,0,35,27,115,114,1,0.00625
142,3,3,0,33,26,113,116,0,0.0
142,4,4,0,30,31,113,115,1,0.00625
142,5,5,0,34,30,117,115,3,0.01875
142,6,6,0,27,34,120,122,2,0.0125
142,7,7,0,24,22,73,71,0,0.0
142,8,0,1,25,29,102,103,0,0.0
142,9,1,1,25,37,138,135,2,0.0125
142,10,2,1,37,27,139,136,3,0.01875
142,11,3,1,20,35,135,135,2,0.0125
142,12,4,1,32,34,144,144,1,0.00625
142,13,5,1,30,26,142,138,1,0.00625
142,14,6,1,27,36,149,153,1,0.00625
142,15,7,1,26,25,104,101,3,0.01875
142,16,0,2,22,19,99,102,0,0.0
142,17,1,2,26,26,130,129,0,0.0
142,18,2,2,22,24,134,130,2,0.0125
142,19,3,2,36,30,143,143,2,0.0125
142,20,4,2,29,24,146,148,2,0.0125
142,21,5,2,28,32,146,145,2,0.0125
142,22,6,2,33,29,149,151,0,0.0
142,23,7,2,28,29,115,117,0,0.0
142,24,0,3,31,29,120,120,0,0.0
142,25,1,3,26,21,133,136,1,0.00625
142,26,2,3,30,26,139,138,1,0.00625
142,27,3,3,21,24,123,125,1,0.00625
142,28,4,3,34,37,155,157,2,0.0125
142,29,5,3,36,29,163,163,4,0.025
142,30,6,3,32,28,162,162,1,0.00625
142,31,7,3,29,35,120,120,3,0.01875
142,32,0,4,32,33,122,122,2,0.0125
142,33,1,4,35,32,157,154,4,0.025
142,34,2,4,27,25,150,151,0,0.0
142,35,3,4,21,24,131,131,1,0.00625
142,36,4,4,27,26,134,135,0,0.0
142,37,5,4,38,36,163,159,2,0.0125
142,38,6,4,31,36,168,166,3,0.01875
142,39,7,4,31,31,116,116,1,0.00625
142,40,0,5,32,34,128,125,2,0.0125
142,41,1,5,29,30,152,156,1,0.00625
142,42,2,5,41,30,161,158,2,0.0125
142,43,3,5,33,25,151,150,2,0.0125
142,44,4,5,24,24,144,143,2,0.0125
142,45,5,5,29,27,145,147,4,0.025
142,46,6,5,40,36,170,167,2,0.0125
142,47,7,5,34,29,123,121,4,0.025
142,48,0,6,25,31,116,113,1,0.00625
142,49,1,6,31,35,155,154,2,0.0125
142,50,2,6,27,32,154,156,3,0.01875
142,51,3,6,29,38,153,151,1,0.00625
142,52,4,6,31,32,154,156,1,0.00625
142,53,5,6,32,27,156,153,5,0.03125
142,54,6,6,29,30,151,149,2,0.0125
142,55,7,6,29,34,117,116,1,0.00625
142,56,0,7,31,30,88,86,2,0.0125
142,57,1,7,33,24,110,108,3,0.01875
142,58,2,7,25,35,113,115,0,0.0
142,59,3,7,29,28,105,105,2,0.0125
142,60,4,7,35,26,113,113,0,0.0
142,61,5,7,29,33,118,119,1,0.00625
142,62,6,7,26,28,113,110,1,0.00625
142,63,7,7,27,28,80,78,1,0.00625
143,0,0,0,27,29,78,82,0,0.0
143,1,1,0,39,37,133,128,4,0.025
143,2,2,0,31,31,123,122,2,0.0125
143,3,3,0,33,37,130,127,3,0.01875
143,4,4,0,32,23,115,113,3,0.01875
143,5,5,0,26,37,121,123,0,0.0
143,6,6,0,34,24,112,112,1,0.00625
143,7,7,0,29,24,85,87,0,0.0
143,8,0,1,33,21,119,116,2,0.0125
143,9,1,1,32,31,167,169,2,0.0125
143,10,2,1,33,37,161,163,1,0.00625
143,11,3,1,29,30,165,166,0,0.0
143,12,4,1,31,32,147,144,2,0.0125
143,13,5,1,29,31,164,165,2,0.0125
143,14,6,1,24,28,140,141,0,0.0
143,15,7,1,30,36,114,117,0,0.0
143,16,0,2,37,33,128,123,3,0.01875
143,17,1,2,35,31,172,170,4,0.025
143,18,2,2,28,29,147,149,3,0.01875
143,19,3,2,30,35,158,158,0,0.0
143,20,4,2,32,28,139,140,2,0.0125
143,21,5,2,27,34,156,158,3,0.01875
143,22,6,2,26,33,135,134,2,0.0125
143,23,7,2,32,27,104,103,0,0.0
143,24,0,3,26,29,118,118,1,0.00625
143,25,1,3,19,34,157,154,3,0.01875
143,26,2,3,24,36,144,146,0,0.0
143,27,3,3,23,27,154,153,2,0.0125
143,28,4,3,36,29,146,145,3,0.01875
143,29,5,3,20,32,160,159,2,0.0125
143,30,6,3,23,25,128,129,0,0.0
143,31,7,3,43,24,113,112,3,0.01875
143,32,0,4,26,34,118,120,0,0.0
143,33,1,4,26,27,145,148,2,0.0125
143,34,2,4,22,21,126,126,2,0.0125
143,35,3,4,30,29,147,148,1,0.00625
143,36,4,4,28,21,131,131,2,0.0125
143,37,5,4,31,35,159,162,2,0.0125
143,38,6,4,32,22,135,136,1,0.00625
143,39,7,4,29,27,111,113,0,0.0
143,40,0,5,30,27,118,120,1,0.00625
143,41,1,5,38,28,163,161,1,0.00625
143,42,2,5,25,29,154,155,3,0.01875
143,43,3,5,27,26,147,150,0,0.0
143,44,4,5,21,28,126,126,1,0.00625
143,45,5,5,21,29,136,135,2,0.0125
143,46,6,5,27,34,136,135,3,0.01875
143,47,7,5,27,33,114,116,2,0.0125
143,48,0,6,22,34,103,105,1,0.00625
143,49,1,6,30,28,133,133,1,0.00625
143,50,2,6,23,36,134,137,1,0.00625
143,51,3,6,27,30,134,136,1,0.00625
143,52,4,6,28,24,122,121,3,0.01875
143,53,5,6,26,20,124,130,0,0.0
143,54,6,6,38,21,125,126,3,0.01875
143,55,7,6,17,30,109,109,0,0.0
143,56,0,7,34,21,85,85,1,0.00625
143,57,1,7,23,21,112,114,1,0.00625
143,58,2,7,38,29,121,123,0,0.0
143,59,3,7,25,27,116,117,1,0.00625
143,60,4,7,35,29,117,119,0,0.0
143,61,5,7,22,28,115,114,3,0.01875
143,62,6,7,24,30,105,104,3,0.01875
143,63,7,7,30,36,90,90,2,0.0125
144,0,0,0,29,28,96,97,0,0.0
144,1,1,0,30,27,126,128,1,0.00625
144,2,2,0,37,23,134,137,1,0.00625
144,3,3,0,35,27,141,141,2,0.0125
144,4,4,0,21,26,124,124,2,0.0125
144,5,5,0,31,29,121,120,3,0.01875
144,6,6,0,38,30,136,137,1,0.00625
144,7,7,0,40,30,110,108,1,0.00625
144,8,0,1,33,40,135,135,2,0.0125
144,9,1,1,37,30,159,158,2,0.0125
144,10,2,1,31,33,162,165,1,0.00625
144,11,3,1,38,38,168,167,0,0.0
144,12,4,1,29,37,160,161,3,0.01875
144,13,5,1,21,24,130,133,0,0.0
144,14,6,1,31,28,140,139,0,0.0
144,15,7,1,33,38,129,129,0,0.0
144,16,0,2,29,34,122,123,3,0.01875
144,17,1,2,42,32,159,160,4,0.025
144,18,2,2,34,41,171,171,2,0.0125
144,19,3,2,34,31,157,154,4,0.025
144,20,4,2,27,36,152,153,1,0.00625
144,21,5,2,30,26,142,139,4,0.025
144,22,6,2,16,20,128,127,3,0.01875
144,23,7,2,28,25,102,103,1,0.00625
144,24,0,3,36,32,128,123,3,0.01875
144,25,1,3,26,30,147,147,2,0.0125
144,26,2,3,36,37,154,152,2,0.0125
144,27,3,3,30,31,149,149,1,0.00625
144,28,4,3,30,30,145,146,2,0.0125
144,29,5,3,31,29,145,147,1,0.00625
144,30,6,3,26,33,147,147,1,0.00625
144,31,7,3,27,18,101,100,3,0.01875
144,32,0,4,25,31,116,117,1,0.00625
144,33,1,4,24,32,141,142,1,0.00625
144,34,2,4,23,24,129,129,2,0.0125
144,35,3,4,32,33,145,144,1,0.00625
144,36,4,4,27,29,142,142,1,0.00625
144,37,5,4,20,30,134,135,0,0.0
144,38,6,4,25,29,134,135,2,0.0125
144,39,7,4,26,23,106,107,0,0.0
144,40,0,5,23,35,111,112,1,0.00625
144,41,1,5,25,26,131,132,2,0.0125
144,42,2,5,30,24,132,135,0,0.0
144,43,3,5,29,24,139,139,0,0.0
144,44,4,5,29,31,145,145,0,0.0
144,45,5,5,38,27,149,151,1,0.00625
144,46,6,5,41,20,154,157,1,0.00625
144,47,7,5,34,30,129,128,2,0.0125
144,48,0,6,32,27,115,113,2,0.0125
144,49,1,6,32,21,140,141,0,0.0
144,50,2,6,31,27,146,145,1,0.00625
144,51,3,6,31,29,149,148,2,0.0125
144,52,4,6,17,30,126,130,0,0.0
144,53,5,6,33,30,137,135,0,0.0
144,54,6,6,29,39,153,156,0,0.0
144,55,7,6,26,39,121,123,0,0.0
144,56,0,7,29,28,84,86,0,0.0
144,57,1,7,31,29,115,115,1,0.00625
144,58,2,7,28,33,119,117,1,0.00625
144,59,3,7,22,31,110,111,1,0.00625
144,60,4,7,22,30,103,102,2,0.0125
144,61,5,7,26,19,97,100,0,0.0
144,62,6,7,25,33,110,113,2,0.0125
144,63,7,7,27,29,82,83,1,0.00625
145,0,0,0,21,28,82,80,2,0.0125
145,1,1,0,40,33,123,123,3,0.01875
145,2,2,0,38,34,136,135,1,0.00625
145,3,3,0,34,29,125,125,2,0.0125
145,4,4,0,28,24,114,117,1,0.00625
145,5,5,0,31,25,111,113,1,0.00625
145,6,6,0,30,23,112,109,2,0.0125
145,7,7,0,24,21,75,76,0,0.0
145,8,0,1,31,30,122,123,1,0.00625
145,9,1,1,28,21,143,143,3,0.01875
145,10,2,1,26,38,156,153,3,0.01875
145,11,3,1,25,36,148,150,0,0.0
145,12,4,1,27,36,146,149,0,0.0
145,13,5,1,21,28,138,136,1,0.00625
145,14,6,1,35,32,148,145,4,0.025
145,15,7,1,34,28,123,121,3,0.01875
145,16,0,2,32,34,127,127,3,0.01875
145,17,1,2,37,30,165,163,5,0.03125
145,18,2,2,29,24,156,155,2,0.0125
145,19,3,2,41,28,152,153,2,0.0125
145,20,4,2,27,28,149,148,2,0.0125
145,21,5,2,25,31,139,141,2,0.0125
145,22,6,2,30,21,132,132,2,0.0125
145,23,7,2,34,37,124,123,1,0.00625
145,24,0,3,28,30,122,126,1,0.00625
145,25,1,3,38,32,168,168,3,0.01875
145,26,2,3,26,37,170,169,2,0.0125
145,27,3,3,26,31,149,147,2,0.0125
145,28,4,3,30,40,155,152,4,0.025
145,29,5,3,34,24,144,143,3,0.01875
145,30,6,3,28,23,141,138,1,0.00625
145,31,7,3,32,28,111,115,0,0.0
145,32,0,4,24,36,114,114,0,0.0
145,33,1,4,28,33,141,138,2,0.0125
145,34,2,4,29,37,156,155,3,0.01875
145,35,3,4,22,28,130,131,2,0.0125
145,36,4,4,36,28,135,135,1,0.00625
145,37,5,4,28,28,140,137,3,0.01875
145,38,6,4,26,29,134,135,0,0.0
145,39,7,4,26,29,104,103,1,0.00625
145,40,0,5,28,22,109,106,3,0.01875
145,41,1,5,28,24,136,137,1,0.00625
145,42,2,5,30,27,148,147,2,0.0125
145,43,3,5,27,27,140,139,1,0.00625
145,44,4,5,27,23,128,126,1,0.00625
145,45,5,5,29,33,141,138,3,0.01875
145,46,6,5,34,30,145,144,1,0.00625
145,47,7,5,25,24,107,104,6,0.0375
145,48,0,6,33,28,112,112,2,0.0125
145,49,1,6,30,26,149,148,1,0.00625
145,50,2,6,28,28,148,147,1,0.00625
145,51,3,6,26,29,136,134,3,0.01875
145,52,4,6,25,26,132,128,3,0.01875
145,53,5,6,32,24,136,133,4,0.025
145,54,6,6,37,30,154,151,2,0.0125
145,55,7,6,31,35,127,123,3,0.01875
145,56,0,7,31,23,82,83,0,0.0
145,57,1,7,34,34,130,130,2,0.0125
145,58,2,7,27,33,124,124,1,0.00625
145,59,3,7,31,27,116,113,2,0.0125
145,60,4,7,27,27,111,111,1,0.00625
145,61,5,7,33,26,114,112,1,0.00625
145,62,6,7,25,29,113,115,0,0.0
145,63,7,7,28,38,92,93,0,0.0
146,0,0,0,40,23,85,86,1,0.00625
146,1,1,0,36,24,124,125,2,0.0125
146,2,2,0,35,31,131,131,2,0.0125
146,3,3,0,33,28,125,127,2,0.0125
146,4,4,0,28,31,118,116,1,0.00625
146,5,5,0,30,34,119,119,2,0.0125
146,6,6,0,33,40,134,135,2,0.0125
146,7,7,0,28,32,95,94,0,0.0
146,8,0,1,32,24,109,108,1,0.00625
146,9,1,1,29,38,157,155,4,0.025
146,10,2,1,33,37,162,163,2,0.0125
146,11,3,1,33,36,162,161,0,0.0
146,12,4,1,24,31,148,146,1,0.00625
146,13,5,1,30,26,148,143,5,0.03125
146,14,6,1,28,33,164,163,2,0.0125
146,15,7,1,34,34,126,129,0,0.0
146,16,0,2,32,29,109,110,1,0.00625
146,17,1,2,31,34,146,148,2,0.0125
146,18,2,2,26,28,144,143,3,0.01875
146,19,3,2,34,34,154,156,1,0.00625
146,20,4,2,32,29,156,159,0,0.0
146,21,5,2,26,22,139,139,2,0.0125
146,22,6,2,33,26,153,154,0,0.0
146,23,7,2,24,30,117,116,1,0.00625
146,24,0,3,33,31,114,113,2,0.0125
146,25,1,3,42,32,157,156,4,0.025
146,26,2,3,27,34,162,164,2,0.0125
146,27,3,3,29,26,146,147,1,0.00625
146,28,4,3,25,39,160,162,2,0.0125
146,29,5,3,31,34,162,165,1,0.00625
146,30,6,3,26,29,164,163,4,0.025
146,31,7,3,30,34,122,122,1,0.00625
146,32,0,4,26,31,104,102,2,0.0125
146,33,1,4,32,29,134,135,2,0.0125
146,34,2,4,26,39,149,150,1,0.00625
146,35,3,4,31,29,140,140,1,0.00625
146,36,4,4,30,28,152,150,3,0.01875
146,37,5,4,36,31,159,161,3,0.01875
146,38,6,4,34,34,172,168,3,0.01875
146,39,7,4,29,27,116,117,0,0.0
146,40,0,5,31,26,104,107,0,0.0
146,41,1,5,27,24,136,135,2,0.0125
146,42,2,5,24,33,142,140,1,0.00625
146,43,3,5,29,23,128,129,1,0.00625
146,44,4,5,28,33,147,147,3,0.01875
146,45,5,5,38,33,157,159,3,0.01875
146,46,6,5,26,30,163,165,0,0.0
146,47,7,5,24,30,117,121,2,0.0125
146,48,0,6,31,25,119,119,1,0.00625
146,49,1,6,31,34,156,156,1,0.00625
146,50,2,6,33,29,156,155,2,0.0125
146,51,3,6,25,24,142,144,2,0.0125
146,52,4,6,23,30,145,147,0,0.0
146,53,5,6,23,27,143,144,1,0.00625
146,54,6,6,27,33,171,169,4,0.025
146,55,7,6,35,30,125,126,1,0.00625
146,56,0,7,25,38,85,84,1,0.00625
146,57,1,7,29,32,107,105,2,0.0125
146,58,2,7,24,27,103,102,1,0.00625
146,59,3,7,30,32,108,109,3,0.01875
146,60,4,7,36,25,116,115,2,0.0125
146,61,5,7,40,21,121,120,0,0.0
146,62,6,7,32,28,124,123,0,0.0
146,63,7,7,23,30,82,82,1,0.00625
147,0,0,0,27,25,81,79,1,0.00625
147,1,1,0,22,30,104,103,0,0.0
147,2,2,0,41,28,120,118,3,0.01875
147,3,3,0,34,29,129,126,3,0.01875
147,4,4,0,32,30,122,121,2,0.0125
147,5,5,0,32,33,127,123,3,0.01875
147,6,6,0,30,43,132,134,0,0.0
147,7,7,0,33,33,94,93,3,0.01875
147,8,0,1,36,30,118,120,1,0.00625
147,9,1,1,31,25,149,153,1,0.00625
147,10,2,1,26,26,137,139,0,0.0
147,11,3,1,23,38,139,139,0,0.0
147,12,4,1,33,31,145,143,2,0.0125
147,13,5,1,31,32,150,154,2,0.0125
147,14,6,1,22,28,148,150,2,0.0125
147,15,7,1,25,30,110,107,2,0.0125
147,16,0,2,29,28,110,109,1,0.00625
147,17,1,2,29,38,154,156,1,0.00625
147,18,2,2,29,36,151,154,1,0.00625
147,19,3,2,33,24,144,141,2,0.0125
147,20,4,2,35,24,148,148,1,0.00625
147,21,5,2,31,30,159,161,2,0.0125
147,22,6,2,33,32,167,166,2,0.0125
147,23,7,2,30,24,120,121,0,0.0
147,24,0,3,24,25,103,103,3,0.01875
147,25,1,3,29,26,141,144,1,0.00625
147,26,2,3,26,30,145,143,2,0.0125
147,27,3,3,35,29,139,139,1,0.00625
147,28,4,3,35,29,148,150,1,0.00625
147,29,5,3,36,33,161,159,2,0.0125
147,30,6,3,29,29,160,163,1,0.00625
147,31,7,3,30,32,122,119,2,0.0125
147,32,0,4,24,26,97,97,2,0.0125
147,33,1,4,26,25,133,136,1,0.00625
147,34,2,4,24,34,138,138,2,0.0125
147,35,3,4,29,21,131,130,2,0.0125
147,36,4,4,33,36,147,150,1,0.00625
147,37,5,4,27,30,145,147,0,0.0
147,38,6,4,28,37,156,160,0,0.0
147,39,7,4,23,29,119,117,2,0.0125
147,40,0,5,30,23,111,107,2,0.0125
147,41,1,5,23,27,140,142,0,0.0
147,42,2,5,20,29,129,132,1,0.00625
147,43,3,5,32,28,140,138,3,0.01875
147,44,4,5,27,27,147,146,4,0.025
147,45,5,5,29,31,154,154,3,0.01875
147,46,6,5,32,29,168,167,2,0.0125
147,47,7,5,33,33,128,130,1,0.00625
147,48,0,6,33,31,119,118,2,0.0125
147,49,1,6,33,30,155,157,0,0.0
147,50,2,6,38,21,152,151,4,0.025
147,51,3,6,31,20,149,149,2,0.0125
147,52,4,6,30,28,149,148,3,0.01875
147,53,5,6,26,27,144,146,1,0.00625
147,54,6,6,26,33,148,152,1,0.00625
147,55,7,6,27,31,119,121,1,0.00625
147,56,0,7,31,30,87,88,0,0.0
147,57,1,7,31,35,121,123,2,0.0125
147,58,2,7,33,34,118,119,1,0.00625
147,59,3,7,27,36,117,118,1,0.00625
147,60,4,7,33,29,115,115,1,0.00625
147,61,5,7,40,31,127,127,2,0.0125
147,62,6,7,36,25,124,121,2,0.0125
147,63,7,7,25,26,87,86,1,0.00625
148,0,0,0,37,31,101,103,0,0.0
148,1,1,0,21,34,130,130,2,0.0125
148,2,2,0,32,31,118,119,2,0.0125
148,3,3,0,27,31,124,128,1,0.00625
148,4,4,0,28,33,123,126,0,0.0
148,5,5,0,37,29,129,132,2,0.0125
148,6,6,0,22,27,122,118,2,0.0125
148,7,7,0,32,33,86,88,1,0.00625
148,8,0,1,36,34,128,129,0,0.0
148,9,1,1,33,39,169,168,1,0.00625
148,10,2,1,22,19,135,133,1,0.00625
148,11,3,1,23,35,147,146,2,0.0125
148,12,4,1,23,28,139,140,1,0.00625
148,13,5,1,33,31,148,150,1,0.00625
148,14,6,1,32,39,159,161,1,0.00625
148,15,7,1,28,21,114,114,2,0.0125
148,16,0,2,35,30,124,127,0,0.0
148,17,1,2,29,34,166,164,1,0.00625
148,18,2,2,26,30,144,143,1,0.00625
148,19,3,2,24,27,138,142,0,0.0
148,20,4,2,31,24,151,148,1,0.00625
148,21,5,2,36,25,159,157,3,0.01875
148,22,6,2,33,35,163,163,2,0.0125
148,23,7,2,36,29,128,129,1,0.00625
148,24,0,3,29,33,120,122,1,0.00625
148,25,1,3,43,41,175,176,1,0.00625
148,26,2,3,31,27,160,162,1,0.00625
148,27,3,3,27,26,149,149,2,0.0125
148,28,4,3,20,28,146,143,2,0.0125
148,29,5,3,22,35,140,140,2,0.0125
148,30,6,3,34,34,152,153,0,0.0
148,31,7,3,31,34,129,131,2,0.0125
148,32,0,4,18,30,107,110,0,0.0
148,33,1,4,32,29,138,136,1,0.00625
148,34,2,4,32,41,160,161,0,0.0
148,35,3,4,31,32,151,151,2,0.0125
148,36,4,4,33,25,151,149,3,0.01875
148,37,5,4,34,22,142,141,0,0.0
148,38,6,4,30,23,143,140,3,0.01875
148,39,7,4,26,31,116,114,2,0.0125
148,40,0,5,28,28,112,116,1,0.00625
148,41,1,5,26,18,138,136,1,0.00625
148,42,2,5,32,29,149,146,2,0.0125
148,43,3,5,27,29,150,151,0,0.0
148,44,4,5,29,31,150,151,3,0.01875
148,45,5,5,30,30,145,145,2,0.0125
148,46,6,5,25,35,144,144,2,0.0125
148,47,7,5,25,28,107,107,1,0.00625
148,48,0,6,27,29,120,122,1,0.00625
148,49,1,6,27,30,155,155,0,0.0
148,50,2,6,30,29,149,149,2,0.0125
148,51,3,6,24,30,152,152,0,0.0
148,52,4,6,32,33,151,153,1,0.00625
148,53,5,6,29,30,154,155,1,0.00625
148,54,6,6,34,31,160,158,4,0.025
148,55,7,6,36,24,122,121,1,0.00625
148,56,0,7,34,31,97,95,1,0.00625
148,57,1,7,27,27,123,121,2,0.0125
148,58,2,7,29,25,121,121,1,0.00625
148,59,3,7,31,32,133,128,4,0.025
148,60,4,7,26,26,113,116,0,0.0
148,61,5,7,29,31,123,122,3,0.01875
148,62,6,7,28,28,121,123,0,0.0
148,63,7,7,34,33,95,97,0,0.0
149,0,0,0,30,31,95,94,1,0.00625
149,1,1,0,29,33,124,124,1,0.00625
149,2,2,0,24,29,113,112,2,0.0125
149,3,3,0,27,30,115,113,2,0.0125
149,4,4,0,31,23,115,114,0,0.0
149,5,5,0,34,25,121,121,3,0.01875
149,6,6,0,30,37,131,131,3,0.01875
149,7,7,0,32,25,87,86,1,0.00625
149,8,0,1,39,33,133,131,2,0.0125
149,9,1,1,27,30,161,159,2,0.0125
149,10,2,1,39,29,150,151,1,0.00625
149,11,3,1,36,24,156,157,1,0.00625
149,12,4,1,25,29,140,142,0,0.0
149,13,5,1,44,30,154,152,2,0.0125
149,14,6,1,29,32,174,170,3,0.01875
149,15,7,1,33,28,114,114,3,0.01875
149,16,0,2,22,27,122,120,2,0.0125
149,17,1,2,34,37,163,162,2,0.0125
149,18,2,2,29,28,159,158,2,0.0125
149,19,3,2,31,35,163,163,0,0.0
149,20,4,2,28,35,145,147,2,0.0125
149,21,5,2,25,28,135,139,0,0.0
149,22,6,2,35,40,174,174,4,0.025
149,23,7,2,31,28,123,119,2,0.0125
149,24,0,3,30,33,134,132,0,0.0
149,25,1,3,18,22,135,132,2,0.0125
149,26,2,3,27,34,139,138,2,0.0125
149,27,3,3,26,29,147,147,1,0.00625
149,28,4,3,32,30,135,137,2,0.0125
149,29,5,3,36,27,144,145,1,0.00625
149,30,6,3,35,28,159,158,2,0.0125
149,31,7,3,26,33,120,120,2,0.0125
149,32,0,4,34,32,131,129,1,0.00625
149,33,1,4,28,31,159,160,2,0.0125
149,34,2,4,25,19,134,135,1,0.00625
149,35,3,4,28,29,144,146,0,0.0
149,36,4,4,28,28,131,132,0,0.0
149,37,5,4,39,31,154,154,1,0.00625
149,38,6,4,28,36,166,168,1,0.00625
149,39,7,4,28,35,120,119,4,0.025
149,40,0,5,33,31,119,118,1,0.00625
149,41,1,5,29,29,144,142,2,0.0125
149,42,2,5,29,28,133,133,1,0.00625
149,43,3,5,33,27,142,142,3,0.01875
149,44,4,5,36,28,135,137,0,0.0
149,45,5,5,22,32,134,135,1,0.00625
149,46,6,5,29,38,140,142,0,0.0
149,47,7,5,18,28,104,103,1,0.00625
149,48,0,6,31,22,116,118,0,0.0
149,49,1,6,20,29,147,145,2,0.0125
149,50,2,6,21,24,127,128,1,0.00625
149,51,3,6,32,33,152,150,3,0.01875
149,52,4,6,30,31,149,149,1,0.00625
149,53,5,6,32,37,155,152,3,0.01875
149,54,6,6,28,20,144,143,2,0.0125
149,55,7,6,32,29,113,114,0,0.0
149,56,0,7,35,31,102,100,1,0.00625
149,57,1,7,28,31,129,130,0,0.0
149,58,2,7,35,22,118,118,1,0.00625
149,59,3,7,23,23,109,113,1,0.00625
149,60,4,7,26,32,118,115,2,0.0125
149,61,5,7,29,31,120,122,0,0.0
149,62,6,7,25,32,124,125,0,0.0
149,63,7,7,36,27,87,85,1,0.00625
