sample_idx,router_id,x,y,injected,ejected,received_total,sent_total,stored_total,buffer_occupancy_norm
0,0,0,0,40,14,80,76,2,0.0125
0,1,1,0,46,23,132,128,3,0.01875
0,2,2,0,39,28,138,134,2,0.0125
0,3,3,0,42,20,132,125,5,0.03125
0,4,4,0,37,13,121,118,1,0.00625
0,5,5,0,46,28,143,138,2,0.0125
0,6,6,0,34,21,133,129,2,0.0125
0,7,7,0,39,19,89,87,1,0.00625
0,8,0,1,31,23,101,99,1,0.00625
0,9,1,1,38,32,154,152,1,0.00625
0,10,2,1,38,38,173,167,4,0.025
0,11,3,1,46,35,168,164,4,0.025
0,12,4,1,39,34,164,160,4,0.025
0,13,5,1,38,32,172,168,3,0.01875
0,14,6,1,40,39,174,168,3,0.01875
0,15,7,1,40,30,127,125,1,0.00625
0,16,0,2,40,25,112,108,2,0.0125
0,17,1,2,26,28,145,143,1,0.00625
0,18,2,2,36,32,155,152,2,0.0125
0,19,3,2,39,30,162,159,2,0.0125
0,20,4,2,41,38,166,161,3,0.01875
0,21,5,2,37,34,175,172,2,0.0125
0,22,6,2,37,32,165,162,3,0.01875
0,23,7,2,38,33,130,125,1,0.00625
0,24,0,3,36,25,103,100,2,0.0125
0,25,1,3,39,33,157,152,3,0.01875
0,26,2,3,41,23,157,154,1,0.00625
0,27,3,3,40,34,163,162,1,0.00625
0,28,4,3,45,32,161,155,4,0.025
0,29,5,3,37,33,173,168,3,0.01875
0,30,6,3,38,31,157,151,3,0.01875
0,31,7,3,28,30,122,121,0,0.0
0,32,0,4,31,19,95,92,2,0.0125
0,33,1,4,41,30,153,147,3,0.01875
0,34,2,4,42,34,176,172,3,0.01875
0,35,3,4,45,37,176,171,4,0.025
0,36,4,4,38,35,162,159,2,0.0125
0,37,5,4,36,37,174,170,3,0.01875
0,38,6,4,44,29,164,159,3,0.01875
0,39,7,4,36,34,139,134,3,0.01875
0,40,0,5,45,20,118,113,3,0.01875
0,41,1,5,42,24,166,161,3,0.01875
0,42,2,5,46,34,185,180,3,0.01875
0,43,3,5,39,35,177,171,3,0.01875
0,44,4,5,44,37,174,167,6,0.0375
0,45,5,5,37,31,182,175,5,0.03125
0,46,6,5,37,28,164,161,1,0.00625
0,47,7,5,40,37,140,138,1,0.00625
0,48,0,6,37,26,111,108,3,0.01875
0,49,1,6,33,37,161,156,2,0.0125
0,50,2,6,45,34,177,171,3,0.01875
0,51,3,6,45,39,184,178,4,0.025
0,52,4,6,36,32,166,162,3,0.01875
0,53,5,6,32,36,178,175,2,0.0125
0,54,6,6,37,29,164,161,1,0.00625
0,55,7,6,39,30,137,132,5,0.03125
0,56,0,7,34,24,83,82,0,0.0
0,57,1,7,42,29,131,126,3,0.01875
0,58,2,7,34,27,131,126,4,0.025
0,59,3,7,29,37,127,122,3,0.01875
0,60,4,7,41,37,137,135,0,0.0
0,61,5,7,33,33,138,137,1,0.00625
0,62,6,7,33,29,128,125,1,0.00625
0,63,7,7,40,32,105,102,2,0.0125
1,0,0,0,42,41,127,129,1,0.00625
1,1,1,0,44,35,166,164,5,0.03125
1,2,2,0,46,39,175,173,4,0.025
1,3,3,0,44,35,165,166,4,0.025
1,4,4,0,39,42,169,169,3,0.01875
1,5,5,0,41,37,159,158,3,0.01875
1,6,6,0,45,27,155,154,2,0.0125
1,7,7,0,45,39,128,126,2,0.0125
1,8,0,1,40,42,164,160,3,0.01875
1,9,1,1,38,43,197,197,2,0.0125
1,10,2,1,34,45,202,203,2,0.0125
1,11,3,1,37,42,195,195,2,0.0125
1,12,4,1,34,44,208,206,3,0.01875
1,13,5,1,41,37,192,193,3,0.01875
1,14,6,1,37,40,188,192,2,0.0125
1,15,7,1,44,41,165,163,3,0.01875
1,16,0,2,42,40,160,157,4,0.025
1,17,1,2,41,35,191,188,3,0.01875
1,18,2,2,38,42,192,191,3,0.01875
1,19,3,2,40,36,181,177,4,0.025
1,20,4,2,45,44,205,207,1,0.00625
1,21,5,2,38,35,189,189,2,0.0125
1,22,6,2,45,43,188,184,5,0.03125
1,23,7,2,39,41,163,164,2,0.0125
1,24,0,3,39,35,148,149,2,0.0125
1,25,1,3,43,41,195,192,5,0.03125
1,26,2,3,37,36,192,190,2,0.0125
1,27,3,3,39,32,178,173,2,0.0125
1,28,4,3,44,39,202,204,3,0.01875
1,29,5,3,41,45,201,201,4,0.025
1,30,6,3,41,39,185,184,3,0.01875
1,31,7,3,42,44,163,158,5,0.03125
1,32,0,4,38,34,153,151,2,0.0125
1,33,1,4,38,40,191,192,3,0.01875
1,34,2,4,44,40,203,201,5,0.03125
1,35,3,4,44,36,195,194,3,0.01875
1,36,4,4,43,40,210,209,2,0.0125
1,37,5,4,45,44,207,204,4,0.025
1,38,6,4,33,41,187,186,4,0.025
1,39,7,4,41,37,151,151,2,0.0125
1,40,0,5,40,38,156,160,0,0.0
1,41,1,5,34,37,188,190,3,0.01875
1,42,2,5,44,40,196,196,2,0.0125
1,43,3,5,41,43,198,201,1,0.00625
1,44,4,5,39,45,203,206,2,0.0125
1,45,5,5,43,42,196,199,2,0.0125
1,46,6,5,26,45,179,177,4,0.025
1,47,7,5,34,34,134,133,3,0.01875
1,48,0,6,36,38,156,156,2,0.0125
1,49,1,6,43,44,202,202,2,0.0125
1,50,2,6,44,35,198,198,3,0.01875
1,51,3,6,44,43,202,205,0,0.0
1,52,4,6,42,40,206,206,1,0.00625
1,53,5,6,35,42,184,185,1,0.00625
1,54,6,6,30,45,169,169,1,0.00625
1,55,7,6,35,28,127,130,1,0.00625
1,56,0,7,43,35,123,120,4,0.025
1,57,1,7,41,39,164,165,2,0.0125
1,58,2,7,32,42,157,160,2,0.0125
1,59,3,7,43,44,167,167,4,0.025
1,60,4,7,35,45,165,166,1,0.00625
1,61,5,7,31,39,146,144,3,0.01875
1,62,6,7,41,33,143,142,2,0.0125
1,63,7,7,38,32,108,109,1,0.00625
2,0,0,0,46,40,129,128,2,0.0125
2,1,1,0,42,45,176,175,3,0.01875
2,2,2,0,39,39,162,166,1,0.00625
2,3,3,0,43,32,160,160,3,0.01875
2,4,4,0,39,39,167,167,1,0.00625
2,5,5,0,44,39,169,172,3,0.01875
2,6,6,0,41,41,174,173,5,0.03125
2,7,7,0,44,40,123,126,1,0.00625
2,8,0,1,42,44,169,172,2,0.0125
2,9,1,1,30,45,204,201,2,0.0125
2,10,2,1,45,42,194,192,3,0.01875
2,11,3,1,36,41,196,194,4,0.025
2,12,4,1,44,45,204,203,4,0.025
2,13,5,1,44,42,213,209,4,0.025
2,14,6,1,41,44,214,210,5,0.03125
2,15,7,1,40,41,159,160,2,0.0125
2,16,0,2,37,43,161,166,2,0.0125
2,17,1,2,33,43,204,202,4,0.025
2,18,2,2,40,26,178,181,0,0.0
2,19,3,2,42,43,204,205,4,0.025
2,20,4,2,44,31,202,198,5,0.03125
2,21,5,2,33,40,204,202,2,0.0125
2,22,6,2,33,40,194,198,3,0.01875
2,23,7,2,40,36,150,152,1,0.00625
2,24,0,3,38,42,162,163,1,0.00625
2,25,1,3,35,41,203,206,2,0.0125
2,26,2,3,44,33,193,194,4,0.025
2,27,3,3,41,43,205,206,2,0.0125
2,28,4,3,40,45,208,205,2,0.0125
2,29,5,3,35,44,206,208,1,0.00625
2,30,6,3,44,36,203,206,1,0.00625
2,31,7,3,40,38,161,163,3,0.01875
2,32,0,4,35,42,159,163,0,0.0
2,33,1,4,46,39,212,211,3,0.01875
2,34,2,4,45,39,204,205,2,0.0125
2,35,3,4,42,42,205,206,3,0.01875
2,36,4,4,36,40,197,200,0,0.0
2,37,5,4,39,43,200,204,3,0.01875
2,38,6,4,37,40,203,204,2,0.0125
2,39,7,4,37,44,159,162,1,0.00625
2,40,0,5,39,42,159,157,2,0.0125
2,41,1,5,44,41,205,202,3,0.01875
2,42,2,5,42,43,204,203,4,0.025
2,43,3,5,42,45,204,201,5,0.03125
2,44,4,5,41,41,203,202,4,0.025
2,45,5,5,43,38,197,196,4,0.025
2,46,6,5,39,42,203,204,3,0.01875
2,47,7,5,38,39,155,154,2,0.0125
2,48,0,6,42,37,154,153,3,0.01875
2,49,1,6,37,37,196,197,3,0.01875
2,50,2,6,45,43,199,201,4,0.025
2,51,3,6,46,44,207,208,1,0.00625
2,52,4,6,35,43,200,198,4,0.025
2,53,5,6,38,38,191,188,3,0.01875
2,54,6,6,40,41,204,204,2,0.0125
2,55,7,6,38,38,160,158,3,0.01875
2,56,0,7,42,37,118,118,1,0.00625
2,57,1,7,36,39,159,160,3,0.01875
2,58,2,7,39,40,155,151,2,0.0125
2,59,3,7,41,45,160,159,5,0.03125
2,60,4,7,43,45,166,165,0,0.0
2,61,5,7,44,34,162,160,3,0.01875
2,62,6,7,39,38,165,164,2,0.0125
2,63,7,7,43,41,122,122,0,0.0
3,0,0,0,41,38,121,123,1,0.00625
3,1,1,0,41,43,171,174,4,0.025
3,2,2,0,35,40,161,160,0,0.0
3,3,3,0,43,36,157,159,2,0.0125
3,4,4,0,40,44,169,169,2,0.0125
3,5,5,0,45,39,167,162,6,0.0375
3,6,6,0,41,43,168,171,1,0.00625
3,7,7,0,44,36,124,120,3,0.01875
3,8,0,1,39,45,154,154,2,0.0125
3,9,1,1,41,42,198,200,2,0.0125
3,10,2,1,43,43,205,206,5,0.03125
3,11,3,1,41,35,188,190,1,0.00625
3,12,4,1,38,42,195,196,3,0.01875
3,13,5,1,41,36,187,187,4,0.025
3,14,6,1,44,45,205,205,4,0.025
3,15,7,1,35,41,156,156,2,0.0125
3,16,0,2,41,37,150,149,3,0.01875
3,17,1,2,42,38,199,200,3,0.01875
3,18,2,2,40,40,203,200,3,0.01875
3,19,3,2,36,43,188,189,3,0.01875
3,20,4,2,45,40,198,199,5,0.03125
3,21,5,2,44,38,197,195,5,0.03125
3,22,6,2,40,41,200,196,4,0.025
3,23,7,2,34,44,154,152,2,0.0125
3,24,0,3,45,38,163,158,4,0.025
3,25,1,3,36,38,200,200,2,0.0125
3,26,2,3,41,42,202,200,3,0.01875
3,27,3,3,45,40,198,197,3,0.01875
3,28,4,3,33,33,192,196,2,0.0125
3,29,5,3,44,45,199,197,3,0.01875
3,30,6,3,40,38,203,199,6,0.0375
3,31,7,3,40,36,156,155,3,0.01875
3,32,0,4,44,39,155,150,4,0.025
3,33,1,4,40,41,200,198,5,0.03125
3,34,2,4,44,35,198,198,3,0.01875
3,35,3,4,44,40,201,200,3,0.01875
3,36,4,4,38,42,208,204,3,0.01875
3,37,5,4,30,33,179,176,4,0.025
3,38,6,4,42,39,188,186,4,0.025
3,39,7,4,36,41,152,151,0,0.0
3,40,0,5,43,35,154,155,1,0.00625
3,41,1,5,40,38,209,211,1,0.00625
3,42,2,5,34,40,202,201,5,0.03125
3,43,3,5,35,44,190,193,2,0.0125
3,44,4,5,45,44,211,211,2,0.0125
3,45,5,5,44,38,209,207,3,0.01875
3,46,6,5,40,30,199,199,3,0.01875
3,47,7,5,46,38,158,161,1,0.00625
3,48,0,6,35,39,153,154,2,0.0125
3,49,1,6,33,45,195,196,1,0.00625
3,50,2,6,35,42,195,195,3,0.01875
3,51,3,6,44,36,191,188,3,0.01875
3,52,4,6,41,39,206,205,4,0.025
3,53,5,6,36,45,195,198,2,0.0125
3,54,6,6,41,44,197,195,4,0.025
3,55,7,6,38,40,151,151,2,0.0125
3,56,0,7,41,41,119,120,2,0.0125
3,57,1,7,44,37,158,159,1,0.00625
3,58,2,7,35,35,150,152,3,0.01875
3,59,3,7,44,36,152,153,2,0.0125
3,60,4,7,39,44,165,164,2,0.0125
3,61,5,7,36,40,153,153,3,0.01875
3,62,6,7,35,34,145,145,3,0.01875
3,63,7,7,38,35,110,108,1,0.00625
4,0,0,0,31,41,117,116,0,0.0
4,1,1,0,40,38,153,154,3,0.01875
4,2,2,0,34,38,154,155,1,0.00625
4,3,3,0,45,33,155,155,3,0.01875
4,4,4,0,35,44,167,166,3,0.01875
4,5,5,0,38,40,154,157,2,0.0125
4,6,6,0,39,33,155,154,2,0.0125
4,7,7,0,39,39,119,121,1,0.00625
4,8,0,1,37,43,165,164,3,0.01875
4,9,1,1,42,34,197,195,4,0.025
4,10,2,1,36,38,197,200,1,0.00625
4,11,3,1,40,36,191,188,2,0.0125
4,12,4,1,33,44,205,206,2,0.0125
4,13,5,1,44,37,199,200,4,0.025
4,14,6,1,38,41,199,204,1,0.00625
4,15,7,1,45,41,167,165,3,0.01875
4,16,0,2,35,41,145,142,3,0.01875
4,17,1,2,32,37,169,172,1,0.00625
4,18,2,2,32,44,175,175,1,0.00625
4,19,3,2,41,40,170,172,1,0.00625
4,20,4,2,30,41,186,187,2,0.0125
4,21,5,2,44,37,183,183,4,0.025
4,22,6,2,40,44,189,192,1,0.00625
4,23,7,2,30,40,151,151,2,0.0125
4,24,0,3,32,24,133,136,1,0.00625
4,25,1,3,35,34,177,178,2,0.0125
4,26,2,3,37,37,181,184,2,0.0125
4,27,3,3,44,33,188,189,3,0.01875
4,28,4,3,42,42,210,207,4,0.025
4,29,5,3,39,34,194,193,3,0.01875
4,30,6,3,34,44,191,194,2,0.0125
4,31,7,3,40,42,157,157,3,0.01875
4,32,0,4,42,39,159,163,2,0.0125
4,33,1,4,37,36,193,198,2,0.0125
4,34,2,4,43,36,192,190,5,0.03125
4,35,3,4,40,42,193,198,0,0.0
4,36,4,4,41,44,208,207,3,0.01875
4,37,5,4,28,39,185,186,4,0.025
4,38,6,4,36,40,174,178,2,0.0125
4,39,7,4,35,38,151,151,2,0.0125
4,40,0,5,46,40,171,169,2,0.0125
4,41,1,5,43,44,210,210,3,0.01875
4,42,2,5,40,39,197,199,0,0.0
4,43,3,5,36,43,195,193,3,0.01875
4,44,4,5,44,41,209,209,4,0.025
4,45,5,5,43,40,212,215,3,0.01875
4,46,6,5,42,29,190,187,4,0.025
4,47,7,5,45,37,166,163,3,0.01875
4,48,0,6,45,44,169,167,3,0.01875
4,49,1,6,42,42,208,206,2,0.0125
4,50,2,6,35,41,189,185,5,0.03125
4,51,3,6,38,38,188,188,1,0.00625
4,52,4,6,42,34,202,205,2,0.0125
4,53,5,6,33,44,209,207,3,0.01875
4,54,6,6,42,43,195,195,4,0.025
4,55,7,6,44,42,171,169,3,0.01875
4,56,0,7,42,39,123,120,4,0.025
4,57,1,7,30,44,156,155,2,0.0125
4,58,2,7,34,36,144,143,3,0.01875
4,59,3,7,44,34,154,153,5,0.03125
4,60,4,7,39,41,166,166,2,0.0125
4,61,5,7,31,44,158,159,2,0.0125
4,62,6,7,44,35,152,153,3,0.01875
4,63,7,7,42,42,127,127,4,0.025
5,0,0,0,43,42,128,127,2,0.0125
5,1,1,0,40,44,167,167,2,0.0125
5,2,2,0,38,25,145,147,0,0.0
5,3,3,0,40,38,157,157,3,0.01875
5,4,4,0,41,45,166,166,2,0.0125
5,5,5,0,41,40,164,165,1,0.00625
5,6,6,0,35,35,152,153,2,0.0125
5,7,7,0,41,40,113,115,1,0.00625
5,8,0,1,45,42,173,173,2,0.0125
5,9,1,1,35,41,206,207,2,0.0125
5,10,2,1,40,43,183,180,4,0.025
5,11,3,1,40,36,194,197,3,0.01875
5,12,4,1,35,40,201,203,1,0.00625
5,13,5,1,45,41,204,203,5,0.03125
5,14,6,1,32,39,196,193,3,0.01875
5,15,7,1,43,35,147,148,3,0.01875
5,16,0,2,44,43,168,168,4,0.025
5,17,1,2,36,45,205,205,2,0.0125
5,18,2,2,35,34,166,166,2,0.0125
5,19,3,2,44,36,192,191,2,0.0125
5,20,4,2,39,38,203,201,7,0.04375
5,21,5,2,36,36,184,190,1,0.00625
5,22,6,2,45,45,202,202,3,0.01875
5,23,7,2,36,31,148,149,1,0.00625
5,24,0,3,45,37,166,165,1,0.00625
5,25,1,3,36,44,210,207,6,0.0375
5,26,2,3,40,33,173,169,4,0.025
5,27,3,3,44,36,192,190,5,0.03125
5,28,4,3,37,44,206,208,1,0.00625
5,29,5,3,44,36,194,193,4,0.025
5,30,6,3,39,40,194,193,1,0.00625
5,31,7,3,36,43,152,154,1,0.00625
5,32,0,4,40,39,155,154,2,0.0125
5,33,1,4,39,41,196,192,3,0.01875
5,34,2,4,31,32,159,160,2,0.0125
5,35,3,4,46,35,177,174,3,0.01875
5,36,4,4,40,44,200,204,1,0.00625
5,37,5,4,45,39,190,190,3,0.01875
5,38,6,4,40,43,191,191,1,0.00625
5,39,7,4,32,37,144,145,1,0.00625
5,40,0,5,44,30,165,163,4,0.025
5,41,1,5,39,39,212,211,4,0.025
5,42,2,5,43,37,191,193,3,0.01875
5,43,3,5,42,32,197,198,2,0.0125
5,44,4,5,42,45,217,218,2,0.0125
5,45,5,5,45,41,213,213,4,0.025
5,46,6,5,32,41,202,204,2,0.0125
5,47,7,5,44,42,156,155,2,0.0125
5,48,0,6,36,44,170,171,2,0.0125
5,49,1,6,45,44,218,218,4,0.025
5,50,2,6,32,40,190,193,4,0.025
5,51,3,6,44,44,196,194,4,0.025
5,52,4,6,44,41,218,215,4,0.025
5,53,5,6,39,45,206,208,0,0.0
5,54,6,6,43,45,206,207,3,0.01875
5,55,7,6,45,33,155,157,3,0.01875
5,56,0,7,44,45,132,133,2,0.0125
5,57,1,7,34,39,161,158,3,0.01875
5,58,2,7,32,45,150,152,1,0.00625
5,59,3,7,45,33,154,156,4,0.025
5,60,4,7,41,41,171,170,3,0.01875
5,61,5,7,42,43,168,166,3,0.01875
5,62,6,7,33,38,152,155,0,0.0
5,63,7,7,44,43,122,121,3,0.01875
6,0,0,0,37,43,117,117,1,0.00625
6,1,1,0,41,45,158,160,1,0.00625
6,2,2,0,37,41,158,156,0,0.0
6,3,3,0,45,29,151,150,3,0.01875
6,4,4,0,30,44,158,159,1,0.00625
6,5,5,0,37,34,140,141,2,0.0125
6,6,6,0,38,42,153,155,1,0.00625
6,7,7,0,37,39,117,115,1,0.00625
6,8,0,1,38,37,163,164,1,0.00625
6,9,1,1,47,35,215,212,4,0.025
6,10,2,1,40,41,211,214,2,0.0125
6,11,3,1,43,39,198,198,3,0.01875
6,12,4,1,41,45,223,224,0,0.0
6,13,5,1,40,34,194,197,3,0.01875
6,14,6,1,37,37,198,201,1,0.00625
6,15,7,1,42,39,160,160,2,0.0125
6,16,0,2,44,45,169,169,4,0.025
6,17,1,2,45,42,212,210,2,0.0125
6,18,2,2,44,45,211,208,4,0.025
6,19,3,2,36,41,189,189,3,0.01875
6,20,4,2,42,46,206,209,2,0.0125
6,21,5,2,41,39,195,190,4,0.025
6,22,6,2,37,40,192,190,4,0.025
6,23,7,2,35,40,153,153,2,0.0125
6,24,0,3,42,40,157,155,5,0.03125
6,25,1,3,41,44,203,205,3,0.01875
6,26,2,3,41,43,202,202,5,0.03125
6,27,3,3,40,39,190,192,1,0.00625
6,28,4,3,47,39,211,211,3,0.01875
6,29,5,3,41,41,200,202,3,0.01875
6,30,6,3,29,37,181,184,2,0.0125
6,31,7,3,34,37,143,144,1,0.00625
6,32,0,4,39,35,148,145,4,0.025
6,33,1,4,45,42,202,204,2,0.0125
6,34,2,4,41,42,201,202,3,0.01875
6,35,3,4,42,41,193,193,0,0.0
6,36,4,4,35,45,203,201,2,0.0125
6,37,5,4,48,45,202,202,4,0.025
6,38,6,4,47,43,212,209,2,0.0125
6,39,7,4,38,30,154,153,1,0.00625
6,40,0,5,41,32,157,160,2,0.0125
6,41,1,5,27,40,201,202,1,0.00625
6,42,2,5,38,45,197,198,2,0.0125
6,43,3,5,32,42,191,187,5,0.03125
6,44,4,5,40,43,203,204,1,0.00625
6,45,5,5,41,38,202,201,4,0.025
6,46,6,5,41,48,214,214,4,0.025
6,47,7,5,46,44,170,172,2,0.0125
6,48,0,6,40,46,170,170,1,0.00625
6,49,1,6,45,43,215,215,3,0.01875
6,50,2,6,40,28,198,196,5,0.03125
6,51,3,6,42,37,195,197,2,0.0125
6,52,4,6,41,30,204,204,5,0.03125
6,53,5,6,36,37,197,196,2,0.0125
6,54,6,6,39,43,200,200,1,0.00625
6,55,7,6,43,42,165,167,2,0.0125
6,56,0,7,45,43,129,130,2,0.0125
6,57,1,7,37,39,160,162,3,0.01875
6,58,2,7,30,46,157,157,1,0.00625
6,59,3,7,41,39,151,150,4,0.025
6,60,4,7,38,45,169,167,5,0.03125
6,61,5,7,36,40,152,153,1,0.00625
6,62,6,7,45,34,158,155,1,0.00625
6,63,7,7,38,39,122,123,4,0.025
7,0,0,0,43,38,120,118,3,0.01875
7,1,1,0,33,45,160,158,2,0.0125
7,2,2,0,39,38,150,148,3,0.01875
7,3,3,0,41,39,157,160,1,0.00625
7,4,4,0,41,42,164,162,3,0.01875
7,5,5,0,39,36,154,152,2,0.0125
7,6,6,0,38,36,158,156,3,0.01875
7,7,7,0,44,44,126,125,2,0.0125
7,8,0,1,45,39,162,161,3,0.01875
7,9,1,1,44,43,214,215,2,0.0125
7,10,2,1,33,32,194,192,4,0.025
7,11,3,1,31,38,184,182,3,0.01875
7,12,4,1,42,44,199,196,3,0.01875
7,13,5,1,34,35,187,185,2,0.0125
7,14,6,1,38,42,197,192,3,0.01875
7,15,7,1,44,40,163,162,4,0.025
7,16,0,2,35,42,155,158,2,0.0125
7,17,1,2,45,41,206,206,4,0.025
7,18,2,2,43,44,209,210,5,0.03125
7,19,3,2,40,34,193,195,0,0.0
7,20,4,2,43,32,196,196,2,0.0125
7,21,5,2,43,39,198,200,3,0.01875
7,22,6,2,43,39,199,202,2,0.0125
7,23,7,2,42,34,162,161,2,0.0125
7,24,0,3,43,37,159,158,6,0.0375
7,25,1,3,31,38,193,193,2,0.0125
7,26,2,3,33,45,184,186,2,0.0125
7,27,3,3,45,43,196,195,5,0.03125
7,28,4,3,36,39,192,194,1,0.00625
7,29,5,3,37,43,182,182,4,0.025
7,30,6,3,38,44,192,189,3,0.01875
7,31,7,3,37,43,160,158,2,0.0125
7,32,0,4,43,38,163,167,0,0.0
7,33,1,4,43,43,218,220,2,0.0125
7,34,2,4,46,33,202,202,3,0.01875
7,35,3,4,36,36,198,197,3,0.01875
7,36,4,4,31,40,194,192,3,0.01875
7,37,5,4,44,39,185,186,3,0.01875
7,38,6,4,43,35,204,205,3,0.01875
7,39,7,4,43,36,168,166,3,0.01875
7,40,0,5,43,44,170,167,3,0.01875
7,41,1,5,34,44,205,205,3,0.01875
7,42,2,5,43,44,197,194,3,0.01875
7,43,3,5,43,44,203,208,0,0.0
7,44,4,5,43,35,206,203,2,0.0125
7,45,5,5,31,29,171,173,2,0.0125
7,46,6,5,45,45,197,199,2,0.0125
7,47,7,5,34,43,166,167,2,0.0125
7,48,0,6,36,42,157,159,2,0.0125
7,49,1,6,45,41,208,206,3,0.01875
7,50,2,6,44,35,198,201,4,0.025
7,51,3,6,36,41,203,201,5,0.03125
7,52,4,6,33,44,193,194,2,0.0125
7,53,5,6,33,43,183,183,1,0.00625
7,54,6,6,43,35,193,190,5,0.03125
7,55,7,6,40,41,171,169,3,0.01875
7,56,0,7,43,40,124,124,2,0.0125
7,57,1,7,36,39,160,162,0,0.0
7,58,2,7,42,44,164,162,3,0.01875
7,59,3,7,42,44,169,169,3,0.01875
7,60,4,7,28,34,143,145,3,0.01875
7,61,5,7,37,35,145,146,3,0.01875
7,62,6,7,45,37,160,161,2,0.0125
7,63,7,7,43,43,130,128,3,0.01875
8,0,0,0,44,45,133,132,3,0.01875
8,1,1,0,40,37,166,164,3,0.01875
8,2,2,0,38,37,153,152,4,0.025
8,3,3,0,27,43,149,146,2,0.0125
8,4,4,0,40,39,150,151,2,0.0125
8,5,5,0,39,31,149,149,4,0.025
8,6,6,0,33,37,146,148,0,0.0
8,7,7,0,37,44,115,115,1,0.00625
8,8,0,1,41,44,172,174,1,0.00625
8,9,1,1,44,44,212,213,2,0.0125
8,10,2,1,42,39,202,200,3,0.01875
8,11,3,1,35,35,195,195,4,0.025
8,12,4,1,44,29,193,191,6,0.0375
8,13,5,1,37,40,191,192,2,0.0125
8,14,6,1,42,36,192,189,5,0.03125
8,15,7,1,41,30,158,162,0,0.0
8,16,0,2,45,42,170,167,6,0.0375
8,17,1,2,44,43,208,207,3,0.01875
8,18,2,2,42,44,207,207,3,0.01875
8,19,3,2,39,40,204,203,1,0.00625
8,20,4,2,44,34,196,195,3,0.01875
8,21,5,2,43,44,203,199,5,0.03125
8,22,6,2,38,33,191,188,2,0.0125
8,23,7,2,38,42,163,165,2,0.0125
8,24,0,3,32,39,153,154,2,0.0125
8,25,1,3,45,42,196,194,6,0.0375
8,26,2,3,41,44,204,205,3,0.01875
8,27,3,3,45,42,207,208,4,0.025
8,28,4,3,41,39,202,200,4,0.025
8,29,5,3,44,44,201,201,4,0.025
8,30,6,3,44,42,205,209,1,0.00625
8,31,7,3,38,41,166,167,1,0.00625
8,32,0,4,41,35,162,160,4,0.025
8,33,1,4,40,35,188,185,3,0.01875
8,34,2,4,39,42,202,202,3,0.01875
8,35,3,4,45,41,212,211,3,0.01875
8,36,4,4,39,45,206,207,2,0.0125
8,37,5,4,39,38,195,192,6,0.0375
8,38,6,4,38,44,204,200,7,0.04375
8,39,7,4,43,44,168,168,3,0.01875
8,40,0,5,39,40,154,156,1,0.00625
8,41,1,5,42,38,187,185,3,0.01875
8,42,2,5,39,40,192,193,2,0.0125
8,43,3,5,43,41,203,202,3,0.01875
8,44,4,5,38,45,196,197,3,0.01875
8,45,5,5,43,39,189,188,2,0.0125
8,46,6,5,45,38,199,196,3,0.01875
8,47,7,5,36,38,165,162,3,0.01875
8,48,0,6,37,30,151,149,3,0.01875
8,49,1,6,44,40,192,194,3,0.01875
8,50,2,6,44,41,207,204,2,0.0125
8,51,3,6,45,40,207,207,5,0.03125
8,52,4,6,33,43,188,191,1,0.00625
8,53,5,6,39,38,178,176,2,0.0125
8,54,6,6,37,38,186,191,2,0.0125
8,55,7,6,33,45,161,162,2,0.0125
8,56,0,7,39,37,116,118,2,0.0125
8,57,1,7,43,33,154,151,3,0.01875
8,58,2,7,45,44,168,168,2,0.0125
8,59,3,7,35,44,164,166,0,0.0
8,60,4,7,35,44,155,156,2,0.0125
8,61,5,7,44,33,151,149,2,0.0125
8,62,6,7,45,35,162,160,3,0.01875
8,63,7,7,41,42,125,127,3,0.01875
9,0,0,0,45,40,119,122,3,0.01875
9,1,1,0,32,43,154,153,3,0.01875
9,2,2,0,38,40,148,149,2,0.0125
9,3,3,0,39,40,152,155,1,0.00625
9,4,4,0,37,38,150,149,4,0.025
9,5,5,0,37,37,152,152,3,0.01875
9,6,6,0,39,45,160,159,2,0.0125
9,7,7,0,40,40,118,119,2,0.0125
9,8,0,1,42,34,157,155,3,0.01875
9,9,1,1,44,45,210,209,4,0.025
9,10,2,1,40,31,195,194,5,0.03125
9,11,3,1,37,40,194,198,0,0.0
9,12,4,1,39,37,183,183,5,0.03125
9,13,5,1,43,38,200,200,2,0.0125
9,14,6,1,35,38,202,209,1,0.00625
9,15,7,1,42,38,161,155,4,0.025
9,16,0,2,32,40,150,151,2,0.0125
9,17,1,2,41,40,193,195,1,0.00625
9,18,2,2,34,44,198,199,2,0.0125
9,19,3,2,38,40,191,188,3,0.01875
9,20,4,2,35,34,182,182,2,0.0125
9,21,5,2,42,40,195,197,5,0.03125
9,22,6,2,45,43,217,218,4,0.025
9,23,7,2,42,41,165,163,2,0.0125
9,24,0,3,38,38,151,154,0,0.0
9,25,1,3,41,34,184,188,2,0.0125
9,26,2,3,37,43,194,195,2,0.0125
9,27,3,3,43,37,191,193,2,0.0125
9,28,4,3,44,37,198,194,3,0.01875
9,29,5,3,38,36,192,192,3,0.01875
9,30,6,3,41,44,206,203,4,0.025
9,31,7,3,34,41,159,157,1,0.00625
9,32,0,4,34,37,154,156,2,0.0125
9,33,1,4,38,38,196,197,4,0.025
9,34,2,4,44,41,208,209,4,0.025
9,35,3,4,30,37,192,193,1,0.00625
9,36,4,4,43,44,199,202,1,0.00625
9,37,5,4,40,45,208,210,3,0.01875
9,38,6,4,43,43,215,217,4,0.025
9,39,7,4,44,40,169,168,4,0.025
9,40,0,5,39,44,160,161,3,0.01875
9,41,1,5,38,36,191,187,7,0.04375
9,42,2,5,37,38,193,191,3,0.01875
9,43,3,5,42,42,197,194,5,0.03125
9,44,4,5,39,32,182,184,1,0.00625
9,45,5,5,43,42,195,196,2,0.0125
9,46,6,5,45,44,208,210,2,0.0125
9,47,7,5,35,44,161,162,3,0.01875
9,48,0,6,40,41,157,158,3,0.01875
9,49,1,6,45,38,200,200,4,0.025
9,50,2,6,34,36,192,196,2,0.0125
9,51,3,6,42,38,187,190,2,0.0125
9,52,4,6,39,41,204,202,3,0.01875
9,53,5,6,34,43,192,194,2,0.0125
9,54,6,6,44,42,207,203,2,0.0125
9,55,7,6,43,45,167,163,4,0.025
9,56,0,7,37,38,119,119,1,0.00625
9,57,1,7,39,41,162,161,3,0.01875
9,58,2,7,31,45,161,164,1,0.00625
9,59,3,7,39,34,149,149,3,0.01875
9,60,4,7,34,44,161,158,4,0.025
9,61,5,7,41,40,158,162,2,0.0125
9,62,6,7,36,40,164,163,4,0.025
9,63,7,7,43,39,119,121,2,0.0125
10,0,0,0,44,39,123,120,4,0.025
10,1,1,0,32,39,157,161,2,0.0125
10,2,2,0,34,44,152,155,1,0.00625
10,3,3,0,33,37,145,143,3,0.01875
10,4,4,0,41,30,141,143,1,0.00625
10,5,5,0,39,38,156,158,1,0.00625
10,6,6,0,39,39,157,154,4,0.025
10,7,7,0,41,39,115,115,3,0.01875
10,8,0,1,43,41,166,165,3,0.01875
10,9,1,1,36,44,208,209,2,0.0125
10,10,2,1,39,37,199,201,3,0.01875
10,11,3,1,40,35,198,194,6,0.0375
10,12,4,1,40,33,189,188,5,0.03125
10,13,5,1,28,41,192,191,3,0.01875
10,14,6,1,45,38,193,191,4,0.025
10,15,7,1,44,38,158,160,3,0.01875
10,16,0,2,40,44,165,166,2,0.0125
10,17,1,2,43,43,208,210,1,0.00625
10,18,2,2,45,37,212,212,3,0.01875
10,19,3,2,34,40,197,199,1,0.00625
10,20,4,2,35,40,183,184,2,0.0125
10,21,5,2,36,40,192,191,3,0.01875
10,22,6,2,43,30,188,187,4,0.025
10,23,7,2,42,39,163,164,3,0.01875
10,24,0,3,44,43,160,157,5,0.03125
10,25,1,3,44,39,205,204,3,0.01875
10,26,2,3,31,43,197,195,4,0.025
10,27,3,3,36,42,180,178,3,0.01875
10,28,4,3,34,35,171,173,4,0.025
10,29,5,3,41,37,182,181,3,0.01875
10,30,6,3,36,36,180,182,1,0.00625
10,31,7,3,36,43,152,153,3,0.01875
10,32,0,4,35,32,147,146,2,0.0125
10,33,1,4,37,42,199,199,2,0.0125
10,34,2,4,44,44,206,204,6,0.0375
10,35,3,4,41,29,190,189,3,0.01875
10,36,4,4,40,36,185,182,4,0.025
10,37,5,4,38,35,184,181,5,0.03125
10,38,6,4,40,36,184,186,3,0.01875
10,39,7,4,35,40,148,151,1,0.00625
10,40,0,5,44,42,166,164,3,0.01875
10,41,1,5,39,37,203,207,3,0.01875
10,42,2,5,38,37,196,196,3,0.01875
10,43,3,5,37,44,200,201,4,0.025
10,44,4,5,38,41,194,196,1,0.00625
10,45,5,5,40,38,195,195,3,0.01875
10,46,6,5,44,34,198,197,3,0.01875
10,47,7,5,42,39,163,164,1,0.00625
10,48,0,6,37,38,151,148,3,0.01875
10,49,1,6,44,44,201,201,3,0.01875
10,50,2,6,42,41,207,206,3,0.01875
10,51,3,6,38,39,195,195,4,0.025
10,52,4,6,41,42,186,186,3,0.01875
10,53,5,6,41,37,187,184,6,0.0375
10,54,6,6,43,40,190,192,2,0.0125
10,55,7,6,32,44,157,163,1,0.00625
10,56,0,7,46,36,121,119,3,0.01875
10,57,1,7,44,34,164,165,3,0.01875
10,58,2,7,41,45,168,166,2,0.0125
10,59,3,7,34,44,158,156,2,0.0125
10,60,4,7,35,36,144,146,3,0.01875
10,61,5,7,35,38,150,148,3,0.01875
10,62,6,7,38,35,147,148,1,0.00625
10,63,7,7,40,44,123,120,3,0.01875
11,0,0,0,43,41,129,132,3,0.01875
11,1,1,0,32,42,160,160,1,0.00625
11,2,2,0,37,43,157,157,1,0.00625
11,3,3,0,45,38,165,163,3,0.01875
11,4,4,0,34,43,164,164,3,0.01875
11,5,5,0,46,33,155,153,1,0.00625
11,6,6,0,42,30,161,160,4,0.025
11,7,7,0,43,40,128,126,4,0.025
11,8,0,1,35,42,166,167,2,0.0125
11,9,1,1,43,44,209,209,2,0.0125
11,10,2,1,39,30,202,201,5,0.03125
11,11,3,1,30,38,191,192,3,0.01875
11,12,4,1,38,42,199,202,2,0.0125
11,13,5,1,45,34,195,196,4,0.025
11,14,6,1,45,45,208,206,3,0.01875
11,15,7,1,43,43,173,174,4,0.025
11,16,0,2,44,44,173,172,4,0.025
11,17,1,2,40,39,207,206,1,0.00625
11,18,2,2,45,42,212,213,2,0.0125
11,19,3,2,40,41,206,204,5,0.03125
11,20,4,2,34,32,191,189,3,0.01875
11,21,5,2,34,39,183,186,2,0.0125
11,22,6,2,38,42,189,194,1,0.00625
11,23,7,2,40,45,165,166,1,0.00625
11,24,0,3,34,44,155,159,2,0.0125
11,25,1,3,43,43,200,199,2,0.0125
11,26,2,3,40,40,204,205,1,0.00625
11,27,3,3,36,45,194,197,2,0.0125
11,28,4,3,40,38,196,194,4,0.025
11,29,5,3,42,33,185,189,1,0.00625
11,30,6,3,38,34,188,188,2,0.0125
11,31,7,3,37,40,154,155,2,0.0125
11,32,0,4,36,37,156,154,3,0.01875
11,33,1,4,41,35,192,194,3,0.01875
11,34,2,4,44,45,213,212,4,0.025
11,35,3,4,45,39,206,211,1,0.00625
11,36,4,4,38,37,203,202,3,0.01875
11,37,5,4,38,38,193,196,3,0.01875
11,38,6,4,37,44,195,193,4,0.025
11,39,7,4,43,37,164,159,5,0.03125
11,40,0,5,39,39,152,153,3,0.01875
11,41,1,5,36,35,186,188,3,0.01875
11,42,2,5,40,40,197,195,6,0.0375
11,43,3,5,45,44,199,200,2,0.0125
11,44,4,5,40,43,202,199,2,0.0125
11,45,5,5,41,39,191,190,1,0.00625
11,46,6,5,45,38,193,193,4,0.025
11,47,7,5,33,39,158,157,1,0.00625
11,48,0,6,42,34,155,155,4,0.025
11,49,1,6,37,39,198,200,1,0.00625
11,50,2,6,37,37,194,194,3,0.01875
11,51,3,6,45,37,198,194,6,0.0375
11,52,4,6,38,41,204,206,1,0.00625
11,53,5,6,43,39,201,199,4,0.025
11,54,6,6,41,44,202,200,4,0.025
11,55,7,6,41,45,165,162,2,0.0125
11,56,0,7,40,38,119,122,0,0.0
11,57,1,7,43,42,168,168,2,0.0125
11,58,2,7,41,38,163,165,0,0.0
11,59,3,7,43,36,160,159,4,0.025
11,60,4,7,37,45,165,166,0,0.0
11,61,5,7,37,43,158,158,4,0.025
11,62,6,7,38,43,159,159,1,0.00625
11,63,7,7,39,41,120,121,2,0.0125
12,0,0,0,31,37,111,112,2,0.0125
12,1,1,0,32,38,144,141,3,0.01875
12,2,2,0,42,43,155,154,0,0.0
12,3,3,0,44,42,173,173,5,0.03125
12,4,4,0,37,43,168,164,5,0.03125
12,5,5,0,42,29,151,154,0,0.0
12,6,6,0,43,45,173,175,3,0.01875
12,7,7,0,43,30,113,115,3,0.01875
12,8,0,1,39,43,155,157,0,0.0
12,9,1,1,38,33,185,188,1,0.00625
12,10,2,1,34,28,181,183,3,0.01875
12,11,3,1,43,42,198,197,4,0.025
12,12,4,1,37,44,202,203,2,0.0125
12,13,5,1,43,36,183,181,3,0.01875
12,14,6,1,39,45,208,208,3,0.01875
12,15,7,1,38,42,148,145,5,0.03125
12,16,0,2,36,37,151,153,2,0.0125
12,17,1,2,31,39,188,183,4,0.025
12,18,2,2,37,40,190,191,2,0.0125
12,19,3,2,39,34,198,200,3,0.01875
12,20,4,2,39,41,203,203,3,0.01875
12,21,5,2,39,37,185,184,3,0.01875
12,22,6,2,40,43,205,199,4,0.025
12,23,7,2,44,39,154,151,2,0.0125
12,24,0,3,38,41,156,156,1,0.00625
12,25,1,3,44,38,199,199,3,0.01875
12,26,2,3,43,29,200,198,4,0.025
12,27,3,3,38,43,209,207,3,0.01875
12,28,4,3,39,41,201,204,2,0.0125
12,29,5,3,35,40,185,183,4,0.025
12,30,6,3,40,37,194,191,4,0.025
12,31,7,3,44,41,154,152,4,0.025
12,32,0,4,41,40,160,160,2,0.0125
12,33,1,4,38,39,199,198,2,0.0125
12,34,2,4,47,43,215,215,5,0.03125
12,35,3,4,37,43,215,212,1,0.00625
12,36,4,4,45,38,208,209,3,0.01875
12,37,5,4,38,41,191,193,3,0.01875
12,38,6,4,28,38,181,186,1,0.00625
12,39,7,4,37,41,134,141,1,0.00625
12,40,0,5,42,41,154,153,4,0.025
12,41,1,5,41,41,195,193,3,0.01875
12,42,2,5,44,40,197,201,3,0.01875
12,43,3,5,44,47,210,208,5,0.03125
12,44,4,5,42,40,202,200,2,0.0125
12,45,5,5,43,44,187,185,6,0.0375
12,46,6,5,43,39,197,198,1,0.00625
12,47,7,5,32,31,136,138,2,0.0125
12,48,0,6,40,30,153,156,3,0.01875
12,49,1,6,40,43,208,206,3,0.01875
12,50,2,6,38,40,205,202,5,0.03125
12,51,3,6,43,44,213,213,4,0.025
12,52,4,6,40,43,215,217,1,0.00625
12,53,5,6,42,40,190,194,2,0.0125
12,54,6,6,41,40,209,208,4,0.025
12,55,7,6,41,45,162,161,3,0.01875
12,56,0,7,39,45,121,119,3,0.01875
12,57,1,7,41,43,158,161,1,0.00625
12,58,2,7,45,38,165,162,5,0.03125
12,59,3,7,45,37,163,165,2,0.0125
12,60,4,7,28,45,156,153,3,0.01875
12,61,5,7,40,37,142,142,1,0.00625
12,62,6,7,30,44,152,154,2,0.0125
12,63,7,7,38,40,109,109,3,0.01875
13,0,0,0,42,41,112,113,1,0.00625
13,1,1,0,37,34,143,143,2,0.0125
13,2,2,0,39,34,144,140,3,0.01875
13,3,3,0,44,45,156,157,4,0.025
13,4,4,0,34,44,156,158,3,0.01875
13,5,5,0,37,37,140,140,1,0.00625
13,6,6,0,44,37,150,148,3,0.01875
13,7,7,0,28,40,113,114,1,0.00625
13,8,0,1,37,35,153,150,2,0.0125
13,9,1,1,43,41,194,191,3,0.01875
13,10,2,1,43,38,198,198,4,0.025
13,11,3,1,44,38,212,211,5,0.03125
13,12,4,1,41,44,215,214,1,0.00625
13,13,5,1,44,36,194,196,4,0.025
13,14,6,1,42,37,204,207,1,0.00625
13,15,7,1,42,44,169,171,3,0.01875
13,16,0,2,31,42,155,155,2,0.0125
13,17,1,2,43,35,184,186,3,0.01875
13,18,2,2,40,41,203,200,4,0.025
13,19,3,2,36,41,204,200,4,0.025
13,20,4,2,34,44,202,202,3,0.01875
13,21,5,2,37,40,186,189,2,0.0125
13,22,6,2,44,44,205,206,4,0.025
13,23,7,2,42,44,166,166,4,0.025
13,24,0,3,38,40,165,164,2,0.0125
13,25,1,3,39,35,189,189,2,0.0125
13,26,2,3,38,44,199,203,0,0.0
13,27,3,3,41,36,203,203,3,0.01875
13,28,4,3,38,36,201,202,1,0.00625
13,29,5,3,35,34,186,186,2,0.0125
13,30,6,3,43,41,205,206,3,0.01875
13,31,7,3,44,41,167,164,6,0.0375
13,32,0,4,45,45,167,167,3,0.01875
13,33,1,4,41,39,193,192,2,0.0125
13,34,2,4,37,40,188,192,2,0.0125
13,35,3,4,38,38,199,198,3,0.01875
13,36,4,4,44,39,203,201,5,0.03125
13,37,5,4,38,38,197,194,3,0.01875
13,38,6,4,45,34,201,200,3,0.01875
13,39,7,4,43,38,164,161,3,0.01875
13,40,0,5,42,39,152,153,1,0.00625
13,41,1,5,46,43,194,195,3,0.01875
13,42,2,5,45,42,196,193,4,0.025
13,43,3,5,45,38,203,204,4,0.025
13,44,4,5,44,38,201,203,3,0.01875
13,45,5,5,34,44,191,191,2,0.0125
13,46,6,5,36,40,184,185,2,0.0125
13,47,7,5,35,41,151,147,3,0.01875
13,48,0,6,39,34,150,151,1,0.00625
13,49,1,6,44,43,198,195,5,0.03125
13,50,2,6,40,44,203,205,1,0.00625
13,51,3,6,46,45,216,220,3,0.01875
13,52,4,6,41,45,218,214,4,0.025
13,53,5,6,44,44,207,205,4,0.025
13,54,6,6,44,36,207,209,4,0.025
13,55,7,6,43,36,159,160,1,0.00625
13,56,0,7,27,40,108,108,2,0.0125
13,57,1,7,37,36,143,143,1,0.00625
13,58,2,7,44,45,164,162,4,0.025
13,59,3,7,44,43,174,173,3,0.01875
13,60,4,7,38,44,166,168,1,0.00625
13,61,5,7,44,41,162,162,3,0.01875
13,62,6,7,40,42,166,163,4,0.025
13,63,7,7,42,44,125,123,3,0.01875
14,0,0,0,28,44,117,114,3,0.01875
14,1,1,0,41,31,144,143,4,0.025
14,2,2,0,32,43,156,157,5,0.03125
14,3,3,0,43,44,160,161,4,0.025
14,4,4,0,43,44,170,171,2,0.0125
14,5,5,0,36,38,162,161,1,0.00625
14,6,6,0,41,44,168,169,2,0.0125
14,7,7,0,47,38,131,129,3,0.01875
14,8,0,1,34,39,156,159,1,0.00625
14,9,1,1,38,28,169,172,1,0.00625
14,10,2,1,32,40,190,190,2,0.0125
14,11,3,1,44,29,184,185,3,0.01875
14,12,4,1,41,43,209,206,5,0.03125
14,13,5,1,44,41,204,204,4,0.025
14,14,6,1,47,35,206,204,5,0.03125
14,15,7,1,37,44,164,166,2,0.0125
14,16,0,2,31,38,157,157,1,0.00625
14,17,1,2,46,37,190,189,4,0.025
14,18,2,2,35,43,207,209,3,0.01875
14,19,3,2,40,35,193,198,0,0.0
14,20,4,2,39,44,207,210,0,0.0
14,21,5,2,47,40,207,205,3,0.01875
14,22,6,2,38,44,218,219,3,0.01875
14,23,7,2,44,45,171,171,2,0.0125
14,24,0,3,43,44,172,169,3,0.01875
14,25,1,3,38,28,179,182,0,0.0
14,26,2,3,40,45,209,202,6,0.0375
14,27,3,3,38,33,200,199,4,0.025
14,28,4,3,34,39,196,197,2,0.0125
14,29,5,3,38,37,190,190,2,0.0125
14,30,6,3,43,43,207,209,2,0.0125
14,31,7,3,40,42,165,170,2,0.0125
14,32,0,4,44,41,171,172,2,0.0125
14,33,1,4,44,39,201,202,3,0.01875
14,34,2,4,41,38,205,202,4,0.025
14,35,3,4,36,40,199,196,4,0.025
14,36,4,4,41,40,201,204,1,0.00625
14,37,5,4,36,33,192,195,0,0.0
14,38,6,4,41,36,200,199,2,0.0125
14,39,7,4,38,45,168,168,2,0.0125
14,40,0,5,46,42,179,176,6,0.0375
14,41,1,5,38,44,204,205,2,0.0125
14,42,2,5,34,41,199,203,1,0.00625
14,43,3,5,44,40,206,208,3,0.01875
14,44,4,5,42,35,210,206,4,0.025
14,45,5,5,34,44,205,206,3,0.01875
14,46,6,5,40,35,198,198,3,0.01875
14,47,7,5,45,44,170,172,3,0.01875
14,48,0,6,45,44,169,169,2,0.0125
14,49,1,6,37,44,194,198,2,0.0125
14,50,2,6,39,38,196,196,3,0.01875
14,51,3,6,40,37,192,194,1,0.00625
14,52,4,6,28,44,190,189,3,0.01875
14,53,5,6,35,45,180,181,4,0.025
14,54,6,6,45,32,189,187,3,0.01875
14,55,7,6,37,41,163,164,3,0.01875
14,56,0,7,36,36,117,117,1,0.00625
14,57,1,7,39,45,164,162,1,0.00625
14,58,2,7,44,42,171,173,3,0.01875
14,59,3,7,40,36,162,163,3,0.01875
14,60,4,7,40,42,165,165,1,0.00625
14,61,5,7,40,26,151,152,2,0.0125
14,62,6,7,39,36,158,161,2,0.0125
14,63,7,7,41,45,126,131,1,0.00625
15,0,0,0,40,37,116,118,2,0.0125
15,1,1,0,44,38,164,163,4,0.025
15,2,2,0,44,38,168,168,3,0.01875
15,3,3,0,36,44,167,166,3,0.01875
15,4,4,0,33,37,151,154,1,0.00625
15,5,5,0,34,33,143,145,1,0.00625
15,6,6,0,44,34,150,151,2,0.0125
15,7,7,0,40,40,119,122,1,0.00625
15,8,0,1,44,42,165,162,3,0.01875
15,9,1,1,39,40,202,202,2,0.0125
15,10,2,1,36,44,202,200,3,0.01875
15,11,3,1,43,44,205,208,3,0.01875
15,12,4,1,43,41,204,206,4,0.025
15,13,5,1,38,39,192,192,2,0.0125
15,14,6,1,44,37,192,191,3,0.01875
15,15,7,1,38,41,164,161,3,0.01875
15,16,0,2,30,42,152,154,0,0.0
15,17,1,2,43,40,192,195,3,0.01875
15,18,2,2,45,38,208,208,2,0.0125
15,19,3,2,47,34,213,211,4,0.025
15,20,4,2,45,43,214,211,3,0.01875
15,21,5,2,42,43,211,209,3,0.01875
15,22,6,2,36,38,195,195,4,0.025
15,23,7,2,43,44,162,163,3,0.01875
15,24,0,3,44,45,166,168,3,0.01875
15,25,1,3,42,30,198,198,2,0.0125
15,26,2,3,42,43,208,212,1,0.00625
15,27,3,3,46,45,217,218,4,0.025
15,28,4,3,37,45,207,207,2,0.0125
15,29,5,3,42,44,201,201,2,0.0125
15,30,6,3,42,43,200,197,5,0.03125
15,31,7,3,38,34,154,154,2,0.0125
15,32,0,4,39,44,160,160,4,0.025
15,33,1,4,32,44,195,195,3,0.01875
15,34,2,4,43,42,199,200,3,0.01875
15,35,3,4,32,44,200,200,3,0.01875
15,36,4,4,34,44,185,188,0,0.0
15,37,5,4,41,40,192,190,2,0.0125
15,38,6,4,40,41,194,194,0,0.0
15,39,7,4,40,40,161,158,4,0.025
15,40,0,5,45,41,163,165,4,0.025
15,41,1,5,42,39,206,205,3,0.01875
15,42,2,5,39,36,200,199,3,0.01875
15,43,3,5,44,44,214,210,5,0.03125
15,44,4,5,34,33,190,193,2,0.0125
15,45,5,5,37,36,184,185,3,0.01875
15,46,6,5,45,43,200,199,3,0.01875
15,47,7,5,44,38,166,168,1,0.00625
15,48,0,6,37,44,159,160,1,0.00625
15,49,1,6,32,45,199,199,2,0.0125
15,50,2,6,44,42,199,199,3,0.01875
15,51,3,6,40,37,207,203,3,0.01875
15,52,4,6,42,44,205,206,2,0.0125
15,53,5,6,40,31,191,187,5,0.03125
15,54,6,6,40,38,192,194,2,0.0125
15,55,7,6,42,44,170,170,3,0.01875
15,56,0,7,39,43,114,111,3,0.01875
15,57,1,7,42,43,153,153,3,0.01875
15,58,2,7,39,30,142,144,3,0.01875
15,59,3,7,40,44,160,157,4,0.025
15,60,4,7,32,38,144,146,1,0.00625
15,61,5,7,33,42,141,141,2,0.0125
15,62,6,7,44,39,149,148,2,0.0125
15,63,7,7,34,44,119,118,0,0.0
16,0,0,0,39,36,112,112,1,0.00625
16,1,1,0,44,43,161,163,4,0.025
16,2,2,0,44,45,168,167,4,0.025
16,3,3,0,31,38,147,149,1,0.00625
16,4,4,0,44,44,153,148,5,0.03125
16,5,5,0,39,40,154,151,2,0.0125
16,6,6,0,37,39,149,150,1,0.00625
16,7,7,0,32,45,116,116,0,0.0
16,8,0,1,34,38,143,146,1,0.00625
16,9,1,1,39,39,197,193,2,0.0125
16,10,2,1,46,44,209,209,3,0.01875
16,11,3,1,41,44,212,210,3,0.01875
16,12,4,1,45,32,203,204,2,0.0125
16,13,5,1,45,38,207,208,2,0.0125
16,14,6,1,32,38,194,196,2,0.0125
16,15,7,1,39,40,160,162,2,0.0125
16,16,0,2,44,37,162,158,3,0.01875
16,17,1,2,43,35,210,208,4,0.025
16,18,2,2,36,36,203,205,1,0.00625
16,19,3,2,45,44,210,208,5,0.03125
16,20,4,2,43,43,218,219,4,0.025
16,21,5,2,41,45,214,215,2,0.0125
16,22,6,2,40,45,209,210,3,0.01875
16,23,7,2,42,38,164,166,2,0.0125
16,24,0,3,38,44,153,153,2,0.0125
16,25,1,3,42,41,203,201,2,0.0125
16,26,2,3,43,43,207,206,4,0.025
16,27,3,3,33,38,188,188,1,0.00625
16,28,4,3,44,45,203,199,5,0.03125
16,29,5,3,40,43,201,199,4,0.025
16,30,6,3,41,43,200,201,3,0.01875
16,31,7,3,39,40,166,163,4,0.025
16,32,0,4,39,33,149,150,2,0.0125
16,33,1,4,34,41,200,201,0,0.0
16,34,2,4,45,42,208,210,2,0.0125
16,35,3,4,41,42,209,210,4,0.025
16,36,4,4,42,36,206,204,1,0.00625
16,37,5,4,43,40,207,206,2,0.0125
16,38,6,4,46,39,214,212,4,0.025
16,39,7,4,46,41,175,175,5,0.03125
16,40,0,5,39,40,154,156,2,0.0125
16,41,1,5,37,39,198,200,1,0.00625
16,42,2,5,42,35,201,201,2,0.0125
16,43,3,5,44,44,212,214,5,0.03125
16,44,4,5,44,38,212,210,3,0.01875
16,45,5,5,46,39,209,207,5,0.03125
16,46,6,5,44,42,211,209,4,0.025
16,47,7,5,39,44,173,170,4,0.025
16,48,0,6,40,39,157,158,0,0.0
16,49,1,6,33,39,193,192,3,0.01875
16,50,2,6,45,40,196,196,2,0.0125
16,51,3,6,45,43,206,209,2,0.0125
16,52,4,6,42,44,211,212,3,0.01875
16,53,5,6,43,44,207,207,6,0.0375
16,54,6,6,25,45,187,190,0,0.0
16,55,7,6,31,43,146,144,3,0.01875
16,56,0,7,44,39,123,126,2,0.0125
16,57,1,7,45,38,167,167,1,0.00625
16,58,2,7,43,32,158,156,4,0.025
16,59,3,7,39,45,166,168,1,0.00625
16,60,4,7,45,45,169,167,3,0.01875
16,61,5,7,39,43,161,161,3,0.01875
16,62,6,7,45,43,163,164,3,0.01875
16,63,7,7,36,25,104,104,1,0.00625
17,0,0,0,40,35,112,112,1,0.00625
17,1,1,0,36,45,158,158,2,0.0125
17,2,2,0,33,44,152,156,2,0.0125
17,3,3,0,35,42,150,150,1,0.00625
17,4,4,0,44,33,149,149,5,0.03125
17,5,5,0,39,42,158,159,1,0.00625
17,6,6,0,44,40,155,155,2,0.0125
17,7,7,0,36,45,122,121,1,0.00625
17,8,0,1,40,37,151,151,1,0.00625
17,9,1,1,45,38,207,207,2,0.0125
17,10,2,1,44,37,211,211,4,0.025
17,11,3,1,33,35,191,193,3,0.01875
17,12,4,1,43,33,184,183,4,0.025
17,13,5,1,42,44,210,210,3,0.01875
17,14,6,1,43,35,204,202,3,0.01875
17,15,7,1,43,43,170,168,4,0.025
17,16,0,2,45,40,157,156,4,0.025
17,17,1,2,38,40,204,208,2,0.0125
17,18,2,2,46,44,216,212,3,0.01875
17,19,3,2,38,44,206,207,2,0.0125
17,20,4,2,40,34,188,187,5,0.03125
17,21,5,2,34,43,194,194,1,0.00625
17,22,6,2,44,42,201,199,2,0.0125
17,23,7,2,40,38,163,164,1,0.00625
17,24,0,3,33,37,149,150,1,0.00625
17,25,1,3,40,45,206,207,2,0.0125
17,26,2,3,30,42,200,202,2,0.0125
17,27,3,3,41,44,201,203,0,0.0
17,28,4,3,44,40,201,203,3,0.01875
17,29,5,3,44,41,211,213,2,0.0125
17,30,6,3,40,36,202,204,2,0.0125
17,31,7,3,45,42,174,175,3,0.01875
17,32,0,4,40,45,161,160,2,0.0125
17,33,1,4,44,34,206,204,3,0.01875
17,34,2,4,43,40,209,210,2,0.0125
17,35,3,4,38,32,199,200,3,0.01875
17,36,4,4,43,41,200,198,2,0.0125
17,37,5,4,34,44,200,201,4,0.025
17,38,6,4,34,45,195,194,2,0.0125
17,39,7,4,43,44,164,168,2,0.0125
17,40,0,5,42,44,167,163,5,0.03125
17,41,1,5,35,40,209,208,3,0.01875
17,42,2,5,32,39,194,192,3,0.01875
17,43,3,5,45,43,203,204,2,0.0125
17,44,4,5,35,39,194,199,1,0.00625
17,45,5,5,30,41,188,190,3,0.01875
17,46,6,5,45,34,194,194,3,0.01875
17,47,7,5,44,36,170,169,3,0.01875
17,48,0,6,37,44,148,142,6,0.0375
17,49,1,6,36,42,191,190,2,0.0125
17,50,2,6,45,35,193,193,2,0.0125
17,51,3,6,45,32,198,196,4,0.025
17,52,4,6,45,45,204,200,6,0.0375
17,53,5,6,39,36,190,196,1,0.00625
17,54,6,6,37,35,189,186,3,0.01875
17,55,7,6,36,44,158,161,0,0.0
17,56,0,7,45,32,110,108,3,0.01875
17,57,1,7,41,33,151,152,1,0.00625
17,58,2,7,39,36,152,152,2,0.0125
17,59,3,7,38,45,152,156,1,0.00625
17,60,4,7,35,45,148,149,3,0.01875
17,61,5,7,41,44,157,156,3,0.01875
17,62,6,7,45,44,164,162,1,0.00625
17,63,7,7,39,33,119,116,3,0.01875
18,0,0,0,43,43,120,120,1,0.00625
18,1,1,0,46,42,168,168,3,0.01875
18,2,2,0,39,40,159,157,2,0.0125
18,3,3,0,36,41,149,151,1,0.00625
18,4,4,0,40,43,154,157,3,0.01875
18,5,5,0,42,37,162,159,4,0.025
18,6,6,0,31,39,153,152,2,0.0125
18,7,7,0,42,41,117,114,4,0.025
18,8,0,1,37,34,152,151,2,0.0125
18,9,1,1,35,45,195,198,2,0.0125
18,10,2,1,47,45,198,199,3,0.01875
18,11,3,1,36,37,199,199,3,0.01875
18,12,4,1,38,36,188,187,3,0.01875
18,13,5,1,43,41,199,196,3,0.01875
18,14,6,1,33,42,191,195,1,0.00625
18,15,7,1,36,31,144,146,2,0.0125
18,16,0,2,37,36,158,162,1,0.00625
18,17,1,2,36,39,201,201,1,0.00625
18,18,2,2,43,36,197,198,4,0.025
18,19,3,2,44,47,217,219,3,0.01875
18,20,4,2,38,36,199,199,5,0.03125
18,21,5,2,41,38,197,198,2,0.0125
18,22,6,2,42,44,203,205,3,0.01875
18,23,7,2,41,36,162,161,2,0.0125
18,24,0,3,31,45,167,167,1,0.00625
18,25,1,3,38,38,198,198,2,0.0125
18,26,2,3,40,38,202,200,4,0.025
18,27,3,3,43,43,215,210,3,0.01875
18,28,4,3,42,42,216,216,4,0.025
18,29,5,3,45,37,213,211,5,0.03125
18,30,6,3,30,36,201,197,3,0.01875
18,31,7,3,48,42,161,159,4,0.025
18,32,0,4,34,47,169,170,2,0.0125
18,33,1,4,31,32,184,184,1,0.00625
18,34,2,4,43,38,199,196,3,0.01875
18,35,3,4,37,38,202,204,1,0.00625
18,36,4,4,45,40,209,208,6,0.0375
18,37,5,4,35,43,202,203,2,0.0125
18,38,6,4,46,45,202,203,4,0.025
18,39,7,4,38,28,149,151,1,0.00625
18,40,0,5,40,41,169,173,1,0.00625
18,41,1,5,45,38,209,209,2,0.0125
18,42,2,5,39,35,198,199,3,0.01875
18,43,3,5,41,43,207,205,4,0.025
18,44,4,5,40,39,208,205,2,0.0125
18,45,5,5,32,45,199,198,1,0.00625
18,46,6,5,29,34,178,180,2,0.0125
18,47,7,5,43,44,160,160,4,0.025
18,48,0,6,39,45,164,166,3,0.01875
18,49,1,6,42,44,201,202,3,0.01875
18,50,2,6,43,43,202,201,4,0.025
18,51,3,6,43,37,204,204,4,0.025
18,52,4,6,31,44,192,195,3,0.01875
18,53,5,6,40,39,187,184,4,0.025
18,54,6,6,40,31,184,187,0,0.0
18,55,7,6,37,33,152,151,2,0.0125
18,56,0,7,43,36,122,122,3,0.01875
18,57,1,7,38,41,167,168,1,0.00625
18,58,2,7,44,40,165,166,3,0.01875
18,59,3,7,43,44,175,172,4,0.025
18,60,4,7,44,43,175,172,3,0.01875
18,61,5,7,40,32,157,156,1,0.00625
18,62,6,7,42,38,165,166,3,0.01875
18,63,7,7,43,44,130,129,4,0.025
19,0,0,0,38,41,126,125,3,0.01875
19,1,1,0,38,45,168,168,4,0.025
19,2,2,0,39,40,164,165,1,0.00625
19,3,3,0,39,45,169,168,1,0.00625
19,4,4,0,45,37,165,163,4,0.025
19,5,5,0,45,38,172,172,4,0.025
19,6,6,0,34,41,164,165,1,0.00625
19,7,7,0,45,41,119,119,3,0.01875
19,8,0,1,45,44,174,172,4,0.025
19,9,1,1,36,39,209,208,1,0.00625
19,10,2,1,44,42,211,213,2,0.0125
19,11,3,1,38,41,212,207,3,0.01875
19,12,4,1,36,37,185,189,1,0.00625
19,13,5,1,46,44,207,208,3,0.01875
19,14,6,1,38,45,213,209,4,0.025
19,15,7,1,44,34,153,153,3,0.01875
19,16,0,2,36,44,158,156,3,0.01875
19,17,1,2,33,42,192,190,1,0.00625
19,18,2,2,37,39,185,189,0,0.0
19,19,3,2,44,44,209,209,4,0.025
19,20,4,2,38,36,190,191,1,0.00625
19,21,5,2,45,37,194,193,3,0.01875
19,22,6,2,32,45,196,196,2,0.0125
19,23,7,2,30,36,146,145,1,0.00625
19,24,0,3,44,37,161,160,3,0.01875
19,25,1,3,41,35,206,205,4,0.025
19,26,2,3,36,31,193,195,3,0.01875
19,27,3,3,44,42,208,210,4,0.025
19,28,4,3,45,44,214,211,5,0.03125
19,29,5,3,40,41,208,209,3,0.01875
19,30,6,3,42,45,211,213,3,0.01875
19,31,7,3,41,37,160,163,3,0.01875
19,32,0,4,44,44,158,156,3,0.01875
19,33,1,4,41,39,197,196,4,0.025
19,34,2,4,44,41,196,197,2,0.0125
19,35,3,4,35,35,190,191,2,0.0125
19,36,4,4,44,44,188,189,3,0.01875
19,37,5,4,35,44,195,190,5,0.03125
19,38,6,4,41,40,186,188,4,0.025
19,39,7,4,32,42,159,155,3,0.01875
19,40,0,5,38,36,145,145,2,0.0125
19,41,1,5,42,39,203,202,3,0.01875
19,42,2,5,38,37,203,203,3,0.01875
19,43,3,5,44,44,217,217,4,0.025
19,44,4,5,39,36,195,197,1,0.00625
19,45,5,5,45,44,211,211,2,0.0125
19,46,6,5,43,33,203,205,1,0.00625
19,47,7,5,38,41,162,165,2,0.0125
19,48,0,6,40,39,153,151,3,0.01875
19,49,1,6,40,34,198,201,1,0.00625
19,50,2,6,35,41,202,204,2,0.0125
19,51,3,6,39,42,204,206,2,0.0125
19,52,4,6,32,42,193,196,2,0.0125
19,53,5,6,44,43,202,202,4,0.025
19,54,6,6,44,42,215,212,3,0.01875
19,55,7,6,42,41,169,168,2,0.0125
19,56,0,7,44,41,121,122,3,0.01875
19,57,1,7,43,38,162,160,2,0.0125
19,58,2,7,43,42,163,162,2,0.0125
19,59,3,7,30,39,147,147,3,0.01875
19,60,4,7,38,43,148,149,4,0.025
19,61,5,7,42,35,149,152,2,0.0125
19,62,6,7,41,43,162,159,4,0.025
19,63,7,7,35,42,116,119,2,0.0125
20,0,0,0,35,36,115,116,1,0.00625
20,1,1,0,37,44,160,161,1,0.00625
20,2,2,0,40,42,164,163,3,0.01875
20,3,3,0,46,41,173,171,3,0.01875
20,4,4,0,44,37,172,170,4,0.025
20,5,5,0,41,41,168,172,1,0.00625
20,6,6,0,35,42,166,167,1,0.00625
20,7,7,0,44,44,125,126,3,0.01875
20,8,0,1,35,45,159,161,2,0.0125
20,9,1,1,38,37,198,197,4,0.025
20,10,2,1,45,35,198,197,4,0.025
20,11,3,1,40,41,205,208,3,0.01875
20,12,4,1,41,44,210,209,3,0.01875
20,13,5,1,41,44,209,210,2,0.0125
20,14,6,1,38,44,212,211,3,0.01875
20,15,7,1,42,36,161,162,3,0.01875
20,16,0,2,39,44,151,151,1,0.00625
20,17,1,2,38,38,189,189,4,0.025
20,18,2,2,35,34,179,176,3,0.01875
20,19,3,2,43,45,192,191,2,0.0125
20,20,4,2,43,40,197,196,3,0.01875
20,21,5,2,44,42,199,197,4,0.025
20,22,6,2,35,43,200,198,3,0.01875
20,23,7,2,39,39,151,150,3,0.01875
20,24,0,3,37,28,148,147,3,0.01875
20,25,1,3,34,41,198,199,2,0.0125
20,26,2,3,41,35,192,193,1,0.00625
20,27,3,3,45,32,199,200,3,0.01875
20,28,4,3,33,44,198,201,2,0.0125
20,29,5,3,39,41,188,188,3,0.01875
20,30,6,3,36,44,196,197,3,0.01875
20,31,7,3,39,34,148,149,2,0.0125
20,32,0,4,45,43,162,164,2,0.0125
20,33,1,4,41,39,207,208,3,0.01875
20,34,2,4,44,34,200,200,2,0.0125
20,35,3,4,36,44,204,203,1,0.00625
20,36,4,4,43,45,205,203,4,0.025
20,37,5,4,42,38,198,202,3,0.01875
20,38,6,4,44,38,209,206,5,0.03125
20,39,7,4,42,37,163,164,3,0.01875
20,40,0,5,38,34,155,156,1,0.00625
20,41,1,5,30,45,197,199,1,0.00625
20,42,2,5,44,43,194,195,4,0.025
20,43,3,5,39,44,201,200,4,0.025
20,44,4,5,34,35,187,186,4,0.025
20,45,5,5,40,43,192,195,2,0.0125
20,46,6,5,45,42,204,203,1,0.00625
20,47,7,5,36,44,163,163,2,0.0125
20,48,0,6,41,40,156,158,2,0.0125
20,49,1,6,29,41,193,193,2,0.0125
20,50,2,6,41,35,176,177,1,0.00625
20,51,3,6,37,40,190,189,2,0.0125
20,52,4,6,37,39,192,189,2,0.0125
20,53,5,6,35,35,181,183,3,0.01875
20,54,6,6,34,43,189,191,0,0.0
20,55,7,6,34,43,151,152,2,0.0125
20,56,0,7,45,37,121,121,2,0.0125
20,57,1,7,40,41,166,166,3,0.01875
20,58,2,7,39,28,150,149,2,0.0125
20,59,3,7,46,37,162,161,5,0.03125
20,60,4,7,37,36,155,157,2,0.0125
20,61,5,7,40,37,157,157,1,0.00625
20,62,6,7,39,38,158,161,3,0.01875
20,63,7,7,36,34,111,113,1,0.00625
21,0,0,0,42,37,125,122,4,0.025
21,1,1,0,32,45,160,162,0,0.0
21,2,2,0,33,36,148,146,4,0.025
21,3,3,0,43,41,160,160,3,0.01875
21,4,4,0,45,44,178,179,3,0.01875
21,5,5,0,37,39,169,166,2,0.0125
21,6,6,0,46,42,169,167,3,0.01875
21,7,7,0,45,37,125,124,3,0.01875
21,8,0,1,32,44,157,157,3,0.01875
21,9,1,1,44,38,201,201,2,0.0125
21,10,2,1,44,34,203,202,3,0.01875
21,11,3,1,42,30,206,206,4,0.025
21,12,4,1,43,44,218,216,4,0.025
21,13,5,1,38,45,206,210,0,0.0
21,14,6,1,30,38,189,191,1,0.00625
21,15,7,1,45,43,156,155,3,0.01875
21,16,0,2,42,42,160,160,4,0.025
21,17,1,2,42,34,200,200,2,0.0125
21,18,2,2,38,45,203,202,3,0.01875
21,19,3,2,45,44,214,214,3,0.01875
21,20,4,2,36,43,210,210,2,0.0125
21,21,5,2,37,41,199,198,4,0.025
21,22,6,2,47,38,203,205,3,0.01875
21,23,7,2,36,30,150,151,1,0.00625
21,24,0,3,40,41,152,153,4,0.025
21,25,1,3,38,40,198,194,4,0.025
21,26,2,3,45,42,194,193,3,0.01875
21,27,3,3,44,41,210,206,5,0.03125
21,28,4,3,41,44,214,215,4,0.025
21,29,5,3,37,38,196,197,2,0.0125
21,30,6,3,43,40,205,204,3,0.01875
21,31,7,3,40,43,163,163,2,0.0125
21,32,0,4,38,33,154,153,3,0.01875
21,33,1,4,44,39,211,210,5,0.03125
21,34,2,4,45,36,207,207,3,0.01875
21,35,3,4,41,42,211,211,2,0.0125
21,36,4,4,41,44,213,213,4,0.025
21,37,5,4,42,38,209,208,3,0.01875
21,38,6,4,41,39,213,212,4,0.025
21,39,7,4,45,40,169,169,2,0.0125
21,40,0,5,28,44,150,149,0,0.0
21,41,1,5,41,38,195,191,4,0.025
21,42,2,5,45,43,209,207,5,0.03125
21,43,3,5,33,45,206,211,1,0.00625
21,44,4,5,44,38,200,202,0,0.0
21,45,5,5,41,41,209,204,3,0.01875
21,46,6,5,34,45,202,201,3,0.01875
21,47,7,5,44,42,163,162,2,0.0125
21,48,0,6,44,39,158,157,2,0.0125
21,49,1,6,30,28,183,180,2,0.0125
21,50,2,6,39,36,184,181,1,0.00625
21,51,3,6,36,45,198,199,2,0.0125
21,52,4,6,34,37,185,185,3,0.01875
21,53,5,6,47,41,198,195,5,0.03125
21,54,6,6,38,37,195,193,2,0.0125
21,55,7,6,38,35,153,150,5,0.03125
21,56,0,7,44,32,117,117,4,0.025
21,57,1,7,41,44,169,167,5,0.03125
21,58,2,7,46,31,153,155,3,0.01875
21,59,3,7,41,38,164,164,2,0.0125
21,60,4,7,41,37,162,161,4,0.025
21,61,5,7,41,35,153,150,2,0.0125
21,62,6,7,42,42,162,161,4,0.025
21,63,7,7,40,37,118,115,3,0.01875
22,0,0,0,36,35,114,116,1,0.00625
22,1,1,0,44,39,164,164,2,0.0125
22,2,2,0,45,42,170,171,5,0.03125
22,3,3,0,41,45,174,176,1,0.00625
22,4,4,0,42,39,168,170,2,0.0125
22,5,5,0,44,40,171,170,3,0.01875
22,6,6,0,41,42,172,169,4,0.025
22,7,7,0,44,39,125,127,2,0.0125
22,8,0,1,43,45,160,158,1,0.00625
22,9,1,1,45,38,203,202,3,0.01875
22,10,2,1,40,42,204,206,1,0.00625
22,11,3,1,43,45,212,210,4,0.025
22,12,4,1,40,43,200,203,3,0.01875
22,13,5,1,41,44,208,204,5,0.03125
22,14,6,1,40,41,197,200,1,0.00625
22,15,7,1,36,42,157,157,2,0.0125
22,16,0,2,36,39,148,147,3,0.01875
22,17,1,2,45,38,200,198,3,0.01875
22,18,2,2,48,44,210,208,5,0.03125
22,19,3,2,45,44,215,215,5,0.03125
22,20,4,2,31,41,191,194,3,0.01875
22,21,5,2,31,43,182,185,2,0.0125
22,22,6,2,45,39,196,193,5,0.03125
22,23,7,2,42,40,166,164,2,0.0125
22,24,0,3,42,38,157,157,3,0.01875
22,25,1,3,42,38,200,201,3,0.01875
22,26,2,3,44,44,216,214,6,0.0375
22,27,3,3,43,43,215,217,3,0.01875
22,28,4,3,37,45,204,201,3,0.01875
22,29,5,3,44,31,197,196,4,0.025
22,30,6,3,40,30,197,198,3,0.01875
22,31,7,3,42,45,168,168,2,0.0125
22,32,0,4,40,43,154,155,2,0.0125
22,33,1,4,41,41,195,196,4,0.025
22,34,2,4,45,44,201,200,2,0.0125
22,35,3,4,45,44,212,212,3,0.01875
22,36,4,4,36,43,195,198,3,0.01875
22,37,5,4,46,37,194,192,6,0.0375
22,38,6,4,34,42,192,198,1,0.00625
22,39,7,4,29,42,147,147,1,0.00625
22,40,0,5,43,37,152,148,6,0.0375
22,41,1,5,39,41,193,196,1,0.00625
22,42,2,5,42,40,196,199,2,0.0125
22,43,3,5,36,45,202,203,1,0.00625
22,44,4,5,35,45,189,188,3,0.01875
22,45,5,5,37,38,182,186,1,0.00625
22,46,6,5,33,43,194,195,1,0.00625
22,47,7,5,38,39,147,146,2,0.0125
22,48,0,6,38,37,150,151,2,0.0125
22,49,1,6,43,40,201,198,6,0.0375
22,50,2,6,38,42,196,198,1,0.00625
22,51,3,6,36,43,202,200,1,0.00625
22,52,4,6,44,35,189,190,4,0.025
22,53,5,6,32,33,185,188,3,0.01875
22,54,6,6,32,38,190,191,3,0.01875
22,55,7,6,38,35,142,144,1,0.00625
22,56,0,7,37,39,110,111,1,0.00625
22,57,1,7,36,40,146,150,0,0.0
22,58,2,7,45,40,157,155,3,0.01875
22,59,3,7,40,39,159,159,5,0.03125
22,60,4,7,40,35,147,148,2,0.0125
22,61,5,7,42,39,158,160,1,0.00625
22,62,6,7,36,36,151,155,1,0.00625
22,63,7,7,38,32,106,108,1,0.00625
23,0,0,0,36,42,115,116,1,0.00625
23,1,1,0,44,34,152,151,3,0.01875
23,2,2,0,36,39,159,159,2,0.0125
23,3,3,0,36,44,161,161,1,0.00625
23,4,4,0,41,44,160,159,4,0.025
23,5,5,0,37,43,159,162,0,0.0
23,6,6,0,41,43,160,165,2,0.0125
23,7,7,0,38,43,122,123,0,0.0
23,8,0,1,46,39,163,164,2,0.0125
23,9,1,1,44,37,196,196,4,0.025
23,10,2,1,36,42,203,201,3,0.01875
23,11,3,1,38,43,199,202,1,0.00625
23,12,4,1,42,39,206,204,3,0.01875
23,13,5,1,40,39,203,202,4,0.025
23,14,6,1,43,40,209,207,0,0.0
23,15,7,1,38,41,164,165,1,0.00625
23,16,0,2,28,38,147,147,4,0.025
23,17,1,2,45,45,188,189,4,0.025
23,18,2,2,34,45,206,208,3,0.01875
23,19,3,2,45,33,199,196,3,0.01875
23,20,4,2,45,43,220,216,5,0.03125
23,21,5,2,39,39,207,205,6,0.0375
23,22,6,2,44,41,208,208,4,0.025
23,23,7,2,41,41,170,172,3,0.01875
23,24,0,3,45,41,169,168,3,0.01875
23,25,1,3,34,27,183,182,3,0.01875
23,26,2,3,44,45,208,207,3,0.01875
23,27,3,3,39,34,207,209,3,0.01875
23,28,4,3,36,45,210,215,1,0.00625
23,29,5,3,38,42,204,205,1,0.00625
23,30,6,3,40,38,203,204,1,0.00625
23,31,7,3,45,44,173,171,4,0.025
23,32,0,4,42,44,156,155,4,0.025
23,33,1,4,45,45,191,191,4,0.025
23,34,2,4,45,37,197,197,3,0.01875
23,35,3,4,41,44,208,205,6,0.0375
23,36,4,4,39,42,197,196,4,0.025
23,37,5,4,44,37,192,191,5,0.03125
23,38,6,4,37,39,194,194,1,0.00625
23,39,7,4,29,42,147,150,0,0.0
23,40,0,5,36,32,148,153,0,0.0
23,41,1,5,44,41,197,197,3,0.01875
23,42,2,5,42,45,212,210,3,0.01875
23,43,3,5,35,45,210,208,2,0.0125
23,44,4,5,35,43,205,203,3,0.01875
23,45,5,5,37,37,200,198,4,0.025
23,46,6,5,37,44,205,204,3,0.01875
23,47,7,5,44,33,161,162,3,0.01875
23,48,0,6,37,42,155,157,0,0.0
23,49,1,6,41,39,183,188,1,0.00625
23,50,2,6,35,43,200,201,2,0.0125
23,51,3,6,37,41,197,199,2,0.0125
23,52,4,6,38,37,197,198,1,0.00625
23,53,5,6,37,39,199,197,3,0.01875
23,54,6,6,45,36,197,196,3,0.01875
23,55,7,6,39,39,165,165,3,0.01875
23,56,0,7,29,41,107,107,1,0.00625
23,57,1,7,39,36,144,143,0,0.0
23,58,2,7,39,44,162,166,1,0.00625
23,59,3,7,44,37,164,163,4,0.025
23,60,4,7,44,35,166,163,4,0.025
23,61,5,7,46,41,170,169,4,0.025
23,62,6,7,45,33,164,160,5,0.03125
23,63,7,7,38,44,127,126,1,0.00625
24,0,0,0,40,36,117,116,1,0.00625
24,1,1,0,38,38,155,154,3,0.01875
24,2,2,0,36,38,153,156,1,0.00625
24,3,3,0,44,41,162,158,4,0.025
24,4,4,0,37,43,161,165,0,0.0
24,5,5,0,37,43,157,155,2,0.0125
24,6,6,0,43,40,158,157,3,0.01875
24,7,7,0,38,35,117,116,1,0.00625
24,8,0,1,41,40,164,168,0,0.0
24,9,1,1,38,37,201,203,3,0.01875
24,10,2,1,39,40,201,201,3,0.01875
24,11,3,1,31,37,189,189,4,0.025
24,12,4,1,42,38,195,196,2,0.0125
24,13,5,1,33,40,197,202,1,0.00625
24,14,6,1,40,37,193,194,1,0.00625
24,15,7,1,40,42,161,160,1,0.00625
24,16,0,2,35,44,157,158,2,0.0125
24,17,1,2,32,44,187,189,2,0.0125
24,18,2,2,38,40,187,191,0,0.0
24,19,3,2,37,38,194,196,4,0.025
24,20,4,2,47,26,189,190,5,0.03125
24,21,5,2,41,42,203,207,2,0.0125
24,22,6,2,43,36,194,197,4,0.025
24,23,7,2,35,41,153,152,1,0.00625
24,24,0,3,35,39,157,160,2,0.0125
24,25,1,3,40,36,193,195,3,0.01875
24,26,2,3,36,34,187,192,1,0.00625
24,27,3,3,35,41,200,200,4,0.025
24,28,4,3,37,38,193,192,0,0.0
24,29,5,3,37,47,202,201,3,0.01875
24,30,6,3,40,42,201,199,3,0.01875
24,31,7,3,43,43,165,163,5,0.03125
24,32,0,4,36,44,152,154,0,0.0
24,33,1,4,39,36,188,187,3,0.01875
24,34,2,4,39,35,190,191,2,0.0125
24,35,3,4,37,40,191,194,3,0.01875
24,36,4,4,39,32,184,184,1,0.00625
24,37,5,4,38,36,187,192,2,0.0125
24,38,6,4,39,37,190,185,6,0.0375
24,39,7,4,39,39,154,149,4,0.025
24,40,0,5,34,30,148,145,2,0.0125
24,41,1,5,39,40,194,195,1,0.00625
24,42,2,5,39,40,202,201,4,0.025
24,43,3,5,45,42,210,209,2,0.0125
24,44,4,5,41,35,200,200,3,0.01875
24,45,5,5,40,41,201,201,4,0.025
24,46,6,5,42,41,203,201,4,0.025
24,47,7,5,38,37,149,149,2,0.0125
24,48,0,6,38,43,160,159,2,0.0125
24,49,1,6,46,33,196,193,4,0.025
24,50,2,6,41,41,202,201,2,0.0125
24,51,3,6,47,39,205,202,4,0.025
24,52,4,6,36,39,200,195,5,0.03125
24,53,5,6,37,37,182,183,2,0.0125
24,54,6,6,38,41,191,190,4,0.025
24,55,7,6,36,39,150,149,4,0.025
24,56,0,7,41,35,116,117,1,0.00625
24,57,1,7,43,42,166,164,3,0.01875
24,58,2,7,47,43,170,167,5,0.03125
24,59,3,7,42,41,165,167,3,0.01875
24,60,4,7,38,46,166,169,2,0.0125
24,61,5,7,36,33,150,151,1,0.00625
24,62,6,7,36,39,151,151,3,0.01875
24,63,7,7,40,40,115,115,3,0.01875
25,0,0,0,41,40,122,122,2,0.0125
25,1,1,0,39,41,161,161,3,0.01875
25,2,2,0,40,40,158,156,3,0.01875
25,3,3,0,32,45,154,156,1,0.00625
25,4,4,0,45,40,163,159,2,0.0125
25,5,5,0,40,34,157,158,4,0.025
25,6,6,0,35,36,151,150,2,0.0125
25,7,7,0,44,42,122,121,4,0.025
25,8,0,1,34,39,151,145,3,0.01875
25,9,1,1,40,40,190,192,1,0.00625
25,10,2,1,39,37,193,194,2,0.0125
25,11,3,1,44,33,200,198,4,0.025
25,12,4,1,36,38,195,198,1,0.00625
25,13,5,1,34,43,191,191,0,0.0
25,14,6,1,45,36,191,188,1,0.00625
25,15,7,1,41,39,162,163,3,0.01875
25,16,0,2,46,37,159,159,3,0.01875
25,17,1,2,38,31,196,197,2,0.0125
25,18,2,2,31,39,190,188,0,0.0
25,19,3,2,42,40,198,199,2,0.0125
25,20,4,2,39,44,208,208,2,0.0125
25,21,5,2,41,41,200,201,2,0.0125
25,22,6,2,42,34,198,194,6,0.0375
25,23,7,2,41,43,169,172,0,0.0
25,24,0,3,39,37,158,157,2,0.0125
25,25,1,3,39,44,211,212,2,0.0125
25,26,2,3,42,41,209,205,4,0.025
25,27,3,3,41,34,203,204,2,0.0125
25,28,4,3,40,42,210,209,3,0.01875
25,29,5,3,32,42,193,193,5,0.03125
25,30,6,3,38,42,192,193,3,0.01875
25,31,7,3,44,43,167,169,3,0.01875
25,32,0,4,42,44,157,157,2,0.0125
25,33,1,4,44,42,206,206,3,0.01875
25,34,2,4,46,41,205,204,5,0.03125
25,35,3,4,41,38,207,205,5,0.03125
25,36,4,4,45,42,207,205,4,0.025
25,37,5,4,45,38,198,198,1,0.00625
25,38,6,4,33,31,180,180,5,0.03125
25,39,7,4,37,37,151,152,2,0.0125
25,40,0,5,39,36,148,152,0,0.0
25,41,1,5,43,40,204,202,3,0.01875
25,42,2,5,44,44,208,209,5,0.03125
25,43,3,5,39,43,210,211,1,0.00625
25,44,4,5,45,42,207,207,2,0.0125
25,45,5,5,31,43,191,191,1,0.00625
25,46,6,5,41,42,188,190,3,0.01875
25,47,7,5,38,37,159,158,4,0.025
25,48,0,6,47,40,157,156,3,0.01875
25,49,1,6,44,41,211,210,5,0.03125
25,50,2,6,32,39,198,197,3,0.01875
25,51,3,6,43,44,206,208,2,0.0125
25,52,4,6,34,44,205,210,3,0.01875
25,53,5,6,36,45,199,197,6,0.0375
25,54,6,6,38,32,185,186,4,0.025
25,55,7,6,43,42,166,167,4,0.025
25,56,0,7,41,41,118,117,1,0.00625
25,57,1,7,35,42,153,157,1,0.00625
25,58,2,7,44,44,162,160,5,0.03125
25,59,3,7,42,34,152,152,3,0.01875
25,60,4,7,39,44,155,154,3,0.01875
25,61,5,7,36,37,142,141,2,0.0125
25,62,6,7,40,34,140,143,1,0.00625
25,63,7,7,33,38,112,112,1,0.00625
26,0,0,0,41,35,119,119,2,0.0125
26,1,1,0,38,34,159,158,4,0.025
26,2,2,0,33,41,160,161,2,0.0125
26,3,3,0,43,44,166,165,4,0.025
26,4,4,0,41,44,166,167,2,0.0125
26,5,5,0,45,44,173,172,2,0.0125
26,6,6,0,36,37,161,160,3,0.01875
26,7,7,0,44,37,116,114,4,0.025
26,8,0,1,44,45,165,164,5,0.03125
26,9,1,1,40,41,200,198,1,0.00625
26,10,2,1,46,41,206,205,3,0.01875
26,11,3,1,40,34,203,204,4,0.025
26,12,4,1,35,37,195,190,3,0.01875
26,13,5,1,37,40,193,189,2,0.0125
26,14,6,1,37,45,191,194,1,0.00625
26,15,7,1,40,32,150,150,1,0.00625
26,16,0,2,44,39,163,164,2,0.0125
26,17,1,2,41,44,205,203,1,0.00625
26,18,2,2,39,41,204,202,2,0.0125
26,19,3,2,46,45,215,214,5,0.03125
26,20,4,2,40,40,209,212,3,0.01875
26,21,5,2,40,32,200,194,6,0.0375
26,22,6,2,40,33,189,194,1,0.00625
26,23,7,2,45,43,165,162,4,0.025
26,24,0,3,43,44,170,170,2,0.0125
26,25,1,3,43,44,211,208,6,0.0375
26,26,2,3,40,39,207,207,3,0.01875
26,27,3,3,32,36,196,196,2,0.0125
26,28,4,3,42,45,207,205,5,0.03125
26,29,5,3,41,39,214,215,1,0.00625
26,30,6,3,40,37,203,201,3,0.01875
26,31,7,3,45,42,160,160,4,0.025
26,32,0,4,38,45,167,165,1,0.00625
26,33,1,4,43,40,202,201,4,0.025
26,34,2,4,42,41,213,211,4,0.025
26,35,3,4,41,41,214,214,3,0.01875
26,36,4,4,44,32,207,206,5,0.03125
26,37,5,4,34,43,213,212,4,0.025
26,38,6,4,38,44,201,202,2,0.0125
26,39,7,4,44,38,156,156,3,0.01875
26,40,0,5,38,44,162,159,2,0.0125
26,41,1,5,30,38,181,182,2,0.0125
26,42,2,5,45,42,199,199,5,0.03125
26,43,3,5,34,42,204,206,2,0.0125
26,44,4,5,34,43,194,197,1,0.00625
26,45,5,5,35,44,204,205,0,0.0
26,46,6,5,42,40,196,195,4,0.025
26,47,7,5,43,37,157,158,1,0.00625
26,48,0,6,41,38,166,167,2,0.0125
26,49,1,6,44,38,204,205,4,0.025
26,50,2,6,46,32,205,204,2,0.0125
26,51,3,6,37,45,217,215,5,0.03125
26,52,4,6,42,30,198,194,4,0.025
26,53,5,6,34,36,196,199,2,0.0125
26,54,6,6,45,38,198,197,4,0.025
26,55,7,6,45,39,164,162,4,0.025
26,56,0,7,39,45,122,124,1,0.00625
26,57,1,7,45,42,165,162,3,0.01875
26,58,2,7,44,44,173,173,4,0.025
26,59,3,7,41,41,170,170,2,0.0125
26,60,4,7,41,39,165,167,0,0.0
26,61,5,7,38,39,163,163,3,0.01875
26,62,6,7,39,37,158,155,3,0.01875
26,63,7,7,44,43,125,123,4,0.025
27,0,0,0,38,44,126,128,1,0.00625
27,1,1,0,38,42,164,167,1,0.00625
27,2,2,0,39,34,152,152,3,0.01875
27,3,3,0,41,41,163,162,4,0.025
27,4,4,0,26,44,157,158,2,0.0125
27,5,5,0,42,40,156,158,2,0.0125
27,6,6,0,38,36,163,165,3,0.01875
27,7,7,0,44,45,129,128,5,0.03125
27,8,0,1,43,44,169,173,1,0.00625
27,9,1,1,37,41,205,203,5,0.03125
27,10,2,1,39,38,188,187,4,0.025
27,11,3,1,40,38,197,198,3,0.01875
27,12,4,1,41,44,210,209,5,0.03125
27,13,5,1,33,28,181,182,3,0.01875
27,14,6,1,31,44,189,190,2,0.0125
27,15,7,1,41,40,158,156,3,0.01875
27,16,0,2,45,41,170,169,3,0.01875
27,17,1,2,39,44,211,208,4,0.025
27,18,2,2,46,36,193,192,3,0.01875
27,19,3,2,44,40,208,207,4,0.025
27,20,4,2,35,40,207,205,2,0.0125
27,21,5,2,44,39,202,204,3,0.01875
27,22,6,2,37,38,198,200,1,0.00625
27,23,7,2,41,30,155,152,3,0.01875
27,24,0,3,35,41,165,163,3,0.01875
27,25,1,3,45,45,209,207,5,0.03125
27,26,2,3,28,36,183,187,1,0.00625
27,27,3,3,33,43,191,192,1,0.00625
27,28,4,3,41,44,205,207,1,0.00625
27,29,5,3,44,37,203,205,1,0.00625
27,30,6,3,37,44,205,207,2,0.0125
27,31,7,3,43,38,165,165,3,0.01875
27,32,0,4,35,43,166,166,1,0.00625
27,33,1,4,45,37,198,200,4,0.025
27,34,2,4,40,45,204,205,5,0.03125
27,35,3,4,41,30,191,193,4,0.025
27,36,4,4,45,36,204,206,3,0.01875
27,37,5,4,37,42,207,208,1,0.00625
27,38,6,4,46,43,204,203,3,0.01875
27,39,7,4,42,41,169,172,2,0.0125
27,40,0,5,40,43,163,161,4,0.025
27,41,1,5,44,35,196,193,4,0.025
27,42,2,5,42,45,201,201,3,0.01875
27,43,3,5,32,41,192,190,3,0.01875
27,44,4,5,44,39,198,193,4,0.025
27,45,5,5,36,45,200,201,3,0.01875
27,46,6,5,42,35,187,188,3,0.01875
27,47,7,5,37,43,170,168,5,0.03125
27,48,0,6,41,37,168,166,3,0.01875
27,49,1,6,44,37,208,210,3,0.01875
27,50,2,6,37,44,203,203,4,0.025
27,51,3,6,46,44,207,208,2,0.0125
27,52,4,6,44,34,211,211,4,0.025
27,53,5,6,36,44,210,209,2,0.0125
27,54,6,6,39,35,193,195,4,0.025
27,55,7,6,44,44,169,169,3,0.01875
27,56,0,7,41,44,129,129,1,0.00625
27,57,1,7,33,42,161,158,6,0.0375
27,58,2,7,31,44,151,157,0,0.0
27,59,3,7,46,37,160,160,3,0.01875
27,60,4,7,41,44,169,168,1,0.00625
27,61,5,7,40,44,164,164,3,0.01875
27,62,6,7,45,35,159,158,4,0.025
27,63,7,7,38,39,120,122,2,0.0125
28,0,0,0,32,40,117,117,0,0.0
28,1,1,0,44,37,160,159,3,0.01875
28,2,2,0,45,37,172,168,6,0.0375
28,3,3,0,42,35,165,166,2,0.0125
28,4,4,0,41,42,165,165,1,0.00625
28,5,5,0,31,42,158,158,2,0.0125
28,6,6,0,38,45,158,158,1,0.00625
28,7,7,0,42,44,121,125,1,0.00625
28,8,0,1,43,45,170,167,5,0.03125
28,9,1,1,46,32,197,197,4,0.025
28,10,2,1,41,43,204,207,1,0.00625
28,11,3,1,45,44,205,204,5,0.03125
28,12,4,1,37,39,202,208,1,0.00625
28,13,5,1,36,39,199,200,0,0.0
28,14,6,1,38,36,194,194,1,0.00625
28,15,7,1,42,37,156,155,4,0.025
28,16,0,2,44,40,165,164,2,0.0125
28,17,1,2,44,42,210,211,5,0.03125
28,18,2,2,45,44,211,211,4,0.025
28,19,3,2,42,40,206,206,2,0.0125
28,20,4,2,39,45,207,208,1,0.00625
28,21,5,2,45,40,206,206,4,0.025
28,22,6,2,40,36,204,203,1,0.00625
28,23,7,2,38,33,155,158,3,0.01875
28,24,0,3,35,41,157,157,2,0.0125
28,25,1,3,44,44,198,204,1,0.00625
28,26,2,3,43,44,214,208,4,0.025
28,27,3,3,44,45,209,206,5,0.03125
28,28,4,3,42,42,213,211,4,0.025
28,29,5,3,40,38,209,208,3,0.01875
28,30,6,3,43,45,216,214,4,0.025
28,31,7,3,40,40,165,168,0,0.0
28,32,0,4,41,44,163,164,2,0.0125
28,33,1,4,41,34,189,190,2,0.0125
28,34,2,4,45,44,205,206,2,0.0125
28,35,3,4,42,40,205,200,6,0.0375
28,36,4,4,44,40,206,205,6,0.0375
28,37,5,4,38,41,203,201,3,0.01875
28,38,6,4,44,39,199,204,2,0.0125
28,39,7,4,38,39,168,166,1,0.00625
28,40,0,5,35,40,152,154,1,0.00625
28,41,1,5,36,40,186,184,6,0.0375
28,42,2,5,43,41,192,192,4,0.025
28,43,3,5,39,44,203,203,2,0.0125
28,44,4,5,39,41,198,199,3,0.01875
28,45,5,5,43,44,207,204,2,0.0125
28,46,6,5,38,36,199,201,0,0.0
28,47,7,5,40,44,167,169,2,0.0125
28,48,0,6,36,39,160,161,2,0.0125
28,49,1,6,45,34,194,195,2,0.0125
28,50,2,6,43,34,203,202,5,0.03125
28,51,3,6,40,41,210,207,5,0.03125
28,52,4,6,45,38,207,209,4,0.025
28,53,5,6,40,37,207,208,3,0.01875
28,54,6,6,32,39,197,198,1,0.00625
28,55,7,6,45,39,167,167,5,0.03125
28,56,0,7,31,45,114,114,1,0.00625
28,57,1,7,35,38,141,143,3,0.01875
28,58,2,7,45,45,158,156,2,0.0125
28,59,3,7,41,44,163,160,6,0.0375
28,60,4,7,43,39,163,161,3,0.01875
28,61,5,7,44,45,170,168,5,0.03125
28,62,6,7,44,38,163,165,3,0.01875
28,63,7,7,39,34,121,119,4,0.025
29,0,0,0,37,38,112,111,2,0.0125
29,1,1,0,36,35,143,142,2,0.0125
29,2,2,0,44,39,156,158,4,0.025
29,3,3,0,38,42,159,160,2,0.0125
29,4,4,0,36,42,158,154,4,0.025
29,5,5,0,33,39,146,145,1,0.00625
29,6,6,0,31,44,146,144,4,0.025
29,7,7,0,39,42,111,111,2,0.0125
29,8,0,1,41,38,156,158,2,0.0125
29,9,1,1,45,36,199,199,4,0.025
29,10,2,1,40,36,204,200,4,0.025
29,11,3,1,45,44,211,212,2,0.0125
29,12,4,1,40,38,208,204,5,0.03125
29,13,5,1,42,37,197,195,4,0.025
29,14,6,1,45,28,197,195,3,0.01875
29,15,7,1,40,32,157,159,2,0.0125
29,16,0,2,43,42,153,155,2,0.0125
29,17,1,2,45,42,195,197,4,0.025
29,18,2,2,39,45,201,202,3,0.01875
29,19,3,2,36,41,188,191,4,0.025
29,20,4,2,40,45,196,194,3,0.01875
29,21,5,2,45,42,193,194,2,0.0125
29,22,6,2,39,37,199,194,4,0.025
29,23,7,2,33,45,153,154,3,0.01875
29,24,0,3,44,31,153,153,3,0.01875
29,25,1,3,43,44,206,203,5,0.03125
29,26,2,3,39,45,205,210,1,0.00625
29,27,3,3,39,42,201,203,1,0.00625
29,28,4,3,31,36,187,190,1,0.00625
29,29,5,3,37,39,181,182,2,0.0125
29,30,6,3,45,45,210,209,5,0.03125
29,31,7,3,43,36,162,160,2,0.0125
29,32,0,4,44,38,162,161,2,0.0125
29,33,1,4,44,42,212,209,5,0.03125
29,34,2,4,36,43,206,208,3,0.01875
29,35,3,4,37,42,196,203,1,0.00625
29,36,4,4,42,41,205,208,2,0.0125
29,37,5,4,35,32,190,192,3,0.01875
29,38,6,4,45,38,211,205,5,0.03125
29,39,7,4,44,45,172,172,2,0.0125
29,40,0,5,37,42,162,160,3,0.01875
29,41,1,5,40,44,198,205,1,0.00625
29,42,2,5,41,44,214,215,1,0.00625
29,43,3,5,31,38,196,195,2,0.0125
29,44,4,5,39,37,196,197,3,0.01875
29,45,5,5,43,45,206,207,3,0.01875
29,46,6,5,39,38,205,205,1,0.00625
29,47,7,5,43,45,164,163,3,0.01875
29,48,0,6,35,44,161,162,2,0.0125
29,49,1,6,41,37,197,195,3,0.01875
29,50,2,6,41,44,214,216,3,0.01875
29,51,3,6,44,43,209,213,2,0.0125
29,52,4,6,44,33,210,209,5,0.03125
29,53,5,6,45,41,211,210,5,0.03125
29,54,6,6,35,43,209,208,3,0.01875
29,55,7,6,45,38,153,154,2,0.0125
29,56,0,7,39,44,126,122,4,0.025
29,57,1,7,41,34,155,156,2,0.0125
29,58,2,7,42,44,169,167,4,0.025
29,59,3,7,44,40,168,167,5,0.03125
29,60,4,7,38,44,170,170,3,0.01875
29,61,5,7,39,44,165,169,1,0.00625
29,62,6,7,38,45,169,170,1,0.00625
29,63,7,7,45,35,116,117,2,0.0125
30,0,0,0,34,41,118,119,0,0.0
30,1,1,0,34,37,147,148,1,0.00625
30,2,2,0,40,38,152,155,2,0.0125
30,3,3,0,42,41,168,167,3,0.01875
30,4,4,0,39,39,159,163,0,0.0
30,5,5,0,41,42,161,160,2,0.0125
30,6,6,0,39,32,149,147,4,0.025
30,7,7,0,37,37,114,114,2,0.0125
30,8,0,1,32,43,161,162,1,0.00625
30,9,1,1,42,36,190,195,0,0.0
30,10,2,1,41,36,201,205,2,0.0125
30,11,3,1,45,41,216,214,5,0.03125
30,12,4,1,42,42,210,210,2,0.0125
30,13,5,1,41,42,206,207,2,0.0125
30,14,6,1,43,39,199,199,3,0.01875
30,15,7,1,42,38,164,163,2,0.0125
30,16,0,2,42,45,171,168,2,0.0125
30,17,1,2,36,34,194,192,4,0.025
30,18,2,2,42,44,203,201,4,0.025
30,19,3,2,38,40,204,203,3,0.01875
30,20,4,2,41,45,203,205,2,0.0125
30,21,5,2,40,37,202,201,4,0.025
30,22,6,2,30,41,183,186,1,0.00625
30,23,7,2,39,43,154,156,0,0.0
30,24,0,3,40,41,166,166,3,0.01875
30,25,1,3,49,41,215,217,2,0.0125
30,26,2,3,46,37,215,211,4,0.025
30,27,3,3,41,40,211,208,3,0.01875
30,28,4,3,38,38,201,199,3,0.01875
30,29,5,3,41,42,209,207,2,0.0125
30,30,6,3,39,40,197,199,2,0.0125
30,31,7,3,46,32,160,159,3,0.01875
30,32,0,4,36,47,163,164,2,0.0125
30,33,1,4,44,40,199,200,2,0.0125
30,34,2,4,39,49,212,210,2,0.0125
30,35,3,4,39,43,207,203,4,0.025
30,36,4,4,42,39,203,200,3,0.01875
30,37,5,4,37,38,202,200,2,0.0125
30,38,6,4,40,41,189,193,3,0.01875
30,39,7,4,43,45,168,169,1,0.00625
30,40,0,5,46,43,172,173,3,0.01875
30,41,1,5,32,35,198,197,2,0.0125
30,42,2,5,37,44,196,196,2,0.0125
30,43,3,5,33,39,193,194,3,0.01875
30,44,4,5,45,40,198,197,4,0.025
30,45,5,5,42,40,215,217,2,0.0125
30,46,6,5,35,34,191,188,3,0.01875
30,47,7,5,46,40,162,161,3,0.01875
30,48,0,6,46,45,165,163,5,0.03125
30,49,1,6,41,46,203,202,5,0.03125
30,50,2,6,34,33,177,177,4,0.025
30,51,3,6,34,37,180,180,2,0.0125
30,52,4,6,34,31,173,175,2,0.0125
30,53,5,6,38,43,197,197,4,0.025
30,54,6,6,40,45,191,190,2,0.0125
30,55,7,6,36,35,150,151,2,0.0125
30,56,0,7,38,37,111,111,4,0.025
30,57,1,7,37,43,149,150,2,0.0125
30,58,2,7,34,38,141,143,1,0.00625
30,59,3,7,31,34,132,139,0,0.0
30,60,4,7,42,36,141,141,3,0.01875
30,61,5,7,33,37,139,136,3,0.01875
30,62,6,7,39,38,139,136,4,0.025
30,63,7,7,27,38,108,107,2,0.0125
31,0,0,0,39,30,107,105,1,0.00625
31,1,1,0,44,42,162,160,3,0.01875
31,2,2,0,42,41,166,163,3,0.01875
31,3,3,0,33,33,144,144,2,0.0125
31,4,4,0,39,35,144,145,2,0.0125
31,5,5,0,42,37,155,157,2,0.0125
31,6,6,0,40,36,154,160,1,0.00625
31,7,7,0,38,37,115,117,0,0.0
31,8,0,1,46,35,152,150,4,0.025
31,9,1,1,46,38,211,207,4,0.025
31,10,2,1,42,40,212,211,4,0.025
31,11,3,1,39,42,196,196,4,0.025
31,12,4,1,39,33,189,189,3,0.01875
31,13,5,1,34,36,191,192,2,0.0125
31,14,6,1,44,43,205,202,4,0.025
31,15,7,1,44,41,166,165,4,0.025
31,16,0,2,35,39,143,142,4,0.025
31,17,1,2,35,43,192,192,4,0.025
31,18,2,2,41,44,198,197,6,0.0375
31,19,3,2,42,43,195,194,5,0.03125
31,20,4,2,33,39,183,182,1,0.00625
31,21,5,2,44,44,191,193,1,0.00625
31,22,6,2,42,41,199,198,1,0.00625
31,23,7,2,38,44,162,159,3,0.01875
31,24,0,3,44,37,156,158,1,0.00625
31,25,1,3,34,38,201,200,2,0.0125
31,26,2,3,45,35,199,202,2,0.0125
31,27,3,3,33,40,197,198,3,0.01875
31,28,4,3,39,43,195,197,2,0.0125
31,29,5,3,43,30,196,193,2,0.0125
31,30,6,3,42,45,207,208,3,0.01875
31,31,7,3,37,42,158,160,1,0.00625
31,32,0,4,44,42,165,164,1,0.00625
31,33,1,4,42,45,216,218,4,0.025
31,34,2,4,42,36,209,210,2,0.0125
31,35,3,4,45,45,204,206,3,0.01875
31,36,4,4,33,37,195,197,4,0.025
31,37,5,4,35,41,188,191,1,0.00625
31,38,6,4,44,42,205,202,4,0.025
31,39,7,4,46,37,163,163,2,0.0125
31,40,0,5,43,44,166,167,1,0.00625
31,41,1,5,32,45,204,202,3,0.01875
31,42,2,5,35,45,198,199,2,0.0125
31,43,3,5,34,40,192,191,3,0.01875
31,44,4,5,44,44,204,205,4,0.025
31,45,5,5,39,36,199,198,2,0.0125
31,46,6,5,37,34,192,193,4,0.025
31,47,7,5,45,45,162,164,4,0.025
31,48,0,6,44,45,164,163,2,0.0125
31,49,1,6,32,43,203,208,0,0.0
31,50,2,6,40,30,189,191,1,0.00625
31,51,3,6,38,37,191,190,3,0.01875
31,52,4,6,39,34,186,188,1,0.00625
31,53,5,6,42,44,199,201,1,0.00625
31,54,6,6,45,36,199,201,2,0.0125
31,55,7,6,34,37,151,152,1,0.00625
31,56,0,7,39,44,117,119,2,0.0125
31,57,1,7,39,44,164,164,2,0.0125
31,58,2,7,36,38,158,157,3,0.01875
31,59,3,7,41,41,159,154,4,0.025
31,60,4,7,32,38,148,152,0,0.0
31,61,5,7,40,41,157,158,2,0.0125
31,62,6,7,34,44,157,161,1,0.00625
31,63,7,7,43,45,122,123,3,0.01875
32,0,0,0,40,42,115,113,3,0.01875
32,1,1,0,41,39,150,151,3,0.01875
32,2,2,0,35,36,146,145,3,0.01875
32,3,3,0,37,35,142,143,4,0.025
32,4,4,0,38,38,148,147,3,0.01875
32,5,5,0,37,37,148,147,2,0.0125
32,6,6,0,39,42,154,151,3,0.01875
32,7,7,0,38,37,115,114,1,0.00625
32,8,0,1,44,34,154,156,3,0.01875
32,9,1,1,42,37,196,198,1,0.00625
32,10,2,1,41,41,196,198,1,0.00625
32,11,3,1,35,37,184,187,0,0.0
32,12,4,1,46,37,192,193,3,0.01875
32,13,5,1,41,39,193,191,3,0.01875
32,14,6,1,45,36,189,191,3,0.01875
32,15,7,1,29,41,151,152,2,0.0125
32,16,0,2,33,36,148,153,1,0.00625
32,17,1,2,39,44,195,196,1,0.00625
32,18,2,2,45,44,203,204,4,0.025
32,19,3,2,42,44,203,203,5,0.03125
32,20,4,2,37,38,199,198,2,0.0125
32,21,5,2,32,41,193,190,6,0.0375
32,22,6,2,37,34,185,188,2,0.0125
32,23,7,2,41,45,161,159,2,0.0125
32,24,0,3,34,39,145,143,3,0.01875
32,25,1,3,39,37,177,176,4,0.025
32,26,2,3,44,39,188,188,3,0.01875
32,27,3,3,33,45,184,184,4,0.025
32,28,4,3,37,41,182,182,1,0.00625
32,29,5,3,42,38,182,187,2,0.0125
32,30,6,3,39,31,187,185,2,0.0125
32,31,7,3,33,37,145,144,3,0.01875
32,32,0,4,38,31,153,156,0,0.0
32,33,1,4,33,35,191,191,3,0.01875
32,34,2,4,43,37,196,193,6,0.0375
32,35,3,4,33,44,199,201,1,0.00625
32,36,4,4,41,33,192,191,4,0.025
32,37,5,4,45,38,206,205,2,0.0125
32,38,6,4,33,45,207,207,6,0.0375
32,39,7,4,44,38,155,152,4,0.025
32,40,0,5,44,43,172,170,3,0.01875
32,41,1,5,37,42,207,211,1,0.00625
32,42,2,5,38,34,189,189,2,0.0125
32,43,3,5,39,44,195,196,2,0.0125
32,44,4,5,42,37,202,202,3,0.01875
32,45,5,5,44,38,211,208,5,0.03125
32,46,6,5,35,44,208,206,3,0.01875
32,47,7,5,44,32,149,147,4,0.025
32,48,0,6,44,43,162,164,3,0.01875
32,49,1,6,41,44,205,201,3,0.01875
32,50,2,6,34,37,185,182,4,0.025
32,51,3,6,38,40,184,185,2,0.0125
32,52,4,6,45,39,200,197,2,0.0125
32,53,5,6,31,45,196,195,1,0.00625
32,54,6,6,31,45,188,189,2,0.0125
32,55,7,6,44,36,153,151,3,0.01875
32,56,0,7,40,33,112,112,1,0.00625
32,57,1,7,38,44,158,158,1,0.00625
32,58,2,7,35,37,143,143,2,0.0125
32,59,3,7,41,34,143,144,4,0.025
32,60,4,7,44,39,161,156,3,0.01875
32,61,5,7,36,40,155,157,2,0.0125
32,62,6,7,42,31,147,145,2,0.0125
32,63,7,7,37,35,110,111,2,0.0125
33,0,0,0,36,35,117,117,2,0.0125
33,1,1,0,37,38,158,160,1,0.00625
33,2,2,0,35,39,159,160,3,0.01875
33,3,3,0,37,40,159,159,2,0.0125
33,4,4,0,45,45,177,172,5,0.03125
33,5,5,0,41,44,173,175,2,0.0125
33,6,6,0,45,37,171,169,5,0.03125
33,7,7,0,45,41,128,127,2,0.0125
33,8,0,1,45,44,153,152,2,0.0125
33,9,1,1,37,37,186,185,2,0.0125
33,10,2,1,42,39,185,183,2,0.0125
33,11,3,1,46,37,190,190,3,0.01875
33,12,4,1,39,41,192,193,1,0.00625
33,13,5,1,45,43,202,197,6,0.0375
33,14,6,1,38,43,190,191,1,0.00625
33,15,7,1,29,41,149,152,2,0.0125
33,16,0,2,36,28,141,140,2,0.0125
33,17,1,2,45,45,204,205,3,0.01875
33,18,2,2,44,37,206,207,4,0.025
33,19,3,2,45,40,213,211,5,0.03125
33,20,4,2,35,43,208,210,1,0.00625
33,21,5,2,45,41,204,206,4,0.025
33,22,6,2,35,45,202,200,3,0.01875
33,23,7,2,41,42,153,152,4,0.025
33,24,0,3,42,41,155,154,5,0.03125
33,25,1,3,40,34,194,197,1,0.00625
33,26,2,3,43,44,210,209,4,0.025
33,27,3,3,47,44,217,217,3,0.01875
33,28,4,3,24,45,197,197,1,0.00625
33,29,5,3,37,39,184,181,4,0.025
33,30,6,3,39,45,194,196,3,0.01875
33,31,7,3,41,32,152,152,2,0.0125
33,32,0,4,42,39,158,155,3,0.01875
33,33,1,4,43,40,206,204,3,0.01875
33,34,2,4,38,43,205,206,4,0.025
33,35,3,4,44,45,217,211,6,0.0375
33,36,4,4,45,43,218,218,4,0.025
33,37,5,4,44,24,201,202,2,0.0125
33,38,6,4,35,33,192,193,2,0.0125
33,39,7,4,41,44,156,160,2,0.0125
33,40,0,5,45,44,167,167,4,0.025
33,41,1,5,40,37,206,200,4,0.025
33,42,2,5,29,39,194,191,4,0.025
33,43,3,5,43,39,198,198,3,0.01875
33,44,4,5,38,40,208,209,2,0.0125
33,45,5,5,43,44,213,214,2,0.0125
33,46,6,5,41,45,211,212,3,0.01875
33,47,7,5,44,36,156,159,3,0.01875
33,48,0,6,40,45,156,159,0,0.0
33,49,1,6,41,45,204,206,2,0.0125
33,50,2,6,36,39,192,196,2,0.0125
33,51,3,6,33,29,178,180,1,0.00625
33,52,4,6,42,41,197,195,4,0.025
33,53,5,6,35,37,198,196,4,0.025
33,54,6,6,46,43,203,200,3,0.01875
33,55,7,6,32,38,151,152,1,0.00625
33,56,0,7,39,39,111,110,1,0.00625
33,57,1,7,44,43,159,157,5,0.03125
33,58,2,7,44,42,164,161,3,0.01875
33,59,3,7,44,40,162,161,5,0.03125
33,60,4,7,42,33,150,154,0,0.0
33,61,5,7,41,42,159,156,4,0.025
33,62,6,7,36,38,149,148,3,0.01875
33,63,7,7,30,42,109,110,2,0.0125
34,0,0,0,38,28,107,112,0,0.0
34,1,1,0,46,41,171,167,5,0.03125
34,2,2,0,42,40,170,168,3,0.01875
34,3,3,0,38,44,165,167,0,0.0
34,4,4,0,41,45,166,168,4,0.025
34,5,5,0,37,44,168,166,3,0.01875
34,6,6,0,43,40,166,167,4,0.025
34,7,7,0,45,38,126,126,2,0.0125
34,8,0,1,39,45,144,143,3,0.01875
34,9,1,1,39,41,199,198,2,0.0125
34,10,2,1,40,44,200,199,3,0.01875
34,11,3,1,45,37,203,199,3,0.01875
34,12,4,1,40,36,205,206,2,0.0125
34,13,5,1,39,42,203,207,4,0.025
34,14,6,1,43,38,200,199,5,0.03125
34,15,7,1,37,43,159,160,1,0.00625
34,16,0,2,39,34,138,137,2,0.0125
34,17,1,2,40,40,197,196,3,0.01875
34,18,2,2,37,41,200,201,2,0.0125
34,19,3,2,42,38,201,202,5,0.03125
34,20,4,2,38,45,210,208,3,0.01875
34,21,5,2,44,41,204,204,3,0.01875
34,22,6,2,44,40,211,207,5,0.03125
34,23,7,2,39,39,162,163,2,0.0125
34,24,0,3,40,39,145,147,2,0.0125
34,25,1,3,39,35,198,196,4,0.025
34,26,2,3,45,44,205,204,4,0.025
34,27,3,3,36,40,205,204,4,0.025
34,28,4,3,34,43,200,199,3,0.01875
34,29,5,3,43,36,197,194,5,0.03125
34,30,6,3,43,44,213,210,4,0.025
34,31,7,3,39,44,164,164,3,0.01875
34,32,0,4,44,41,157,155,3,0.01875
34,33,1,4,39,40,211,212,3,0.01875
34,34,2,4,45,36,204,204,5,0.03125
34,35,3,4,45,43,219,221,4,0.025
34,36,4,4,44,41,217,219,3,0.01875
34,37,5,4,41,31,206,203,4,0.025
34,38,6,4,43,44,214,213,3,0.01875
34,39,7,4,46,38,167,164,3,0.01875
34,40,0,5,45,45,160,161,4,0.025
34,41,1,5,34,44,210,211,2,0.0125
34,42,2,5,39,42,198,198,5,0.03125
34,43,3,5,41,43,210,209,5,0.03125
34,44,4,5,39,45,212,214,2,0.0125
34,45,5,5,41,44,211,213,2,0.0125
34,46,6,5,32,42,199,201,0,0.0
34,47,7,5,39,42,156,157,1,0.00625
34,48,0,6,37,44,146,143,2,0.0125
34,49,1,6,29,45,184,184,2,0.0125
34,50,2,6,36,35,176,173,3,0.01875
34,51,3,6,26,33,177,175,2,0.0125
34,52,4,6,43,41,191,193,3,0.01875
34,53,5,6,40,40,199,199,4,0.025
34,54,6,6,40,43,194,194,3,0.01875
34,55,7,6,36,36,150,150,1,0.00625
34,56,0,7,44,36,108,108,2,0.0125
34,57,1,7,39,38,148,148,3,0.01875
34,58,2,7,44,28,139,141,5,0.03125
34,59,3,7,44,34,154,154,5,0.03125
34,60,4,7,47,28,150,148,2,0.0125
34,61,5,7,43,43,161,160,3,0.01875
34,62,6,7,37,35,144,146,2,0.0125
34,63,7,7,32,43,114,113,2,0.0125
35,0,0,0,31,38,111,108,2,0.0125
35,1,1,0,44,43,159,159,5,0.03125
35,2,2,0,42,45,164,168,2,0.0125
35,3,3,0,33,45,154,153,3,0.01875
35,4,4,0,33,44,144,147,1,0.00625
35,5,5,0,31,39,137,138,2,0.0125
35,6,6,0,45,43,149,150,3,0.01875
35,7,7,0,30,33,109,111,0,0.0
35,8,0,1,42,40,160,161,2,0.0125
35,9,1,1,27,33,179,180,2,0.0125
35,10,2,1,39,44,190,192,3,0.01875
35,11,3,1,41,42,205,209,1,0.00625
35,12,4,1,38,32,194,192,2,0.0125
35,13,5,1,35,35,185,188,0,0.0
35,14,6,1,43,29,195,193,4,0.025
35,15,7,1,41,45,160,158,3,0.01875
35,16,0,2,36,39,158,159,1,0.00625
35,17,1,2,35,41,203,204,1,0.00625
35,18,2,2,41,26,187,187,4,0.025
35,19,3,2,44,40,212,213,3,0.01875
35,20,4,2,45,42,217,217,3,0.01875
35,21,5,2,43,38,208,208,3,0.01875
35,22,6,2,44,39,213,214,5,0.03125
35,23,7,2,45,43,162,164,4,0.025
35,24,0,3,36,44,163,163,2,0.0125
35,25,1,3,45,39,205,202,6,0.0375
35,26,2,3,42,33,202,204,1,0.00625
35,27,3,3,32,39,198,198,4,0.025
35,28,4,3,42,44,202,199,4,0.025
35,29,5,3,43,42,205,206,4,0.025
35,30,6,3,44,44,215,214,4,0.025
35,31,7,3,42,44,158,158,1,0.00625
35,32,0,4,42,38,164,169,1,0.00625
35,33,1,4,42,38,206,206,2,0.0125
35,34,2,4,45,45,216,215,4,0.025
35,35,3,4,41,43,214,215,3,0.01875
35,36,4,4,45,30,201,197,5,0.03125
35,37,5,4,37,42,202,203,2,0.0125
35,38,6,4,42,43,206,209,1,0.00625
35,39,7,4,38,44,156,159,1,0.00625
35,40,0,5,44,42,163,163,3,0.01875
35,41,1,5,45,44,208,207,5,0.03125
35,42,2,5,37,41,198,199,4,0.025
35,43,3,5,36,45,198,196,3,0.01875
35,44,4,5,34,41,184,182,2,0.0125
35,45,5,5,37,45,187,185,3,0.01875
35,46,6,5,40,37,191,189,3,0.01875
35,47,7,5,38,45,150,148,4,0.025
35,48,0,6,39,34,153,153,3,0.01875
35,49,1,6,38,44,205,206,2,0.0125
35,50,2,6,43,43,205,204,4,0.025
35,51,3,6,33,40,196,194,2,0.0125
35,52,4,6,45,36,195,191,6,0.0375
35,53,5,6,42,32,199,197,5,0.03125
35,54,6,6,37,37,199,199,2,0.0125
35,55,7,6,42,39,149,146,3,0.01875
35,56,0,7,42,36,122,123,2,0.0125
35,57,1,7,40,37,164,164,2,0.0125
35,58,2,7,44,38,168,167,4,0.025
35,59,3,7,39,40,164,166,3,0.01875
35,60,4,7,34,31,148,150,1,0.00625
35,61,5,7,42,45,165,166,4,0.025
35,62,6,7,29,42,155,154,3,0.01875
35,63,7,7,40,37,105,107,1,0.00625
36,0,0,0,38,38,102,103,1,0.00625
36,1,1,0,37,46,148,148,4,0.025
36,2,2,0,38,41,145,144,2,0.0125
36,3,3,0,37,40,147,148,1,0.00625
36,4,4,0,45,34,146,147,2,0.0125
36,5,5,0,38,35,146,145,3,0.01875
36,6,6,0,45,46,159,157,4,0.025
36,7,7,0,29,37,110,110,1,0.00625
36,8,0,1,43,25,146,145,3,0.01875
36,9,1,1,43,36,207,206,2,0.0125
36,10,2,1,39,39,198,198,2,0.0125
36,11,3,1,38,38,195,194,4,0.025
36,12,4,1,45,40,199,197,2,0.0125
36,13,5,1,41,42,201,196,5,0.03125
36,14,6,1,40,39,200,201,4,0.025
36,15,7,1,39,45,164,161,5,0.03125
36,16,0,2,45,38,160,157,4,0.025
36,17,1,2,44,43,213,212,1,0.00625
36,18,2,2,40,43,203,202,4,0.025
36,19,3,2,32,38,186,189,3,0.01875
36,20,4,2,36,39,181,180,4,0.025
36,21,5,2,38,42,192,190,6,0.0375
36,22,6,2,40,36,197,196,5,0.03125
36,23,7,2,36,40,155,153,2,0.0125
36,24,0,3,43,39,153,156,1,0.00625
36,25,1,3,42,41,208,211,3,0.01875
36,26,2,3,43,44,206,205,4,0.025
36,27,3,3,35,39,193,194,3,0.01875
36,28,4,3,34,32,173,174,2,0.0125
36,29,5,3,45,36,190,191,4,0.025
36,30,6,3,46,37,213,212,7,0.04375
36,31,7,3,39,40,164,163,5,0.03125
36,32,0,4,39,39,150,148,2,0.0125
36,33,1,4,35,42,197,199,2,0.0125
36,34,2,4,45,43,197,199,3,0.01875
36,35,3,4,40,42,204,204,4,0.025
36,36,4,4,40,36,188,189,4,0.025
36,37,5,4,36,36,184,187,2,0.0125
36,38,6,4,41,44,204,202,3,0.01875
36,39,7,4,37,46,162,161,2,0.0125
36,40,0,5,47,37,161,158,4,0.025
36,41,1,5,38,39,214,220,1,0.00625
36,42,2,5,40,36,193,198,0,0.0
36,43,3,5,41,46,207,208,4,0.025
36,44,4,5,40,40,200,200,2,0.0125
36,45,5,5,39,40,197,199,2,0.0125
36,46,6,5,42,36,206,205,3,0.01875
36,47,7,5,42,38,164,161,4,0.025
36,48,0,6,35,43,154,154,2,0.0125
36,49,1,6,43,47,212,211,2,0.0125
36,50,2,6,40,42,205,207,4,0.025
36,51,3,6,36,41,201,201,3,0.01875
36,52,4,6,33,41,187,194,0,0.0
36,53,5,6,38,42,195,200,1,0.00625
36,54,6,6,42,38,213,214,4,0.025
36,55,7,6,45,41,165,167,3,0.01875
36,56,0,7,44,46,124,123,2,0.0125
36,57,1,7,36,33,149,151,2,0.0125
36,58,2,7,36,41,144,148,2,0.0125
36,59,3,7,32,42,144,146,1,0.00625
36,60,4,7,38,34,141,141,2,0.0125
36,61,5,7,44,35,153,153,2,0.0125
36,62,6,7,38,42,161,162,1,0.00625
36,63,7,7,36,40,117,113,3,0.01875
37,0,0,0,44,38,122,118,3,0.01875
37,1,1,0,43,40,161,161,3,0.01875
37,2,2,0,45,36,167,165,5,0.03125
37,3,3,0,40,32,155,154,2,0.0125
37,4,4,0,38,32,148,147,2,0.0125
37,5,5,0,38,44,164,164,1,0.00625
37,6,6,0,33,42,156,161,0,0.0
37,7,7,0,43,30,112,111,0,0.0
37,8,0,1,43,41,167,168,2,0.0125
37,9,1,1,37,40,206,205,3,0.01875
37,10,2,1,37,41,200,201,2,0.0125
37,11,3,1,46,45,204,201,4,0.025
37,12,4,1,44,36,200,201,4,0.025
37,13,5,1,45,40,214,216,3,0.01875
37,14,6,1,41,39,209,211,2,0.0125
37,15,7,1,44,38,153,153,5,0.03125
37,16,0,2,38,44,162,162,3,0.01875
37,17,1,2,33,45,197,199,2,0.0125
37,18,2,2,41,35,194,194,1,0.00625
37,19,3,2,35,40,194,194,1,0.00625
37,20,4,2,38,44,189,192,3,0.01875
37,21,5,2,42,44,205,209,0,0.0
37,22,6,2,43,45,210,214,2,0.0125
37,23,7,2,36,43,151,156,0,0.0
37,24,0,3,34,41,162,159,3,0.01875
37,25,1,3,41,43,198,199,2,0.0125
37,26,2,3,44,34,204,205,4,0.025
37,27,3,3,41,44,207,206,3,0.01875
37,28,4,3,44,38,198,198,2,0.0125
37,29,5,3,44,39,213,212,4,0.025
37,30,6,3,44,45,214,217,2,0.0125
37,31,7,3,44,44,162,162,3,0.01875
37,32,0,4,38,45,166,165,4,0.025
37,33,1,4,37,35,189,188,2,0.0125
37,34,2,4,40,40,198,201,1,0.00625
37,35,3,4,42,44,197,200,0,0.0
37,36,4,4,38,38,189,192,3,0.01875
37,37,5,4,39,40,201,198,4,0.025
37,38,6,4,42,44,202,202,4,0.025
37,39,7,4,41,44,158,156,4,0.025
37,40,0,5,45,40,170,173,3,0.01875
37,41,1,5,39,41,203,198,3,0.01875
37,42,2,5,36,38,196,193,0,0.0
37,43,3,5,38,40,188,191,1,0.00625
37,44,4,5,41,45,202,201,3,0.01875
37,45,5,5,42,40,209,208,3,0.01875
37,46,6,5,43,38,201,203,2,0.0125
37,47,7,5,39,42,152,156,1,0.00625
37,48,0,6,32,42,163,166,0,0.0
37,49,1,6,38,45,202,202,2,0.0125
37,50,2,6,36,34,195,195,1,0.00625
37,51,3,6,39,36,185,185,2,0.0125
37,52,4,6,34,39,188,184,3,0.01875
37,53,5,6,39,39,196,193,3,0.01875
37,54,6,6,35,40,191,189,1,0.00625
37,55,7,6,40,42,150,152,2,0.0125
37,56,0,7,38,43,126,126,3,0.01875
37,57,1,7,46,37,162,160,5,0.03125
37,58,2,7,30,42,161,158,2,0.0125
37,59,3,7,34,37,144,145,1,0.00625
37,60,4,7,43,38,156,154,2,0.0125
37,61,5,7,35,34,152,154,1,0.00625
37,62,6,7,31,35,142,142,1,0.00625
37,63,7,7,42,37,107,110,1,0.00625
38,0,0,0,36,38,118,122,1,0.00625
38,1,1,0,38,37,160,161,4,0.025
38,2,2,0,38,45,162,165,1,0.00625
38,3,3,0,40,34,159,155,4,0.025
38,4,4,0,46,40,169,167,3,0.01875
38,5,5,0,34,39,160,160,1,0.00625
38,6,6,0,45,32,155,151,5,0.03125
38,7,7,0,47,36,124,122,2,0.0125
38,8,0,1,33,43,159,158,2,0.0125
38,9,1,1,33,40,189,190,3,0.01875
38,10,2,1,40,41,201,199,4,0.025
38,11,3,1,44,42,205,203,5,0.03125
38,12,4,1,44,40,213,212,4,0.025
38,13,5,1,40,44,213,215,2,0.0125
38,14,6,1,37,32,191,190,3,0.01875
38,15,7,1,42,41,158,160,2,0.0125
38,16,0,2,37,44,158,160,2,0.0125
38,17,1,2,43,34,193,189,4,0.025
38,18,2,2,41,37,196,198,2,0.0125
38,19,3,2,39,37,186,184,4,0.025
38,20,4,2,44,44,206,205,3,0.01875
38,21,5,2,35,44,202,201,3,0.01875
38,22,6,2,43,44,194,194,4,0.025
38,23,7,2,45,37,163,156,5,0.03125
38,24,0,3,40,38,160,162,2,0.0125
38,25,1,3,43,36,204,203,4,0.025
38,26,2,3,38,40,210,211,1,0.00625
38,27,3,3,39,38,193,195,3,0.01875
38,28,4,3,39,39,200,201,3,0.01875
38,29,5,3,44,43,208,208,4,0.025
38,30,6,3,38,33,190,193,2,0.0125
38,31,7,3,43,42,161,163,3,0.01875
38,32,0,4,40,42,157,156,4,0.025
38,33,1,4,40,42,199,198,4,0.025
38,34,2,4,35,43,199,199,1,0.00625
38,35,3,4,37,44,186,185,1,0.00625
38,36,4,4,42,39,195,194,3,0.01875
38,37,5,4,38,41,196,197,1,0.00625
38,38,6,4,42,44,199,201,1,0.00625
38,39,7,4,39,42,159,158,4,0.025
38,40,0,5,43,39,148,151,1,0.00625
38,41,1,5,42,35,189,191,3,0.01875
38,42,2,5,40,38,190,187,4,0.025
38,43,3,5,45,37,180,179,3,0.01875
38,44,4,5,37,36,183,184,2,0.0125
38,45,5,5,42,40,185,183,5,0.03125
38,46,6,5,33,40,182,181,1,0.00625
38,47,7,5,32,43,150,148,1,0.00625
38,48,0,6,43,33,153,153,0,0.0
38,49,1,6,45,45,212,208,6,0.0375
38,50,2,6,41,42,214,212,3,0.01875
38,51,3,6,42,36,195,193,5,0.03125
38,52,4,6,39,44,208,208,3,0.01875
38,53,5,6,39,39,193,197,2,0.0125
38,54,6,6,41,42,201,205,1,0.00625
38,55,7,6,46,37,161,159,4,0.025
38,56,0,7,39,41,116,118,2,0.0125
38,57,1,7,44,41,160,162,1,0.00625
38,58,2,7,33,41,154,156,1,0.00625
38,59,3,7,45,40,157,151,4,0.025
38,60,4,7,35,42,159,158,3,0.01875
38,61,5,7,40,37,153,153,2,0.0125
38,62,6,7,44,41,163,160,5,0.03125
38,63,7,7,41,39,122,120,3,0.01875
39,0,0,0,45,44,129,125,5,0.03125
39,1,1,0,45,39,163,163,5,0.03125
39,2,2,0,29,43,154,155,1,0.00625
39,3,3,0,40,27,132,136,2,0.0125
39,4,4,0,40,43,160,161,3,0.01875
39,5,5,0,35,30,140,140,2,0.0125
39,6,6,0,41,36,148,149,2,0.0125
39,7,7,0,33,44,117,120,1,0.00625
39,8,0,1,43,41,165,169,1,0.00625
39,9,1,1,38,41,202,201,4,0.025
39,10,2,1,34,42,197,199,1,0.00625
39,11,3,1,45,31,177,181,3,0.01875
39,12,4,1,44,40,211,212,5,0.03125
39,13,5,1,38,40,191,190,2,0.0125
39,14,6,1,46,36,192,192,3,0.01875
39,15,7,1,42,40,174,169,5,0.03125
39,16,0,2,47,41,176,173,6,0.0375
39,17,1,2,43,43,211,213,1,0.00625
39,18,2,2,43,34,209,209,3,0.01875
39,19,3,2,43,38,198,196,2,0.0125
39,20,4,2,31,45,206,209,1,0.00625
39,21,5,2,45,44,199,197,5,0.03125
39,22,6,2,40,36,202,199,4,0.025
39,23,7,2,44,44,171,175,2,0.0125
39,24,0,3,42,44,166,165,3,0.01875
39,25,1,3,45,43,202,200,4,0.025
39,26,2,3,38,43,204,205,1,0.00625
39,27,3,3,30,45,174,175,1,0.00625
39,28,4,3,45,39,196,196,3,0.01875
39,29,5,3,45,38,187,190,1,0.00625
39,30,6,3,39,44,200,198,5,0.03125
39,31,7,3,31,40,158,156,2,0.0125
39,32,0,4,42,36,159,160,1,0.00625
39,33,1,4,37,41,195,197,2,0.0125
39,34,2,4,34,45,201,202,1,0.00625
39,35,3,4,34,36,178,176,2,0.0125
39,36,4,4,42,32,197,197,4,0.025
39,37,5,4,35,44,192,192,3,0.01875
39,38,6,4,45,45,200,199,3,0.01875
39,39,7,4,41,37,166,168,2,0.0125
39,40,0,5,40,39,158,155,4,0.025
39,41,1,5,42,44,198,197,3,0.01875
39,42,2,5,39,38,201,203,2,0.0125
39,43,3,5,45,36,184,184,3,0.01875
39,44,4,5,40,36,202,202,1,0.00625
39,45,5,5,41,42,186,189,3,0.01875
39,46,6,5,36,36,179,179,4,0.025
39,47,7,5,30,44,149,153,0,0.0
39,48,0,6,39,33,159,160,0,0.0
39,49,1,6,44,38,202,203,5,0.03125
39,50,2,6,43,43,219,219,3,0.01875
39,51,3,6,40,40,195,199,3,0.01875
39,52,4,6,41,45,216,216,5,0.03125
39,53,5,6,41,40,200,195,3,0.01875
39,54,6,6,45,41,206,201,6,0.0375
39,55,7,6,45,31,163,163,3,0.01875
39,56,0,7,37,45,120,119,1,0.00625
39,57,1,7,43,40,160,157,4,0.025
39,58,2,7,29,44,158,158,3,0.01875
39,59,3,7,44,41,155,156,4,0.025
39,60,4,7,30,43,157,158,4,0.025
39,61,5,7,34,41,143,145,0,0.0
39,62,6,7,40,39,154,156,2,0.0125
39,63,7,7,36,44,123,124,1,0.00625
40,0,0,0,33,36,108,113,0,0.0
40,1,1,0,40,38,156,159,0,0.0
40,2,2,0,41,44,171,171,2,0.0125
40,3,3,0,31,35,154,151,3,0.01875
40,4,4,0,44,42,162,162,2,0.0125
40,5,5,0,38,34,161,159,4,0.025
40,6,6,0,44,35,162,161,2,0.0125
40,7,7,0,46,41,133,130,4,0.025
40,8,0,1,46,38,165,161,3,0.01875
40,9,1,1,35,38,199,201,2,0.0125
40,10,2,1,44,42,211,210,4,0.025
40,11,3,1,40,40,201,203,2,0.0125
40,12,4,1,45,36,208,208,3,0.01875
40,13,5,1,40,44,208,210,1,0.00625
40,14,6,1,42,36,198,199,3,0.01875
40,15,7,1,44,45,171,176,3,0.01875
40,16,0,2,44,45,166,167,5,0.03125
40,17,1,2,44,43,215,216,3,0.01875
40,18,2,2,35,38,206,205,3,0.01875
40,19,3,2,41,41,195,198,2,0.0125
40,20,4,2,31,42,200,197,2,0.0125
40,21,5,2,32,45,187,188,2,0.0125
40,22,6,2,38,39,189,194,2,0.0125
40,23,7,2,43,43,168,168,3,0.01875
40,24,0,3,37,45,150,149,2,0.0125
40,25,1,3,44,44,203,202,5,0.03125
40,26,2,3,38,44,208,206,3,0.01875
40,27,3,3,46,36,197,193,6,0.0375
40,28,4,3,42,43,205,205,3,0.01875
40,29,5,3,38,29,187,188,2,0.0125
40,30,6,3,37,36,185,186,3,0.01875
40,31,7,3,38,42,153,156,1,0.00625
40,32,0,4,36,38,148,149,2,0.0125
40,33,1,4,47,35,203,201,3,0.01875
40,34,2,4,36,44,212,208,3,0.01875
40,35,3,4,35,39,187,190,2,0.0125
40,36,4,4,33,43,197,196,3,0.01875
40,37,5,4,39,42,193,192,2,0.0125
40,38,6,4,32,42,191,193,1,0.00625
40,39,7,4,42,35,152,150,4,0.025
40,40,0,5,42,42,145,146,3,0.01875
40,41,1,5,40,38,188,187,5,0.03125
40,42,2,5,45,44,201,199,4,0.025
40,43,3,5,44,34,190,189,3,0.01875
40,44,4,5,37,36,190,188,4,0.025
40,45,5,5,44,36,186,185,3,0.01875
40,46,6,5,43,38,191,191,3,0.01875
40,47,7,5,33,37,152,152,1,0.00625
40,48,0,6,32,28,139,137,2,0.0125
40,49,1,6,42,44,201,204,2,0.0125
40,50,2,6,45,39,209,212,0,0.0
40,51,3,6,43,45,212,211,4,0.025
40,52,4,6,41,44,214,215,4,0.025
40,53,5,6,29,41,194,196,2,0.0125
40,54,6,6,44,44,201,200,6,0.0375
40,55,7,6,44,44,174,174,3,0.01875
40,56,0,7,42,45,122,120,3,0.01875
40,57,1,7,39,31,147,152,0,0.0
40,58,2,7,38,44,156,155,2,0.0125
40,59,3,7,42,45,157,162,1,0.00625
40,60,4,7,40,41,155,154,4,0.025
40,61,5,7,33,42,149,145,3,0.01875
40,62,6,7,41,33,140,142,2,0.0125
40,63,7,7,35,44,121,120,2,0.0125
41,0,0,0,33,36,106,106,0,0.0
41,1,1,0,36,41,145,145,1,0.00625
41,2,2,0,45,31,150,147,3,0.01875
41,3,3,0,38,42,156,157,3,0.01875
41,4,4,0,42,34,151,150,3,0.01875
41,5,5,0,38,39,155,158,1,0.00625
41,6,6,0,36,36,142,145,1,0.00625
41,7,7,0,32,38,107,109,2,0.0125
41,8,0,1,43,39,161,160,5,0.03125
41,9,1,1,43,31,200,198,5,0.03125
41,10,2,1,34,37,186,184,4,0.025
41,11,3,1,44,40,207,207,2,0.0125
41,12,4,1,40,35,196,198,1,0.00625
41,13,5,1,41,43,208,205,3,0.01875
41,14,6,1,37,40,194,193,3,0.01875
41,15,7,1,40,38,150,154,0,0.0
41,16,0,2,44,44,165,165,4,0.025
41,17,1,2,42,43,209,212,1,0.00625
41,18,2,2,33,39,189,188,3,0.01875
41,19,3,2,39,36,192,190,5,0.03125
41,20,4,2,40,44,201,200,3,0.01875
41,21,5,2,39,44,204,206,1,0.00625
41,22,6,2,39,40,199,197,3,0.01875
41,23,7,2,45,36,156,155,2,0.0125
41,24,0,3,43,43,160,158,4,0.025
41,25,1,3,45,44,210,211,5,0.03125
41,26,2,3,40,45,196,196,1,0.00625
41,27,3,3,28,30,175,179,1,0.00625
41,28,4,3,42,38,183,182,2,0.0125
41,29,5,3,38,37,191,190,3,0.01875
41,30,6,3,40,38,186,186,4,0.025
41,31,7,3,39,35,155,153,2,0.0125
41,32,0,4,42,39,158,157,2,0.0125
41,33,1,4,44,43,204,204,2,0.0125
41,34,2,4,32,45,190,186,5,0.03125
41,35,3,4,39,37,186,186,1,0.00625
41,36,4,4,30,32,169,171,3,0.01875
41,37,5,4,35,41,185,186,4,0.025
41,38,6,4,43,34,187,184,3,0.01875
41,39,7,4,36,41,160,164,2,0.0125
41,40,0,5,43,41,155,154,4,0.025
41,41,1,5,42,39,203,205,2,0.0125
41,42,2,5,43,44,198,199,2,0.0125
41,43,3,5,44,32,197,198,3,0.01875
41,44,4,5,34,36,182,185,1,0.00625
41,45,5,5,39,28,172,174,0,0.0
41,46,6,5,37,34,183,184,3,0.01875
41,47,7,5,35,41,157,154,2,0.0125
41,48,0,6,46,38,164,161,3,0.01875
41,49,1,6,38,41,210,205,6,0.0375
41,50,2,6,36,43,194,191,3,0.01875
41,51,3,6,43,44,207,208,2,0.0125
41,52,4,6,30,44,193,194,2,0.0125
41,53,5,6,42,28,186,189,2,0.0125
41,54,6,6,44,40,207,209,3,0.01875
41,55,7,6,44,38,167,166,3,0.01875
41,56,0,7,39,44,119,119,3,0.01875
41,57,1,7,32,43,148,144,3,0.01875
41,58,2,7,38,36,137,139,1,0.00625
41,59,3,7,28,38,136,135,0,0.0
41,60,4,7,37,43,143,145,1,0.00625
41,61,5,7,37,33,139,142,2,0.0125
41,62,6,7,40,41,152,151,3,0.01875
41,63,7,7,32,44,116,116,2,0.0125
42,0,0,0,40,33,108,107,1,0.00625
42,1,1,0,39,42,157,154,4,0.025
42,2,2,0,39,37,146,148,1,0.00625
42,3,3,0,36,32,143,143,3,0.01875
42,4,4,0,44,39,154,154,3,0.01875
42,5,5,0,37,44,162,159,4,0.025
42,6,6,0,35,40,150,149,2,0.0125
42,7,7,0,38,41,114,113,1,0.00625
42,8,0,1,40,39,153,154,4,0.025
42,9,1,1,44,37,206,207,2,0.0125
42,10,2,1,45,40,204,206,2,0.0125
42,11,3,1,39,41,195,191,2,0.0125
42,12,4,1,39,37,196,190,5,0.03125
42,13,5,1,40,43,208,208,3,0.01875
42,14,6,1,47,35,208,207,4,0.025
42,15,7,1,46,36,170,165,2,0.0125
42,16,0,2,43,40,163,167,1,0.00625
42,17,1,2,45,40,219,214,2,0.0125
42,18,2,2,38,47,208,209,2,0.0125
42,19,3,2,38,42,190,193,3,0.01875
42,20,4,2,42,37,195,198,2,0.0125
42,21,5,2,36,35,199,196,5,0.03125
42,22,6,2,40,40,197,199,1,0.00625
42,23,7,2,38,47,168,171,2,0.0125
42,24,0,3,38,43,157,159,1,0.00625
42,25,1,3,34,44,201,204,3,0.01875
42,26,2,3,34,42,190,189,3,0.01875
42,27,3,3,38,39,184,184,1,0.00625
42,28,4,3,36,39,191,195,1,0.00625
42,29,5,3,42,43,209,207,2,0.0125
42,30,6,3,37,37,200,196,6,0.0375
42,31,7,3,41,43,160,160,2,0.0125
42,32,0,4,35,38,153,151,3,0.01875
42,33,1,4,43,41,208,207,2,0.0125
42,34,2,4,37,34,193,197,3,0.01875
42,35,3,4,40,36,190,187,3,0.01875
42,36,4,4,41,36,201,199,4,0.025
42,37,5,4,43,40,210,210,2,0.0125
42,38,6,4,38,44,207,210,0,0.0
42,39,7,4,46,37,161,158,3,0.01875
42,40,0,5,36,40,152,153,4,0.025
42,41,1,5,43,37,197,198,2,0.0125
42,42,2,5,36,43,194,195,1,0.00625
42,43,3,5,38,36,181,182,2,0.0125
42,44,4,5,41,40,196,195,2,0.0125
42,45,5,5,38,40,207,204,4,0.025
42,46,6,5,45,43,207,203,4,0.025
42,47,7,5,41,39,161,163,1,0.00625
42,48,0,6,43,34,155,157,2,0.0125
42,49,1,6,41,41,212,214,5,0.03125
42,50,2,6,44,42,207,207,5,0.03125
42,51,3,6,47,39,205,205,2,0.0125
42,52,4,6,31,38,196,195,3,0.01875
42,53,5,6,41,41,193,191,4,0.025
42,54,6,6,34,40,191,194,3,0.01875
42,55,7,6,39,43,160,162,3,0.01875
42,56,0,7,45,41,125,125,4,0.025
42,57,1,7,36,46,168,169,1,0.00625
42,58,2,7,34,44,157,154,3,0.01875
42,59,3,7,44,44,164,162,3,0.01875
42,60,4,7,47,46,176,176,1,0.00625
42,61,5,7,44,29,160,158,2,0.0125
42,62,6,7,42,38,164,161,3,0.01875
42,63,7,7,45,38,122,121,3,0.01875
43,0,0,0,40,43,123,121,1,0.00625
43,1,1,0,40,45,164,162,5,0.03125
43,2,2,0,38,38,159,159,2,0.0125
43,3,3,0,44,37,161,162,2,0.0125
43,4,4,0,45,43,170,169,3,0.01875
43,5,5,0,31,44,161,162,3,0.01875
43,6,6,0,36,36,145,144,2,0.0125
43,7,7,0,42,44,123,122,2,0.0125
43,8,0,1,38,36,164,164,2,0.0125
43,9,1,1,45,40,212,213,3,0.01875
43,10,2,1,43,36,212,210,5,0.03125
43,11,3,1,37,41,204,208,2,0.0125
43,12,4,1,44,41,209,213,2,0.0125
43,13,5,1,33,45,210,213,0,0.0
43,14,6,1,41,32,188,190,1,0.00625
43,15,7,1,44,35,166,168,2,0.0125
43,16,0,2,36,45,164,163,2,0.0125
43,17,1,2,43,40,203,204,4,0.025
43,18,2,2,29,42,196,198,1,0.00625
43,19,3,2,42,44,197,196,3,0.01875
43,20,4,2,40,40,205,205,2,0.0125
43,21,5,2,40,45,205,204,5,0.03125
43,22,6,2,33,36,183,182,1,0.00625
43,23,7,2,42,43,162,159,2,0.0125
43,24,0,3,32,39,157,159,1,0.00625
43,25,1,3,42,37,196,194,4,0.025
43,26,2,3,42,45,207,207,3,0.01875
43,27,3,3,39,32,185,186,1,0.00625
43,28,4,3,40,42,200,197,3,0.01875
43,29,5,3,34,37,196,198,1,0.00625
43,30,6,3,39,37,184,188,2,0.0125
43,31,7,3,37,35,156,156,2,0.0125
43,32,0,4,38,41,167,168,2,0.0125
43,33,1,4,43,33,202,204,2,0.0125
43,34,2,4,44,42,214,210,5,0.03125
43,35,3,4,31,39,194,193,2,0.0125
43,36,4,4,45,38,196,198,4,0.025
43,37,5,4,37,39,209,208,5,0.03125
43,38,6,4,45,36,195,195,2,0.0125
43,39,7,4,45,40,173,173,4,0.025
43,40,0,5,35,44,166,166,1,0.00625
43,41,1,5,40,36,200,198,4,0.025
43,42,2,5,35,43,207,205,5,0.03125
43,43,3,5,41,42,197,199,0,0.0
43,44,4,5,37,29,194,194,1,0.00625
43,45,5,5,46,45,216,216,4,0.025
43,46,6,5,42,35,201,203,4,0.025
43,47,7,5,45,42,177,174,4,0.025
43,48,0,6,33,44,158,158,2,0.0125
43,49,1,6,35,32,178,179,2,0.0125
43,50,2,6,40,43,190,191,2,0.0125
43,51,3,6,44,30,185,183,5,0.03125
43,52,4,6,40,43,198,199,3,0.01875
43,53,5,6,42,38,197,194,4,0.025
43,54,6,6,47,43,196,193,5,0.03125
43,55,7,6,29,43,160,160,2,0.0125
43,56,0,7,45,37,124,125,4,0.025
43,57,1,7,41,35,160,164,0,0.0
43,58,2,7,41,35,161,160,3,0.01875
43,59,3,7,39,38,162,162,1,0.00625
43,60,4,7,45,45,175,173,5,0.03125
43,61,5,7,29,40,159,159,3,0.01875
43,62,6,7,45,42,162,165,2,0.0125
43,63,7,7,42,43,129,132,0,0.0
44,0,0,0,40,41,119,119,2,0.0125
44,1,1,0,44,44,167,167,4,0.025
44,2,2,0,40,43,162,163,0,0.0
44,3,3,0,44,40,160,160,2,0.0125
44,4,4,0,44,38,165,166,3,0.01875
44,5,5,0,36,44,162,161,5,0.03125
44,6,6,0,37,25,135,134,3,0.01875
44,7,7,0,39,44,118,118,3,0.01875
44,8,0,1,41,36,161,161,3,0.01875
44,9,1,1,40,41,212,211,4,0.025
44,10,2,1,35,44,207,209,3,0.01875
44,11,3,1,35,37,189,187,2,0.0125
44,12,4,1,45,44,205,206,3,0.01875
44,13,5,1,47,44,219,219,3,0.01875
44,14,6,1,45,36,188,185,4,0.025
44,15,7,1,39,36,162,163,1,0.00625
44,16,0,2,34,44,156,157,1,0.00625
44,17,1,2,34,40,192,192,2,0.0125
44,18,2,2,38,45,198,196,4,0.025
44,19,3,2,45,34,196,194,5,0.03125
44,20,4,2,45,35,205,201,4,0.025
44,21,5,2,38,44,216,216,4,0.025
44,22,6,2,36,44,185,184,2,0.0125
44,23,7,2,44,43,167,165,5,0.03125
44,24,0,3,44,41,158,156,4,0.025
44,25,1,3,43,36,199,198,5,0.03125
44,26,2,3,34,32,187,189,3,0.01875
44,27,3,3,36,35,184,180,4,0.025
44,28,4,3,36,43,193,195,2,0.0125
44,29,5,3,37,45,200,200,4,0.025
44,30,6,3,36,39,174,175,2,0.0125
44,31,7,3,41,33,158,157,3,0.01875
44,32,0,4,39,37,157,160,1,0.00625
44,33,1,4,41,39,206,204,2,0.0125
44,34,2,4,44,43,214,216,3,0.01875
44,35,3,4,38,35,199,202,2,0.0125
44,36,4,4,34,38,194,194,2,0.0125
44,37,5,4,45,38,208,206,3,0.01875
44,38,6,4,45,33,190,189,2,0.0125
44,39,7,4,40,38,169,168,4,0.025
44,40,0,5,35,45,161,163,1,0.00625
44,41,1,5,35,39,195,195,4,0.025
44,42,2,5,44,42,202,202,3,0.01875
44,43,3,5,41,44,214,209,4,0.025
44,44,4,5,42,40,200,202,1,0.00625
44,45,5,5,41,39,207,208,3,0.01875
44,46,6,5,36,45,193,192,3,0.01875
44,47,7,5,43,44,169,167,5,0.03125
44,48,0,6,37,44,149,150,1,0.00625
44,49,1,6,34,35,180,181,2,0.0125
44,50,2,6,40,32,178,180,1,0.00625
44,51,3,6,43,44,201,203,3,0.01875
44,52,4,6,42,39,197,195,4,0.025
44,53,5,6,38,40,198,200,4,0.025
44,54,6,6,42,44,185,185,3,0.01875
44,55,7,6,38,36,160,160,4,0.025
44,56,0,7,40,27,106,108,2,0.0125
44,57,1,7,41,37,160,158,2,0.0125
44,58,2,7,40,33,150,153,1,0.00625
44,59,3,7,35,44,153,155,2,0.0125
44,60,4,7,44,42,160,159,4,0.025
44,61,5,7,28,41,150,151,2,0.0125
44,62,6,7,44,39,146,144,3,0.01875
44,63,7,7,36,44,124,125,1,0.00625
45,0,0,0,39,39,120,122,2,0.0125
45,1,1,0,44,40,167,167,5,0.03125
45,2,2,0,45,40,174,172,3,0.01875
45,3,3,0,45,41,174,173,5,0.03125
45,4,4,0,45,29,161,163,2,0.0125
45,5,5,0,38,45,170,172,1,0.00625
45,6,6,0,43,39,165,164,4,0.025
45,7,7,0,44,43,128,126,6,0.0375
45,8,0,1,34,45,155,155,2,0.0125
45,9,1,1,38,38,186,187,2,0.0125
45,10,2,1,40,44,196,195,3,0.01875
45,11,3,1,36,43,196,197,2,0.0125
45,12,4,1,45,45,190,190,3,0.01875
45,13,5,1,40,45,214,214,0,0.0
45,14,6,1,38,39,200,201,3,0.01875
45,15,7,1,36,41,159,157,2,0.0125
45,16,0,2,32,36,155,155,2,0.0125
45,17,1,2,43,36,195,198,2,0.0125
45,18,2,2,41,35,202,200,4,0.025
45,19,3,2,34,40,198,199,3,0.01875
45,20,4,2,44,36,186,188,2,0.0125
45,21,5,2,36,45,212,213,4,0.025
45,22,6,2,39,43,203,200,4,0.025
45,23,7,2,40,38,159,163,1,0.00625
45,24,0,3,44,45,172,171,3,0.01875
45,25,1,3,43,31,207,206,5,0.03125
45,26,2,3,38,44,210,207,3,0.01875
45,27,3,3,34,40,197,196,3,0.01875
45,28,4,3,35,37,175,175,2,0.0125
45,29,5,3,36,44,201,202,2,0.0125
45,30,6,3,39,36,200,197,4,0.025
45,31,7,3,44,38,159,158,5,0.03125
45,32,0,4,45,43,166,163,3,0.01875
45,33,1,4,38,44,204,203,4,0.025
45,34,2,4,44,44,198,200,4,0.025
45,35,3,4,38,38,196,195,2,0.0125
45,36,4,4,36,34,170,171,0,0.0
45,37,5,4,43,32,187,191,3,0.01875
45,38,6,4,38,39,201,198,4,0.025
45,39,7,4,37,36,151,153,3,0.01875
45,40,0,5,33,36,149,147,1,0.00625
45,41,1,5,43,44,203,203,3,0.01875
45,42,2,5,43,37,200,198,6,0.0375
45,43,3,5,40,44,204,207,1,0.00625
45,44,4,5,42,39,192,191,1,0.00625
45,45,5,5,35,33,196,200,1,0.00625
45,46,6,5,38,44,197,199,1,0.00625
45,47,7,5,38,38,156,158,3,0.01875
45,48,0,6,47,39,168,167,3,0.01875
45,49,1,6,40,37,206,205,4,0.025
45,50,2,6,37,43,203,202,2,0.0125
45,51,3,6,44,43,204,203,2,0.0125
45,52,4,6,45,45,202,204,2,0.0125
45,53,5,6,43,44,217,215,3,0.01875
45,54,6,6,40,36,206,206,4,0.025
45,55,7,6,41,38,161,161,4,0.025
45,56,0,7,44,44,129,126,4,0.025
45,57,1,7,40,42,165,164,1,0.00625
45,58,2,7,37,40,158,157,2,0.0125
45,59,3,7,31,35,147,146,2,0.0125
45,60,4,7,42,44,159,161,4,0.025
45,61,5,7,44,44,173,171,3,0.01875
45,62,6,7,39,44,167,167,3,0.01875
45,63,7,7,43,41,125,124,1,0.00625
46,0,0,0,31,41,118,117,2,0.0125
46,1,1,0,45,42,162,165,2,0.0125
46,2,2,0,41,39,166,167,3,0.01875
46,3,3,0,44,29,158,157,3,0.01875
46,4,4,0,42,39,172,170,3,0.01875
46,5,5,0,43,43,176,172,6,0.0375
46,6,6,0,44,45,175,175,3,0.01875
46,7,7,0,42,39,125,127,2,0.0125
46,8,0,1,46,44,167,166,3,0.01875
46,9,1,1,42,34,197,195,4,0.025
46,10,2,1,36,45,198,200,2,0.0125
46,11,3,1,43,41,187,190,1,0.00625
46,12,4,1,44,44,210,208,5,0.03125
46,13,5,1,43,42,209,206,4,0.025
46,14,6,1,44,41,204,204,3,0.01875
46,15,7,1,38,44,163,163,3,0.01875
46,16,0,2,43,35,156,154,3,0.01875
46,17,1,2,36,43,199,198,1,0.00625
46,18,2,2,42,42,199,200,4,0.025
46,19,3,2,35,42,185,187,1,0.00625
46,20,4,2,43,43,203,201,5,0.03125
46,21,5,2,45,44,214,214,3,0.01875
46,22,6,2,42,40,207,207,5,0.03125
46,23,7,2,38,44,160,160,1,0.00625
46,24,0,3,44,36,168,167,4,0.025
46,25,1,3,36,43,202,207,2,0.0125
46,26,2,3,41,39,195,198,1,0.00625
46,27,3,3,32,43,191,191,2,0.0125
46,28,4,3,40,36,197,197,2,0.0125
46,29,5,3,40,45,216,213,5,0.03125
46,30,6,3,45,43,214,214,4,0.025
46,31,7,3,45,41,168,168,3,0.01875
46,32,0,4,40,45,163,165,3,0.01875
46,33,1,4,40,44,203,203,5,0.03125
46,34,2,4,43,35,198,197,4,0.025
46,35,3,4,38,40,190,190,3,0.01875
46,36,4,4,33,34,187,189,0,0.0
46,37,5,4,46,40,208,204,4,0.025
46,38,6,4,33,38,198,200,3,0.01875
46,39,7,4,41,44,156,153,3,0.01875
46,40,0,5,30,40,152,151,3,0.01875
46,41,1,5,43,40,190,192,1,0.00625
46,42,2,5,39,40,201,204,3,0.01875
46,43,3,5,46,43,200,195,3,0.01875
46,44,4,5,42,36,203,201,2,0.0125
46,45,5,5,42,34,202,197,3,0.01875
46,46,6,5,38,45,208,207,6,0.0375
46,47,7,5,38,33,145,146,2,0.0125
46,48,0,6,42,41,164,163,3,0.01875
46,49,1,6,41,28,189,189,4,0.025
46,50,2,6,31,45,196,199,0,0.0
46,51,3,6,40,41,185,184,4,0.025
46,52,4,6,45,41,209,209,3,0.01875
46,53,5,6,46,41,212,214,3,0.01875
46,54,6,6,40,40,203,205,0,0.0
46,55,7,6,37,37,153,154,2,0.0125
46,56,0,7,37,41,119,121,1,0.00625
46,57,1,7,42,42,164,162,4,0.025
46,58,2,7,28,40,152,153,1,0.00625
46,59,3,7,45,32,148,147,3,0.01875
46,60,4,7,43,44,168,170,1,0.00625
46,61,5,7,42,45,171,172,2,0.0125
46,62,6,7,38,44,169,171,2,0.0125
46,63,7,7,42,40,121,120,3,0.01875
47,0,0,0,45,38,126,126,3,0.01875
47,1,1,0,45,38,167,167,4,0.025
47,2,2,0,37,41,165,165,2,0.0125
47,3,3,0,44,36,162,162,5,0.03125
47,4,4,0,45,41,168,170,2,0.0125
47,5,5,0,44,42,167,170,3,0.01875
47,6,6,0,44,44,172,172,4,0.025
47,7,7,0,40,30,114,115,2,0.0125
47,8,0,1,40,44,161,162,4,0.025
47,9,1,1,38,43,198,200,1,0.00625
47,10,2,1,36,45,199,198,4,0.025
47,11,3,1,45,38,196,190,4,0.025
47,12,4,1,44,44,207,209,3,0.01875
47,13,5,1,45,45,213,214,3,0.01875
47,14,6,1,42,44,217,217,3,0.01875
47,15,7,1,39,44,158,159,3,0.01875
47,16,0,2,40,40,160,161,2,0.0125
47,17,1,2,33,41,197,196,2,0.0125
47,18,2,2,34,39,186,188,2,0.0125
47,19,3,2,45,33,192,189,4,0.025
47,20,4,2,41,42,204,206,3,0.01875
47,21,5,2,44,44,211,213,1,0.00625
47,22,6,2,43,45,219,218,7,0.04375
47,23,7,2,44,44,161,161,1,0.00625
47,24,0,3,45,42,169,169,3,0.01875
47,25,1,3,45,41,212,213,2,0.0125
47,26,2,3,41,32,204,201,5,0.03125
47,27,3,3,42,35,197,200,2,0.0125
47,28,4,3,33,41,194,192,3,0.01875
47,29,5,3,32,42,185,187,2,0.0125
47,30,6,3,41,45,208,211,2,0.0125
47,31,7,3,44,43,163,163,3,0.01875
47,32,0,4,45,45,166,165,3,0.01875
47,33,1,4,43,45,207,210,3,0.01875
47,34,2,4,44,45,206,205,4,0.025
47,35,3,4,40,41,199,199,0,0.0
47,36,4,4,37,37,191,189,0,0.0
47,37,5,4,44,31,181,184,2,0.0125
47,38,6,4,41,35,199,203,1,0.00625
47,39,7,4,31,44,151,157,1,0.00625
47,40,0,5,41,39,153,156,2,0.0125
47,41,1,5,45,45,206,203,4,0.025
47,42,2,5,45,43,208,207,4,0.025
47,43,3,5,44,44,204,206,2,0.0125
47,44,4,5,35,43,195,197,2,0.0125
47,45,5,5,36,37,180,183,2,0.0125
47,46,6,5,43,44,206,207,3,0.01875
47,47,7,5,40,45,159,156,4,0.025
47,48,0,6,38,36,146,146,1,0.00625
47,49,1,6,39,40,191,191,4,0.025
47,50,2,6,42,43,198,191,6,0.0375
47,51,3,6,37,43,190,191,2,0.0125
47,52,4,6,38,44,192,190,3,0.01875
47,53,5,6,45,35,196,195,4,0.025
47,54,6,6,43,39,211,211,2,0.0125
47,55,7,6,39,44,159,156,4,0.025
47,56,0,7,41,33,113,111,2,0.0125
47,57,1,7,35,40,155,156,2,0.0125
47,58,2,7,40,38,151,150,1,0.00625
47,59,3,7,30,39,145,146,2,0.0125
47,60,4,7,41,35,148,145,4,0.025
47,61,5,7,46,40,160,159,2,0.0125
47,62,6,7,32,45,156,156,3,0.01875
47,63,7,7,33,42,105,105,2,0.0125
48,0,0,0,41,33,107,108,1,0.00625
48,1,1,0,27,44,150,152,2,0.0125
48,2,2,0,43,31,140,140,2,0.0125
48,3,3,0,38,43,156,158,2,0.0125
48,4,4,0,45,35,156,154,2,0.0125
48,5,5,0,43,43,166,168,2,0.0125
48,6,6,0,42,44,164,163,5,0.03125
48,7,7,0,37,42,123,121,3,0.01875
48,8,0,1,40,34,148,149,2,0.0125
48,9,1,1,31,43,204,203,4,0.025
48,10,2,1,40,33,180,180,2,0.0125
48,11,3,1,35,42,203,205,4,0.025
48,12,4,1,43,40,203,201,2,0.0125
48,13,5,1,42,45,220,219,4,0.025
48,14,6,1,45,43,219,219,3,0.01875
48,15,7,1,45,42,173,172,3,0.01875
48,16,0,2,42,43,163,163,2,0.0125
48,17,1,2,42,40,216,214,3,0.01875
48,18,2,2,38,32,195,191,4,0.025
48,19,3,2,31,37,196,200,1,0.00625
48,20,4,2,40,40,199,199,3,0.01875
48,21,5,2,43,43,216,214,5,0.03125
48,22,6,2,44,43,220,221,6,0.0375
48,23,7,2,46,43,180,176,5,0.03125
48,24,0,3,37,45,158,158,4,0.025
48,25,1,3,47,41,216,212,3,0.01875
48,26,2,3,36,41,201,200,4,0.025
48,27,3,3,44,36,203,201,3,0.01875
48,28,4,3,40,38,206,204,6,0.0375
48,29,5,3,44,39,211,210,3,0.01875
48,30,6,3,42,44,212,209,4,0.025
48,31,7,3,40,46,164,169,0,0.0
48,32,0,4,45,41,150,150,2,0.0125
48,33,1,4,42,37,207,203,5,0.03125
48,34,2,4,30,47,191,193,3,0.01875
48,35,3,4,39,36,185,184,3,0.01875
48,36,4,4,43,44,194,192,2,0.0125
48,37,5,4,34,40,197,198,2,0.0125
48,38,6,4,36,40,193,192,2,0.0125
48,39,7,4,39,39,152,150,2,0.0125
48,40,0,5,44,29,151,148,3,0.01875
48,41,1,5,43,48,223,225,3,0.01875
48,42,2,5,38,43,205,206,3,0.01875
48,43,3,5,38,34,200,201,3,0.01875
48,44,4,5,40,35,202,201,1,0.00625
48,45,5,5,41,40,212,213,2,0.0125
48,46,6,5,43,39,209,211,3,0.01875
48,47,7,5,45,33,160,161,4,0.025
48,48,0,6,40,44,158,158,4,0.025
48,49,1,6,40,42,209,210,1,0.00625
48,50,2,6,39,44,198,202,2,0.0125
48,51,3,6,37,38,199,197,4,0.025
48,52,4,6,26,42,183,185,2,0.0125
48,53,5,6,36,43,190,194,2,0.0125
48,54,6,6,31,38,188,190,0,0.0
48,55,7,6,36,42,151,153,1,0.00625
48,56,0,7,46,42,118,118,3,0.01875
48,57,1,7,38,38,151,151,3,0.01875
48,58,2,7,45,45,157,157,3,0.01875
48,59,3,7,45,42,162,160,4,0.025
48,60,4,7,45,37,157,157,3,0.01875
48,61,5,7,42,30,150,154,1,0.00625
48,62,6,7,38,40,157,156,1,0.00625
48,63,7,7,37,35,110,112,1,0.00625
49,0,0,0,37,40,121,122,1,0.00625
49,1,1,0,42,44,168,166,2,0.0125
49,2,2,0,45,40,168,167,3,0.01875
49,3,3,0,41,45,172,172,2,0.0125
49,4,4,0,43,44,169,169,4,0.025
49,5,5,0,43,44,171,170,2,0.0125
49,6,6,0,38,42,163,168,2,0.0125
49,7,7,0,38,32,109,111,2,0.0125
49,8,0,1,45,42,167,167,4,0.025
49,9,1,1,33,39,200,201,1,0.00625
49,10,2,1,39,38,189,187,3,0.01875
49,11,3,1,37,45,204,206,2,0.0125
49,12,4,1,44,39,204,204,4,0.025
49,13,5,1,39,43,210,212,0,0.0
49,14,6,1,42,43,208,209,5,0.03125
49,15,7,1,39,43,154,156,2,0.0125
49,16,0,2,40,41,161,160,2,0.0125
49,17,1,2,39,44,211,214,0,0.0
49,18,2,2,44,32,194,199,1,0.00625
49,19,3,2,41,40,212,209,2,0.0125
49,20,4,2,41,35,199,198,4,0.025
49,21,5,2,46,44,219,217,4,0.025
49,22,6,2,36,42,209,212,1,0.00625
49,23,7,2,44,42,152,153,5,0.03125
49,24,0,3,33,45,157,159,3,0.01875
49,25,1,3,35,43,199,202,3,0.01875
49,26,2,3,40,40,196,197,4,0.025
49,27,3,3,45,44,213,215,1,0.00625
49,28,4,3,44,34,206,208,3,0.01875
49,29,5,3,33,39,203,203,1,0.00625
49,30,6,3,45,44,205,208,2,0.0125
49,31,7,3,41,38,156,154,3,0.01875
49,32,0,4,42,41,167,166,2,0.0125
49,33,1,4,45,39,211,213,3,0.01875
49,34,2,4,33,37,192,192,2,0.0125
49,35,3,4,42,40,201,203,1,0.00625
49,36,4,4,36,45,214,217,2,0.0125
49,37,5,4,40,44,211,207,5,0.03125
49,38,6,4,45,35,203,197,4,0.025
49,39,7,4,38,45,159,160,0,0.0
49,40,0,5,39,44,165,163,5,0.03125
49,41,1,5,37,41,204,205,1,0.00625
49,42,2,5,37,44,199,201,2,0.0125
49,43,3,5,26,32,187,188,2,0.0125
49,44,4,5,40,44,195,196,3,0.01875
49,45,5,5,45,40,214,207,6,0.0375
49,46,6,5,28,36,196,195,0,0.0
49,47,7,5,44,44,154,154,4,0.025
49,48,0,6,42,45,166,164,5,0.03125
49,49,1,6,39,38,203,203,1,0.00625
49,50,2,6,40,38,190,191,3,0.01875
49,51,3,6,46,43,210,210,5,0.03125
49,52,4,6,40,25,195,192,5,0.03125
49,53,5,6,35,36,195,193,1,0.00625
49,54,6,6,45,43,207,203,4,0.025
49,55,7,6,42,35,150,149,4,0.025
49,56,0,7,44,39,121,123,3,0.01875
49,57,1,7,33,43,160,162,1,0.00625
49,58,2,7,39,37,151,152,1,0.00625
49,59,3,7,40,37,161,161,2,0.0125
49,60,4,7,45,44,168,170,2,0.0125
49,61,5,7,45,36,168,161,6,0.0375
49,62,6,7,36,34,151,149,3,0.01875
49,63,7,7,39,40,116,112,4,0.025
50,0,0,0,46,38,120,117,3,0.01875
50,1,1,0,39,44,158,159,3,0.01875
50,2,2,0,45,36,152,153,2,0.0125
50,3,3,0,40,33,153,153,3,0.01875
50,4,4,0,43,30,151,150,5,0.03125
50,5,5,0,44,44,171,170,3,0.01875
50,6,6,0,40,45,166,164,4,0.025
50,7,7,0,37,42,117,117,1,0.00625
50,8,0,1,45,37,157,156,4,0.025
50,9,1,1,42,41,207,205,4,0.025
50,10,2,1,34,38,185,188,1,0.00625
50,11,3,1,32,45,182,182,2,0.0125
50,12,4,1,45,41,184,185,3,0.01875
50,13,5,1,41,44,208,209,2,0.0125
50,14,6,1,40,45,204,205,2,0.0125
50,15,7,1,39,35,160,156,2,0.0125
50,16,0,2,39,35,161,158,3,0.01875
50,17,1,2,37,45,203,205,1,0.00625
50,18,2,2,34,41,194,193,3,0.01875
50,19,3,2,45,38,193,195,2,0.0125
50,20,4,2,34,33,188,188,1,0.00625
50,21,5,2,44,45,212,215,3,0.01875
50,22,6,2,40,38,212,211,4,0.025
50,23,7,2,44,43,169,170,3,0.01875
50,24,0,3,45,43,168,165,5,0.03125
50,25,1,3,44,33,202,198,5,0.03125
50,26,2,3,42,37,197,198,3,0.01875
50,27,3,3,36,39,188,188,3,0.01875
50,28,4,3,44,45,196,195,3,0.01875
50,29,5,3,44,37,206,207,1,0.00625
50,30,6,3,44,44,213,212,3,0.01875
50,31,7,3,34,38,161,160,1,0.00625
50,32,0,4,34,41,153,155,2,0.0125
50,33,1,4,39,39,195,195,3,0.01875
50,34,2,4,34,42,190,191,2,0.0125
50,35,3,4,39,41,183,183,3,0.01875
50,36,4,4,39,39,184,181,3,0.01875
50,37,5,4,42,44,206,206,4,0.025
50,38,6,4,40,43,208,212,2,0.0125
50,39,7,4,43,44,170,167,3,0.01875
50,40,0,5,44,37,168,168,4,0.025
50,41,1,5,41,35,211,209,4,0.025
50,42,2,5,44,40,207,204,2,0.0125
50,43,3,5,38,37,189,187,6,0.0375
50,44,4,5,42,40,197,194,4,0.025
50,45,5,5,44,35,210,214,3,0.01875
50,46,6,5,35,41,207,209,2,0.0125
50,47,7,5,45,41,160,161,3,0.01875
50,48,0,6,31,45,156,157,4,0.025
50,49,1,6,44,44,204,203,3,0.01875
50,50,2,6,38,42,205,207,1,0.00625
50,51,3,6,44,38,199,200,4,0.025
50,52,4,6,41,35,193,193,4,0.025
50,53,5,6,34,42,204,203,3,0.01875
50,54,6,6,45,44,212,210,5,0.03125
50,55,7,6,44,31,162,160,4,0.025
50,56,0,7,39,41,122,123,1,0.00625
50,57,1,7,39,30,152,152,1,0.00625
50,58,2,7,33,42,155,154,2,0.0125
50,59,3,7,35,42,146,146,4,0.025
50,60,4,7,45,44,163,161,3,0.01875
50,61,5,7,44,39,166,167,5,0.03125
50,62,6,7,42,35,157,161,0,0.0
50,63,7,7,36,44,123,126,2,0.0125
51,0,0,0,40,40,114,116,1,0.00625
51,1,1,0,41,42,163,158,5,0.03125
51,2,2,0,32,38,150,151,0,0.0
51,3,3,0,45,31,149,147,4,0.025
51,4,4,0,42,44,164,165,3,0.01875
51,5,5,0,31,45,153,153,3,0.01875
51,6,6,0,36,45,149,150,0,0.0
51,7,7,0,36,36,109,111,1,0.00625
51,8,0,1,44,34,163,164,3,0.01875
51,9,1,1,42,42,215,214,3,0.01875
51,10,2,1,33,40,196,196,1,0.00625
51,11,3,1,39,37,185,182,5,0.03125
51,12,4,1,38,44,204,205,1,0.00625
51,13,5,1,40,41,210,209,1,0.00625
51,14,6,1,39,32,201,200,3,0.01875
51,15,7,1,44,40,157,160,3,0.01875
51,16,0,2,35,45,164,168,2,0.0125
51,17,1,2,38,44,208,202,5,0.03125
51,18,2,2,38,40,194,192,3,0.01875
51,19,3,2,45,33,187,186,4,0.025
51,20,4,2,34,35,198,198,4,0.025
51,21,5,2,45,42,207,205,5,0.03125
51,22,6,2,38,40,211,212,1,0.00625
51,23,7,2,44,40,158,157,5,0.03125
51,24,0,3,44,45,159,160,3,0.01875
51,25,1,3,41,39,198,197,5,0.03125
51,26,2,3,38,35,183,186,1,0.00625
51,27,3,3,37,34,174,174,2,0.0125
51,28,4,3,45,45,196,197,2,0.0125
51,29,5,3,38,33,191,191,4,0.025
51,30,6,3,43,45,206,203,5,0.03125
51,31,7,3,37,40,153,151,4,0.025
51,32,0,4,37,30,151,149,3,0.01875
51,33,1,4,39,44,206,208,3,0.01875
51,34,2,4,41,41,208,203,5,0.03125
51,35,3,4,43,43,200,199,4,0.025
51,36,4,4,38,36,198,199,3,0.01875
51,37,5,4,41,45,212,215,2,0.0125
51,38,6,4,41,39,207,209,1,0.00625
51,39,7,4,44,44,161,164,1,0.00625
51,40,0,5,43,44,171,174,3,0.01875
51,41,1,5,44,36,212,210,3,0.01875
51,42,2,5,44,40,213,213,4,0.025
51,43,3,5,43,35,203,201,6,0.0375
51,44,4,5,41,40,208,211,1,0.00625
51,45,5,5,41,40,214,213,3,0.01875
51,46,6,5,45,41,215,212,4,0.025
51,47,7,5,44,41,161,160,4,0.025
51,48,0,6,45,44,171,172,2,0.0125
51,49,1,6,43,44,214,216,2,0.0125
51,50,2,6,40,42,209,202,4,0.025
51,51,3,6,41,44,197,198,3,0.01875
51,52,4,6,33,44,201,203,4,0.025
51,53,5,6,33,44,199,200,2,0.0125
51,54,6,6,42,41,199,203,2,0.0125
51,55,7,6,39,42,157,161,2,0.0125
51,56,0,7,47,41,129,126,3,0.01875
51,57,1,7,39,45,169,167,3,0.01875
51,58,2,7,36,43,158,157,2,0.0125
51,59,3,7,39,38,150,150,3,0.01875
51,60,4,7,44,42,166,165,5,0.03125
51,61,5,7,42,38,165,167,2,0.0125
51,62,6,7,30,32,150,149,1,0.00625
51,63,7,7,42,44,118,118,1,0.00625
52,0,0,0,45,35,119,118,2,0.0125
52,1,1,0,37,44,163,167,3,0.01875
52,2,2,0,38,39,153,149,4,0.025
52,3,3,0,44,42,158,156,5,0.03125
52,4,4,0,39,35,155,155,2,0.0125
52,5,5,0,46,44,164,164,3,0.01875
52,6,6,0,46,40,166,163,5,0.03125
52,7,7,0,37,37,119,117,2,0.0125
52,8,0,1,43,37,158,160,2,0.0125
52,9,1,1,29,44,204,209,1,0.00625
52,10,2,1,38,40,198,194,5,0.03125
52,11,3,1,37,33,194,196,1,0.00625
52,12,4,1,39,44,204,204,2,0.0125
52,13,5,1,43,41,208,209,3,0.01875
52,14,6,1,45,44,215,213,3,0.01875
52,15,7,1,40,42,165,165,2,0.0125
52,16,0,2,31,44,150,151,2,0.0125
52,17,1,2,38,43,196,199,1,0.00625
52,18,2,2,45,35,201,202,4,0.025
52,19,3,2,43,33,209,207,3,0.01875
52,20,4,2,33,41,196,197,4,0.025
52,21,5,2,39,35,196,198,2,0.0125
52,22,6,2,44,43,207,206,3,0.01875
52,23,7,2,40,41,162,165,2,0.0125
52,24,0,3,45,41,158,156,5,0.03125
52,25,1,3,44,32,200,203,2,0.0125
52,26,2,3,34,40,196,194,2,0.0125
52,27,3,3,43,44,202,202,4,0.025
52,28,4,3,45,44,204,203,3,0.01875
52,29,5,3,40,32,202,201,3,0.01875
52,30,6,3,34,41,191,192,4,0.025
52,31,7,3,39,41,152,154,0,0.0
52,32,0,4,35,37,146,149,1,0.00625
52,33,1,4,38,45,205,201,5,0.03125
52,34,2,4,45,44,204,210,3,0.01875
52,35,3,4,45,36,210,209,4,0.025
52,36,4,4,37,41,200,198,2,0.0125
52,37,5,4,39,45,206,206,3,0.01875
52,38,6,4,42,38,202,203,1,0.00625
52,39,7,4,39,33,158,156,1,0.00625
52,40,0,5,44,42,164,162,3,0.01875
52,41,1,5,37,35,203,206,3,0.01875
52,42,2,5,41,36,196,197,3,0.01875
52,43,3,5,44,45,218,219,3,0.01875
52,44,4,5,39,45,206,204,3,0.01875
52,45,5,5,45,35,204,205,5,0.03125
52,46,6,5,45,39,215,213,5,0.03125
52,47,7,5,43,44,173,176,2,0.0125
52,48,0,6,44,44,160,159,4,0.025
52,49,1,6,41,43,210,206,5,0.03125
52,50,2,6,34,38,185,189,1,0.00625
52,51,3,6,42,43,198,200,3,0.01875
52,52,4,6,38,43,198,198,2,0.0125
52,53,5,6,34,36,188,189,1,0.00625
52,54,6,6,45,45,199,198,2,0.0125
52,55,7,6,38,45,168,167,3,0.01875
52,56,0,7,44,37,114,116,2,0.0125
52,57,1,7,38,44,159,159,2,0.0125
52,58,2,7,44,40,155,156,4,0.025
52,59,3,7,36,36,153,153,3,0.01875
52,60,4,7,44,42,158,158,4,0.025
52,61,5,7,38,37,153,156,0,0.0
52,62,6,7,46,33,151,150,3,0.01875
52,63,7,7,36,44,120,120,1,0.00625
53,0,0,0,33,42,112,113,0,0.0
53,1,1,0,32,44,148,148,3,0.01875
53,2,2,0,44,35,149,150,3,0.01875
53,3,3,0,44,44,170,173,3,0.01875
53,4,4,0,33,39,157,155,4,0.025
53,5,5,0,42,44,159,159,2,0.0125
53,6,6,0,39,39,157,159,3,0.01875
53,7,7,0,39,45,124,125,1,0.00625
53,8,0,1,32,37,149,149,1,0.00625
53,9,1,1,32,35,182,178,2,0.0125
53,10,2,1,45,31,173,174,2,0.0125
53,11,3,1,34,44,200,202,1,0.00625
53,12,4,1,45,44,198,197,2,0.0125
53,13,5,1,45,33,203,199,4,0.025
53,14,6,1,42,42,202,205,4,0.025
53,15,7,1,40,43,168,166,2,0.0125
53,16,0,2,35,34,155,152,3,0.01875
53,17,1,2,41,38,196,195,2,0.0125
53,18,2,2,38,30,185,186,1,0.00625
53,19,3,2,45,45,218,218,5,0.03125
53,20,4,2,31,32,189,187,5,0.03125
53,21,5,2,42,45,198,199,2,0.0125
53,22,6,2,36,44,199,201,1,0.00625
53,23,7,2,37,42,161,159,2,0.0125
53,24,0,3,43,41,172,174,3,0.01875
53,25,1,3,39,32,201,205,1,0.00625
53,26,2,3,33,39,194,194,3,0.01875
53,27,3,3,44,42,207,205,4,0.025
53,28,4,3,42,44,220,221,2,0.0125
53,29,5,3,42,30,204,204,2,0.0125
53,30,6,3,40,41,212,213,2,0.0125
53,31,7,3,45,37,172,172,2,0.0125
53,32,0,4,40,44,162,160,3,0.01875
53,33,1,4,38,44,195,197,3,0.01875
53,34,2,4,35,44,188,188,0,0.0
53,35,3,4,42,27,188,189,3,0.01875
53,36,4,4,39,44,207,205,4,0.025
53,37,5,4,36,44,199,198,2,0.0125
53,38,6,4,47,45,207,202,5,0.03125
53,39,7,4,37,43,169,169,3,0.01875
53,40,0,5,42,35,163,166,3,0.01875
53,41,1,5,43,38,209,208,4,0.025
53,42,2,5,42,38,203,203,2,0.0125
53,43,3,5,44,39,213,215,3,0.01875
53,44,4,5,43,44,221,220,3,0.01875
53,45,5,5,44,39,215,213,5,0.03125
53,46,6,5,44,41,213,212,5,0.03125
53,47,7,5,44,44,177,175,3,0.01875
53,48,0,6,41,44,169,171,2,0.0125
53,49,1,6,38,43,208,211,1,0.00625
53,50,2,6,42,41,203,204,2,0.0125
53,51,3,6,39,42,211,208,4,0.025
53,52,4,6,44,44,214,213,5,0.03125
53,53,5,6,35,43,209,207,3,0.01875
53,54,6,6,35,44,198,199,2,0.0125
53,55,7,6,44,44,170,169,4,0.025
53,56,0,7,39,42,125,127,1,0.00625
53,57,1,7,36,42,162,163,0,0.0
53,58,2,7,44,44,169,167,4,0.025
53,59,3,7,44,40,173,171,5,0.03125
53,60,4,7,44,40,173,173,4,0.025
53,61,5,7,46,40,175,173,3,0.01875
53,62,6,7,44,36,166,165,3,0.01875
53,63,7,7,46,37,130,127,4,0.025
54,0,0,0,36,42,120,118,1,0.00625
54,1,1,0,36,34,144,142,4,0.025
54,2,2,0,39,42,157,159,2,0.0125
54,3,3,0,40,41,162,164,1,0.00625
54,4,4,0,41,48,172,176,0,0.0
54,5,5,0,33,47,165,168,0,0.0
54,6,6,0,44,40,163,163,2,0.0125
54,7,7,0,43,43,128,126,2,0.0125
54,8,0,1,43,42,165,160,4,0.025
54,9,1,1,44,34,188,190,3,0.01875
54,10,2,1,32,34,188,191,1,0.00625
54,11,3,1,39,41,195,192,3,0.01875
54,12,4,1,36,45,206,206,3,0.01875
54,13,5,1,45,42,214,216,4,0.025
54,14,6,1,41,36,200,199,3,0.01875
54,15,7,1,37,40,164,163,4,0.025
54,16,0,2,41,39,160,161,2,0.0125
54,17,1,2,41,38,198,195,5,0.03125
54,18,2,2,44,40,203,205,1,0.00625
54,19,3,2,42,36,197,198,4,0.025
54,20,4,2,42,41,210,213,4,0.025
54,21,5,2,38,43,209,208,4,0.025
54,22,6,2,40,45,205,202,3,0.01875
54,23,7,2,41,41,167,167,3,0.01875
54,24,0,3,36,39,152,154,4,0.025
54,25,1,3,41,42,189,187,0,0.0
54,26,2,3,41,41,199,194,5,0.03125
54,27,3,3,47,43,202,204,3,0.01875
54,28,4,3,39,42,210,209,5,0.03125
54,29,5,3,36,42,197,200,0,0.0
54,30,6,3,41,37,187,188,3,0.01875
54,31,7,3,34,40,157,158,1,0.00625
54,32,0,4,35,39,155,157,2,0.0125
54,33,1,4,36,35,182,182,3,0.01875
54,34,2,4,48,40,202,200,3,0.01875
54,35,3,4,44,40,209,204,6,0.0375
54,36,4,4,41,47,214,217,2,0.0125
54,37,5,4,47,38,209,207,4,0.025
54,38,6,4,41,36,198,200,2,0.0125
54,39,7,4,38,38,162,164,1,0.00625
54,40,0,5,38,39,162,162,1,0.00625
54,41,1,5,44,39,195,195,1,0.00625
54,42,2,5,40,38,202,199,3,0.01875
54,43,3,5,43,44,203,205,2,0.0125
54,44,4,5,40,42,210,213,2,0.0125
54,45,5,5,30,41,200,203,4,0.025
54,46,6,5,37,42,191,195,2,0.0125
54,47,7,5,43,43,168,169,3,0.01875
54,48,0,6,48,41,169,169,2,0.0125
54,49,1,6,39,39,195,195,1,0.00625
54,50,2,6,43,44,202,202,2,0.0125
54,51,3,6,44,39,205,201,5,0.03125
54,52,4,6,39,45,208,211,1,0.00625
54,53,5,6,42,42,211,209,4,0.025
54,54,6,6,38,33,190,187,4,0.025
54,55,7,6,38,38,157,157,4,0.025
54,56,0,7,33,39,115,113,2,0.0125
54,57,1,7,37,47,158,159,1,0.00625
54,58,2,7,35,38,151,156,0,0.0
54,59,3,7,45,42,166,167,3,0.01875
54,60,4,7,46,42,174,175,3,0.01875
54,61,5,7,34,43,167,171,0,0.0
54,62,6,7,45,39,166,167,4,0.025
54,63,7,7,42,35,120,120,2,0.0125
55,0,0,0,36,44,125,123,4,0.025
55,1,1,0,38,34,151,153,3,0.01875
55,2,2,0,31,38,146,148,1,0.00625
55,3,3,0,37,41,156,156,2,0.0125
55,4,4,0,46,41,165,165,2,0.0125
55,5,5,0,38,41,164,162,1,0.00625
55,6,6,0,40,36,159,158,4,0.025
55,7,7,0,44,38,122,121,3,0.01875
55,8,0,1,37,43,164,167,0,0.0
55,9,1,1,34,36,187,186,2,0.0125
55,10,2,1,43,38,195,192,4,0.025
55,11,3,1,35,34,189,189,4,0.025
55,12,4,1,37,34,184,185,3,0.01875
55,13,5,1,44,43,201,201,4,0.025
55,14,6,1,41,36,199,201,2,0.0125
55,15,7,1,40,40,157,158,4,0.025
55,16,0,2,38,40,159,157,2,0.0125
55,17,1,2,44,41,191,194,2,0.0125
55,18,2,2,43,37,201,198,3,0.01875
55,19,3,2,39,39,200,200,3,0.01875
55,20,4,2,42,32,192,191,4,0.025
55,21,5,2,42,33,195,195,2,0.0125
55,22,6,2,32,44,192,195,2,0.0125
55,23,7,2,39,43,147,150,2,0.0125
55,24,0,3,39,37,156,158,2,0.0125
55,25,1,3,41,36,192,188,3,0.01875
55,26,2,3,34,44,193,199,0,0.0
55,27,3,3,37,40,197,197,2,0.0125
55,28,4,3,37,39,193,198,0,0.0
55,29,5,3,36,42,194,190,5,0.03125
55,30,6,3,38,45,192,191,3,0.01875
55,31,7,3,39,35,146,144,5,0.03125
55,32,0,4,47,35,170,164,5,0.03125
55,33,1,4,41,41,203,201,4,0.025
55,34,2,4,36,37,199,200,3,0.01875
55,35,3,4,31,37,191,195,3,0.01875
55,36,4,4,45,41,202,202,4,0.025
55,37,5,4,43,40,210,210,3,0.01875
55,38,6,4,45,34,200,196,5,0.03125
55,39,7,4,42,42,160,159,2,0.0125
55,40,0,5,42,42,172,172,1,0.00625
55,41,1,5,40,43,203,204,3,0.01875
55,42,2,5,34,40,199,200,5,0.03125
55,43,3,5,36,40,200,199,2,0.0125
55,44,4,5,37,37,196,197,0,0.0
55,45,5,5,30,45,190,193,1,0.00625
55,46,6,5,35,44,184,186,1,0.00625
55,47,7,5,39,43,151,153,0,0.0
55,48,0,6,41,45,174,173,3,0.01875
55,49,1,6,41,41,202,202,2,0.0125
55,50,2,6,40,40,206,203,1,0.00625
55,51,3,6,44,33,204,208,4,0.025
55,52,4,6,40,37,203,200,3,0.01875
55,53,5,6,45,39,199,200,5,0.03125
55,54,6,6,44,30,193,194,2,0.0125
55,55,7,6,40,38,152,153,4,0.025
55,56,0,7,38,42,122,122,3,0.01875
55,57,1,7,46,42,168,166,1,0.00625
55,58,2,7,43,38,170,166,4,0.025
55,59,3,7,39,43,167,170,3,0.01875
55,60,4,7,33,44,161,162,2,0.0125
55,61,5,7,38,38,154,151,3,0.01875
55,62,6,7,32,45,155,154,4,0.025
55,63,7,7,42,44,117,119,2,0.0125
56,0,0,0,43,43,126,129,1,0.00625
56,1,1,0,39,43,170,172,0,0.0
56,2,2,0,32,44,163,160,4,0.025
56,3,3,0,34,40,148,145,4,0.025
56,4,4,0,34,34,145,146,1,0.00625
56,5,5,0,46,34,163,161,5,0.03125
56,6,6,0,43,43,172,175,1,0.00625
56,7,7,0,43,36,124,125,1,0.00625
56,8,0,1,38,44,164,165,3,0.01875
56,9,1,1,34,43,196,198,3,0.01875
56,10,2,1,36,41,198,201,2,0.0125
56,11,3,1,37,29,183,186,1,0.00625
56,12,4,1,38,33,188,187,3,0.01875
56,13,5,1,39,39,188,192,1,0.00625
56,14,6,1,45,45,213,213,3,0.01875
56,15,7,1,37,45,163,165,1,0.00625
56,16,0,2,35,44,162,163,3,0.01875
56,17,1,2,44,33,196,197,2,0.0125
56,18,2,2,41,35,202,202,5,0.03125
56,19,3,2,40,38,199,200,3,0.01875
56,20,4,2,34,39,192,191,2,0.0125
56,21,5,2,35,38,184,185,1,0.00625
56,22,6,2,35,43,198,197,2,0.0125
56,23,7,2,41,44,158,158,2,0.0125
56,24,0,3,37,43,163,162,3,0.01875
56,25,1,3,34,37,192,197,0,0.0
56,26,2,3,41,44,205,206,1,0.00625
56,27,3,3,40,41,201,197,5,0.03125
56,28,4,3,38,43,197,192,3,0.01875
56,29,5,3,39,37,187,190,0,0.0
56,30,6,3,47,34,205,207,2,0.0125
56,31,7,3,42,35,158,160,2,0.0125
56,32,0,4,44,43,166,170,4,0.025
56,33,1,4,45,35,209,211,6,0.0375
56,34,2,4,34,38,196,195,2,0.0125
56,35,3,4,38,39,186,185,2,0.0125
56,36,4,4,43,36,191,191,4,0.025
56,37,5,4,41,36,191,191,3,0.01875
56,38,6,4,44,39,207,211,3,0.01875
56,39,7,4,41,43,166,165,3,0.01875
56,40,0,5,42,41,158,159,1,0.00625
56,41,1,5,39,44,211,212,0,0.0
56,42,2,5,41,44,208,211,1,0.00625
56,43,3,5,37,32,190,189,2,0.0125
56,44,4,5,46,32,193,189,5,0.03125
56,45,5,5,37,44,202,199,2,0.0125
56,46,6,5,38,40,208,205,3,0.01875
56,47,7,5,47,44,167,165,3,0.01875
56,48,0,6,32,40,148,148,2,0.0125
56,49,1,6,40,42,197,196,3,0.01875
56,50,2,6,47,41,205,205,4,0.025
56,51,3,6,45,44,204,205,4,0.025
56,52,4,6,40,37,194,196,2,0.0125
56,53,5,6,43,42,194,196,4,0.025
56,54,6,6,40,38,204,206,2,0.0125
56,55,7,6,38,38,155,154,4,0.025
56,56,0,7,41,39,118,120,1,0.00625
56,57,1,7,38,32,151,153,1,0.00625
56,58,2,7,39,38,155,156,3,0.01875
56,59,3,7,36,43,154,154,1,0.00625
56,60,4,7,35,45,150,150,1,0.00625
56,61,5,7,44,40,154,153,2,0.0125
56,62,6,7,33,45,159,162,2,0.0125
56,63,7,7,38,42,117,118,2,0.0125
57,0,0,0,38,37,117,117,3,0.01875
57,1,1,0,38,38,152,150,2,0.0125
57,2,2,0,38,39,157,159,1,0.00625
57,3,3,0,34,40,154,156,3,0.01875
57,4,4,0,45,41,163,161,2,0.0125
57,5,5,0,44,33,161,162,5,0.03125
57,6,6,0,39,43,168,165,4,0.025
57,7,7,0,40,35,113,115,1,0.00625
57,8,0,1,45,40,163,161,4,0.025
57,9,1,1,42,37,194,195,1,0.00625
57,10,2,1,42,37,196,193,4,0.025
57,11,3,1,30,41,189,187,1,0.00625
57,12,4,1,37,35,178,180,2,0.0125
57,13,5,1,38,42,191,186,3,0.01875
57,14,6,1,44,44,205,201,3,0.01875
57,15,7,1,39,37,155,157,0,0.0
57,16,0,2,35,38,140,143,1,0.00625
57,17,1,2,42,45,189,188,1,0.00625
57,18,2,2,39,39,198,197,3,0.01875
57,19,3,2,41,40,191,191,3,0.01875
57,20,4,2,38,31,180,179,5,0.03125
57,21,5,2,40,36,180,181,1,0.00625
57,22,6,2,35,34,185,183,3,0.01875
57,23,7,2,33,43,146,143,2,0.0125
57,24,0,3,41,30,146,144,3,0.01875
57,25,1,3,35,35,181,177,3,0.01875
57,26,2,3,43,45,197,197,2,0.0125
57,27,3,3,43,39,198,200,4,0.025
57,28,4,3,37,38,193,195,3,0.01875
57,29,5,3,40,37,183,183,2,0.0125
57,30,6,3,45,40,207,203,4,0.025
57,31,7,3,35,30,150,150,2,0.0125
57,32,0,4,44,33,154,151,5,0.03125
57,33,1,4,45,43,202,201,4,0.025
57,34,2,4,30,33,186,187,1,0.00625
57,35,3,4,36,45,185,189,1,0.00625
57,36,4,4,42,43,198,198,3,0.01875
57,37,5,4,44,36,195,197,3,0.01875
57,38,6,4,45,43,212,209,4,0.025
57,39,7,4,37,45,164,162,4,0.025
57,40,0,5,36,34,159,159,1,0.00625
57,41,1,5,40,44,202,204,1,0.00625
57,42,2,5,39,45,213,213,1,0.00625
57,43,3,5,38,33,191,191,1,0.00625
57,44,4,5,45,39,207,205,4,0.025
57,45,5,5,25,42,194,192,3,0.01875
57,46,6,5,41,44,196,196,3,0.01875
57,47,7,5,43,45,167,167,1,0.00625
57,48,0,6,31,45,158,158,3,0.01875
57,49,1,6,44,40,188,190,2,0.0125
57,50,2,6,41,44,213,214,3,0.01875
57,51,3,6,44,38,206,206,2,0.0125
57,52,4,6,44,37,208,206,4,0.025
57,53,5,6,40,45,206,204,2,0.0125
57,54,6,6,38,27,190,191,2,0.0125
57,55,7,6,43,41,162,163,3,0.01875
57,56,0,7,32,40,113,113,0,0.0
57,57,1,7,46,34,155,152,3,0.01875
57,58,2,7,37,44,169,170,3,0.01875
57,59,3,7,39,44,166,164,3,0.01875
57,60,4,7,38,44,166,168,1,0.00625
57,61,5,7,44,42,167,166,2,0.0125
57,62,6,7,44,38,167,165,3,0.01875
57,63,7,7,40,39,121,118,3,0.01875
58,0,0,0,44,40,124,120,5,0.03125
58,1,1,0,40,34,157,155,2,0.0125
58,2,2,0,38,45,156,157,0,0.0
58,3,3,0,39,38,150,153,1,0.00625
58,4,4,0,39,34,147,150,0,0.0
58,5,5,0,31,39,146,147,3,0.01875
58,6,6,0,37,45,148,152,0,0.0
58,7,7,0,34,45,118,116,1,0.00625
58,8,0,1,44,39,163,164,3,0.01875
58,9,1,1,43,44,210,208,3,0.01875
58,10,2,1,44,39,213,214,4,0.025
58,11,3,1,43,38,208,204,5,0.03125
58,12,4,1,35,39,192,193,1,0.00625
58,13,5,1,45,42,203,205,3,0.01875
58,14,6,1,41,33,207,207,5,0.03125
58,15,7,1,46,40,170,168,2,0.0125
58,16,0,2,45,39,166,163,4,0.025
58,17,1,2,31,44,192,195,1,0.00625
58,18,2,2,39,45,193,194,2,0.0125
58,19,3,2,43,44,204,203,3,0.01875
58,20,4,2,38,39,194,196,3,0.01875
58,21,5,2,39,36,187,187,1,0.00625
58,22,6,2,41,45,205,207,2,0.0125
58,23,7,2,36,41,165,165,2,0.0125
58,24,0,3,41,40,159,162,2,0.0125
58,25,1,3,42,42,201,201,2,0.0125
58,26,2,3,36,29,190,188,2,0.0125
58,27,3,3,41,42,200,202,3,0.01875
58,28,4,3,38,43,198,198,1,0.00625
58,29,5,3,41,39,195,195,2,0.0125
58,30,6,3,40,40,197,200,3,0.01875
58,31,7,3,35,44,164,164,1,0.00625
58,32,0,4,35,41,160,162,3,0.01875
58,33,1,4,44,43,201,205,2,0.0125
58,34,2,4,34,41,205,205,2,0.0125
58,35,3,4,37,37,194,192,2,0.0125
58,36,4,4,42,43,204,203,3,0.01875
58,37,5,4,44,40,210,209,5,0.03125
58,38,6,4,39,37,206,208,3,0.01875
58,39,7,4,44,41,169,169,5,0.03125
58,40,0,5,47,44,174,171,3,0.01875
58,41,1,5,42,41,203,197,5,0.03125
58,42,2,5,42,44,207,206,3,0.01875
58,43,3,5,35,32,194,194,2,0.0125
58,44,4,5,44,38,194,196,5,0.03125
58,45,5,5,36,43,205,205,5,0.03125
58,46,6,5,45,44,207,207,2,0.0125
58,47,7,5,43,39,170,168,4,0.025
58,48,0,6,36,43,162,160,3,0.01875
58,49,1,6,45,42,200,198,5,0.03125
58,50,2,6,31,36,192,193,2,0.0125
58,51,3,6,45,41,198,200,2,0.0125
58,52,4,6,43,36,200,200,2,0.0125
58,53,5,6,39,44,210,212,3,0.01875
58,54,6,6,41,30,202,199,4,0.025
58,55,7,6,41,42,167,166,3,0.01875
58,56,0,7,39,44,121,120,2,0.0125
58,57,1,7,37,33,143,145,2,0.0125
58,58,2,7,40,45,159,158,2,0.0125
58,59,3,7,38,33,142,142,5,0.03125
58,60,4,7,41,45,157,153,4,0.025
58,61,5,7,45,44,162,164,1,0.00625
58,62,6,7,41,43,164,165,1,0.00625
58,63,7,7,38,38,118,119,4,0.025
59,0,0,0,36,39,106,113,0,0.0
59,1,1,0,42,40,154,155,3,0.01875
59,2,2,0,33,31,141,139,1,0.00625
59,3,3,0,34,38,137,137,0,0.0
59,4,4,0,32,45,146,144,2,0.0125
59,5,5,0,44,43,153,153,3,0.01875
59,6,6,0,45,43,168,164,4,0.025
59,7,7,0,38,41,121,121,3,0.01875
59,8,0,1,39,33,151,153,0,0.0
59,9,1,1,34,42,199,199,1,0.00625
59,10,2,1,38,42,186,185,3,0.01875
59,11,3,1,45,32,192,193,4,0.025
59,12,4,1,44,35,208,204,4,0.025
59,13,5,1,41,31,202,199,5,0.03125
59,14,6,1,37,42,204,206,5,0.03125
59,15,7,1,36,42,159,159,3,0.01875
59,16,0,2,41,42,161,160,5,0.03125
59,17,1,2,38,44,204,204,1,0.00625
59,18,2,2,42,33,188,187,5,0.03125
59,19,3,2,38,38,193,194,2,0.0125
59,20,4,2,38,45,200,201,2,0.0125
59,21,5,2,41,43,202,201,3,0.01875
59,22,6,2,40,42,201,200,3,0.01875
59,23,7,2,37,38,152,152,2,0.0125
59,24,0,3,44,40,156,153,4,0.025
59,25,1,3,45,41,200,200,3,0.01875
59,26,2,3,32,40,176,176,2,0.0125
59,27,3,3,36,39,170,169,3,0.01875
59,28,4,3,44,38,190,190,3,0.01875
59,29,5,3,32,38,189,187,2,0.0125
59,30,6,3,42,39,187,187,2,0.0125
59,31,7,3,32,37,152,152,2,0.0125
59,32,0,4,27,32,137,140,1,0.00625
59,33,1,4,41,40,193,193,3,0.01875
59,34,2,4,38,44,198,198,2,0.0125
59,35,3,4,34,32,181,179,3,0.01875
59,36,4,4,43,37,196,198,2,0.0125
59,37,5,4,40,42,205,208,1,0.00625
59,38,6,4,34,34,190,191,2,0.0125
59,39,7,4,36,41,153,156,2,0.0125
59,40,0,5,42,41,164,166,1,0.00625
59,41,1,5,39,28,195,197,2,0.0125
59,42,2,5,43,43,205,204,5,0.03125
59,43,3,5,38,37,197,199,2,0.0125
59,44,4,5,44,34,205,205,4,0.025
59,45,5,5,32,44,205,208,1,0.00625
59,46,6,5,35,42,197,199,2,0.0125
59,47,7,5,45,35,154,154,5,0.03125
59,48,0,6,41,44,152,154,3,0.01875
59,49,1,6,39,42,194,194,2,0.0125
59,50,2,6,45,40,191,190,4,0.025
59,51,3,6,45,42,199,197,4,0.025
59,52,4,6,35,37,191,194,2,0.0125
59,53,5,6,43,44,196,197,1,0.00625
59,54,6,6,42,37,186,188,2,0.0125
59,55,7,6,29,35,145,146,1,0.00625
59,56,0,7,43,30,112,109,2,0.0125
59,57,1,7,36,40,158,158,2,0.0125
59,58,2,7,41,41,156,155,3,0.01875
59,59,3,7,44,41,167,167,3,0.01875
59,60,4,7,43,45,172,173,2,0.0125
59,61,5,7,39,39,161,162,1,0.00625
59,62,6,7,44,41,166,165,2,0.0125
59,63,7,7,40,42,123,122,3,0.01875
60,0,0,0,41,38,117,112,3,0.01875
60,1,1,0,40,45,161,163,2,0.0125
60,2,2,0,40,40,160,159,2,0.0125
60,3,3,0,35,39,150,148,1,0.00625
60,4,4,0,42,43,156,155,3,0.01875
60,5,5,0,34,38,144,147,1,0.00625
60,6,6,0,39,33,140,141,2,0.0125
60,7,7,0,33,35,106,110,0,0.0
60,8,0,1,31,37,142,142,1,0.00625
60,9,1,1,43,36,194,192,4,0.025
60,10,2,1,40,44,203,203,5,0.03125
60,11,3,1,43,36,196,197,4,0.025
60,12,4,1,34,36,196,198,2,0.0125
60,13,5,1,32,38,178,181,3,0.01875
60,14,6,1,41,38,183,181,4,0.025
60,15,7,1,40,39,155,153,4,0.025
60,16,0,2,42,37,153,155,4,0.025
60,17,1,2,38,32,197,196,2,0.0125
60,18,2,2,41,41,199,201,2,0.0125
60,19,3,2,39,40,201,198,5,0.03125
60,20,4,2,40,44,211,211,2,0.0125
60,21,5,2,36,36,193,191,4,0.025
60,22,6,2,32,36,179,180,3,0.01875
60,23,7,2,45,40,155,154,4,0.025
60,24,0,3,36,37,150,151,2,0.0125
60,25,1,3,41,42,205,204,4,0.025
60,26,2,3,45,39,206,207,2,0.0125
60,27,3,3,43,41,209,209,4,0.025
60,28,4,3,42,39,204,200,4,0.025
60,29,5,3,42,41,198,198,1,0.00625
60,30,6,3,29,35,176,176,3,0.01875
60,31,7,3,36,37,136,137,2,0.0125
60,32,0,4,43,35,153,151,2,0.0125
60,33,1,4,40,39,202,199,4,0.025
60,34,2,4,34,43,192,193,2,0.0125
60,35,3,4,33,41,184,185,3,0.01875
60,36,4,4,34,40,183,185,0,0.0
60,37,5,4,36,41,186,183,2,0.0125
60,38,6,4,47,43,190,190,3,0.01875
60,39,7,4,36,32,150,148,3,0.01875
60,40,0,5,47,37,164,163,3,0.01875
60,41,1,5,34,39,205,205,4,0.025
60,42,2,5,34,38,186,188,2,0.0125
60,43,3,5,40,35,191,190,3,0.01875
60,44,4,5,42,29,192,191,5,0.03125
60,45,5,5,42,33,191,189,3,0.01875
60,46,6,5,44,35,185,185,2,0.0125
60,47,7,5,37,46,158,162,2,0.0125
60,48,0,6,35,40,158,157,2,0.0125
60,49,1,6,31,47,204,204,2,0.0125
60,50,2,6,43,36,194,192,6,0.0375
60,51,3,6,36,36,201,199,5,0.03125
60,52,4,6,42,39,208,206,4,0.025
60,53,5,6,40,42,201,199,4,0.025
60,54,6,6,42,39,196,195,3,0.01875
60,55,7,6,41,43,160,162,0,0.0
60,56,0,7,45,42,128,130,1,0.00625
60,57,1,7,41,37,166,165,2,0.0125
60,58,2,7,41,30,152,152,5,0.03125
60,59,3,7,43,42,166,165,3,0.01875
60,60,4,7,31,39,154,157,1,0.00625
60,61,5,7,27,38,140,140,0,0.0
60,62,6,7,30,40,140,140,3,0.01875
60,63,7,7,39,42,116,118,1,0.00625
61,0,0,0,45,39,120,121,2,0.0125
61,1,1,0,37,39,158,159,0,0.0
61,2,2,0,39,44,160,160,2,0.0125
61,3,3,0,45,42,168,164,6,0.0375
61,4,4,0,43,42,165,165,1,0.00625
61,5,5,0,31,39,157,156,1,0.00625
61,6,6,0,39,36,147,147,0,0.0
61,7,7,0,40,41,125,122,2,0.0125
61,8,0,1,40,37,161,161,2,0.0125
61,9,1,1,40,45,206,210,2,0.0125
61,10,2,1,44,39,210,211,4,0.025
61,11,3,1,43,41,214,212,4,0.025
61,12,4,1,36,41,203,204,2,0.0125
61,13,5,1,38,44,200,198,3,0.01875
61,14,6,1,43,30,187,189,1,0.00625
61,15,7,1,43,43,168,169,4,0.025
61,16,0,2,41,41,167,166,4,0.025
61,17,1,2,46,40,206,204,4,0.025
61,18,2,2,33,43,205,206,3,0.01875
61,19,3,2,32,44,192,196,2,0.0125
61,20,4,2,31,42,191,190,4,0.025
61,21,5,2,35,35,183,186,1,0.00625
61,22,6,2,47,35,195,195,3,0.01875
61,23,7,2,34,44,165,166,3,0.01875
61,24,0,3,31,44,146,147,2,0.0125
61,25,1,3,45,43,189,190,2,0.0125
61,26,2,3,33,42,199,198,3,0.01875
61,27,3,3,45,37,193,192,4,0.025
61,28,4,3,37,37,199,205,1,0.00625
61,29,5,3,40,30,189,191,1,0.00625
61,30,6,3,44,39,202,200,4,0.025
61,31,7,3,42,42,168,166,3,0.01875
61,32,0,4,42,36,155,155,3,0.01875
61,33,1,4,44,29,186,186,4,0.025
61,34,2,4,37,43,202,201,2,0.0125
61,35,3,4,38,38,186,191,0,0.0
61,36,4,4,36,45,202,201,2,0.0125
61,37,5,4,46,41,201,201,4,0.025
61,38,6,4,44,39,208,208,3,0.01875
61,39,7,4,37,41,162,165,0,0.0
61,40,0,5,38,37,154,155,3,0.01875
61,41,1,5,38,40,197,196,3,0.01875
61,42,2,5,36,44,198,200,1,0.00625
61,43,3,5,33,35,183,181,2,0.0125
61,44,4,5,32,41,192,194,3,0.01875
61,45,5,5,46,35,197,198,3,0.01875
61,46,6,5,41,45,214,211,3,0.01875
61,47,7,5,38,44,171,169,3,0.01875
61,48,0,6,36,41,152,154,2,0.0125
61,49,1,6,42,41,193,194,1,0.00625
61,50,2,6,44,36,201,201,3,0.01875
61,51,3,6,45,37,200,200,5,0.03125
61,52,4,6,43,37,203,200,5,0.03125
61,53,5,6,42,37,199,203,0,0.0
61,54,6,6,45,44,211,212,2,0.0125
61,55,7,6,38,41,168,166,2,0.0125
61,56,0,7,35,36,112,112,1,0.00625
61,57,1,7,39,36,150,152,0,0.0
61,58,2,7,33,44,157,159,2,0.0125
61,59,3,7,41,44,163,167,1,0.00625
61,60,4,7,47,42,172,168,4,0.025
61,61,5,7,39,42,168,168,0,0.0
61,62,6,7,42,44,165,168,0,0.0
61,63,7,7,36,45,123,126,0,0.0
62,0,0,0,40,40,124,123,3,0.01875
62,1,1,0,35,35,150,151,0,0.0
62,2,2,0,42,34,151,149,4,0.025
62,3,3,0,42,32,154,158,2,0.0125
62,4,4,0,37,45,170,170,2,0.0125
62,5,5,0,39,44,165,164,0,0.0
62,6,6,0,42,37,161,161,3,0.01875
62,7,7,0,45,36,117,117,2,0.0125
62,8,0,1,37,43,157,155,3,0.01875
62,9,1,1,44,39,192,189,4,0.025
62,10,2,1,40,31,190,188,6,0.0375
62,11,3,1,44,40,193,196,2,0.0125
62,12,4,1,36,44,208,208,2,0.0125
62,13,5,1,33,42,196,198,3,0.01875
62,14,6,1,43,39,193,192,2,0.0125
62,15,7,1,37,39,156,157,1,0.00625
62,16,0,2,35,43,154,154,3,0.01875
62,17,1,2,40,31,182,181,2,0.0125
62,18,2,2,37,41,193,190,4,0.025
62,19,3,2,41,40,190,187,3,0.01875
62,20,4,2,46,44,216,213,5,0.03125
62,21,5,2,42,40,210,208,5,0.03125
62,22,6,2,44,34,197,197,3,0.01875
62,23,7,2,46,44,165,166,2,0.0125
62,24,0,3,42,37,164,164,3,0.01875
62,25,1,3,37,36,195,196,3,0.01875
62,26,2,3,35,42,194,194,2,0.0125
62,27,3,3,45,33,188,190,2,0.0125
62,28,4,3,41,39,214,211,2,0.0125
62,29,5,3,42,43,213,213,2,0.0125
62,30,6,3,42,38,203,206,3,0.01875
62,31,7,3,44,44,166,165,5,0.03125
62,32,0,4,44,45,167,168,1,0.00625
62,33,1,4,44,42,209,207,6,0.0375
62,34,2,4,39,37,199,197,3,0.01875
62,35,3,4,40,34,189,182,3,0.01875
62,36,4,4,44,45,211,209,5,0.03125
62,37,5,4,43,37,210,210,3,0.01875
62,38,6,4,31,44,195,194,2,0.0125
62,39,7,4,45,44,155,152,3,0.01875
62,40,0,5,37,39,158,158,2,0.0125
62,41,1,5,40,44,200,199,4,0.025
62,42,2,5,42,44,203,199,3,0.01875
62,43,3,5,40,40,191,193,3,0.01875
62,44,4,5,41,37,200,198,4,0.025
62,45,5,5,37,43,205,204,2,0.0125
62,46,6,5,40,44,198,202,1,0.00625
62,47,7,5,41,32,146,147,2,0.0125
62,48,0,6,40,39,160,159,2,0.0125
62,49,1,6,33,37,189,188,3,0.01875
62,50,2,6,44,39,194,197,2,0.0125
62,51,3,6,44,39,202,202,5,0.03125
62,52,4,6,37,37,200,205,2,0.0125
62,53,5,6,31,36,196,193,2,0.0125
62,54,6,6,45,40,193,194,2,0.0125
62,55,7,6,44,44,165,162,4,0.025
62,56,0,7,37,41,118,118,3,0.01875
62,57,1,7,37,38,154,154,2,0.0125
62,58,2,7,35,35,146,145,1,0.00625
62,59,3,7,44,44,162,161,2,0.0125
62,60,4,7,40,44,168,172,2,0.0125
62,61,5,7,40,42,163,163,1,0.00625
62,62,6,7,32,32,144,142,1,0.00625
62,63,7,7,45,45,120,118,1,0.00625
63,0,0,0,44,44,129,131,3,0.01875
63,1,1,0,40,40,170,164,4,0.025
63,2,2,0,32,42,154,156,2,0.0125
63,3,3,0,39,35,149,149,2,0.0125
63,4,4,0,40,43,165,165,3,0.01875
63,5,5,0,34,37,152,151,1,0.00625
63,6,6,0,45,37,158,158,3,0.01875
63,7,7,0,39,28,111,112,0,0.0
63,8,0,1,44,41,170,168,4,0.025
63,9,1,1,35,45,200,201,3,0.01875
63,10,2,1,33,39,185,191,0,0.0
63,11,3,1,45,35,187,188,2,0.0125
63,12,4,1,39,39,203,204,2,0.0125
63,13,5,1,41,35,184,185,1,0.00625
63,14,6,1,40,36,189,191,1,0.00625
63,15,7,1,41,44,154,151,5,0.03125
63,16,0,2,40,37,163,165,1,0.00625
63,17,1,2,37,44,205,206,3,0.01875
63,18,2,2,39,39,202,202,4,0.025
63,19,3,2,27,38,181,184,1,0.00625
63,20,4,2,39,45,199,201,4,0.025
63,21,5,2,40,33,197,197,3,0.01875
63,22,6,2,45,38,208,207,2,0.0125
63,23,7,2,45,40,160,159,3,0.01875
63,24,0,3,36,44,170,169,3,0.01875
63,25,1,3,35,37,194,196,1,0.00625
63,26,2,3,38,39,201,201,2,0.0125
63,27,3,3,44,40,206,204,5,0.03125
63,28,4,3,42,26,202,203,1,0.00625
63,29,5,3,34,40,201,201,2,0.0125
63,30,6,3,37,44,197,194,2,0.0125
63,31,7,3,44,45,153,152,3,0.01875
63,32,0,4,37,45,169,168,3,0.01875
63,33,1,4,45,37,199,200,5,0.03125
63,34,2,4,46,37,211,211,5,0.03125
63,35,3,4,39,37,201,205,3,0.01875
63,36,4,4,43,45,217,215,5,0.03125
63,37,5,4,43,45,209,211,4,0.025
63,38,6,4,40,33,199,197,4,0.025
63,39,7,4,41,36,146,149,2,0.0125
63,40,0,5,41,45,165,163,3,0.01875
63,41,1,5,38,37,190,193,3,0.01875
63,42,2,5,34,45,201,205,2,0.0125
63,43,3,5,44,44,204,202,3,0.01875
63,44,4,5,41,43,210,212,1,0.00625
63,45,5,5,45,44,209,209,4,0.025
63,46,6,5,42,42,205,203,1,0.00625
63,47,7,5,36,40,144,147,0,0.0
63,48,0,6,27,39,154,155,1,0.00625
63,49,1,6,38,38,187,187,5,0.03125
63,50,2,6,45,41,209,208,5,0.03125
63,51,3,6,44,39,207,210,1,0.00625
63,52,4,6,36,43,212,211,1,0.00625
63,53,5,6,41,43,197,196,3,0.01875
63,54,6,6,44,42,208,205,5,0.03125
63,55,7,6,41,38,155,156,2,0.0125
63,56,0,7,41,44,125,126,1,0.00625
63,57,1,7,46,30,158,154,4,0.025
63,58,2,7,40,34,160,159,2,0.0125
63,59,3,7,46,45,171,167,4,0.025
63,60,4,7,41,44,174,169,6,0.0375
63,61,5,7,40,33,157,152,4,0.025
63,62,6,7,33,36,152,150,3,0.01875
63,63,7,7,42,45,117,117,2,0.0125
64,0,0,0,44,41,128,127,3,0.01875
64,1,1,0,36,43,164,166,2,0.0125
64,2,2,0,33,44,156,156,2,0.0125
64,3,3,0,45,44,166,164,3,0.01875
64,4,4,0,44,45,175,173,6,0.0375
64,5,5,0,43,40,168,165,5,0.03125
64,6,6,0,32,38,154,154,3,0.01875
64,7,7,0,44,35,115,112,3,0.01875
64,8,0,1,38,43,161,163,2,0.0125
64,9,1,1,43,45,208,207,3,0.01875
64,10,2,1,38,36,202,200,2,0.0125
64,11,3,1,37,34,193,195,1,0.00625
64,12,4,1,39,45,207,204,4,0.025
64,13,5,1,44,43,209,206,2,0.0125
64,14,6,1,41,39,202,198,5,0.03125
64,15,7,1,34,32,142,145,0,0.0
64,16,0,2,41,39,169,166,4,0.025
64,17,1,2,41,40,207,207,2,0.0125
64,18,2,2,45,39,214,213,6,0.0375
64,19,3,2,39,36,209,206,4,0.025
64,20,4,2,39,43,202,205,1,0.00625
64,21,5,2,46,41,208,206,5,0.03125
64,22,6,2,42,45,209,209,4,0.025
64,23,7,2,41,40,160,161,2,0.0125
64,24,0,3,35,45,165,164,3,0.01875
64,25,1,3,41,41,207,206,3,0.01875
64,26,2,3,33,39,201,200,2,0.0125
64,27,3,3,36,44,198,202,0,0.0
64,28,4,3,39,37,202,203,2,0.0125
64,29,5,3,44,41,205,204,3,0.01875
64,30,6,3,41,42,208,210,2,0.0125
64,31,7,3,44,42,168,166,4,0.025
64,32,0,4,37,44,162,162,2,0.0125
64,33,1,4,44,36,201,202,3,0.01875
64,34,2,4,38,40,207,209,2,0.0125
64,35,3,4,41,33,197,196,2,0.0125
64,36,4,4,38,39,200,203,2,0.0125
64,37,5,4,39,36,196,196,4,0.025
64,38,6,4,36,42,197,199,3,0.01875
64,39,7,4,39,41,155,152,1,0.00625
64,40,0,5,40,38,159,159,3,0.01875
64,41,1,5,46,39,206,205,4,0.025
64,42,2,5,43,44,214,209,5,0.03125
64,43,3,5,42,42,204,208,0,0.0
64,44,4,5,39,38,202,203,2,0.0125
64,45,5,5,45,40,202,203,3,0.01875
64,46,6,5,40,42,206,207,1,0.00625
64,47,7,5,39,37,159,155,2,0.0125
64,48,0,6,44,38,163,161,5,0.03125
64,49,1,6,45,42,214,210,7,0.04375
64,50,2,6,45,43,217,216,2,0.0125
64,51,3,6,41,38,207,207,3,0.01875
64,52,4,6,37,43,208,208,2,0.0125
64,53,5,6,39,41,200,203,2,0.0125
64,54,6,6,45,45,211,212,4,0.025
64,55,7,6,44,44,169,169,4,0.025
64,56,0,7,44,41,129,126,3,0.01875
64,57,1,7,43,41,168,170,3,0.01875
64,58,2,7,39,44,173,173,4,0.025
64,59,3,7,44,45,174,174,5,0.03125
64,60,4,7,40,41,167,167,4,0.025
64,61,5,7,39,40,160,163,2,0.0125
64,62,6,7,34,41,154,156,2,0.0125
64,63,7,7,44,44,124,124,2,0.0125
65,0,0,0,39,43,125,125,2,0.0125
65,1,1,0,36,42,159,164,0,0.0
65,2,2,0,44,45,169,167,4,0.025
65,3,3,0,43,37,162,163,3,0.01875
65,4,4,0,39,40,161,163,2,0.0125
65,5,5,0,41,44,159,165,0,0.0
65,6,6,0,45,44,169,167,5,0.03125
65,7,7,0,39,32,113,117,0,0.0
65,8,0,1,35,43,154,156,0,0.0
65,9,1,1,35,40,190,188,5,0.03125
65,10,2,1,28,38,174,175,0,0.0
65,11,3,1,45,41,182,178,5,0.03125
65,12,4,1,45,42,199,199,2,0.0125
65,13,5,1,41,39,201,200,3,0.01875
65,14,6,1,42,43,203,208,1,0.00625
65,15,7,1,35,45,155,152,4,0.025
65,16,0,2,40,30,151,154,2,0.0125
65,17,1,2,43,38,206,207,3,0.01875
65,18,2,2,44,35,205,207,3,0.01875
65,19,3,2,39,29,189,192,1,0.00625
65,20,4,2,38,39,198,197,2,0.0125
65,21,5,2,43,42,208,210,3,0.01875
65,22,6,2,44,42,216,215,3,0.01875
65,23,7,2,39,43,156,158,1,0.00625
65,24,0,3,39,39,168,168,2,0.0125
65,25,1,3,45,40,210,209,1,0.00625
65,26,2,3,45,43,223,221,4,0.025
65,27,3,3,33,44,204,203,2,0.0125
65,28,4,3,32,43,188,189,1,0.00625
65,29,5,3,43,39,204,202,4,0.025
65,30,6,3,46,43,220,219,4,0.025
65,31,7,3,45,44,160,165,2,0.0125
65,32,0,4,40,45,165,168,1,0.00625
65,33,1,4,45,39,208,208,5,0.03125
65,34,2,4,32,45,203,204,1,0.00625
65,35,3,4,39,42,188,187,2,0.0125
65,36,4,4,38,33,186,185,2,0.0125
65,37,5,4,44,35,201,200,2,0.0125
65,38,6,4,33,42,202,202,3,0.01875
65,39,7,4,40,45,146,146,2,0.0125
65,40,0,5,32,38,151,152,2,0.0125
65,41,1,5,45,41,200,200,1,0.00625
65,42,2,5,44,45,216,216,6,0.0375
65,43,3,5,43,33,193,193,1,0.00625
65,44,4,5,38,40,193,194,2,0.0125
65,45,5,5,45,41,197,196,3,0.01875
65,46,6,5,37,42,200,200,2,0.0125
65,47,7,5,34,33,132,133,1,0.00625
65,48,0,6,44,37,165,164,3,0.01875
65,49,1,6,44,33,203,207,4,0.025
65,50,2,6,44,45,217,219,3,0.01875
65,51,3,6,45,44,212,209,4,0.025
65,52,4,6,44,43,205,202,3,0.01875
65,53,5,6,39,34,200,197,4,0.025
65,54,6,6,44,45,212,208,7,0.04375
65,55,7,6,40,35,146,148,2,0.0125
65,56,0,7,43,40,123,126,1,0.00625
65,57,1,7,46,44,177,174,6,0.0375
65,58,2,7,42,44,171,170,4,0.025
65,59,3,7,33,44,157,159,2,0.0125
65,60,4,7,43,45,162,165,1,0.00625
65,61,5,7,45,41,171,169,4,0.025
65,62,6,7,31,37,156,154,4,0.025
65,63,7,7,42,44,118,114,5,0.03125
66,0,0,0,42,41,114,115,1,0.00625
66,1,1,0,36,42,156,151,4,0.025
66,2,2,0,40,43,152,152,4,0.025
66,3,3,0,44,44,161,162,3,0.01875
66,4,4,0,42,39,158,158,2,0.0125
66,5,5,0,42,36,155,153,2,0.0125
66,6,6,0,45,41,162,163,3,0.01875
66,7,7,0,32,40,118,117,0,0.0
66,8,0,1,42,34,150,149,1,0.00625
66,9,1,1,35,39,188,191,3,0.01875
66,10,2,1,37,35,184,181,4,0.025
66,11,3,1,44,40,196,195,5,0.03125
66,12,4,1,36,43,200,197,4,0.025
66,13,5,1,35,42,180,181,5,0.03125
66,14,6,1,42,41,191,190,2,0.0125
66,15,7,1,35,45,161,163,3,0.01875
66,16,0,2,36,35,154,153,3,0.01875
66,17,1,2,33,39,193,193,2,0.0125
66,18,2,2,43,35,194,193,5,0.03125
66,19,3,2,36,33,195,195,2,0.0125
66,20,4,2,42,44,203,201,3,0.01875
66,21,5,2,41,36,191,192,2,0.0125
66,22,6,2,43,33,195,195,5,0.03125
66,23,7,2,40,45,168,168,1,0.00625
66,24,0,3,37,42,159,159,2,0.0125
66,25,1,3,42,40,201,200,6,0.0375
66,26,2,3,42,31,198,198,4,0.025
66,27,3,3,33,44,201,199,2,0.0125
66,28,4,3,44,37,198,191,6,0.0375
66,29,5,3,34,40,192,193,1,0.00625
66,30,6,3,39,42,198,196,5,0.03125
66,31,7,3,40,43,165,161,5,0.03125
66,32,0,4,34,42,158,153,3,0.01875
66,33,1,4,46,35,195,195,1,0.00625
66,34,2,4,43,41,213,211,3,0.01875
66,35,3,4,30,42,197,199,2,0.0125
66,36,4,4,42,32,187,190,1,0.00625
66,37,5,4,47,41,203,204,3,0.01875
66,38,6,4,39,37,202,204,2,0.0125
66,39,7,4,38,39,161,163,2,0.0125
66,40,0,5,43,40,158,155,5,0.03125
66,41,1,5,36,32,183,185,1,0.00625
66,42,2,5,36,46,198,200,3,0.01875
66,43,3,5,46,39,201,196,5,0.03125
66,44,4,5,33,31,187,187,3,0.01875
66,45,5,5,41,41,191,194,2,0.0125
66,46,6,5,36,47,202,200,3,0.01875
66,47,7,5,40,41,154,153,1,0.00625
66,48,0,6,36,33,155,157,2,0.0125
66,49,1,6,44,40,204,204,2,0.0125
66,50,2,6,43,39,213,211,4,0.025
66,51,3,6,30,39,196,201,2,0.0125
66,52,4,6,46,44,209,210,3,0.01875
66,53,5,6,45,37,203,203,3,0.01875
66,54,6,6,36,44,202,205,3,0.01875
66,55,7,6,43,34,156,156,2,0.0125
66,56,0,7,41,45,130,129,2,0.0125
66,57,1,7,43,38,163,166,2,0.0125
66,58,2,7,37,44,165,169,1,0.00625
66,59,3,7,45,44,172,175,1,0.00625
66,60,4,7,31,31,150,153,1,0.00625
66,61,5,7,35,44,155,159,1,0.00625
66,62,6,7,44,45,167,167,2,0.0125
66,63,7,7,42,38,121,122,3,0.01875
67,0,0,0,37,44,119,119,2,0.0125
67,1,1,0,43,36,150,152,2,0.0125
67,2,2,0,41,42,164,168,1,0.00625
67,3,3,0,44,31,158,157,4,0.025
67,4,4,0,43,43,172,170,4,0.025
67,5,5,0,32,41,159,159,1,0.00625
67,6,6,0,44,31,153,152,4,0.025
67,7,7,0,45,44,134,133,3,0.01875
67,8,0,1,34,37,156,155,2,0.0125
67,9,1,1,40,37,188,189,2,0.0125
67,10,2,1,43,42,213,214,3,0.01875
67,11,3,1,45,42,207,209,4,0.025
67,12,4,1,37,44,210,214,1,0.00625
67,13,5,1,38,43,204,204,4,0.025
67,14,6,1,40,34,189,186,3,0.01875
67,15,7,1,44,44,174,172,4,0.025
67,16,0,2,41,41,161,162,2,0.0125
67,17,1,2,44,34,187,186,3,0.01875
67,18,2,2,45,41,210,207,4,0.025
67,19,3,2,41,44,200,198,1,0.00625
67,20,4,2,41,45,209,210,4,0.025
67,21,5,2,39,40,204,202,3,0.01875
67,22,6,2,33,40,182,183,2,0.0125
67,23,7,2,41,39,158,155,4,0.025
67,24,0,3,45,36,168,167,4,0.025
67,25,1,3,36,37,196,197,4,0.025
67,26,2,3,35,44,201,203,2,0.0125
67,27,3,3,40,44,197,198,3,0.01875
67,28,4,3,44,39,209,209,5,0.03125
67,29,5,3,35,43,207,208,2,0.0125
67,30,6,3,38,40,188,190,4,0.025
67,31,7,3,45,33,161,162,3,0.01875
67,32,0,4,33,42,160,163,2,0.0125
67,33,1,4,45,44,197,199,2,0.0125
67,34,2,4,43,38,209,207,6,0.0375
67,35,3,4,43,39,196,194,4,0.025
67,36,4,4,40,37,202,201,1,0.00625
67,37,5,4,43,44,212,210,3,0.01875
67,38,6,4,38,36,188,187,2,0.0125
67,39,7,4,43,38,160,157,3,0.01875
67,40,0,5,44,42,165,168,2,0.0125
67,41,1,5,39,34,191,191,2,0.0125
67,42,2,5,43,45,206,205,3,0.01875
67,43,3,5,44,42,195,197,4,0.025
67,44,4,5,40,40,203,203,2,0.0125
67,45,5,5,41,38,194,192,2,0.0125
67,46,6,5,39,44,192,193,3,0.01875
67,47,7,5,35,36,155,155,2,0.0125
67,48,0,6,35,39,150,149,3,0.01875
67,49,1,6,44,44,192,192,4,0.025
67,50,2,6,35,39,195,193,5,0.03125
67,51,3,6,40,41,181,179,2,0.0125
67,52,4,6,45,44,205,205,4,0.025
67,53,5,6,33,39,191,190,4,0.025
67,54,6,6,45,39,185,185,3,0.01875
67,55,7,6,32,41,159,162,1,0.00625
67,56,0,7,34,34,110,110,1,0.00625
67,57,1,7,42,34,151,150,3,0.01875
67,58,2,7,34,44,164,161,2,0.0125
67,59,3,7,41,34,148,147,1,0.00625
67,60,4,7,45,40,170,168,2,0.0125
67,61,5,7,33,45,162,161,1,0.00625
67,62,6,7,41,34,150,150,2,0.0125
67,63,7,7,42,43,129,130,3,0.01875
68,0,0,0,40,43,128,128,1,0.00625
68,1,1,0,39,36,161,162,0,0.0
68,2,2,0,43,44,172,169,5,0.03125
68,3,3,0,38,37,161,162,2,0.0125
68,4,4,0,43,37,164,166,3,0.01875
68,5,5,0,39,43,170,170,2,0.0125
68,6,6,0,45,38,165,165,4,0.025
68,7,7,0,44,40,129,129,3,0.01875
68,8,0,1,43,44,174,173,5,0.03125
68,9,1,1,41,41,205,201,5,0.03125
68,10,2,1,35,42,205,206,1,0.00625
68,11,3,1,36,41,193,196,1,0.00625
68,12,4,1,41,40,203,202,2,0.0125
68,13,5,1,34,43,205,208,2,0.0125
68,14,6,1,40,37,195,196,4,0.025
68,15,7,1,44,45,166,167,2,0.0125
68,16,0,2,45,45,169,167,2,0.0125
68,17,1,2,39,41,195,196,3,0.01875
68,18,2,2,38,40,196,200,2,0.0125
68,19,3,2,39,41,187,186,3,0.01875
68,20,4,2,38,39,184,186,0,0.0
68,21,5,2,36,39,192,195,1,0.00625
68,22,6,2,40,35,188,186,3,0.01875
68,23,7,2,33,36,152,153,3,0.01875
68,24,0,3,36,38,160,162,3,0.01875
68,25,1,3,36,45,199,199,3,0.01875
68,26,2,3,36,41,203,205,2,0.0125
68,27,3,3,42,39,195,198,1,0.00625
68,28,4,3,44,36,207,209,4,0.025
68,29,5,3,46,38,216,216,2,0.0125
68,30,6,3,44,37,208,208,5,0.03125
68,31,7,3,44,41,167,168,4,0.025
68,32,0,4,36,45,167,165,4,0.025
68,33,1,4,36,36,191,191,2,0.0125
68,34,2,4,45,37,207,209,3,0.01875
68,35,3,4,38,35,198,197,4,0.025
68,36,4,4,35,45,198,198,1,0.00625
68,37,5,4,42,44,207,207,3,0.01875
68,38,6,4,43,42,209,206,3,0.01875
68,39,7,4,41,44,167,169,4,0.025
68,40,0,5,37,44,165,165,2,0.0125
68,41,1,5,42,33,191,187,6,0.0375
68,42,2,5,41,40,202,203,3,0.01875
68,43,3,5,36,45,199,199,2,0.0125
68,44,4,5,31,38,186,186,2,0.0125
68,45,5,5,41,38,200,198,6,0.0375
68,46,6,5,32,40,196,198,0,0.0
68,47,7,5,44,42,163,160,5,0.03125
68,48,0,6,45,39,170,169,4,0.025
68,49,1,6,41,38,204,202,4,0.025
68,50,2,6,43,39,209,212,3,0.01875
68,51,3,6,43,41,209,208,2,0.0125
68,52,4,6,43,37,204,205,3,0.01875
68,53,5,6,37,33,201,204,1,0.00625
68,54,6,6,44,40,206,206,3,0.01875
68,55,7,6,46,36,167,164,4,0.025
68,56,0,7,38,41,125,122,4,0.025
68,57,1,7,39,44,165,167,1,0.00625
68,58,2,7,39,41,165,166,2,0.0125
68,59,3,7,40,45,167,166,3,0.01875
68,60,4,7,42,42,167,166,2,0.0125
68,61,5,7,41,45,172,172,1,0.00625
68,62,6,7,43,38,164,163,4,0.025
68,63,7,7,41,44,127,129,0,0.0
69,0,0,0,41,34,120,120,2,0.0125
69,1,1,0,32,43,162,160,3,0.01875
69,2,2,0,43,35,152,154,2,0.0125
69,3,3,0,38,42,167,167,2,0.0125
69,4,4,0,44,41,162,162,2,0.0125
69,5,5,0,35,33,155,153,4,0.025
69,6,6,0,44,44,165,166,2,0.0125
69,7,7,0,39,43,127,127,3,0.01875
69,8,0,1,43,45,167,168,3,0.01875
69,9,1,1,37,41,207,207,5,0.03125
69,10,2,1,47,33,193,190,5,0.03125
69,11,3,1,39,43,213,210,0,0.0
69,12,4,1,37,36,194,195,1,0.00625
69,13,5,1,46,44,201,198,3,0.01875
69,14,6,1,45,37,207,207,3,0.01875
69,15,7,1,35,44,169,171,2,0.0125
69,16,0,2,33,43,157,158,2,0.0125
69,17,1,2,38,44,208,207,2,0.0125
69,18,2,2,35,38,189,189,2,0.0125
69,19,3,2,41,40,206,211,0,0.0
69,20,4,2,38,39,203,200,3,0.01875
69,21,5,2,43,39,192,189,4,0.025
69,22,6,2,37,43,206,210,2,0.0125
69,23,7,2,46,45,170,170,3,0.01875
69,24,0,3,45,41,167,165,3,0.01875
69,25,1,3,41,40,209,212,1,0.00625
69,26,2,3,44,40,201,198,4,0.025
69,27,3,3,40,37,211,207,3,0.01875
69,28,4,3,45,44,207,211,2,0.0125
69,29,5,3,40,35,197,196,4,0.025
69,30,6,3,32,40,203,202,3,0.01875
69,31,7,3,45,38,163,161,3,0.01875
69,32,0,4,42,44,162,162,2,0.0125
69,33,1,4,42,45,209,209,4,0.025
69,34,2,4,44,40,199,197,6,0.0375
69,35,3,4,37,41,205,206,4,0.025
69,36,4,4,47,38,197,194,4,0.025
69,37,5,4,38,45,199,202,2,0.0125
69,38,6,4,34,40,195,200,2,0.0125
69,39,7,4,40,37,157,156,2,0.0125
69,40,0,5,43,38,159,155,6,0.0375
69,41,1,5,38,44,208,211,2,0.0125
69,42,2,5,45,38,198,199,4,0.025
69,43,3,5,43,44,217,216,3,0.01875
69,44,4,5,40,37,194,194,1,0.00625
69,45,5,5,39,41,193,194,4,0.025
69,46,6,5,43,41,207,205,2,0.0125
69,47,7,5,42,38,165,166,4,0.025
69,48,0,6,44,42,167,166,6,0.0375
69,49,1,6,34,42,206,206,2,0.0125
69,50,2,6,40,44,195,198,1,0.00625
69,51,3,6,44,44,216,216,4,0.025
69,52,4,6,45,42,209,209,4,0.025
69,53,5,6,33,38,192,193,1,0.00625
69,54,6,6,45,39,204,205,2,0.0125
69,55,7,6,44,40,175,173,4,0.025
69,56,0,7,40,44,119,122,2,0.0125
69,57,1,7,34,44,157,159,1,0.00625
69,58,2,7,41,38,147,149,1,0.00625
69,59,3,7,34,39,152,151,3,0.01875
69,60,4,7,36,44,148,147,3,0.01875
69,61,5,7,45,43,157,156,2,0.0125
69,62,6,7,40,34,153,156,1,0.00625
69,63,7,7,37,45,124,124,0,0.0
70,0,0,0,35,38,106,108,0,0.0
70,1,1,0,33,40,144,147,0,0.0
70,2,2,0,38,40,146,147,2,0.0125
70,3,3,0,45,42,159,157,3,0.01875
70,4,4,0,44,36,157,155,5,0.03125
70,5,5,0,40,44,160,159,3,0.01875
70,6,6,0,45,44,158,158,3,0.01875
70,7,7,0,34,38,117,116,2,0.0125
70,8,0,1,44,34,142,142,3,0.01875
70,9,1,1,33,38,186,190,3,0.01875
70,10,2,1,45,32,183,183,4,0.025
70,11,3,1,43,41,197,197,2,0.0125
70,12,4,1,43,45,196,193,5,0.03125
70,13,5,1,43,44,203,206,1,0.00625
70,14,6,1,42,36,199,202,2,0.0125
70,15,7,1,33,45,159,158,1,0.00625
70,16,0,2,46,31,153,154,3,0.01875
70,17,1,2,40,43,211,209,3,0.01875
70,18,2,2,40,36,199,199,4,0.025
70,19,3,2,38,45,205,202,3,0.01875
70,20,4,2,34,40,193,194,4,0.025
70,21,5,2,42,40,205,205,3,0.01875
70,22,6,2,39,44,214,213,2,0.0125
70,23,7,2,41,45,163,164,3,0.01875
70,24,0,3,44,44,168,169,4,0.025
70,25,1,3,42,39,214,211,5,0.03125
70,26,2,3,43,37,207,207,3,0.01875
70,27,3,3,42,37,206,206,3,0.01875
70,28,4,3,45,37,206,205,2,0.0125
70,29,5,3,38,33,206,205,4,0.025
70,30,6,3,43,44,212,213,4,0.025
70,31,7,3,44,40,161,164,3,0.01875
70,32,0,4,41,44,156,158,1,0.00625
70,33,1,4,42,44,205,204,3,0.01875
70,34,2,4,37,41,199,201,2,0.0125
70,35,3,4,39,43,200,200,4,0.025
70,36,4,4,42,42,202,202,4,0.025
70,37,5,4,31,45,200,196,4,0.025
70,38,6,4,46,39,194,190,3,0.01875
70,39,7,4,35,38,156,156,2,0.0125
70,40,0,5,38,39,156,160,1,0.00625
70,41,1,5,39,42,206,205,3,0.01875
70,42,2,5,34,43,205,202,5,0.03125
70,43,3,5,43,42,204,208,2,0.0125
70,44,4,5,40,40,209,205,5,0.03125
70,45,5,5,32,44,202,204,1,0.00625
70,46,6,5,34,28,186,186,2,0.0125
70,47,7,5,45,41,158,160,3,0.01875
70,48,0,6,43,45,166,169,2,0.0125
70,49,1,6,39,43,213,212,4,0.025
70,50,2,6,41,34,202,196,7,0.04375
70,51,3,6,38,36,197,198,2,0.0125
70,52,4,6,41,44,211,212,2,0.0125
70,53,5,6,28,37,198,195,3,0.01875
70,54,6,6,44,35,196,199,1,0.00625
70,55,7,6,44,34,161,161,5,0.03125
70,56,0,7,42,44,120,120,1,0.00625
70,57,1,7,46,44,165,161,4,0.025
70,58,2,7,39,36,152,150,2,0.0125
70,59,3,7,37,40,151,151,2,0.0125
70,60,4,7,41,44,158,160,1,0.00625
70,61,5,7,45,41,163,164,3,0.01875
70,62,6,7,39,28,148,146,2,0.0125
70,63,7,7,33,44,118,118,2,0.0125
71,0,0,0,46,39,121,117,3,0.01875
71,1,1,0,44,37,156,154,2,0.0125
71,2,2,0,38,45,160,156,3,0.01875
71,3,3,0,45,35,154,155,2,0.0125
71,4,4,0,41,39,163,164,3,0.01875
71,5,5,0,45,43,168,169,4,0.025
71,6,6,0,45,44,172,172,2,0.0125
71,7,7,0,40,42,125,125,4,0.025
71,8,0,1,45,34,162,160,3,0.01875
71,9,1,1,36,42,201,198,4,0.025
71,10,2,1,44,40,205,206,5,0.03125
71,11,3,1,41,38,204,202,4,0.025
71,12,4,1,42,45,207,209,3,0.01875
71,13,5,1,36,42,207,204,4,0.025
71,14,6,1,34,45,201,203,0,0.0
71,15,7,1,44,45,165,167,0,0.0
71,16,0,2,35,39,159,160,2,0.0125
71,17,1,2,45,45,201,204,2,0.0125
71,18,2,2,35,33,199,199,2,0.0125
71,19,3,2,43,44,203,200,4,0.025
71,20,4,2,39,42,202,202,5,0.03125
71,21,5,2,43,42,209,212,2,0.0125
71,22,6,2,42,37,213,212,4,0.025
71,23,7,2,45,37,165,165,3,0.01875
71,24,0,3,29,42,158,160,2,0.0125
71,25,1,3,45,37,190,189,2,0.0125
71,26,2,3,44,44,222,223,4,0.025
71,27,3,3,37,35,197,199,2,0.0125
71,28,4,3,39,41,200,200,2,0.0125
71,29,5,3,37,39,204,203,3,0.01875
71,30,6,3,42,44,210,209,3,0.01875
71,31,7,3,42,42,168,166,4,0.025
71,32,0,4,40,45,162,161,2,0.0125
71,33,1,4,34,31,174,176,2,0.0125
71,34,2,4,38,44,192,194,2,0.0125
71,35,3,4,37,44,190,189,3,0.01875
71,36,4,4,38,39,181,184,3,0.01875
71,37,5,4,43,41,199,202,3,0.01875
71,38,6,4,37,39,199,201,3,0.01875
71,39,7,4,35,42,155,158,0,0.0
71,40,0,5,36,34,151,151,1,0.00625
71,41,1,5,42,40,189,191,1,0.00625
71,42,2,5,40,33,197,198,4,0.025
71,43,3,5,34,35,185,184,2,0.0125
71,44,4,5,33,39,181,186,1,0.00625
71,45,5,5,42,36,195,193,4,0.025
71,46,6,5,35,44,200,200,2,0.0125
71,47,7,5,33,39,148,149,2,0.0125
71,48,0,6,40,40,163,163,3,0.01875
71,49,1,6,43,34,191,196,2,0.0125
71,50,2,6,40,42,213,216,2,0.0125
71,51,3,6,31,38,195,192,4,0.025
71,52,4,6,41,36,184,186,1,0.00625
71,53,5,6,37,35,204,205,2,0.0125
71,54,6,6,43,39,207,205,2,0.0125
71,55,7,6,45,35,162,164,3,0.01875
71,56,0,7,30,45,118,118,1,0.00625
71,57,1,7,44,39,157,156,3,0.01875
71,58,2,7,39,44,169,169,2,0.0125
71,59,3,7,34,40,153,156,0,0.0
71,60,4,7,46,28,148,149,2,0.0125
71,61,5,7,44,45,176,174,4,0.025
71,62,6,7,45,37,167,167,2,0.0125
71,63,7,7,40,43,123,123,1,0.00625
72,0,0,0,39,40,122,125,2,0.0125
72,1,1,0,40,35,162,162,2,0.0125
72,2,2,0,30,38,155,158,2,0.0125
72,3,3,0,29,40,144,145,1,0.00625
72,4,4,0,41,31,151,151,1,0.00625
72,5,5,0,32,45,161,161,5,0.03125
72,6,6,0,35,48,162,163,1,0.00625
72,7,7,0,45,45,129,129,4,0.025
72,8,0,1,45,44,166,168,3,0.01875
72,9,1,1,38,41,197,198,3,0.01875
72,10,2,1,43,45,199,197,5,0.03125
72,11,3,1,35,30,184,187,1,0.00625
72,12,4,1,44,34,186,184,4,0.025
72,13,5,1,36,40,200,206,0,0.0
72,14,6,1,41,34,198,192,4,0.025
72,15,7,1,39,38,162,158,4,0.025
72,16,0,2,47,41,165,163,4,0.025
72,17,1,2,39,45,210,209,3,0.01875
72,18,2,2,36,37,189,189,4,0.025
72,19,3,2,36,43,198,202,2,0.0125
72,20,4,2,35,39,187,191,0,0.0
72,21,5,2,33,45,203,202,2,0.0125
72,22,6,2,40,36,199,198,4,0.025
72,23,7,2,41,36,163,162,2,0.0125
72,24,0,3,40,41,154,156,1,0.00625
72,25,1,3,46,45,207,207,5,0.03125
72,26,2,3,37,40,193,194,2,0.0125
72,27,3,3,27,38,180,177,5,0.03125
72,28,4,3,40,42,177,177,1,0.00625
72,29,5,3,38,39,195,196,5,0.03125
72,30,6,3,43,33,196,198,3,0.01875
72,31,7,3,36,39,164,166,2,0.0125
72,32,0,4,37,38,144,146,1,0.00625
72,33,1,4,40,41,187,186,3,0.01875
72,34,2,4,39,46,196,192,4,0.025
72,35,3,4,34,41,183,187,1,0.00625
72,36,4,4,36,27,168,167,1,0.00625
72,37,5,4,44,38,197,195,3,0.01875
72,38,6,4,40,35,204,202,3,0.01875
72,39,7,4,36,43,165,165,2,0.0125
72,40,0,5,40,31,144,145,2,0.0125
72,41,1,5,44,37,196,194,3,0.01875
72,42,2,5,43,41,193,193,4,0.025
72,43,3,5,30,37,187,186,3,0.01875
72,44,4,5,43,34,173,172,3,0.01875
72,45,5,5,43,39,203,203,4,0.025
72,46,6,5,43,43,215,210,6,0.0375
72,47,7,5,41,42,167,167,1,0.00625
72,48,0,6,35,35,157,156,3,0.01875
72,49,1,6,37,42,202,201,1,0.00625
72,50,2,6,41,43,204,202,5,0.03125
72,51,3,6,40,43,210,212,2,0.0125
72,52,4,6,40,29,190,186,3,0.01875
72,53,5,6,45,41,213,210,5,0.03125
72,54,6,6,46,44,225,225,2,0.0125
72,55,7,6,43,40,173,174,1,0.00625
72,56,0,7,42,47,123,123,2,0.0125
72,57,1,7,32,39,147,148,2,0.0125
72,58,2,7,42,38,154,153,4,0.025
72,59,3,7,39,41,159,156,4,0.025
72,60,4,7,45,39,161,159,3,0.01875
72,61,5,7,45,36,163,165,2,0.0125
72,62,6,7,38,42,166,167,2,0.0125
72,63,7,7,40,46,129,130,0,0.0
73,0,0,0,28,31,104,105,1,0.00625
73,1,1,0,45,32,147,145,4,0.025
73,2,2,0,38,38,162,162,2,0.0125
73,3,3,0,38,42,160,160,2,0.0125
73,4,4,0,44,39,157,160,2,0.0125
73,5,5,0,43,45,172,171,4,0.025
73,6,6,0,36,43,160,161,0,0.0
73,7,7,0,36,36,110,114,0,0.0
73,8,0,1,45,45,162,161,4,0.025
73,9,1,1,41,28,183,184,1,0.00625
73,10,2,1,45,40,207,208,5,0.03125
73,11,3,1,41,37,206,206,3,0.01875
73,12,4,1,36,34,186,190,3,0.01875
73,13,5,1,33,45,202,198,3,0.01875
73,14,6,1,33,41,192,194,4,0.025
73,15,7,1,39,39,146,151,0,0.0
73,16,0,2,44,39,158,158,4,0.025
73,17,1,2,46,45,205,205,5,0.03125
73,18,2,2,29,42,200,202,2,0.0125
73,19,3,2,41,45,200,197,3,0.01875
73,20,4,2,45,39,200,195,3,0.01875
73,21,5,2,41,37,206,204,6,0.0375
73,22,6,2,41,34,196,197,3,0.01875
73,23,7,2,39,37,152,153,0,0.0
73,24,0,3,39,42,150,150,0,0.0
73,25,1,3,41,44,193,191,5,0.03125
73,26,2,3,41,45,209,209,3,0.01875
73,27,3,3,44,32,193,194,3,0.01875
73,28,4,3,36,35,190,191,2,0.0125
73,29,5,3,43,43,207,207,3,0.01875
73,30,6,3,38,38,203,202,3,0.01875
73,31,7,3,43,39,155,154,4,0.025
73,32,0,4,46,37,158,153,4,0.025
73,33,1,4,37,41,195,193,4,0.025
73,34,2,4,43,42,207,207,4,0.025
73,35,3,4,37,37,202,198,3,0.01875
73,36,4,4,35,42,193,190,4,0.025
73,37,5,4,42,38,197,201,2,0.0125
73,38,6,4,32,43,196,198,3,0.01875
73,39,7,4,41,38,147,146,2,0.0125
73,40,0,5,43,42,159,160,1,0.00625
73,41,1,5,35,43,194,193,3,0.01875
73,42,2,5,41,36,202,200,4,0.025
73,43,3,5,34,43,199,199,2,0.0125
73,44,4,5,41,36,193,194,1,0.00625
73,45,5,5,39,34,204,205,1,0.00625
73,46,6,5,44,42,210,210,7,0.04375
73,47,7,5,42,31,154,153,3,0.01875
73,48,0,6,38,43,149,149,2,0.0125
73,49,1,6,40,40,184,183,3,0.01875
73,50,2,6,42,36,193,194,4,0.025
73,51,3,6,36,41,198,197,3,0.01875
73,52,4,6,35,32,179,180,4,0.025
73,53,5,6,39,44,196,199,1,0.00625
73,54,6,6,42,40,198,197,5,0.03125
73,55,7,6,32,44,157,157,2,0.0125
73,56,0,7,30,38,100,102,0,0.0
73,57,1,7,45,36,139,141,3,0.01875
73,58,2,7,37,37,144,147,2,0.0125
73,59,3,7,35,44,146,148,2,0.0125
73,60,4,7,44,36,144,141,4,0.025
73,61,5,7,43,36,149,147,4,0.025
73,62,6,7,41,40,147,146,4,0.025
73,63,7,7,26,42,106,104,2,0.0125
74,0,0,0,36,34,108,106,2,0.0125
74,1,1,0,43,39,158,159,2,0.0125
74,2,2,0,46,42,170,165,4,0.025
74,3,3,0,36,33,155,151,3,0.01875
74,4,4,0,35,34,145,143,2,0.0125
74,5,5,0,45,44,167,167,5,0.03125
74,6,6,0,39,42,167,166,3,0.01875
74,7,7,0,44,38,116,113,2,0.0125
74,8,0,1,41,37,148,152,1,0.00625
74,9,1,1,30,36,189,188,2,0.0125
74,10,2,1,44,43,198,198,3,0.01875
74,11,3,1,41,44,201,201,4,0.025
74,12,4,1,33,35,183,184,2,0.0125
74,13,5,1,40,36,192,190,4,0.025
74,14,6,1,41,45,202,202,3,0.01875
74,15,7,1,38,34,148,146,3,0.01875
74,16,0,2,43,36,154,154,3,0.01875
74,17,1,2,44,45,215,213,4,0.025
74,18,2,2,43,33,204,201,4,0.025
74,19,3,2,44,44,204,203,3,0.01875
74,20,4,2,35,41,198,200,4,0.025
74,21,5,2,44,34,201,202,4,0.025
74,22,6,2,40,38,204,205,1,0.00625
74,23,7,2,44,37,160,160,1,0.00625
74,24,0,3,41,42,162,159,2,0.0125
74,25,1,3,45,43,213,214,5,0.03125
74,26,2,3,44,44,219,218,3,0.01875
74,27,3,3,44,39,209,208,4,0.025
74,28,4,3,43,44,212,209,5,0.03125
74,29,5,3,45,37,213,213,5,0.03125
74,30,6,3,45,44,220,220,3,0.01875
74,31,7,3,44,44,169,167,5,0.03125
74,32,0,4,42,44,157,160,2,0.0125
74,33,1,4,44,38,204,206,3,0.01875
74,34,2,4,44,44,209,209,5,0.03125
74,35,3,4,37,44,196,197,2,0.0125
74,36,4,4,40,43,192,195,2,0.0125
74,37,5,4,41,41,205,205,2,0.0125
74,38,6,4,41,45,212,208,6,0.0375
74,39,7,4,37,45,155,153,3,0.01875
74,40,0,5,43,37,149,148,2,0.0125
74,41,1,5,38,44,203,205,2,0.0125
74,42,2,5,45,44,205,210,2,0.0125
74,43,3,5,44,44,208,204,5,0.03125
74,44,4,5,39,38,194,191,3,0.01875
74,45,5,5,39,41,200,200,2,0.0125
74,46,6,5,41,44,203,210,1,0.00625
74,47,7,5,40,38,155,157,2,0.0125
74,48,0,6,42,40,145,148,0,0.0
74,49,1,6,37,41,197,194,5,0.03125
74,50,2,6,44,37,197,199,3,0.01875
74,51,3,6,36,45,191,191,4,0.025
74,52,4,6,39,44,186,189,2,0.0125
74,53,5,6,39,39,197,198,3,0.01875
74,54,6,6,45,39,200,201,2,0.0125
74,55,7,6,40,44,163,161,2,0.0125
74,56,0,7,43,34,108,104,4,0.025
74,57,1,7,39,42,155,156,2,0.0125
74,58,2,7,39,37,148,146,3,0.01875
74,59,3,7,34,42,148,148,0,0.0
74,60,4,7,44,34,147,148,3,0.01875
74,61,5,7,42,40,162,162,3,0.01875
74,62,6,7,35,38,150,149,4,0.025
74,63,7,7,36,45,116,114,2,0.0125
75,0,0,0,40,37,121,120,2,0.0125
75,1,1,0,42,43,168,166,5,0.03125
75,2,2,0,44,33,164,166,3,0.01875
75,3,3,0,37,44,169,174,0,0.0
75,4,4,0,45,31,163,159,6,0.0375
75,5,5,0,36,44,169,173,0,0.0
75,6,6,0,39,41,166,166,2,0.0125
75,7,7,0,46,40,126,125,2,0.0125
75,8,0,1,38,45,162,160,1,0.00625
75,9,1,1,45,40,205,206,3,0.01875
75,10,2,1,39,42,199,201,2,0.0125
75,11,3,1,42,44,212,210,2,0.0125
75,12,4,1,34,40,188,185,2,0.0125
75,13,5,1,38,43,202,204,3,0.01875
75,14,6,1,36,40,200,202,2,0.0125
75,15,7,1,42,39,162,161,4,0.025
75,16,0,2,44,40,163,162,4,0.025
75,17,1,2,39,37,206,205,4,0.025
75,18,2,2,42,42,199,201,3,0.01875
75,19,3,2,45,42,214,215,5,0.03125
75,20,4,2,40,39,195,194,3,0.01875
75,21,5,2,37,35,193,194,3,0.01875
75,22,6,2,46,42,211,210,4,0.025
75,23,7,2,39,38,162,162,2,0.0125
75,24,0,3,44,40,166,167,2,0.0125
75,25,1,3,34,44,208,211,1,0.00625
75,26,2,3,43,39,198,199,3,0.01875
75,27,3,3,39,42,213,214,3,0.01875
75,28,4,3,44,45,203,202,4,0.025
75,29,5,3,45,36,212,211,5,0.03125
75,30,6,3,44,41,214,213,6,0.0375
75,31,7,3,38,42,168,173,1,0.00625
75,32,0,4,37,45,156,158,2,0.0125
75,33,1,4,41,42,203,201,5,0.03125
75,34,2,4,43,38,194,194,4,0.025
75,35,3,4,38,44,209,212,1,0.00625
75,36,4,4,38,40,187,188,2,0.0125
75,37,5,4,40,44,205,204,2,0.0125
75,38,6,4,35,45,197,201,2,0.0125
75,39,7,4,35,44,163,165,2,0.0125
75,40,0,5,45,41,167,166,2,0.0125
75,41,1,5,37,35,204,200,6,0.0375
75,42,2,5,37,41,194,192,2,0.0125
75,43,3,5,43,44,216,219,2,0.0125
75,44,4,5,41,38,201,201,4,0.025
75,45,5,5,31,39,198,198,2,0.0125
75,46,6,5,43,38,199,196,3,0.01875
75,47,7,5,40,40,166,164,1,0.00625
75,48,0,6,31,41,154,154,2,0.0125
75,49,1,6,39,45,193,200,0,0.0
75,50,2,6,45,38,192,190,3,0.01875
75,51,3,6,44,41,210,210,3,0.01875
75,52,4,6,33,44,194,190,3,0.01875
75,53,5,6,43,39,200,195,5,0.03125
75,54,6,6,38,33,199,197,4,0.025
75,55,7,6,39,41,161,162,2,0.0125
75,56,0,7,43,40,121,123,3,0.01875
75,57,1,7,36,32,151,148,4,0.025
75,58,2,7,40,42,157,158,2,0.0125
75,59,3,7,36,45,160,160,1,0.00625
75,60,4,7,45,45,162,163,2,0.0125
75,61,5,7,42,33,160,161,3,0.01875
75,62,6,7,45,43,171,171,3,0.01875
75,63,7,7,38,40,121,124,1,0.00625
76,0,0,0,43,38,126,126,4,0.025
76,1,1,0,44,39,171,171,4,0.025
76,2,2,0,42,42,169,173,2,0.0125
76,3,3,0,29,37,151,148,4,0.025
76,4,4,0,41,37,148,153,1,0.00625
76,5,5,0,23,42,152,151,1,0.00625
76,6,6,0,44,43,151,151,3,0.01875
76,7,7,0,44,44,132,132,3,0.01875
76,8,0,1,34,44,158,158,2,0.0125
76,9,1,1,44,41,203,200,4,0.025
76,10,2,1,40,44,211,210,3,0.01875
76,11,3,1,44,43,204,204,3,0.01875
76,12,4,1,43,27,192,191,4,0.025
76,13,5,1,39,43,208,206,4,0.025
76,14,6,1,42,23,187,185,3,0.01875
76,15,7,1,44,43,171,169,5,0.03125
76,16,0,2,43,44,165,168,1,0.00625
76,17,1,2,41,32,193,199,0,0.0
76,18,2,2,40,43,206,206,3,0.01875
76,19,3,2,44,37,195,196,3,0.01875
76,20,4,2,36,45,204,206,2,0.0125
76,21,5,2,40,39,202,201,2,0.0125
76,22,6,2,40,35,199,198,4,0.025
76,23,7,2,41,39,168,166,2,0.0125
76,24,0,3,45,41,163,161,3,0.01875
76,25,1,3,44,44,210,210,4,0.025
76,26,2,3,39,45,203,205,2,0.0125
76,27,3,3,45,42,199,199,4,0.025
76,28,4,3,36,44,201,202,4,0.025
76,29,5,3,44,39,201,202,3,0.01875
76,30,6,3,38,39,200,201,2,0.0125
76,31,7,3,39,42,162,160,4,0.025
76,32,0,4,42,40,159,156,2,0.0125
76,33,1,4,38,45,202,203,3,0.01875
76,34,2,4,45,40,204,206,4,0.025
76,35,3,4,41,41,201,198,1,0.00625
76,36,4,4,46,44,206,202,5,0.03125
76,37,5,4,40,38,207,205,3,0.01875
76,38,6,4,40,44,210,208,2,0.0125
76,39,7,4,44,40,167,164,4,0.025
76,40,0,5,40,36,153,153,2,0.0125
76,41,1,5,31,44,191,194,3,0.01875
76,42,2,5,46,38,192,189,4,0.025
76,43,3,5,36,44,194,197,0,0.0
76,44,4,5,39,39,189,188,4,0.025
76,45,5,5,42,42,199,198,4,0.025
76,46,6,5,43,42,200,202,1,0.00625
76,47,7,5,36,38,162,165,1,0.00625
76,48,0,6,41,35,152,151,2,0.0125
76,49,1,6,42,42,210,202,7,0.04375
76,50,2,6,39,34,197,198,3,0.01875
76,51,3,6,40,42,204,205,4,0.025
76,52,4,6,40,41,201,201,3,0.01875
76,53,5,6,42,38,199,204,2,0.0125
76,54,6,6,44,38,209,209,2,0.0125
76,55,7,6,42,44,175,176,3,0.01875
76,56,0,7,40,39,120,117,3,0.01875
76,57,1,7,40,39,158,157,4,0.025
76,58,2,7,38,39,156,155,2,0.0125
76,59,3,7,35,40,150,151,0,0.0
76,60,4,7,36,41,152,154,2,0.0125
76,61,5,7,42,38,156,158,1,0.00625
76,62,6,7,44,43,169,169,4,0.025
76,63,7,7,42,42,130,126,3,0.01875
77,0,0,0,38,40,121,123,1,0.00625
77,1,1,0,45,42,171,170,5,0.03125
77,2,2,0,42,44,175,173,3,0.01875
77,3,3,0,36,35,158,157,4,0.025
77,4,4,0,35,34,149,150,0,0.0
77,5,5,0,36,35,151,151,2,0.0125
77,6,6,0,35,40,156,157,0,0.0
77,7,7,0,44,40,121,119,4,0.025
77,8,0,1,45,44,170,167,4,0.025
77,9,1,1,37,40,200,204,1,0.00625
77,10,2,1,44,45,214,212,5,0.03125
77,11,3,1,39,41,199,201,2,0.0125
77,12,4,1,43,35,193,192,4,0.025
77,13,5,1,41,37,192,195,2,0.0125
77,14,6,1,41,36,198,198,2,0.0125
77,15,7,1,39,36,157,161,2,0.0125
77,16,0,2,41,40,159,157,3,0.01875
77,17,1,2,43,44,208,204,4,0.025
77,18,2,2,46,41,205,206,2,0.0125
77,19,3,2,44,45,207,205,5,0.03125
77,20,4,2,33,39,187,187,0,0.0
77,21,5,2,44,43,189,190,3,0.01875
77,22,6,2,45,42,201,202,3,0.01875
77,23,7,2,37,43,162,160,5,0.03125
77,24,0,3,45,37,158,160,3,0.01875
77,25,1,3,45,41,210,207,4,0.025
77,26,2,3,44,39,209,204,4,0.025
77,27,3,3,43,43,204,205,3,0.01875
77,28,4,3,38,44,200,198,4,0.025
77,29,5,3,39,36,185,187,1,0.00625
77,30,6,3,35,41,198,198,3,0.01875
77,31,7,3,43,43,161,161,1,0.00625
77,32,0,4,37,37,157,157,4,0.025
77,33,1,4,39,45,205,204,4,0.025
77,34,2,4,41,45,208,211,2,0.0125
77,35,3,4,40,41,200,198,4,0.025
77,36,4,4,44,44,201,204,2,0.0125
77,37,5,4,46,36,204,202,4,0.025
77,38,6,4,34,43,200,200,4,0.025
77,39,7,4,39,37,149,152,1,0.00625
77,40,0,5,34,43,151,150,2,0.0125
77,41,1,5,41,36,185,184,3,0.01875
77,42,2,5,45,39,202,203,4,0.025
77,43,3,5,31,41,187,186,1,0.00625
77,44,4,5,37,39,171,175,1,0.00625
77,45,5,5,43,44,195,196,2,0.0125
77,46,6,5,42,43,204,201,5,0.03125
77,47,7,5,35,33,150,146,2,0.0125
77,48,0,6,45,36,162,158,5,0.03125
77,49,1,6,41,34,196,199,5,0.03125
77,50,2,6,34,37,196,198,2,0.0125
77,51,3,6,43,45,194,192,4,0.025
77,52,4,6,35,30,178,178,2,0.0125
77,53,5,6,46,39,198,197,2,0.0125
77,54,6,6,39,44,201,201,2,0.0125
77,55,7,6,36,40,155,155,1,0.00625
77,56,0,7,41,37,120,123,1,0.00625
77,57,1,7,45,44,172,173,2,0.0125
77,58,2,7,38,41,167,165,4,0.025
77,59,3,7,34,35,149,147,3,0.01875
77,60,4,7,39,41,158,158,1,0.00625
77,61,5,7,38,39,158,157,2,0.0125
77,62,6,7,39,45,165,166,3,0.01875
77,63,7,7,42,42,123,125,4,0.025
78,0,0,0,43,41,128,127,3,0.01875
78,1,1,0,40,39,161,166,1,0.00625
78,2,2,0,41,46,174,174,1,0.00625
78,3,3,0,37,46,170,172,3,0.01875
78,4,4,0,38,40,158,158,1,0.00625
78,5,5,0,32,39,152,151,1,0.00625
78,6,6,0,36,36,149,149,1,0.00625
78,7,7,0,45,43,125,125,4,0.025
78,8,0,1,43,46,170,171,4,0.025
78,9,1,1,32,41,195,194,3,0.01875
78,10,2,1,39,42,199,202,2,0.0125
78,11,3,1,44,44,214,214,2,0.0125
78,12,4,1,42,37,203,205,4,0.025
78,13,5,1,38,37,203,200,5,0.03125
78,14,6,1,38,31,187,188,2,0.0125
78,15,7,1,42,39,161,158,4,0.025
78,16,0,2,43,42,164,164,3,0.01875
78,17,1,2,43,43,204,206,0,0.0
78,18,2,2,39,30,203,202,2,0.0125
78,19,3,2,42,40,208,208,3,0.01875
78,20,4,2,40,44,209,203,5,0.03125
78,21,5,2,43,44,205,202,5,0.03125
78,22,6,2,41,37,201,200,5,0.03125
78,23,7,2,39,38,159,164,1,0.00625
78,24,0,3,41,38,157,155,4,0.025
78,25,1,3,38,43,193,193,4,0.025
78,26,2,3,46,46,214,217,3,0.01875
78,27,3,3,34,40,199,199,4,0.025
78,28,4,3,38,43,190,192,4,0.025
78,29,5,3,37,34,182,181,2,0.0125
78,30,6,3,43,43,195,194,3,0.01875
78,31,7,3,35,41,162,158,4,0.025
78,32,0,4,43,34,152,151,4,0.025
78,33,1,4,35,41,185,187,4,0.025
78,34,2,4,42,40,200,196,4,0.025
78,35,3,4,48,47,210,211,4,0.025
78,36,4,4,39,35,195,192,4,0.025
78,37,5,4,45,38,192,192,3,0.01875
78,38,6,4,26,33,171,173,3,0.01875
78,39,7,4,32,39,135,136,0,0.0
78,40,0,5,29,34,147,147,2,0.0125
78,41,1,5,31,42,182,185,1,0.00625
78,42,2,5,40,39,201,205,2,0.0125
78,43,3,5,33,42,203,204,1,0.00625
78,44,4,5,41,48,205,203,3,0.01875
78,45,5,5,39,42,202,202,2,0.0125
78,46,6,5,42,48,209,209,1,0.00625
78,47,7,5,40,27,152,153,2,0.0125
78,48,0,6,43,43,163,164,3,0.01875
78,49,1,6,36,31,180,182,3,0.01875
78,50,2,6,44,35,196,193,3,0.01875
78,51,3,6,31,42,195,197,3,0.01875
78,52,4,6,41,34,185,186,4,0.025
78,53,5,6,46,39,201,198,5,0.03125
78,54,6,6,46,41,211,211,5,0.03125
78,55,7,6,36,44,168,168,2,0.0125
78,56,0,7,32,38,110,110,2,0.0125
78,57,1,7,46,43,167,166,4,0.025
78,58,2,7,39,36,163,165,2,0.0125
78,59,3,7,43,42,166,167,2,0.0125
78,60,4,7,38,33,149,148,2,0.0125
78,61,5,7,38,37,152,152,2,0.0125
78,62,6,7,38,47,159,161,1,0.00625
78,63,7,7,34,43,119,120,1,0.00625
79,0,0,0,43,37,127,125,3,0.01875
79,1,1,0,39,32,160,158,2,0.0125
79,2,2,0,45,44,174,172,4,0.025
79,3,3,0,41,40,166,170,0,0.0
79,4,4,0,38,43,170,169,2,0.0125
79,5,5,0,44,34,158,158,2,0.0125
79,6,6,0,42,34,162,162,2,0.0125
79,7,7,0,44,30,114,115,3,0.01875
79,8,0,1,45,44,161,161,3,0.01875
79,9,1,1,43,43,198,198,2,0.0125
79,10,2,1,42,39,201,199,4,0.025
79,11,3,1,45,42,201,201,4,0.025
79,12,4,1,43,44,208,207,3,0.01875
79,13,5,1,38,38,182,181,4,0.025
79,14,6,1,40,41,183,182,2,0.0125
79,15,7,1,30,40,140,145,0,0.0
79,16,0,2,43,34,157,157,3,0.01875
79,17,1,2,44,45,209,207,5,0.03125
79,18,2,2,41,42,212,214,1,0.00625
79,19,3,2,33,40,196,200,2,0.0125
79,20,4,2,44,44,206,210,3,0.01875
79,21,5,2,43,41,202,205,2,0.0125
79,22,6,2,42,39,197,197,3,0.01875
79,23,7,2,44,40,158,153,4,0.025
79,24,0,3,40,42,163,163,2,0.0125
79,25,1,3,36,44,199,201,3,0.01875
79,26,2,3,34,42,204,201,4,0.025
79,27,3,3,43,43,204,204,1,0.00625
79,28,4,3,42,36,208,210,2,0.0125
79,29,5,3,44,44,212,210,5,0.03125
79,30,6,3,34,43,198,198,2,0.0125
79,31,7,3,44,44,153,157,3,0.01875
79,32,0,4,44,44,161,163,2,0.0125
79,33,1,4,35,40,186,187,2,0.0125
79,34,2,4,43,37,194,196,1,0.00625
79,35,3,4,34,35,193,191,4,0.025
79,36,4,4,34,42,190,193,2,0.0125
79,37,5,4,39,43,185,186,4,0.025
79,38,6,4,43,44,193,192,2,0.0125
79,39,7,4,39,37,151,149,4,0.025
79,40,0,5,39,33,146,149,0,0.0
79,41,1,5,44,44,196,196,3,0.01875
79,42,2,5,46,36,204,201,4,0.025
79,43,3,5,40,44,204,201,3,0.01875
79,44,4,5,37,35,194,193,2,0.0125
79,45,5,5,41,34,184,181,3,0.01875
79,46,6,5,42,36,185,183,5,0.03125
79,47,7,5,40,41,154,151,5,0.03125
79,48,0,6,42,35,152,153,4,0.025
79,49,1,6,33,38,184,184,0,0.0
79,50,2,6,39,42,195,197,2,0.0125
79,51,3,6,45,44,206,202,5,0.03125
79,52,4,6,39,35,196,194,5,0.03125
79,53,5,6,34,41,181,183,3,0.01875
79,54,6,6,44,38,183,183,4,0.025
79,55,7,6,38,41,154,152,3,0.01875
79,56,0,7,33,35,106,107,2,0.0125
79,57,1,7,44,44,157,160,2,0.0125
79,58,2,7,44,33,160,158,2,0.0125
79,59,3,7,45,39,162,164,1,0.00625
79,60,4,7,36,43,163,164,2,0.0125
79,61,5,7,29,39,144,144,2,0.0125
79,62,6,7,37,34,141,139,3,0.01875
79,63,7,7,44,44,120,118,2,0.0125
80,0,0,0,45,45,129,130,2,0.0125
80,1,1,0,34,39,160,160,2,0.0125
80,2,2,0,44,43,163,164,4,0.025
80,3,3,0,38,43,167,165,1,0.00625
80,4,4,0,40,45,163,162,3,0.01875
80,5,5,0,37,44,162,161,3,0.01875
80,6,6,0,32,40,147,149,1,0.00625
80,7,7,0,35,40,107,111,1,0.00625
80,8,0,1,42,41,168,167,3,0.01875
80,9,1,1,44,45,210,210,3,0.01875
80,10,2,1,43,36,205,209,1,0.00625
80,11,3,1,41,44,212,210,4,0.025
80,12,4,1,37,37,204,203,3,0.01875
80,13,5,1,38,37,200,205,0,0.0
80,14,6,1,42,39,200,200,3,0.01875
80,15,7,1,43,32,157,154,2,0.0125
80,16,0,2,42,41,171,169,5,0.03125
80,17,1,2,44,42,212,211,5,0.03125
80,18,2,2,45,44,220,219,2,0.0125
80,19,3,2,36,45,211,210,2,0.0125
80,20,4,2,38,42,202,204,2,0.0125
80,21,5,2,43,42,213,213,2,0.0125
80,22,6,2,45,38,212,214,3,0.01875
80,23,7,2,44,41,169,170,4,0.025
80,24,0,3,42,44,176,174,6,0.0375
80,25,1,3,37,40,202,204,1,0.00625
80,26,2,3,37,43,201,206,2,0.0125
80,27,3,3,37,43,206,208,1,0.00625
80,28,4,3,33,33,190,190,1,0.00625
80,29,5,3,41,41,201,200,6,0.0375
80,30,6,3,46,45,214,213,4,0.025
80,31,7,3,41,43,169,169,3,0.01875
80,32,0,4,41,44,167,165,4,0.025
80,33,1,4,40,42,205,205,2,0.0125
80,34,2,4,44,36,204,200,4,0.025
80,35,3,4,33,37,194,198,2,0.0125
80,36,4,4,35,40,194,193,3,0.01875
80,37,5,4,37,35,189,192,1,0.00625
80,38,6,4,42,41,203,202,3,0.01875
80,39,7,4,38,43,165,163,4,0.025
80,40,0,5,39,39,159,159,1,0.00625
80,41,1,5,35,41,192,191,3,0.01875
80,42,2,5,41,39,194,194,3,0.01875
80,43,3,5,39,43,202,203,2,0.0125
80,44,4,5,46,36,196,197,2,0.0125
80,45,5,5,37,36,197,200,3,0.01875
80,46,6,5,40,37,195,197,4,0.025
80,47,7,5,32,42,154,157,2,0.0125
80,48,0,6,41,37,156,157,0,0.0
80,49,1,6,30,39,185,182,4,0.025
80,50,2,6,44,33,185,184,4,0.025
80,51,3,6,45,41,210,210,5,0.03125
80,52,4,6,43,38,204,207,2,0.0125
80,53,5,6,45,42,210,209,5,0.03125
80,54,6,6,44,41,203,205,2,0.0125
80,55,7,6,29,39,150,155,0,0.0
80,56,0,7,45,36,125,122,3,0.01875
80,57,1,7,42,39,169,169,2,0.0125
80,58,2,7,44,33,163,164,2,0.0125
80,59,3,7,42,44,178,175,3,0.01875
80,60,4,7,45,45,175,176,1,0.00625
80,61,5,7,46,44,175,172,2,0.0125
80,62,6,7,39,44,170,168,4,0.025
80,63,7,7,39,44,124,125,2,0.0125
81,0,0,0,44,34,116,116,3,0.01875
81,1,1,0,41,45,166,167,2,0.0125
81,2,2,0,38,37,152,152,3,0.01875
81,3,3,0,41,40,162,159,4,0.025
81,4,4,0,45,38,160,160,3,0.01875
81,5,5,0,36,44,162,161,2,0.0125
81,6,6,0,29,44,149,147,2,0.0125
81,7,7,0,43,44,117,112,4,0.025
81,8,0,1,41,37,155,154,5,0.03125
81,9,1,1,38,44,209,209,3,0.01875
81,10,2,1,44,38,201,194,5,0.03125
81,11,3,1,43,43,212,215,2,0.0125
81,12,4,1,38,40,198,200,3,0.01875
81,13,5,1,37,45,205,205,2,0.0125
81,14,6,1,39,36,200,199,4,0.025
81,15,7,1,43,29,154,153,2,0.0125
81,16,0,2,44,41,162,163,3,0.01875
81,17,1,2,45,41,214,216,3,0.01875
81,18,2,2,46,37,202,200,3,0.01875
81,19,3,2,45,42,214,212,4,0.025
81,20,4,2,43,42,206,205,2,0.0125
81,21,5,2,43,36,200,200,3,0.01875
81,22,6,2,45,37,208,206,5,0.03125
81,23,7,2,38,39,167,165,5,0.03125
81,24,0,3,39,43,147,150,4,0.025
81,25,1,3,39,44,199,198,3,0.01875
81,26,2,3,39,45,192,187,5,0.03125
81,27,3,3,47,45,201,198,4,0.025
81,28,4,3,45,44,205,203,3,0.01875
81,29,5,3,36,41,198,200,2,0.0125
81,30,6,3,44,42,202,202,5,0.03125
81,31,7,3,35,45,168,167,4,0.025
81,32,0,4,44,35,151,151,3,0.01875
81,33,1,4,34,39,201,200,2,0.0125
81,34,2,4,42,40,186,190,2,0.0125
81,35,3,4,38,38,196,195,4,0.025
81,36,4,4,34,43,189,192,0,0.0
81,37,5,4,42,42,201,198,4,0.025
81,38,6,4,41,36,201,199,5,0.03125
81,39,7,4,37,45,165,167,2,0.0125
81,40,0,5,34,40,136,134,3,0.01875
81,41,1,5,34,44,190,190,2,0.0125
81,42,2,5,42,31,175,178,2,0.0125
81,43,3,5,45,44,203,202,3,0.01875
81,44,4,5,44,35,198,195,5,0.03125
81,45,5,5,36,33,193,191,2,0.0125
81,46,6,5,45,44,198,199,4,0.025
81,47,7,5,34,40,162,162,1,0.00625
81,48,0,6,43,30,140,139,2,0.0125
81,49,1,6,42,33,197,198,3,0.01875
81,50,2,6,38,37,183,183,2,0.0125
81,51,3,6,42,44,196,200,1,0.00625
81,52,4,6,44,45,207,205,4,0.025
81,53,5,6,35,44,202,204,2,0.0125
81,54,6,6,39,32,191,190,3,0.01875
81,55,7,6,38,45,169,166,2,0.0125
81,56,0,7,44,32,108,107,3,0.01875
81,57,1,7,32,45,151,154,0,0.0
81,58,2,7,37,41,140,144,0,0.0
81,59,3,7,38,40,146,147,1,0.00625
81,60,4,7,45,43,159,157,4,0.025
81,61,5,7,44,45,167,167,4,0.025
81,62,6,7,43,35,154,156,2,0.0125
81,63,7,7,33,41,116,118,1,0.00625
82,0,0,0,45,35,122,122,4,0.025
82,1,1,0,44,44,176,173,4,0.025
82,2,2,0,35,28,148,149,1,0.00625
82,3,3,0,41,38,154,156,3,0.01875
82,4,4,0,45,37,164,164,2,0.0125
82,5,5,0,37,44,169,170,3,0.01875
82,6,6,0,39,44,166,163,4,0.025
82,7,7,0,42,42,122,124,4,0.025
82,8,0,1,44,42,165,167,3,0.01875
82,9,1,1,40,45,220,216,5,0.03125
82,10,2,1,36,43,191,193,4,0.025
82,11,3,1,36,34,191,189,4,0.025
82,12,4,1,37,41,197,196,3,0.01875
82,13,5,1,40,45,209,208,3,0.01875
82,14,6,1,38,39,202,205,2,0.0125
82,15,7,1,44,39,164,164,2,0.0125
82,16,0,2,44,44,161,162,3,0.01875
82,17,1,2,36,44,209,210,2,0.0125
82,18,2,2,39,40,188,189,3,0.01875
82,19,3,2,45,39,203,202,3,0.01875
82,20,4,2,44,39,206,204,5,0.03125
82,21,5,2,37,36,210,209,2,0.0125
82,22,6,2,44,38,209,208,6,0.0375
82,23,7,2,42,40,167,170,3,0.01875
82,24,0,3,39,37,150,150,2,0.0125
82,25,1,3,45,44,210,208,5,0.03125
82,26,2,3,44,41,189,191,4,0.025
82,27,3,3,44,42,202,200,4,0.025
82,28,4,3,44,45,205,205,3,0.01875
82,29,5,3,34,43,199,203,1,0.00625
82,30,6,3,39,43,192,196,2,0.0125
82,31,7,3,29,44,155,156,1,0.00625
82,32,0,4,42,37,151,154,1,0.00625
82,33,1,4,31,39,193,193,2,0.0125
82,34,2,4,41,42,178,178,3,0.01875
82,35,3,4,39,44,198,198,2,0.0125
82,36,4,4,36,44,195,193,2,0.0125
82,37,5,4,39,45,203,204,4,0.025
82,38,6,4,42,39,202,208,1,0.00625
82,39,7,4,37,39,161,160,3,0.01875
82,40,0,5,45,37,155,154,4,0.025
82,41,1,5,41,43,206,207,3,0.01875
82,42,2,5,40,33,176,175,1,0.00625
82,43,3,5,44,39,199,197,5,0.03125
82,44,4,5,43,41,201,202,2,0.0125
82,45,5,5,43,34,198,199,2,0.0125
82,46,6,5,39,40,203,205,3,0.01875
82,47,7,5,33,44,154,157,0,0.0
82,48,0,6,41,38,150,150,4,0.025
82,49,1,6,36,43,205,204,4,0.025
82,50,2,6,45,41,189,190,3,0.01875
82,51,3,6,45,40,202,202,4,0.025
82,52,4,6,38,44,198,199,3,0.01875
82,53,5,6,41,45,207,210,1,0.00625
82,54,6,6,40,43,204,206,0,0.0
82,55,7,6,39,44,158,158,1,0.00625
82,56,0,7,45,38,118,121,2,0.0125
82,57,1,7,30,39,150,148,0,0.0
82,58,2,7,40,37,144,141,2,0.0125
82,59,3,7,38,43,156,156,3,0.01875
82,60,4,7,44,44,163,161,6,0.0375
82,61,5,7,45,41,166,167,4,0.025
82,62,6,7,34,45,160,164,0,0.0
82,63,7,7,39,41,116,115,2,0.0125
83,0,0,0,42,39,126,125,4,0.025
83,1,1,0,42,43,173,176,1,0.00625
83,2,2,0,42,37,164,166,1,0.00625
83,3,3,0,43,37,164,162,3,0.01875
83,4,4,0,38,40,164,164,0,0.0
83,5,5,0,44,44,174,170,5,0.03125
83,6,6,0,40,44,167,171,1,0.00625
83,7,7,0,43,30,112,112,2,0.0125
83,8,0,1,44,43,171,171,4,0.025
83,9,1,1,41,44,216,217,3,0.01875
83,10,2,1,35,44,201,201,4,0.025
83,11,3,1,41,39,195,198,2,0.0125
83,12,4,1,45,42,211,210,4,0.025
83,13,5,1,39,40,209,212,0,0.0
83,14,6,1,38,40,206,203,3,0.01875
83,15,7,1,39,41,146,148,2,0.0125
83,16,0,2,45,44,171,172,3,0.01875
83,17,1,2,42,45,216,215,2,0.0125
83,18,2,2,42,42,204,205,0,0.0
83,19,3,2,42,34,198,201,4,0.025
83,20,4,2,42,40,210,211,4,0.025
83,21,5,2,37,43,208,207,4,0.025
83,22,6,2,44,42,207,205,6,0.0375
83,23,7,2,45,36,151,151,3,0.01875
83,24,0,3,39,45,154,155,3,0.01875
83,25,1,3,45,45,208,205,5,0.03125
83,26,2,3,34,37,186,187,2,0.0125
83,27,3,3,44,42,193,195,4,0.025
83,28,4,3,45,43,205,206,3,0.01875
83,29,5,3,32,42,198,197,3,0.01875
83,30,6,3,44,30,185,180,5,0.03125
83,31,7,3,35,44,147,148,0,0.0
83,32,0,4,39,30,149,149,2,0.0125
83,33,1,4,40,43,206,206,2,0.0125
83,34,2,4,36,45,197,198,2,0.0125
83,35,3,4,36,37,188,188,3,0.01875
83,36,4,4,43,44,202,203,2,0.0125
83,37,5,4,46,44,215,214,2,0.0125
83,38,6,4,41,30,201,197,6,0.0375
83,39,7,4,39,43,147,149,1,0.00625
83,40,0,5,37,39,148,148,2,0.0125
83,41,1,5,41,42,195,195,2,0.0125
83,42,2,5,40,37,186,186,2,0.0125
83,43,3,5,32,40,177,180,3,0.01875
83,44,4,5,35,37,178,179,3,0.01875
83,45,5,5,36,42,191,193,2,0.0125
83,46,6,5,43,43,199,197,4,0.025
83,47,7,5,34,39,144,141,3,0.01875
83,48,0,6,45,31,155,156,4,0.025
83,49,1,6,40,39,202,204,2,0.0125
83,50,2,6,38,41,192,189,4,0.025
83,51,3,6,44,38,195,194,4,0.025
83,52,4,6,43,36,198,197,5,0.03125
83,53,5,6,38,36,196,192,3,0.01875
83,54,6,6,46,39,203,203,2,0.0125
83,55,7,6,39,38,154,151,4,0.025
83,56,0,7,42,38,122,122,1,0.00625
83,57,1,7,32,45,160,161,0,0.0
83,58,2,7,31,37,142,146,0,0.0
83,59,3,7,33,38,148,147,2,0.0125
83,60,4,7,44,44,167,167,5,0.03125
83,61,5,7,39,38,165,166,2,0.0125
83,62,6,7,31,38,154,152,2,0.0125
83,63,7,7,42,43,116,114,2,0.0125
84,0,0,0,38,43,123,128,0,0.0
84,1,1,0,38,42,163,163,1,0.00625
84,2,2,0,38,28,151,149,2,0.0125
84,3,3,0,42,33,158,158,3,0.01875
84,4,4,0,40,35,165,164,3,0.01875
84,5,5,0,44,46,172,177,2,0.0125
84,6,6,0,44,42,177,173,4,0.025
84,7,7,0,43,35,121,124,1,0.00625
84,8,0,1,38,44,159,159,4,0.025
84,9,1,1,39,39,194,197,2,0.0125
84,10,2,1,37,40,175,178,3,0.01875
84,11,3,1,43,40,185,182,2,0.0125
84,12,4,1,40,42,192,195,3,0.01875
84,13,5,1,34,40,193,189,2,0.0125
84,14,6,1,41,44,195,195,5,0.03125
84,15,7,1,32,41,150,150,1,0.00625
84,16,0,2,42,32,166,162,4,0.025
84,17,1,2,34,41,205,207,1,0.00625
84,18,2,2,37,40,184,183,3,0.01875
84,19,3,2,47,37,197,194,4,0.025
84,20,4,2,45,41,210,213,1,0.00625
84,21,5,2,46,41,219,219,3,0.01875
84,22,6,2,40,35,205,210,2,0.0125
84,23,7,2,43,40,164,161,5,0.03125
84,24,0,3,40,47,158,158,2,0.0125
84,25,1,3,43,42,195,199,1,0.00625
84,26,2,3,42,38,188,189,2,0.0125
84,27,3,3,34,35,178,179,3,0.01875
84,28,4,3,31,46,181,184,1,0.00625
84,29,5,3,37,46,192,191,2,0.0125
84,30,6,3,43,46,199,203,2,0.0125
84,31,7,3,37,45,162,160,4,0.025
84,32,0,4,43,31,154,154,2,0.0125
84,33,1,4,40,37,199,199,2,0.0125
84,34,2,4,33,46,191,190,1,0.00625
84,35,3,4,38,40,184,185,3,0.01875
84,36,4,4,36,37,183,184,2,0.0125
84,37,5,4,31,35,183,187,1,0.00625
84,38,6,4,33,35,178,182,1,0.00625
84,39,7,4,38,44,157,157,1,0.00625
84,40,0,5,46,38,162,161,4,0.025
84,41,1,5,35,40,195,194,3,0.01875
84,42,2,5,33,42,174,173,4,0.025
84,43,3,5,37,35,175,174,2,0.0125
84,44,4,5,28,36,170,169,3,0.01875
84,45,5,5,43,38,187,182,4,0.025
84,46,6,5,44,33,194,193,3,0.01875
84,47,7,5,36,37,154,155,2,0.0125
84,48,0,6,32,33,153,156,1,0.00625
84,49,1,6,42,44,210,213,2,0.0125
84,50,2,6,43,32,197,202,1,0.00625
84,51,3,6,36,35,198,197,4,0.025
84,52,4,6,39,37,197,200,2,0.0125
84,53,5,6,32,28,189,189,3,0.01875
84,54,6,6,34,40,196,196,1,0.00625
84,55,7,6,47,44,166,166,5,0.03125
84,56,0,7,44,46,132,130,3,0.01875
84,57,1,7,38,37,159,155,2,0.0125
84,58,2,7,37,45,159,156,1,0.00625
84,59,3,7,42,46,163,165,2,0.0125
84,60,4,7,39,36,157,156,3,0.01875
84,61,5,7,43,40,162,164,1,0.00625
84,62,6,7,40,33,154,152,4,0.025
84,63,7,7,43,38,118,118,3,0.01875
85,0,0,0,32,40,112,108,3,0.01875
85,1,1,0,40,44,154,151,2,0.0125
85,2,2,0,39,44,158,160,1,0.00625
85,3,3,0,39,37,153,156,0,0.0
85,4,4,0,45,38,158,157,5,0.03125
85,5,5,0,38,38,156,154,4,0.025
85,6,6,0,45,38,154,156,4,0.025
85,7,7,0,39,42,124,122,2,0.0125
85,8,0,1,38,39,154,155,3,0.01875
85,9,1,1,46,31,196,194,4,0.025
85,10,2,1,39,36,205,203,3,0.01875
85,11,3,1,45,39,200,202,2,0.0125
85,12,4,1,35,39,197,197,3,0.01875
85,13,5,1,44,43,203,201,4,0.025
85,14,6,1,42,38,198,199,4,0.025
85,15,7,1,45,45,175,171,3,0.01875
85,16,0,2,44,41,157,161,3,0.01875
85,17,1,2,46,37,208,205,5,0.03125
85,18,2,2,45,44,215,212,5,0.03125
85,19,3,2,44,38,202,202,5,0.03125
85,20,4,2,43,45,208,204,5,0.03125
85,21,5,2,42,36,195,198,2,0.0125
85,22,6,2,41,40,201,198,4,0.025
85,23,7,2,36,43,161,163,5,0.03125
85,24,0,3,40,36,161,160,2,0.0125
85,25,1,3,34,44,207,208,2,0.0125
85,26,2,3,37,42,201,196,6,0.0375
85,27,3,3,45,44,205,200,5,0.03125
85,28,4,3,44,44,213,209,3,0.01875
85,29,5,3,32,42,200,202,1,0.00625
85,30,6,3,38,44,195,196,2,0.0125
85,31,7,3,41,38,162,165,2,0.0125
85,32,0,4,45,44,164,162,5,0.03125
85,33,1,4,45,41,210,207,5,0.03125
85,34,2,4,43,34,199,198,1,0.00625
85,35,3,4,31,35,182,182,3,0.01875
85,36,4,4,43,42,193,188,4,0.025
85,37,5,4,34,41,195,190,4,0.025
85,38,6,4,34,35,176,174,3,0.01875
85,39,7,4,38,38,151,151,1,0.00625
85,40,0,5,44,35,150,152,2,0.0125
85,41,1,5,31,44,196,196,1,0.00625
85,42,2,5,33,43,187,186,1,0.00625
85,43,3,5,32,40,175,178,0,0.0
85,44,4,5,37,31,173,173,4,0.025
85,45,5,5,41,41,193,198,2,0.0125
85,46,6,5,42,32,185,187,2,0.0125
85,47,7,5,30,33,153,153,1,0.00625
85,48,0,6,43,35,161,159,2,0.0125
85,49,1,6,33,44,206,202,5,0.03125
85,50,2,6,35,34,191,190,2,0.0125
85,51,3,6,36,35,188,191,2,0.0125
85,52,4,6,34,32,187,185,2,0.0125
85,53,5,6,39,39,198,199,3,0.01875
85,54,6,6,40,43,201,200,3,0.01875
85,55,7,6,44,44,169,170,3,0.01875
85,56,0,7,44,44,128,129,3,0.01875
85,57,1,7,43,38,168,170,2,0.0125
85,58,2,7,41,33,156,155,4,0.025
85,59,3,7,40,35,152,150,3,0.01875
85,60,4,7,41,40,155,161,0,0.0
85,61,5,7,38,37,155,156,1,0.00625
85,62,6,7,44,35,156,156,2,0.0125
85,63,7,7,37,38,119,121,2,0.0125
86,0,0,0,45,41,126,127,2,0.0125
86,1,1,0,42,45,170,174,1,0.00625
86,2,2,0,41,40,168,168,0,0.0
86,3,3,0,44,37,167,162,4,0.025
86,4,4,0,44,45,177,175,5,0.03125
86,5,5,0,44,41,172,172,3,0.01875
86,6,6,0,44,39,174,171,4,0.025
86,7,7,0,44,43,134,131,4,0.025
86,8,0,1,39,41,160,162,2,0.0125
86,9,1,1,44,43,211,212,4,0.025
86,10,2,1,40,44,206,205,4,0.025
86,11,3,1,40,42,197,196,4,0.025
86,12,4,1,45,44,214,211,5,0.03125
86,13,5,1,39,44,202,205,0,0.0
86,14,6,1,37,44,199,201,1,0.00625
86,15,7,1,38,44,162,164,2,0.0125
86,16,0,2,45,40,159,157,4,0.025
86,17,1,2,44,40,207,206,4,0.025
86,18,2,2,42,44,202,207,0,0.0
86,19,3,2,41,40,192,197,1,0.00625
86,20,4,2,39,43,202,203,1,0.00625
86,21,5,2,40,43,201,197,4,0.025
86,22,6,2,43,43,195,198,3,0.01875
86,23,7,2,31,37,153,154,3,0.01875
86,24,0,3,40,32,151,153,0,0.0
86,25,1,3,40,45,210,208,4,0.025
86,26,2,3,30,44,190,192,4,0.025
86,27,3,3,44,45,195,197,3,0.01875
86,28,4,3,34,45,206,209,3,0.01875
86,29,5,3,41,43,199,195,4,0.025
86,30,6,3,31,40,191,191,3,0.01875
86,31,7,3,37,41,155,154,2,0.0125
86,32,0,4,42,38,160,163,1,0.00625
86,33,1,4,43,42,214,213,6,0.0375
86,34,2,4,44,38,199,200,4,0.025
86,35,3,4,38,35,188,187,2,0.0125
86,36,4,4,42,44,208,212,3,0.01875
86,37,5,4,40,38,198,198,6,0.0375
86,38,6,4,37,37,194,191,3,0.01875
86,39,7,4,38,36,151,151,3,0.01875
86,40,0,5,45,39,161,160,3,0.01875
86,41,1,5,34,44,205,206,2,0.0125
86,42,2,5,35,43,185,186,3,0.01875
86,43,3,5,41,41,191,190,2,0.0125
86,44,4,5,46,40,204,205,3,0.01875
86,45,5,5,39,44,201,200,2,0.0125
86,46,6,5,46,40,200,200,4,0.025
86,47,7,5,39,35,158,154,4,0.025
86,48,0,6,38,36,161,162,0,0.0
86,49,1,6,42,45,216,217,2,0.0125
86,50,2,6,37,36,196,196,2,0.0125
86,51,3,6,45,36,200,198,4,0.025
86,52,4,6,40,40,212,214,1,0.00625
86,53,5,6,45,42,210,209,4,0.025
86,54,6,6,43,38,212,208,4,0.025
86,55,7,6,44,44,171,172,3,0.01875
86,56,0,7,45,44,132,131,5,0.03125
86,57,1,7,32,41,160,159,1,0.00625
86,58,2,7,37,42,156,156,2,0.0125
86,59,3,7,44,37,163,161,5,0.03125
86,60,4,7,40,42,172,171,2,0.0125
86,61,5,7,43,36,165,163,3,0.01875
86,62,6,7,40,44,168,170,1,0.00625
86,63,7,7,39,41,122,123,2,0.0125
87,0,0,0,43,36,118,116,3,0.01875
87,1,1,0,43,44,169,167,2,0.0125
87,2,2,0,30,34,142,141,2,0.0125
87,3,3,0,31,43,141,145,2,0.0125
87,4,4,0,41,38,149,153,2,0.0125
87,5,5,0,34,41,156,158,2,0.0125
87,6,6,0,43,45,160,163,3,0.01875
87,7,7,0,33,40,117,120,1,0.00625
87,8,0,1,46,40,156,154,3,0.01875
87,9,1,1,44,43,210,209,5,0.03125
87,10,2,1,34,42,191,193,3,0.01875
87,11,3,1,43,32,187,188,2,0.0125
87,12,4,1,35,35,185,188,2,0.0125
87,13,5,1,38,43,196,196,3,0.01875
87,14,6,1,35,37,190,190,2,0.0125
87,15,7,1,34,43,153,154,1,0.00625
87,16,0,2,41,32,149,150,2,0.0125
87,17,1,2,44,42,210,211,5,0.03125
87,18,2,2,32,44,193,193,1,0.00625
87,19,3,2,35,37,185,183,2,0.0125
87,20,4,2,37,41,187,191,1,0.00625
87,21,5,2,37,38,190,194,1,0.00625
87,22,6,2,32,36,192,193,1,0.00625
87,23,7,2,37,37,150,152,2,0.0125
87,24,0,3,35,36,149,145,4,0.025
87,25,1,3,45,42,202,204,4,0.025
87,26,2,3,44,44,206,205,3,0.01875
87,27,3,3,45,34,199,203,2,0.0125
87,28,4,3,42,32,196,196,2,0.0125
87,29,5,3,43,36,201,201,5,0.03125
87,30,6,3,34,39,199,198,2,0.0125
87,31,7,3,42,39,150,149,2,0.0125
87,32,0,4,40,39,159,156,3,0.01875
87,33,1,4,42,32,196,198,3,0.01875
87,34,2,4,33,45,200,201,1,0.00625
87,35,3,4,38,39,195,197,1,0.00625
87,36,4,4,42,45,201,200,4,0.025
87,37,5,4,44,37,205,206,6,0.0375
87,38,6,4,40,43,213,217,0,0.0
87,39,7,4,39,28,154,153,2,0.0125
87,40,0,5,44,43,162,162,4,0.025
87,41,1,5,36,38,202,202,2,0.0125
87,42,2,5,34,43,189,189,3,0.01875
87,43,3,5,41,38,189,188,1,0.00625
87,44,4,5,35,36,183,184,1,0.00625
87,45,5,5,38,40,196,196,2,0.0125
87,46,6,5,43,44,213,208,7,0.04375
87,47,7,5,38,44,167,170,2,0.0125
87,48,0,6,45,36,163,162,2,0.0125
87,49,1,6,39,44,218,216,6,0.0375
87,50,2,6,40,36,193,191,1,0.00625
87,51,3,6,34,32,188,188,5,0.03125
87,52,4,6,38,39,191,188,4,0.025
87,53,5,6,43,36,207,204,5,0.03125
87,54,6,6,45,39,218,219,5,0.03125
87,55,7,6,45,43,175,173,5,0.03125
87,56,0,7,44,45,124,124,2,0.0125
87,57,1,7,40,44,164,164,4,0.025
87,58,2,7,36,36,149,149,2,0.0125
87,59,3,7,35,38,147,152,1,0.00625
87,60,4,7,43,33,148,145,4,0.025
87,61,5,7,44,39,160,159,3,0.01875
87,62,6,7,44,44,170,170,3,0.01875
87,63,7,7,42,45,128,127,2,0.0125
88,0,0,0,41,44,121,123,3,0.01875
88,1,1,0,34,45,158,157,3,0.01875
88,2,2,0,42,41,153,152,3,0.01875
88,3,3,0,38,38,152,152,2,0.0125
88,4,4,0,36,41,150,150,1,0.00625
88,5,5,0,39,41,154,154,2,0.0125
88,6,6,0,36,45,156,158,1,0.00625
88,7,7,0,40,44,121,119,4,0.025
88,8,0,1,39,37,160,162,0,0.0
88,9,1,1,43,41,210,210,3,0.01875
88,10,2,1,45,33,201,198,6,0.0375
88,11,3,1,32,36,191,190,2,0.0125
88,12,4,1,42,36,191,189,4,0.025
88,13,5,1,45,37,203,199,3,0.01875
88,14,6,1,34,40,202,200,4,0.025
88,15,7,1,37,40,152,154,0,0.0
88,16,0,2,38,40,155,155,2,0.0125
88,17,1,2,44,42,206,204,5,0.03125
88,18,2,2,45,44,207,206,2,0.0125
88,19,3,2,44,41,203,201,6,0.0375
88,20,4,2,36,33,189,188,1,0.00625
88,21,5,2,35,39,188,185,3,0.01875
88,22,6,2,30,43,186,187,0,0.0
88,23,7,2,38,35,143,141,3,0.01875
88,24,0,3,36,36,160,162,0,0.0
88,25,1,3,45,38,212,210,3,0.01875
88,26,2,3,44,45,219,219,4,0.025
88,27,3,3,45,40,217,215,4,0.025
88,28,4,3,45,43,219,214,6,0.0375
88,29,5,3,45,36,209,210,1,0.00625
88,30,6,3,42,31,206,207,2,0.0125
88,31,7,3,45,27,157,157,3,0.01875
88,32,0,4,45,45,165,167,2,0.0125
88,33,1,4,39,39,205,205,5,0.03125
88,34,2,4,38,44,197,197,2,0.0125
88,35,3,4,36,44,193,191,3,0.01875
88,36,4,4,45,45,204,202,4,0.025
88,37,5,4,44,45,215,210,8,0.05
88,38,6,4,36,45,210,210,3,0.01875
88,39,7,4,38,44,158,159,2,0.0125
88,40,0,5,44,35,158,158,3,0.01875
88,41,1,5,40,45,207,205,2,0.0125
88,42,2,5,38,38,192,191,4,0.025
88,43,3,5,39,33,187,186,5,0.03125
88,44,4,5,36,35,192,192,3,0.01875
88,45,5,5,37,45,193,193,1,0.00625
88,46,6,5,35,44,194,196,3,0.01875
88,47,7,5,35,36,147,147,3,0.01875
88,48,0,6,44,34,166,163,4,0.025
88,49,1,6,41,44,213,216,2,0.0125
88,50,2,6,42,38,204,204,4,0.025
88,51,3,6,40,37,202,202,5,0.03125
88,52,4,6,41,38,207,207,2,0.0125
88,53,5,6,43,37,206,209,4,0.025
88,54,6,6,42,35,205,206,3,0.01875
88,55,7,6,40,36,158,161,2,0.0125
88,56,0,7,44,45,130,133,2,0.0125
88,57,1,7,39,42,167,169,0,0.0
88,58,2,7,42,41,164,165,1,0.00625
88,59,3,7,45,41,170,165,4,0.025
88,60,4,7,42,40,167,166,3,0.01875
88,61,5,7,45,43,172,169,4,0.025
88,62,6,7,38,42,165,164,3,0.01875
88,63,7,7,38,42,121,120,3,0.01875
89,0,0,0,38,39,119,121,1,0.00625
89,1,1,0,45,39,167,167,5,0.03125
89,2,2,0,45,38,170,169,2,0.0125
89,3,3,0,36,41,163,163,2,0.0125
89,4,4,0,39,42,158,160,2,0.0125
89,5,5,0,45,44,170,168,4,0.025
89,6,6,0,31,44,161,161,1,0.00625
89,7,7,0,44,40,116,116,4,0.025
89,8,0,1,31,41,152,151,1,0.00625
89,9,1,1,42,42,194,196,1,0.00625
89,10,2,1,33,45,201,206,1,0.00625
89,11,3,1,41,45,206,206,3,0.01875
89,12,4,1,33,36,192,195,1,0.00625
89,13,5,1,44,38,205,206,3,0.01875
89,14,6,1,35,41,208,208,2,0.0125
89,15,7,1,46,32,154,150,4,0.025
89,16,0,2,42,41,159,157,2,0.0125
89,17,1,2,43,31,187,193,0,0.0
89,18,2,2,43,44,203,202,3,0.01875
89,19,3,2,44,38,200,201,4,0.025
89,20,4,2,39,42,202,200,1,0.00625
89,21,5,2,41,37,195,196,1,0.00625
89,22,6,2,42,44,208,204,4,0.025
89,23,7,2,36,33,151,151,3,0.01875
89,24,0,3,32,36,150,151,3,0.01875
89,25,1,3,44,43,201,202,4,0.025
89,26,2,3,45,42,210,212,4,0.025
89,27,3,3,44,43,215,214,3,0.01875
89,28,4,3,44,44,217,216,5,0.03125
89,29,5,3,44,37,210,211,3,0.01875
89,30,6,3,40,43,215,214,4,0.025
89,31,7,3,38,38,161,162,2,0.0125
89,32,0,4,44,44,170,167,4,0.025
89,33,1,4,45,32,197,199,2,0.0125
89,34,2,4,40,44,206,205,3,0.01875
89,35,3,4,38,45,208,207,4,0.025
89,36,4,4,44,44,209,208,3,0.01875
89,37,5,4,44,44,215,218,4,0.025
89,38,6,4,36,44,203,204,2,0.0125
89,39,7,4,39,41,155,156,1,0.00625
89,40,0,5,45,41,166,166,4,0.025
89,41,1,5,45,44,214,215,3,0.01875
89,42,2,5,45,45,210,208,4,0.025
89,43,3,5,44,43,216,214,3,0.01875
89,44,4,5,41,37,203,200,4,0.025
89,45,5,5,41,44,212,213,3,0.01875
89,46,6,5,41,44,214,216,1,0.00625
89,47,7,5,43,33,160,159,1,0.00625
89,48,0,6,31,43,152,156,1,0.00625
89,49,1,6,33,45,193,191,5,0.03125
89,50,2,6,44,42,200,199,4,0.025
89,51,3,6,42,44,213,213,2,0.0125
89,52,4,6,34,44,202,205,0,0.0
89,53,5,6,40,38,195,195,3,0.01875
89,54,6,6,36,44,203,206,2,0.0125
89,55,7,6,37,42,162,163,0,0.0
89,56,0,7,37,40,117,115,1,0.00625
89,57,1,7,35,35,148,148,1,0.00625
89,58,2,7,45,36,153,153,3,0.01875
89,59,3,7,40,44,166,166,3,0.01875
89,60,4,7,45,43,166,168,3,0.01875
89,61,5,7,41,36,158,162,1,0.00625
89,62,6,7,44,42,167,170,0,0.0
89,63,7,7,39,38,122,123,2,0.0125
90,0,0,0,45,31,122,121,1,0.00625
90,1,1,0,38,40,167,170,1,0.00625
90,2,2,0,33,31,151,155,1,0.00625
90,3,3,0,36,45,165,165,2,0.0125
90,4,4,0,44,40,170,167,2,0.0125
90,5,5,0,43,47,176,178,2,0.0125
90,6,6,0,42,39,172,169,3,0.01875
90,7,7,0,46,35,120,122,3,0.01875
90,8,0,1,40,46,158,156,4,0.025
90,9,1,1,37,42,202,202,2,0.0125
90,10,2,1,39,40,185,183,3,0.01875
90,11,3,1,39,40,196,193,3,0.01875
90,12,4,1,39,38,196,193,4,0.025
90,13,5,1,31,43,199,199,4,0.025
90,14,6,1,39,43,195,193,6,0.0375
90,15,7,1,38,39,149,150,2,0.0125
90,16,0,2,41,40,146,149,1,0.00625
90,17,1,2,36,40,196,193,2,0.0125
90,18,2,2,38,37,180,181,2,0.0125
90,19,3,2,28,34,181,182,2,0.0125
90,20,4,2,35,36,182,180,5,0.03125
90,21,5,2,45,35,196,194,4,0.025
90,22,6,2,44,33,197,194,5,0.03125
90,23,7,2,35,37,147,148,2,0.0125
90,24,0,3,44,35,143,140,4,0.025
90,25,1,3,42,42,201,200,3,0.01875
90,26,2,3,37,39,186,186,3,0.01875
90,27,3,3,43,38,198,199,2,0.0125
90,28,4,3,30,34,181,188,1,0.00625
90,29,5,3,36,34,187,186,3,0.01875
90,30,6,3,34,43,189,191,1,0.00625
90,31,7,3,39,44,149,148,2,0.0125
90,32,0,4,35,33,141,144,2,0.0125
90,33,1,4,36,40,200,201,1,0.00625
90,34,2,4,39,42,197,198,2,0.0125
90,35,3,4,45,40,210,210,5,0.03125
90,36,4,4,45,43,215,218,3,0.01875
90,37,5,4,36,35,204,207,2,0.0125
90,38,6,4,40,37,199,196,3,0.01875
90,39,7,4,46,36,154,149,6,0.0375
90,40,0,5,47,42,158,159,3,0.01875
90,41,1,5,45,39,212,210,4,0.025
90,42,2,5,33,39,190,196,1,0.00625
90,43,3,5,37,40,194,196,2,0.0125
90,44,4,5,31,45,200,202,2,0.0125
90,45,5,5,42,45,207,206,2,0.0125
90,46,6,5,42,41,204,205,2,0.0125
90,47,7,5,42,38,152,154,3,0.01875
90,48,0,6,35,41,137,136,2,0.0125
90,49,1,6,40,47,187,188,3,0.01875
90,50,2,6,38,46,189,189,3,0.01875
90,51,3,6,36,34,183,186,3,0.01875
90,52,4,6,46,41,193,191,4,0.025
90,53,5,6,40,37,194,195,2,0.0125
90,54,6,6,40,39,193,194,2,0.0125
90,55,7,6,32,41,144,144,1,0.00625
90,56,0,7,39,36,101,101,2,0.0125
90,57,1,7,34,31,131,131,1,0.00625
90,58,2,7,39,37,142,140,2,0.0125
90,59,3,7,41,42,151,152,3,0.01875
90,60,4,7,41,38,148,148,3,0.01875
90,61,5,7,42,41,156,154,4,0.025
90,62,6,7,32,39,145,141,3,0.01875
90,63,7,7,31,41,101,99,2,0.0125
91,0,0,0,39,35,120,120,1,0.00625
91,1,1,0,33,38,155,152,3,0.01875
91,2,2,0,42,34,150,148,2,0.0125
91,3,3,0,32,31,144,141,3,0.01875
91,4,4,0,35,44,152,156,1,0.00625
91,5,5,0,44,40,166,165,3,0.01875
91,6,6,0,41,44,173,174,2,0.0125
91,7,7,0,44,39,127,124,5,0.03125
91,8,0,1,39,44,155,157,1,0.00625
91,9,1,1,43,41,194,193,3,0.01875
91,10,2,1,39,32,185,187,3,0.01875
91,11,3,1,41,35,185,186,3,0.01875
91,12,4,1,44,32,196,197,3,0.01875
91,13,5,1,41,36,193,194,3,0.01875
91,14,6,1,43,44,207,207,5,0.03125
91,15,7,1,38,43,166,166,2,0.0125
91,16,0,2,35,41,154,152,3,0.01875
91,17,1,2,38,38,186,190,0,0.0
91,18,2,2,35,40,190,189,3,0.01875
91,19,3,2,40,41,193,190,6,0.0375
91,20,4,2,44,43,206,205,4,0.025
91,21,5,2,44,44,216,214,7,0.04375
91,22,6,2,44,39,210,214,3,0.01875
91,23,7,2,43,44,173,171,2,0.0125
91,24,0,3,43,42,165,169,1,0.00625
91,25,1,3,32,33,187,191,2,0.0125
91,26,2,3,33,37,184,185,2,0.0125
91,27,3,3,42,40,191,195,1,0.00625
91,28,4,3,43,35,212,207,5,0.03125
91,29,5,3,34,44,203,204,3,0.01875
91,30,6,3,36,44,204,201,4,0.025
91,31,7,3,45,44,166,168,2,0.0125
91,32,0,4,42,45,168,164,5,0.03125
91,33,1,4,39,45,199,198,3,0.01875
91,34,2,4,46,37,195,193,4,0.025
91,35,3,4,42,34,192,193,3,0.01875
91,36,4,4,45,45,216,216,4,0.025
91,37,5,4,36,38,201,203,3,0.01875
91,38,6,4,44,36,201,201,4,0.025
91,39,7,4,36,34,159,161,2,0.0125
91,40,0,5,39,43,167,165,4,0.025
91,41,1,5,45,39,202,203,2,0.0125
91,42,2,5,31,37,192,190,2,0.0125
91,43,3,5,38,42,188,191,1,0.00625
91,44,4,5,41,42,202,203,1,0.00625
91,45,5,5,44,45,211,207,5,0.03125
91,46,6,5,42,35,207,206,2,0.0125
91,47,7,5,41,44,170,169,3,0.01875
91,48,0,6,44,43,162,161,2,0.0125
91,49,1,6,44,39,203,202,4,0.025
91,50,2,6,36,44,195,193,4,0.025
91,51,3,6,38,33,176,176,3,0.01875
91,52,4,6,44,37,198,196,5,0.03125
91,53,5,6,36,35,195,194,2,0.0125
91,54,6,6,44,45,204,202,3,0.01875
91,55,7,6,40,41,166,162,5,0.03125
91,56,0,7,36,32,110,112,1,0.00625
91,57,1,7,38,45,158,155,3,0.01875
91,58,2,7,35,44,155,154,2,0.0125
91,59,3,7,42,32,148,151,1,0.00625
91,60,4,7,44,37,167,164,4,0.025
91,61,5,7,44,44,174,173,4,0.025
91,62,6,7,43,37,164,162,5,0.03125
91,63,7,7,41,41,125,126,3,0.01875
92,0,0,0,45,44,132,131,1,0.00625
92,1,1,0,34,40,164,165,3,0.01875
92,2,2,0,42,38,164,164,2,0.0125
92,3,3,0,43,42,177,177,4,0.025
92,4,4,0,31,43,161,160,2,0.0125
92,5,5,0,44,44,165,165,4,0.025
92,6,6,0,38,34,160,160,2,0.0125
92,7,7,0,44,44,123,126,2,0.0125
92,8,0,1,37,44,168,166,4,0.025
92,9,1,1,43,42,205,207,3,0.01875
92,10,2,1,43,39,206,202,5,0.03125
92,11,3,1,42,45,214,215,2,0.0125
92,12,4,1,36,41,207,206,5,0.03125
92,13,5,1,35,31,194,193,3,0.01875
92,14,6,1,35,44,193,199,0,0.0
92,15,7,1,40,35,157,158,1,0.00625
92,16,0,2,40,40,166,167,2,0.0125
92,17,1,2,41,35,200,198,1,0.00625
92,18,2,2,37,45,204,202,3,0.01875
92,19,3,2,37,41,195,199,2,0.0125
92,20,4,2,44,41,206,208,3,0.01875
92,21,5,2,36,38,198,204,0,0.0
92,22,6,2,41,39,195,195,3,0.01875
92,23,7,2,39,37,166,166,4,0.025
92,24,0,3,39,44,172,169,3,0.01875
92,25,1,3,38,40,203,201,2,0.0125
92,26,2,3,38,41,196,194,3,0.01875
92,27,3,3,34,34,195,192,3,0.01875
92,28,4,3,41,38,199,202,2,0.0125
92,29,5,3,28,44,200,201,2,0.0125
92,30,6,3,47,39,190,190,3,0.01875
92,31,7,3,42,44,175,173,2,0.0125
92,32,0,4,38,44,155,161,1,0.00625
92,33,1,4,43,38,197,194,5,0.03125
92,34,2,4,45,34,189,189,3,0.01875
92,35,3,4,45,35,199,198,3,0.01875
92,36,4,4,38,36,195,194,2,0.0125
92,37,5,4,40,42,197,197,1,0.00625
92,38,6,4,45,28,178,176,5,0.03125
92,39,7,4,35,44,164,168,0,0.0
92,40,0,5,45,33,161,162,4,0.025
92,41,1,5,45,40,216,216,3,0.01875
92,42,2,5,39,42,205,204,4,0.025
92,43,3,5,39,45,204,202,2,0.0125
92,44,4,5,38,45,205,203,3,0.01875
92,45,5,5,45,43,209,213,3,0.01875
92,46,6,5,40,38,198,198,3,0.01875
92,47,7,5,42,45,173,173,2,0.0125
92,48,0,6,36,43,159,160,2,0.0125
92,49,1,6,45,45,202,203,5,0.03125
92,50,2,6,41,45,204,207,1,0.00625
92,51,3,6,37,35,195,193,4,0.025
92,52,4,6,42,36,199,202,1,0.00625
92,53,5,6,40,38,206,206,2,0.0125
92,54,6,6,42,44,200,200,3,0.01875
92,55,7,6,39,43,169,171,2,0.0125
92,56,0,7,41,37,121,121,1,0.00625
92,57,1,7,33,36,156,159,1,0.00625
92,58,2,7,40,45,161,166,1,0.00625
92,59,3,7,44,42,170,168,2,0.0125
92,60,4,7,45,35,162,163,4,0.025
92,61,5,7,35,44,160,163,2,0.0125
92,62,6,7,44,40,159,159,5,0.03125
92,63,7,7,39,43,124,126,1,0.00625
93,0,0,0,40,38,120,121,1,0.00625
93,1,1,0,31,40,152,151,2,0.0125
93,2,2,0,43,34,149,149,2,0.0125
93,3,3,0,27,39,148,152,1,0.00625
93,4,4,0,37,44,150,147,4,0.025
93,5,5,0,39,45,159,159,2,0.0125
93,6,6,0,42,38,163,162,2,0.0125
93,7,7,0,38,42,124,124,1,0.00625
93,8,0,1,39,42,158,158,4,0.025
93,9,1,1,36,42,198,195,5,0.03125
93,10,2,1,40,29,173,179,0,0.0
93,11,3,1,43,41,207,205,6,0.0375
93,12,4,1,29,29,185,186,3,0.01875
93,13,5,1,33,35,179,182,1,0.00625
93,14,6,1,35,44,186,182,3,0.01875
93,15,7,1,41,43,158,157,3,0.01875
93,16,0,2,31,38,142,143,1,0.00625
93,17,1,2,45,41,194,192,3,0.01875
93,18,2,2,41,34,181,184,1,0.00625
93,19,3,2,46,42,201,200,2,0.0125
93,20,4,2,42,43,206,207,3,0.01875
93,21,5,2,41,32,193,192,3,0.01875
93,22,6,2,35,34,174,175,2,0.0125
93,23,7,2,31,32,136,138,2,0.0125
93,24,0,3,34,31,143,144,3,0.01875
93,25,1,3,45,34,193,190,3,0.01875
93,26,2,3,40,45,198,198,3,0.01875
93,27,3,3,38,42,194,195,0,0.0
93,28,4,3,42,44,208,204,5,0.03125
93,29,5,3,41,45,211,207,5,0.03125
93,30,6,3,35,39,190,191,2,0.0125
93,31,7,3,41,33,152,151,2,0.0125
93,32,0,4,33,40,150,148,2,0.0125
93,33,1,4,40,34,186,187,3,0.01875
93,34,2,4,29,44,185,185,3,0.01875
93,35,3,4,43,40,192,192,3,0.01875
93,36,4,4,45,36,206,205,4,0.025
93,37,5,4,41,41,209,208,2,0.0125
93,38,6,4,44,38,197,199,3,0.01875
93,39,7,4,42,37,163,160,4,0.025
93,40,0,5,43,36,159,160,3,0.01875
93,41,1,5,45,32,203,202,4,0.025
93,42,2,5,45,42,203,201,5,0.03125
93,43,3,5,40,32,199,196,3,0.01875
93,44,4,5,41,43,212,213,2,0.0125
93,45,5,5,41,40,213,210,3,0.01875
93,46,6,5,45,40,206,204,4,0.025
93,47,7,5,40,44,170,171,2,0.0125
93,48,0,6,45,42,164,163,2,0.0125
93,49,1,6,45,44,215,213,4,0.025
93,50,2,6,34,45,193,192,5,0.03125
93,51,3,6,44,45,201,198,5,0.03125
93,52,4,6,46,40,212,211,5,0.03125
93,53,5,6,39,44,212,212,3,0.01875
93,54,6,6,42,41,200,198,4,0.025
93,55,7,6,42,43,165,163,5,0.03125
93,56,0,7,41,39,119,118,1,0.00625
93,57,1,7,32,44,155,155,1,0.00625
93,58,2,7,40,45,155,151,3,0.01875
93,59,3,7,40,33,151,153,2,0.0125
93,60,4,7,42,44,167,170,2,0.0125
93,61,5,7,34,44,163,165,0,0.0
93,62,6,7,40,39,151,154,3,0.01875
93,63,7,7,41,41,123,121,3,0.01875
94,0,0,0,38,42,112,109,2,0.0125
94,1,1,0,41,38,145,145,3,0.01875
94,2,2,0,33,36,137,138,1,0.00625
94,3,3,0,43,38,144,143,1,0.00625
94,4,4,0,42,34,147,149,2,0.0125
94,5,5,0,35,39,146,149,1,0.00625
94,6,6,0,43,40,148,150,3,0.01875
94,7,7,0,32,32,106,105,2,0.0125
94,8,0,1,43,34,159,161,2,0.0125
94,9,1,1,31,36,189,189,3,0.01875
94,10,2,1,46,37,200,195,5,0.03125
94,11,3,1,38,37,194,199,1,0.00625
94,12,4,1,38,39,194,198,0,0.0
94,13,5,1,34,42,196,198,1,0.00625
94,14,6,1,36,35,193,194,3,0.01875
94,15,7,1,45,43,157,154,5,0.03125
94,16,0,2,37,42,160,157,3,0.01875
94,17,1,2,41,41,192,193,2,0.0125
94,18,2,2,35,36,190,189,3,0.01875
94,19,3,2,42,44,198,198,2,0.0125
94,20,4,2,37,41,200,196,4,0.025
94,21,5,2,42,36,194,195,1,0.00625
94,22,6,2,37,35,197,199,1,0.00625
94,23,7,2,40,39,150,150,2,0.0125
94,24,0,3,45,38,165,164,3,0.01875
94,25,1,3,44,35,197,201,3,0.01875
94,26,2,3,39,40,204,204,2,0.0125
94,27,3,3,41,36,193,194,1,0.00625
94,28,4,3,40,44,200,200,3,0.01875
94,29,5,3,41,36,193,196,3,0.01875
94,30,6,3,37,43,204,206,2,0.0125
94,31,7,3,38,38,147,147,2,0.0125
94,32,0,4,40,40,162,162,2,0.0125
94,33,1,4,33,44,191,194,1,0.00625
94,34,2,4,39,44,193,195,1,0.00625
94,35,3,4,44,39,193,194,4,0.025
94,36,4,4,38,40,196,196,3,0.01875
94,37,5,4,38,40,192,193,1,0.00625
94,38,6,4,41,44,202,200,3,0.01875
94,39,7,4,35,38,150,150,4,0.025
94,40,0,5,41,40,168,168,2,0.0125
94,41,1,5,44,41,203,204,4,0.025
94,42,2,5,44,35,205,205,4,0.025
94,43,3,5,44,36,205,206,6,0.0375
94,44,4,5,37,45,207,206,3,0.01875
94,45,5,5,40,41,197,198,4,0.025
94,46,6,5,45,39,210,211,4,0.025
94,47,7,5,43,42,161,163,0,0.0
94,48,0,6,44,41,173,173,3,0.01875
94,49,1,6,39,42,205,207,2,0.0125
94,50,2,6,44,44,212,213,3,0.01875
94,51,3,6,45,44,210,212,5,0.03125
94,52,4,6,45,44,212,210,5,0.03125
94,53,5,6,41,36,199,201,2,0.0125
94,54,6,6,40,41,204,204,4,0.025
94,55,7,6,42,44,161,161,2,0.0125
94,56,0,7,37,43,121,123,1,0.00625
94,57,1,7,44,45,166,165,2,0.0125
94,58,2,7,36,43,163,164,1,0.00625
94,59,3,7,38,44,161,161,2,0.0125
94,60,4,7,39,45,168,165,3,0.01875
94,61,5,7,41,45,166,165,1,0.00625
94,62,6,7,33,40,163,161,4,0.025
94,63,7,7,45,42,119,120,1,0.00625
95,0,0,0,44,44,130,130,2,0.0125
95,1,1,0,35,41,163,166,1,0.00625
95,2,2,0,36,44,160,158,2,0.0125
95,3,3,0,43,41,163,162,2,0.0125
95,4,4,0,40,45,175,173,3,0.01875
95,5,5,0,46,41,174,171,2,0.0125
95,6,6,0,42,40,166,167,2,0.0125
95,7,7,0,45,43,130,132,1,0.00625
95,8,0,1,38,40,165,165,2,0.0125
95,9,1,1,47,44,215,215,4,0.025
95,10,2,1,44,38,214,214,4,0.025
95,11,3,1,37,33,202,198,4,0.025
95,12,4,1,41,45,209,207,2,0.0125
95,13,5,1,33,44,203,200,1,0.00625
95,14,6,1,39,41,194,192,4,0.025
95,15,7,1,44,43,168,168,6,0.0375
95,16,0,2,33,44,163,165,3,0.01875
95,17,1,2,42,38,198,197,3,0.01875
95,18,2,2,33,42,203,205,1,0.00625
95,19,3,2,41,44,201,200,4,0.025
95,20,4,2,37,33,197,199,4,0.025
95,21,5,2,39,39,204,204,0,0.0
95,22,6,2,45,32,200,197,4,0.025
95,23,7,2,46,37,166,167,1,0.00625
95,24,0,3,43,42,164,165,4,0.025
95,25,1,3,35,35,196,192,5,0.03125
95,26,2,3,37,41,194,196,2,0.0125
95,27,3,3,37,33,185,183,1,0.00625
95,28,4,3,45,39,201,204,2,0.0125
95,29,5,3,34,38,199,198,2,0.0125
95,30,6,3,36,42,188,188,2,0.0125
95,31,7,3,38,43,162,163,2,0.0125
95,32,0,4,40,37,155,155,1,0.00625
95,33,1,4,37,43,200,196,4,0.025
95,34,2,4,44,35,199,199,3,0.01875
95,35,3,4,45,36,204,204,4,0.025
95,36,4,4,36,36,198,202,2,0.0125
95,37,5,4,38,45,205,206,2,0.0125
95,38,6,4,37,35,190,196,1,0.00625
95,39,7,4,37,37,159,159,2,0.0125
95,40,0,5,42,37,159,158,3,0.01875
95,41,1,5,41,37,204,206,3,0.01875
95,42,2,5,44,35,208,208,5,0.03125
95,43,3,5,42,45,209,209,2,0.0125
95,44,4,5,40,44,207,209,2,0.0125
95,45,5,5,37,39,200,199,5,0.03125
95,46,6,5,45,41,198,200,2,0.0125
95,47,7,5,42,41,172,169,3,0.01875
95,48,0,6,42,40,161,162,2,0.0125
95,49,1,6,43,40,212,209,5,0.03125
95,50,2,6,44,43,214,213,5,0.03125
95,51,3,6,44,44,213,214,1,0.00625
95,52,4,6,42,42,215,214,5,0.03125
95,53,5,6,28,39,196,195,3,0.01875
95,54,6,6,38,36,186,187,2,0.0125
95,55,7,6,36,45,165,169,1,0.00625
95,56,0,7,46,41,126,123,3,0.01875
95,57,1,7,41,42,167,168,1,0.00625
95,58,2,7,42,39,163,160,5,0.03125
95,59,3,7,46,44,169,165,4,0.025
95,60,4,7,44,44,167,169,3,0.01875
95,61,5,7,39,42,162,161,2,0.0125
95,62,6,7,45,32,144,146,2,0.0125
95,63,7,7,29,41,116,119,0,0.0
96,0,0,0,42,28,111,114,2,0.0125
96,1,1,0,40,45,166,166,2,0.0125
96,2,2,0,44,40,163,163,2,0.0125
96,3,3,0,39,37,159,159,3,0.01875
96,4,4,0,38,38,154,154,4,0.025
96,5,5,0,38,46,161,163,0,0.0
96,6,6,0,33,40,156,155,0,0.0
96,7,7,0,39,37,108,107,2,0.0125
96,8,0,1,42,41,152,152,3,0.01875
96,9,1,1,46,44,212,213,4,0.025
96,10,2,1,29,37,193,192,4,0.025
96,11,3,1,39,43,190,192,2,0.0125
96,12,4,1,43,39,198,197,3,0.01875
96,13,5,1,43,39,209,207,4,0.025
96,14,6,1,44,41,204,205,4,0.025
96,15,7,1,39,33,150,152,4,0.025
96,16,0,2,39,41,150,152,1,0.00625
96,17,1,2,41,43,211,211,4,0.025
96,18,2,2,43,46,219,217,2,0.0125
96,19,3,2,41,34,200,200,4,0.025
96,20,4,2,38,44,203,205,2,0.0125
96,21,5,2,40,42,211,207,6,0.0375
96,22,6,2,38,38,205,203,3,0.01875
96,23,7,2,48,43,170,167,6,0.0375
96,24,0,3,34,47,145,144,2,0.0125
96,25,1,3,37,37,186,187,2,0.0125
96,26,2,3,35,42,190,186,5,0.03125
96,27,3,3,38,39,185,188,1,0.00625
96,28,4,3,33,42,182,181,3,0.01875
96,29,5,3,38,37,187,190,1,0.00625
96,30,6,3,36,35,185,179,3,0.01875
96,31,7,3,32,40,139,142,0,0.0
96,32,0,4,33,37,138,138,1,0.00625
96,33,1,4,43,36,196,198,2,0.0125
96,34,2,4,45,38,208,205,3,0.01875
96,35,3,4,45,35,209,207,5,0.03125
96,36,4,4,38,39,197,195,3,0.01875
96,37,5,4,37,33,193,189,4,0.025
96,38,6,4,45,36,197,193,3,0.01875
96,39,7,4,45,35,154,154,2,0.0125
96,40,0,5,47,40,160,162,2,0.0125
96,41,1,5,43,35,216,210,6,0.0375
96,42,2,5,40,44,212,216,2,0.0125
96,43,3,5,38,45,213,214,3,0.01875
96,44,4,5,38,45,203,201,3,0.01875
96,45,5,5,37,33,201,205,0,0.0
96,46,6,5,30,34,190,192,0,0.0
96,47,7,5,45,40,154,157,1,0.00625
96,48,0,6,44,47,157,153,4,0.025
96,49,1,6,38,47,203,208,2,0.0125
96,50,2,6,42,41,200,199,5,0.03125
96,51,3,6,42,45,205,205,4,0.025
96,52,4,6,34,39,179,184,2,0.0125
96,53,5,6,41,41,197,196,4,0.025
96,54,6,6,45,40,191,192,2,0.0125
96,55,7,6,38,37,151,149,2,0.0125
96,56,0,7,40,35,106,108,1,0.00625
96,57,1,7,43,43,158,155,3,0.01875
96,58,2,7,40,40,149,153,2,0.0125
96,59,3,7,32,44,146,145,4,0.025
96,60,4,7,47,42,151,150,4,0.025
96,61,5,7,38,38,153,155,1,0.00625
96,62,6,7,36,36,147,144,5,0.03125
96,63,7,7,34,40,111,108,1,0.00625
97,0,0,0,37,32,102,102,0,0.0
97,1,1,0,38,41,155,151,4,0.025
97,2,2,0,34,45,151,153,1,0.00625
97,3,3,0,41,44,157,157,2,0.0125
97,4,4,0,40,30,146,147,1,0.00625
97,5,5,0,43,44,161,157,5,0.03125
97,6,6,0,34,40,149,147,5,0.03125
97,7,7,0,34,44,111,112,1,0.00625
97,8,0,1,38,36,143,144,2,0.0125
97,9,1,1,38,37,196,195,4,0.025
97,10,2,1,38,39,195,199,1,0.00625
97,11,3,1,39,36,196,196,2,0.0125
97,12,4,1,45,42,193,191,4,0.025
97,13,5,1,44,35,208,209,4,0.025
97,14,6,1,37,40,201,201,1,0.00625
97,15,7,1,39,32,155,153,4,0.025
97,16,0,2,44,41,160,159,2,0.0125
97,17,1,2,30,41,200,201,1,0.00625
97,18,2,2,37,38,197,195,2,0.0125
97,19,3,2,39,34,204,206,3,0.01875
97,20,4,2,37,35,191,191,3,0.01875
97,21,5,2,45,45,214,215,2,0.0125
97,22,6,2,34,44,203,207,2,0.0125
97,23,7,2,43,39,158,160,3,0.01875
97,24,0,3,35,44,150,152,1,0.00625
97,25,1,3,30,42,192,193,3,0.01875
97,26,2,3,38,34,183,187,2,0.0125
97,27,3,3,42,42,207,202,4,0.025
97,28,4,3,40,44,197,198,2,0.0125
97,29,5,3,38,37,202,200,2,0.0125
97,30,6,3,35,45,197,200,3,0.01875
97,31,7,3,42,35,158,157,1,0.00625
97,32,0,4,46,38,156,155,2,0.0125
97,33,1,4,42,37,208,207,4,0.025
97,34,2,4,34,30,190,193,1,0.00625
97,35,3,4,43,40,198,201,3,0.01875
97,36,4,4,40,40,193,192,3,0.01875
97,37,5,4,40,42,198,197,6,0.0375
97,38,6,4,44,36,195,194,5,0.03125
97,39,7,4,34,36,157,158,1,0.00625
97,40,0,5,45,41,153,151,4,0.025
97,41,1,5,43,44,204,209,4,0.025
97,42,2,5,42,42,204,203,1,0.00625
97,43,3,5,28,35,181,183,2,0.0125
97,44,4,5,43,44,183,185,3,0.01875
97,45,5,5,42,39,203,198,7,0.04375
97,46,6,5,42,38,194,192,0,0.0
97,47,7,5,33,44,160,159,1,0.00625
97,48,0,6,44,34,151,151,5,0.03125
97,49,1,6,46,45,221,217,6,0.0375
97,50,2,6,35,43,207,211,2,0.0125
97,51,3,6,43,40,207,207,3,0.01875
97,52,4,6,41,32,196,196,1,0.00625
97,53,5,6,33,40,202,202,2,0.0125
97,54,6,6,40,39,207,204,5,0.03125
97,55,7,6,44,38,166,168,2,0.0125
97,56,0,7,45,43,118,117,2,0.0125
97,57,1,7,44,44,163,163,4,0.025
97,58,2,7,45,44,168,165,4,0.025
97,59,3,7,32,36,145,149,0,0.0
97,60,4,7,45,44,158,157,5,0.03125
97,61,5,7,46,39,163,160,3,0.01875
97,62,6,7,40,36,152,154,2,0.0125
97,63,7,7,34,43,118,118,3,0.01875
98,0,0,0,42,41,117,117,2,0.0125
98,1,1,0,43,42,159,161,3,0.01875
98,2,2,0,37,40,156,155,2,0.0125
98,3,3,0,42,44,157,156,4,0.025
98,4,4,0,44,42,158,158,3,0.01875
98,5,5,0,37,45,156,158,2,0.0125
98,6,6,0,43,45,157,155,4,0.025
98,7,7,0,32,38,113,111,2,0.0125
98,8,0,1,33,35,154,153,1,0.00625
98,9,1,1,36,40,199,200,2,0.0125
98,10,2,1,40,44,209,209,2,0.0125
98,11,3,1,42,39,209,206,3,0.01875
98,12,4,1,42,40,210,213,1,0.00625
98,13,5,1,44,44,220,219,3,0.01875
98,14,6,1,39,38,211,213,1,0.00625
98,15,7,1,44,42,165,167,5,0.03125
98,16,0,2,37,41,160,160,2,0.0125
98,17,1,2,42,32,191,193,1,0.00625
98,18,2,2,42,40,197,196,5,0.03125
98,19,3,2,39,43,204,199,5,0.03125
98,20,4,2,42,41,197,197,3,0.01875
98,21,5,2,40,44,210,211,4,0.025
98,22,6,2,40,44,209,206,6,0.0375
98,23,7,2,37,41,155,155,3,0.01875
98,24,0,3,41,38,156,154,4,0.025
98,25,1,3,40,39,194,193,3,0.01875
98,26,2,3,38,37,189,189,3,0.01875
98,27,3,3,33,37,190,192,3,0.01875
98,28,4,3,44,33,190,190,4,0.025
98,29,5,3,41,42,205,206,0,0.0
98,30,6,3,38,43,202,203,1,0.00625
98,31,7,3,36,37,148,144,3,0.01875
98,32,0,4,43,34,160,158,4,0.025
98,33,1,4,46,39,205,207,3,0.01875
98,34,2,4,39,39,199,198,2,0.0125
98,35,3,4,40,37,201,199,4,0.025
98,36,4,4,43,36,204,203,2,0.0125
98,37,5,4,38,42,215,216,3,0.01875
98,38,6,4,43,43,216,219,2,0.0125
98,39,7,4,45,37,165,163,3,0.01875
98,40,0,5,37,39,152,151,5,0.03125
98,41,1,5,42,43,202,201,1,0.00625
98,42,2,5,45,43,204,203,3,0.01875
98,43,3,5,40,40,203,200,4,0.025
98,44,4,5,41,39,195,194,5,0.03125
98,45,5,5,42,44,204,208,1,0.00625
98,46,6,5,39,42,205,205,3,0.01875
98,47,7,5,38,45,158,156,3,0.01875
98,48,0,6,35,35,150,155,1,0.00625
98,49,1,6,44,37,200,200,4,0.025
98,50,2,6,40,42,204,201,5,0.03125
98,51,3,6,27,42,188,189,1,0.00625
98,52,4,6,47,37,192,187,5,0.03125
98,53,5,6,43,40,210,207,5,0.03125
98,54,6,6,38,43,199,202,1,0.00625
98,55,7,6,38,36,151,148,3,0.01875
98,56,0,7,43,38,125,124,3,0.01875
98,57,1,7,38,39,163,163,1,0.00625
98,58,2,7,44,44,170,172,2,0.0125
98,59,3,7,45,37,172,169,4,0.025
98,60,4,7,44,28,157,159,4,0.025
98,61,5,7,41,45,174,175,2,0.0125
98,62,6,7,40,40,166,168,2,0.0125
98,63,7,7,45,37,119,121,1,0.00625
99,0,0,0,45,38,124,120,4,0.025
99,1,1,0,45,40,168,167,3,0.01875
99,2,2,0,41,38,159,157,3,0.01875
99,3,3,0,43,44,165,166,2,0.0125
99,4,4,0,44,41,169,168,4,0.025
99,5,5,0,39,45,170,172,1,0.00625
99,6,6,0,43,37,162,165,3,0.01875
99,7,7,0,43,33,120,119,4,0.025
99,8,0,1,47,36,162,160,2,0.0125
99,9,1,1,42,45,209,208,5,0.03125
99,10,2,1,44,43,203,201,4,0.025
99,11,3,1,44,36,206,207,4,0.025
99,12,4,1,45,43,213,211,4,0.025
99,13,5,1,43,44,212,213,4,0.025
99,14,6,1,37,44,195,195,2,0.0125
99,15,7,1,35,43,147,148,1,0.00625
99,16,0,2,40,43,163,162,2,0.0125
99,17,1,2,36,44,203,203,1,0.00625
99,18,2,2,38,39,195,194,5,0.03125
99,19,3,2,45,41,210,213,3,0.01875
99,20,4,2,41,44,215,214,4,0.025
99,21,5,2,39,43,209,209,0,0.0
99,22,6,2,43,43,203,203,2,0.0125
99,23,7,2,44,34,154,154,4,0.025
99,24,0,3,32,44,155,159,1,0.00625
99,25,1,3,39,38,191,193,3,0.01875
99,26,2,3,45,39,198,198,3,0.01875
99,27,3,3,37,38,200,199,2,0.0125
99,28,4,3,40,45,203,204,3,0.01875
99,29,5,3,38,40,203,202,2,0.0125
99,30,6,3,41,38,194,192,4,0.025
99,31,7,3,37,43,153,158,1,0.00625
99,32,0,4,36,42,159,164,1,0.00625
99,33,1,4,40,33,199,196,4,0.025
99,34,2,4,29,39,191,191,1,0.00625
99,35,3,4,28,44,188,189,2,0.0125
99,36,4,4,33,36,186,187,3,0.01875
99,37,5,4,46,43,206,206,5,0.03125
99,38,6,4,44,37,206,201,6,0.0375
99,39,7,4,42,38,157,158,2,0.0125
99,40,0,5,44,44,172,172,2,0.0125
99,41,1,5,45,38,211,211,4,0.025
99,42,2,5,43,44,211,211,4,0.025
99,43,3,5,36,26,193,194,4,0.025
99,44,4,5,37,33,191,192,1,0.00625
99,45,5,5,46,32,203,201,4,0.025
99,46,6,5,44,42,211,207,4,0.025
99,47,7,5,40,42,161,162,3,0.01875
99,48,0,6,40,43,165,164,2,0.0125
99,49,1,6,43,44,211,212,4,0.025
99,50,2,6,45,45,210,208,5,0.03125
99,51,3,6,38,44,212,211,4,0.025
99,52,4,6,29,35,181,186,2,0.0125
99,53,5,6,39,40,193,200,0,0.0
99,54,6,6,40,45,203,202,3,0.01875
99,55,7,6,39,44,157,158,1,0.00625
99,56,0,7,36,41,117,118,2,0.0125
99,57,1,7,32,40,151,153,1,0.00625
99,58,2,7,45,44,162,160,5,0.03125
99,59,3,7,42,45,168,170,3,0.01875
99,60,4,7,41,36,158,158,3,0.01875
99,61,5,7,40,34,154,155,1,0.00625
99,62,6,7,29,41,150,150,2,0.0125
99,63,7,7,36,38,109,108,1,0.00625
100,0,0,0,36,36,117,116,4,0.025
100,1,1,0,44,34,158,159,3,0.01875
100,2,2,0,42,35,167,168,4,0.025
100,3,3,0,37,45,168,167,3,0.01875
100,4,4,0,44,44,170,170,4,0.025
100,5,5,0,33,40,162,164,1,0.00625
100,6,6,0,35,40,155,157,1,0.00625
100,7,7,0,44,32,114,115,2,0.0125
100,8,0,1,36,44,154,156,2,0.0125
100,9,1,1,43,36,186,188,4,0.025
100,10,2,1,33,44,195,193,4,0.025
100,11,3,1,40,42,196,198,3,0.01875
100,12,4,1,45,37,200,200,4,0.025
100,13,5,1,41,44,208,206,4,0.025
100,14,6,1,38,32,185,186,2,0.0125
100,15,7,1,38,38,144,142,4,0.025
100,16,0,2,45,34,162,161,4,0.025
100,17,1,2,30,37,190,187,4,0.025
100,18,2,2,39,44,192,197,1,0.00625
100,19,3,2,37,36,202,203,2,0.0125
100,20,4,2,40,40,207,208,2,0.0125
100,21,5,2,45,45,214,215,2,0.0125
100,22,6,2,44,41,215,215,4,0.025
100,23,7,2,41,37,153,155,1,0.00625
100,24,0,3,38,44,154,152,2,0.0125
100,25,1,3,36,45,185,184,1,0.00625
100,26,2,3,42,32,187,185,4,0.025
100,27,3,3,31,39,191,193,2,0.0125
100,28,4,3,39,41,188,190,1,0.00625
100,29,5,3,36,40,189,189,3,0.01875
100,30,6,3,40,44,192,192,4,0.025
100,31,7,3,36,44,153,150,2,0.0125
100,32,0,4,32,34,138,135,2,0.0125
100,33,1,4,47,37,182,181,5,0.03125
100,34,2,4,45,41,200,200,3,0.01875
100,35,3,4,41,42,207,208,3,0.01875
100,36,4,4,45,32,193,193,4,0.025
100,37,5,4,40,39,197,200,1,0.00625
100,38,6,4,42,35,189,194,1,0.00625
100,39,7,4,35,40,151,149,4,0.025
100,40,0,5,37,34,144,147,1,0.00625
100,41,1,5,41,35,182,181,3,0.01875
100,42,2,5,45,43,202,201,3,0.01875
100,43,3,5,45,45,215,213,5,0.03125
100,44,4,5,34,38,197,198,2,0.0125
100,45,5,5,37,45,195,198,2,0.0125
100,46,6,5,45,44,202,206,3,0.01875
100,47,7,5,40,44,160,158,2,0.0125
100,48,0,6,39,36,153,153,2,0.0125
100,49,1,6,45,41,194,197,0,0.0
100,50,2,6,43,41,206,210,2,0.0125
100,51,3,6,38,44,212,210,5,0.03125
100,52,4,6,39,44,205,202,3,0.01875
100,53,5,6,43,35,201,199,3,0.01875
100,54,6,6,34,40,198,199,2,0.0125
100,55,7,6,41,45,157,155,4,0.025
100,56,0,7,35,40,112,110,3,0.01875
100,57,1,7,42,41,153,148,5,0.03125
100,58,2,7,44,45,166,165,4,0.025
100,59,3,7,40,44,168,168,2,0.0125
100,60,4,7,41,38,157,158,1,0.00625
100,61,5,7,37,38,155,154,1,0.00625
100,62,6,7,37,43,151,148,5,0.03125
100,63,7,7,40,39,111,111,2,0.0125
101,0,0,0,38,42,121,126,1,0.00625
101,1,1,0,43,42,167,166,2,0.0125
101,2,2,0,37,43,167,167,2,0.0125
101,3,3,0,41,41,162,164,2,0.0125
101,4,4,0,45,35,166,163,5,0.03125
101,5,5,0,40,43,170,167,2,0.0125
101,6,6,0,44,41,164,161,3,0.01875
101,7,7,0,42,43,125,127,1,0.00625
101,8,0,1,36,44,161,161,1,0.00625
101,9,1,1,40,41,200,201,1,0.00625
101,10,2,1,38,43,206,206,5,0.03125
101,11,3,1,38,37,197,198,1,0.00625
101,12,4,1,44,41,202,203,3,0.01875
101,13,5,1,45,45,222,220,6,0.0375
101,14,6,1,40,35,208,206,4,0.025
101,15,7,1,44,41,169,170,4,0.025
101,16,0,2,44,41,167,166,4,0.025
101,17,1,2,43,38,209,207,4,0.025
101,18,2,2,36,40,201,201,2,0.0125
101,19,3,2,39,36,192,192,1,0.00625
101,20,4,2,45,39,195,195,2,0.0125
101,21,5,2,39,44,211,209,6,0.0375
101,22,6,2,35,45,198,197,3,0.01875
101,23,7,2,39,41,162,161,2,0.0125
101,24,0,3,41,40,164,163,2,0.0125
101,25,1,3,38,44,208,208,3,0.01875
101,26,2,3,44,39,205,205,4,0.025
101,27,3,3,34,38,201,201,0,0.0
101,28,4,3,42,36,192,192,2,0.0125
101,29,5,3,43,44,219,218,4,0.025
101,30,6,3,45,38,211,211,4,0.025
101,31,7,3,46,37,169,167,4,0.025
101,32,0,4,31,40,152,152,3,0.01875
101,33,1,4,42,41,195,198,2,0.0125
101,34,2,4,44,33,204,203,3,0.01875
101,35,3,4,45,44,213,209,6,0.0375
101,36,4,4,44,38,196,197,1,0.00625
101,37,5,4,35,42,205,202,4,0.025
101,38,6,4,45,44,207,203,4,0.025
101,39,7,4,37,45,168,168,3,0.01875
101,40,0,5,39,39,162,164,0,0.0
101,41,1,5,40,29,196,196,2,0.0125
101,42,2,5,42,44,215,218,3,0.01875
101,43,3,5,34,44,207,210,1,0.00625
101,44,4,5,33,43,192,191,0,0.0
101,45,5,5,43,44,209,207,4,0.025
101,46,6,5,43,33,206,204,5,0.03125
101,47,7,5,44,43,174,176,3,0.01875
101,48,0,6,42,44,168,168,2,0.0125
101,49,1,6,33,38,195,193,3,0.01875
101,50,2,6,38,40,197,195,5,0.03125
101,51,3,6,42,44,207,208,3,0.01875
101,52,4,6,38,38,192,195,1,0.00625
101,53,5,6,40,33,191,190,1,0.00625
101,54,6,6,40,40,201,198,4,0.025
101,55,7,6,38,43,161,161,5,0.03125
101,56,0,7,44,44,128,131,1,0.00625
101,57,1,7,44,37,166,168,3,0.01875
101,58,2,7,41,32,159,160,5,0.03125
101,59,3,7,35,39,155,156,0,0.0
101,60,4,7,42,43,165,165,1,0.00625
101,61,5,7,44,37,163,162,3,0.01875
101,62,6,7,44,41,168,170,3,0.01875
101,63,7,7,37,35,115,117,0,0.0
102,0,0,0,45,42,129,127,2,0.0125
102,1,1,0,33,45,162,166,0,0.0
102,2,2,0,46,43,164,163,3,0.01875
102,3,3,0,45,43,172,171,3,0.01875
102,4,4,0,42,39,165,170,2,0.0125
102,5,5,0,45,43,172,172,3,0.01875
102,6,6,0,36,43,164,165,2,0.0125
102,7,7,0,41,43,124,123,1,0.00625
102,8,0,1,37,40,161,160,2,0.0125
102,9,1,1,37,42,203,203,0,0.0
102,10,2,1,39,37,196,197,3,0.01875
102,11,3,1,43,46,209,206,3,0.01875
102,12,4,1,43,44,213,209,5,0.03125
102,13,5,1,45,44,212,215,3,0.01875
102,14,6,1,40,46,214,212,3,0.01875
102,15,7,1,37,40,158,161,1,0.00625
102,16,0,2,41,42,159,161,2,0.0125
102,17,1,2,35,37,190,191,4,0.025
102,18,2,2,40,39,193,191,4,0.025
102,19,3,2,46,37,201,198,5,0.03125
102,20,4,2,45,42,213,209,6,0.0375
102,21,5,2,39,43,207,208,3,0.01875
102,22,6,2,41,45,207,210,2,0.0125
102,23,7,2,40,39,166,163,4,0.025
102,24,0,3,38,35,156,155,3,0.01875
102,25,1,3,43,41,205,204,3,0.01875
102,26,2,3,37,34,200,200,3,0.01875
102,27,3,3,38,38,200,198,2,0.0125
102,28,4,3,33,45,196,191,5,0.03125
102,29,5,3,43,45,206,206,2,0.0125
102,30,6,3,40,40,206,209,2,0.0125
102,31,7,3,36,43,168,170,4,0.025
102,32,0,4,42,43,166,166,3,0.01875
102,33,1,4,44,38,203,203,2,0.0125
102,34,2,4,40,43,211,212,2,0.0125
102,35,3,4,36,42,202,205,3,0.01875
102,36,4,4,36,31,190,191,2,0.0125
102,37,5,4,44,34,200,199,5,0.03125
102,38,6,4,46,42,215,218,3,0.01875
102,39,7,4,41,44,177,179,2,0.0125
102,40,0,5,42,40,166,162,4,0.025
102,41,1,5,40,39,198,199,2,0.0125
102,42,2,5,29,42,191,190,3,0.01875
102,43,3,5,46,40,195,194,3,0.01875
102,44,4,5,38,39,196,197,3,0.01875
102,45,5,5,39,38,193,193,3,0.01875
102,46,6,5,33,42,195,198,1,0.00625
102,47,7,5,38,48,163,163,1,0.00625
102,48,0,6,40,39,159,158,2,0.0125
102,49,1,6,36,39,199,196,3,0.01875
102,50,2,6,41,40,195,197,2,0.0125
102,51,3,6,46,31,194,195,3,0.01875
102,52,4,6,38,42,203,203,2,0.0125
102,53,5,6,39,37,198,197,4,0.025
102,54,6,6,41,41,201,203,2,0.0125
102,55,7,6,41,35,159,161,2,0.0125
102,56,0,7,40,35,117,117,0,0.0
102,57,1,7,40,42,165,167,3,0.01875
102,58,2,7,42,38,160,163,3,0.01875
102,59,3,7,38,40,161,160,3,0.01875
102,60,4,7,46,45,169,166,3,0.01875
102,61,5,7,41,37,166,169,0,0.0
102,62,6,7,42,36,165,166,2,0.0125
102,63,7,7,47,41,133,130,3,0.01875
103,0,0,0,38,44,125,125,3,0.01875
103,1,1,0,42,36,160,159,2,0.0125
103,2,2,0,44,40,170,171,2,0.0125
103,3,3,0,45,43,178,177,4,0.025
103,4,4,0,36,40,164,162,1,0.00625
103,5,5,0,30,40,147,150,0,0.0
103,6,6,0,39,38,154,155,2,0.0125
103,7,7,0,45,38,120,119,3,0.01875
103,8,0,1,38,44,165,165,1,0.00625
103,9,1,1,43,38,193,190,2,0.0125
103,10,2,1,43,41,203,204,4,0.025
103,11,3,1,44,44,214,215,3,0.01875
103,12,4,1,44,45,207,210,4,0.025
103,13,5,1,41,35,200,198,4,0.025
103,14,6,1,37,34,187,189,2,0.0125
103,15,7,1,39,39,156,155,2,0.0125
103,16,0,2,44,38,173,173,4,0.025
103,17,1,2,33,37,195,196,3,0.01875
103,18,2,2,33,39,193,193,3,0.01875
103,19,3,2,39,44,203,204,2,0.0125
103,20,4,2,41,44,204,208,2,0.0125
103,21,5,2,40,44,211,208,5,0.03125
103,22,6,2,46,41,210,207,5,0.03125
103,23,7,2,45,41,164,165,3,0.01875
103,24,0,3,45,44,168,168,4,0.025
103,25,1,3,43,44,205,205,5,0.03125
103,26,2,3,45,34,195,196,3,0.01875
103,27,3,3,45,33,199,198,5,0.03125
103,28,4,3,45,41,201,202,3,0.01875
103,29,5,3,45,43,204,204,4,0.025
103,30,6,3,42,39,199,195,4,0.025
103,31,7,3,39,42,156,156,4,0.025
103,32,0,4,27,34,151,152,2,0.0125
103,33,1,4,41,43,199,195,7,0.04375
103,34,2,4,44,43,212,211,2,0.0125
103,35,3,4,39,40,211,208,6,0.0375
103,36,4,4,39,45,201,200,2,0.0125
103,37,5,4,39,41,204,205,3,0.01875
103,38,6,4,35,45,198,197,4,0.025
103,39,7,4,42,38,150,152,1,0.00625
103,40,0,5,39,43,163,166,1,0.00625
103,41,1,5,39,33,189,189,3,0.01875
103,42,2,5,31,41,194,194,2,0.0125
103,43,3,5,29,44,190,193,0,0.0
103,44,4,5,43,36,189,188,2,0.0125
103,45,5,5,38,41,199,199,4,0.025
103,46,6,5,38,41,194,192,2,0.0125
103,47,7,5,40,34,148,147,3,0.01875
103,48,0,6,39,39,165,163,4,0.025
103,49,1,6,38,41,194,198,3,0.01875
103,50,2,6,38,41,202,202,2,0.0125
103,51,3,6,43,33,203,204,2,0.0125
103,52,4,6,41,33,202,197,6,0.0375
103,53,5,6,38,41,202,201,2,0.0125
103,54,6,6,39,37,196,198,2,0.0125
103,55,7,6,45,38,159,161,1,0.00625
103,56,0,7,37,44,125,126,1,0.00625
103,57,1,7,38,36,156,156,2,0.0125
103,58,2,7,43,37,164,164,1,0.00625
103,59,3,7,38,37,166,166,1,0.00625
103,60,4,7,37,44,166,166,3,0.01875
103,61,5,7,34,39,156,154,1,0.00625
103,62,6,7,38,39,159,157,2,0.0125
103,63,7,7,45,41,124,122,5,0.03125
104,0,0,0,42,43,130,129,3,0.01875
104,1,1,0,45,38,169,167,2,0.0125
104,2,2,0,32,36,158,157,4,0.025
104,3,3,0,45,36,159,160,2,0.0125
104,4,4,0,38,35,164,164,3,0.01875
104,5,5,0,32,38,153,154,0,0.0
104,6,6,0,38,36,150,150,2,0.0125
104,7,7,0,44,41,124,124,3,0.01875
104,8,0,1,38,44,164,166,2,0.0125
104,9,1,1,40,42,200,201,4,0.025
104,10,2,1,44,43,207,206,2,0.0125
104,11,3,1,40,37,195,195,2,0.0125
104,12,4,1,35,45,199,202,1,0.00625
104,13,5,1,42,39,195,198,4,0.025
104,14,6,1,33,32,184,183,2,0.0125
104,15,7,1,38,36,152,150,3,0.01875
104,16,0,2,44,38,168,167,3,0.01875
104,17,1,2,36,39,204,204,3,0.01875
104,18,2,2,38,44,199,199,2,0.0125
104,19,3,2,41,44,205,204,5,0.03125
104,20,4,2,32,42,198,195,4,0.025
104,21,5,2,35,39,182,186,2,0.0125
104,22,6,2,43,43,198,198,2,0.0125
104,23,7,2,44,33,164,164,4,0.025
104,24,0,3,38,45,170,171,2,0.0125
104,25,1,3,41,45,207,204,7,0.04375
104,26,2,3,45,37,202,203,2,0.0125
104,27,3,3,42,40,200,201,4,0.025
104,28,4,3,34,39,195,199,2,0.0125
104,29,5,3,33,30,177,176,3,0.01875
104,30,6,3,44,35,190,192,4,0.025
104,31,7,3,38,43,170,170,3,0.01875
104,32,0,4,41,43,164,163,2,0.0125
104,33,1,4,43,41,197,200,5,0.03125
104,34,2,4,40,41,196,198,1,0.00625
104,35,3,4,43,45,198,203,2,0.0125
104,36,4,4,43,42,204,202,5,0.03125
104,37,5,4,36,39,184,185,4,0.025
104,38,6,4,32,35,177,176,4,0.025
104,39,7,4,40,44,159,158,3,0.01875
104,40,0,5,35,37,152,150,2,0.0125
104,41,1,5,37,39,190,190,3,0.01875
104,42,2,5,46,44,199,198,3,0.01875
104,43,3,5,38,44,194,191,4,0.025
104,44,4,5,41,44,201,200,2,0.0125
104,45,5,5,33,39,186,189,2,0.0125
104,46,6,5,39,35,181,182,2,0.0125
104,47,7,5,34,33,151,152,3,0.01875
104,48,0,6,40,39,162,165,2,0.0125
104,49,1,6,42,37,204,203,4,0.025
104,50,2,6,44,39,202,200,3,0.01875
104,51,3,6,41,41,199,198,5,0.03125
104,52,4,6,40,36,200,202,4,0.025
104,53,5,6,38,42,197,198,2,0.0125
104,54,6,6,47,38,198,198,2,0.0125
104,55,7,6,39,41,167,166,1,0.00625
104,56,0,7,40,42,127,122,3,0.01875
104,57,1,7,37,42,159,161,2,0.0125
104,58,2,7,30,43,154,153,3,0.01875
104,59,3,7,44,44,158,156,3,0.01875
104,60,4,7,38,40,159,158,5,0.03125
104,61,5,7,41,42,161,160,3,0.01875
104,62,6,7,43,39,160,160,4,0.025
104,63,7,7,40,45,125,126,2,0.0125
105,0,0,0,42,41,116,120,1,0.00625
105,1,1,0,40,42,162,162,3,0.01875
105,2,2,0,46,36,154,155,3,0.01875
105,3,3,0,42,31,150,151,3,0.01875
105,4,4,0,41,42,157,160,1,0.00625
105,5,5,0,39,37,151,146,4,0.025
105,6,6,0,33,42,146,148,1,0.00625
105,7,7,0,31,44,109,112,0,0.0
105,8,0,1,39,36,155,152,3,0.01875
105,9,1,1,39,44,199,199,2,0.0125
105,10,2,1,45,41,194,194,4,0.025
105,11,3,1,39,41,191,193,1,0.00625
105,12,4,1,41,44,199,198,2,0.0125
105,13,5,1,43,39,196,195,2,0.0125
105,14,6,1,41,34,197,195,5,0.03125
105,15,7,1,39,35,154,154,3,0.01875
105,16,0,2,41,39,158,161,2,0.0125
105,17,1,2,40,36,199,197,7,0.04375
105,18,2,2,41,38,191,191,2,0.0125
105,19,3,2,39,44,193,195,2,0.0125
105,20,4,2,41,39,197,199,3,0.01875
105,21,5,2,40,39,200,202,1,0.00625
105,22,6,2,43,44,209,213,2,0.0125
105,23,7,2,38,37,163,163,4,0.025
105,24,0,3,34,40,152,153,1,0.00625
105,25,1,3,44,40,203,206,4,0.025
105,26,2,3,44,38,199,199,3,0.01875
105,27,3,3,38,41,200,196,5,0.03125
105,28,4,3,40,41,201,196,5,0.03125
105,29,5,3,42,45,202,203,2,0.0125
105,30,6,3,43,42,209,209,3,0.01875
105,31,7,3,40,45,171,172,2,0.0125
105,32,0,4,44,41,162,163,2,0.0125
105,33,1,4,40,35,198,198,5,0.03125
105,34,2,4,42,44,202,199,2,0.0125
105,35,3,4,37,44,195,193,1,0.00625
105,36,4,4,38,41,195,196,3,0.01875
105,37,5,4,32,35,187,187,1,0.00625
105,38,6,4,42,41,197,198,3,0.01875
105,39,7,4,34,43,164,164,1,0.00625
105,40,0,5,41,44,156,158,2,0.0125
105,41,1,5,43,40,199,199,4,0.025
105,42,2,5,39,40,188,189,3,0.01875
105,43,3,5,46,40,194,192,6,0.0375
105,44,4,5,45,38,196,196,4,0.025
105,45,5,5,40,39,201,197,3,0.01875
105,46,6,5,40,34,195,194,4,0.025
105,47,7,5,37,40,164,159,5,0.03125
105,48,0,6,32,33,145,144,1,0.00625
105,49,1,6,43,37,191,192,2,0.0125
105,50,2,6,39,40,194,194,3,0.01875
105,51,3,6,45,39,191,189,5,0.03125
105,52,4,6,41,44,203,201,4,0.025
105,53,5,6,41,43,202,202,4,0.025
105,54,6,6,37,37,201,198,4,0.025
105,55,7,6,36,38,161,162,2,0.0125
105,56,0,7,42,37,118,121,1,0.00625
105,57,1,7,36,34,154,151,2,0.0125
105,58,2,7,33,43,149,149,2,0.0125
105,59,3,7,36,39,148,150,4,0.025
105,60,4,7,40,45,163,164,3,0.01875
105,61,5,7,43,39,166,163,4,0.025
105,62,6,7,44,40,168,168,3,0.01875
105,63,7,7,42,39,128,127,4,0.025
106,0,0,0,41,43,123,120,4,0.025
106,1,1,0,37,42,157,155,4,0.025
106,2,2,0,45,39,160,159,3,0.01875
106,3,3,0,46,33,163,160,5,0.03125
106,4,4,0,44,36,167,163,4,0.025
106,5,5,0,41,41,163,164,2,0.0125
106,6,6,0,40,40,161,158,3,0.01875
106,7,7,0,42,41,121,120,2,0.0125
106,8,0,1,32,37,147,149,2,0.0125
106,9,1,1,40,39,190,191,3,0.01875
106,10,2,1,42,35,192,194,2,0.0125
106,11,3,1,39,45,197,193,3,0.01875
106,12,4,1,45,44,203,199,4,0.025
106,13,5,1,38,44,204,206,2,0.0125
106,14,6,1,44,41,204,204,6,0.0375
106,15,7,1,39,39,160,160,3,0.01875
106,16,0,2,39,34,161,163,0,0.0
106,17,1,2,44,37,207,207,4,0.025
106,18,2,2,45,40,211,212,1,0.00625
106,19,3,2,45,42,204,205,2,0.0125
106,20,4,2,44,38,207,207,3,0.01875
106,21,5,2,34,43,205,202,2,0.0125
106,22,6,2,38,40,195,195,3,0.01875
106,23,7,2,45,44,164,163,5,0.03125
106,24,0,3,44,43,169,167,3,0.01875
106,25,1,3,35,43,197,198,5,0.03125
106,26,2,3,39,44,201,199,3,0.01875
106,27,3,3,44,43,193,200,1,0.00625
106,28,4,3,35,43,195,201,1,0.00625
106,29,5,3,41,40,198,198,3,0.01875
106,30,6,3,38,35,194,196,1,0.00625
106,31,7,3,43,36,157,153,6,0.0375
106,32,0,4,41,37,159,159,1,0.00625
106,33,1,4,40,40,201,203,2,0.0125
106,34,2,4,35,36,187,186,3,0.01875
106,35,3,4,40,44,182,182,2,0.0125
106,36,4,4,36,42,191,192,3,0.01875
106,37,5,4,40,36,188,188,3,0.01875
106,38,6,4,41,41,200,199,4,0.025
106,39,7,4,42,40,158,158,2,0.0125
106,40,0,5,35,31,154,154,1,0.00625
106,41,1,5,37,44,201,201,3,0.01875
106,42,2,5,41,40,205,206,3,0.01875
106,43,3,5,44,33,189,190,6,0.0375
106,44,4,5,38,40,203,204,1,0.00625
106,45,5,5,43,36,197,199,2,0.0125
106,46,6,5,39,39,195,196,2,0.0125
106,47,7,5,38,41,151,156,1,0.00625
106,48,0,6,40,42,161,160,4,0.025
106,49,1,6,43,37,193,192,2,0.0125
106,50,2,6,45,39,202,204,4,0.025
106,51,3,6,44,40,197,198,5,0.03125
106,52,4,6,41,44,201,204,3,0.01875
106,53,5,6,45,42,204,205,2,0.0125
106,54,6,6,41,40,200,197,5,0.03125
106,55,7,6,39,39,150,147,4,0.025
106,56,0,7,44,35,124,121,4,0.025
106,57,1,7,41,36,164,165,2,0.0125
106,58,2,7,29,41,158,158,3,0.01875
106,59,3,7,35,45,154,156,1,0.00625
106,60,4,7,40,44,165,167,2,0.0125
106,61,5,7,40,45,166,168,4,0.025
106,62,6,7,29,44,157,159,2,0.0125
106,63,7,7,40,40,111,115,0,0.0
107,0,0,0,42,40,122,124,2,0.0125
107,1,1,0,44,44,171,173,2,0.0125
107,2,2,0,30,42,157,159,1,0.00625
107,3,3,0,44,35,153,154,2,0.0125
107,4,4,0,41,35,159,162,3,0.01875
107,5,5,0,45,43,176,172,6,0.0375
107,6,6,0,40,44,167,165,2,0.0125
107,7,7,0,40,35,115,113,4,0.025
107,8,0,1,42,44,167,167,2,0.0125
107,9,1,1,38,42,209,209,2,0.0125
107,10,2,1,40,45,211,212,2,0.0125
107,11,3,1,42,35,199,203,2,0.0125
107,12,4,1,44,44,208,210,3,0.01875
107,13,5,1,39,44,214,216,0,0.0
107,14,6,1,35,45,206,208,3,0.01875
107,15,7,1,40,39,156,159,1,0.00625
107,16,0,2,41,45,169,167,1,0.00625
107,17,1,2,44,38,208,211,2,0.0125
107,18,2,2,44,37,212,210,3,0.01875
107,19,3,2,31,44,199,199,3,0.01875
107,20,4,2,41,41,186,188,1,0.00625
107,21,5,2,38,44,210,211,1,0.00625
107,22,6,2,40,39,204,205,2,0.0125
107,23,7,2,36,41,154,158,1,0.00625
107,24,0,3,38,44,165,167,2,0.0125
107,25,1,3,36,40,206,207,3,0.01875
107,26,2,3,39,44,207,207,3,0.01875
107,27,3,3,44,44,212,206,5,0.03125
107,28,4,3,37,34,195,192,2,0.0125
107,29,5,3,36,41,207,206,3,0.01875
107,30,6,3,46,42,213,211,3,0.01875
107,31,7,3,45,41,167,169,4,0.025
107,32,0,4,39,44,166,167,1,0.00625
107,33,1,4,39,42,207,208,3,0.01875
107,34,2,4,41,38,207,208,2,0.0125
107,35,3,4,43,35,202,206,0,0.0
107,36,4,4,44,43,211,207,4,0.025
107,37,5,4,45,39,218,217,3,0.01875
107,38,6,4,44,38,211,212,3,0.01875
107,39,7,4,43,44,172,171,4,0.025
107,40,0,5,41,45,167,165,4,0.025
107,41,1,5,34,38,196,198,1,0.00625
107,42,2,5,45,39,201,198,4,0.025
107,43,3,5,43,43,208,207,4,0.025
107,44,4,5,43,43,200,199,3,0.01875
107,45,5,5,44,43,215,211,5,0.03125
107,46,6,5,43,43,217,214,5,0.03125
107,47,7,5,43,44,168,165,2,0.0125
107,48,0,6,40,39,161,161,3,0.01875
107,49,1,6,44,42,214,214,2,0.0125
107,50,2,6,41,36,205,205,2,0.0125
107,51,3,6,45,45,212,213,3,0.01875
107,52,4,6,32,43,194,194,1,0.00625
107,53,5,6,39,39,196,194,3,0.01875
107,54,6,6,33,45,200,205,3,0.01875
107,55,7,6,42,41,156,157,4,0.025
107,56,0,7,39,43,119,124,0,0.0
107,57,1,7,45,41,170,169,4,0.025
107,58,2,7,39,44,165,165,3,0.01875
107,59,3,7,32,42,153,154,1,0.00625
107,60,4,7,45,45,159,161,2,0.0125
107,61,5,7,43,30,158,157,3,0.01875
107,62,6,7,45,39,169,169,3,0.01875
107,63,7,7,40,33,118,116,2,0.0125
108,0,0,0,31,41,118,117,1,0.00625
108,1,1,0,37,33,146,145,3,0.01875
108,2,2,0,48,45,172,171,4,0.025
108,3,3,0,46,40,177,178,3,0.01875
108,4,4,0,41,32,164,164,2,0.0125
108,5,5,0,37,42,162,166,4,0.025
108,6,6,0,32,37,152,155,2,0.0125
108,7,7,0,43,41,117,117,2,0.0125
108,8,0,1,38,41,159,159,3,0.01875
108,9,1,1,36,32,174,174,2,0.0125
108,10,2,1,39,38,189,188,1,0.00625
108,11,3,1,47,43,203,199,6,0.0375
108,12,4,1,37,49,199,200,2,0.0125
108,13,5,1,40,40,195,193,4,0.025
108,14,6,1,43,38,190,190,5,0.03125
108,15,7,1,40,33,153,149,3,0.01875
108,16,0,2,43,35,147,146,1,0.00625
108,17,1,2,38,39,177,177,2,0.0125
108,18,2,2,48,38,189,190,4,0.025
108,19,3,2,41,35,193,193,2,0.0125
108,20,4,2,43,47,191,191,1,0.00625
108,21,5,2,36,41,182,183,1,0.00625
108,22,6,2,36,36,171,172,1,0.00625
108,23,7,2,29,38,146,143,2,0.0125
108,24,0,3,37,24,144,142,3,0.01875
108,25,1,3,41,43,184,184,2,0.0125
108,26,2,3,34,38,188,192,1,0.00625
108,27,3,3,35,48,193,198,1,0.00625
108,28,4,3,35,40,181,178,3,0.01875
108,29,5,3,39,43,189,188,6,0.0375
108,30,6,3,40,35,185,186,3,0.01875
108,31,7,3,35,37,152,155,1,0.00625
108,32,0,4,45,39,167,166,1,0.00625
108,33,1,4,43,34,192,191,2,0.0125
108,34,2,4,46,39,204,207,2,0.0125
108,35,3,4,38,38,203,198,3,0.01875
108,36,4,4,38,38,183,188,1,0.00625
108,37,5,4,46,34,193,193,4,0.025
108,38,6,4,45,36,201,200,5,0.03125
108,39,7,4,37,42,162,161,2,0.0125
108,40,0,5,36,42,157,156,1,0.00625
108,41,1,5,44,43,192,190,3,0.01875
108,42,2,5,39,42,200,202,2,0.0125
108,43,3,5,44,44,205,208,3,0.01875
108,44,4,5,41,38,194,195,3,0.01875
108,45,5,5,37,40,192,194,4,0.025
108,46,6,5,40,46,195,196,4,0.025
108,47,7,5,34,45,162,164,3,0.01875
108,48,0,6,35,38,159,157,5,0.03125
108,49,1,6,45,37,188,190,0,0.0
108,50,2,6,36,39,209,210,3,0.01875
108,51,3,6,45,41,204,205,2,0.0125
108,52,4,6,35,44,203,205,1,0.00625
108,53,5,6,44,44,204,207,2,0.0125
108,54,6,6,42,37,200,199,3,0.01875
108,55,7,6,41,42,167,167,4,0.025
108,56,0,7,30,43,117,115,2,0.0125
108,57,1,7,38,34,143,145,1,0.00625
108,58,2,7,42,47,170,170,3,0.01875
108,59,3,7,36,39,158,154,3,0.01875
108,60,4,7,33,45,157,158,0,0.0
108,61,5,7,35,37,149,153,1,0.00625
108,62,6,7,37,45,158,156,3,0.01875
108,63,7,7,45,43,124,124,2,0.0125
109,0,0,0,45,40,123,123,2,0.0125
109,1,1,0,42,36,160,160,5,0.03125
109,2,2,0,44,35,160,159,3,0.01875
109,3,3,0,34,41,159,158,2,0.0125
109,4,4,0,38,34,148,148,2,0.0125
109,5,5,0,30,24,132,135,0,0.0
109,6,6,0,37,40,150,151,1,0.00625
109,7,7,0,43,36,117,117,2,0.0125
109,8,0,1,39,40,162,161,2,0.0125
109,9,1,1,36,44,202,200,2,0.0125
109,10,2,1,40,40,198,197,3,0.01875
109,11,3,1,35,44,209,211,3,0.01875
109,12,4,1,40,33,190,190,2,0.0125
109,13,5,1,41,39,189,188,3,0.01875
109,14,6,1,38,32,198,197,5,0.03125
109,15,7,1,43,38,155,156,4,0.025
109,16,0,2,42,45,166,166,2,0.0125
109,17,1,2,38,41,203,204,2,0.0125
109,18,2,2,43,33,196,197,2,0.0125
109,19,3,2,40,44,211,211,3,0.01875
109,20,4,2,36,37,197,194,3,0.01875
109,21,5,2,35,39,181,181,2,0.0125
109,22,6,2,40,45,202,200,2,0.0125
109,23,7,2,40,37,154,156,3,0.01875
109,24,0,3,41,44,159,161,3,0.01875
109,25,1,3,42,40,207,203,3,0.01875
109,26,2,3,36,43,196,194,3,0.01875
109,27,3,3,28,43,188,186,2,0.0125
109,28,4,3,40,44,183,186,2,0.0125
109,29,5,3,37,40,183,187,2,0.0125
109,30,6,3,44,33,199,198,4,0.025
109,31,7,3,41,39,160,158,0,0.0
109,32,0,4,33,41,145,145,1,0.00625
109,33,1,4,45,40,194,192,4,0.025
109,34,2,4,39,43,199,197,4,0.025
109,35,3,4,40,31,188,189,2,0.0125
109,36,4,4,47,29,185,182,4,0.025
109,37,5,4,44,38,194,195,3,0.01875
109,38,6,4,44,40,210,208,5,0.03125
109,39,7,4,41,42,164,164,3,0.01875
109,40,0,5,38,34,146,147,1,0.00625
109,41,1,5,31,34,179,180,2,0.0125
109,42,2,5,44,45,196,196,3,0.01875
109,43,3,5,45,39,212,209,5,0.03125
109,44,4,5,37,40,195,195,2,0.0125
109,45,5,5,32,45,176,180,0,0.0
109,46,6,5,40,44,196,197,3,0.01875
109,47,7,5,39,44,156,158,1,0.00625
109,48,0,6,45,39,157,160,3,0.01875
109,49,1,6,44,34,205,204,2,0.0125
109,50,2,6,38,34,188,186,2,0.0125
109,51,3,6,31,44,198,199,2,0.0125
109,52,4,6,37,45,191,189,3,0.01875
109,53,5,6,37,34,177,177,2,0.0125
109,54,6,6,34,33,189,191,1,0.00625
109,55,7,6,40,38,148,150,2,0.0125
109,56,0,7,44,40,119,118,2,0.0125
109,57,1,7,35,45,154,154,2,0.0125
109,58,2,7,42,43,158,157,2,0.0125
109,59,3,7,34,34,149,150,3,0.01875
109,60,4,7,29,38,138,136,2,0.0125
109,61,5,7,44,35,144,140,4,0.025
109,62,6,7,41,38,157,157,2,0.0125
109,63,7,7,35,34,109,108,3,0.01875
110,0,0,0,42,40,127,125,4,0.025
110,1,1,0,39,43,168,170,1,0.00625
110,2,2,0,44,38,169,167,6,0.0375
110,3,3,0,39,44,169,169,4,0.025
110,4,4,0,39,35,153,152,3,0.01875
110,5,5,0,29,35,143,142,1,0.00625
110,6,6,0,40,44,153,148,4,0.025
110,7,7,0,42,38,117,116,3,0.01875
110,8,0,1,41,43,164,162,3,0.01875
110,9,1,1,40,42,203,203,4,0.025
110,10,2,1,37,44,198,200,2,0.0125
110,11,3,1,36,44,199,200,1,0.00625
110,12,4,1,45,37,194,190,4,0.025
110,13,5,1,41,39,198,197,3,0.01875
110,14,6,1,44,27,195,195,5,0.03125
110,15,7,1,40,36,155,155,3,0.01875
110,16,0,2,45,40,163,160,3,0.01875
110,17,1,2,31,37,188,189,0,0.0
110,18,2,2,37,41,184,182,4,0.025
110,19,3,2,41,36,194,195,3,0.01875
110,20,4,2,41,38,186,186,3,0.01875
110,21,5,2,40,42,195,193,3,0.01875
110,22,6,2,32,39,190,190,2,0.0125
110,23,7,2,41,44,151,150,2,0.0125
110,24,0,3,33,35,150,152,0,0.0
110,25,1,3,37,44,198,200,5,0.03125
110,26,2,3,45,30,192,190,2,0.0125
110,27,3,3,41,39,209,208,3,0.01875
110,28,4,3,42,36,198,200,1,0.00625
110,29,5,3,42,39,201,198,1,0.00625
110,30,6,3,45,36,204,203,5,0.03125
110,31,7,3,43,35,159,157,4,0.025
110,32,0,4,36,39,162,163,2,0.0125
110,33,1,4,41,37,203,201,5,0.03125
110,34,2,4,37,35,198,199,2,0.0125
110,35,3,4,38,45,209,208,3,0.01875
110,36,4,4,38,37,193,195,2,0.0125
110,37,5,4,45,45,204,204,4,0.025
110,38,6,4,35,39,199,203,2,0.0125
110,39,7,4,34,45,150,155,0,0.0
110,40,0,5,41,44,165,165,1,0.00625
110,41,1,5,39,39,198,200,2,0.0125
110,42,2,5,30,41,187,188,2,0.0125
110,43,3,5,44,40,194,196,4,0.025
110,44,4,5,45,36,200,198,3,0.01875
110,45,5,5,41,40,202,199,3,0.01875
110,46,6,5,36,45,203,202,4,0.025
110,47,7,5,41,40,155,153,3,0.01875
110,48,0,6,40,38,157,158,1,0.00625
110,49,1,6,33,44,199,199,3,0.01875
110,50,2,6,31,41,184,184,2,0.0125
110,51,3,6,35,30,178,178,1,0.00625
110,52,4,6,42,44,193,197,0,0.0
110,53,5,6,29,45,186,187,0,0.0
110,54,6,6,45,39,194,193,2,0.0125
110,55,7,6,33,39,153,154,1,0.00625
110,56,0,7,42,36,122,120,4,0.025
110,57,1,7,39,42,167,167,1,0.00625
110,58,2,7,42,36,158,161,1,0.00625
110,59,3,7,39,35,156,156,2,0.0125
110,60,4,7,36,34,148,149,2,0.0125
110,61,5,7,39,41,158,161,2,0.0125
110,62,6,7,35,32,151,153,2,0.0125
110,63,7,7,43,43,123,122,2,0.0125
111,0,0,0,39,40,123,122,4,0.025
111,1,1,0,39,42,163,163,2,0.0125
111,2,2,0,41,39,163,165,3,0.01875
111,3,3,0,39,39,162,166,1,0.00625
111,4,4,0,39,43,170,169,3,0.01875
111,5,5,0,38,42,166,165,1,0.00625
111,6,6,0,44,31,159,158,6,0.0375
111,7,7,0,45,42,130,132,1,0.00625
111,8,0,1,35,44,161,162,2,0.0125
111,9,1,1,44,39,204,206,2,0.0125
111,10,2,1,37,36,197,195,2,0.0125
111,11,3,1,43,43,204,202,5,0.03125
111,12,4,1,37,40,206,209,2,0.0125
111,13,5,1,38,38,203,202,3,0.01875
111,14,6,1,44,39,194,194,3,0.01875
111,15,7,1,42,44,174,178,1,0.00625
111,16,0,2,43,43,167,169,2,0.0125
111,17,1,2,45,39,214,211,3,0.01875
111,18,2,2,40,42,210,210,2,0.0125
111,19,3,2,33,35,188,186,4,0.025
111,20,4,2,46,39,206,204,5,0.03125
111,21,5,2,41,40,213,213,3,0.01875
111,22,6,2,42,36,198,194,5,0.03125
111,23,7,2,43,44,172,172,2,0.0125
111,24,0,3,31,44,159,158,2,0.0125
111,25,1,3,44,43,203,203,4,0.025
111,26,2,3,41,41,212,213,5,0.03125
111,27,3,3,34,39,194,199,1,0.00625
111,28,4,3,39,32,194,192,1,0.00625
111,29,5,3,44,44,213,213,4,0.025
111,30,6,3,44,44,210,208,4,0.025
111,31,7,3,43,38,171,170,4,0.025
111,32,0,4,43,45,157,155,2,0.0125
111,33,1,4,41,31,186,186,5,0.03125
111,34,2,4,41,44,197,195,4,0.025
111,35,3,4,36,41,184,185,2,0.0125
111,36,4,4,38,36,186,187,2,0.0125
111,37,5,4,44,39,198,197,6,0.0375
111,38,6,4,38,44,193,196,1,0.00625
111,39,7,4,37,44,165,161,2,0.0125
111,40,0,5,44,31,153,154,2,0.0125
111,41,1,5,35,42,201,199,0,0.0
111,42,2,5,41,41,195,194,3,0.01875
111,43,3,5,45,39,195,194,3,0.01875
111,44,4,5,43,39,204,206,3,0.01875
111,45,5,5,41,39,199,201,0,0.0
111,46,6,5,44,44,198,199,3,0.01875
111,47,7,5,31,35,157,155,2,0.0125
111,48,0,6,39,39,144,145,2,0.0125
111,49,1,6,45,42,191,191,3,0.01875
111,50,2,6,43,34,191,190,2,0.0125
111,51,3,6,46,39,187,186,4,0.025
111,52,4,6,36,45,197,196,1,0.00625
111,53,5,6,42,43,195,194,1,0.00625
111,54,6,6,41,45,189,188,3,0.01875
111,55,7,6,33,42,162,160,0,0.0
111,56,0,7,35,33,104,108,1,0.00625
111,57,1,7,43,37,154,155,1,0.00625
111,58,2,7,34,41,154,153,3,0.01875
111,59,3,7,40,39,150,152,1,0.00625
111,60,4,7,43,40,162,159,3,0.01875
111,61,5,7,35,40,151,150,4,0.025
111,62,6,7,47,39,153,150,3,0.01875
111,63,7,7,34,42,118,120,2,0.0125
112,0,0,0,44,34,122,124,3,0.01875
112,1,1,0,36,31,157,157,1,0.00625
112,2,2,0,41,41,162,165,0,0.0
112,3,3,0,40,30,158,158,1,0.00625
112,4,4,0,43,36,162,162,3,0.01875
112,5,5,0,32,41,159,159,2,0.0125
112,6,6,0,42,43,161,166,2,0.0125
112,7,7,0,45,43,133,133,2,0.0125
112,8,0,1,40,44,158,160,2,0.0125
112,9,1,1,38,44,196,194,3,0.01875
112,10,2,1,40,37,198,199,2,0.0125
112,11,3,1,41,41,190,191,2,0.0125
112,12,4,1,30,43,184,186,0,0.0
112,13,5,1,44,41,194,193,6,0.0375
112,14,6,1,36,34,195,197,3,0.01875
112,15,7,1,39,44,164,161,3,0.01875
112,16,0,2,35,39,147,149,0,0.0
112,17,1,2,44,39,191,192,3,0.01875
112,18,2,2,34,39,199,202,1,0.00625
112,19,3,2,44,42,195,194,2,0.0125
112,20,4,2,38,44,200,200,4,0.025
112,21,5,2,44,30,192,191,5,0.03125
112,22,6,2,29,44,199,198,5,0.03125
112,23,7,2,42,38,153,152,3,0.01875
112,24,0,3,38,40,156,155,2,0.0125
112,25,1,3,40,37,193,194,3,0.01875
112,26,2,3,32,44,202,201,4,0.025
112,27,3,3,37,38,178,177,1,0.00625
112,28,4,3,38,44,194,192,3,0.01875
112,29,5,3,44,38,199,200,4,0.025
112,30,6,3,44,41,209,210,5,0.03125
112,31,7,3,36,30,153,156,2,0.0125
112,32,0,4,33,42,148,150,1,0.00625
112,33,1,4,36,39,180,184,1,0.00625
112,34,2,4,45,44,208,208,5,0.03125
112,35,3,4,43,32,193,192,4,0.025
112,36,4,4,39,38,194,192,2,0.0125
112,37,5,4,44,36,202,202,4,0.025
112,38,6,4,43,44,218,213,4,0.025
112,39,7,4,40,44,173,172,3,0.01875
112,40,0,5,44,40,141,140,3,0.01875
112,41,1,5,33,33,168,169,2,0.0125
112,42,2,5,44,39,183,180,5,0.03125
112,43,3,5,45,44,190,191,3,0.01875
112,44,4,5,38,40,184,183,2,0.0125
112,45,5,5,43,40,189,189,3,0.01875
112,46,6,5,40,44,191,193,2,0.0125
112,47,7,5,27,44,153,156,2,0.0125
112,48,0,6,40,23,131,128,5,0.03125
112,49,1,6,41,45,194,193,4,0.025
112,50,2,6,45,33,191,192,2,0.0125
112,51,3,6,39,44,196,196,3,0.01875
112,52,4,6,40,45,195,189,4,0.025
112,53,5,6,38,40,191,188,3,0.01875
112,54,6,6,42,39,193,191,4,0.025
112,55,7,6,31,44,158,159,1,0.00625
112,56,0,7,35,33,100,99,1,0.00625
112,57,1,7,39,40,147,146,2,0.0125
112,58,2,7,36,41,150,148,4,0.025
112,59,3,7,36,45,148,144,3,0.01875
112,60,4,7,38,42,145,147,1,0.00625
112,61,5,7,40,36,150,151,3,0.01875
112,62,6,7,42,36,156,159,3,0.01875
112,63,7,7,33,41,120,121,1,0.00625
113,0,0,0,39,31,113,117,0,0.0
113,1,1,0,40,39,165,161,6,0.0375
113,2,2,0,37,40,160,158,3,0.01875
113,3,3,0,38,41,159,157,2,0.0125
113,4,4,0,45,40,166,167,3,0.01875
113,5,5,0,46,41,175,174,2,0.0125
113,6,6,0,35,40,162,161,2,0.0125
113,7,7,0,43,37,114,114,3,0.01875
113,8,0,1,37,44,157,153,3,0.01875
113,9,1,1,33,42,188,191,2,0.0125
113,10,2,1,44,37,201,194,6,0.0375
113,11,3,1,35,36,198,200,3,0.01875
113,12,4,1,39,38,198,199,2,0.0125
113,13,5,1,39,45,204,205,3,0.01875
113,14,6,1,42,42,207,208,0,0.0
113,15,7,1,44,37,158,158,4,0.025
113,16,0,2,45,42,166,165,3,0.01875
113,17,1,2,45,36,208,206,4,0.025
113,18,2,2,42,36,203,203,2,0.0125
113,19,3,2,44,41,209,211,2,0.0125
113,20,4,2,44,37,211,215,3,0.01875
113,21,5,2,44,38,213,211,5,0.03125
113,22,6,2,41,42,211,213,4,0.025
113,23,7,2,45,42,164,162,4,0.025
113,24,0,3,37,45,150,148,1,0.00625
113,25,1,3,43,44,191,192,1,0.00625
113,26,2,3,39,45,202,204,3,0.01875
113,27,3,3,32,38,195,193,1,0.00625
113,28,4,3,43,44,201,202,3,0.01875
113,29,5,3,45,44,212,212,4,0.025
113,30,6,3,44,44,211,210,6,0.0375
113,31,7,3,37,40,155,157,0,0.0
113,32,0,4,34,36,148,144,4,0.025
113,33,1,4,33,34,182,181,1,0.00625
113,34,2,4,45,41,198,201,2,0.0125
113,35,3,4,44,44,215,216,4,0.025
113,36,4,4,39,35,199,200,2,0.0125
113,37,5,4,42,44,203,206,3,0.01875
113,38,6,4,40,45,203,207,0,0.0
113,39,7,4,40,44,159,160,3,0.01875
113,40,0,5,31,41,145,146,1,0.00625
113,41,1,5,43,33,183,181,3,0.01875
113,42,2,5,40,32,191,192,2,0.0125
113,43,3,5,45,45,213,212,2,0.0125
113,44,4,5,41,44,209,207,5,0.03125
113,45,5,5,43,37,199,197,2,0.0125
113,46,6,5,40,44,209,207,3,0.01875
113,47,7,5,40,40,155,153,4,0.025
113,48,0,6,39,39,151,150,3,0.01875
113,49,1,6,44,32,192,188,6,0.0375
113,50,2,6,35,40,201,201,2,0.0125
113,51,3,6,37,45,201,200,1,0.00625
113,52,4,6,38,45,197,202,2,0.0125
113,53,5,6,45,39,204,204,5,0.03125
113,54,6,6,39,44,207,211,1,0.00625
113,55,7,6,41,37,154,154,1,0.00625
113,56,0,7,41,36,113,112,2,0.0125
113,57,1,7,41,39,154,152,2,0.0125
113,58,2,7,44,44,164,164,4,0.025
113,59,3,7,42,39,162,163,3,0.01875
113,60,4,7,45,37,164,161,5,0.03125
113,61,5,7,42,39,161,160,2,0.0125
113,62,6,7,33,45,155,154,2,0.0125
113,63,7,7,40,42,114,112,4,0.025
114,0,0,0,33,41,108,105,1,0.00625
114,1,1,0,38,44,146,148,3,0.01875
114,2,2,0,36,34,141,143,1,0.00625
114,3,3,0,44,45,160,160,2,0.0125
114,4,4,0,40,42,157,157,2,0.0125
114,5,5,0,41,39,153,154,1,0.00625
114,6,6,0,38,39,154,153,3,0.01875
114,7,7,0,28,36,102,103,1,0.00625
114,8,0,1,37,37,156,159,4,0.025
114,9,1,1,36,31,194,192,2,0.0125
114,10,2,1,41,41,190,197,2,0.0125
114,11,3,1,38,39,210,211,1,0.00625
114,12,4,1,44,40,209,208,2,0.0125
114,13,5,1,33,43,203,206,2,0.0125
114,14,6,1,41,43,204,201,2,0.0125
114,15,7,1,45,36,159,158,3,0.01875
114,16,0,2,41,45,164,162,5,0.03125
114,17,1,2,38,36,196,196,4,0.025
114,18,2,2,44,34,188,185,5,0.03125
114,19,3,2,44,44,216,215,1,0.00625
114,20,4,2,44,36,206,203,5,0.03125
114,21,5,2,32,44,196,199,3,0.01875
114,22,6,2,47,33,191,189,5,0.03125
114,23,7,2,37,39,159,162,3,0.01875
114,24,0,3,38,37,152,154,1,0.00625
114,25,1,3,42,40,204,201,3,0.01875
114,26,2,3,37,38,181,183,1,0.00625
114,27,3,3,43,43,202,203,1,0.00625
114,28,4,3,42,46,206,206,3,0.01875
114,29,5,3,38,44,199,199,4,0.025
114,30,6,3,40,37,192,196,1,0.00625
114,31,7,3,43,47,168,164,3,0.01875
114,32,0,4,42,36,158,159,3,0.01875
114,33,1,4,41,39,206,207,4,0.025
114,34,2,4,41,41,198,199,1,0.00625
114,35,3,4,41,35,208,208,2,0.0125
114,36,4,4,46,39,212,211,5,0.03125
114,37,5,4,39,41,206,205,1,0.00625
114,38,6,4,35,40,200,197,2,0.0125
114,39,7,4,45,40,159,156,5,0.03125
114,40,0,5,42,41,164,162,3,0.01875
114,41,1,5,44,42,212,210,4,0.025
114,42,2,5,35,42,192,194,2,0.0125
114,43,3,5,42,44,208,209,3,0.01875
114,44,4,5,42,45,215,220,1,0.00625
114,45,5,5,36,44,208,209,2,0.0125
114,46,6,5,45,41,204,204,4,0.025
114,47,7,5,43,36,159,162,2,0.0125
114,48,0,6,35,39,161,161,4,0.025
114,49,1,6,40,39,201,205,3,0.01875
114,50,2,6,30,43,188,185,5,0.03125
114,51,3,6,32,33,183,185,2,0.0125
114,52,4,6,46,42,207,204,2,0.0125
114,53,5,6,43,45,213,213,4,0.025
114,54,6,6,43,37,206,203,4,0.025
114,55,7,6,46,44,169,166,3,0.01875
114,56,0,7,43,43,126,126,3,0.01875
114,57,1,7,31,38,153,155,2,0.0125
114,58,2,7,44,40,156,157,3,0.01875
114,59,3,7,43,30,156,156,3,0.01875
114,60,4,7,35,34,148,153,1,0.00625
114,61,5,7,38,44,159,158,2,0.0125
114,62,6,7,37,43,157,157,1,0.00625
114,63,7,7,35,40,113,115,1,0.00625
115,0,0,0,32,39,110,108,3,0.01875
115,1,1,0,33,35,138,139,1,0.00625
115,2,2,0,30,32,129,128,2,0.0125
115,3,3,0,40,42,139,140,2,0.0125
115,4,4,0,43,44,159,161,1,0.00625
115,5,5,0,41,31,149,149,1,0.00625
115,6,6,0,46,39,159,159,5,0.03125
115,7,7,0,36,36,114,114,1,0.00625
115,8,0,1,42,35,155,155,2,0.0125
115,9,1,1,40,33,189,189,2,0.0125
115,10,2,1,34,34,182,181,4,0.025
115,11,3,1,39,26,180,175,4,0.025
115,12,4,1,34,40,197,194,4,0.025
115,13,5,1,34,43,182,183,2,0.0125
115,14,6,1,36,44,191,195,0,0.0
115,15,7,1,39,44,155,156,3,0.01875
115,16,0,2,40,39,163,162,6,0.0375
115,17,1,2,40,43,200,200,3,0.01875
115,18,2,2,44,40,201,199,5,0.03125
115,19,3,2,34,31,191,193,1,0.00625
115,20,4,2,39,38,197,199,2,0.0125
115,21,5,2,41,34,185,187,1,0.00625
115,22,6,2,43,34,199,203,1,0.00625
115,23,7,2,42,40,159,159,3,0.01875
115,24,0,3,38,41,164,163,1,0.00625
115,25,1,3,38,40,196,196,4,0.025
115,26,2,3,43,40,204,200,3,0.01875
115,27,3,3,38,44,210,208,4,0.025
115,28,4,3,41,35,204,204,4,0.025
115,29,5,3,37,40,195,197,1,0.00625
115,30,6,3,35,39,202,200,2,0.0125
115,31,7,3,41,44,155,159,2,0.0125
115,32,0,4,35,45,162,164,1,0.00625
115,33,1,4,34,36,186,186,2,0.0125
115,34,2,4,42,40,193,190,3,0.01875
115,35,3,4,41,40,205,204,4,0.025
115,36,4,4,45,39,211,209,5,0.03125
115,37,5,4,46,40,204,206,2,0.0125
115,38,6,4,42,40,207,206,3,0.01875
115,39,7,4,43,35,151,152,3,0.01875
115,40,0,5,42,43,164,165,1,0.00625
115,41,1,5,40,36,195,197,3,0.01875
115,42,2,5,42,34,190,190,4,0.025
115,43,3,5,43,42,199,201,1,0.00625
115,44,4,5,44,37,209,203,4,0.025
115,45,5,5,32,45,188,186,3,0.01875
115,46,6,5,42,42,194,193,3,0.01875
115,47,7,5,37,38,153,153,2,0.0125
115,48,0,6,45,41,167,169,3,0.01875
115,49,1,6,37,44,206,207,2,0.0125
115,50,2,6,35,41,190,195,1,0.00625
115,51,3,6,41,39,197,198,1,0.00625
115,52,4,6,41,44,218,218,5,0.03125
115,53,5,6,43,41,202,203,3,0.01875
115,54,6,6,40,33,200,201,4,0.025
115,55,7,6,45,44,162,162,2,0.0125
115,56,0,7,37,44,122,121,2,0.0125
115,57,1,7,37,43,158,155,4,0.025
115,58,2,7,37,39,150,151,2,0.0125
115,59,3,7,45,33,157,158,3,0.01875
115,60,4,7,36,39,161,158,4,0.025
115,61,5,7,42,41,157,157,4,0.025
115,62,6,7,33,43,157,158,1,0.00625
115,63,7,7,42,40,115,116,0,0.0
116,0,0,0,34,37,108,111,2,0.0125
116,1,1,0,44,44,159,157,3,0.01875
116,2,2,0,42,44,168,165,4,0.025
116,3,3,0,35,34,156,155,3,0.01875
116,4,4,0,45,40,161,158,4,0.025
116,5,5,0,44,44,170,170,2,0.0125
116,6,6,0,42,45,166,167,2,0.0125
116,7,7,0,38,38,121,120,2,0.0125
116,8,0,1,40,37,156,153,4,0.025
116,9,1,1,40,34,197,197,3,0.01875
116,10,2,1,32,40,196,199,1,0.00625
116,11,3,1,38,42,186,188,5,0.03125
116,12,4,1,42,37,193,193,3,0.01875
116,13,5,1,29,42,195,194,3,0.01875
116,14,6,1,44,39,195,193,2,0.0125
116,15,7,1,37,42,162,162,2,0.0125
116,16,0,2,44,40,162,162,5,0.03125
116,17,1,2,36,39,208,209,4,0.025
116,18,2,2,35,42,198,204,0,0.0
116,19,3,2,47,37,200,197,3,0.01875
116,20,4,2,30,36,194,192,2,0.0125
116,21,5,2,41,41,202,202,3,0.01875
116,22,6,2,42,30,201,201,4,0.025
116,23,7,2,40,40,166,168,2,0.0125
116,24,0,3,43,44,157,158,1,0.00625
116,25,1,3,34,44,198,200,4,0.025
116,26,2,3,44,38,193,193,4,0.025
116,27,3,3,33,39,188,188,2,0.0125
116,28,4,3,39,44,189,191,3,0.01875
116,29,5,3,42,31,194,192,4,0.025
116,30,6,3,37,40,193,194,3,0.01875
116,31,7,3,38,43,158,155,4,0.025
116,32,0,4,45,37,153,151,3,0.01875
116,33,1,4,43,42,207,206,4,0.025
116,34,2,4,46,35,200,200,4,0.025
116,35,3,4,42,44,203,203,5,0.03125
116,36,4,4,36,36,189,193,3,0.01875
116,37,5,4,38,41,201,201,1,0.00625
116,38,6,4,37,37,197,200,2,0.0125
116,39,7,4,39,39,154,156,1,0.00625
116,40,0,5,43,39,155,155,3,0.01875
116,41,1,5,38,42,204,205,2,0.0125
116,42,2,5,39,40,199,200,2,0.0125
116,43,3,5,37,43,204,203,2,0.0125
116,44,4,5,43,43,204,203,4,0.025
116,45,5,5,38,37,204,206,1,0.00625
116,46,6,5,46,39,211,211,5,0.03125
116,47,7,5,43,40,165,162,3,0.01875
116,48,0,6,40,38,157,157,2,0.0125
116,49,1,6,34,43,207,206,2,0.0125
116,50,2,6,42,39,202,200,3,0.01875
116,51,3,6,42,43,209,206,4,0.025
116,52,4,6,41,40,199,203,1,0.00625
116,53,5,6,45,43,218,217,4,0.025
116,54,6,6,38,39,212,212,2,0.0125
116,55,7,6,44,43,169,168,5,0.03125
116,56,0,7,45,44,124,124,2,0.0125
116,57,1,7,35,40,153,157,1,0.00625
116,58,2,7,41,35,149,147,4,0.025
116,59,3,7,36,40,151,151,2,0.0125
116,60,4,7,44,40,157,155,4,0.025
116,61,5,7,45,42,165,164,4,0.025
116,62,6,7,42,45,167,163,6,0.0375
116,63,7,7,36,42,116,116,1,0.00625
117,0,0,0,44,40,121,121,2,0.0125
117,1,1,0,38,44,163,166,1,0.00625
117,2,2,0,35,32,142,144,2,0.0125
117,3,3,0,34,41,147,148,1,0.00625
117,4,4,0,39,35,149,150,3,0.01875
117,5,5,0,40,38,160,161,0,0.0
117,6,6,0,40,44,166,168,2,0.0125
117,7,7,0,41,39,120,120,2,0.0125
117,8,0,1,39,37,155,159,1,0.00625
117,9,1,1,41,44,212,213,1,0.00625
117,10,2,1,42,38,195,192,2,0.0125
117,11,3,1,39,37,196,197,3,0.01875
117,12,4,1,44,35,195,195,4,0.025
117,13,5,1,35,42,198,199,0,0.0
117,14,6,1,40,43,200,199,4,0.025
117,15,7,1,42,41,161,160,2,0.0125
117,16,0,2,36,40,158,162,0,0.0
117,17,1,2,35,41,202,200,4,0.025
117,18,2,2,28,39,178,179,1,0.00625
117,19,3,2,45,39,192,194,2,0.0125
117,20,4,2,38,39,195,196,4,0.025
117,21,5,2,37,43,194,194,2,0.0125
117,22,6,2,35,34,183,184,2,0.0125
117,23,7,2,43,41,155,151,4,0.025
117,24,0,3,42,44,166,165,2,0.0125
117,25,1,3,31,38,194,195,2,0.0125
117,26,2,3,43,35,184,184,4,0.025
117,27,3,3,45,28,192,191,4,0.025
117,28,4,3,37,45,200,196,4,0.025
117,29,5,3,41,38,187,187,2,0.0125
117,30,6,3,29,36,187,185,5,0.03125
117,31,7,3,34,36,136,138,3,0.01875
117,32,0,4,44,36,168,168,4,0.025
117,33,1,4,41,45,218,218,4,0.025
117,34,2,4,45,33,198,196,4,0.025
117,35,3,4,43,44,215,212,5,0.03125
117,36,4,4,43,39,204,204,3,0.01875
117,37,5,4,35,35,190,188,3,0.01875
117,38,6,4,36,43,190,192,1,0.00625
117,39,7,4,36,27,136,138,2,0.0125
117,40,0,5,38,42,168,166,5,0.03125
117,41,1,5,40,44,211,213,1,0.00625
117,42,2,5,44,44,207,206,4,0.025
117,43,3,5,40,45,209,210,2,0.0125
117,44,4,5,33,43,196,201,2,0.0125
117,45,5,5,46,44,207,204,6,0.0375
117,46,6,5,45,34,207,205,5,0.03125
117,47,7,5,43,37,162,164,1,0.00625
117,48,0,6,37,44,165,164,2,0.0125
117,49,1,6,42,36,198,198,2,0.0125
117,50,2,6,33,42,187,189,1,0.00625
117,51,3,6,41,40,189,192,1,0.00625
117,52,4,6,45,39,200,194,6,0.0375
117,53,5,6,43,37,196,199,2,0.0125
117,54,6,6,36,42,196,196,3,0.01875
117,55,7,6,35,45,147,151,0,0.0
117,56,0,7,45,40,127,128,3,0.01875
117,57,1,7,36,39,162,162,1,0.00625
117,58,2,7,39,40,157,159,3,0.01875
117,59,3,7,36,37,152,154,1,0.00625
117,60,4,7,36,41,157,158,2,0.0125
117,61,5,7,41,44,164,165,3,0.01875
117,62,6,7,35,43,164,168,1,0.00625
117,63,7,7,44,33,118,115,3,0.01875
118,0,0,0,38,45,119,119,2,0.0125
118,1,1,0,45,40,160,158,2,0.0125
118,2,2,0,40,37,161,158,5,0.03125
118,3,3,0,45,43,163,162,2,0.0125
118,4,4,0,37,36,151,153,2,0.0125
118,5,5,0,38,41,152,151,1,0.00625
118,6,6,0,39,41,156,154,2,0.0125
118,7,7,0,37,36,112,110,3,0.01875
118,8,0,1,42,36,157,156,2,0.0125
118,9,1,1,43,38,194,193,4,0.025
118,10,2,1,45,45,204,201,4,0.025
118,11,3,1,39,38,200,199,2,0.0125
118,12,4,1,38,42,191,191,2,0.0125
118,13,5,1,44,37,196,192,3,0.01875
118,14,6,1,44,38,202,204,2,0.0125
118,15,7,1,33,38,148,150,2,0.0125
118,16,0,2,29,38,151,152,0,0.0
118,17,1,2,44,40,192,196,1,0.00625
118,18,2,2,46,41,210,203,4,0.025
118,19,3,2,44,43,215,211,5,0.03125
118,20,4,2,42,40,205,205,2,0.0125
118,21,5,2,43,41,210,207,3,0.01875
118,22,6,2,40,41,213,211,3,0.01875
118,23,7,2,42,43,160,162,3,0.01875
118,24,0,3,42,38,160,158,3,0.01875
118,25,1,3,42,33,192,192,2,0.0125
118,26,2,3,41,45,197,198,4,0.025
118,27,3,3,44,42,206,206,5,0.03125
118,28,4,3,44,44,204,205,4,0.025
118,29,5,3,43,43,205,205,3,0.01875
118,30,6,3,41,44,207,206,4,0.025
118,31,7,3,36,41,154,155,1,0.00625
118,32,0,4,42,38,157,159,0,0.0
118,33,1,4,42,39,201,197,5,0.03125
118,34,2,4,44,36,193,194,4,0.025
118,35,3,4,45,42,205,207,6,0.0375
118,36,4,4,35,44,197,194,3,0.01875
118,37,5,4,35,44,191,189,4,0.025
118,38,6,4,32,41,190,186,2,0.0125
118,39,7,4,36,41,147,147,0,0.0
118,40,0,5,33,34,153,154,4,0.025
118,41,1,5,37,45,198,195,3,0.01875
118,42,2,5,37,39,193,195,2,0.0125
118,43,3,5,45,44,211,209,4,0.025
118,44,4,5,28,44,192,190,3,0.01875
118,45,5,5,45,38,191,193,4,0.025
118,46,6,5,34,36,201,205,3,0.01875
118,47,7,5,40,32,150,151,2,0.0125
118,48,0,6,44,43,174,171,4,0.025
118,49,1,6,36,33,191,193,2,0.0125
118,50,2,6,38,33,188,187,2,0.0125
118,51,3,6,41,41,205,206,1,0.00625
118,52,4,6,36,42,202,205,4,0.025
118,53,5,6,43,27,191,189,3,0.01875
118,54,6,6,41,45,216,218,2,0.0125
118,55,7,6,42,41,164,163,1,0.00625
118,56,0,7,39,40,123,124,3,0.01875
118,57,1,7,40,42,170,167,4,0.025
118,58,2,7,38,37,161,160,3,0.01875
118,59,3,7,39,36,161,158,3,0.01875
118,60,4,7,40,43,163,163,4,0.025
118,61,5,7,44,38,166,167,3,0.01875
118,62,6,7,41,44,171,170,2,0.0125
118,63,7,7,45,41,123,122,4,0.025
119,0,0,0,38,45,125,125,0,0.0
119,1,1,0,42,39,164,165,3,0.01875
119,2,2,0,42,39,168,171,2,0.0125
119,3,3,0,43,33,166,166,2,0.0125
119,4,4,0,44,43,178,173,3,0.01875
119,5,5,0,45,42,173,174,1,0.00625
119,6,6,0,35,39,161,159,4,0.025
119,7,7,0,45,42,123,124,2,0.0125
119,8,0,1,39,44,170,169,2,0.0125
119,9,1,1,30,40,191,195,1,0.00625
119,10,2,1,40,44,198,203,2,0.0125
119,11,3,1,44,44,207,206,4,0.025
119,12,4,1,37,45,208,213,1,0.00625
119,13,5,1,39,41,207,209,4,0.025
119,14,6,1,41,42,205,206,0,0.0
119,15,7,1,45,37,170,169,4,0.025
119,16,0,2,42,39,170,168,1,0.00625
119,17,1,2,42,40,205,205,1,0.00625
119,18,2,2,43,35,202,205,3,0.01875
119,19,3,2,38,43,204,206,2,0.0125
119,20,4,2,45,43,214,215,4,0.025
119,21,5,2,35,39,205,206,4,0.025
119,22,6,2,38,42,195,198,1,0.00625
119,23,7,2,43,43,170,171,1,0.00625
119,24,0,3,44,45,175,175,5,0.03125
119,25,1,3,44,39,207,206,4,0.025
119,26,2,3,41,41,206,203,3,0.01875
119,27,3,3,44,44,203,203,4,0.025
119,28,4,3,41,41,211,213,2,0.0125
119,29,5,3,44,42,215,215,2,0.0125
119,30,6,3,43,35,198,199,4,0.025
119,31,7,3,46,38,168,165,2,0.0125
119,32,0,4,44,40,167,167,3,0.01875
119,33,1,4,44,44,208,210,6,0.0375
119,34,2,4,45,44,211,211,4,0.025
119,35,3,4,41,39,196,201,1,0.00625
119,36,4,4,40,44,207,209,2,0.0125
119,37,5,4,45,44,212,211,5,0.03125
119,38,6,4,43,44,205,205,3,0.01875
119,39,7,4,41,43,166,164,2,0.0125
119,40,0,5,44,39,165,165,4,0.025
119,41,1,5,39,41,202,201,3,0.01875
119,42,2,5,34,44,194,191,2,0.0125
119,43,3,5,45,45,198,196,5,0.03125
119,44,4,5,46,42,216,213,5,0.03125
119,45,5,5,40,37,203,202,2,0.0125
119,46,6,5,34,44,191,189,1,0.00625
119,47,7,5,38,39,152,152,0,0.0
119,48,0,6,33,38,152,156,1,0.00625
119,49,1,6,43,44,200,197,4,0.025
119,50,2,6,39,42,201,201,1,0.00625
119,51,3,6,40,35,190,185,3,0.01875
119,52,4,6,35,45,197,197,1,0.00625
119,53,5,6,45,43,207,207,4,0.025
119,54,6,6,44,40,205,200,3,0.01875
119,55,7,6,42,31,158,158,3,0.01875
119,56,0,7,38,41,124,123,3,0.01875
119,57,1,7,42,34,156,155,4,0.025
119,58,2,7,34,41,156,158,2,0.0125
119,59,3,7,40,40,160,162,1,0.00625
119,60,4,7,43,37,166,168,2,0.0125
119,61,5,7,35,38,160,160,4,0.025
119,62,6,7,40,44,164,166,2,0.0125
119,63,7,7,44,43,129,131,2,0.0125
120,0,0,0,36,44,125,125,2,0.0125
120,1,1,0,44,38,163,165,1,0.00625
120,2,2,0,37,43,170,168,3,0.01875
120,3,3,0,38,39,157,157,0,0.0
120,4,4,0,43,42,166,169,3,0.01875
120,5,5,0,38,35,161,160,2,0.0125
120,6,6,0,46,38,166,168,2,0.0125
120,7,7,0,39,44,127,129,2,0.0125
120,8,0,1,37,44,167,169,1,0.00625
120,9,1,1,40,37,194,193,1,0.00625
120,10,2,1,38,44,205,204,2,0.0125
120,11,3,1,44,36,196,198,3,0.01875
120,12,4,1,48,42,217,212,4,0.025
120,13,5,1,40,43,203,204,2,0.0125
120,14,6,1,41,40,202,197,4,0.025
120,15,7,1,41,44,166,167,3,0.01875
120,16,0,2,38,40,167,168,1,0.00625
120,17,1,2,40,38,201,199,3,0.01875
120,18,2,2,39,40,204,206,1,0.00625
120,19,3,2,41,41,198,200,2,0.0125
120,20,4,2,35,44,209,209,3,0.01875
120,21,5,2,37,43,196,198,3,0.01875
120,22,6,2,37,41,200,195,3,0.01875
120,23,7,2,46,40,163,162,3,0.01875
120,24,0,3,37,44,168,171,2,0.0125
120,25,1,3,38,39,195,196,2,0.0125
120,26,2,3,42,40,203,209,0,0.0
120,27,3,3,34,40,196,197,3,0.01875
120,28,4,3,46,39,204,201,4,0.025
120,29,5,3,41,39,200,200,4,0.025
120,30,6,3,40,35,201,203,3,0.01875
120,31,7,3,41,34,164,164,3,0.01875
120,32,0,4,37,40,159,159,2,0.0125
120,33,1,4,40,40,189,193,2,0.0125
120,34,2,4,40,38,202,201,4,0.025
120,35,3,4,35,44,194,192,3,0.01875
120,36,4,4,37,36,184,184,3,0.01875
120,37,5,4,37,43,183,187,2,0.0125
120,38,6,4,42,43,207,205,4,0.025
120,39,7,4,35,43,168,167,2,0.0125
120,40,0,5,39,38,161,163,1,0.00625
120,41,1,5,42,39,196,196,5,0.03125
120,42,2,5,45,46,216,216,3,0.01875
120,43,3,5,42,40,200,201,4,0.025
120,44,4,5,39,38,198,200,3,0.01875
120,45,5,5,33,35,182,185,1,0.00625
120,46,6,5,38,41,196,198,4,0.025
120,47,7,5,38,42,162,161,2,0.0125
120,48,0,6,42,39,169,166,4,0.025
120,49,1,6,48,40,208,209,5,0.03125
120,50,2,6,43,40,216,212,4,0.025
120,51,3,6,45,40,206,207,4,0.025
120,52,4,6,44,42,218,216,6,0.0375
120,53,5,6,41,41,201,200,4,0.025
120,54,6,6,38,36,201,205,2,0.0125
120,55,7,6,41,36,164,163,1,0.00625
120,56,0,7,33,41,119,122,0,0.0
120,57,1,7,41,40,160,163,1,0.00625
120,58,2,7,36,48,172,170,2,0.0125
120,59,3,7,44,40,162,161,4,0.025
120,60,4,7,31,45,165,164,2,0.0125
120,61,5,7,41,39,158,155,4,0.025
120,62,6,7,47,41,170,168,3,0.01875
120,63,7,7,41,42,126,126,3,0.01875
121,0,0,0,44,40,115,113,3,0.01875
121,1,1,0,40,40,152,148,3,0.01875
121,2,2,0,36,36,140,145,0,0.0
121,3,3,0,37,39,147,148,2,0.0125
121,4,4,0,41,44,156,158,2,0.0125
121,5,5,0,42,34,153,154,1,0.00625
121,6,6,0,44,45,162,162,2,0.0125
121,7,7,0,38,44,126,123,3,0.01875
121,8,0,1,45,32,162,160,3,0.01875
121,9,1,1,36,39,200,196,4,0.025
121,10,2,1,43,40,194,192,3,0.01875
121,11,3,1,34,40,198,197,3,0.01875
121,12,4,1,44,35,207,204,7,0.04375
121,13,5,1,46,45,211,210,3,0.01875
121,14,6,1,29,40,201,202,2,0.0125
121,15,7,1,43,44,165,164,2,0.0125
121,16,0,2,39,44,165,162,3,0.01875
121,17,1,2,41,43,202,201,4,0.025
121,18,2,2,38,31,187,187,1,0.00625
121,19,3,2,38,37,201,201,2,0.0125
121,20,4,2,42,39,205,205,3,0.01875
121,21,5,2,42,44,200,199,4,0.025
121,22,6,2,40,42,211,214,2,0.0125
121,23,7,2,42,34,159,159,4,0.025
121,24,0,3,34,42,158,157,2,0.0125
121,25,1,3,44,36,198,194,5,0.03125
121,26,2,3,41,41,200,198,3,0.01875
121,27,3,3,44,41,206,206,4,0.025
121,28,4,3,42,40,210,213,3,0.01875
121,29,5,3,40,38,195,192,6,0.0375
121,30,6,3,36,43,204,203,2,0.0125
121,31,7,3,40,39,160,161,2,0.0125
121,32,0,4,36,43,157,156,3,0.01875
121,33,1,4,38,35,186,187,1,0.00625
121,34,2,4,44,44,196,196,4,0.025
121,35,3,4,38,39,201,200,4,0.025
121,36,4,4,40,44,206,204,3,0.01875
121,37,5,4,37,42,196,192,3,0.01875
121,38,6,4,41,38,198,200,2,0.0125
121,39,7,4,42,38,164,164,4,0.025
121,40,0,5,45,37,155,154,3,0.01875
121,41,1,5,42,37,194,195,2,0.0125
121,42,2,5,43,35,186,185,3,0.01875
121,43,3,5,41,44,201,204,1,0.00625
121,44,4,5,41,34,192,195,3,0.01875
121,45,5,5,44,43,194,191,3,0.01875
121,46,6,5,42,35,195,196,1,0.00625
121,47,7,5,37,45,168,164,6,0.0375
121,48,0,6,37,33,146,151,2,0.0125
121,49,1,6,44,44,208,205,4,0.025
121,50,2,6,44,43,204,205,5,0.03125
121,51,3,6,41,43,206,206,2,0.0125
121,52,4,6,39,42,203,207,2,0.0125
121,53,5,6,40,40,189,191,4,0.025
121,54,6,6,40,42,204,204,2,0.0125
121,55,7,6,35,43,161,163,1,0.00625
121,56,0,7,46,37,122,119,3,0.01875
121,57,1,7,32,41,156,155,1,0.00625
121,58,2,7,45,44,163,162,3,0.01875
121,59,3,7,45,44,174,173,2,0.0125
121,60,4,7,38,45,165,164,3,0.01875
121,61,5,7,44,40,163,163,4,0.025
121,62,6,7,41,41,170,171,2,0.0125
121,63,7,7,44,40,128,127,2,0.0125
122,0,0,0,42,41,129,128,4,0.025
122,1,1,0,35,44,166,167,3,0.01875
122,2,2,0,41,39,160,155,3,0.01875
122,3,3,0,40,44,164,161,4,0.025
122,4,4,0,39,44,164,163,1,0.00625
122,5,5,0,45,41,168,164,3,0.01875
122,6,6,0,35,37,161,160,4,0.025
122,7,7,0,43,41,120,119,3,0.01875
122,8,0,1,43,44,169,170,3,0.01875
122,9,1,1,44,43,220,219,5,0.03125
122,10,2,1,42,34,204,204,3,0.01875
122,11,3,1,36,36,202,202,3,0.01875
122,12,4,1,44,36,200,201,6,0.0375
122,13,5,1,35,37,203,208,0,0.0
122,14,6,1,38,45,203,206,2,0.0125
122,15,7,1,46,35,157,158,2,0.0125
122,16,0,2,39,44,164,166,1,0.00625
122,17,1,2,32,42,198,198,5,0.03125
122,18,2,2,40,44,202,201,2,0.0125
122,19,3,2,43,42,211,209,4,0.025
122,20,4,2,44,33,202,199,5,0.03125
122,21,5,2,38,44,212,208,4,0.025
122,22,6,2,38,40,191,191,3,0.01875
122,23,7,2,36,37,156,155,3,0.01875
122,24,0,3,37,40,157,157,2,0.0125
122,25,1,3,45,40,205,208,2,0.0125
122,26,2,3,41,35,206,205,2,0.0125
122,27,3,3,37,40,207,205,3,0.01875
122,28,4,3,44,40,206,205,3,0.01875
122,29,5,3,41,44,216,218,3,0.01875
122,30,6,3,36,37,191,194,2,0.0125
122,31,7,3,40,41,156,156,2,0.0125
122,32,0,4,39,42,163,163,3,0.01875
122,33,1,4,43,33,206,203,3,0.01875
122,34,2,4,36,45,207,210,1,0.00625
122,35,3,4,40,41,208,209,2,0.0125
122,36,4,4,40,35,203,203,4,0.025
122,37,5,4,46,44,215,214,5,0.03125
122,38,6,4,32,42,201,200,3,0.01875
122,39,7,4,44,33,149,149,3,0.01875
122,40,0,5,44,44,162,161,4,0.025
122,41,1,5,42,36,205,205,3,0.01875
122,42,2,5,44,42,206,204,5,0.03125
122,43,3,5,43,39,209,209,3,0.01875
122,44,4,5,44,44,214,212,6,0.0375
122,45,5,5,35,37,196,198,2,0.0125
122,46,6,5,45,44,199,199,3,0.01875
122,47,7,5,36,31,151,154,2,0.0125
122,48,0,6,42,38,159,156,5,0.03125
122,49,1,6,33,44,201,206,2,0.0125
122,50,2,6,45,40,202,201,5,0.03125
122,51,3,6,35,44,211,212,3,0.01875
122,52,4,6,37,45,201,201,2,0.0125
122,53,5,6,42,43,211,209,1,0.00625
122,54,6,6,42,39,200,198,4,0.025
122,55,7,6,44,42,167,163,2,0.0125
122,56,0,7,45,43,123,124,2,0.0125
122,57,1,7,44,38,162,163,2,0.0125
122,58,2,7,45,35,158,158,2,0.0125
122,59,3,7,40,45,167,169,1,0.00625
122,60,4,7,41,31,154,156,3,0.01875
122,61,5,7,38,40,156,155,5,0.03125
122,62,6,7,43,41,161,159,4,0.025
122,63,7,7,37,38,117,115,4,0.025
123,0,0,0,41,40,125,125,4,0.025
123,1,1,0,42,40,164,166,0,0.0
123,2,2,0,45,42,172,173,4,0.025
123,3,3,0,40,45,173,176,2,0.0125
123,4,4,0,41,42,168,167,2,0.0125
123,5,5,0,40,39,163,168,1,0.00625
123,6,6,0,37,45,169,171,2,0.0125
123,7,7,0,42,39,121,125,0,0.0
123,8,0,1,32,44,160,162,2,0.0125
123,9,1,1,41,41,196,200,2,0.0125
123,10,2,1,38,42,202,204,2,0.0125
123,11,3,1,31,45,199,202,1,0.00625
123,12,4,1,39,43,195,201,1,0.00625
123,13,5,1,38,40,197,193,2,0.0125
123,14,6,1,37,42,200,198,4,0.025
123,15,7,1,39,41,155,155,1,0.00625
123,16,0,2,42,42,165,164,3,0.01875
123,17,1,2,27,36,182,185,1,0.00625
123,18,2,2,31,42,178,179,3,0.01875
123,19,3,2,34,41,184,190,0,0.0
123,20,4,2,41,34,187,194,1,0.00625
123,21,5,2,39,41,194,198,2,0.0125
123,22,6,2,44,37,205,202,3,0.01875
123,23,7,2,38,33,151,153,3,0.01875
123,24,0,3,45,41,168,168,1,0.00625
123,25,1,3,42,40,202,203,2,0.0125
123,26,2,3,38,27,187,185,5,0.03125
123,27,3,3,43,31,194,195,4,0.025
123,28,4,3,44,37,209,210,3,0.01875
123,29,5,3,44,42,204,205,2,0.0125
123,30,6,3,38,45,212,210,4,0.025
123,31,7,3,44,41,161,159,4,0.025
123,32,0,4,32,39,156,155,4,0.025
123,33,1,4,46,45,201,199,3,0.01875
123,34,2,4,40,42,206,207,2,0.0125
123,35,3,4,36,38,196,195,4,0.025
123,36,4,4,43,45,204,201,5,0.03125
123,37,5,4,44,44,200,203,4,0.025
123,38,6,4,34,43,199,199,3,0.01875
123,39,7,4,33,36,140,144,0,0.0
123,40,0,5,44,39,172,169,5,0.03125
123,41,1,5,36,34,196,194,5,0.03125
123,42,2,5,36,44,199,204,1,0.00625
123,43,3,5,34,42,197,197,0,0.0
123,44,4,5,42,32,194,193,4,0.025
123,45,5,5,42,44,202,200,4,0.025
123,46,6,5,43,44,213,211,5,0.03125
123,47,7,5,44,31,156,155,3,0.01875
123,48,0,6,44,43,162,164,2,0.0125
123,49,1,6,39,44,201,198,3,0.01875
123,50,2,6,36,36,185,188,3,0.01875
123,51,3,6,33,40,184,186,1,0.00625
123,52,4,6,41,35,186,185,3,0.01875
123,53,5,6,38,42,187,185,5,0.03125
123,54,6,6,34,37,190,191,2,0.0125
123,55,7,6,32,43,150,154,0,0.0
123,56,0,7,38,34,117,116,2,0.0125
123,57,1,7,39,45,166,166,2,0.0125
123,58,2,7,41,41,166,167,2,0.0125
123,59,3,7,45,37,170,168,3,0.01875
123,60,4,7,34,37,158,154,3,0.01875
123,61,5,7,44,39,160,162,4,0.025
123,62,6,7,40,40,165,165,3,0.01875
123,63,7,7,40,36,116,121,1,0.00625
124,0,0,0,35,37,111,115,1,0.00625
124,1,1,0,39,41,162,161,2,0.0125
124,2,2,0,42,30,153,152,3,0.01875
124,3,3,0,38,41,165,165,1,0.00625
124,4,4,0,34,45,160,161,2,0.0125
124,5,5,0,42,34,151,149,2,0.0125
124,6,6,0,44,44,169,169,1,0.00625
124,7,7,0,41,43,126,126,0,0.0
124,8,0,1,44,41,161,159,4,0.025
124,9,1,1,42,39,205,204,4,0.025
124,10,2,1,42,39,192,193,2,0.0125
124,11,3,1,42,43,209,206,4,0.025
124,12,4,1,41,40,207,206,0,0.0
124,13,5,1,46,36,197,197,1,0.00625
124,14,6,1,45,40,210,210,4,0.025
124,15,7,1,36,42,165,164,3,0.01875
124,16,0,2,45,41,160,160,3,0.01875
124,17,1,2,42,40,210,208,3,0.01875
124,18,2,2,33,42,187,184,3,0.01875
124,19,3,2,42,39,202,194,4,0.025
124,20,4,2,42,38,210,207,2,0.0125
124,21,5,2,40,45,208,206,4,0.025
124,22,6,2,44,42,214,218,2,0.0125
124,23,7,2,44,44,175,174,1,0.00625
124,24,0,3,42,39,159,159,2,0.0125
124,25,1,3,34,45,210,211,2,0.0125
124,26,2,3,35,40,187,190,1,0.00625
124,27,3,3,45,28,194,196,4,0.025
124,28,4,3,41,40,208,208,2,0.0125
124,29,5,3,45,43,206,206,4,0.025
124,30,6,3,41,37,209,207,3,0.01875
124,31,7,3,36,44,163,169,0,0.0
124,32,0,4,39,43,154,155,2,0.0125
124,33,1,4,36,43,198,200,4,0.025
124,34,2,4,35,37,174,172,2,0.0125
124,35,3,4,44,38,195,194,4,0.025
124,36,4,4,43,43,211,215,3,0.01875
124,37,5,4,39,44,202,203,2,0.0125
124,38,6,4,42,45,209,211,2,0.0125
124,39,7,4,41,41,168,165,3,0.01875
124,40,0,5,44,37,161,162,5,0.03125
124,41,1,5,33,41,204,209,1,0.00625
124,42,2,5,37,36,183,178,4,0.025
124,43,3,5,35,32,194,194,2,0.0125
124,44,4,5,35,45,203,207,2,0.0125
124,45,5,5,42,43,208,208,5,0.03125
124,46,6,5,42,41,214,214,2,0.0125
124,47,7,5,45,43,170,171,3,0.01875
124,48,0,6,41,44,155,154,4,0.025
124,49,1,6,36,44,197,197,4,0.025
124,50,2,6,43,35,178,178,3,0.01875
124,51,3,6,43,36,203,200,4,0.025
124,52,4,6,35,35,189,191,1,0.00625
124,53,5,6,44,39,189,192,3,0.01875
124,54,6,6,39,42,200,199,4,0.025
124,55,7,6,36,42,158,155,1,0.00625
124,56,0,7,42,33,113,112,2,0.0125
124,57,1,7,30,40,150,150,1,0.00625
124,58,2,7,45,34,147,146,3,0.01875
124,59,3,7,45,43,167,167,4,0.025
124,60,4,7,41,39,160,163,4,0.025
124,61,5,7,45,35,156,156,2,0.0125
124,62,6,7,39,42,161,164,1,0.00625
124,63,7,7,39,38,119,114,5,0.03125
125,0,0,0,43,43,126,124,1,0.00625
125,1,1,0,43,40,162,163,2,0.0125
125,2,2,0,41,30,154,155,2,0.0125
125,3,3,0,41,45,166,163,4,0.025
125,4,4,0,34,44,156,155,3,0.01875
125,5,5,0,37,44,154,154,2,0.0125
125,6,6,0,38,41,156,155,1,0.00625
125,7,7,0,41,37,115,113,3,0.01875
125,8,0,1,44,40,165,163,4,0.025
125,9,1,1,45,38,205,202,5,0.03125
125,10,2,1,37,44,194,192,3,0.01875
125,11,3,1,35,40,197,198,3,0.01875
125,12,4,1,38,36,196,193,3,0.01875
125,13,5,1,45,34,198,199,2,0.0125
125,14,6,1,35,38,199,198,3,0.01875
125,15,7,1,40,38,150,152,1,0.00625
125,16,0,2,44,38,169,168,5,0.03125
125,17,1,2,37,44,206,206,4,0.025
125,18,2,2,35,44,186,185,4,0.025
125,19,3,2,30,39,188,192,1,0.00625
125,20,4,2,37,39,198,197,4,0.025
125,21,5,2,33,37,192,192,3,0.01875
125,22,6,2,37,45,195,194,2,0.0125
125,23,7,2,44,37,154,156,2,0.0125
125,24,0,3,37,43,161,161,3,0.01875
125,25,1,3,45,44,201,199,4,0.025
125,26,2,3,36,35,178,178,1,0.00625
125,27,3,3,37,35,192,191,1,0.00625
125,28,4,3,39,34,195,196,1,0.00625
125,29,5,3,38,36,200,198,3,0.01875
125,30,6,3,44,32,190,192,4,0.025
125,31,7,3,42,40,159,158,1,0.00625
125,32,0,4,48,37,166,165,5,0.03125
125,33,1,4,44,37,202,201,2,0.0125
125,34,2,4,42,42,194,193,3,0.01875
125,35,3,4,44,36,205,206,5,0.03125
125,36,4,4,35,39,199,202,1,0.00625
125,37,5,4,41,39,198,198,3,0.01875
125,38,6,4,41,39,192,194,1,0.00625
125,39,7,4,33,44,156,157,2,0.0125
125,40,0,5,44,38,170,172,4,0.025
125,41,1,5,46,44,217,214,3,0.01875
125,42,2,5,41,44,199,202,2,0.0125
125,43,3,5,38,40,205,203,4,0.025
125,44,4,5,34,44,200,199,3,0.01875
125,45,5,5,41,38,198,201,2,0.0125
125,46,6,5,32,39,198,198,3,0.01875
125,47,7,5,45,43,160,161,2,0.0125
125,48,0,6,36,44,162,163,1,0.00625
125,49,1,6,43,44,197,199,2,0.0125
125,50,2,6,36,44,177,179,3,0.01875
125,51,3,6,44,38,196,194,3,0.01875
125,52,4,6,45,34,198,196,3,0.01875
125,53,5,6,31,33,181,182,2,0.0125
125,54,6,6,43,43,188,191,2,0.0125
125,55,7,6,32,36,144,146,2,0.0125
125,56,0,7,40,36,120,119,5,0.03125
125,57,1,7,23,40,147,146,2,0.0125
125,58,2,7,45,41,151,152,2,0.0125
125,59,3,7,39,36,161,164,0,0.0
125,60,4,7,38,44,169,170,2,0.0125
125,61,5,7,33,44,163,165,3,0.01875
125,62,6,7,37,34,153,153,1,0.00625
125,63,7,7,45,42,123,124,3,0.01875
126,0,0,0,45,42,127,126,3,0.01875
126,1,1,0,41,43,170,166,5,0.03125
126,2,2,0,40,29,148,147,4,0.025
126,3,3,0,43,42,163,163,3,0.01875
126,4,4,0,39,36,155,156,1,0.00625
126,5,5,0,36,34,149,148,1,0.00625
126,6,6,0,43,38,158,158,2,0.0125
126,7,7,0,40,35,118,118,3,0.01875
126,8,0,1,44,39,164,164,3,0.01875
126,9,1,1,44,45,213,217,2,0.0125
126,10,2,1,37,39,189,193,0,0.0
126,11,3,1,37,40,194,194,1,0.00625
126,12,4,1,37,43,187,190,2,0.0125
126,13,5,1,43,38,191,190,3,0.01875
126,14,6,1,41,37,200,202,2,0.0125
126,15,7,1,41,42,159,155,3,0.01875
126,16,0,2,37,36,156,158,0,0.0
126,17,1,2,45,44,209,209,3,0.01875
126,18,2,2,38,47,198,198,3,0.01875
126,19,3,2,37,39,191,192,3,0.01875
126,20,4,2,34,35,171,174,1,0.00625
126,21,5,2,42,36,182,181,5,0.03125
126,22,6,2,46,43,206,202,5,0.03125
126,23,7,2,35,39,155,155,1,0.00625
126,24,0,3,43,39,164,163,4,0.025
126,25,1,3,36,38,197,198,1,0.00625
126,26,2,3,40,44,187,184,5,0.03125
126,27,3,3,33,40,187,190,0,0.0
126,28,4,3,39,32,176,175,2,0.0125
126,29,5,3,44,36,187,185,4,0.025
126,30,6,3,39,40,200,201,3,0.01875
126,31,7,3,37,43,155,151,4,0.025
126,32,0,4,35,39,149,151,3,0.01875
126,33,1,4,38,42,197,198,1,0.00625
126,34,2,4,34,39,176,177,2,0.0125
126,35,3,4,39,37,182,183,3,0.01875
126,36,4,4,32,34,176,176,1,0.00625
126,37,5,4,40,38,182,178,4,0.025
126,38,6,4,45,43,209,206,3,0.01875
126,39,7,4,40,39,157,153,4,0.025
126,40,0,5,42,33,157,159,2,0.0125
126,41,1,5,43,38,208,208,3,0.01875
126,42,2,5,39,40,193,193,2,0.0125
126,43,3,5,33,34,185,186,0,0.0
126,44,4,5,39,42,190,190,3,0.01875
126,45,5,5,41,34,184,182,4,0.025
126,46,6,5,41,40,203,201,4,0.025
126,47,7,5,35,42,150,153,0,0.0
126,48,0,6,48,40,164,161,5,0.03125
126,49,1,6,37,44,204,202,3,0.01875
126,50,2,6,37,43,191,191,2,0.0125
126,51,3,6,49,41,199,199,5,0.03125
126,52,4,6,32,35,188,189,3,0.01875
126,53,5,6,40,37,183,183,2,0.0125
126,54,6,6,34,39,196,195,3,0.01875
126,55,7,6,36,37,148,146,3,0.01875
126,56,0,7,40,36,116,121,1,0.00625
126,57,1,7,34,44,160,161,1,0.00625
126,58,2,7,34,42,154,156,0,0.0
126,59,3,7,34,39,152,154,0,0.0
126,60,4,7,32,49,153,156,0,0.0
126,61,5,7,48,37,152,153,2,0.0125
126,62,6,7,36,41,159,155,4,0.025
126,63,7,7,35,38,107,112,0,0.0
127,0,0,0,44,36,124,122,4,0.025
127,1,1,0,45,38,170,172,3,0.01875
127,2,2,0,44,38,169,170,2,0.0125
127,3,3,0,41,29,159,160,3,0.01875
127,4,4,0,42,35,161,161,3,0.01875
127,5,5,0,39,35,156,155,3,0.01875
127,6,6,0,34,44,159,159,2,0.0125
127,7,7,0,39,41,117,121,0,0.0
127,8,0,1,41,44,162,164,2,0.0125
127,9,1,1,32,44,203,203,2,0.0125
127,10,2,1,38,45,198,196,2,0.0125
127,11,3,1,43,44,200,199,5,0.03125
127,12,4,1,35,41,200,201,2,0.0125
127,13,5,1,41,41,196,195,2,0.0125
127,14,6,1,36,37,204,204,2,0.0125
127,15,7,1,44,38,163,164,5,0.03125
127,16,0,2,41,45,154,152,3,0.01875
127,17,1,2,38,44,197,196,1,0.00625
127,18,2,2,44,32,189,191,3,0.01875
127,19,3,2,44,36,192,191,3,0.01875
127,20,4,2,46,41,204,200,4,0.025
127,21,5,2,44,38,197,198,5,0.03125
127,22,6,2,44,42,211,211,4,0.025
127,23,7,2,36,39,161,160,2,0.0125
127,24,0,3,34,34,139,142,1,0.00625
127,25,1,3,35,40,196,191,4,0.025
127,26,2,3,44,42,198,201,1,0.00625
127,27,3,3,41,43,200,195,4,0.025
127,28,4,3,34,45,196,195,2,0.0125
127,29,5,3,44,43,199,201,6,0.0375
127,30,6,3,37,44,211,213,1,0.00625
127,31,7,3,41,44,169,170,4,0.025
127,32,0,4,39,38,155,152,3,0.01875
127,33,1,4,35,40,193,192,2,0.0125
127,34,2,4,41,32,192,195,1,0.00625
127,35,3,4,47,44,212,209,5,0.03125
127,36,4,4,41,39,205,202,2,0.0125
127,37,5,4,45,37,199,201,3,0.01875
127,38,6,4,38,44,216,219,1,0.00625
127,39,7,4,44,41,170,171,4,0.025
127,40,0,5,38,44,156,154,4,0.025
127,41,1,5,36,36,191,190,4,0.025
127,42,2,5,36,34,187,187,2,0.0125
127,43,3,5,39,44,197,196,3,0.01875
127,44,4,5,38,43,196,195,3,0.01875
127,45,5,5,44,36,197,197,4,0.025
127,46,6,5,41,45,213,217,2,0.0125
127,47,7,5,43,42,172,167,2,0.0125
127,48,0,6,33,40,146,149,2,0.0125
127,49,1,6,39,37,193,192,5,0.03125
127,50,2,6,34,36,183,182,1,0.00625
127,51,3,6,44,37,188,189,5,0.03125
127,52,4,6,40,40,197,195,3,0.01875
127,53,5,6,37,38,187,186,2,0.0125
127,54,6,6,39,44,198,198,3,0.01875
127,55,7,6,39,42,158,160,2,0.0125
127,56,0,7,40,36,110,109,1,0.00625
127,57,1,7,42,36,154,151,5,0.03125
127,58,2,7,36,34,144,141,2,0.0125
127,59,3,7,36,35,139,137,1,0.00625
127,60,4,7,41,44,158,152,4,0.025
127,61,5,7,44,34,156,154,4,0.025
127,62,6,7,44,37,161,162,2,0.0125
127,63,7,7,36,35,115,113,2,0.0125
128,0,0,0,39,39,117,119,2,0.0125
128,1,1,0,36,36,150,151,2,0.0125
128,2,2,0,45,41,163,164,2,0.0125
128,3,3,0,44,39,167,166,2,0.0125
128,4,4,0,43,35,165,163,4,0.025
128,5,5,0,45,43,172,171,3,0.01875
128,6,6,0,44,44,175,172,4,0.025
128,7,7,0,45,45,130,127,3,0.01875
128,8,0,1,34,39,158,157,2,0.0125
128,9,1,1,35,39,186,184,2,0.0125
128,10,2,1,37,38,190,189,3,0.01875
128,11,3,1,42,45,202,203,3,0.01875
128,12,4,1,42,45,205,202,2,0.0125
128,13,5,1,39,42,204,204,3,0.01875
128,14,6,1,37,45,205,205,2,0.0125
128,15,7,1,37,39,160,161,1,0.00625
128,16,0,2,45,43,171,171,3,0.01875
128,17,1,2,33,36,189,192,1,0.00625
128,18,2,2,33,34,179,180,3,0.01875
128,19,3,2,41,38,193,193,3,0.01875
128,20,4,2,45,44,209,211,3,0.01875
128,21,5,2,39,36,209,209,3,0.01875
128,22,6,2,44,40,215,216,6,0.0375
128,23,7,2,46,38,172,171,3,0.01875
128,24,0,3,34,43,162,162,2,0.0125
128,25,1,3,35,45,189,193,1,0.00625
128,26,2,3,44,31,194,195,3,0.01875
128,27,3,3,32,36,194,194,4,0.025
128,28,4,3,41,43,195,194,2,0.0125
128,29,5,3,44,45,212,214,3,0.01875
128,30,6,3,35,41,213,210,4,0.025
128,31,7,3,44,44,169,167,4,0.025
128,32,0,4,42,44,168,172,1,0.00625
128,33,1,4,39,30,190,191,4,0.025
128,34,2,4,31,38,190,191,0,0.0
128,35,3,4,44,44,199,201,2,0.0125
128,36,4,4,45,33,199,199,3,0.01875
128,37,5,4,39,36,204,205,2,0.0125
128,38,6,4,44,44,212,208,4,0.025
128,39,7,4,38,36,160,162,3,0.01875
128,40,0,5,40,42,161,161,2,0.0125
128,41,1,5,39,43,194,194,4,0.025
128,42,2,5,45,38,199,196,5,0.03125
128,43,3,5,36,32,183,184,0,0.0
128,44,4,5,30,44,182,181,4,0.025
128,45,5,5,41,44,195,197,2,0.0125
128,46,6,5,43,39,206,206,0,0.0
128,47,7,5,39,41,166,168,3,0.01875
128,48,0,6,41,37,158,156,3,0.01875
128,49,1,6,36,41,189,194,2,0.0125
128,50,2,6,42,40,200,200,2,0.0125
128,51,3,6,44,42,207,208,5,0.03125
128,52,4,6,42,34,193,194,1,0.00625
128,53,5,6,35,31,193,192,4,0.025
128,54,6,6,33,43,199,196,5,0.03125
128,55,7,6,41,43,167,165,4,0.025
128,56,0,7,36,41,117,118,1,0.00625
128,57,1,7,36,40,151,153,2,0.0125
128,58,2,7,39,38,155,155,3,0.01875
128,59,3,7,33,42,156,153,4,0.025
128,60,4,7,36,44,153,156,2,0.0125
128,61,5,7,44,42,169,168,5,0.03125
128,62,6,7,44,32,164,164,3,0.01875
128,63,7,7,43,36,122,121,1,0.00625
129,0,0,0,33,42,115,115,1,0.00625
129,1,1,0,37,39,151,149,2,0.0125
129,2,2,0,41,36,156,156,3,0.01875
129,3,3,0,39,38,162,164,3,0.01875
129,4,4,0,40,34,152,155,1,0.00625
129,5,5,0,40,33,157,159,1,0.00625
129,6,6,0,43,45,170,174,1,0.00625
129,7,7,0,40,45,130,129,2,0.0125
129,8,0,1,44,43,165,168,1,0.00625
129,9,1,1,42,34,195,195,3,0.01875
129,10,2,1,44,35,199,198,3,0.01875
129,11,3,1,35,44,195,196,2,0.0125
129,12,4,1,41,40,188,185,5,0.03125
129,13,5,1,42,42,202,199,7,0.04375
129,14,6,1,33,42,200,201,1,0.00625
129,15,7,1,45,45,167,166,4,0.025
129,16,0,2,40,39,165,167,2,0.0125
129,17,1,2,31,40,199,198,2,0.0125
129,18,2,2,43,40,201,198,4,0.025
129,19,3,2,41,42,205,204,3,0.01875
129,20,4,2,44,32,198,197,3,0.01875
129,21,5,2,39,40,202,201,3,0.01875
129,22,6,2,44,40,210,209,5,0.03125
129,23,7,2,44,34,167,166,5,0.03125
129,24,0,3,45,45,178,174,4,0.025
129,25,1,3,36,42,203,206,2,0.0125
129,26,2,3,41,33,196,195,3,0.01875
129,27,3,3,39,39,198,202,0,0.0
129,28,4,3,37,41,192,193,2,0.0125
129,29,5,3,44,44,206,205,4,0.025
129,30,6,3,40,37,205,206,2,0.0125
129,31,7,3,39,45,163,166,0,0.0
129,32,0,4,38,44,160,158,2,0.0125
129,33,1,4,39,43,196,196,2,0.0125
129,34,2,4,34,36,182,177,3,0.01875
129,35,3,4,44,42,190,189,4,0.025
129,36,4,4,45,40,196,195,3,0.01875
129,37,5,4,44,40,195,194,4,0.025
129,38,6,4,41,44,207,208,3,0.01875
129,39,7,4,33,35,155,155,1,0.00625
129,40,0,5,40,36,162,163,2,0.0125
129,41,1,5,42,39,205,205,3,0.01875
129,42,2,5,45,42,210,212,3,0.01875
129,43,3,5,39,34,198,199,2,0.0125
129,44,4,5,39,44,204,205,3,0.01875
129,45,5,5,42,45,208,204,5,0.03125
129,46,6,5,35,44,210,210,1,0.00625
129,47,7,5,45,43,170,169,3,0.01875
129,48,0,6,44,45,174,174,3,0.01875
129,49,1,6,42,40,209,206,3,0.01875
129,50,2,6,45,42,210,209,2,0.0125
129,51,3,6,42,45,209,208,4,0.025
129,52,4,6,45,40,210,209,4,0.025
129,53,5,6,40,41,204,204,4,0.025
129,54,6,6,44,40,210,213,2,0.0125
129,55,7,6,44,38,167,167,2,0.0125
129,56,0,7,38,42,124,123,1,0.00625
129,57,1,7,43,43,168,166,4,0.025
129,58,2,7,33,42,160,161,2,0.0125
129,59,3,7,35,42,156,159,2,0.0125
129,60,4,7,39,44,163,163,2,0.0125
129,61,5,7,44,45,168,168,4,0.025
129,62,6,7,45,41,172,172,3,0.01875
129,63,7,7,44,43,132,132,1,0.00625
130,0,0,0,39,44,125,125,4,0.025
130,1,1,0,36,36,149,153,1,0.00625
130,2,2,0,41,39,158,159,1,0.00625
130,3,3,0,39,40,161,160,2,0.0125
130,4,4,0,37,37,153,152,1,0.00625
130,5,5,0,37,39,151,151,1,0.00625
130,6,6,0,42,45,162,161,3,0.01875
130,7,7,0,39,44,124,124,3,0.01875
130,8,0,1,39,39,170,166,4,0.025
130,9,1,1,43,38,201,198,4,0.025
130,10,2,1,42,38,208,209,3,0.01875
130,11,3,1,38,43,213,210,3,0.01875
130,12,4,1,36,40,196,198,6,0.0375
130,13,5,1,38,35,192,197,2,0.0125
130,14,6,1,45,36,214,209,5,0.03125
130,15,7,1,45,41,171,169,3,0.01875
130,16,0,2,42,44,175,172,4,0.025
130,17,1,2,44,38,202,197,6,0.0375
130,18,2,2,36,44,205,209,1,0.00625
130,19,3,2,33,43,200,204,1,0.00625
130,20,4,2,44,38,197,197,3,0.01875
130,21,5,2,37,36,198,199,3,0.01875
130,22,6,2,45,40,209,211,4,0.025
130,23,7,2,42,40,172,171,3,0.01875
130,24,0,3,38,45,159,160,2,0.0125
130,25,1,3,44,40,189,186,3,0.01875
130,26,2,3,32,40,188,189,2,0.0125
130,27,3,3,40,41,191,190,3,0.01875
130,28,4,3,39,35,183,182,4,0.025
130,29,5,3,45,44,195,194,4,0.025
130,30,6,3,38,39,196,199,0,0.0
130,31,7,3,33,44,165,164,3,0.01875
130,32,0,4,42,34,151,153,1,0.00625
130,33,1,4,41,38,186,187,1,0.00625
130,34,2,4,38,44,195,197,2,0.0125
130,35,3,4,45,36,192,193,3,0.01875
130,36,4,4,44,39,200,201,4,0.025
130,37,5,4,44,36,197,198,4,0.025
130,38,6,4,40,45,210,207,4,0.025
130,39,7,4,38,42,161,162,2,0.0125
130,40,0,5,42,30,163,161,3,0.01875
130,41,1,5,39,44,202,202,2,0.0125
130,42,2,5,44,42,209,210,4,0.025
130,43,3,5,44,36,214,210,6,0.0375
130,44,4,5,41,45,209,208,3,0.01875
130,45,5,5,45,44,209,210,6,0.0375
130,46,6,5,30,45,207,208,1,0.00625
130,47,7,5,41,37,155,155,1,0.00625
130,48,0,6,37,44,170,168,5,0.03125
130,49,1,6,38,41,192,194,2,0.0125
130,50,2,6,38,40,201,202,2,0.0125
130,51,3,6,39,44,208,211,1,0.00625
130,52,4,6,43,43,207,206,3,0.01875
130,53,5,6,46,37,210,209,5,0.03125
130,54,6,6,38,45,219,215,6,0.0375
130,55,7,6,44,32,157,160,1,0.00625
130,56,0,7,35,45,125,123,3,0.01875
130,57,1,7,34,36,148,151,2,0.0125
130,58,2,7,46,39,167,168,2,0.0125
130,59,3,7,41,39,167,165,2,0.0125
130,60,4,7,42,37,163,161,3,0.01875
130,61,5,7,44,45,171,173,3,0.01875
130,62,6,7,44,44,177,177,3,0.01875
130,63,7,7,43,38,127,126,2,0.0125
131,0,0,0,44,43,130,128,4,0.025
131,1,1,0,41,39,167,165,2,0.0125
131,2,2,0,41,41,164,162,2,0.0125
131,3,3,0,38,44,163,161,5,0.03125
131,4,4,0,34,36,153,152,2,0.0125
131,5,5,0,39,45,161,162,1,0.00625
131,6,6,0,42,45,164,167,1,0.00625
131,7,7,0,41,43,125,127,2,0.0125
131,8,0,1,44,42,173,172,4,0.025
131,9,1,1,43,44,215,214,4,0.025
131,10,2,1,39,40,208,203,6,0.0375
131,11,3,1,44,37,209,209,4,0.025
131,12,4,1,35,35,194,194,3,0.01875
131,13,5,1,45,36,204,200,4,0.025
131,14,6,1,41,40,210,212,4,0.025
131,15,7,1,43,42,169,173,2,0.0125
131,16,0,2,34,44,158,162,1,0.00625
131,17,1,2,37,44,190,194,2,0.0125
131,18,2,2,38,42,195,197,0,0.0
131,19,3,2,40,37,200,197,3,0.01875
131,20,4,2,45,44,203,200,5,0.03125
131,21,5,2,44,35,202,203,3,0.01875
131,22,6,2,44,43,212,213,5,0.03125
131,23,7,2,39,41,167,167,4,0.025
131,24,0,3,41,35,156,156,4,0.025
131,25,1,3,39,36,193,191,3,0.01875
131,26,2,3,39,39,193,190,3,0.01875
131,27,3,3,30,39,190,190,1,0.00625
131,28,4,3,44,37,190,189,5,0.03125
131,29,5,3,35,45,211,213,4,0.025
131,30,6,3,41,42,206,200,5,0.03125
131,31,7,3,43,44,167,165,3,0.01875
131,32,0,4,46,36,165,163,3,0.01875
131,33,1,4,38,41,197,194,4,0.025
131,34,2,4,32,36,182,182,2,0.0125
131,35,3,4,44,35,191,189,4,0.025
131,36,4,4,43,31,193,192,3,0.01875
131,37,5,4,40,44,212,212,4,0.025
131,38,6,4,34,38,195,197,2,0.0125
131,39,7,4,37,37,152,152,2,0.0125
131,40,0,5,26,39,142,146,1,0.00625
131,41,1,5,38,42,180,182,4,0.025
131,42,2,5,44,34,195,195,4,0.025
131,43,3,5,37,30,190,193,2,0.0125
131,44,4,5,41,44,198,201,2,0.0125
131,45,5,5,44,44,209,208,4,0.025
131,46,6,5,36,41,202,203,1,0.00625
131,47,7,5,35,38,151,153,1,0.00625
131,48,0,6,36,39,159,159,6,0.0375
131,49,1,6,37,28,174,173,1,0.00625
131,50,2,6,41,38,196,194,5,0.03125
131,51,3,6,31,44,201,198,3,0.01875
131,52,4,6,39,42,191,190,5,0.03125
131,53,5,6,42,41,203,205,2,0.0125
131,54,6,6,37,44,205,206,4,0.025
131,55,7,6,33,35,149,148,0,0.0
131,56,0,7,36,38,116,116,2,0.0125
131,57,1,7,44,37,161,158,2,0.0125
131,58,2,7,45,34,160,160,3,0.01875
131,59,3,7,39,40,166,164,5,0.03125
131,60,4,7,44,37,160,162,3,0.01875
131,61,5,7,44,38,170,169,4,0.025
131,62,6,7,38,44,169,172,1,0.00625
131,63,7,7,45,35,121,121,3,0.01875
132,0,0,0,37,41,114,118,1,0.00625
132,1,1,0,42,40,157,157,4,0.025
132,2,2,0,40,42,160,161,3,0.01875
132,3,3,0,41,41,156,161,1,0.00625
132,4,4,0,38,44,158,159,0,0.0
132,5,5,0,39,39,150,151,1,0.00625
132,6,6,0,43,41,163,161,1,0.00625
132,7,7,0,34,36,117,116,1,0.00625
132,8,0,1,42,40,162,167,1,0.00625
132,9,1,1,39,40,200,206,1,0.00625
132,10,2,1,48,41,209,213,4,0.025
132,11,3,1,46,39,214,214,3,0.01875
132,12,4,1,40,45,216,220,1,0.00625
132,13,5,1,28,38,189,191,4,0.025
132,14,6,1,44,38,193,194,4,0.025
132,15,7,1,41,45,165,162,2,0.0125
132,16,0,2,35,43,160,158,3,0.01875
132,17,1,2,34,42,192,194,1,0.00625
132,18,2,2,40,42,198,193,3,0.01875
132,19,3,2,31,48,196,194,3,0.01875
132,20,4,2,37,48,199,205,2,0.0125
132,21,5,2,39,43,204,207,1,0.00625
132,22,6,2,39,28,191,193,1,0.00625
132,23,7,2,39,44,159,161,3,0.01875
132,24,0,3,47,42,166,168,2,0.0125
132,25,1,3,41,33,198,197,3,0.01875
132,26,2,3,39,35,193,193,4,0.025
132,27,3,3,41,35,186,186,1,0.00625
132,28,4,3,34,34,184,189,1,0.00625
132,29,5,3,45,40,194,193,5,0.03125
132,30,6,3,40,41,203,207,0,0.0
132,31,7,3,35,42,153,156,3,0.01875
132,32,0,4,44,36,155,154,3,0.01875
132,33,1,4,40,47,209,211,4,0.025
132,34,2,4,39,41,197,196,2,0.0125
132,35,3,4,41,38,194,197,1,0.00625
132,36,4,4,39,38,198,201,2,0.0125
132,37,5,4,40,36,188,189,1,0.00625
132,38,6,4,47,43,199,199,4,0.025
132,39,7,4,27,45,153,152,1,0.00625
132,40,0,5,37,35,151,150,0,0.0
132,41,1,5,40,44,206,206,1,0.00625
132,42,2,5,44,40,204,203,4,0.025
132,43,3,5,32,40,199,198,2,0.0125
132,44,4,5,39,48,201,200,1,0.00625
132,45,5,5,41,41,205,207,3,0.01875
132,46,6,5,36,40,203,200,2,0.0125
132,47,7,5,43,43,153,153,0,0.0
132,48,0,6,40,39,149,152,4,0.025
132,49,1,6,38,38,197,194,3,0.01875
132,50,2,6,46,38,193,193,2,0.0125
132,51,3,6,37,45,201,200,4,0.025
132,52,4,6,44,28,183,186,4,0.025
132,53,5,6,30,42,189,191,1,0.00625
132,54,6,6,43,44,191,193,3,0.01875
132,55,7,6,38,33,147,148,1,0.00625
132,56,0,7,46,35,119,121,2,0.0125
132,57,1,7,39,39,158,162,1,0.00625
132,58,2,7,39,38,157,154,3,0.01875
132,59,3,7,41,45,163,167,2,0.0125
132,60,4,7,36,34,151,152,2,0.0125
132,61,5,7,41,44,161,163,1,0.00625
132,62,6,7,36,31,145,146,0,0.0
132,63,7,7,38,43,117,116,4,0.025
133,0,0,0,29,42,107,107,0,0.0
133,1,1,0,44,44,153,153,2,0.0125
133,2,2,0,43,36,159,157,4,0.025
133,3,3,0,39,35,155,152,3,0.01875
133,4,4,0,39,39,154,154,2,0.0125
133,5,5,0,41,40,160,159,1,0.00625
133,6,6,0,43,44,164,163,3,0.01875
133,7,7,0,41,36,116,116,3,0.01875
133,8,0,1,38,34,154,151,4,0.025
133,9,1,1,43,28,197,197,2,0.0125
133,10,2,1,41,44,208,210,1,0.00625
133,11,3,1,33,43,198,198,4,0.025
133,12,4,1,37,37,188,185,4,0.025
133,13,5,1,45,39,196,196,3,0.01875
133,14,6,1,42,43,209,212,1,0.00625
133,15,7,1,38,40,158,162,1,0.00625
133,16,0,2,36,39,158,158,3,0.01875
133,17,1,2,39,38,199,197,3,0.01875
133,18,2,2,35,43,195,196,3,0.01875
133,19,3,2,41,44,195,199,1,0.00625
133,20,4,2,36,32,186,185,2,0.0125
133,21,5,2,44,35,194,191,3,0.01875
133,22,6,2,43,45,213,209,4,0.025
133,23,7,2,39,44,163,162,2,0.0125
133,24,0,3,37,41,162,162,2,0.0125
133,25,1,3,37,39,203,205,3,0.01875
133,26,2,3,39,38,193,194,2,0.0125
133,27,3,3,42,37,200,200,2,0.0125
133,28,4,3,45,40,209,209,1,0.00625
133,29,5,3,38,35,202,201,5,0.03125
133,30,6,3,39,43,208,205,3,0.01875
133,31,7,3,44,40,161,160,1,0.00625
133,32,0,4,45,44,165,166,3,0.01875
133,33,1,4,43,41,206,209,1,0.00625
133,34,2,4,44,38,197,198,2,0.0125
133,35,3,4,31,40,187,186,2,0.0125
133,36,4,4,34,43,181,179,3,0.01875
133,37,5,4,34,44,188,186,3,0.01875
133,38,6,4,42,39,201,202,4,0.025
133,39,7,4,44,38,161,160,4,0.025
133,40,0,5,36,34,156,158,1,0.00625
133,41,1,5,39,45,207,204,4,0.025
133,42,2,5,37,44,199,200,4,0.025
133,43,3,5,34,43,191,193,2,0.0125
133,44,4,5,45,26,187,185,4,0.025
133,45,5,5,42,31,197,196,3,0.01875
133,46,6,5,45,33,206,204,4,0.025
133,47,7,5,42,44,168,166,3,0.01875
133,48,0,6,41,41,172,172,1,0.00625
133,49,1,6,41,35,207,211,3,0.01875
133,50,2,6,41,39,206,205,4,0.025
133,51,3,6,41,37,196,199,3,0.01875
133,52,4,6,38,36,194,193,4,0.025
133,53,5,6,33,42,199,197,3,0.01875
133,54,6,6,44,42,206,206,3,0.01875
133,55,7,6,42,44,168,167,2,0.0125
133,56,0,7,45,42,132,131,2,0.0125
133,57,1,7,38,45,174,172,3,0.01875
133,58,2,7,34,41,159,161,3,0.01875
133,59,3,7,38,43,161,159,2,0.0125
133,60,4,7,42,38,162,160,1,0.00625
133,61,5,7,42,40,167,168,1,0.00625
133,62,6,7,40,34,162,160,2,0.0125
133,63,7,7,46,44,126,127,2,0.0125
134,0,0,0,45,44,132,132,2,0.0125
134,1,1,0,44,44,177,174,5,0.03125
134,2,2,0,31,39,157,159,1,0.00625
134,3,3,0,41,41,156,156,2,0.0125
134,4,4,0,41,41,166,165,4,0.025
134,5,5,0,38,40,161,159,3,0.01875
134,6,6,0,39,40,163,162,1,0.00625
134,7,7,0,45,39,123,123,3,0.01875
134,8,0,1,35,42,166,166,3,0.01875
134,9,1,1,35,44,200,197,3,0.01875
134,10,2,1,42,44,198,195,2,0.0125
134,11,3,1,40,33,191,194,1,0.00625
134,12,4,1,26,40,188,188,4,0.025
134,13,5,1,44,39,194,193,3,0.01875
134,14,6,1,43,36,210,206,2,0.0125
134,15,7,1,40,40,161,161,2,0.0125
134,16,0,2,33,42,156,155,2,0.0125
134,17,1,2,45,39,197,197,4,0.025
134,18,2,2,41,32,193,191,5,0.03125
134,19,3,2,36,41,197,194,3,0.01875
134,20,4,2,34,41,190,189,4,0.025
134,21,5,2,45,29,185,183,4,0.025
134,22,6,2,37,44,207,206,3,0.01875
134,23,7,2,41,41,158,159,3,0.01875
134,24,0,3,34,37,160,160,3,0.01875
134,25,1,3,38,30,191,191,3,0.01875
134,26,2,3,45,43,206,203,5,0.03125
134,27,3,3,41,41,207,208,2,0.0125
134,28,4,3,31,34,190,189,0,0.0
134,29,5,3,45,32,188,188,5,0.03125
134,30,6,3,36,44,204,205,2,0.0125
134,31,7,3,39,38,148,148,2,0.0125
134,32,0,4,40,44,170,169,4,0.025
134,33,1,4,40,34,203,198,5,0.03125
134,34,2,4,33,37,188,190,2,0.0125
134,35,3,4,41,44,200,200,2,0.0125
134,36,4,4,34,42,196,198,2,0.0125
134,37,5,4,33,33,179,180,2,0.0125
134,38,6,4,34,43,191,192,2,0.0125
134,39,7,4,38,35,147,148,2,0.0125
134,40,0,5,35,43,164,162,2,0.0125
134,41,1,5,45,40,207,210,2,0.0125
134,42,2,5,38,39,200,202,2,0.0125
134,43,3,5,45,38,202,200,2,0.0125
134,44,4,5,29,39,194,195,2,0.0125
134,45,5,5,41,38,191,193,2,0.0125
134,46,6,5,41,33,200,201,2,0.0125
134,47,7,5,44,36,161,160,3,0.01875
134,48,0,6,45,43,170,168,6,0.0375
134,49,1,6,45,35,207,205,5,0.03125
134,50,2,6,37,45,201,203,2,0.0125
134,51,3,6,43,40,200,200,4,0.025
134,52,4,6,41,41,203,202,3,0.01875
134,53,5,6,42,29,183,182,3,0.01875
134,54,6,6,31,40,192,193,4,0.025
134,55,7,6,38,44,155,154,3,0.01875
134,56,0,7,44,41,129,129,3,0.01875
134,57,1,7,34,41,166,165,2,0.0125
134,58,2,7,41,45,165,166,1,0.00625
134,59,3,7,42,40,167,166,5,0.03125
134,60,4,7,39,44,170,170,2,0.0125
134,61,5,7,45,38,164,164,2,0.0125
134,62,6,7,35,38,160,162,1,0.00625
134,63,7,7,39,35,112,113,2,0.0125
135,0,0,0,35,41,122,120,2,0.0125
135,1,1,0,45,43,171,170,5,0.03125
135,2,2,0,42,39,170,171,2,0.0125
135,3,3,0,44,38,171,170,4,0.025
135,4,4,0,32,38,158,159,2,0.0125
135,5,5,0,39,37,153,153,4,0.025
135,6,6,0,44,43,167,168,2,0.0125
135,7,7,0,41,40,126,126,1,0.00625
135,8,0,1,42,44,160,159,4,0.025
135,9,1,1,35,39,191,194,2,0.0125
135,10,2,1,41,45,193,195,2,0.0125
135,11,3,1,41,42,194,189,5,0.03125
135,12,4,1,36,43,187,189,3,0.01875
135,13,5,1,45,35,180,181,4,0.025
135,14,6,1,39,38,190,192,0,0.0
135,15,7,1,28,43,152,153,1,0.00625
135,16,0,2,36,34,158,158,3,0.01875
135,17,1,2,44,38,210,206,6,0.0375
135,18,2,2,42,40,210,212,2,0.0125
135,19,3,2,42,39,210,210,3,0.01875
135,20,4,2,44,39,210,206,5,0.03125
135,21,5,2,44,34,204,204,5,0.03125
135,22,6,2,35,45,209,214,1,0.00625
135,23,7,2,42,41,160,161,1,0.00625
135,24,0,3,40,45,162,163,1,0.00625
135,25,1,3,37,39,195,196,1,0.00625
135,26,2,3,45,44,206,208,3,0.01875
135,27,3,3,44,43,211,208,6,0.0375
135,28,4,3,35,42,199,197,1,0.00625
135,29,5,3,45,44,202,203,3,0.01875
135,30,6,3,36,44,209,208,5,0.03125
135,31,7,3,43,38,159,157,4,0.025
135,32,0,4,38,37,155,155,2,0.0125
135,33,1,4,37,39,197,199,4,0.025
135,34,2,4,43,39,200,196,5,0.03125
135,35,3,4,36,45,202,202,3,0.01875
135,36,4,4,38,42,197,196,2,0.0125
135,37,5,4,41,36,196,198,2,0.0125
135,38,6,4,40,45,207,205,3,0.01875
135,39,7,4,40,33,155,153,2,0.0125
135,40,0,5,37,39,159,159,2,0.0125
135,41,1,5,45,38,205,202,4,0.025
135,42,2,5,39,39,205,205,2,0.0125
135,43,3,5,44,38,201,202,2,0.0125
135,44,4,5,35,38,200,201,3,0.01875
135,45,5,5,33,39,187,185,5,0.03125
135,46,6,5,34,43,192,194,2,0.0125
135,47,7,5,42,39,156,156,5,0.03125
135,48,0,6,34,44,151,155,1,0.00625
135,49,1,6,44,35,190,191,2,0.0125
135,50,2,6,41,45,200,201,1,0.00625
135,51,3,6,33,37,181,181,2,0.0125
135,52,4,6,44,44,195,197,2,0.0125
135,53,5,6,43,36,194,194,3,0.01875
135,54,6,6,45,32,193,190,4,0.025
135,55,7,6,29,34,145,145,2,0.0125
135,56,0,7,42,31,116,116,2,0.0125
135,57,1,7,43,37,163,163,1,0.00625
135,58,2,7,40,44,167,164,3,0.01875
135,59,3,7,41,38,157,159,3,0.01875
135,60,4,7,40,37,155,155,4,0.025
135,61,5,7,41,44,167,163,4,0.025
135,62,6,7,44,44,169,168,0,0.0
135,63,7,7,42,41,124,125,0,0.0
136,0,0,0,35,35,112,112,2,0.0125
136,1,1,0,33,44,153,155,3,0.01875
136,2,2,0,38,34,151,149,2,0.0125
136,3,3,0,44,41,163,166,2,0.0125
136,4,4,0,43,41,173,173,2,0.0125
136,5,5,0,43,44,173,173,3,0.01875
136,6,6,0,44,43,174,173,3,0.01875
136,7,7,0,44,42,130,130,3,0.01875
136,8,0,1,42,44,154,156,1,0.00625
136,9,1,1,44,31,193,193,2,0.0125
136,10,2,1,37,38,185,185,3,0.01875
136,11,3,1,44,36,199,201,2,0.0125
136,12,4,1,39,45,205,205,1,0.00625
136,13,5,1,37,42,203,204,2,0.0125
136,14,6,1,44,44,214,212,5,0.03125
136,15,7,1,43,44,171,167,3,0.01875
136,16,0,2,29,32,134,136,1,0.00625
136,17,1,2,34,45,191,199,0,0.0
136,18,2,2,43,39,191,189,6,0.0375
136,19,3,2,45,41,203,203,1,0.00625
136,20,4,2,40,44,206,210,1,0.00625
136,21,5,2,44,39,207,207,5,0.03125
136,22,6,2,41,40,204,203,1,0.00625
136,23,7,2,38,43,159,159,1,0.00625
136,24,0,3,39,40,160,157,2,0.0125
136,25,1,3,46,31,204,204,4,0.025
136,26,2,3,43,39,203,204,4,0.025
136,27,3,3,44,39,214,212,6,0.0375
136,28,4,3,36,43,211,214,2,0.0125
136,29,5,3,39,43,207,209,3,0.01875
136,30,6,3,43,44,216,217,1,0.00625
136,31,7,3,41,39,166,169,1,0.00625
136,32,0,4,34,44,145,148,0,0.0
136,33,1,4,44,38,194,194,3,0.01875
136,34,2,4,44,44,196,196,3,0.01875
136,35,3,4,33,44,195,194,4,0.025
136,36,4,4,44,44,196,190,5,0.03125
136,37,5,4,41,36,193,194,1,0.00625
136,38,6,4,40,41,193,193,3,0.01875
136,39,7,4,30,44,154,156,1,0.00625
136,40,0,5,37,30,146,145,3,0.01875
136,41,1,5,44,38,203,205,3,0.01875
136,42,2,5,42,43,206,205,2,0.0125
136,43,3,5,45,44,215,216,2,0.0125
136,44,4,5,45,34,206,204,4,0.025
136,45,5,5,42,42,213,213,3,0.01875
136,46,6,5,42,39,208,203,5,0.03125
136,47,7,5,43,37,162,163,4,0.025
136,48,0,6,43,40,152,149,2,0.0125
136,49,1,6,41,37,199,198,2,0.0125
136,50,2,6,43,44,199,198,3,0.01875
136,51,3,6,37,43,200,199,2,0.0125
136,52,4,6,45,45,207,203,5,0.03125
136,53,5,6,27,44,198,201,1,0.00625
136,54,6,6,40,42,194,195,4,0.025
136,55,7,6,43,38,161,160,4,0.025
136,56,0,7,45,35,111,110,4,0.025
136,57,1,7,32,42,150,152,2,0.0125
136,58,2,7,41,42,146,148,3,0.01875
136,59,3,7,39,41,155,155,1,0.00625
136,60,4,7,42,34,148,152,0,0.0
136,61,5,7,44,45,161,163,2,0.0125
136,62,6,7,40,30,144,142,3,0.01875
136,63,7,7,29,40,109,109,1,0.00625
137,0,0,0,45,36,119,120,3,0.01875
137,1,1,0,34,45,159,160,3,0.01875
137,2,2,0,41,39,152,154,2,0.0125
137,3,3,0,31,41,154,154,2,0.0125
137,4,4,0,43,44,157,154,4,0.025
137,5,5,0,30,37,151,152,2,0.0125
137,6,6,0,31,44,147,150,2,0.0125
137,7,7,0,37,40,111,111,2,0.0125
137,8,0,1,40,37,151,150,1,0.00625
137,9,1,1,39,44,206,207,2,0.0125
137,10,2,1,41,32,193,192,2,0.0125
137,11,3,1,45,45,205,207,1,0.00625
137,12,4,1,41,33,202,197,4,0.025
137,13,5,1,39,43,199,198,3,0.01875
137,14,6,1,34,33,187,187,4,0.025
137,15,7,1,37,37,147,148,1,0.00625
137,16,0,2,39,40,148,147,2,0.0125
137,17,1,2,42,37,194,190,4,0.025
137,18,2,2,37,42,192,192,4,0.025
137,19,3,2,45,39,196,198,3,0.01875
137,20,4,2,45,45,213,212,5,0.03125
137,21,5,2,44,39,202,200,4,0.025
137,22,6,2,34,37,195,198,0,0.0
137,23,7,2,33,35,145,145,3,0.01875
137,24,0,3,46,33,159,158,4,0.025
137,25,1,3,44,34,210,210,4,0.025
137,26,2,3,37,37,204,204,4,0.025
137,27,3,3,44,37,203,206,3,0.01875
137,28,4,3,40,45,215,212,3,0.01875
137,29,5,3,41,42,202,201,1,0.00625
137,30,6,3,44,44,216,215,4,0.025
137,31,7,3,46,36,165,162,5,0.03125
137,32,0,4,35,44,149,143,4,0.025
137,33,1,4,42,44,194,195,3,0.01875
137,34,2,4,44,44,201,202,4,0.025
137,35,3,4,34,40,186,188,1,0.00625
137,36,4,4,42,44,194,201,1,0.00625
137,37,5,4,39,37,191,188,2,0.0125
137,38,6,4,36,40,196,199,2,0.0125
137,39,7,4,34,43,154,153,3,0.01875
137,40,0,5,43,32,151,155,0,0.0
137,41,1,5,45,34,208,209,2,0.0125
137,42,2,5,34,41,202,202,1,0.00625
137,43,3,5,44,44,206,202,5,0.03125
137,44,4,5,44,34,208,207,5,0.03125
137,45,5,5,40,42,208,207,5,0.03125
137,46,6,5,43,41,207,212,2,0.0125
137,47,7,5,38,38,159,161,0,0.0
137,48,0,6,43,42,168,169,3,0.01875
137,49,1,6,41,45,220,217,5,0.03125
137,50,2,6,36,45,204,206,0,0.0
137,51,3,6,30,34,183,185,2,0.0125
137,52,4,6,34,44,195,199,3,0.01875
137,53,5,6,37,44,199,199,2,0.0125
137,54,6,6,43,39,207,205,4,0.025
137,55,7,6,42,43,171,173,2,0.0125
137,56,0,7,43,44,127,126,2,0.0125
137,57,1,7,44,44,171,170,3,0.01875
137,58,2,7,35,40,157,157,3,0.01875
137,59,3,7,45,39,159,158,3,0.01875
137,60,4,7,37,31,152,149,1,0.00625
137,61,5,7,41,36,158,158,2,0.0125
137,62,6,7,43,36,166,164,3,0.01875
137,63,7,7,45,44,132,129,5,0.03125
138,0,0,0,44,43,124,124,3,0.01875
138,1,1,0,41,39,162,161,4,0.025
138,2,2,0,35,41,153,150,4,0.025
138,3,3,0,44,31,141,142,1,0.00625
138,4,4,0,37,41,155,157,3,0.01875
138,5,5,0,34,39,141,143,0,0.0
138,6,6,0,46,41,152,152,1,0.00625
138,7,7,0,34,45,122,121,3,0.01875
138,8,0,1,42,38,157,159,2,0.0125
138,9,1,1,41,46,204,203,2,0.0125
138,10,2,1,40,38,194,195,1,0.00625
138,11,3,1,40,32,176,174,3,0.01875
138,12,4,1,36,43,193,198,1,0.00625
138,13,5,1,40,37,181,181,3,0.01875
138,14,6,1,40,36,185,188,2,0.0125
138,15,7,1,31,40,158,159,2,0.0125
138,16,0,2,38,36,149,148,2,0.0125
138,17,1,2,44,43,198,197,4,0.025
138,18,2,2,36,41,194,200,1,0.00625
138,19,3,2,45,41,187,183,4,0.025
138,20,4,2,42,41,202,202,3,0.01875
138,21,5,2,41,38,187,192,2,0.0125
138,22,6,2,32,40,188,188,0,0.0
138,23,7,2,37,39,156,153,3,0.01875
138,24,0,3,40,32,161,163,2,0.0125
138,25,1,3,43,39,212,213,2,0.0125
138,26,2,3,38,48,214,216,2,0.0125
138,27,3,3,45,39,199,200,3,0.01875
138,28,4,3,33,45,211,214,1,0.00625
138,29,5,3,37,42,201,203,3,0.01875
138,30,6,3,39,41,204,207,2,0.0125
138,31,7,3,47,32,162,164,2,0.0125
138,32,0,4,40,46,168,172,2,0.0125
138,33,1,4,47,42,211,207,5,0.03125
138,34,2,4,42,45,215,213,3,0.01875
138,35,3,4,46,37,199,196,7,0.04375
138,36,4,4,36,46,208,205,3,0.01875
138,37,5,4,35,36,183,187,1,0.00625
138,38,6,4,37,39,191,191,2,0.0125
138,39,7,4,40,41,162,164,2,0.0125
138,40,0,5,44,41,168,164,2,0.0125
138,41,1,5,43,39,204,203,2,0.0125
138,42,2,5,46,47,218,216,5,0.03125
138,43,3,5,42,45,201,203,3,0.01875
138,44,4,5,36,43,204,206,3,0.01875
138,45,5,5,35,34,183,185,4,0.025
138,46,6,5,39,38,194,192,2,0.0125
138,47,7,5,43,36,165,165,2,0.0125
138,48,0,6,43,39,163,163,2,0.0125
138,49,1,6,39,41,201,202,4,0.025
138,50,2,6,30,45,192,193,1,0.00625
138,51,3,6,37,44,180,181,1,0.00625
138,52,4,6,35,45,197,199,2,0.0125
138,53,5,6,34,38,185,184,3,0.01875
138,54,6,6,39,37,184,188,2,0.0125
138,55,7,6,39,44,167,166,2,0.0125
138,56,0,7,35,40,119,121,1,0.00625
138,57,1,7,36,41,156,156,2,0.0125
138,58,2,7,34,39,155,154,4,0.025
138,59,3,7,35,27,141,141,3,0.01875
138,60,4,7,40,39,160,160,1,0.00625
138,61,5,7,40,35,155,156,2,0.0125
138,62,6,7,45,33,161,160,5,0.03125
138,63,7,7,43,41,127,129,2,0.0125
139,0,0,0,43,44,120,119,3,0.01875
139,1,1,0,44,35,156,157,2,0.0125
139,2,2,0,45,29,150,151,3,0.01875
139,3,3,0,41,38,159,155,2,0.0125
139,4,4,0,44,34,150,150,2,0.0125
139,5,5,0,40,44,164,160,4,0.025
139,6,6,0,43,42,160,158,3,0.01875
139,7,7,0,36,41,119,121,1,0.00625
139,8,0,1,45,34,164,160,5,0.03125
139,9,1,1,39,41,199,199,1,0.00625
139,10,2,1,42,44,196,197,3,0.01875
139,11,3,1,37,44,205,207,3,0.01875
139,12,4,1,37,39,192,189,2,0.0125
139,13,5,1,41,42,208,210,0,0.0
139,14,6,1,40,38,209,209,1,0.00625
139,15,7,1,44,43,171,169,2,0.0125
139,16,0,2,40,38,166,166,4,0.025
139,17,1,2,46,44,208,206,5,0.03125
139,18,2,2,36,38,193,192,2,0.0125
139,19,3,2,39,41,201,206,2,0.0125
139,20,4,2,36,39,193,195,1,0.00625
139,21,5,2,34,35,197,198,2,0.0125
139,22,6,2,42,44,207,206,2,0.0125
139,23,7,2,40,42,162,164,1,0.00625
139,24,0,3,39,43,171,173,2,0.0125
139,25,1,3,33,39,190,190,3,0.01875
139,26,2,3,40,42,191,189,3,0.01875
139,27,3,3,45,36,201,199,4,0.025
139,28,4,3,46,42,211,207,4,0.025
139,29,5,3,47,40,214,211,4,0.025
139,30,6,3,35,39,206,204,4,0.025
139,31,7,3,42,40,160,161,2,0.0125
139,32,0,4,39,45,168,170,0,0.0
139,33,1,4,37,41,195,196,4,0.025
139,34,2,4,40,31,180,182,3,0.01875
139,35,3,4,44,39,200,200,6,0.0375
139,36,4,4,42,44,206,206,5,0.03125
139,37,5,4,33,42,204,201,3,0.01875
139,38,6,4,45,44,206,205,2,0.0125
139,39,7,4,42,36,160,159,2,0.0125
139,40,0,5,40,42,168,170,2,0.0125
139,41,1,5,35,40,195,197,0,0.0
139,42,2,5,40,39,187,191,1,0.00625
139,43,3,5,47,40,210,209,4,0.025
139,44,4,5,38,44,206,204,4,0.025
139,45,5,5,44,43,216,214,5,0.03125
139,46,6,5,40,30,202,201,2,0.0125
139,47,7,5,45,44,167,165,3,0.01875
139,48,0,6,39,44,166,167,3,0.01875
139,49,1,6,36,40,188,189,4,0.025
139,50,2,6,44,37,188,183,6,0.0375
139,51,3,6,35,43,200,195,3,0.01875
139,52,4,6,42,44,194,191,3,0.01875
139,53,5,6,39,41,203,201,4,0.025
139,54,6,6,28,42,195,195,2,0.0125
139,55,7,6,38,38,146,148,2,0.0125
139,56,0,7,37,37,118,119,0,0.0
139,57,1,7,27,40,147,149,0,0.0
139,58,2,7,38,38,147,146,5,0.03125
139,59,3,7,39,44,165,162,3,0.01875
139,60,4,7,45,32,162,160,5,0.03125
139,61,5,7,46,40,175,172,4,0.025
139,62,6,7,37,37,162,164,2,0.0125
139,63,7,7,43,31,113,113,2,0.0125
140,0,0,0,45,43,127,127,3,0.01875
140,1,1,0,44,42,170,170,4,0.025
140,2,2,0,35,37,155,158,2,0.0125
140,3,3,0,34,41,153,154,1,0.00625
140,4,4,0,33,38,149,151,0,0.0
140,5,5,0,46,44,167,166,4,0.025
140,6,6,0,45,45,174,173,1,0.00625
140,7,7,0,42,36,122,121,2,0.0125
140,8,0,1,44,39,166,170,2,0.0125
140,9,1,1,39,45,213,209,3,0.01875
140,10,2,1,36,45,195,194,4,0.025
140,11,3,1,34,39,190,189,2,0.0125
140,12,4,1,44,36,192,195,2,0.0125
140,13,5,1,31,38,197,197,3,0.01875
140,14,6,1,36,42,193,194,2,0.0125
140,15,7,1,41,45,157,159,2,0.0125
140,16,0,2,44,42,167,169,2,0.0125
140,17,1,2,42,44,209,211,3,0.01875
140,18,2,2,38,38,195,191,3,0.01875
140,19,3,2,35,35,185,184,3,0.01875
140,20,4,2,41,35,191,185,4,0.025
140,21,5,2,40,44,205,204,4,0.025
140,22,6,2,38,30,191,188,3,0.01875
140,23,7,2,45,38,154,154,3,0.01875
140,24,0,3,42,40,162,159,3,0.01875
140,25,1,3,42,44,205,205,3,0.01875
140,26,2,3,43,42,201,203,2,0.0125
140,27,3,3,44,35,204,203,4,0.025
140,28,4,3,45,35,196,196,2,0.0125
140,29,5,3,44,37,211,209,5,0.03125
140,30,6,3,38,35,197,198,2,0.0125
140,31,7,3,36,39,149,152,0,0.0
140,32,0,4,39,39,164,161,3,0.01875
140,33,1,4,33,40,194,197,3,0.01875
140,34,2,4,40,44,197,199,1,0.00625
140,35,3,4,42,42,210,213,2,0.0125
140,36,4,4,44,44,210,210,4,0.025
140,37,5,4,40,45,216,215,4,0.025
140,38,6,4,45,44,214,212,4,0.025
140,39,7,4,43,39,167,167,1,0.00625
140,40,0,5,33,42,160,158,3,0.01875
140,41,1,5,43,38,197,197,2,0.0125
140,42,2,5,38,33,192,189,3,0.01875
140,43,3,5,40,39,201,203,3,0.01875
140,44,4,5,38,43,198,198,5,0.03125
140,45,5,5,44,44,207,209,2,0.0125
140,46,6,5,45,38,210,209,5,0.03125
140,47,7,5,39,45,163,164,2,0.0125
140,48,0,6,36,42,157,154,2,0.0125
140,49,1,6,38,36,189,189,3,0.01875
140,50,2,6,45,41,197,199,2,0.0125
140,51,3,6,42,40,207,210,2,0.0125
140,52,4,6,45,40,202,202,2,0.0125
140,53,5,6,44,33,207,206,3,0.01875
140,54,6,6,37,45,206,204,3,0.01875
140,55,7,6,41,42,152,150,1,0.00625
140,56,0,7,44,41,123,121,3,0.01875
140,57,1,7,40,37,159,158,2,0.0125
140,58,2,7,43,37,157,161,2,0.0125
140,59,3,7,36,45,161,166,1,0.00625
140,60,4,7,45,41,158,158,4,0.025
140,61,5,7,44,45,172,173,4,0.025
140,62,6,7,39,44,165,165,4,0.025
140,63,7,7,37,31,108,107,2,0.0125
141,0,0,0,44,34,121,119,4,0.025
141,1,1,0,38,44,168,167,4,0.025
141,2,2,0,44,41,166,163,3,0.01875
141,3,3,0,38,39,161,161,3,0.01875
141,4,4,0,44,39,161,159,2,0.0125
141,5,5,0,38,45,164,168,3,0.01875
141,6,6,0,44,42,168,170,1,0.00625
141,7,7,0,42,42,132,129,4,0.025
141,8,0,1,44,41,164,163,3,0.01875
141,9,1,1,41,44,216,218,1,0.00625
141,10,2,1,40,38,207,205,2,0.0125
141,11,3,1,40,40,204,202,5,0.03125
141,12,4,1,38,36,195,192,3,0.01875
141,13,5,1,46,39,214,212,3,0.01875
141,14,6,1,42,41,213,208,4,0.025
141,15,7,1,47,44,172,171,2,0.0125
141,16,0,2,36,43,158,159,0,0.0
141,17,1,2,33,44,203,206,2,0.0125
141,18,2,2,31,42,194,197,2,0.0125
141,19,3,2,41,41,196,192,7,0.04375
141,20,4,2,44,36,199,204,2,0.0125
141,21,5,2,44,43,220,218,4,0.025
141,22,6,2,35,43,209,209,2,0.0125
141,23,7,2,44,37,162,159,4,0.025
141,24,0,3,39,44,159,157,5,0.03125
141,25,1,3,37,41,198,199,0,0.0
141,26,2,3,33,36,189,188,3,0.01875
141,27,3,3,38,33,181,185,1,0.00625
141,28,4,3,35,38,193,194,0,0.0
141,29,5,3,40,45,207,209,3,0.01875
141,30,6,3,40,44,207,206,4,0.025
141,31,7,3,44,34,160,157,3,0.01875
141,32,0,4,43,39,152,156,0,0.0
141,33,1,4,43,37,204,202,5,0.03125
141,34,2,4,44,38,205,203,4,0.025
141,35,3,4,39,35,191,192,2,0.0125
141,36,4,4,40,41,194,196,2,0.0125
141,37,5,4,38,37,198,199,2,0.0125
141,38,6,4,44,40,202,202,5,0.03125
141,39,7,4,36,38,161,162,2,0.0125
141,40,0,5,36,38,151,152,1,0.00625
141,41,1,5,38,43,201,201,1,0.00625
141,42,2,5,38,41,202,205,1,0.00625
141,43,3,5,43,42,204,200,6,0.0375
141,44,4,5,42,38,204,205,4,0.025
141,45,5,5,42,39,212,212,3,0.01875
141,46,6,5,41,39,209,210,2,0.0125
141,47,7,5,44,44,174,173,3,0.01875
141,48,0,6,43,41,159,159,5,0.03125
141,49,1,6,40,35,197,198,2,0.0125
141,50,2,6,44,40,210,211,2,0.0125
141,51,3,6,41,34,197,195,3,0.01875
141,52,4,6,44,44,203,204,4,0.025
141,53,5,6,41,43,208,209,3,0.01875
141,54,6,6,44,44,209,209,3,0.01875
141,55,7,6,40,43,172,170,5,0.03125
141,56,0,7,38,37,112,113,2,0.0125
141,57,1,7,44,40,160,158,3,0.01875
141,58,2,7,36,42,157,155,3,0.01875
141,59,3,7,35,44,152,154,0,0.0
141,60,4,7,44,41,155,157,3,0.01875
141,61,5,7,40,44,165,166,2,0.0125
141,62,6,7,44,41,162,162,4,0.025
141,63,7,7,38,44,125,125,2,0.0125
142,0,0,0,39,41,120,123,2,0.0125
142,1,1,0,32,37,149,152,3,0.01875
142,2,2,0,30,41,146,148,1,0.00625
142,3,3,0,38,38,149,148,3,0.01875
142,4,4,0,41,37,160,160,2,0.0125
142,5,5,0,36,44,164,161,5,0.03125
142,6,6,0,36,38,150,148,2,0.0125
142,7,7,0,41,45,121,121,4,0.025
142,8,0,1,44,40,167,165,4,0.025
142,9,1,1,36,42,201,198,5,0.03125
142,10,2,1,42,36,191,194,2,0.0125
142,11,3,1,41,32,191,193,3,0.01875
142,12,4,1,46,40,205,203,5,0.03125
142,13,5,1,29,43,200,201,2,0.0125
142,14,6,1,44,33,185,187,4,0.025
142,15,7,1,36,36,162,163,1,0.00625
142,16,0,2,43,42,169,167,2,0.0125
142,17,1,2,41,44,207,205,3,0.01875
142,18,2,2,38,34,195,194,3,0.01875
142,19,3,2,44,40,208,207,5,0.03125
142,20,4,2,41,42,213,213,2,0.0125
142,21,5,2,44,41,219,220,5,0.03125
142,22,6,2,44,34,201,203,2,0.0125
142,23,7,2,44,44,178,178,7,0.04375
142,24,0,3,42,44,172,174,2,0.0125
142,25,1,3,41,38,207,207,1,0.00625
142,26,2,3,40,38,204,205,0,0.0
142,27,3,3,37,41,197,196,2,0.0125
142,28,4,3,40,44,202,202,3,0.01875
142,29,5,3,40,44,210,213,2,0.0125
142,30,6,3,41,44,210,207,4,0.025
142,31,7,3,45,43,172,169,2,0.0125
142,32,0,4,42,44,167,162,4,0.025
142,33,1,4,43,45,205,207,2,0.0125
142,34,2,4,44,42,209,208,3,0.01875
142,35,3,4,43,39,204,203,3,0.01875
142,36,4,4,40,35,194,195,3,0.01875
142,37,5,4,39,40,198,197,4,0.025
142,38,6,4,36,43,194,199,0,0.0
142,39,7,4,44,39,166,164,3,0.01875
142,40,0,5,38,40,161,161,2,0.0125
142,41,1,5,41,40,202,198,5,0.03125
142,42,2,5,42,45,210,208,3,0.01875
142,43,3,5,40,45,206,209,2,0.0125
142,44,4,5,36,44,199,200,2,0.0125
142,45,5,5,36,40,198,199,3,0.01875
142,46,6,5,45,37,193,195,2,0.0125
142,47,7,5,37,41,168,168,3,0.01875
142,48,0,6,44,45,164,164,4,0.025
142,49,1,6,36,38,196,199,1,0.00625
142,50,2,6,45,37,196,195,4,0.025
142,51,3,6,45,44,206,208,3,0.01875
142,52,4,6,45,40,208,205,4,0.025
142,53,5,6,44,39,211,213,3,0.01875
142,54,6,6,44,35,199,197,6,0.0375
142,55,7,6,37,43,168,170,1,0.00625
142,56,0,7,42,40,117,117,2,0.0125
142,57,1,7,39,44,164,165,1,0.00625
142,58,2,7,33,36,148,148,3,0.01875
142,59,3,7,40,45,158,154,3,0.01875
142,60,4,7,42,44,165,165,2,0.0125
142,61,5,7,32,45,156,155,4,0.025
142,62,6,7,41,44,155,159,1,0.00625
142,63,7,7,38,45,127,126,2,0.0125
143,0,0,0,41,35,120,119,2,0.0125
143,1,1,0,35,37,157,155,2,0.0125
143,2,2,0,37,38,155,152,3,0.01875
143,3,3,0,36,34,150,152,2,0.0125
143,4,4,0,32,40,151,151,4,0.025
143,5,5,0,40,42,157,157,2,0.0125
143,6,6,0,39,33,159,163,1,0.00625
143,7,7,0,44,40,125,127,3,0.01875
143,8,0,1,43,45,154,158,1,0.00625
143,9,1,1,36,38,188,192,2,0.0125
143,10,2,1,38,33,183,183,1,0.00625
143,11,3,1,40,36,185,184,3,0.01875
143,12,4,1,44,36,196,196,5,0.03125
143,13,5,1,37,30,188,189,2,0.0125
143,14,6,1,45,42,191,188,6,0.0375
143,15,7,1,36,44,162,164,0,0.0
143,16,0,2,34,32,147,148,2,0.0125
143,17,1,2,45,44,209,208,5,0.03125
143,18,2,2,41,39,207,207,3,0.01875
143,19,3,2,44,41,205,206,5,0.03125
143,20,4,2,35,40,198,201,0,0.0
143,21,5,2,40,44,207,205,5,0.03125
143,22,6,2,34,33,189,190,1,0.00625
143,23,7,2,44,45,160,161,5,0.03125
143,24,0,3,41,45,158,161,0,0.0
143,25,1,3,42,36,197,196,2,0.0125
143,26,2,3,31,45,196,194,2,0.0125
143,27,3,3,30,39,181,182,1,0.00625
143,28,4,3,41,44,198,198,3,0.01875
143,29,5,3,39,34,200,199,2,0.0125
143,30,6,3,41,44,197,200,5,0.03125
143,31,7,3,41,34,156,158,1,0.00625
143,32,0,4,39,42,158,158,3,0.01875
143,33,1,4,35,39,197,197,2,0.0125
143,34,2,4,45,39,204,205,2,0.0125
143,35,3,4,45,34,202,201,4,0.025
143,36,4,4,37,34,200,198,2,0.0125
143,37,5,4,44,41,211,212,2,0.0125
143,38,6,4,30,40,192,190,2,0.0125
143,39,7,4,39,42,149,152,1,0.00625
143,40,0,5,44,44,158,157,4,0.025
143,41,1,5,40,39,197,200,2,0.0125
143,42,2,5,44,39,201,199,3,0.01875
143,43,3,5,44,44,205,205,4,0.025
143,44,4,5,45,44,211,210,5,0.03125
143,45,5,5,46,40,210,208,3,0.01875
143,46,6,5,44,45,207,207,3,0.01875
143,47,7,5,43,31,157,155,3,0.01875
143,48,0,6,45,37,157,157,3,0.01875
143,49,1,6,31,42,198,197,1,0.00625
143,50,2,6,45,45,199,199,3,0.01875
143,51,3,6,45,41,211,208,4,0.025
143,52,4,6,40,43,208,211,1,0.00625
143,53,5,6,45,41,212,210,6,0.0375
143,54,6,6,37,44,201,201,4,0.025
143,55,7,6,39,44,160,162,0,0.0
143,56,0,7,36,40,112,113,1,0.00625
143,57,1,7,40,45,156,158,2,0.0125
143,58,2,7,42,32,147,148,3,0.01875
143,59,3,7,40,45,154,156,0,0.0
143,60,4,7,45,45,161,160,2,0.0125
143,61,5,7,36,42,156,158,2,0.0125
143,62,6,7,42,45,157,154,3,0.01875
143,63,7,7,34,36,111,111,3,0.01875
144,0,0,0,39,31,109,108,3,0.01875
144,1,1,0,38,34,148,150,2,0.0125
144,2,2,0,41,40,156,158,4,0.025
144,3,3,0,30,40,147,149,0,0.0
144,4,4,0,36,32,138,138,2,0.0125
144,5,5,0,36,44,157,160,1,0.00625
144,6,6,0,38,34,149,146,3,0.01875
144,7,7,0,39,45,121,122,2,0.0125
144,8,0,1,36,40,147,147,0,0.0
144,9,1,1,43,39,193,191,4,0.025
144,10,2,1,34,35,191,191,3,0.01875
144,11,3,1,31,40,184,185,3,0.01875
144,12,4,1,37,30,168,172,2,0.0125
144,13,5,1,36,38,193,195,1,0.00625
144,14,6,1,39,38,189,194,1,0.00625
144,15,7,1,41,37,163,159,4,0.025
144,16,0,2,45,40,156,155,3,0.01875
144,17,1,2,36,41,187,189,2,0.0125
144,18,2,2,46,41,203,200,2,0.0125
144,19,3,2,44,34,194,196,4,0.025
144,20,4,2,36,33,181,180,2,0.0125
144,21,5,2,32,37,182,187,2,0.0125
144,22,6,2,37,38,176,172,4,0.025
144,23,7,2,34,40,152,156,1,0.00625
144,24,0,3,36,41,155,152,3,0.01875
144,25,1,3,35,43,191,189,2,0.0125
144,26,2,3,43,36,198,200,3,0.01875
144,27,3,3,38,43,206,203,4,0.025
144,28,4,3,39,44,200,199,3,0.01875
144,29,5,3,44,35,207,204,4,0.025
144,30,6,3,29,31,185,187,2,0.0125
144,31,7,3,45,37,158,156,3,0.01875
144,32,0,4,44,44,156,158,3,0.01875
144,33,1,4,40,37,184,183,3,0.01875
144,34,2,4,48,37,194,193,4,0.025
144,35,3,4,43,39,204,201,3,0.01875
144,36,4,4,43,34,186,187,3,0.01875
144,37,5,4,39,41,198,197,2,0.0125
144,38,6,4,39,40,190,189,3,0.01875
144,39,7,4,34,33,147,146,2,0.0125
144,40,0,5,47,32,153,151,4,0.025
144,41,1,5,39,44,200,201,2,0.0125
144,42,2,5,43,36,194,197,2,0.0125
144,43,3,5,37,48,202,204,0,0.0
144,44,4,5,36,43,190,192,2,0.0125
144,45,5,5,42,40,201,204,3,0.01875
144,46,6,5,44,42,204,204,3,0.01875
144,47,7,5,35,33,158,160,3,0.01875
144,48,0,6,39,40,149,153,1,0.00625
144,49,1,6,42,47,195,192,4,0.025
144,50,2,6,45,37,198,197,4,0.025
144,51,3,6,40,44,200,207,0,0.0
144,52,4,6,43,40,195,193,5,0.03125
144,53,5,6,36,42,197,198,3,0.01875
144,54,6,6,43,46,197,203,0,0.0
144,55,7,6,38,46,173,172,3,0.01875
144,56,0,7,33,37,103,102,0,0.0
144,57,1,7,40,42,145,144,2,0.0125
144,58,2,7,33,38,145,146,2,0.0125
144,59,3,7,36,45,156,154,2,0.0125
144,60,4,7,37,42,154,155,2,0.0125
144,61,5,7,36,41,155,156,2,0.0125
144,62,6,7,41,37,150,149,4,0.025
144,63,7,7,30,47,118,121,1,0.00625
145,0,0,0,37,32,103,105,1,0.00625
145,1,1,0,44,41,159,159,3,0.01875
145,2,2,0,32,38,145,145,4,0.025
145,3,3,0,46,37,148,146,3,0.01875
145,4,4,0,37,43,155,153,3,0.01875
145,5,5,0,37,31,130,130,2,0.0125
145,6,6,0,44,41,144,145,2,0.0125
145,7,7,0,28,36,105,105,2,0.0125
145,8,0,1,44,33,149,147,1,0.00625
145,9,1,1,39,40,199,201,2,0.0125
145,10,2,1,36,45,197,196,2,0.0125
145,11,3,1,30,33,172,171,4,0.025
145,12,4,1,37,44,191,191,3,0.01875
145,13,5,1,40,36,186,179,4,0.025
145,14,6,1,28,33,179,178,0,0.0
145,15,7,1,34,40,142,144,2,0.0125
145,16,0,2,37,39,143,143,3,0.01875
145,17,1,2,36,38,196,194,4,0.025
145,18,2,2,44,39,192,194,3,0.01875
145,19,3,2,38,33,193,194,1,0.00625
145,20,4,2,46,30,196,191,5,0.03125
145,21,5,2,40,38,190,186,3,0.01875
145,22,6,2,36,39,192,194,3,0.01875
145,23,7,2,39,31,143,140,3,0.01875
145,24,0,3,44,34,151,151,5,0.03125
145,25,1,3,42,42,209,212,2,0.0125
145,26,2,3,35,36,193,191,2,0.0125
145,27,3,3,35,45,193,196,3,0.01875
145,28,4,3,38,39,196,197,1,0.00625
145,29,5,3,41,44,191,193,5,0.03125
145,30,6,3,43,39,200,197,4,0.025
145,31,7,3,38,35,150,150,3,0.01875
145,32,0,4,36,43,149,149,2,0.0125
145,33,1,4,37,42,200,200,4,0.025
145,34,2,4,40,39,198,197,4,0.025
145,35,3,4,39,37,196,201,2,0.0125
145,36,4,4,43,36,206,204,4,0.025
145,37,5,4,37,38,191,189,4,0.025
145,38,6,4,45,41,203,200,4,0.025
145,39,7,4,44,38,163,161,3,0.01875
145,40,0,5,43,42,156,157,3,0.01875
145,41,1,5,34,38,194,192,2,0.0125
145,42,2,5,37,36,185,183,2,0.0125
145,43,3,5,34,40,189,191,1,0.00625
145,44,4,5,43,41,198,197,3,0.01875
145,45,5,5,40,43,188,186,4,0.025
145,46,6,5,42,35,189,184,8,0.05
145,47,7,5,34,45,156,155,1,0.00625
145,48,0,6,44,38,156,155,2,0.0125
145,49,1,6,44,44,211,213,3,0.01875
145,50,2,6,44,36,203,205,3,0.01875
145,51,3,6,36,41,203,201,1,0.00625
145,52,4,6,41,38,200,201,3,0.01875
145,53,5,6,43,38,195,194,4,0.025
145,54,6,6,44,36,203,199,3,0.01875
145,55,7,6,43,40,159,159,2,0.0125
145,56,0,7,41,39,117,115,3,0.01875
145,57,1,7,35,41,155,156,1,0.00625
145,58,2,7,44,44,159,156,3,0.01875
145,59,3,7,44,44,162,162,2,0.0125
145,60,4,7,34,39,148,145,5,0.03125
145,61,5,7,42,41,148,148,1,0.00625
145,62,6,7,39,42,157,159,1,0.00625
145,63,7,7,40,40,118,117,2,0.0125
146,0,0,0,38,44,116,116,2,0.0125
146,1,1,0,35,40,146,145,3,0.01875
146,2,2,0,36,39,144,146,1,0.00625
146,3,3,0,44,39,156,152,4,0.025
146,4,4,0,41,43,163,165,3,0.01875
146,5,5,0,43,38,160,157,3,0.01875
146,6,6,0,36,42,162,160,3,0.01875
146,7,7,0,35,40,113,114,1,0.00625
146,8,0,1,41,33,161,160,3,0.01875
146,9,1,1,41,38,203,203,2,0.0125
146,10,2,1,38,38,196,194,3,0.01875
146,11,3,1,38,37,194,193,4,0.025
146,12,4,1,44,44,212,208,5,0.03125
146,13,5,1,41,42,202,207,2,0.0125
146,14,6,1,44,43,215,210,5,0.03125
146,15,7,1,45,39,162,162,2,0.0125
146,16,0,2,42,41,171,169,3,0.01875
146,17,1,2,41,45,208,210,2,0.0125
146,18,2,2,37,42,203,201,6,0.0375
146,19,3,2,46,38,205,201,5,0.03125
146,20,4,2,38,35,206,209,1,0.00625
146,21,5,2,38,43,204,207,1,0.00625
146,22,6,2,44,41,210,208,5,0.03125
146,23,7,2,43,40,163,165,0,0.0
146,24,0,3,45,44,164,164,4,0.025
146,25,1,3,41,37,194,194,2,0.0125
146,26,2,3,38,42,189,191,1,0.00625
146,27,3,3,41,36,186,183,4,0.025
146,28,4,3,35,45,194,195,1,0.00625
146,29,5,3,41,42,188,190,2,0.0125
146,30,6,3,40,39,201,201,2,0.0125
146,31,7,3,35,44,156,157,3,0.01875
146,32,0,4,42,30,164,162,3,0.01875
146,33,1,4,40,45,212,212,3,0.01875
146,34,2,4,34,41,197,203,0,0.0
146,35,3,4,37,35,192,190,4,0.025
146,36,4,4,32,39,195,197,2,0.0125
146,37,5,4,36,33,185,188,2,0.0125
146,38,6,4,38,42,198,200,2,0.0125
146,39,7,4,41,42,159,159,3,0.01875
146,40,0,5,42,43,164,162,4,0.025
146,41,1,5,34,41,193,192,4,0.025
146,42,2,5,41,42,185,183,5,0.03125
146,43,3,5,40,40,192,190,2,0.0125
146,44,4,5,43,36,194,194,4,0.025
146,45,5,5,38,36,193,193,4,0.025
146,46,6,5,42,35,196,201,1,0.00625
146,47,7,5,37,38,156,157,1,0.00625
146,48,0,6,45,31,163,161,3,0.01875
146,49,1,6,42,41,214,213,2,0.0125
146,50,2,6,38,29,190,189,1,0.00625
146,51,3,6,46,36,203,201,4,0.025
146,52,4,6,42,33,206,204,4,0.025
146,53,5,6,45,42,209,210,3,0.01875
146,54,6,6,39,38,205,207,2,0.0125
146,55,7,6,38,44,159,157,2,0.0125
146,56,0,7,44,43,131,129,4,0.025
146,57,1,7,36,45,167,167,1,0.00625
146,58,2,7,40,44,164,165,3,0.01875
146,59,3,7,41,42,167,168,1,0.00625
146,60,4,7,39,41,168,167,3,0.01875
146,61,5,7,42,43,168,167,2,0.0125
146,62,6,7,37,45,169,165,6,0.0375
146,63,7,7,45,40,120,120,2,0.0125
147,0,0,0,36,45,117,117,1,0.00625
147,1,1,0,37,44,152,152,3,0.01875
147,2,2,0,33,36,143,144,1,0.00625
147,3,3,0,44,44,158,161,3,0.01875
147,4,4,0,35,36,154,154,1,0.00625
147,5,5,0,38,40,151,154,2,0.0125
147,6,6,0,38,42,158,158,2,0.0125
147,7,7,0,40,39,118,117,2,0.0125
147,8,0,1,45,36,168,165,4,0.025
147,9,1,1,44,36,211,208,3,0.01875
147,10,2,1,44,33,198,199,3,0.01875
147,11,3,1,44,35,207,208,5,0.03125
147,12,4,1,44,44,209,212,3,0.01875
147,13,5,1,30,37,191,190,2,0.0125
147,14,6,1,33,42,183,189,2,0.0125
147,15,7,1,36,37,151,152,1,0.00625
147,16,0,2,37,42,168,168,4,0.025
147,17,1,2,37,41,205,205,2,0.0125
147,18,2,2,43,43,200,202,4,0.025
147,19,3,2,44,44,214,216,5,0.03125
147,20,4,2,29,44,197,199,1,0.00625
147,21,5,2,40,44,198,198,1,0.00625
147,22,6,2,40,33,197,200,3,0.01875
147,23,7,2,44,36,166,162,4,0.025
147,24,0,3,44,43,175,176,2,0.0125
147,25,1,3,38,39,211,210,3,0.01875
147,26,2,3,35,38,197,194,4,0.025
147,27,3,3,45,43,210,210,5,0.03125
147,28,4,3,40,44,206,207,2,0.0125
147,29,5,3,37,28,189,188,2,0.0125
147,30,6,3,34,39,196,200,0,0.0
147,31,7,3,44,42,164,165,3,0.01875
147,32,0,4,45,44,172,173,2,0.0125
147,33,1,4,43,44,213,213,3,0.01875
147,34,2,4,37,41,193,188,4,0.025
147,35,3,4,43,39,192,195,1,0.00625
147,36,4,4,45,45,204,203,2,0.0125
147,37,5,4,43,39,201,199,5,0.03125
147,38,6,4,37,39,199,198,5,0.03125
147,39,7,4,38,36,154,155,3,0.01875
147,40,0,5,44,38,157,158,3,0.01875
147,41,1,5,44,45,208,209,2,0.0125
147,42,2,5,42,41,198,198,4,0.025
147,43,3,5,42,31,190,188,5,0.03125
147,44,4,5,44,44,195,194,5,0.03125
147,45,5,5,45,40,198,198,3,0.01875
147,46,6,5,42,42,196,196,2,0.0125
147,47,7,5,30,38,151,149,3,0.01875
147,48,0,6,34,32,147,148,1,0.00625
147,49,1,6,41,44,203,202,5,0.03125
147,50,2,6,42,44,202,202,2,0.0125
147,51,3,6,44,42,207,205,2,0.0125
147,52,4,6,37,42,196,195,5,0.03125
147,53,5,6,41,44,200,199,4,0.025
147,54,6,6,32,45,203,200,4,0.025
147,55,7,6,42,40,158,158,4,0.025
147,56,0,7,44,37,126,127,3,0.01875
147,57,1,7,43,35,165,165,2,0.0125
147,58,2,7,40,39,164,162,3,0.01875
147,59,3,7,37,38,158,158,2,0.0125
147,60,4,7,38,44,162,164,3,0.01875
147,61,5,7,45,37,164,163,3,0.01875
147,62,6,7,44,43,172,174,4,0.025
147,63,7,7,44,32,121,121,2,0.0125
148,0,0,0,35,44,123,124,1,0.00625
148,1,1,0,44,44,170,168,3,0.01875
148,2,2,0,46,35,170,165,4,0.025
148,3,3,0,36,38,164,163,2,0.0125
148,4,4,0,44,43,165,165,2,0.0125
148,5,5,0,38,39,164,161,5,0.03125
148,6,6,0,42,44,165,166,3,0.01875
148,7,7,0,45,43,129,126,3,0.01875
148,8,0,1,45,45,163,166,2,0.0125
148,9,1,1,45,36,199,199,5,0.03125
148,10,2,1,45,44,202,198,5,0.03125
148,11,3,1,43,42,201,203,3,0.01875
148,12,4,1,31,38,184,185,2,0.0125
148,13,5,1,42,40,182,181,3,0.01875
148,14,6,1,42,34,192,190,2,0.0125
148,15,7,1,35,40,158,158,2,0.0125
148,16,0,2,40,30,154,152,4,0.025
148,17,1,2,45,45,210,210,3,0.01875
148,18,2,2,42,44,207,204,5,0.03125
148,19,3,2,42,45,209,210,3,0.01875
148,20,4,2,35,45,205,203,4,0.025
148,21,5,2,45,32,186,184,3,0.01875
148,22,6,2,39,37,204,201,3,0.01875
148,23,7,2,37,41,159,162,2,0.0125
148,24,0,3,45,39,173,174,1,0.00625
148,25,1,3,35,38,205,203,2,0.0125
148,26,2,3,32,43,190,192,2,0.0125
148,27,3,3,35,42,197,197,3,0.01875
148,28,4,3,37,42,205,202,3,0.01875
148,29,5,3,31,37,190,190,3,0.01875
148,30,6,3,42,43,205,202,4,0.025
148,31,7,3,45,39,168,166,5,0.03125
148,32,0,4,40,44,160,163,1,0.00625
148,33,1,4,43,45,205,205,4,0.025
148,34,2,4,44,34,191,193,2,0.0125
148,35,3,4,41,31,192,187,4,0.025
148,36,4,4,36,37,188,190,1,0.00625
148,37,5,4,36,37,175,179,2,0.0125
148,38,6,4,43,33,191,190,4,0.025
148,39,7,4,29,38,154,157,1,0.00625
148,40,0,5,45,34,159,159,5,0.03125
148,41,1,5,36,41,200,201,2,0.0125
148,42,2,5,37,42,186,186,5,0.03125
148,43,3,5,38,44,195,194,3,0.01875
148,44,4,5,44,39,203,202,5,0.03125
148,45,5,5,45,37,198,200,1,0.00625
148,46,6,5,31,40,198,198,2,0.0125
148,47,7,5,38,42,158,159,3,0.01875
148,48,0,6,36,36,160,161,2,0.0125
148,49,1,6,44,45,210,208,5,0.03125
148,50,2,6,28,39,188,191,1,0.00625
148,51,3,6,43,37,196,198,2,0.0125
148,52,4,6,43,39,210,215,1,0.00625
148,53,5,6,41,44,209,210,3,0.01875
148,54,6,6,39,45,210,215,0,0.0
148,55,7,6,40,36,162,162,4,0.025
148,56,0,7,40,45,128,131,2,0.0125
148,57,1,7,29,35,148,148,0,0.0
148,58,2,7,39,44,160,163,1,0.00625
148,59,3,7,44,32,163,159,5,0.03125
148,60,4,7,40,44,174,173,4,0.025
148,61,5,7,44,42,170,169,2,0.0125
148,62,6,7,41,40,170,171,3,0.01875
148,63,7,7,45,43,128,127,3,0.01875
149,0,0,0,28,44,116,114,2,0.0125
149,1,1,0,44,39,153,155,3,0.01875
149,2,2,0,34,38,159,162,2,0.0125
149,3,3,0,38,39,155,157,1,0.00625
149,4,4,0,37,43,159,160,3,0.01875
149,5,5,0,40,41,164,166,1,0.00625
149,6,6,0,45,42,171,169,5,0.03125
149,7,7,0,40,43,126,130,0,0.0
149,8,0,1,45,42,168,170,1,0.00625
149,9,1,1,44,26,196,195,6,0.0375
149,10,2,1,42,44,205,209,2,0.0125
149,11,3,1,39,40,199,199,2,0.0125
149,12,4,1,42,36,204,204,2,0.0125
149,13,5,1,38,42,210,210,2,0.0125
149,14,6,1,42,41,207,208,4,0.025
149,15,7,1,42,45,171,167,5,0.03125
149,16,0,2,44,39,161,164,2,0.0125
149,17,1,2,28,45,190,192,1,0.00625
149,18,2,2,39,44,185,190,0,0.0
149,19,3,2,43,42,199,197,4,0.025
149,20,4,2,37,40,191,192,2,0.0125
149,21,5,2,45,43,198,196,5,0.03125
149,22,6,2,37,41,196,196,4,0.025
149,23,7,2,29,40,149,151,1,0.00625
149,24,0,3,41,35,157,155,2,0.0125
149,25,1,3,32,44,197,199,3,0.01875
149,26,2,3,43,34,182,182,4,0.025
149,27,3,3,39,41,193,195,2,0.0125
149,28,4,3,38,43,200,198,4,0.025
149,29,5,3,45,32,193,190,4,0.025
149,30,6,3,43,45,208,206,5,0.03125
149,31,7,3,32,35,154,156,1,0.00625
149,32,0,4,41,36,161,157,3,0.01875
149,33,1,4,39,45,203,204,3,0.01875
149,34,2,4,38,36,187,188,1,0.00625
149,35,3,4,38,40,197,199,3,0.01875
149,36,4,4,43,38,203,204,1,0.00625
149,37,5,4,39,37,209,204,4,0.025
149,38,6,4,45,40,207,208,3,0.01875
149,39,7,4,45,44,176,173,3,0.01875
149,40,0,5,41,38,162,164,2,0.0125
149,41,1,5,42,42,211,207,5,0.03125
149,42,2,5,44,40,204,205,5,0.03125
149,43,3,5,42,41,206,208,2,0.0125
149,44,4,5,44,41,211,209,4,0.025
149,45,5,5,44,44,219,219,2,0.0125
149,46,6,5,34,37,201,201,3,0.01875
149,47,7,5,39,45,161,163,2,0.0125
149,48,0,6,36,40,165,165,2,0.0125
149,49,1,6,34,43,199,203,1,0.00625
149,50,2,6,31,39,188,188,1,0.00625
149,51,3,6,37,44,193,194,1,0.00625
149,52,4,6,45,41,211,206,4,0.025
149,53,5,6,33,44,210,206,6,0.0375
149,54,6,6,33,44,192,193,1,0.00625
149,55,7,6,41,31,147,149,2,0.0125
149,56,0,7,45,43,130,130,3,0.01875
149,57,1,7,43,39,169,168,2,0.0125
149,58,2,7,38,38,160,160,2,0.0125
149,59,3,7,44,32,157,160,3,0.01875
149,60,4,7,45,39,169,169,4,0.025
149,61,5,7,43,45,178,177,5,0.03125
149,62,6,7,46,32,168,165,4,0.025
149,63,7,7,43,30,120,120,3,0.01875
