sample_idx,router_id,x,y,injected,ejected,received_total,sent_total,stored_total,buffer_occupancy_norm
0,0,0,0,15,14,37,37,0,0.0
0,1,1,0,14,8,58,53,5,0.03125
0,2,2,0,26,13,85,79,6,0.0375
0,3,3,0,22,12,91,88,3,0.01875
0,4,4,0,19,9,92,89,2,0.0125
0,5,5,0,28,7,88,83,5,0.03125
0,6,6,0,19,12,73,67,5,0.03125
0,7,7,0,18,18,41,40,0,0.0
0,8,0,1,14,12,54,51,2,0.0125
0,9,1,1,17,8,65,65,0,0.0
0,10,2,1,15,11,89,88,0,0.0
0,11,3,1,23,16,114,107,5,0.03125
0,12,4,1,12,13,102,98,4,0.025
0,13,5,1,22,15,98,92,5,0.03125
0,14,6,1,18,17,85,82,2,0.0125
0,15,7,1,18,10,53,52,0,0.0
0,16,0,2,21,12,77,72,5,0.03125
0,17,1,2,24,16,102,93,8,0.05
0,18,2,2,27,10,120,111,5,0.03125
0,19,3,2,21,12,127,121,6,0.0375
0,20,4,2,24,18,126,122,4,0.025
0,21,5,2,20,13,103,97,4,0.025
0,22,6,2,15,7,87,86,0,0.0
0,23,7,2,11,9,62,60,2,0.0125
0,24,0,3,16,15,79,76,1,0.00625
0,25,1,3,10,15,97,93,3,0.01875
0,26,2,3,22,14,114,110,4,0.025
0,27,3,3,14,13,126,121,4,0.025
0,28,4,3,21,10,128,125,2,0.0125
0,29,5,3,19,12,120,116,2,0.0125
0,30,6,3,21,13,116,110,4,0.025
0,31,7,3,24,20,92,87,3,0.01875
0,32,0,4,20,15,81,79,1,0.00625
0,33,1,4,19,14,109,101,6,0.0375
0,34,2,4,18,16,114,110,4,0.025
0,35,3,4,20,11,133,126,6,0.0375
0,36,4,4,16,12,125,122,3,0.01875
0,37,5,4,17,14,117,112,5,0.03125
0,38,6,4,14,14,103,100,1,0.00625
0,39,7,4,16,9,81,77,2,0.0125
0,40,0,5,20,6,69,65,3,0.01875
0,41,1,5,16,12,94,91,2,0.0125
0,42,2,5,20,7,104,99,4,0.025
0,43,3,5,20,9,124,118,3,0.01875
0,44,4,5,18,11,113,110,2,0.0125
0,45,5,5,22,16,106,101,3,0.01875
0,46,6,5,22,13,94,88,3,0.01875
0,47,7,5,12,14,67,66,0,0.0
0,48,0,6,17,14,62,60,1,0.00625
0,49,1,6,19,11,83,77,4,0.025
0,50,2,6,17,15,100,97,2,0.0125
0,51,3,6,26,19,114,112,2,0.0125
0,52,4,6,16,11,106,102,1,0.00625
0,53,5,6,14,10,92,89,2,0.0125
0,54,6,6,20,12,91,86,3,0.01875
0,55,7,6,23,7,64,61,2,0.0125
0,56,0,7,16,13,41,40,1,0.00625
0,57,1,7,23,10,67,66,1,0.00625
0,58,2,7,23,14,98,95,2,0.0125
0,59,3,7,17,8,90,89,1,0.00625
0,60,4,7,16,11,84,81,3,0.01875
0,61,5,7,14,9,72,70,1,0.00625
0,62,6,7,17,6,58,56,2,0.0125
0,63,7,7,20,12,41,39,2,0.0125
1,0,0,0,24,19,59,56,0,0.0
1,1,1,0,23,21,87,87,4,0.025
1,2,2,0,12,25,101,103,3,0.01875
1,3,3,0,18,12,103,104,2,0.0125
1,4,4,0,24,15,110,108,4,0.025
1,5,5,0,16,21,95,99,1,0.00625
1,6,6,0,17,14,74,76,3,0.01875
1,7,7,0,24,18,57,58,0,0.0
1,8,0,1,18,23,84,82,3,0.01875
1,9,1,1,24,15,113,107,5,0.03125
1,10,2,1,16,9,120,118,1,0.00625
1,11,3,1,22,29,134,134,5,0.03125
1,12,4,1,23,15,132,131,4,0.025
1,13,5,1,17,15,114,112,7,0.04375
1,14,6,1,14,17,100,93,10,0.0625
1,15,7,1,23,18,83,79,4,0.025
1,16,0,2,11,18,94,92,5,0.03125
1,17,1,2,13,14,107,107,8,0.05
1,18,2,2,14,14,121,119,9,0.05625
1,19,3,2,25,17,145,141,9,0.05625
1,20,4,2,24,14,142,138,6,0.0375
1,21,5,2,20,21,139,141,4,0.025
1,22,6,2,17,17,122,113,9,0.05625
1,23,7,2,20,20,104,104,1,0.00625
1,24,0,3,14,23,108,108,3,0.01875
1,25,1,3,17,17,133,132,4,0.025
1,26,2,3,25,17,159,157,5,0.03125
1,27,3,3,21,18,163,163,4,0.025
1,28,4,3,17,17,156,153,5,0.03125
1,29,5,3,24,23,155,150,8,0.05
1,30,6,3,13,13,118,120,4,0.025
1,31,7,3,21,19,107,106,5,0.03125
1,32,0,4,24,23,110,107,4,0.025
1,33,1,4,21,17,127,126,7,0.04375
1,34,2,4,21,22,152,150,3,0.01875
1,35,3,4,20,14,152,152,6,0.0375
1,36,4,4,17,10,150,145,7,0.04375
1,37,5,4,23,7,134,134,5,0.03125
1,38,6,4,23,22,140,138,3,0.01875
1,39,7,4,20,21,109,106,5,0.03125
1,40,0,5,14,20,96,95,3,0.01875
1,41,1,5,18,17,119,118,3,0.01875
1,42,2,5,20,20,142,140,6,0.0375
1,43,3,5,15,17,148,144,9,0.05625
1,44,4,5,14,20,145,147,1,0.00625
1,45,5,5,21,19,138,135,6,0.0375
1,46,6,5,18,17,130,129,7,0.04375
1,47,7,5,22,23,108,103,4,0.025
1,48,0,6,17,16,78,79,0,0.0
1,49,1,6,16,22,111,109,7,0.04375
1,50,2,6,20,15,128,123,7,0.04375
1,51,3,6,26,19,138,134,4,0.025
1,52,4,6,21,16,130,126,8,0.05
1,53,5,6,16,9,111,103,10,0.0625
1,54,6,6,18,21,103,102,4,0.025
1,55,7,6,17,16,77,73,7,0.04375
1,56,0,7,16,17,48,49,0,0.0
1,57,1,7,21,17,82,81,1,0.00625
1,58,2,7,21,17,101,100,4,0.025
1,59,3,7,28,21,114,111,2,0.0125
1,60,4,7,17,20,105,105,3,0.01875
1,61,5,7,20,15,95,96,0,0.0
1,62,6,7,18,13,76,75,2,0.0125
1,63,7,7,22,15,49,51,0,0.0
2,0,0,0,20,17,54,55,2,0.0125
2,1,1,0,20,16,82,84,3,0.01875
2,2,2,0,17,17,93,91,6,0.0375
2,3,3,0,13,13,88,84,5,0.03125
2,4,4,0,20,13,86,86,4,0.025
2,5,5,0,18,19,81,74,7,0.04375
2,6,6,0,14,24,68,67,4,0.025
2,7,7,0,21,22,56,54,2,0.0125
2,8,0,1,15,18,73,74,4,0.025
2,9,1,1,19,13,98,97,7,0.04375
2,10,2,1,20,14,118,115,5,0.03125
2,11,3,1,21,42,137,141,2,0.0125
2,12,4,1,23,20,122,123,4,0.025
2,13,5,1,16,26,114,114,6,0.0375
2,14,6,1,13,17,97,99,6,0.0375
2,15,7,1,18,17,83,82,5,0.03125
2,16,0,2,11,23,92,94,4,0.025
2,17,1,2,6,21,105,106,8,0.05
2,18,2,2,23,20,130,133,7,0.04375
2,19,3,2,17,15,140,145,3,0.01875
2,20,4,2,28,19,140,144,3,0.01875
2,21,5,2,15,14,126,123,5,0.03125
2,22,6,2,17,17,119,122,7,0.04375
2,23,7,2,22,15,101,97,5,0.03125
2,24,0,3,26,25,115,116,1,0.00625
2,25,1,3,12,14,126,124,6,0.0375
2,26,2,3,14,19,133,135,3,0.01875
2,27,3,3,21,12,151,147,7,0.04375
2,28,4,3,16,10,145,146,4,0.025
2,29,5,3,14,21,140,145,3,0.01875
2,30,6,3,16,13,129,127,5,0.03125
2,31,7,3,21,16,103,107,1,0.00625
2,32,0,4,14,13,94,93,4,0.025
2,33,1,4,21,11,131,133,7,0.04375
2,34,2,4,22,20,142,142,5,0.03125
2,35,3,4,19,15,150,153,1,0.00625
2,36,4,4,21,13,154,153,5,0.03125
2,37,5,4,18,15,138,138,5,0.03125
2,38,6,4,12,24,121,120,6,0.0375
2,39,7,4,13,22,100,104,2,0.0125
2,40,0,5,20,23,83,87,0,0.0
2,41,1,5,11,21,109,104,7,0.04375
2,42,2,5,17,17,113,114,4,0.025
2,43,3,5,24,8,118,119,7,0.04375
2,44,4,5,30,17,139,135,4,0.025
2,45,5,5,17,12,104,106,5,0.03125
2,46,6,5,15,15,107,101,11,0.06875
2,47,7,5,9,15,80,82,4,0.025
2,48,0,6,10,19,59,56,4,0.025
2,49,1,6,8,21,82,82,8,0.05
2,50,2,6,26,16,94,95,6,0.0375
2,51,3,6,19,18,110,108,7,0.04375
2,52,4,6,22,19,111,112,6,0.0375
2,53,5,6,14,14,78,79,10,0.0625
2,54,6,6,4,16,80,76,10,0.0625
2,55,7,6,13,13,64,66,4,0.025
2,56,0,7,20,12,42,42,0,0.0
2,57,1,7,10,11,64,64,2,0.0125
2,58,2,7,15,15,74,74,2,0.0125
2,59,3,7,28,19,98,97,5,0.03125
2,60,4,7,17,19,103,96,9,0.05625
2,61,5,7,20,13,88,84,5,0.03125
2,62,6,7,17,25,79,76,5,0.03125
2,63,7,7,16,22,51,49,2,0.0125
3,0,0,0,19,13,48,46,3,0.01875
3,1,1,0,23,15,77,74,5,0.03125
3,2,2,0,21,13,94,95,4,0.025
3,3,3,0,18,21,115,115,4,0.025
3,4,4,0,14,18,104,104,3,0.01875
3,5,5,0,16,13,77,79,5,0.03125
3,6,6,0,7,20,60,59,5,0.03125
3,7,7,0,18,11,39,37,4,0.025
3,8,0,1,17,10,63,61,3,0.01875
3,9,1,1,13,22,98,95,9,0.05625
3,10,2,1,17,15,113,110,8,0.05
3,11,3,1,21,30,147,148,1,0.00625
3,12,4,1,24,10,125,125,3,0.01875
3,13,5,1,16,14,110,114,3,0.01875
3,14,6,1,14,25,104,105,6,0.0375
3,15,7,1,16,21,69,71,4,0.025
3,16,0,2,13,15,80,80,4,0.025
3,17,1,2,12,17,115,114,9,0.05625
3,18,2,2,14,15,121,127,2,0.0125
3,19,3,2,16,9,153,149,8,0.05
3,20,4,2,27,18,142,140,5,0.03125
3,21,5,2,13,17,118,117,8,0.05
3,22,6,2,14,12,108,107,7,0.04375
3,23,7,2,14,23,76,78,4,0.025
3,24,0,3,27,21,109,107,4,0.025
3,25,1,3,19,16,134,130,10,0.0625
3,26,2,3,20,16,149,143,8,0.05
3,27,3,3,15,15,164,167,5,0.03125
3,28,4,3,18,20,149,148,4,0.025
3,29,5,3,22,16,133,129,6,0.0375
3,30,6,3,18,23,128,123,9,0.05625
3,31,7,3,21,13,87,84,4,0.025
3,32,0,4,18,19,96,96,4,0.025
3,33,1,4,16,20,127,127,6,0.0375
3,34,2,4,19,18,150,151,3,0.01875
3,35,3,4,22,13,161,159,3,0.01875
3,36,4,4,17,10,132,135,5,0.03125
3,37,5,4,23,15,131,128,7,0.04375
3,38,6,4,20,17,120,122,2,0.0125
3,39,7,4,13,24,86,86,2,0.0125
3,40,0,5,12,16,76,73,3,0.01875
3,41,1,5,12,14,105,103,9,0.05625
3,42,2,5,25,13,124,122,8,0.05
3,43,3,5,15,19,148,147,8,0.05
3,44,4,5,21,15,126,126,3,0.01875
3,45,5,5,19,13,126,128,4,0.025
3,46,6,5,15,20,113,118,8,0.05
3,47,7,5,15,13,83,81,4,0.025
3,48,0,6,10,20,59,60,3,0.01875
3,49,1,6,8,20,87,87,7,0.04375
3,50,2,6,23,13,106,107,3,0.01875
3,51,3,6,21,18,125,122,9,0.05625
3,52,4,6,24,14,104,107,2,0.0125
3,53,5,6,21,23,109,110,7,0.04375
3,54,6,6,9,12,79,81,8,0.05
3,55,7,6,7,19,58,60,3,0.01875
3,56,0,7,21,17,48,47,1,0.00625
3,57,1,7,11,17,65,58,8,0.05
3,58,2,7,17,17,70,69,5,0.03125
3,59,3,7,20,15,73,70,7,0.04375
3,60,4,7,19,13,63,67,6,0.0375
3,61,5,7,14,12,59,56,8,0.05
3,62,6,7,4,19,50,48,8,0.05
3,63,7,7,12,15,35,33,4,0.025
4,0,0,0,16,19,48,48,3,0.01875
4,1,1,0,18,20,79,78,5,0.03125
4,2,2,0,17,22,100,102,1,0.00625
4,3,3,0,18,17,108,106,6,0.0375
4,4,4,0,27,13,105,104,6,0.0375
4,5,5,0,19,16,84,84,6,0.0375
4,6,6,0,12,16,60,58,7,0.04375
4,7,7,0,11,12,32,30,5,0.03125
4,8,0,1,20,21,82,82,4,0.025
4,9,1,1,16,21,106,109,6,0.0375
4,10,2,1,14,20,115,116,8,0.05
4,11,3,1,20,40,136,136,2,0.0125
4,12,4,1,27,15,122,122,3,0.01875
4,13,5,1,23,15,115,113,5,0.03125
4,14,6,1,17,18,107,107,4,0.025
4,15,7,1,19,12,59,57,5,0.03125
4,16,0,2,14,14,90,88,6,0.0375
4,17,1,2,21,22,118,121,6,0.0375
4,18,2,2,18,11,129,121,8,0.05
4,19,3,2,24,16,135,139,4,0.025
4,20,4,2,20,15,126,125,6,0.0375
4,21,5,2,16,8,111,115,4,0.025
4,22,6,2,21,11,115,113,9,0.05625
4,23,7,2,13,25,79,78,4,0.025
4,24,0,3,16,12,93,92,3,0.01875
4,25,1,3,19,16,118,128,0,0.0
4,26,2,3,18,9,135,143,2,0.0125
4,27,3,3,22,12,146,145,6,0.0375
4,28,4,3,20,16,129,129,5,0.03125
4,29,5,3,15,23,122,121,8,0.05
4,30,6,3,10,8,102,101,11,0.06875
4,31,7,3,10,8,78,78,5,0.03125
4,32,0,4,24,17,108,107,6,0.0375
4,33,1,4,22,9,119,117,8,0.05
4,34,2,4,14,19,137,134,6,0.0375
4,35,3,4,16,14,144,140,8,0.05
4,36,4,4,26,11,133,132,7,0.04375
4,37,5,4,23,23,127,127,7,0.04375
4,38,6,4,15,20,109,104,9,0.05625
4,39,7,4,16,17,85,85,3,0.01875
4,40,0,5,17,18,95,94,3,0.01875
4,41,1,5,22,9,106,109,8,0.05
4,42,2,5,25,18,126,127,6,0.0375
4,43,3,5,20,10,131,132,8,0.05
4,44,4,5,15,18,112,114,3,0.01875
4,45,5,5,13,9,95,91,8,0.05
4,46,6,5,11,11,81,80,8,0.05
4,47,7,5,9,15,75,75,5,0.03125
4,48,0,6,13,15,70,69,4,0.025
4,49,1,6,7,10,78,77,8,0.05
4,50,2,6,18,15,79,76,8,0.05
4,51,3,6,26,17,97,96,12,0.075
4,52,4,6,23,14,79,76,6,0.0375
4,53,5,6,7,17,67,69,7,0.04375
4,54,6,6,5,15,55,55,7,0.04375
4,55,7,6,3,20,57,55,4,0.025
4,56,0,7,6,23,40,37,4,0.025
4,57,1,7,10,26,56,56,8,0.05
4,58,2,7,15,12,53,51,7,0.04375
4,59,3,7,16,20,68,66,9,0.05625
4,60,4,7,17,9,57,56,6,0.0375
4,61,5,7,9,10,44,45,6,0.0375
4,62,6,7,2,11,31,29,9,0.05625
4,63,7,7,1,19,29,27,5,0.03125
5,0,0,0,12,19,59,55,7,0.04375
5,1,1,0,17,11,71,71,7,0.04375
5,2,2,0,24,9,89,84,7,0.04375
5,3,3,0,23,15,99,101,6,0.0375
5,4,4,0,16,13,95,91,9,0.05625
5,5,5,0,22,19,90,93,1,0.00625
5,6,6,0,14,16,68,68,7,0.04375
5,7,7,0,14,15,41,44,3,0.01875
5,8,0,1,12,10,70,70,5,0.03125
5,9,1,1,21,7,81,78,9,0.05625
5,10,2,1,13,16,100,103,5,0.03125
5,11,3,1,23,34,136,136,2,0.0125
5,12,4,1,19,13,119,119,3,0.01875
5,13,5,1,14,8,109,114,0,0.0
5,14,6,1,22,17,105,104,7,0.04375
5,15,7,1,18,10,64,67,3,0.01875
5,16,0,2,17,17,93,90,9,0.05625
5,17,1,2,20,16,110,103,12,0.075
5,18,2,2,12,17,123,130,3,0.01875
5,19,3,2,23,21,163,162,3,0.01875
5,20,4,2,16,15,130,132,3,0.01875
5,21,5,2,17,17,120,119,3,0.01875
5,22,6,2,21,10,106,107,8,0.05
5,23,7,2,14,14,74,73,5,0.03125
5,24,0,3,23,13,102,101,4,0.025
5,25,1,3,21,16,120,115,5,0.03125
5,26,2,3,23,8,135,133,3,0.01875
5,27,3,3,12,12,154,153,4,0.025
5,28,4,3,18,12,131,135,1,0.00625
5,29,5,3,16,19,118,121,4,0.025
5,30,6,3,11,17,108,111,8,0.05
5,31,7,3,11,13,73,72,5,0.03125
5,32,0,4,10,12,82,85,3,0.01875
5,33,1,4,11,7,96,94,9,0.05625
5,34,2,4,28,18,130,127,10,0.0625
5,35,3,4,9,14,145,147,7,0.04375
5,36,4,4,21,20,140,141,3,0.01875
5,37,5,4,21,22,127,133,1,0.00625
5,38,6,4,8,13,103,103,8,0.05
5,39,7,4,11,12,79,75,6,0.0375
5,40,0,5,15,18,84,85,4,0.025
5,41,1,5,22,19,113,114,7,0.04375
5,42,2,5,21,18,123,129,0,0.0
5,43,3,5,16,18,143,143,6,0.0375
5,44,4,5,16,12,128,125,5,0.03125
5,45,5,5,26,13,130,131,6,0.0375
5,46,6,5,22,19,118,119,7,0.04375
5,47,7,5,18,17,81,80,7,0.04375
5,48,0,6,6,18,53,52,4,0.025
5,49,1,6,9,21,68,67,8,0.05
5,50,2,6,21,17,87,89,6,0.0375
5,51,3,6,12,16,95,96,9,0.05625
5,52,4,6,16,14,84,81,8,0.05
5,53,5,6,9,19,76,74,8,0.05
5,54,6,6,3,19,68,68,8,0.05
5,55,7,6,6,10,41,42,4,0.025
5,56,0,7,0,19,25,24,4,0.025
5,57,1,7,3,17,30,31,7,0.04375
5,58,2,7,5,16,38,39,5,0.03125
5,59,3,7,23,13,49,50,8,0.05
5,60,4,7,9,12,41,41,7,0.04375
5,61,5,7,6,11,37,34,10,0.0625
5,62,6,7,2,16,30,32,7,0.04375
5,63,7,7,1,16,19,20,5,0.03125
6,0,0,0,24,13,47,54,0,0.0
6,1,1,0,18,21,87,93,1,0.00625
6,2,2,0,18,16,102,108,1,0.00625
6,3,3,0,21,19,117,122,1,0.00625
6,4,4,0,16,21,113,117,4,0.025
6,5,5,0,19,14,107,107,1,0.00625
6,6,6,0,20,20,87,93,1,0.00625
6,7,7,0,25,17,58,59,1,0.00625
6,8,0,1,18,21,80,83,3,0.01875
6,9,1,1,17,26,129,134,3,0.01875
6,10,2,1,18,22,136,140,1,0.00625
6,11,3,1,13,50,173,170,3,0.01875
6,12,4,1,22,26,151,152,3,0.01875
6,13,5,1,21,21,138,130,9,0.05625
6,14,6,1,14,29,121,122,7,0.04375
6,15,7,1,23,19,92,90,4,0.025
6,16,0,2,21,16,104,110,3,0.01875
6,17,1,2,12,21,145,157,1,0.00625
6,18,2,2,19,28,173,172,3,0.01875
6,19,3,2,24,32,211,213,4,0.025
6,20,4,2,18,13,178,175,6,0.0375
6,21,5,2,17,34,170,167,6,0.0375
6,22,6,2,16,14,140,139,10,0.0625
6,23,7,2,24,20,108,112,1,0.00625
6,24,0,3,28,26,129,130,4,0.025
6,25,1,3,19,27,169,167,7,0.04375
6,26,2,3,18,18,168,166,6,0.0375
6,27,3,3,18,25,209,209,8,0.05
6,28,4,3,18,19,191,185,6,0.0375
6,29,5,3,22,17,182,183,3,0.01875
6,30,6,3,25,21,153,160,2,0.0125
6,31,7,3,21,20,118,121,1,0.00625
6,32,0,4,22,19,118,120,2,0.0125
6,33,1,4,21,27,164,167,4,0.025
6,34,2,4,20,22,181,186,4,0.025
6,35,3,4,27,26,224,227,3,0.01875
6,36,4,4,20,16,196,199,2,0.0125
6,37,5,4,18,31,188,184,6,0.0375
6,38,6,4,10,25,142,148,1,0.00625
6,39,7,4,19,17,108,113,1,0.00625
6,40,0,5,22,24,121,121,2,0.0125
6,41,1,5,19,17,160,161,5,0.03125
6,42,2,5,18,20,174,170,4,0.025
6,43,3,5,21,15,194,199,2,0.0125
6,44,4,5,21,19,180,183,2,0.0125
6,45,5,5,19,14,162,160,7,0.04375
6,46,6,5,25,20,147,147,6,0.0375
6,47,7,5,28,27,113,118,2,0.0125
6,48,0,6,12,21,78,81,1,0.00625
6,49,1,6,23,27,126,132,4,0.025
6,50,2,6,26,17,149,150,3,0.01875
6,51,3,6,19,24,180,186,4,0.025
6,52,4,6,28,16,171,173,7,0.04375
6,53,5,6,23,25,156,154,10,0.0625
6,54,6,6,27,21,134,136,6,0.0375
6,55,7,6,21,15,95,93,5,0.03125
6,56,0,7,17,25,54,59,0,0.0
6,57,1,7,13,21,88,95,0,0.0
6,58,2,7,21,25,122,127,0,0.0
6,59,3,7,18,27,139,145,2,0.0125
6,60,4,7,14,26,131,134,3,0.01875
6,61,5,7,22,15,114,122,2,0.0125
6,62,6,7,23,22,99,104,3,0.01875
6,63,7,7,24,22,65,70,0,0.0
7,0,0,0,25,19,55,52,4,0.025
7,1,1,0,24,23,87,78,8,0.05
7,2,2,0,20,16,94,91,4,0.025
7,3,3,0,18,12,106,102,4,0.025
7,4,4,0,24,10,98,102,1,0.00625
7,5,5,0,17,19,93,92,3,0.01875
7,6,6,0,20,15,80,74,8,0.05
7,7,7,0,21,18,59,53,8,0.05
7,8,0,1,19,16,78,79,1,0.00625
7,9,1,1,17,18,108,109,3,0.01875
7,10,2,1,25,16,128,124,4,0.025
7,11,3,1,19,32,148,146,5,0.03125
7,12,4,1,17,14,115,115,2,0.0125
7,13,5,1,14,13,96,103,1,0.00625
7,14,6,1,11,20,86,86,6,0.0375
7,15,7,1,7,18,73,69,8,0.05
7,16,0,2,12,17,86,89,0,0.0
7,17,1,2,18,13,115,112,2,0.0125
7,18,2,2,14,17,130,127,4,0.025
7,19,3,2,16,17,146,147,2,0.0125
7,20,4,2,17,9,128,128,7,0.04375
7,21,5,2,22,22,138,137,7,0.04375
7,22,6,2,20,11,112,111,11,0.06875
7,23,7,2,15,15,86,85,3,0.01875
7,24,0,3,14,18,95,93,5,0.03125
7,25,1,3,12,21,117,114,11,0.06875
7,26,2,3,18,14,123,123,4,0.025
7,27,3,3,23,15,149,151,4,0.025
7,28,4,3,20,25,155,160,2,0.0125
7,29,5,3,15,16,141,142,1,0.00625
7,30,6,3,17,21,122,122,1,0.00625
7,31,7,3,14,16,101,97,4,0.025
7,32,0,4,20,21,101,99,3,0.01875
7,33,1,4,18,12,126,124,10,0.0625
7,34,2,4,19,19,133,130,7,0.04375
7,35,3,4,24,19,160,157,6,0.0375
7,36,4,4,18,16,157,152,6,0.0375
7,37,5,4,25,13,151,147,8,0.05
7,38,6,4,24,18,135,129,8,0.05
7,39,7,4,26,24,114,111,3,0.01875
7,40,0,5,19,27,91,90,4,0.025
7,41,1,5,22,22,139,133,11,0.06875
7,42,2,5,24,13,129,127,7,0.04375
7,43,3,5,25,14,149,147,4,0.025
7,44,4,5,17,18,150,145,6,0.0375
7,45,5,5,17,18,135,135,8,0.05
7,46,6,5,17,13,106,109,5,0.03125
7,47,7,5,14,16,92,85,8,0.05
7,48,0,6,19,19,68,69,0,0.0
7,49,1,6,18,17,114,109,7,0.04375
7,50,2,6,18,9,91,93,3,0.01875
7,51,3,6,15,24,115,113,5,0.03125
7,52,4,6,26,16,120,120,7,0.04375
7,53,5,6,15,20,106,108,8,0.05
7,54,6,6,12,14,76,72,9,0.05625
7,55,7,6,7,17,57,59,4,0.025
7,56,0,7,18,13,39,38,1,0.00625
7,57,1,7,14,29,83,84,0,0.0
7,58,2,7,23,13,93,88,4,0.025
7,59,3,7,17,17,106,105,4,0.025
7,60,4,7,20,18,107,107,3,0.01875
7,61,5,7,24,16,90,85,5,0.03125
7,62,6,7,14,12,63,62,3,0.01875
7,63,7,7,20,13,47,43,2,0.0125
8,0,0,0,11,10,35,34,5,0.03125
8,1,1,0,10,19,63,65,7,0.04375
8,2,2,0,15,15,84,82,7,0.04375
8,3,3,0,17,22,96,96,3,0.01875
8,4,4,0,19,12,91,89,4,0.025
8,5,5,0,16,14,90,91,2,0.0125
8,6,6,0,30,16,82,85,4,0.025
8,7,7,0,19,19,52,57,3,0.01875
8,8,0,1,24,16,72,71,3,0.01875
8,9,1,1,20,27,110,106,7,0.04375
8,10,2,1,22,27,127,128,1,0.00625
8,11,3,1,17,35,145,149,3,0.01875
8,12,4,1,19,22,126,126,2,0.0125
8,13,5,1,19,18,123,115,9,0.05625
8,14,6,1,21,15,92,92,7,0.04375
8,15,7,1,16,14,70,72,7,0.04375
8,16,0,2,17,16,91,90,2,0.0125
8,17,1,2,26,18,130,127,7,0.04375
8,18,2,2,21,11,144,146,3,0.01875
8,19,3,2,26,13,160,152,9,0.05625
8,20,4,2,21,12,135,135,6,0.0375
8,21,5,2,30,14,135,132,11,0.06875
8,22,6,2,11,17,110,108,12,0.075
8,23,7,2,18,19,102,99,5,0.03125
8,24,0,3,11,21,92,93,4,0.025
8,25,1,3,16,20,124,125,8,0.05
8,26,2,3,25,28,156,158,3,0.01875
8,27,3,3,21,19,154,153,5,0.03125
8,28,4,3,17,16,151,146,6,0.0375
8,29,5,3,19,18,149,148,3,0.01875
8,30,6,3,19,14,127,126,0,0.0
8,31,7,3,26,29,115,119,3,0.01875
8,32,0,4,17,13,93,91,5,0.03125
8,33,1,4,23,14,131,134,6,0.0375
8,34,2,4,15,18,142,145,4,0.025
8,35,3,4,14,18,146,150,3,0.01875
8,36,4,4,12,15,148,153,2,0.0125
8,37,5,4,20,23,155,161,3,0.01875
8,38,6,4,19,17,130,127,10,0.0625
8,39,7,4,18,11,101,101,4,0.025
8,40,0,5,17,14,81,82,4,0.025
8,41,1,5,16,17,116,119,8,0.05
8,42,2,5,18,10,124,128,1,0.00625
8,43,3,5,16,18,134,133,6,0.0375
8,44,4,5,18,16,135,136,6,0.0375
8,45,5,5,15,14,123,124,7,0.04375
8,46,6,5,6,14,99,93,10,0.0625
8,47,7,5,19,16,85,86,8,0.05
8,48,0,6,21,17,66,62,4,0.025
8,49,1,6,10,20,95,93,9,0.05625
8,50,2,6,17,18,100,96,8,0.05
8,51,3,6,17,15,114,112,9,0.05625
8,52,4,6,29,19,131,131,6,0.0375
8,53,5,6,19,23,125,124,9,0.05625
8,54,6,6,8,21,93,94,7,0.04375
8,55,7,6,10,17,68,66,6,0.0375
8,56,0,7,18,17,44,45,0,0.0
8,57,1,7,20,18,80,74,5,0.03125
8,58,2,7,20,15,95,97,3,0.01875
8,59,3,7,20,20,110,111,2,0.0125
8,60,4,7,18,15,98,100,2,0.0125
8,61,5,7,19,22,93,95,4,0.025
8,62,6,7,13,15,66,63,7,0.04375
8,63,7,7,18,19,46,46,3,0.01875
9,0,0,0,7,16,36,38,2,0.0125
9,1,1,0,17,20,69,71,6,0.0375
9,2,2,0,18,11,82,83,5,0.03125
9,3,3,0,20,16,99,100,3,0.01875
9,4,4,0,20,19,101,101,3,0.01875
9,5,5,0,22,16,89,89,3,0.01875
9,6,6,0,21,19,75,79,0,0.0
9,7,7,0,18,16,47,49,0,0.0
9,8,0,1,16,14,66,65,4,0.025
9,9,1,1,7,17,84,83,9,0.05625
9,10,2,1,21,22,107,102,6,0.0375
9,11,3,1,24,25,128,128,2,0.0125
9,12,4,1,19,26,139,134,6,0.0375
9,13,5,1,19,18,118,119,7,0.04375
9,14,6,1,19,9,92,90,9,0.05625
9,15,7,1,16,16,77,77,7,0.04375
9,16,0,2,22,22,92,87,7,0.04375
9,17,1,2,14,21,110,110,6,0.0375
9,18,2,2,19,12,122,121,5,0.03125
9,19,3,2,24,14,140,145,3,0.01875
9,20,4,2,19,18,147,146,7,0.04375
9,21,5,2,16,26,139,139,11,0.06875
9,22,6,2,16,26,108,114,6,0.0375
9,23,7,2,15,20,90,91,3,0.01875
9,24,0,3,16,13,92,92,4,0.025
9,25,1,3,17,21,129,129,7,0.04375
9,26,2,3,26,19,145,142,6,0.0375
9,27,3,3,19,20,156,159,3,0.01875
9,28,4,3,21,9,148,148,4,0.025
9,29,5,3,21,17,150,146,7,0.04375
9,30,6,3,25,20,140,139,3,0.01875
9,31,7,3,12,13,97,99,1,0.00625
9,32,0,4,12,15,88,88,6,0.0375
9,33,1,4,22,10,129,128,7,0.04375
9,34,2,4,15,14,127,125,7,0.04375
9,35,3,4,17,14,149,147,3,0.01875
9,36,4,4,22,16,161,158,6,0.0375
9,37,5,4,17,13,149,148,4,0.025
9,38,6,4,22,14,131,135,7,0.04375
9,39,7,4,18,17,105,103,6,0.0375
9,40,0,5,19,15,82,80,5,0.03125
9,41,1,5,18,24,121,123,7,0.04375
9,42,2,5,24,12,127,125,4,0.025
9,43,3,5,15,13,144,147,2,0.0125
9,44,4,5,18,14,143,144,5,0.03125
9,45,5,5,17,17,125,127,6,0.0375
9,46,6,5,13,19,97,100,7,0.04375
9,47,7,5,5,20,78,83,3,0.01875
9,48,0,6,7,11,54,56,3,0.01875
9,49,1,6,14,17,81,86,6,0.0375
9,50,2,6,18,19,96,98,4,0.025
9,51,3,6,20,23,113,112,7,0.04375
9,52,4,6,17,13,113,110,11,0.06875
9,53,5,6,17,19,93,94,6,0.0375
9,54,6,6,8,20,70,71,7,0.04375
9,55,7,6,1,14,56,56,5,0.03125
9,56,0,7,18,21,50,46,3,0.01875
9,57,1,7,14,17,69,67,7,0.04375
9,58,2,7,15,16,90,89,5,0.03125
9,59,3,7,24,16,109,106,3,0.01875
9,60,4,7,19,21,119,115,4,0.025
9,61,5,7,23,16,92,91,6,0.0375
9,62,6,7,10,10,60,60,7,0.04375
9,63,7,7,13,21,51,49,5,0.03125
10,0,0,0,14,15,42,44,1,0.00625
10,1,1,0,16,18,80,80,5,0.03125
10,2,2,0,22,20,104,107,1,0.00625
10,3,3,0,20,21,114,116,1,0.00625
10,4,4,0,22,13,105,103,6,0.0375
10,5,5,0,23,16,93,93,1,0.00625
10,6,6,0,16,19,76,70,6,0.0375
10,7,7,0,23,16,51,48,4,0.025
10,8,0,1,5,17,59,57,4,0.025
10,9,1,1,19,17,95,94,9,0.05625
10,10,2,1,21,17,119,119,9,0.05625
10,11,3,1,22,24,133,127,8,0.05
10,12,4,1,18,15,120,117,8,0.05
10,13,5,1,19,18,112,116,5,0.03125
10,14,6,1,20,27,108,110,7,0.04375
10,15,7,1,17,21,70,72,4,0.025
10,16,0,2,14,20,89,89,5,0.03125
10,17,1,2,16,16,114,108,12,0.075
10,18,2,2,13,16,135,132,8,0.05
10,19,3,2,20,14,144,143,6,0.0375
10,20,4,2,17,16,143,148,4,0.025
10,21,5,2,25,20,139,145,6,0.0375
10,22,6,2,14,10,128,126,8,0.05
10,23,7,2,19,24,104,102,7,0.04375
10,24,0,3,13,18,104,104,4,0.025
10,25,1,3,14,19,115,120,5,0.03125
10,26,2,3,21,15,142,144,2,0.0125
10,27,3,3,23,15,152,149,5,0.03125
10,28,4,3,15,19,152,151,7,0.04375
10,29,5,3,20,18,140,142,6,0.0375
10,30,6,3,14,10,113,115,1,0.00625
10,31,7,3,19,11,96,93,4,0.025
10,32,0,4,13,20,104,106,4,0.025
10,33,1,4,9,16,119,115,11,0.06875
10,34,2,4,25,10,142,140,10,0.0625
10,35,3,4,22,18,150,145,8,0.05
10,36,4,4,24,21,166,166,4,0.025
10,37,5,4,20,14,150,147,8,0.05
10,38,6,4,20,19,141,138,9,0.05625
10,39,7,4,24,21,111,111,7,0.04375
10,40,0,5,19,17,96,96,5,0.03125
10,41,1,5,17,15,120,119,7,0.04375
10,42,2,5,14,21,128,128,4,0.025
10,43,3,5,17,14,135,136,3,0.01875
10,44,4,5,21,16,149,148,4,0.025
10,45,5,5,22,14,126,123,8,0.05
10,46,6,5,16,16,106,107,5,0.03125
10,47,7,5,10,15,84,81,5,0.03125
10,48,0,6,14,16,81,76,8,0.05
10,49,1,6,22,21,119,116,7,0.04375
10,50,2,6,17,15,111,116,1,0.00625
10,51,3,6,15,23,125,130,4,0.025
10,52,4,6,35,17,135,139,7,0.04375
10,53,5,6,13,22,100,103,6,0.0375
10,54,6,6,4,17,78,78,8,0.05
10,55,7,6,13,30,71,71,6,0.0375
10,56,0,7,21,13,47,49,1,0.00625
10,57,1,7,23,22,90,89,7,0.04375
10,58,2,7,18,16,99,98,5,0.03125
10,59,3,7,23,16,107,103,9,0.05625
10,60,4,7,22,26,107,107,6,0.0375
10,61,5,7,13,16,87,84,7,0.04375
10,62,6,7,13,15,68,67,8,0.05
10,63,7,7,14,18,43,44,5,0.03125
11,0,0,0,19,16,46,43,4,0.025
11,1,1,0,18,18,63,61,8,0.05
11,2,2,0,19,15,84,79,7,0.04375
11,3,3,0,24,15,92,84,9,0.05625
11,4,4,0,22,18,96,96,6,0.0375
11,5,5,0,16,17,86,83,6,0.0375
11,6,6,0,18,24,81,79,8,0.05
11,7,7,0,18,12,44,44,3,0.01875
11,8,0,1,11,25,66,69,3,0.01875
11,9,1,1,4,12,68,69,8,0.05
11,10,2,1,18,17,115,113,9,0.05625
11,11,3,1,21,28,121,123,5,0.03125
11,12,4,1,17,20,116,121,5,0.03125
11,13,5,1,20,17,97,94,5,0.03125
11,14,6,1,9,14,75,74,7,0.04375
11,15,7,1,9,12,50,50,4,0.025
11,16,0,2,14,13,84,87,3,0.01875
11,17,1,2,18,16,103,108,7,0.04375
11,18,2,2,19,12,138,140,6,0.0375
11,19,3,2,16,14,136,138,5,0.03125
11,20,4,2,21,14,136,133,5,0.03125
11,21,5,2,22,15,125,126,4,0.025
11,22,6,2,9,15,102,100,9,0.05625
11,23,7,2,11,20,77,80,4,0.025
11,24,0,3,20,17,103,104,5,0.03125
11,25,1,3,25,16,127,125,6,0.0375
11,26,2,3,22,15,146,144,6,0.0375
11,27,3,3,17,18,139,142,2,0.0125
11,28,4,3,15,16,137,143,2,0.0125
11,29,5,3,18,20,125,132,0,0.0
11,30,6,3,16,17,108,107,2,0.0125
11,31,7,3,9,17,84,86,1,0.00625
11,32,0,4,7,20,93,92,4,0.025
11,33,1,4,14,15,97,100,8,0.05
11,34,2,4,13,16,130,137,3,0.01875
11,35,3,4,21,16,142,145,5,0.03125
11,36,4,4,22,12,144,147,2,0.0125
11,37,5,4,16,8,117,120,4,0.025
11,38,6,4,8,11,101,104,7,0.04375
11,39,7,4,15,12,95,97,4,0.025
11,40,0,5,13,15,89,90,3,0.01875
11,41,1,5,16,22,103,102,8,0.05
11,42,2,5,13,15,131,130,3,0.01875
11,43,3,5,21,3,134,130,7,0.04375
11,44,4,5,16,19,136,141,2,0.0125
11,45,5,5,23,15,113,114,8,0.05
11,46,6,5,10,15,86,85,8,0.05
11,47,7,5,12,20,86,85,5,0.03125
11,48,0,6,10,26,69,73,3,0.01875
11,49,1,6,4,9,59,61,7,0.04375
11,50,2,6,13,17,93,85,8,0.05
11,51,3,6,13,14,82,77,9,0.05625
11,52,4,6,22,20,81,85,2,0.0125
11,53,5,6,9,18,75,72,7,0.04375
11,54,6,6,8,12,67,68,6,0.0375
11,55,7,6,8,21,61,63,4,0.025
11,56,0,7,17,16,46,47,0,0.0
11,57,1,7,4,14,48,49,8,0.05
11,58,2,7,14,17,69,67,8,0.05
11,59,3,7,3,13,55,54,11,0.06875
11,60,4,7,21,10,60,60,4,0.025
11,61,5,7,15,12,53,54,8,0.05
11,62,6,7,3,13,41,41,8,0.05
11,63,7,7,6,19,30,31,4,0.025
12,0,0,0,26,15,56,59,0,0.0
12,1,1,0,22,13,95,95,8,0.05
12,2,2,0,23,27,132,135,4,0.025
12,3,3,0,23,34,147,155,1,0.00625
12,4,4,0,23,26,137,138,4,0.025
12,5,5,0,21,20,122,124,3,0.01875
12,6,6,0,21,23,100,106,2,0.0125
12,7,7,0,20,27,63,65,1,0.00625
12,8,0,1,22,24,90,89,3,0.01875
12,9,1,1,24,20,130,129,10,0.0625
12,10,2,1,16,19,153,161,1,0.00625
12,11,3,1,20,36,204,203,8,0.05
12,12,4,1,22,17,185,184,5,0.03125
12,13,5,1,21,19,155,160,2,0.0125
12,14,6,1,25,23,136,142,1,0.00625
12,15,7,1,19,21,94,96,1,0.00625
12,16,0,2,18,25,103,107,0,0.0
12,17,1,2,16,20,138,142,3,0.01875
12,18,2,2,21,14,169,173,2,0.0125
12,19,3,2,14,25,210,213,1,0.00625
12,20,4,2,18,25,202,201,5,0.03125
12,21,5,2,21,16,166,167,2,0.0125
12,22,6,2,18,26,159,163,7,0.04375
12,23,7,2,29,22,123,124,2,0.0125
12,24,0,3,20,11,110,111,3,0.01875
12,25,1,3,19,28,148,150,3,0.01875
12,26,2,3,21,20,160,163,4,0.025
12,27,3,3,16,21,189,188,3,0.01875
12,28,4,3,16,18,179,172,10,0.0625
12,29,5,3,23,15,154,146,7,0.04375
12,30,6,3,21,15,147,145,5,0.03125
12,31,7,3,17,21,116,116,1,0.00625
12,32,0,4,26,17,120,118,6,0.0375
12,33,1,4,16,22,151,146,12,0.075
12,34,2,4,23,27,175,173,5,0.03125
12,35,3,4,14,23,205,207,3,0.01875
12,36,4,4,22,23,198,194,5,0.03125
12,37,5,4,19,16,168,165,6,0.0375
12,38,6,4,23,22,156,158,4,0.025
12,39,7,4,18,23,119,120,1,0.00625
12,40,0,5,26,18,106,105,5,0.03125
12,41,1,5,20,15,140,137,10,0.0625
12,42,2,5,20,15,153,153,5,0.03125
12,43,3,5,22,23,186,187,5,0.03125
12,44,4,5,16,20,178,173,4,0.025
12,45,5,5,20,18,156,157,6,0.0375
12,46,6,5,23,20,137,140,4,0.025
12,47,7,5,15,22,109,114,1,0.00625
12,48,0,6,21,11,83,87,0,0.0
12,49,1,6,21,17,131,127,11,0.06875
12,50,2,6,22,28,153,157,4,0.025
12,51,3,6,20,16,165,168,6,0.0375
12,52,4,6,21,17,162,161,3,0.01875
12,53,5,6,15,28,148,148,9,0.05625
12,54,6,6,24,22,123,127,2,0.0125
12,55,7,6,23,25,101,101,1,0.00625
12,56,0,7,20,23,57,58,0,0.0
12,57,1,7,15,18,87,94,1,0.00625
12,58,2,7,20,23,116,117,6,0.0375
12,59,3,7,21,22,125,132,2,0.0125
12,60,4,7,18,25,133,135,2,0.0125
12,61,5,7,22,16,113,116,4,0.025
12,62,6,7,21,20,87,93,1,0.00625
12,63,7,7,20,21,59,62,1,0.00625
13,0,0,0,21,14,49,49,1,0.00625
13,1,1,0,21,28,83,85,4,0.025
13,2,2,0,18,12,89,87,6,0.0375
13,3,3,0,16,10,101,102,1,0.00625
13,4,4,0,22,14,101,99,7,0.04375
13,5,5,0,17,24,91,95,0,0.0
13,6,6,0,21,23,82,78,6,0.0375
13,7,7,0,17,20,55,57,0,0.0
13,8,0,1,14,31,88,90,1,0.00625
13,9,1,1,17,16,102,103,7,0.04375
13,10,2,1,24,22,126,123,6,0.0375
13,11,3,1,15,32,143,149,1,0.00625
13,12,4,1,19,20,124,128,2,0.0125
13,13,5,1,21,14,125,122,6,0.0375
13,14,6,1,18,18,107,107,2,0.0125
13,15,7,1,14,18,78,78,2,0.0125
13,16,0,2,20,16,107,99,7,0.04375
13,17,1,2,19,15,120,114,8,0.05
13,18,2,2,22,12,130,128,4,0.025
13,19,3,2,19,17,150,148,3,0.01875
13,20,4,2,18,15,132,134,4,0.025
13,21,5,2,16,13,132,130,5,0.03125
13,22,6,2,20,12,124,125,6,0.0375
13,23,7,2,22,19,101,100,3,0.01875
13,24,0,3,18,17,102,99,6,0.0375
13,25,1,3,19,16,123,121,6,0.0375
13,26,2,3,19,15,139,132,9,0.05625
13,27,3,3,20,15,153,155,2,0.0125
13,28,4,3,29,13,139,139,7,0.04375
13,29,5,3,9,21,118,118,6,0.0375
13,30,6,3,2,16,109,106,7,0.04375
13,31,7,3,17,19,107,102,6,0.0375
13,32,0,4,15,21,89,89,6,0.0375
13,33,1,4,13,15,122,130,5,0.03125
13,34,2,4,23,17,151,149,7,0.04375
13,35,3,4,17,12,157,154,6,0.0375
13,36,4,4,17,12,140,142,3,0.01875
13,37,5,4,23,12,138,133,11,0.06875
13,38,6,4,17,12,123,127,2,0.0125
13,39,7,4,16,22,103,103,2,0.0125
13,40,0,5,20,16,79,78,6,0.0375
13,41,1,5,19,21,119,123,7,0.04375
13,42,2,5,14,14,127,124,8,0.05
13,43,3,5,25,17,145,141,8,0.05
13,44,4,5,18,22,130,130,7,0.04375
13,45,5,5,21,11,127,126,7,0.04375
13,46,6,5,13,18,121,119,5,0.03125
13,47,7,5,17,15,86,80,5,0.03125
13,48,0,6,14,17,57,51,4,0.025
13,49,1,6,18,22,93,96,7,0.04375
13,50,2,6,18,19,120,119,6,0.0375
13,51,3,6,21,15,125,123,8,0.05
13,52,4,6,21,19,118,116,5,0.03125
13,53,5,6,14,19,105,106,7,0.04375
13,54,6,6,11,26,102,97,7,0.04375
13,55,7,6,16,18,65,64,4,0.025
13,56,0,7,25,7,42,42,0,0.0
13,57,1,7,21,17,71,68,4,0.025
13,58,2,7,21,16,86,87,4,0.025
13,59,3,7,23,16,102,104,1,0.00625
13,60,4,7,18,21,102,103,3,0.01875
13,61,5,7,16,17,91,90,5,0.03125
13,62,6,7,22,24,80,77,5,0.03125
13,63,7,7,17,12,39,39,1,0.00625
14,0,0,0,21,14,50,46,5,0.03125
14,1,1,0,32,19,96,94,7,0.04375
14,2,2,0,22,16,102,103,5,0.03125
14,3,3,0,21,12,109,103,5,0.03125
14,4,4,0,25,14,99,105,1,0.00625
14,5,5,0,17,16,92,86,5,0.03125
14,6,6,0,18,24,76,77,6,0.0375
14,7,7,0,17,21,53,45,7,0.04375
14,8,0,1,21,24,83,76,6,0.0375
14,9,1,1,22,20,111,115,5,0.03125
14,10,2,1,15,15,117,116,6,0.0375
14,11,3,1,13,29,133,129,4,0.025
14,12,4,1,30,18,129,124,7,0.04375
14,13,5,1,19,20,111,112,5,0.03125
14,14,6,1,13,7,88,80,9,0.05625
14,15,7,1,20,10,74,67,10,0.0625
14,16,0,2,13,17,89,92,5,0.03125
14,17,1,2,19,26,130,131,8,0.05
14,18,2,2,17,16,142,144,2,0.0125
14,19,3,2,16,21,148,147,5,0.03125
14,20,4,2,27,15,144,143,5,0.03125
14,21,5,2,23,19,137,138,4,0.025
14,22,6,2,8,7,94,93,6,0.0375
14,23,7,2,10,20,87,82,8,0.05
14,24,0,3,17,17,99,103,2,0.0125
14,25,1,3,18,19,137,136,8,0.05
14,26,2,3,19,26,165,171,3,0.01875
14,27,3,3,18,17,158,157,3,0.01875
14,28,4,3,22,15,143,146,4,0.025
14,29,5,3,25,15,144,145,7,0.04375
14,30,6,3,10,18,117,115,9,0.05625
14,31,7,3,11,17,99,98,8,0.05
14,32,0,4,20,14,106,107,5,0.03125
14,33,1,4,18,26,136,132,8,0.05
14,34,2,4,27,17,149,148,7,0.04375
14,35,3,4,17,10,149,151,5,0.03125
14,36,4,4,24,17,146,145,6,0.0375
14,37,5,4,21,15,131,134,8,0.05
14,38,6,4,15,16,113,105,9,0.05625
14,39,7,4,14,12,105,102,6,0.0375
14,40,0,5,14,19,97,97,6,0.0375
14,41,1,5,14,17,119,118,8,0.05
14,42,2,5,21,18,127,127,8,0.05
14,43,3,5,23,12,135,141,3,0.01875
14,44,4,5,24,26,139,138,7,0.04375
14,45,5,5,17,17,122,120,10,0.0625
14,46,6,5,12,11,99,97,7,0.04375
14,47,7,5,8,22,93,91,9,0.05625
14,48,0,6,24,22,86,88,4,0.025
14,49,1,6,21,20,110,111,6,0.0375
14,50,2,6,13,11,106,107,3,0.01875
14,51,3,6,21,14,123,126,6,0.0375
14,52,4,6,21,8,118,118,5,0.03125
14,53,5,6,13,19,106,105,8,0.05
14,54,6,6,7,19,81,78,10,0.0625
14,55,7,6,9,21,71,70,5,0.03125
14,56,0,7,17,16,49,44,4,0.025
14,57,1,7,22,14,72,71,5,0.03125
14,58,2,7,20,26,91,91,5,0.03125
14,59,3,7,18,17,98,95,5,0.03125
14,60,4,7,13,17,93,92,3,0.01875
14,61,5,7,18,16,82,82,5,0.03125
14,62,6,7,11,13,56,58,3,0.01875
14,63,7,7,14,12,42,42,1,0.00625
15,0,0,0,13,25,53,55,3,0.01875
15,1,1,0,15,14,61,62,7,0.04375
15,2,2,0,18,22,94,93,5,0.03125
15,3,3,0,12,20,95,98,3,0.01875
15,4,4,0,25,15,110,105,5,0.03125
15,5,5,0,21,18,98,98,5,0.03125
15,6,6,0,20,18,84,82,6,0.0375
15,7,7,0,19,12,42,46,2,0.0125
15,8,0,1,17,14,83,92,0,0.0
15,9,1,1,15,20,100,102,1,0.00625
15,10,2,1,18,21,125,130,2,0.0125
15,11,3,1,14,24,131,131,4,0.025
15,12,4,1,29,12,120,120,8,0.05
15,13,5,1,19,16,104,101,7,0.04375
15,14,6,1,6,15,80,84,6,0.0375
15,15,7,1,6,19,63,65,8,0.05
15,16,0,2,15,16,100,97,6,0.0375
15,17,1,2,15,14,111,111,7,0.04375
15,18,2,2,16,18,136,133,4,0.025
15,19,3,2,12,11,137,139,2,0.0125
15,20,4,2,19,17,131,128,8,0.05
15,21,5,2,22,11,140,134,10,0.0625
15,22,6,2,18,20,133,128,10,0.0625
15,23,7,2,22,20,102,104,4,0.025
15,24,0,3,15,20,105,106,2,0.0125
15,25,1,3,24,15,132,129,10,0.0625
15,26,2,3,22,19,147,145,5,0.03125
15,27,3,3,27,17,164,160,6,0.0375
15,28,4,3,18,13,133,136,3,0.01875
15,29,5,3,32,18,153,151,5,0.03125
15,30,6,3,19,15,127,129,7,0.04375
15,31,7,3,9,23,108,108,7,0.04375
15,32,0,4,14,17,101,102,2,0.0125
15,33,1,4,11,16,122,126,6,0.0375
15,34,2,4,18,11,136,135,8,0.05
15,35,3,4,25,19,157,153,10,0.0625
15,36,4,4,15,18,132,133,3,0.01875
15,37,5,4,25,17,142,142,7,0.04375
15,38,6,4,10,24,119,118,10,0.0625
15,39,7,4,8,18,95,95,7,0.04375
15,40,0,5,11,19,83,85,4,0.025
15,41,1,5,10,24,107,106,9,0.05625
15,42,2,5,31,20,135,136,7,0.04375
15,43,3,5,20,14,139,135,6,0.0375
15,44,4,5,24,14,123,123,6,0.0375
15,45,5,5,19,17,119,118,9,0.05625
15,46,6,5,4,15,99,96,10,0.0625
15,47,7,5,12,20,85,90,4,0.025
15,48,0,6,23,16,79,81,1,0.00625
15,49,1,6,21,16,101,103,3,0.01875
15,50,2,6,13,15,115,108,11,0.06875
15,51,3,6,17,21,128,124,10,0.0625
15,52,4,6,19,14,117,120,3,0.01875
15,53,5,6,22,21,109,114,3,0.01875
15,54,6,6,9,16,77,79,8,0.05
15,55,7,6,12,18,63,65,4,0.025
15,56,0,7,15,28,51,52,4,0.025
15,57,1,7,15,17,69,68,4,0.025
15,58,2,7,18,11,80,83,3,0.01875
15,59,3,7,25,14,101,98,5,0.03125
15,60,4,7,16,13,89,89,4,0.025
15,61,5,7,14,12,67,69,4,0.025
15,62,6,7,9,11,50,45,6,0.0375
15,63,7,7,12,16,40,38,3,0.01875
16,0,0,0,9,12,30,29,4,0.025
16,1,1,0,11,14,65,64,7,0.04375
16,2,2,0,25,22,101,102,4,0.025
16,3,3,0,19,17,105,106,1,0.00625
16,4,4,0,13,17,102,103,3,0.01875
16,5,5,0,23,14,96,99,3,0.01875
16,6,6,0,20,22,80,83,5,0.03125
16,7,7,0,18,17,49,49,4,0.025
16,8,0,1,18,15,60,54,4,0.025
16,9,1,1,17,22,107,98,9,0.05625
16,10,2,1,25,15,130,125,6,0.0375
16,11,3,1,21,25,129,131,4,0.025
16,12,4,1,24,13,121,124,2,0.0125
16,13,5,1,19,17,112,110,9,0.05625
16,14,6,1,12,10,95,93,7,0.04375
16,15,7,1,13,28,78,81,4,0.025
16,16,0,2,17,13,71,76,2,0.0125
16,17,1,2,17,13,114,120,3,0.01875
16,18,2,2,24,13,147,144,9,0.05625
16,19,3,2,15,18,153,150,4,0.025
16,20,4,2,29,9,124,130,4,0.025
16,21,5,2,17,21,109,112,6,0.0375
16,22,6,2,6,30,104,107,7,0.04375
16,23,7,2,8,18,85,86,5,0.03125
16,24,0,3,21,19,95,91,4,0.025
16,25,1,3,16,18,123,126,8,0.05
16,26,2,3,18,20,154,153,7,0.04375
16,27,3,3,20,12,158,161,3,0.01875
16,28,4,3,19,7,136,134,5,0.03125
16,29,5,3,16,22,141,144,4,0.025
16,30,6,3,21,20,137,136,8,0.05
16,31,7,3,20,19,106,105,9,0.05625
16,32,0,4,12,14,75,75,5,0.03125
16,33,1,4,17,15,100,96,8,0.05
16,34,2,4,18,16,131,132,7,0.04375
16,35,3,4,24,13,139,143,6,0.0375
16,36,4,4,24,16,134,132,6,0.0375
16,37,5,4,20,13,130,133,6,0.0375
16,38,6,4,11,12,110,112,9,0.05625
16,39,7,4,10,17,99,100,5,0.03125
16,40,0,5,15,13,72,71,5,0.03125
16,41,1,5,11,15,94,95,7,0.04375
16,42,2,5,21,18,118,118,7,0.04375
16,43,3,5,24,16,100,98,9,0.05625
16,44,4,5,15,12,88,88,6,0.0375
16,45,5,5,6,12,85,88,7,0.04375
16,46,6,5,4,10,71,73,9,0.05625
16,47,7,5,3,12,76,76,5,0.03125
16,48,0,6,14,12,57,54,4,0.025
16,49,1,6,16,16,77,74,8,0.05
16,50,2,6,17,13,89,93,8,0.05
16,51,3,6,24,9,87,82,13,0.08125
16,52,4,6,14,14,83,76,6,0.0375
16,53,5,6,10,18,77,74,7,0.04375
16,54,6,6,7,14,68,68,8,0.05
16,55,7,6,7,12,64,64,3,0.01875
16,56,0,7,12,20,40,40,4,0.025
16,57,1,7,13,13,54,51,9,0.05625
16,58,2,7,15,20,74,70,7,0.04375
16,59,3,7,20,17,70,69,9,0.05625
16,60,4,7,11,11,61,56,8,0.05
16,61,5,7,13,10,59,55,8,0.05
16,62,6,7,11,11,49,49,8,0.05
16,63,7,7,8,19,40,38,4,0.025
17,0,0,0,15,18,51,49,4,0.025
17,1,1,0,22,18,83,83,7,0.04375
17,2,2,0,22,14,98,103,1,0.00625
17,3,3,0,15,17,112,109,5,0.03125
17,4,4,0,23,21,113,113,5,0.03125
17,5,5,0,22,11,96,89,7,0.04375
17,6,6,0,19,11,72,75,2,0.0125
17,7,7,0,22,24,55,59,0,0.0
17,8,0,1,10,18,67,69,4,0.025
17,9,1,1,12,17,97,101,6,0.0375
17,10,2,1,31,22,128,127,6,0.0375
17,11,3,1,18,27,137,138,1,0.00625
17,12,4,1,13,20,124,119,9,0.05625
17,13,5,1,19,27,119,123,5,0.03125
17,14,6,1,18,18,94,94,8,0.05
17,15,7,1,20,17,75,76,4,0.025
17,16,0,2,18,14,89,86,6,0.0375
17,17,1,2,19,16,124,114,11,0.06875
17,18,2,2,20,20,131,132,8,0.05
17,19,3,2,17,17,149,147,5,0.03125
17,20,4,2,21,15,134,125,12,0.075
17,21,5,2,25,27,133,131,8,0.05
17,22,6,2,11,19,92,93,7,0.04375
17,23,7,2,9,19,77,78,3,0.01875
17,24,0,3,12,11,83,84,3,0.01875
17,25,1,3,19,18,121,120,8,0.05
17,26,2,3,19,16,137,138,6,0.0375
17,27,3,3,21,19,155,153,6,0.0375
17,28,4,3,24,12,150,149,5,0.03125
17,29,5,3,16,11,136,140,1,0.00625
17,30,6,3,18,14,112,114,4,0.025
17,31,7,3,22,11,90,95,3,0.01875
17,32,0,4,17,14,95,94,5,0.03125
17,33,1,4,13,15,124,123,8,0.05
17,34,2,4,28,17,145,144,7,0.04375
17,35,3,4,24,20,157,159,4,0.025
17,36,4,4,30,18,157,154,8,0.05
17,37,5,4,15,13,112,110,8,0.05
17,38,6,4,6,11,80,79,10,0.0625
17,39,7,4,7,12,73,74,5,0.03125
17,40,0,5,12,16,77,80,3,0.01875
17,41,1,5,17,19,106,109,5,0.03125
17,42,2,5,20,13,118,117,7,0.04375
17,43,3,5,23,18,141,143,7,0.04375
17,44,4,5,26,16,152,155,5,0.03125
17,45,5,5,25,22,124,124,6,0.0375
17,46,6,5,11,13,82,83,8,0.05
17,47,7,5,11,15,69,68,4,0.025
17,48,0,6,6,16,55,54,6,0.0375
17,49,1,6,6,15,71,69,9,0.05625
17,50,2,6,21,23,96,98,6,0.0375
17,51,3,6,20,17,108,114,7,0.04375
17,52,4,6,31,18,117,126,1,0.00625
17,53,5,6,15,11,85,82,7,0.04375
17,54,6,6,7,12,59,59,8,0.05
17,55,7,6,6,14,47,44,5,0.03125
17,56,0,7,7,18,30,31,3,0.01875
17,57,1,7,2,10,30,33,5,0.03125
17,58,2,7,13,11,43,46,4,0.025
17,59,3,7,22,10,57,61,5,0.03125
17,60,4,7,9,23,60,58,9,0.05625
17,61,5,7,5,21,40,40,8,0.05
17,62,6,7,0,15,27,25,9,0.05625
17,63,7,7,0,12,19,20,4,0.025
18,0,0,0,20,23,57,62,1,0.00625
18,1,1,0,17,25,90,92,6,0.0375
18,2,2,0,19,13,93,87,7,0.04375
18,3,3,0,21,22,114,114,4,0.025
18,4,4,0,16,23,109,112,2,0.0125
18,5,5,0,15,21,88,91,4,0.025
18,6,6,0,19,16,72,73,1,0.00625
18,7,7,0,25,32,68,67,1,0.00625
18,8,0,1,21,15,81,84,0,0.0
18,9,1,1,20,20,114,119,2,0.0125
18,10,2,1,15,28,128,132,4,0.025
18,11,3,1,26,45,179,176,4,0.025
18,12,4,1,20,26,168,175,1,0.00625
18,13,5,1,16,23,139,141,3,0.01875
18,14,6,1,28,22,122,122,6,0.0375
18,15,7,1,26,17,94,95,2,0.0125
18,16,0,2,23,18,113,114,4,0.025
18,17,1,2,21,21,160,168,3,0.01875
18,18,2,2,20,23,180,181,5,0.03125
18,19,3,2,21,15,201,203,4,0.025
18,20,4,2,20,27,210,218,4,0.025
18,21,5,2,20,31,171,174,4,0.025
18,22,6,2,18,24,137,142,2,0.0125
18,23,7,2,23,22,115,115,5,0.03125
18,24,0,3,21,25,122,123,3,0.01875
18,25,1,3,25,25,174,178,4,0.025
18,26,2,3,22,13,171,175,2,0.0125
18,27,3,3,21,34,211,216,1,0.00625
18,28,4,3,22,24,200,206,1,0.00625
18,29,5,3,12,20,172,171,1,0.00625
18,30,6,3,21,25,143,145,3,0.01875
18,31,7,3,17,17,115,115,4,0.025
18,32,0,4,21,24,130,132,2,0.0125
18,33,1,4,24,28,187,192,6,0.0375
18,34,2,4,21,22,182,184,3,0.01875
18,35,3,4,15,19,216,217,3,0.01875
18,36,4,4,25,22,209,214,2,0.0125
18,37,5,4,19,24,190,193,4,0.025
18,38,6,4,18,18,144,151,3,0.01875
18,39,7,4,20,20,118,121,1,0.00625
18,40,0,5,19,15,111,112,1,0.00625
18,41,1,5,22,28,165,163,8,0.05
18,42,2,5,21,21,160,158,9,0.05625
18,43,3,5,26,14,191,190,7,0.04375
18,44,4,5,21,24,195,195,3,0.01875
18,45,5,5,17,22,177,178,5,0.03125
18,46,6,5,23,17,147,149,5,0.03125
18,47,7,5,21,27,114,118,0,0.0
18,48,0,6,19,20,89,92,2,0.0125
18,49,1,6,27,28,133,130,12,0.075
18,50,2,6,21,22,142,138,8,0.05
18,51,3,6,21,22,164,165,8,0.05
18,52,4,6,19,29,175,165,9,0.05625
18,53,5,6,24,19,150,157,3,0.01875
18,54,6,6,14,22,126,131,1,0.00625
18,55,7,6,18,20,88,93,2,0.0125
18,56,0,7,27,28,72,74,1,0.00625
18,57,1,7,16,19,94,94,5,0.03125
18,58,2,7,21,15,120,120,3,0.01875
18,59,3,7,23,21,143,142,4,0.025
18,60,4,7,20,16,130,138,1,0.00625
18,61,5,7,21,23,126,133,1,0.00625
18,62,6,7,18,21,104,110,4,0.025
18,63,7,7,25,15,62,64,1,0.00625
19,0,0,0,18,17,53,50,4,0.025
19,1,1,0,15,15,76,73,8,0.05
19,2,2,0,29,22,101,103,4,0.025
19,3,3,0,22,12,102,107,1,0.00625
19,4,4,0,19,19,108,108,1,0.00625
19,5,5,0,14,12,76,79,2,0.0125
19,6,6,0,14,17,69,63,5,0.03125
19,7,7,0,18,21,50,50,0,0.0
19,8,0,1,24,20,84,79,6,0.0375
19,9,1,1,14,18,104,96,11,0.06875
19,10,2,1,8,17,104,105,3,0.01875
19,11,3,1,21,40,148,143,8,0.05
19,12,4,1,23,20,139,135,5,0.03125
19,13,5,1,15,17,113,110,7,0.04375
19,14,6,1,21,22,104,107,3,0.01875
19,15,7,1,21,10,79,77,4,0.025
19,16,0,2,17,17,88,88,5,0.03125
19,17,1,2,16,17,106,105,3,0.01875
19,18,2,2,16,24,124,126,5,0.03125
19,19,3,2,21,17,157,154,6,0.0375
19,20,4,2,21,14,150,146,7,0.04375
19,21,5,2,19,20,135,135,7,0.04375
19,22,6,2,19,15,124,115,11,0.06875
19,23,7,2,19,15,88,91,2,0.0125
19,24,0,3,24,15,102,103,1,0.00625
19,25,1,3,12,19,130,127,7,0.04375
19,26,2,3,21,17,152,147,8,0.05
19,27,3,3,22,21,165,160,5,0.03125
19,28,4,3,21,22,155,153,3,0.01875
19,29,5,3,18,9,137,130,7,0.04375
19,30,6,3,18,16,123,123,5,0.03125
19,31,7,3,16,19,99,99,2,0.0125
19,32,0,4,21,18,98,99,2,0.0125
19,33,1,4,22,18,134,134,6,0.0375
19,34,2,4,22,11,139,138,7,0.04375
19,35,3,4,26,12,150,148,6,0.0375
19,36,4,4,17,22,148,145,5,0.03125
19,37,5,4,18,20,137,138,4,0.025
19,38,6,4,16,14,105,100,4,0.025
19,39,7,4,19,26,104,102,2,0.0125
19,40,0,5,18,13,84,84,2,0.0125
19,41,1,5,20,22,125,126,6,0.0375
19,42,2,5,17,19,135,142,4,0.025
19,43,3,5,19,10,142,139,10,0.0625
19,44,4,5,30,15,133,133,5,0.03125
19,45,5,5,14,20,121,118,9,0.05625
19,46,6,5,14,15,88,83,10,0.0625
19,47,7,5,13,15,91,89,4,0.025
19,48,0,6,21,15,76,73,5,0.03125
19,49,1,6,20,11,101,103,10,0.0625
19,50,2,6,18,12,115,113,11,0.06875
19,51,3,6,20,19,121,119,9,0.05625
19,52,4,6,21,8,104,106,8,0.05
19,53,5,6,10,12,95,93,4,0.025
19,54,6,6,11,6,68,65,7,0.04375
19,55,7,6,12,15,75,73,3,0.01875
19,56,0,7,14,20,47,44,3,0.01875
19,57,1,7,17,18,71,71,5,0.03125
19,58,2,7,22,22,95,92,6,0.0375
19,59,3,7,18,21,98,102,1,0.00625
19,60,4,7,24,21,111,108,5,0.03125
19,61,5,7,18,19,97,91,6,0.0375
19,62,6,7,12,21,76,73,7,0.04375
19,63,7,7,18,24,60,59,3,0.01875
20,0,0,0,15,14,41,40,5,0.03125
20,1,1,0,17,21,71,75,5,0.03125
20,2,2,0,22,19,96,96,4,0.025
20,3,3,0,23,16,105,102,3,0.01875
20,4,4,0,20,18,99,97,4,0.025
20,5,5,0,11,17,83,82,5,0.03125
20,6,6,0,16,21,69,68,5,0.03125
20,7,7,0,24,12,42,39,4,0.025
20,8,0,1,12,13,65,64,5,0.03125
20,9,1,1,19,16,97,103,5,0.03125
20,10,2,1,10,23,121,120,2,0.0125
20,11,3,1,19,38,143,152,1,0.00625
20,12,4,1,19,21,125,128,1,0.00625
20,13,5,1,16,17,96,95,7,0.04375
20,14,6,1,12,10,74,70,7,0.04375
20,15,7,1,13,17,54,52,6,0.0375
20,16,0,2,18,23,93,94,3,0.01875
20,17,1,2,15,14,110,110,5,0.03125
20,18,2,2,22,23,137,136,6,0.0375
20,19,3,2,16,18,159,164,3,0.01875
20,20,4,2,23,19,151,153,5,0.03125
20,21,5,2,24,13,120,122,5,0.03125
20,22,6,2,12,16,93,95,9,0.05625
20,23,7,2,15,11,73,70,4,0.025
20,24,0,3,14,18,89,84,7,0.04375
20,25,1,3,14,18,107,107,6,0.0375
20,26,2,3,19,10,118,123,2,0.0125
20,27,3,3,29,10,160,158,6,0.0375
20,28,4,3,19,13,157,154,5,0.03125
20,29,5,3,20,17,141,142,6,0.0375
20,30,6,3,21,12,122,121,6,0.0375
20,31,7,3,21,13,91,91,2,0.0125
20,32,0,4,19,9,87,86,4,0.025
20,33,1,4,13,15,116,112,8,0.05
20,34,2,4,13,17,125,128,3,0.01875
20,35,3,4,24,18,144,141,7,0.04375
20,36,4,4,14,26,150,153,3,0.01875
20,37,5,4,22,14,135,132,6,0.0375
20,38,6,4,17,19,116,116,8,0.05
20,39,7,4,14,14,89,87,6,0.0375
20,40,0,5,7,16,74,70,5,0.03125
20,41,1,5,11,17,92,90,8,0.05
20,42,2,5,12,15,113,107,9,0.05625
20,43,3,5,33,18,117,122,6,0.0375
20,44,4,5,20,9,121,123,2,0.0125
20,45,5,5,22,15,119,122,6,0.0375
20,46,6,5,10,14,91,96,7,0.04375
20,47,7,5,9,21,81,79,5,0.03125
20,48,0,6,12,13,52,54,4,0.025
20,49,1,6,13,14,70,73,8,0.05
20,50,2,6,15,10,76,79,9,0.05625
20,51,3,6,14,15,75,69,15,0.09375
20,52,4,6,8,15,74,75,8,0.05
20,53,5,6,7,10,67,64,8,0.05
20,54,6,6,3,15,52,51,8,0.05
20,55,7,6,0,15,43,42,5,0.03125
20,56,0,7,14,13,41,40,4,0.025
20,57,1,7,13,19,69,69,6,0.0375
20,58,2,7,22,18,89,89,6,0.0375
20,59,3,7,24,17,98,95,5,0.03125
20,60,4,7,20,18,98,96,7,0.04375
20,61,5,7,21,18,87,84,9,0.05625
20,62,6,7,8,11,59,57,8,0.05
20,63,7,7,12,16,41,39,4,0.025
21,0,0,0,23,9,44,46,3,0.01875
21,1,1,0,16,14,75,73,6,0.0375
21,2,2,0,18,13,89,93,0,0.0
21,3,3,0,19,17,104,105,1,0.00625
21,4,4,0,18,11,103,105,1,0.00625
21,5,5,0,21,13,95,97,1,0.00625
21,6,6,0,23,19,81,81,6,0.0375
21,7,7,0,20,15,42,43,3,0.01875
21,8,0,1,23,15,68,66,9,0.05625
21,9,1,1,17,17,103,100,8,0.05
21,10,2,1,18,17,115,112,6,0.0375
21,11,3,1,19,38,139,139,1,0.00625
21,12,4,1,20,11,124,122,3,0.01875
21,13,5,1,25,17,124,125,7,0.04375
21,14,6,1,16,30,117,120,6,0.0375
21,15,7,1,14,14,63,65,4,0.025
21,16,0,2,18,12,79,75,7,0.04375
21,17,1,2,17,7,106,104,7,0.04375
21,18,2,2,20,10,124,124,4,0.025
21,19,3,2,22,16,154,155,1,0.00625
21,20,4,2,17,15,137,138,4,0.025
21,21,5,2,21,20,134,133,3,0.01875
21,22,6,2,18,13,117,119,8,0.05
21,23,7,2,16,13,80,82,3,0.01875
21,24,0,3,20,22,95,97,5,0.03125
21,25,1,3,12,15,117,115,8,0.05
21,26,2,3,24,10,130,129,4,0.025
21,27,3,3,18,24,151,153,6,0.0375
21,28,4,3,25,19,150,144,10,0.0625
21,29,5,3,19,16,140,140,8,0.05
21,30,6,3,17,16,130,126,8,0.05
21,31,7,3,16,25,97,96,3,0.01875
21,32,0,4,11,18,85,83,4,0.025
21,33,1,4,17,17,110,112,6,0.0375
21,34,2,4,24,14,142,140,5,0.03125
21,35,3,4,23,17,157,159,6,0.0375
21,36,4,4,29,14,150,148,4,0.025
21,37,5,4,19,6,130,129,9,0.05625
21,38,6,4,11,13,109,106,9,0.05625
21,39,7,4,13,9,79,79,5,0.03125
21,40,0,5,7,23,62,64,4,0.025
21,41,1,5,13,11,83,84,7,0.04375
21,42,2,5,25,15,117,124,2,0.0125
21,43,3,5,18,19,133,133,5,0.03125
21,44,4,5,21,23,132,132,1,0.00625
21,45,5,5,25,11,122,120,7,0.04375
21,46,6,5,15,19,98,95,10,0.0625
21,47,7,5,10,19,64,67,3,0.01875
21,48,0,6,0,10,33,31,6,0.0375
21,49,1,6,0,17,42,40,9,0.05625
21,50,2,6,1,14,53,53,7,0.04375
21,51,3,6,27,11,65,71,10,0.0625
21,52,4,6,7,12,60,58,9,0.05625
21,53,5,6,7,22,60,63,5,0.03125
21,54,6,6,1,19,47,46,8,0.05
21,55,7,6,0,9,31,30,6,0.0375
21,56,0,7,8,10,28,27,5,0.03125
21,57,1,7,4,13,40,38,8,0.05
21,58,2,7,19,15,62,60,9,0.05625
21,59,3,7,22,15,69,64,10,0.0625
21,60,4,7,18,12,67,68,6,0.0375
21,61,5,7,7,14,54,58,6,0.0375
21,62,6,7,0,16,38,39,7,0.04375
21,63,7,7,5,14,27,28,4,0.025
22,0,0,0,19,13,48,48,3,0.01875
22,1,1,0,27,14,83,85,4,0.025
22,2,2,0,12,16,96,95,1,0.00625
22,3,3,0,17,18,115,114,3,0.01875
22,4,4,0,22,18,110,106,5,0.03125
22,5,5,0,15,16,95,94,3,0.01875
22,6,6,0,19,12,79,80,7,0.04375
22,7,7,0,21,27,63,63,3,0.01875
22,8,0,1,14,17,65,70,4,0.025
22,9,1,1,20,20,97,98,6,0.0375
22,10,2,1,16,15,107,109,5,0.03125
22,11,3,1,18,36,150,142,8,0.05
22,12,4,1,24,15,134,133,5,0.03125
22,13,5,1,21,15,122,125,1,0.00625
22,14,6,1,22,22,110,107,8,0.05
22,15,7,1,18,14,84,83,5,0.03125
22,16,0,2,22,21,97,101,4,0.025
22,17,1,2,22,18,120,121,6,0.0375
22,18,2,2,20,12,135,133,7,0.04375
22,19,3,2,19,14,160,158,2,0.0125
22,20,4,2,16,25,157,159,3,0.01875
22,21,5,2,15,10,129,130,4,0.025
22,22,6,2,16,14,115,116,6,0.0375
22,23,7,2,16,12,92,89,6,0.0375
22,24,0,3,15,17,99,96,8,0.05
22,25,1,3,20,17,119,122,6,0.0375
22,26,2,3,15,15,139,138,4,0.025
22,27,3,3,20,14,155,157,3,0.01875
22,28,4,3,15,20,152,159,4,0.025
22,29,5,3,17,12,131,132,7,0.04375
22,30,6,3,17,13,118,120,6,0.0375
22,31,7,3,13,16,96,92,8,0.05
22,32,0,4,22,15,100,99,5,0.03125
22,33,1,4,18,13,117,115,10,0.0625
22,34,2,4,20,11,129,128,7,0.04375
22,35,3,4,16,14,155,157,3,0.01875
22,36,4,4,22,12,149,151,4,0.025
22,37,5,4,17,12,126,130,4,0.025
22,38,6,4,13,18,121,121,10,0.0625
22,39,7,4,10,11,91,91,6,0.0375
22,40,0,5,18,19,94,95,3,0.01875
22,41,1,5,18,13,109,110,6,0.0375
22,42,2,5,16,11,114,112,4,0.025
22,43,3,5,17,16,138,137,7,0.04375
22,44,4,5,20,16,136,137,0,0.0
22,45,5,5,24,13,117,120,4,0.025
22,46,6,5,12,10,97,98,8,0.05
22,47,7,5,11,16,84,81,6,0.0375
22,48,0,6,8,15,65,64,5,0.03125
22,49,1,6,3,15,63,64,8,0.05
22,50,2,6,23,12,78,77,9,0.05625
22,51,3,6,28,16,101,98,13,0.08125
22,52,4,6,12,21,82,81,10,0.0625
22,53,5,6,4,19,78,74,9,0.05625
22,54,6,6,6,16,68,67,9,0.05625
22,55,7,6,5,18,54,55,5,0.03125
22,56,0,7,6,24,35,39,2,0.0125
22,57,1,7,5,22,43,44,7,0.04375
22,58,2,7,4,14,45,47,6,0.0375
22,59,3,7,12,18,57,56,11,0.06875
22,60,4,7,15,8,50,50,7,0.04375
22,61,5,7,10,17,50,49,7,0.04375
22,62,6,7,6,20,41,42,7,0.04375
22,63,7,7,2,19,27,27,4,0.025
23,0,0,0,18,6,38,38,3,0.01875
23,1,1,0,16,23,86,84,6,0.0375
23,2,2,0,22,17,104,102,3,0.01875
23,3,3,0,26,14,104,105,3,0.01875
23,4,4,0,21,14,109,109,4,0.025
23,5,5,0,15,12,94,94,3,0.01875
23,6,6,0,22,16,88,88,6,0.0375
23,7,7,0,24,22,62,61,4,0.025
23,8,0,1,22,10,54,52,5,0.03125
23,9,1,1,18,10,91,88,9,0.05625
23,10,2,1,15,12,112,109,8,0.05
23,11,3,1,22,37,133,137,4,0.025
23,12,4,1,17,15,129,127,7,0.04375
23,13,5,1,22,14,120,115,8,0.05
23,14,6,1,18,20,106,106,8,0.05
23,15,7,1,18,14,77,75,8,0.05
23,16,0,2,17,14,73,69,8,0.05
23,17,1,2,22,14,113,107,12,0.075
23,18,2,2,21,17,138,141,5,0.03125
23,19,3,2,23,19,158,157,3,0.01875
23,20,4,2,17,19,142,142,4,0.025
23,21,5,2,22,12,122,119,6,0.0375
23,22,6,2,13,11,109,109,7,0.04375
23,23,7,2,18,15,83,82,6,0.0375
23,24,0,3,22,12,83,86,5,0.03125
23,25,1,3,20,12,118,115,9,0.05625
23,26,2,3,17,15,143,144,2,0.0125
23,27,3,3,21,19,164,163,5,0.03125
23,28,4,3,17,12,148,147,4,0.025
23,29,5,3,15,9,117,120,5,0.03125
23,30,6,3,28,18,128,127,8,0.05
23,31,7,3,17,15,85,89,5,0.03125
23,32,0,4,18,12,83,85,4,0.025
23,33,1,4,22,16,117,117,8,0.05
23,34,2,4,17,17,139,137,7,0.04375
23,35,3,4,22,14,162,158,8,0.05
23,36,4,4,30,18,148,147,5,0.03125
23,37,5,4,19,11,118,118,5,0.03125
23,38,6,4,20,15,110,117,3,0.01875
23,39,7,4,11,16,78,81,2,0.0125
23,40,0,5,4,19,59,57,4,0.025
23,41,1,5,13,19,76,77,6,0.0375
23,42,2,5,21,10,102,98,7,0.04375
23,43,3,5,19,11,122,123,6,0.0375
23,44,4,5,19,15,108,104,4,0.025
23,45,5,5,17,16,96,97,5,0.03125
23,46,6,5,7,11,73,72,8,0.05
23,47,7,5,11,11,58,61,3,0.01875
23,48,0,6,0,18,35,36,6,0.0375
23,49,1,6,0,11,41,40,9,0.05625
23,50,2,6,5,14,58,59,7,0.04375
23,51,3,6,23,17,82,87,7,0.04375
23,52,4,6,21,18,78,81,6,0.0375
23,53,5,6,14,16,64,67,5,0.03125
23,54,6,6,2,18,43,46,7,0.04375
23,55,7,6,6,11,41,41,3,0.01875
23,56,0,7,3,15,20,18,4,0.025
23,57,1,7,3,15,22,21,8,0.05
23,58,2,7,9,18,28,26,9,0.05625
23,59,3,7,1,16,23,21,13,0.08125
23,60,4,7,0,12,16,15,8,0.05
23,61,5,7,0,14,18,17,8,0.05
23,62,6,7,1,8,11,10,8,0.05
23,63,7,7,1,19,21,21,4,0.025
24,0,0,0,23,14,46,46,1,0.00625
24,1,1,0,17,20,88,90,4,0.025
24,2,2,0,22,22,111,109,6,0.0375
24,3,3,0,21,24,131,131,1,0.00625
24,4,4,0,26,19,129,131,2,0.0125
24,5,5,0,22,23,121,122,2,0.0125
24,6,6,0,21,27,101,102,5,0.03125
24,7,7,0,17,22,53,57,0,0.0
24,8,0,1,16,20,72,75,2,0.0125
24,9,1,1,18,19,121,130,1,0.00625
24,10,2,1,27,22,147,149,6,0.0375
24,11,3,1,19,47,187,187,3,0.01875
24,12,4,1,18,15,146,152,2,0.0125
24,13,5,1,20,20,141,143,6,0.0375
24,14,6,1,20,30,138,142,2,0.0125
24,15,7,1,19,16,88,94,1,0.00625
24,16,0,2,24,16,99,99,7,0.04375
24,17,1,2,20,23,150,156,6,0.0375
24,18,2,2,22,25,171,167,9,0.05625
24,19,3,2,26,19,193,192,6,0.0375
24,20,4,2,20,12,165,160,9,0.05625
24,21,5,2,15,25,152,158,2,0.0125
24,22,6,2,18,21,141,145,1,0.00625
24,23,7,2,16,20,109,112,4,0.025
24,24,0,3,26,23,118,122,1,0.00625
24,25,1,3,21,22,170,177,1,0.00625
24,26,2,3,19,21,184,180,5,0.03125
24,27,3,3,20,27,200,203,2,0.0125
24,28,4,3,19,16,178,179,3,0.01875
24,29,5,3,24,24,173,174,2,0.0125
24,30,6,3,17,20,145,149,5,0.03125
24,31,7,3,14,30,130,132,3,0.01875
24,32,0,4,28,17,118,121,2,0.0125
24,33,1,4,20,19,174,175,8,0.05
24,34,2,4,22,20,189,196,2,0.0125
24,35,3,4,19,19,204,209,2,0.0125
24,36,4,4,23,22,185,185,4,0.025
24,37,5,4,15,22,162,163,4,0.025
24,38,6,4,23,18,141,143,1,0.00625
24,39,7,4,16,20,127,127,2,0.0125
24,40,0,5,16,17,100,104,1,0.00625
24,41,1,5,21,34,156,153,8,0.05
24,42,2,5,15,20,173,174,6,0.0375
24,43,3,5,23,14,196,194,6,0.0375
24,44,4,5,19,23,176,179,2,0.0125
24,45,5,5,23,12,156,151,8,0.05
24,46,6,5,16,24,126,132,3,0.01875
24,47,7,5,18,30,120,122,1,0.00625
24,48,0,6,20,28,90,94,2,0.0125
24,49,1,6,20,26,126,134,1,0.00625
24,50,2,6,21,24,163,172,0,0.0
24,51,3,6,20,28,195,197,3,0.01875
24,52,4,6,20,29,177,181,2,0.0125
24,53,5,6,23,23,150,151,5,0.03125
24,54,6,6,20,25,124,127,4,0.025
24,55,7,6,20,25,98,99,2,0.0125
24,56,0,7,16,16,51,54,0,0.0
24,57,1,7,25,21,101,102,7,0.04375
24,58,2,7,17,21,129,131,7,0.04375
24,59,3,7,24,26,153,162,1,0.00625
24,60,4,7,37,29,152,157,3,0.01875
24,61,5,7,17,26,126,129,4,0.025
24,62,6,7,17,13,93,97,3,0.01875
24,63,7,7,21,22,60,63,0,0.0
25,0,0,0,16,21,53,53,3,0.01875
25,1,1,0,20,24,87,87,4,0.025
25,2,2,0,22,19,96,97,3,0.01875
25,3,3,0,17,13,104,102,2,0.0125
25,4,4,0,19,17,104,106,2,0.0125
25,5,5,0,15,21,96,96,2,0.0125
25,6,6,0,17,19,73,73,5,0.03125
25,7,7,0,17,15,48,44,3,0.01875
25,8,0,1,21,19,84,82,4,0.025
25,9,1,1,26,21,118,110,9,0.05625
25,10,2,1,25,13,110,109,6,0.0375
25,11,3,1,20,36,138,140,3,0.01875
25,12,4,1,12,23,132,132,2,0.0125
25,13,5,1,24,11,121,125,3,0.01875
25,14,6,1,13,17,91,95,0,0.0
25,15,7,1,14,24,78,76,4,0.025
25,16,0,2,14,14,84,87,5,0.03125
25,17,1,2,15,11,120,114,11,0.06875
25,18,2,2,22,12,132,133,5,0.03125
25,19,3,2,17,15,148,145,8,0.05
25,20,4,2,25,16,144,148,3,0.01875
25,21,5,2,14,21,133,130,3,0.01875
25,22,6,2,21,14,102,102,3,0.01875
25,23,7,2,17,20,99,99,2,0.0125
25,24,0,3,13,24,105,102,4,0.025
25,25,1,3,19,25,143,143,1,0.00625
25,26,2,3,24,20,150,154,3,0.01875
25,27,3,3,14,16,149,150,1,0.00625
25,28,4,3,15,10,143,141,4,0.025
25,29,5,3,18,20,146,143,5,0.03125
25,30,6,3,19,15,114,114,5,0.03125
25,31,7,3,26,19,118,115,5,0.03125
25,32,0,4,22,25,107,108,0,0.0
25,33,1,4,19,26,133,135,6,0.0375
25,34,2,4,23,20,154,147,9,0.05625
25,35,3,4,18,12,149,148,5,0.03125
25,36,4,4,18,15,151,151,5,0.03125
25,37,5,4,16,16,144,141,7,0.04375
25,38,6,4,25,21,128,127,2,0.0125
25,39,7,4,20,13,111,106,7,0.04375
25,40,0,5,17,14,83,80,4,0.025
25,41,1,5,12,12,96,95,8,0.05
25,42,2,5,18,20,127,129,6,0.0375
25,43,3,5,18,22,138,144,3,0.01875
25,44,4,5,17,15,146,144,4,0.025
25,45,5,5,20,14,128,132,5,0.03125
25,46,6,5,15,15,109,106,6,0.0375
25,47,7,5,24,25,111,104,7,0.04375
25,48,0,6,16,22,72,72,0,0.0
25,49,1,6,21,8,99,94,7,0.04375
25,50,2,6,15,13,122,111,8,0.05
25,51,3,6,22,15,126,129,1,0.00625
25,52,4,6,14,14,120,118,4,0.025
25,53,5,6,19,22,107,106,6,0.0375
25,54,6,6,11,19,86,81,9,0.05625
25,55,7,6,19,19,83,80,6,0.0375
25,56,0,7,18,17,51,49,2,0.0125
25,57,1,7,17,19,81,80,7,0.04375
25,58,2,7,29,15,105,109,3,0.01875
25,59,3,7,19,20,108,108,3,0.01875
25,60,4,7,18,19,111,110,2,0.0125
25,61,5,7,18,7,84,83,5,0.03125
25,62,6,7,21,13,69,68,5,0.03125
25,63,7,7,16,15,51,51,0,0.0
26,0,0,0,12,22,51,53,1,0.00625
26,1,1,0,20,29,92,91,4,0.025
26,2,2,0,19,25,103,100,8,0.05
26,3,3,0,22,22,110,111,2,0.0125
26,4,4,0,18,19,103,101,4,0.025
26,5,5,0,21,23,93,89,7,0.04375
26,6,6,0,14,15,71,70,7,0.04375
26,7,7,0,14,21,54,52,5,0.03125
26,8,0,1,18,24,83,87,0,0.0
26,9,1,1,16,18,105,103,11,0.06875
26,10,2,1,26,18,123,123,5,0.03125
26,11,3,1,24,30,137,139,1,0.00625
26,12,4,1,11,14,118,115,6,0.0375
26,13,5,1,17,20,110,110,3,0.01875
26,14,6,1,13,19,93,88,6,0.0375
26,15,7,1,20,17,80,75,8,0.05
26,16,0,2,14,18,93,94,3,0.01875
26,17,1,2,13,11,117,120,8,0.05
26,18,2,2,25,16,142,142,8,0.05
26,19,3,2,22,15,151,155,4,0.025
26,20,4,2,18,10,134,132,5,0.03125
26,21,5,2,24,15,132,129,6,0.0375
26,22,6,2,17,20,111,103,9,0.05625
26,23,7,2,17,19,95,93,6,0.0375
26,24,0,3,18,11,92,96,0,0.0
26,25,1,3,25,14,144,136,9,0.05625
26,26,2,3,17,10,149,145,5,0.03125
26,27,3,3,19,11,153,151,3,0.01875
26,28,4,3,26,25,156,156,7,0.04375
26,29,5,3,20,20,131,133,4,0.025
26,30,6,3,13,12,108,106,6,0.0375
26,31,7,3,13,15,99,99,5,0.03125
26,32,0,4,13,10,89,86,4,0.025
26,33,1,4,15,14,128,123,11,0.06875
26,34,2,4,18,17,139,140,8,0.05
26,35,3,4,20,18,156,156,3,0.01875
26,36,4,4,16,11,143,145,3,0.01875
26,37,5,4,19,12,136,135,6,0.0375
26,38,6,4,26,24,138,134,6,0.0375
26,39,7,4,16,14,102,107,2,0.0125
26,40,0,5,17,16,90,85,9,0.05625
26,41,1,5,22,15,131,131,9,0.05625
26,42,2,5,13,14,137,133,8,0.05
26,43,3,5,21,21,159,154,7,0.04375
26,44,4,5,19,21,152,149,7,0.04375
26,45,5,5,18,10,124,127,3,0.01875
26,46,6,5,15,17,108,106,7,0.04375
26,47,7,5,17,26,95,99,3,0.01875
26,48,0,6,23,10,80,77,5,0.03125
26,49,1,6,14,15,100,102,5,0.03125
26,50,2,6,21,22,116,120,7,0.04375
26,51,3,6,14,17,127,124,4,0.025
26,52,4,6,21,18,124,126,3,0.01875
26,53,5,6,22,20,107,105,6,0.0375
26,54,6,6,10,9,74,76,7,0.04375
26,55,7,6,8,24,66,67,5,0.03125
26,56,0,7,19,18,53,52,4,0.025
26,57,1,7,19,19,84,86,5,0.03125
26,58,2,7,18,14,87,85,3,0.01875
26,59,3,7,24,17,102,100,5,0.03125
26,60,4,7,23,14,95,94,4,0.025
26,61,5,7,15,12,79,81,4,0.025
26,62,6,7,15,17,65,67,2,0.0125
26,63,7,7,14,17,43,44,0,0.0
27,0,0,0,14,22,54,51,4,0.025
27,1,1,0,8,15,57,53,10,0.0625
27,2,2,0,18,16,81,80,8,0.05
27,3,3,0,22,17,90,87,7,0.04375
27,4,4,0,23,16,86,86,3,0.01875
27,5,5,0,15,13,60,61,6,0.0375
27,6,6,0,16,9,46,47,6,0.0375
27,7,7,0,7,19,39,44,0,0.0
27,8,0,1,17,17,69,64,6,0.0375
27,9,1,1,12,15,72,72,9,0.05625
27,10,2,1,17,17,91,88,9,0.05625
27,11,3,1,16,29,110,101,9,0.05625
27,12,4,1,15,9,97,93,9,0.05625
27,13,5,1,15,12,80,75,7,0.04375
27,14,6,1,12,15,67,66,6,0.0375
27,15,7,1,8,13,61,65,3,0.01875
27,16,0,2,15,15,81,80,4,0.025
27,17,1,2,17,19,107,107,9,0.05625
27,18,2,2,19,21,130,132,5,0.03125
27,19,3,2,24,15,134,134,5,0.03125
27,20,4,2,18,12,127,128,4,0.025
27,21,5,2,11,14,94,97,4,0.025
27,22,6,2,3,17,79,81,9,0.05625
27,23,7,2,10,14,82,83,5,0.03125
27,24,0,3,19,14,94,90,4,0.025
27,25,1,3,21,16,124,127,6,0.0375
27,26,2,3,20,17,145,148,3,0.01875
27,27,3,3,26,14,159,156,6,0.0375
27,28,4,3,17,14,144,147,3,0.01875
27,29,5,3,19,15,116,116,4,0.025
27,30,6,3,9,19,97,95,7,0.04375
27,31,7,3,11,20,93,96,3,0.01875
27,32,0,4,12,18,85,85,4,0.025
27,33,1,4,14,12,122,125,8,0.05
27,34,2,4,26,21,160,160,6,0.0375
27,35,3,4,24,17,158,158,4,0.025
27,36,4,4,18,20,161,162,3,0.01875
27,37,5,4,16,8,121,119,8,0.05
27,38,6,4,13,17,102,99,9,0.05625
27,39,7,4,21,14,101,97,5,0.03125
27,40,0,5,10,14,68,74,3,0.01875
27,41,1,5,11,18,113,114,9,0.05625
27,42,2,5,26,19,147,146,10,0.0625
27,43,3,5,23,15,137,141,2,0.0125
27,44,4,5,19,17,148,152,3,0.01875
27,45,5,5,22,18,130,125,7,0.04375
27,46,6,5,19,13,103,100,11,0.06875
27,47,7,5,13,18,86,86,3,0.01875
27,48,0,6,18,17,62,65,1,0.00625
27,49,1,6,23,19,107,104,7,0.04375
27,50,2,6,18,22,124,122,6,0.0375
27,51,3,6,14,16,115,114,6,0.0375
27,52,4,6,16,26,127,123,6,0.0375
27,53,5,6,22,20,103,103,7,0.04375
27,54,6,6,11,17,80,79,8,0.05
27,55,7,6,14,14,63,64,4,0.025
27,56,0,7,19,19,41,42,3,0.01875
27,57,1,7,17,21,74,75,4,0.025
27,58,2,7,20,16,98,99,4,0.025
27,59,3,7,17,15,93,94,5,0.03125
27,60,4,7,22,19,99,100,4,0.025
27,61,5,7,18,10,80,77,6,0.0375
27,62,6,7,11,13,64,61,6,0.0375
27,63,7,7,13,18,48,43,5,0.03125
28,0,0,0,11,15,40,39,5,0.03125
28,1,1,0,14,15,68,68,9,0.05625
28,2,2,0,25,22,101,106,4,0.025
28,3,3,0,24,20,113,117,3,0.01875
28,4,4,0,26,16,106,107,1,0.00625
28,5,5,0,25,18,97,97,6,0.0375
28,6,6,0,8,20,67,66,6,0.0375
28,7,7,0,18,20,43,41,3,0.01875
28,8,0,1,3,15,58,60,4,0.025
28,9,1,1,17,28,95,99,6,0.0375
28,10,2,1,27,15,127,126,11,0.06875
28,11,3,1,26,32,148,153,4,0.025
28,12,4,1,16,23,125,133,2,0.0125
28,13,5,1,24,18,119,117,8,0.05
28,14,6,1,13,17,94,91,10,0.0625
28,15,7,1,11,19,65,65,4,0.025
28,16,0,2,12,17,83,85,3,0.01875
28,17,1,2,19,16,127,127,7,0.04375
28,18,2,2,19,17,139,137,7,0.04375
28,19,3,2,25,14,151,152,2,0.0125
28,20,4,2,21,21,153,155,3,0.01875
28,21,5,2,16,12,126,125,3,0.01875
28,22,6,2,18,15,104,105,7,0.04375
28,23,7,2,8,11,70,70,4,0.025
28,24,0,3,19,25,106,105,4,0.025
28,25,1,3,12,19,134,136,6,0.0375
28,26,2,3,20,21,158,154,7,0.04375
28,27,3,3,19,10,145,147,4,0.025
28,28,4,3,23,20,175,171,6,0.0375
28,29,5,3,22,22,151,151,4,0.025
28,30,6,3,17,21,128,130,6,0.0375
28,31,7,3,18,15,91,89,5,0.03125
28,32,0,4,15,13,101,98,5,0.03125
28,33,1,4,15,18,135,132,11,0.06875
28,34,2,4,17,17,151,157,1,0.00625
28,35,3,4,27,15,149,150,2,0.0125
28,36,4,4,21,18,151,150,2,0.0125
28,37,5,4,13,19,118,120,5,0.03125
28,38,6,4,11,15,105,107,7,0.04375
28,39,7,4,11,14,81,84,3,0.01875
28,40,0,5,14,16,85,83,4,0.025
28,41,1,5,18,14,113,114,8,0.05
28,42,2,5,20,19,136,139,6,0.0375
28,43,3,5,17,13,139,135,7,0.04375
28,44,4,5,21,10,140,139,5,0.03125
28,45,5,5,23,12,115,114,8,0.05
28,46,6,5,16,11,99,101,9,0.05625
28,47,7,5,17,12,84,82,5,0.03125
28,48,0,6,16,19,71,69,3,0.01875
28,49,1,6,8,20,94,91,10,0.0625
28,50,2,6,18,13,108,105,12,0.075
28,51,3,6,13,18,114,112,8,0.05
28,52,4,6,20,16,112,113,5,0.03125
28,53,5,6,18,11,94,93,7,0.04375
28,54,6,6,14,13,80,77,11,0.06875
28,55,7,6,5,17,64,65,3,0.01875
28,56,0,7,20,15,51,52,2,0.0125
28,57,1,7,22,24,89,85,9,0.05625
28,58,2,7,18,22,105,104,4,0.025
28,59,3,7,17,18,102,102,5,0.03125
28,60,4,7,20,17,104,99,6,0.0375
28,61,5,7,22,15,91,91,7,0.04375
28,62,6,7,14,17,72,68,10,0.0625
28,63,7,7,14,17,46,47,4,0.025
29,0,0,0,15,16,46,48,3,0.01875
29,1,1,0,22,18,77,81,5,0.03125
29,2,2,0,23,17,100,98,4,0.025
29,3,3,0,19,22,111,110,2,0.0125
29,4,4,0,23,15,103,104,1,0.00625
29,5,5,0,20,18,101,104,2,0.0125
29,6,6,0,21,14,76,76,7,0.04375
29,7,7,0,17,23,54,53,4,0.025
29,8,0,1,17,10,62,62,3,0.01875
29,9,1,1,11,16,90,90,6,0.0375
29,10,2,1,27,31,130,134,6,0.0375
29,11,3,1,14,29,134,136,4,0.025
29,12,4,1,13,18,122,116,7,0.04375
29,13,5,1,14,14,117,120,6,0.0375
29,14,6,1,18,23,106,108,8,0.05
29,15,7,1,14,12,75,75,3,0.01875
29,16,0,2,16,17,86,84,5,0.03125
29,17,1,2,20,12,108,109,9,0.05625
29,18,2,2,12,11,136,140,4,0.025
29,19,3,2,19,24,155,157,3,0.01875
29,20,4,2,26,10,145,141,6,0.0375
29,21,5,2,26,12,135,133,7,0.04375
29,22,6,2,11,21,124,121,10,0.0625
29,23,7,2,13,14,92,93,3,0.01875
29,24,0,3,11,20,94,95,5,0.03125
29,25,1,3,14,13,115,109,10,0.0625
29,26,2,3,25,22,152,154,6,0.0375
29,27,3,3,25,15,164,160,7,0.04375
29,28,4,3,19,22,149,152,3,0.01875
29,29,5,3,18,21,146,144,4,0.025
29,30,6,3,18,12,130,128,8,0.05
29,31,7,3,11,17,98,99,2,0.0125
29,32,0,4,20,16,99,99,7,0.04375
29,33,1,4,22,9,120,122,8,0.05
29,34,2,4,18,19,144,142,2,0.0125
29,35,3,4,18,20,161,158,6,0.0375
29,36,4,4,24,21,161,160,5,0.03125
29,37,5,4,31,19,149,149,8,0.05
29,38,6,4,16,18,132,128,10,0.0625
29,39,7,4,11,15,94,92,5,0.03125
29,40,0,5,14,13,83,84,4,0.025
29,41,1,5,16,23,110,111,6,0.0375
29,42,2,5,19,21,133,133,6,0.0375
29,43,3,5,15,16,139,139,6,0.0375
29,44,4,5,25,22,140,137,6,0.0375
29,45,5,5,15,21,123,120,10,0.0625
29,46,6,5,13,17,110,104,16,0.1
29,47,7,5,8,17,81,83,4,0.025
29,48,0,6,9,17,66,64,5,0.03125
29,49,1,6,11,16,76,78,8,0.05
29,50,2,6,16,16,102,104,7,0.04375
29,51,3,6,16,18,116,118,5,0.03125
29,52,4,6,19,13,120,118,6,0.0375
29,53,5,6,19,9,104,105,8,0.05
29,54,6,6,12,18,92,89,13,0.08125
29,55,7,6,11,16,66,66,3,0.01875
29,56,0,7,7,15,39,37,4,0.025
29,57,1,7,13,16,63,64,8,0.05
29,58,2,7,23,15,84,81,6,0.0375
29,59,3,7,22,13,93,92,5,0.03125
29,60,4,7,25,16,103,106,4,0.025
29,61,5,7,20,15,98,98,5,0.03125
29,62,6,7,21,17,86,89,7,0.04375
29,63,7,7,21,20,57,57,3,0.01875
30,0,0,0,15,18,58,59,1,0.00625
30,1,1,0,17,24,90,96,0,0.0
30,2,2,0,21,24,121,123,3,0.01875
30,3,3,0,19,19,130,134,0,0.0
30,4,4,0,24,19,128,127,2,0.0125
30,5,5,0,19,16,117,114,4,0.025
30,6,6,0,25,22,104,104,7,0.04375
30,7,7,0,25,21,64,66,1,0.00625
30,8,0,1,15,13,85,82,4,0.025
30,9,1,1,12,14,107,111,2,0.0125
30,10,2,1,19,23,153,157,1,0.00625
30,11,3,1,21,54,185,184,4,0.025
30,12,4,1,13,19,137,139,3,0.01875
30,13,5,1,20,23,136,134,8,0.05
30,14,6,1,17,26,127,130,3,0.01875
30,15,7,1,25,19,93,93,2,0.0125
30,16,0,2,19,23,114,114,4,0.025
30,17,1,2,18,25,140,144,5,0.03125
30,18,2,2,14,21,175,173,5,0.03125
30,19,3,2,22,15,188,184,6,0.0375
30,20,4,2,18,18,166,167,6,0.0375
30,21,5,2,18,18,160,163,4,0.025
30,22,6,2,14,24,154,164,0,0.0
30,23,7,2,21,16,115,116,3,0.01875
30,24,0,3,26,19,127,126,5,0.03125
30,25,1,3,17,18,158,162,7,0.04375
30,26,2,3,28,18,192,191,5,0.03125
30,27,3,3,9,17,193,197,3,0.01875
30,28,4,3,22,21,192,185,10,0.0625
30,29,5,3,19,18,170,171,5,0.03125
30,30,6,3,33,31,195,198,5,0.03125
30,31,7,3,13,25,121,122,3,0.01875
30,32,0,4,23,25,120,124,2,0.0125
30,33,1,4,20,23,155,155,8,0.05
30,34,2,4,18,28,186,186,4,0.025
30,35,3,4,19,27,218,220,4,0.025
30,36,4,4,21,23,210,208,5,0.03125
30,37,5,4,21,20,176,179,3,0.01875
30,38,6,4,23,27,187,190,7,0.04375
30,39,7,4,26,19,126,125,6,0.0375
30,40,0,5,23,17,110,109,5,0.03125
30,41,1,5,19,22,137,137,5,0.03125
30,42,2,5,22,23,164,166,6,0.0375
30,43,3,5,24,26,202,203,6,0.0375
30,44,4,5,13,19,190,189,8,0.05
30,45,5,5,21,12,166,172,5,0.03125
30,46,6,5,23,18,159,172,3,0.01875
30,47,7,5,15,19,110,109,4,0.025
30,48,0,6,21,21,82,87,1,0.00625
30,49,1,6,19,24,113,119,2,0.0125
30,50,2,6,18,24,134,141,2,0.0125
30,51,3,6,12,20,163,162,8,0.05
30,52,4,6,21,26,181,188,1,0.00625
30,53,5,6,26,20,156,157,7,0.04375
30,54,6,6,12,34,130,141,2,0.0125
30,55,7,6,17,18,88,89,2,0.0125
30,56,0,7,24,25,59,62,1,0.00625
30,57,1,7,22,16,93,99,2,0.0125
30,58,2,7,23,27,124,128,3,0.01875
30,59,3,7,21,20,135,135,5,0.03125
30,60,4,7,24,25,143,143,4,0.025
30,61,5,7,21,27,125,124,6,0.0375
30,62,6,7,20,18,88,94,1,0.00625
30,63,7,7,17,20,49,53,0,0.0
31,0,0,0,18,19,57,53,6,0.0375
31,1,1,0,19,20,84,78,6,0.0375
31,2,2,0,26,13,101,98,5,0.03125
31,3,3,0,23,14,109,103,5,0.03125
31,4,4,0,17,17,107,104,5,0.03125
31,5,5,0,20,10,81,80,7,0.04375
31,6,6,0,8,19,62,60,7,0.04375
31,7,7,0,17,18,44,41,4,0.025
31,8,0,1,16,24,80,80,6,0.0375
31,9,1,1,25,15,102,98,7,0.04375
31,10,2,1,18,22,125,120,6,0.0375
31,11,3,1,14,28,131,132,3,0.01875
31,12,4,1,25,14,120,121,4,0.025
31,13,5,1,24,17,109,108,10,0.0625
31,14,6,1,13,15,92,88,8,0.05
31,15,7,1,16,21,74,70,9,0.05625
31,16,0,2,19,21,99,101,1,0.00625
31,17,1,2,20,19,124,122,6,0.0375
31,18,2,2,22,17,131,129,7,0.04375
31,19,3,2,19,13,138,140,4,0.025
31,20,4,2,23,12,137,139,3,0.01875
31,21,5,2,24,15,135,132,8,0.05
31,22,6,2,22,17,117,113,5,0.03125
31,23,7,2,14,16,85,84,4,0.025
31,24,0,3,14,15,104,106,2,0.0125
31,25,1,3,19,25,129,129,8,0.05
31,26,2,3,18,19,144,142,9,0.05625
31,27,3,3,23,19,165,162,6,0.0375
31,28,4,3,19,20,157,166,2,0.0125
31,29,5,3,15,16,149,148,6,0.0375
31,30,6,3,16,17,136,134,6,0.0375
31,31,7,3,28,19,110,109,3,0.01875
31,32,0,4,17,14,107,101,8,0.05
31,33,1,4,16,18,121,124,7,0.04375
31,34,2,4,17,18,138,138,4,0.025
31,35,3,4,24,16,155,152,5,0.03125
31,36,4,4,24,16,140,143,3,0.01875
31,37,5,4,16,23,138,133,9,0.05625
31,38,6,4,16,12,121,121,9,0.05625
31,39,7,4,17,11,100,100,5,0.03125
31,40,0,5,15,22,95,96,2,0.0125
31,41,1,5,18,16,115,110,9,0.05625
31,42,2,5,18,13,125,124,6,0.0375
31,43,3,5,17,12,133,129,10,0.0625
31,44,4,5,22,21,124,129,4,0.025
31,45,5,5,14,19,128,127,7,0.04375
31,46,6,5,19,22,124,118,8,0.05
31,47,7,5,19,20,94,96,3,0.01875
31,48,0,6,19,23,86,85,0,0.0
31,49,1,6,20,16,108,103,7,0.04375
31,50,2,6,18,12,112,107,6,0.0375
31,51,3,6,28,17,117,113,12,0.075
31,52,4,6,26,16,109,100,8,0.05
31,53,5,6,18,22,108,105,7,0.04375
31,54,6,6,12,15,91,85,9,0.05625
31,55,7,6,16,20,81,74,10,0.0625
31,56,0,7,22,20,55,56,0,0.0
31,57,1,7,18,17,86,85,1,0.00625
31,58,2,7,21,26,109,109,3,0.01875
31,59,3,7,21,12,104,101,7,0.04375
31,60,4,7,23,9,96,95,6,0.0375
31,61,5,7,25,17,93,94,6,0.0375
31,62,6,7,15,17,77,70,7,0.04375
31,63,7,7,16,20,56,52,4,0.025
32,0,0,0,16,11,36,37,4,0.025
32,1,1,0,12,11,56,56,6,0.0375
32,2,2,0,19,12,80,82,5,0.03125
32,3,3,0,19,18,104,104,4,0.025
32,4,4,0,16,17,103,104,5,0.03125
32,5,5,0,14,18,91,95,2,0.0125
32,6,6,0,21,14,78,80,6,0.0375
32,7,7,0,14,13,41,42,3,0.01875
32,8,0,1,7,11,51,52,5,0.03125
32,9,1,1,5,11,69,69,7,0.04375
32,10,2,1,17,19,99,98,9,0.05625
32,11,3,1,19,27,116,112,6,0.0375
32,12,4,1,24,15,108,103,8,0.05
32,13,5,1,13,10,72,74,8,0.05
32,14,6,1,6,15,72,71,10,0.0625
32,15,7,1,7,19,55,60,4,0.025
32,16,0,2,18,15,84,80,6,0.0375
32,17,1,2,16,13,105,105,7,0.04375
32,18,2,2,20,10,132,128,12,0.075
32,19,3,2,14,18,137,138,4,0.025
32,20,4,2,18,12,132,134,1,0.00625
32,21,5,2,17,20,117,121,3,0.01875
32,22,6,2,11,16,101,99,5,0.03125
32,23,7,2,18,22,92,91,4,0.025
32,24,0,3,17,28,102,98,5,0.03125
32,25,1,3,14,23,118,118,7,0.04375
32,26,2,3,17,15,133,137,5,0.03125
32,27,3,3,20,21,149,153,1,0.00625
32,28,4,3,17,11,147,148,1,0.00625
32,29,5,3,22,13,139,141,4,0.025
32,30,6,3,21,16,115,121,1,0.00625
32,31,7,3,13,15,98,101,0,0.0
32,32,0,4,18,14,98,102,5,0.03125
32,33,1,4,18,15,121,118,8,0.05
32,34,2,4,15,15,132,134,2,0.0125
32,35,3,4,17,14,147,147,6,0.0375
32,36,4,4,27,13,156,156,4,0.025
32,37,5,4,22,13,132,129,11,0.06875
32,38,6,4,12,15,114,114,8,0.05
32,39,7,4,12,18,96,96,6,0.0375
32,40,0,5,8,8,79,76,7,0.04375
32,41,1,5,16,17,99,104,6,0.0375
32,42,2,5,22,12,119,120,5,0.03125
32,43,3,5,18,10,120,123,6,0.0375
32,44,4,5,21,17,146,143,6,0.0375
32,45,5,5,19,23,127,131,3,0.01875
32,46,6,5,8,16,107,105,9,0.05625
32,47,7,5,11,18,92,89,5,0.03125
32,48,0,6,12,22,71,67,5,0.03125
32,49,1,6,5,20,74,73,8,0.05
32,50,2,6,14,19,94,93,9,0.05625
32,51,3,6,17,13,98,100,10,0.0625
32,52,4,6,25,25,121,126,5,0.03125
32,53,5,6,19,20,113,114,8,0.05
32,54,6,6,14,16,82,84,7,0.04375
32,55,7,6,6,23,59,65,2,0.0125
32,56,0,7,14,21,45,41,4,0.025
32,57,1,7,9,21,57,52,8,0.05
32,58,2,7,15,19,71,67,8,0.05
32,59,3,7,17,12,71,72,7,0.04375
32,60,4,7,20,18,81,82,5,0.03125
32,61,5,7,21,17,80,82,5,0.03125
32,62,6,7,7,10,51,50,8,0.05
32,63,7,7,15,9,34,34,4,0.025
33,0,0,0,17,9,38,40,3,0.01875
33,1,1,0,19,14,68,68,6,0.0375
33,2,2,0,15,15,79,82,2,0.0125
33,3,3,0,17,17,93,94,4,0.025
33,4,4,0,30,19,106,106,5,0.03125
33,5,5,0,18,16,87,83,6,0.0375
33,6,6,0,9,9,54,54,7,0.04375
33,7,7,0,14,14,44,45,3,0.01875
33,8,0,1,6,17,50,52,4,0.025
33,9,1,1,6,15,72,70,9,0.05625
33,10,2,1,15,17,97,98,7,0.04375
33,11,3,1,16,26,126,127,6,0.0375
33,12,4,1,26,12,124,125,6,0.0375
33,13,5,1,18,16,103,102,9,0.05625
33,14,6,1,15,18,76,78,7,0.04375
33,15,7,1,7,18,64,61,4,0.025
33,16,0,2,9,14,65,68,4,0.025
33,17,1,2,5,15,90,88,8,0.05
33,18,2,2,21,12,107,111,8,0.05
33,19,3,2,18,18,142,138,6,0.0375
33,20,4,2,17,16,147,144,5,0.03125
33,21,5,2,18,11,133,126,10,0.0625
33,22,6,2,28,15,120,119,8,0.05
33,23,7,2,19,16,83,86,2,0.0125
33,24,0,3,17,16,83,86,4,0.025
33,25,1,3,16,12,116,113,9,0.05625
33,26,2,3,22,18,138,138,3,0.01875
33,27,3,3,15,13,156,154,3,0.01875
33,28,4,3,25,21,166,163,4,0.025
33,29,5,3,23,12,141,141,4,0.025
33,30,6,3,19,13,129,123,6,0.0375
33,31,7,3,14,16,86,85,1,0.00625
33,32,0,4,18,21,86,90,0,0.0
33,33,1,4,18,16,118,122,5,0.03125
33,34,2,4,17,14,133,134,2,0.0125
33,35,3,4,17,14,150,152,5,0.03125
33,36,4,4,21,14,149,148,4,0.025
33,37,5,4,23,25,137,141,7,0.04375
33,38,6,4,8,16,112,110,10,0.0625
33,39,7,4,9,17,80,83,4,0.025
33,40,0,5,10,15,64,65,5,0.03125
33,41,1,5,9,11,89,87,9,0.05625
33,42,2,5,22,17,123,123,5,0.03125
33,43,3,5,21,12,136,135,7,0.04375
33,44,4,5,21,15,125,125,6,0.0375
33,45,5,5,20,14,120,116,6,0.0375
33,46,6,5,16,21,106,108,8,0.05
33,47,7,5,10,14,75,77,3,0.01875
33,48,0,6,10,11,47,48,3,0.01875
33,49,1,6,10,16,72,72,8,0.05
33,50,2,6,17,16,109,113,4,0.025
33,51,3,6,20,16,117,115,12,0.075
33,52,4,6,24,11,112,111,6,0.0375
33,53,5,6,21,15,99,98,8,0.05
33,54,6,6,8,15,71,70,8,0.05
33,55,7,6,13,17,59,59,4,0.025
33,56,0,7,7,15,26,26,4,0.025
33,57,1,7,5,12,36,37,7,0.04375
33,58,2,7,21,21,66,71,3,0.01875
33,59,3,7,15,18,60,60,8,0.05
33,60,4,7,9,16,51,48,8,0.05
33,61,5,7,5,15,45,40,9,0.05625
33,62,6,7,7,16,38,39,8,0.05
33,63,7,7,2,16,27,27,4,0.025
34,0,0,0,13,11,32,31,4,0.025
34,1,1,0,13,22,66,64,8,0.05
34,2,2,0,20,10,85,80,6,0.0375
34,3,3,0,18,20,107,109,3,0.01875
34,4,4,0,21,16,99,98,3,0.01875
34,5,5,0,14,15,77,81,1,0.00625
34,6,6,0,18,11,60,61,6,0.0375
34,7,7,0,18,12,39,37,4,0.025
34,8,0,1,13,15,59,60,2,0.0125
34,9,1,1,9,23,92,93,7,0.04375
34,10,2,1,22,7,95,95,8,0.05
34,11,3,1,20,34,136,138,2,0.0125
34,12,4,1,18,11,125,129,4,0.025
34,13,5,1,31,15,123,125,6,0.0375
34,14,6,1,13,14,83,84,7,0.04375
34,15,7,1,12,12,54,57,4,0.025
34,16,0,2,8,19,74,71,7,0.04375
34,17,1,2,14,8,102,100,11,0.06875
34,18,2,2,28,13,120,118,9,0.05625
34,19,3,2,21,15,150,151,5,0.03125
34,20,4,2,28,17,150,150,5,0.03125
34,21,5,2,18,17,120,121,8,0.05
34,22,6,2,6,11,86,83,9,0.05625
34,23,7,2,8,14,67,63,5,0.03125
34,24,0,3,20,15,87,85,4,0.025
34,25,1,3,19,14,119,119,9,0.05625
34,26,2,3,18,12,128,129,4,0.025
34,27,3,3,16,15,158,154,8,0.05
34,28,4,3,23,25,158,160,3,0.01875
34,29,5,3,18,26,139,141,1,0.00625
34,30,6,3,17,10,112,110,8,0.05
34,31,7,3,19,12,84,81,4,0.025
34,32,0,4,18,12,72,72,1,0.00625
34,33,1,4,21,19,109,110,3,0.01875
34,34,2,4,16,14,126,126,1,0.00625
34,35,3,4,18,11,145,146,3,0.01875
34,36,4,4,15,15,152,151,5,0.03125
34,37,5,4,29,8,126,133,1,0.00625
34,38,6,4,13,18,98,102,5,0.03125
34,39,7,4,9,14,76,78,1,0.00625
34,40,0,5,15,10,54,57,3,0.01875
34,41,1,5,18,10,103,102,9,0.05625
34,42,2,5,22,14,124,128,1,0.00625
34,43,3,5,18,16,131,131,7,0.04375
34,44,4,5,16,15,134,132,9,0.05625
34,45,5,5,21,10,114,112,8,0.05
34,46,6,5,10,17,90,92,6,0.0375
34,47,7,5,14,18,71,72,3,0.01875
34,48,0,6,4,15,30,31,4,0.025
34,49,1,6,6,17,65,66,8,0.05
34,50,2,6,10,24,73,69,9,0.05625
34,51,3,6,24,20,72,74,9,0.05625
34,52,4,6,2,16,66,64,9,0.05625
34,53,5,6,8,14,61,64,7,0.04375
34,54,6,6,1,17,51,49,8,0.05
34,55,7,6,1,15,39,38,5,0.03125
34,56,0,7,19,6,26,26,4,0.025
34,57,1,7,14,16,55,54,7,0.04375
34,58,2,7,13,18,62,59,5,0.03125
34,59,3,7,23,9,66,67,6,0.0375
34,60,4,7,3,18,60,61,7,0.04375
34,61,5,7,0,15,45,46,9,0.05625
34,62,6,7,0,14,29,28,8,0.05
34,63,7,7,0,12,18,18,4,0.025
35,0,0,0,22,21,58,58,3,0.01875
35,1,1,0,9,10,60,59,8,0.05
35,2,2,0,23,14,87,87,7,0.04375
35,3,3,0,22,16,109,105,7,0.04375
35,4,4,0,25,13,98,100,4,0.025
35,5,5,0,21,19,95,93,3,0.01875
35,6,6,0,18,22,84,83,6,0.0375
35,7,7,0,15,16,41,43,3,0.01875
35,8,0,1,12,19,82,79,6,0.0375
35,9,1,1,18,12,87,85,10,0.0625
35,10,2,1,27,16,116,114,9,0.05625
35,11,3,1,22,30,133,131,7,0.04375
35,12,4,1,18,9,107,106,4,0.025
35,13,5,1,20,11,94,95,5,0.03125
35,14,6,1,15,10,85,84,6,0.0375
35,15,7,1,6,16,52,52,4,0.025
35,16,0,2,8,14,84,85,6,0.0375
35,17,1,2,7,20,88,90,8,0.05
35,18,2,2,14,13,112,113,6,0.0375
35,19,3,2,23,23,141,146,1,0.00625
35,20,4,2,26,15,131,132,5,0.03125
35,21,5,2,23,19,121,121,9,0.05625
35,22,6,2,10,20,106,108,6,0.0375
35,23,7,2,7,7,65,65,5,0.03125
35,24,0,3,21,17,101,103,4,0.025
35,25,1,3,23,17,126,131,6,0.0375
35,26,2,3,15,19,143,144,3,0.01875
35,27,3,3,20,15,153,155,6,0.0375
35,28,4,3,17,13,142,140,4,0.025
35,29,5,3,21,15,135,130,7,0.04375
35,30,6,3,18,15,110,112,6,0.0375
35,31,7,3,17,12,80,80,4,0.025
35,32,0,4,21,13,103,98,4,0.025
35,33,1,4,18,13,124,121,7,0.04375
35,34,2,4,22,7,135,132,3,0.01875
35,35,3,4,20,17,153,146,9,0.05625
35,36,4,4,19,12,142,143,5,0.03125
35,37,5,4,28,13,149,142,8,0.05
35,38,6,4,16,13,114,111,10,0.0625
35,39,7,4,18,15,81,79,4,0.025
35,40,0,5,14,20,87,85,4,0.025
35,41,1,5,16,13,111,111,9,0.05625
35,42,2,5,18,11,124,123,2,0.0125
35,43,3,5,20,9,130,131,7,0.04375
35,44,4,5,27,14,124,130,3,0.01875
35,45,5,5,19,18,120,120,6,0.0375
35,46,6,5,12,17,98,99,5,0.03125
35,47,7,5,7,11,62,59,3,0.01875
35,48,0,6,6,13,54,54,4,0.025
35,49,1,6,7,18,83,85,6,0.0375
35,50,2,6,13,13,94,96,6,0.0375
35,51,3,6,21,13,109,111,5,0.03125
35,52,4,6,30,19,108,110,5,0.03125
35,53,5,6,10,20,86,86,6,0.0375
35,54,6,6,9,14,71,72,9,0.05625
35,55,7,6,8,18,43,43,5,0.03125
35,56,0,7,2,11,22,20,5,0.03125
35,57,1,7,4,21,40,40,8,0.05
35,58,2,7,9,21,55,52,7,0.04375
35,59,3,7,14,16,53,57,3,0.01875
35,60,4,7,13,18,47,47,7,0.04375
35,61,5,7,4,14,34,36,6,0.0375
35,62,6,7,6,19,36,38,7,0.04375
35,63,7,7,3,11,16,16,4,0.025
36,0,0,0,18,25,59,62,1,0.00625
36,1,1,0,21,22,101,106,3,0.01875
36,2,2,0,25,19,124,124,5,0.03125
36,3,3,0,21,24,141,144,2,0.0125
36,4,4,0,21,16,121,124,0,0.0
36,5,5,0,14,19,120,120,4,0.025
36,6,6,0,28,24,107,110,3,0.01875
36,7,7,0,25,30,75,76,2,0.0125
36,8,0,1,20,28,98,101,1,0.00625
36,9,1,1,20,15,122,125,5,0.03125
36,10,2,1,19,18,131,136,4,0.025
36,11,3,1,19,42,181,186,1,0.00625
36,12,4,1,10,16,137,141,2,0.0125
36,13,5,1,12,16,139,141,3,0.01875
36,14,6,1,24,24,124,128,1,0.00625
36,15,7,1,18,20,101,104,1,0.00625
36,16,0,2,18,22,118,123,1,0.00625
36,17,1,2,17,21,154,158,2,0.0125
36,18,2,2,26,16,160,165,2,0.0125
36,19,3,2,19,28,208,205,5,0.03125
36,20,4,2,17,24,167,166,6,0.0375
36,21,5,2,21,20,174,172,11,0.06875
36,22,6,2,20,21,153,155,6,0.0375
36,23,7,2,18,21,125,130,1,0.00625
36,24,0,3,20,24,127,129,3,0.01875
36,25,1,3,23,28,166,166,4,0.025
36,26,2,3,14,12,151,149,5,0.03125
36,27,3,3,14,24,200,202,4,0.025
36,28,4,3,21,24,177,178,4,0.025
36,29,5,3,21,27,178,180,4,0.025
36,30,6,3,19,25,145,147,6,0.0375
36,31,7,3,18,15,125,124,3,0.01875
36,32,0,4,18,18,116,120,1,0.00625
36,33,1,4,27,19,160,161,6,0.0375
36,34,2,4,14,25,176,177,2,0.0125
36,35,3,4,25,22,211,213,8,0.05
36,36,4,4,21,15,195,195,4,0.025
36,37,5,4,22,27,189,193,4,0.025
36,38,6,4,12,16,125,133,1,0.00625
36,39,7,4,18,30,131,133,2,0.0125
36,40,0,5,20,17,116,115,4,0.025
36,41,1,5,20,26,160,164,5,0.03125
36,42,2,5,21,20,177,171,8,0.05
36,43,3,5,28,21,202,207,3,0.01875
36,44,4,5,20,19,189,186,4,0.025
36,45,5,5,22,19,172,178,0,0.0
36,46,6,5,20,18,126,128,3,0.01875
36,47,7,5,16,16,107,109,2,0.0125
36,48,0,6,20,23,98,95,7,0.04375
36,49,1,6,16,19,130,135,1,0.00625
36,50,2,6,24,26,162,166,2,0.0125
36,51,3,6,22,31,176,179,3,0.01875
36,52,4,6,13,26,169,171,2,0.0125
36,53,5,6,27,28,163,165,4,0.025
36,54,6,6,21,16,123,128,4,0.025
36,55,7,6,19,20,93,97,1,0.00625
36,56,0,7,19,16,63,63,6,0.0375
36,57,1,7,20,30,106,111,3,0.01875
36,58,2,7,20,25,130,138,1,0.00625
36,59,3,7,21,15,137,138,1,0.00625
36,60,4,7,27,26,137,139,6,0.0375
36,61,5,7,23,22,110,110,6,0.0375
36,62,6,7,17,22,89,92,4,0.025
36,63,7,7,23,18,61,64,1,0.00625
37,0,0,0,20,24,50,48,2,0.0125
37,1,1,0,11,15,58,53,8,0.05
37,2,2,0,18,11,75,75,6,0.0375
37,3,3,0,23,19,104,104,3,0.01875
37,4,4,0,25,15,112,112,1,0.00625
37,5,5,0,19,20,102,105,1,0.00625
37,6,6,0,20,16,79,77,6,0.0375
37,7,7,0,17,20,54,54,2,0.0125
37,8,0,1,19,15,72,74,1,0.00625
37,9,1,1,15,9,83,83,6,0.0375
37,10,2,1,23,12,98,97,6,0.0375
37,11,3,1,21,36,130,124,5,0.03125
37,12,4,1,23,16,119,117,4,0.025
37,13,5,1,20,22,116,113,6,0.0375
37,14,6,1,11,13,81,79,5,0.03125
37,15,7,1,14,20,81,76,5,0.03125
37,16,0,2,19,17,98,94,4,0.025
37,17,1,2,16,23,114,109,9,0.05625
37,18,2,2,15,18,115,109,7,0.04375
37,19,3,2,24,14,139,139,3,0.01875
37,20,4,2,20,19,139,137,6,0.0375
37,21,5,2,13,17,124,132,3,0.01875
37,22,6,2,17,11,99,99,6,0.0375
37,23,7,2,15,13,94,90,4,0.025
37,24,0,3,19,19,105,105,2,0.0125
37,25,1,3,25,15,127,125,8,0.05
37,26,2,3,22,16,133,133,5,0.03125
37,27,3,3,10,15,158,157,5,0.03125
37,28,4,3,12,20,151,152,3,0.01875
37,29,5,3,15,17,141,143,4,0.025
37,30,6,3,21,13,131,130,6,0.0375
37,31,7,3,21,18,114,116,3,0.01875
37,32,0,4,18,21,103,101,4,0.025
37,33,1,4,16,26,125,125,7,0.04375
37,34,2,4,17,14,120,119,4,0.025
37,35,3,4,21,18,155,160,2,0.0125
37,36,4,4,20,17,152,149,8,0.05
37,37,5,4,26,12,141,142,3,0.01875
37,38,6,4,17,22,132,133,0,0.0
37,39,7,4,17,23,113,110,4,0.025
37,40,0,5,15,8,91,94,2,0.0125
37,41,1,5,13,22,118,118,4,0.025
37,42,2,5,25,19,128,132,5,0.03125
37,43,3,5,24,11,146,142,6,0.0375
37,44,4,5,25,12,137,136,6,0.0375
37,45,5,5,18,33,132,131,4,0.025
37,46,6,5,17,17,123,116,9,0.05625
37,47,7,5,21,19,99,94,8,0.05
37,48,0,6,20,26,84,88,1,0.00625
37,49,1,6,24,19,108,101,8,0.05
37,50,2,6,26,18,113,109,7,0.04375
37,51,3,6,23,15,124,115,13,0.08125
37,52,4,6,20,14,112,111,6,0.0375
37,53,5,6,17,13,102,98,7,0.04375
37,54,6,6,16,17,98,95,7,0.04375
37,55,7,6,21,13,73,68,3,0.01875
37,56,0,7,19,16,46,48,4,0.025
37,57,1,7,13,16,67,62,7,0.04375
37,58,2,7,17,15,70,66,5,0.03125
37,59,3,7,19,21,85,79,8,0.05
37,60,4,7,26,11,74,71,7,0.04375
37,61,5,7,16,17,67,66,7,0.04375
37,62,6,7,9,20,60,54,9,0.05625
37,63,7,7,10,19,41,39,3,0.01875
38,0,0,0,13,20,48,48,3,0.01875
38,1,1,0,19,14,70,71,8,0.05
38,2,2,0,25,20,96,96,5,0.03125
38,3,3,0,13,17,101,103,2,0.0125
38,4,4,0,25,19,116,111,4,0.025
38,5,5,0,19,11,95,95,1,0.00625
38,6,6,0,20,14,80,79,5,0.03125
38,7,7,0,22,16,55,54,3,0.01875
38,8,0,1,10,17,67,63,5,0.03125
38,9,1,1,15,22,90,89,7,0.04375
38,10,2,1,26,19,122,122,6,0.0375
38,11,3,1,21,24,147,148,5,0.03125
38,12,4,1,13,18,124,126,2,0.0125
38,13,5,1,20,22,112,110,6,0.0375
38,14,6,1,10,12,88,85,9,0.05625
38,15,7,1,16,27,79,79,5,0.03125
38,16,0,2,16,13,74,74,4,0.025
38,17,1,2,17,14,110,106,13,0.08125
38,18,2,2,29,11,137,138,9,0.05625
38,19,3,2,24,19,164,164,5,0.03125
38,20,4,2,22,13,143,141,8,0.05
38,21,5,2,17,11,115,110,9,0.05625
38,22,6,2,6,10,93,89,11,0.06875
38,23,7,2,15,18,90,89,5,0.03125
38,24,0,3,12,19,81,79,5,0.03125
38,25,1,3,11,13,109,105,10,0.0625
38,26,2,3,20,12,135,132,8,0.05
38,27,3,3,18,24,158,161,4,0.025
38,28,4,3,25,17,161,157,5,0.03125
38,29,5,3,17,16,134,132,5,0.03125
38,30,6,3,18,14,122,119,9,0.05625
38,31,7,3,20,12,100,98,6,0.0375
38,32,0,4,18,11,90,89,5,0.03125
38,33,1,4,14,23,122,119,8,0.05
38,34,2,4,25,18,141,140,5,0.03125
38,35,3,4,17,17,154,151,5,0.03125
38,36,4,4,24,12,152,150,9,0.05625
38,37,5,4,15,11,129,125,6,0.0375
38,38,6,4,22,17,131,126,3,0.01875
38,39,7,4,23,13,100,103,1,0.00625
38,40,0,5,21,19,84,87,0,0.0
38,41,1,5,18,19,122,118,10,0.0625
38,42,2,5,23,14,134,130,7,0.04375
38,43,3,5,17,22,143,139,10,0.0625
38,44,4,5,18,12,131,134,3,0.01875
38,45,5,5,12,18,114,114,4,0.025
38,46,6,5,15,16,106,106,9,0.05625
38,47,7,5,9,16,72,76,5,0.03125
38,48,0,6,13,14,52,52,3,0.01875
38,49,1,6,13,15,89,88,9,0.05625
38,50,2,6,22,16,116,115,7,0.04375
38,51,3,6,28,12,120,123,10,0.0625
38,52,4,6,24,17,113,112,6,0.0375
38,53,5,6,15,21,92,93,7,0.04375
38,54,6,6,10,16,82,79,8,0.05
38,55,7,6,6,13,52,53,4,0.025
38,56,0,7,8,11,23,23,3,0.01875
38,57,1,7,11,17,50,52,6,0.0375
38,58,2,7,20,25,82,79,8,0.05
38,59,3,7,24,16,84,83,8,0.05
38,60,4,7,17,24,77,78,7,0.04375
38,61,5,7,11,12,55,55,8,0.05
38,62,6,7,4,17,50,52,8,0.05
38,63,7,7,3,20,35,34,4,0.025
39,0,0,0,13,13,46,43,6,0.0375
39,1,1,0,16,14,79,79,6,0.0375
39,2,2,0,19,17,89,93,2,0.0125
39,3,3,0,19,15,100,100,0,0.0
39,4,4,0,21,20,103,106,2,0.0125
39,5,5,0,20,10,90,87,4,0.025
39,6,6,0,20,16,68,68,7,0.04375
39,7,7,0,18,16,42,41,3,0.01875
39,8,0,1,10,11,57,56,5,0.03125
39,9,1,1,9,13,85,85,8,0.05
39,10,2,1,15,13,101,98,8,0.05
39,11,3,1,25,28,136,132,10,0.0625
39,12,4,1,18,14,127,124,4,0.025
39,13,5,1,18,14,113,114,6,0.0375
39,14,6,1,17,20,95,96,8,0.05
39,15,7,1,17,19,63,63,6,0.0375
39,16,0,2,23,11,78,77,5,0.03125
39,17,1,2,23,21,114,121,7,0.04375
39,18,2,2,11,16,126,131,3,0.01875
39,19,3,2,16,11,148,146,3,0.01875
39,20,4,2,20,18,134,141,1,0.00625
39,21,5,2,23,17,126,125,6,0.0375
39,22,6,2,10,14,93,98,6,0.0375
39,23,7,2,6,18,70,70,4,0.025
39,24,0,3,15,13,85,86,3,0.01875
39,25,1,3,15,18,131,132,7,0.04375
39,26,2,3,16,15,138,139,7,0.04375
39,27,3,3,21,13,158,156,5,0.03125
39,28,4,3,19,11,153,154,3,0.01875
39,29,5,3,19,20,150,150,6,0.0375
39,30,6,3,22,12,126,130,5,0.03125
39,31,7,3,16,13,91,90,4,0.025
39,32,0,4,11,14,77,76,6,0.0375
39,33,1,4,14,14,116,119,7,0.04375
39,34,2,4,21,15,138,139,5,0.03125
39,35,3,4,14,13,146,147,5,0.03125
39,36,4,4,22,20,146,148,6,0.0375
39,37,5,4,19,18,124,123,8,0.05
39,38,6,4,9,11,106,103,8,0.05
39,39,7,4,20,10,83,82,2,0.0125
39,40,0,5,15,15,74,69,5,0.03125
39,41,1,5,18,24,111,113,7,0.04375
39,42,2,5,19,17,126,128,6,0.0375
39,43,3,5,20,16,126,126,10,0.0625
39,44,4,5,21,19,128,126,4,0.025
39,45,5,5,17,11,109,106,6,0.0375
39,46,6,5,10,21,100,102,8,0.05
39,47,7,5,10,8,68,68,4,0.025
39,48,0,6,8,14,53,53,3,0.01875
39,49,1,6,7,17,69,69,7,0.04375
39,50,2,6,17,19,89,88,7,0.04375
39,51,3,6,16,22,88,90,8,0.05
39,52,4,6,20,13,84,84,7,0.04375
39,53,5,6,14,17,74,76,6,0.0375
39,54,6,6,1,18,57,59,8,0.05
39,55,7,6,3,17,44,45,4,0.025
39,56,0,7,2,18,32,31,4,0.025
39,57,1,7,7,15,45,43,8,0.05
39,58,2,7,8,13,48,48,8,0.05
39,59,3,7,19,11,55,53,10,0.0625
39,60,4,7,26,12,61,62,7,0.04375
39,61,5,7,11,17,55,56,7,0.04375
39,62,6,7,9,18,43,43,8,0.05
39,63,7,7,2,11,22,22,4,0.025
40,0,0,0,17,16,37,39,4,0.025
40,1,1,0,23,14,69,69,8,0.05
40,2,2,0,22,22,105,103,4,0.025
40,3,3,0,21,18,109,107,3,0.01875
40,4,4,0,17,18,101,101,2,0.0125
40,5,5,0,19,21,94,95,3,0.01875
40,6,6,0,25,17,78,79,5,0.03125
40,7,7,0,16,22,50,52,1,0.00625
40,8,0,1,9,16,59,59,4,0.025
40,9,1,1,14,12,83,82,8,0.05
40,10,2,1,29,13,126,126,8,0.05
40,11,3,1,14,25,132,141,1,0.00625
40,12,4,1,17,28,134,132,5,0.03125
40,13,5,1,19,15,109,111,6,0.0375
40,14,6,1,8,14,83,82,9,0.05625
40,15,7,1,8,16,68,67,6,0.0375
40,16,0,2,20,17,92,93,5,0.03125
40,17,1,2,20,22,119,117,7,0.04375
40,18,2,2,20,15,142,138,7,0.04375
40,19,3,2,28,15,153,153,5,0.03125
40,20,4,2,15,13,151,151,3,0.01875
40,21,5,2,19,19,136,134,11,0.06875
40,22,6,2,17,16,107,105,8,0.05
40,23,7,2,14,11,84,85,4,0.025
40,24,0,3,12,12,86,83,6,0.0375
40,25,1,3,12,15,98,101,8,0.05
40,26,2,3,17,14,135,136,6,0.0375
40,27,3,3,11,18,153,153,5,0.03125
40,28,4,3,21,19,160,160,3,0.01875
40,29,5,3,20,15,154,157,1,0.00625
40,30,6,3,25,21,138,136,6,0.0375
40,31,7,3,22,15,93,96,3,0.01875
40,32,0,4,21,15,91,90,6,0.0375
40,33,1,4,21,16,115,117,5,0.03125
40,34,2,4,27,22,144,140,6,0.0375
40,35,3,4,20,11,156,154,6,0.0375
40,36,4,4,19,17,147,149,6,0.0375
40,37,5,4,21,22,145,147,5,0.03125
40,38,6,4,16,16,121,120,7,0.04375
40,39,7,4,15,13,83,82,4,0.025
40,40,0,5,15,15,75,75,4,0.025
40,41,1,5,17,24,108,105,9,0.05625
40,42,2,5,19,16,122,123,4,0.025
40,43,3,5,16,13,149,153,4,0.025
40,44,4,5,13,12,127,127,4,0.025
40,45,5,5,21,12,122,123,6,0.0375
40,46,6,5,16,16,101,103,7,0.04375
40,47,7,5,13,12,68,70,3,0.01875
40,48,0,6,3,12,45,44,4,0.025
40,49,1,6,12,14,63,62,9,0.05625
40,50,2,6,28,18,89,89,7,0.04375
40,51,3,6,15,25,115,112,10,0.0625
40,52,4,6,23,13,100,98,8,0.05
40,53,5,6,11,10,84,80,9,0.05625
40,54,6,6,6,18,62,62,8,0.05
40,55,7,6,11,13,45,44,5,0.03125
40,56,0,7,2,14,23,24,4,0.025
40,57,1,7,3,9,30,30,8,0.05
40,58,2,7,16,12,45,45,8,0.05
40,59,3,7,22,18,60,61,10,0.0625
40,60,4,7,11,16,52,51,8,0.05
40,61,5,7,0,12,36,34,7,0.04375
40,62,6,7,3,11,27,27,8,0.05
40,63,7,7,4,12,20,20,4,0.025
41,0,0,0,18,18,44,45,3,0.01875
41,1,1,0,15,9,64,65,7,0.04375
41,2,2,0,19,18,93,94,3,0.01875
41,3,3,0,23,19,107,104,6,0.0375
41,4,4,0,19,14,100,98,4,0.025
41,5,5,0,17,17,93,94,1,0.00625
41,6,6,0,20,21,84,84,5,0.03125
41,7,7,0,22,15,49,49,1,0.00625
41,8,0,1,12,22,69,71,4,0.025
41,9,1,1,13,19,88,89,8,0.05
41,10,2,1,25,14,115,115,7,0.04375
41,11,3,1,20,26,130,127,4,0.025
41,12,4,1,20,15,110,113,2,0.0125
41,13,5,1,16,15,98,102,1,0.00625
41,14,6,1,13,14,90,91,7,0.04375
41,15,7,1,11,13,56,57,5,0.03125
41,16,0,2,10,17,82,82,3,0.01875
41,17,1,2,5,14,92,92,8,0.05
41,18,2,2,22,13,134,130,11,0.06875
41,19,3,2,28,20,156,155,7,0.04375
41,20,4,2,18,7,126,122,7,0.04375
41,21,5,2,22,18,122,121,12,0.075
41,22,6,2,15,10,103,98,13,0.08125
41,23,7,2,15,13,66,66,4,0.025
41,24,0,3,13,18,98,101,3,0.01875
41,25,1,3,27,14,123,122,9,0.05625
41,26,2,3,22,14,152,154,4,0.025
41,27,3,3,14,19,164,162,6,0.0375
41,28,4,3,21,28,151,155,1,0.00625
41,29,5,3,18,12,136,130,8,0.05
41,30,6,3,19,14,120,116,10,0.0625
41,31,7,3,12,13,76,73,5,0.03125
41,32,0,4,14,14,91,91,6,0.0375
41,33,1,4,13,12,109,105,8,0.05
41,34,2,4,18,20,139,140,7,0.04375
41,35,3,4,18,14,152,154,6,0.0375
41,36,4,4,16,12,152,152,5,0.03125
41,37,5,4,20,20,141,139,7,0.04375
41,38,6,4,20,17,123,126,6,0.0375
41,39,7,4,15,10,74,74,4,0.025
41,40,0,5,15,19,82,82,3,0.01875
41,41,1,5,19,18,105,109,7,0.04375
41,42,2,5,17,13,121,121,4,0.025
41,43,3,5,19,15,146,147,5,0.03125
41,44,4,5,10,22,145,148,2,0.0125
41,45,5,5,20,17,127,125,6,0.0375
41,46,6,5,11,14,104,98,12,0.075
41,47,7,5,13,13,63,60,5,0.03125
41,48,0,6,9,14,45,45,4,0.025
41,49,1,6,2,10,57,59,7,0.04375
41,50,2,6,19,17,88,90,6,0.0375
41,51,3,6,23,19,127,130,9,0.05625
41,52,4,6,29,20,122,128,0,0.0
41,53,5,6,14,16,100,103,5,0.03125
41,54,6,6,9,27,88,89,6,0.0375
41,55,7,6,11,14,49,50,4,0.025
41,56,0,7,8,11,22,22,3,0.01875
41,57,1,7,5,15,37,36,8,0.05
41,58,2,7,14,11,48,48,7,0.04375
41,59,3,7,13,20,73,77,6,0.0375
41,60,4,7,16,15,60,64,3,0.01875
41,61,5,7,11,13,50,51,6,0.0375
41,62,6,7,6,14,41,42,7,0.04375
41,63,7,7,6,11,26,26,4,0.025
42,0,0,0,24,21,61,63,1,0.00625
42,1,1,0,17,24,105,107,3,0.01875
42,2,2,0,20,23,127,127,4,0.025
42,3,3,0,22,22,140,141,3,0.01875
42,4,4,0,20,27,134,137,1,0.00625
42,5,5,0,25,16,110,111,1,0.00625
42,6,6,0,18,19,82,86,1,0.00625
42,7,7,0,19,20,58,59,1,0.00625
42,8,0,1,17,21,80,84,0,0.0
42,9,1,1,20,26,134,130,12,0.075
42,10,2,1,24,16,148,153,2,0.0125
42,11,3,1,23,37,199,196,6,0.0375
42,12,4,1,18,19,168,168,4,0.025
42,13,5,1,20,23,153,144,10,0.0625
42,14,6,1,24,21,119,123,3,0.01875
42,15,7,1,15,17,89,94,0,0.0
42,16,0,2,31,24,110,112,3,0.01875
42,17,1,2,10,23,152,151,8,0.05
42,18,2,2,20,15,157,165,3,0.01875
42,19,3,2,20,29,213,214,4,0.025
42,20,4,2,20,19,179,181,2,0.0125
42,21,5,2,20,20,168,176,4,0.025
42,22,6,2,30,13,150,154,7,0.04375
42,23,7,2,21,24,122,122,5,0.03125
42,24,0,3,19,18,104,103,4,0.025
42,25,1,3,28,17,162,160,10,0.0625
42,26,2,3,20,23,170,171,3,0.01875
42,27,3,3,21,30,223,223,6,0.0375
42,28,4,3,25,21,202,196,6,0.0375
42,29,5,3,22,22,201,203,5,0.03125
42,30,6,3,17,21,166,176,1,0.00625
42,31,7,3,17,26,121,126,0,0.0
42,32,0,4,17,15,96,100,2,0.0125
42,33,1,4,13,24,161,168,2,0.0125
42,34,2,4,15,26,166,174,0,0.0
42,35,3,4,23,20,217,217,6,0.0375
42,36,4,4,16,20,182,184,3,0.01875
42,37,5,4,18,19,188,186,9,0.05625
42,38,6,4,26,18,164,164,7,0.04375
42,39,7,4,15,25,115,115,4,0.025
42,40,0,5,19,15,86,90,0,0.0
42,41,1,5,23,24,158,158,6,0.0375
42,42,2,5,16,18,156,152,8,0.05
42,43,3,5,17,26,198,193,10,0.0625
42,44,4,5,22,22,181,174,10,0.0625
42,45,5,5,18,19,180,178,10,0.0625
42,46,6,5,24,26,161,163,10,0.0625
42,47,7,5,25,19,114,117,1,0.00625
42,48,0,6,15,23,72,75,0,0.0
42,49,1,6,20,24,133,135,4,0.025
42,50,2,6,18,23,140,144,2,0.0125
42,51,3,6,16,20,175,178,5,0.03125
42,52,4,6,19,21,166,166,2,0.0125
42,53,5,6,17,24,159,160,2,0.0125
42,54,6,6,25,20,133,136,3,0.01875
42,55,7,6,18,24,93,91,4,0.025
42,56,0,7,22,14,50,53,1,0.00625
42,57,1,7,21,24,111,116,3,0.01875
42,58,2,7,27,16,125,130,3,0.01875
42,59,3,7,23,25,145,145,4,0.025
42,60,4,7,22,27,142,139,5,0.03125
42,61,5,7,25,28,126,131,2,0.0125
42,62,6,7,21,26,97,102,0,0.0
42,63,7,7,20,15,59,58,3,0.01875
43,0,0,0,17,10,38,38,1,0.00625
43,1,1,0,19,13,68,70,3,0.01875
43,2,2,0,19,15,88,84,8,0.05
43,3,3,0,15,16,88,85,8,0.05
43,4,4,0,22,17,99,92,8,0.05
43,5,5,0,21,19,93,89,4,0.025
43,6,6,0,15,18,59,60,0,0.0
43,7,7,0,9,22,37,38,0,0.0
43,8,0,1,20,16,68,65,3,0.01875
43,9,1,1,14,18,94,98,7,0.04375
43,10,2,1,16,12,97,97,4,0.025
43,11,3,1,18,38,124,126,4,0.025
43,12,4,1,20,12,108,104,7,0.04375
43,13,5,1,13,20,109,110,10,0.0625
43,14,6,1,10,17,91,85,9,0.05625
43,15,7,1,20,20,78,72,4,0.025
43,16,0,2,20,23,94,91,4,0.025
43,17,1,2,18,10,111,109,11,0.06875
43,18,2,2,18,11,113,109,7,0.04375
43,19,3,2,18,16,143,144,5,0.03125
43,20,4,2,22,12,145,143,5,0.03125
43,21,5,2,24,19,151,149,7,0.04375
43,22,6,2,19,12,114,118,4,0.025
43,23,7,2,20,15,95,98,1,0.00625
43,24,0,3,15,18,98,100,2,0.0125
43,25,1,3,16,12,122,124,7,0.04375
43,26,2,3,21,15,136,135,4,0.025
43,27,3,3,16,13,148,149,5,0.03125
43,28,4,3,19,13,153,156,3,0.01875
43,29,5,3,19,17,150,152,4,0.025
43,30,6,3,20,16,125,121,5,0.03125
43,31,7,3,22,16,101,101,1,0.00625
43,32,0,4,27,17,109,109,2,0.0125
43,33,1,4,21,18,129,120,8,0.05
43,34,2,4,21,9,129,124,5,0.03125
43,35,3,4,18,10,131,132,6,0.0375
43,36,4,4,20,14,137,135,4,0.025
43,37,5,4,18,18,135,138,6,0.0375
43,38,6,4,9,14,101,101,7,0.04375
43,39,7,4,13,24,92,91,4,0.025
43,40,0,5,12,14,90,84,6,0.0375
43,41,1,5,7,22,94,91,9,0.05625
43,42,2,5,13,9,87,90,6,0.0375
43,43,3,5,13,7,88,92,4,0.025
43,44,4,5,18,21,108,112,6,0.0375
43,45,5,5,18,16,114,118,5,0.03125
43,46,6,5,9,13,79,82,6,0.0375
43,47,7,5,8,18,80,76,5,0.03125
43,48,0,6,14,22,82,82,0,0.0
43,49,1,6,16,18,89,92,3,0.01875
43,50,2,6,15,13,90,87,5,0.03125
43,51,3,6,22,13,92,87,8,0.05
43,52,4,6,20,14,101,96,7,0.04375
43,53,5,6,17,21,109,106,7,0.04375
43,54,6,6,19,16,98,91,10,0.0625
43,55,7,6,14,17,74,79,1,0.00625
43,56,0,7,11,19,46,46,1,0.00625
43,57,1,7,16,18,60,60,4,0.025
43,58,2,7,17,12,67,64,6,0.0375
43,59,3,7,18,15,72,69,8,0.05
43,60,4,7,21,18,75,77,5,0.03125
43,61,5,7,20,14,67,61,7,0.04375
43,62,6,7,10,23,64,58,8,0.05
43,63,7,7,15,12,44,44,5,0.03125
44,0,0,0,19,23,61,57,5,0.03125
44,1,1,0,15,19,84,86,1,0.00625
44,2,2,0,16,15,88,91,2,0.0125
44,3,3,0,20,20,101,106,3,0.01875
44,4,4,0,13,10,85,94,0,0.0
44,5,5,0,21,17,79,77,7,0.04375
44,6,6,0,16,15,65,57,8,0.05
44,7,7,0,20,11,44,39,5,0.03125
44,8,0,1,17,21,87,85,4,0.025
44,9,1,1,16,16,106,105,7,0.04375
44,10,2,1,12,11,104,105,3,0.01875
44,11,3,1,16,25,129,132,2,0.0125
44,12,4,1,18,10,113,113,6,0.0375
44,13,5,1,18,15,99,100,8,0.05
44,14,6,1,12,8,71,72,9,0.05625
44,15,7,1,13,14,61,61,6,0.0375
44,16,0,2,3,16,83,85,3,0.01875
44,17,1,2,17,11,100,103,7,0.04375
44,18,2,2,18,14,109,109,7,0.04375
44,19,3,2,24,19,137,135,6,0.0375
44,20,4,2,12,19,119,121,3,0.01875
44,21,5,2,21,9,116,114,7,0.04375
44,22,6,2,23,14,107,104,6,0.0375
44,23,7,2,13,19,86,81,5,0.03125
44,24,0,3,11,16,95,92,6,0.0375
44,25,1,3,17,15,111,111,8,0.05
44,26,2,3,20,14,115,113,7,0.04375
44,27,3,3,19,14,142,144,5,0.03125
44,28,4,3,20,11,135,134,4,0.025
44,29,5,3,27,12,143,143,4,0.025
44,30,6,3,18,18,118,115,8,0.05
44,31,7,3,22,17,99,96,4,0.025
44,32,0,4,19,19,96,94,5,0.03125
44,33,1,4,21,12,124,126,8,0.05
44,34,2,4,13,15,124,124,3,0.01875
44,35,3,4,17,17,156,158,3,0.01875
44,36,4,4,23,4,135,136,3,0.01875
44,37,5,4,29,17,142,140,10,0.0625
44,38,6,4,14,16,112,106,11,0.06875
44,39,7,4,9,20,91,90,5,0.03125
44,40,0,5,12,18,72,73,6,0.0375
44,41,1,5,12,10,100,99,10,0.0625
44,42,2,5,17,8,109,104,11,0.06875
44,43,3,5,19,22,143,143,6,0.0375
44,44,4,5,25,13,130,131,4,0.025
44,45,5,5,18,15,129,128,6,0.0375
44,46,6,5,7,12,91,91,7,0.04375
44,47,7,5,11,20,72,73,4,0.025
44,48,0,6,17,19,61,56,6,0.0375
44,49,1,6,8,16,80,75,7,0.04375
44,50,2,6,13,11,87,86,7,0.04375
44,51,3,6,29,20,123,129,4,0.025
44,52,4,6,14,16,103,108,2,0.0125
44,53,5,6,21,22,112,115,5,0.03125
44,54,6,6,8,16,75,79,7,0.04375
44,55,7,6,11,9,54,51,4,0.025
44,56,0,7,6,9,24,20,4,0.025
44,57,1,7,6,22,41,38,7,0.04375
44,58,2,7,9,13,42,39,6,0.0375
44,59,3,7,19,10,50,59,0,0.0
44,60,4,7,8,13,47,43,7,0.04375
44,61,5,7,5,23,47,48,7,0.04375
44,62,6,7,0,18,29,29,8,0.05
44,63,7,7,4,18,25,25,4,0.025
45,0,0,0,11,12,33,33,4,0.025
45,1,1,0,10,7,42,34,9,0.05625
45,2,2,0,14,16,66,62,8,0.05
45,3,3,0,13,13,80,76,8,0.05
45,4,4,0,17,15,85,78,7,0.04375
45,5,5,0,26,16,90,90,8,0.05
45,6,6,0,15,12,57,60,5,0.03125
45,7,7,0,14,21,46,49,2,0.0125
45,8,0,1,8,16,53,53,5,0.03125
45,9,1,1,13,17,76,77,7,0.04375
45,10,2,1,17,17,102,98,5,0.03125
45,11,3,1,23,32,136,128,8,0.05
45,12,4,1,23,16,110,111,7,0.04375
45,13,5,1,26,17,108,107,10,0.0625
45,14,6,1,15,13,78,78,7,0.04375
45,15,7,1,17,21,76,75,8,0.05
45,16,0,2,14,20,78,77,5,0.03125
45,17,1,2,2,15,91,91,8,0.05
45,18,2,2,18,23,123,123,5,0.03125
45,19,3,2,24,20,156,155,6,0.0375
45,20,4,2,15,21,136,136,3,0.01875
45,21,5,2,26,14,144,146,6,0.0375
45,22,6,2,25,13,113,114,6,0.0375
45,23,7,2,21,13,98,99,5,0.03125
45,24,0,3,12,12,93,92,5,0.03125
45,25,1,3,17,15,114,118,3,0.01875
45,26,2,3,25,17,139,137,7,0.04375
45,27,3,3,13,12,155,152,7,0.04375
45,28,4,3,19,14,142,144,3,0.01875
45,29,5,3,18,17,147,147,2,0.0125
45,30,6,3,13,17,99,102,6,0.0375
45,31,7,3,19,20,107,108,4,0.025
45,32,0,4,13,14,99,98,4,0.025
45,33,1,4,20,20,126,125,7,0.04375
45,34,2,4,19,10,142,140,5,0.03125
45,35,3,4,17,10,146,146,3,0.01875
45,36,4,4,27,21,154,151,7,0.04375
45,37,5,4,15,20,137,138,7,0.04375
45,38,6,4,11,17,89,93,8,0.05
45,39,7,4,10,20,98,96,7,0.04375
45,40,0,5,15,17,93,92,6,0.0375
45,41,1,5,13,14,102,104,8,0.05
45,42,2,5,20,21,128,131,7,0.04375
45,43,3,5,18,20,137,134,9,0.05625
45,44,4,5,18,7,138,136,5,0.03125
45,45,5,5,13,17,136,134,8,0.05
45,46,6,5,17,8,109,109,7,0.04375
45,47,7,5,14,18,95,92,8,0.05
45,48,0,6,14,21,72,74,4,0.025
45,49,1,6,15,19,93,92,7,0.04375
45,50,2,6,28,12,110,105,11,0.06875
45,51,3,6,24,19,127,122,9,0.05625
45,52,4,6,21,20,133,129,5,0.03125
45,53,5,6,20,18,122,121,7,0.04375
45,54,6,6,17,14,100,100,7,0.04375
45,55,7,6,17,12,74,73,4,0.025
45,56,0,7,15,13,44,44,4,0.025
45,57,1,7,13,22,73,74,5,0.03125
45,58,2,7,33,13,97,100,5,0.03125
45,59,3,7,16,13,102,99,2,0.0125
45,60,4,7,35,13,102,104,5,0.03125
45,61,5,7,17,23,79,81,6,0.0375
45,62,6,7,5,23,57,56,7,0.04375
45,63,7,7,7,21,37,38,4,0.025
46,0,0,0,1,17,34,35,4,0.025
46,1,1,0,7,18,52,53,7,0.04375
46,2,2,0,8,12,61,64,5,0.03125
46,3,3,0,20,16,81,82,6,0.0375
46,4,4,0,13,17,88,93,2,0.0125
46,5,5,0,13,25,88,90,5,0.03125
46,6,6,0,20,14,68,67,6,0.0375
46,7,7,0,15,12,41,39,4,0.025
46,8,0,1,6,15,61,60,6,0.0375
46,9,1,1,6,20,73,73,8,0.05
46,10,2,1,14,18,94,91,8,0.05
46,11,3,1,24,25,114,118,7,0.04375
46,12,4,1,17,12,117,120,4,0.025
46,13,5,1,24,12,122,126,5,0.03125
46,14,6,1,21,19,88,89,8,0.05
46,15,7,1,10,26,65,69,4,0.025
46,16,0,2,8,19,82,80,6,0.0375
46,17,1,2,12,9,94,95,8,0.05
46,18,2,2,20,11,123,122,6,0.0375
46,19,3,2,19,19,139,146,1,0.00625
46,20,4,2,28,22,150,150,4,0.025
46,21,5,2,20,16,139,142,4,0.025
46,22,6,2,21,20,120,115,11,0.06875
46,23,7,2,21,17,97,98,4,0.025
46,24,0,3,14,18,90,92,4,0.025
46,25,1,3,10,15,107,104,8,0.05
46,26,2,3,19,21,132,135,5,0.03125
46,27,3,3,21,15,145,149,3,0.01875
46,28,4,3,19,17,149,146,4,0.025
46,29,5,3,20,18,146,143,5,0.03125
46,30,6,3,27,16,135,132,9,0.05625
46,31,7,3,13,16,103,103,2,0.0125
46,32,0,4,17,14,86,86,4,0.025
46,33,1,4,16,20,115,119,6,0.0375
46,34,2,4,14,16,131,133,2,0.0125
46,35,3,4,20,12,146,145,3,0.01875
46,36,4,4,18,15,142,148,1,0.00625
46,37,5,4,22,11,140,143,6,0.0375
46,38,6,4,15,11,126,128,6,0.0375
46,39,7,4,17,24,107,106,8,0.05
46,40,0,5,12,8,69,72,4,0.025
46,41,1,5,12,12,99,99,8,0.05
46,42,2,5,25,21,127,128,8,0.05
46,43,3,5,24,21,146,149,5,0.03125
46,44,4,5,24,17,144,146,3,0.01875
46,45,5,5,23,23,135,137,5,0.03125
46,46,6,5,6,18,99,99,6,0.0375
46,47,7,5,11,12,84,86,5,0.03125
46,48,0,6,12,18,68,67,3,0.01875
46,49,1,6,13,14,87,87,7,0.04375
46,50,2,6,26,9,103,109,5,0.03125
46,51,3,6,18,15,116,119,5,0.03125
46,52,4,6,24,18,119,122,3,0.01875
46,53,5,6,16,28,108,108,6,0.0375
46,54,6,6,12,18,82,80,9,0.05625
46,55,7,6,5,20,65,65,4,0.025
46,56,0,7,19,19,49,50,3,0.01875
46,57,1,7,9,17,64,62,8,0.05
46,58,2,7,25,14,72,70,7,0.04375
46,59,3,7,22,13,76,73,3,0.01875
46,60,4,7,16,12,73,76,2,0.0125
46,61,5,7,7,12,64,62,7,0.04375
46,62,6,7,10,18,54,55,8,0.05
46,63,7,7,2,17,35,35,4,0.025
47,0,0,0,8,13,40,40,4,0.025
47,1,1,0,7,15,64,64,7,0.04375
47,2,2,0,22,18,90,90,5,0.03125
47,3,3,0,35,20,108,108,5,0.03125
47,4,4,0,23,17,102,95,6,0.0375
47,5,5,0,17,18,97,96,6,0.0375
47,6,6,0,20,13,81,81,5,0.03125
47,7,7,0,17,22,54,53,3,0.01875
47,8,0,1,5,21,65,65,6,0.0375
47,9,1,1,5,17,70,70,7,0.04375
47,10,2,1,22,13,98,99,7,0.04375
47,11,3,1,24,27,131,130,6,0.0375
47,12,4,1,19,16,123,121,5,0.03125
47,13,5,1,17,15,110,106,8,0.05
47,14,6,1,13,17,94,92,10,0.0625
47,15,7,1,16,17,73,75,2,0.0125
47,16,0,2,12,10,87,87,6,0.0375
47,17,1,2,13,23,104,104,8,0.05
47,18,2,2,21,15,128,127,9,0.05625
47,19,3,2,22,8,141,138,5,0.03125
47,20,4,2,18,18,138,134,7,0.04375
47,21,5,2,27,13,127,124,6,0.0375
47,22,6,2,16,12,105,108,9,0.05625
47,23,7,2,13,20,85,85,5,0.03125
47,24,0,3,14,14,98,94,7,0.04375
47,25,1,3,18,11,114,115,7,0.04375
47,26,2,3,19,13,136,136,5,0.03125
47,27,3,3,24,16,161,158,5,0.03125
47,28,4,3,20,13,157,160,4,0.025
47,29,5,3,16,12,131,133,5,0.03125
47,30,6,3,19,16,130,130,7,0.04375
47,31,7,3,18,7,89,89,2,0.0125
47,32,0,4,17,9,94,92,7,0.04375
47,33,1,4,21,18,129,123,10,0.0625
47,34,2,4,22,20,149,147,5,0.03125
47,35,3,4,16,24,153,155,2,0.0125
47,36,4,4,23,14,157,148,10,0.0625
47,37,5,4,14,17,137,136,6,0.0375
47,38,6,4,13,22,124,120,8,0.05
47,39,7,4,14,20,90,95,2,0.0125
47,40,0,5,20,15,92,88,8,0.05
47,41,1,5,22,18,119,117,9,0.05625
47,42,2,5,22,22,129,134,1,0.00625
47,43,3,5,13,14,131,131,6,0.0375
47,44,4,5,21,15,138,141,2,0.0125
47,45,5,5,23,19,145,145,5,0.03125
47,46,6,5,16,17,119,118,9,0.05625
47,47,7,5,14,18,83,84,5,0.03125
47,48,0,6,14,20,71,70,4,0.025
47,49,1,6,20,20,96,97,8,0.05
47,50,2,6,19,19,108,104,9,0.05625
47,51,3,6,19,14,115,114,7,0.04375
47,52,4,6,23,24,124,120,5,0.03125
47,53,5,6,24,20,123,125,3,0.01875
47,54,6,6,12,9,93,90,12,0.075
47,55,7,6,13,21,67,68,4,0.025
47,56,0,7,8,18,39,38,4,0.025
47,57,1,7,13,17,58,59,6,0.0375
47,58,2,7,20,13,77,79,5,0.03125
47,59,3,7,20,15,100,99,5,0.03125
47,60,4,7,21,15,94,94,4,0.025
47,61,5,7,21,17,86,88,6,0.0375
47,62,6,7,7,14,58,57,8,0.05
47,63,7,7,11,19,38,39,3,0.01875
48,0,0,0,18,24,66,70,0,0.0
48,1,1,0,19,31,104,111,1,0.00625
48,2,2,0,18,20,126,130,1,0.00625
48,3,3,0,22,25,142,147,2,0.0125
48,4,4,0,21,23,137,143,3,0.01875
48,5,5,0,25,34,132,132,6,0.0375
48,6,6,0,19,14,88,93,1,0.00625
48,7,7,0,22,24,70,71,3,0.01875
48,8,0,1,21,24,103,104,3,0.01875
48,9,1,1,23,18,129,130,6,0.0375
48,10,2,1,22,21,141,149,1,0.00625
48,11,3,1,20,44,183,188,3,0.01875
48,12,4,1,19,19,157,159,3,0.01875
48,13,5,1,12,25,145,154,1,0.00625
48,14,6,1,21,29,119,123,6,0.0375
48,15,7,1,22,18,99,100,1,0.00625
48,16,0,2,20,26,126,125,7,0.04375
48,17,1,2,22,20,155,154,8,0.05
48,18,2,2,18,19,162,165,6,0.0375
48,19,3,2,24,21,213,216,0,0.0
48,20,4,2,28,27,202,202,7,0.04375
48,21,5,2,17,25,189,187,8,0.05
48,22,6,2,20,28,149,155,3,0.01875
48,23,7,2,18,20,124,125,3,0.01875
48,24,0,3,21,25,132,138,1,0.00625
48,25,1,3,24,24,174,170,9,0.05625
48,26,2,3,20,13,177,179,3,0.01875
48,27,3,3,18,24,214,216,2,0.0125
48,28,4,3,19,18,204,201,6,0.0375
48,29,5,3,17,31,195,194,5,0.03125
48,30,6,3,21,15,151,158,2,0.0125
48,31,7,3,25,23,136,139,1,0.00625
48,32,0,4,36,21,136,139,5,0.03125
48,33,1,4,15,18,169,176,4,0.025
48,34,2,4,16,30,189,187,6,0.0375
48,35,3,4,19,21,219,217,4,0.025
48,36,4,4,27,28,210,216,4,0.025
48,37,5,4,21,25,190,188,6,0.0375
48,38,6,4,24,21,160,164,6,0.0375
48,39,7,4,23,27,133,130,6,0.0375
48,40,0,5,19,22,100,107,1,0.00625
48,41,1,5,19,23,151,154,8,0.05
48,42,2,5,19,26,170,168,5,0.03125
48,43,3,5,23,19,193,192,6,0.0375
48,44,4,5,16,16,185,183,3,0.01875
48,45,5,5,20,24,166,169,2,0.0125
48,46,6,5,18,18,143,148,1,0.00625
48,47,7,5,19,15,110,113,2,0.0125
48,48,0,6,17,22,77,80,3,0.01875
48,49,1,6,24,22,125,126,7,0.04375
48,50,2,6,20,15,145,148,6,0.0375
48,51,3,6,20,16,165,164,8,0.05
48,52,4,6,18,23,169,167,10,0.0625
48,53,5,6,16,17,159,155,9,0.05625
48,54,6,6,13,24,133,138,6,0.0375
48,55,7,6,30,22,109,108,4,0.025
48,56,0,7,20,20,55,59,1,0.00625
48,57,1,7,27,27,107,106,6,0.0375
48,58,2,7,21,20,123,124,5,0.03125
48,59,3,7,13,22,134,135,6,0.0375
48,60,4,7,18,33,141,138,6,0.0375
48,61,5,7,27,18,117,120,3,0.01875
48,62,6,7,20,24,80,89,0,0.0
48,63,7,7,21,26,60,61,0,0.0
49,0,0,0,19,21,53,52,0,0.0
49,1,1,0,14,20,87,84,3,0.01875
49,2,2,0,14,18,96,97,0,0.0
49,3,3,0,22,11,93,94,1,0.00625
49,4,4,0,21,8,82,83,2,0.0125
49,5,5,0,18,26,91,91,5,0.03125
49,6,6,0,11,10,59,53,8,0.05
49,7,7,0,15,21,52,51,3,0.01875
49,8,0,1,15,12,68,66,7,0.04375
49,9,1,1,16,23,106,104,9,0.05625
49,10,2,1,26,15,121,116,6,0.0375
49,11,3,1,13,36,140,138,4,0.025
49,12,4,1,21,16,118,119,1,0.00625
49,13,5,1,23,24,135,127,6,0.0375
49,14,6,1,20,10,85,84,6,0.0375
49,15,7,1,18,16,74,72,1,0.00625
49,16,0,2,20,16,95,99,3,0.01875
49,17,1,2,14,14,119,125,2,0.0125
49,18,2,2,22,19,141,146,1,0.00625
49,19,3,2,19,18,149,147,2,0.0125
49,20,4,2,17,19,127,131,5,0.03125
49,21,5,2,15,17,125,124,9,0.05625
49,22,6,2,7,13,84,80,7,0.04375
49,23,7,2,13,18,81,82,3,0.01875
49,24,0,3,24,10,104,101,4,0.025
49,25,1,3,21,17,126,129,7,0.04375
49,26,2,3,18,8,142,139,5,0.03125
49,27,3,3,25,12,153,150,5,0.03125
49,28,4,3,20,15,144,146,4,0.025
49,29,5,3,13,13,142,143,5,0.03125
49,30,6,3,20,10,115,109,5,0.03125
49,31,7,3,22,16,103,100,2,0.0125
49,32,0,4,10,15,91,90,6,0.0375
49,33,1,4,14,18,115,111,9,0.05625
49,34,2,4,12,21,121,124,6,0.0375
49,35,3,4,22,18,148,149,4,0.025
49,36,4,4,15,16,146,144,4,0.025
49,37,5,4,17,14,148,156,1,0.00625
49,38,6,4,15,22,120,122,4,0.025
49,39,7,4,19,19,99,104,1,0.00625
49,40,0,5,18,17,91,90,2,0.0125
49,41,1,5,17,17,118,119,7,0.04375
49,42,2,5,18,23,129,128,6,0.0375
49,43,3,5,17,21,144,140,10,0.0625
49,44,4,5,19,12,136,137,2,0.0125
49,45,5,5,17,14,144,137,9,0.05625
49,46,6,5,21,13,109,107,6,0.0375
49,47,7,5,21,9,92,91,3,0.01875
49,48,0,6,11,13,60,58,5,0.03125
49,49,1,6,14,25,86,86,7,0.04375
49,50,2,6,19,21,101,104,4,0.025
49,51,3,6,19,17,107,104,12,0.075
49,52,4,6,21,11,111,118,2,0.0125
49,53,5,6,23,22,116,119,5,0.03125
49,54,6,6,8,15,83,81,8,0.05
49,55,7,6,9,23,69,68,5,0.03125
49,56,0,7,13,16,48,44,4,0.025
49,57,1,7,11,13,54,57,5,0.03125
49,58,2,7,20,12,79,78,6,0.0375
49,59,3,7,11,11,83,84,4,0.025
49,60,4,7,24,30,110,112,5,0.03125
49,61,5,7,15,25,98,100,1,0.00625
49,62,6,7,20,17,78,72,4,0.025
49,63,7,7,24,20,53,53,2,0.0125
50,0,0,0,18,20,50,47,4,0.025
50,1,1,0,15,25,79,75,8,0.05
50,2,2,0,20,17,88,83,5,0.03125
50,3,3,0,24,15,99,93,7,0.04375
50,4,4,0,18,14,102,98,5,0.03125
50,5,5,0,25,19,98,101,3,0.01875
50,6,6,0,17,11,60,60,6,0.0375
50,7,7,0,16,21,54,55,4,0.025
50,8,0,1,13,23,68,69,6,0.0375
50,9,1,1,10,22,96,97,8,0.05
50,10,2,1,12,18,106,103,8,0.05
50,11,3,1,19,30,131,129,5,0.03125
50,12,4,1,26,16,130,125,7,0.04375
50,13,5,1,19,16,127,125,8,0.05
50,14,6,1,16,16,78,77,7,0.04375
50,15,7,1,20,16,81,79,5,0.03125
50,16,0,2,17,7,73,76,0,0.0
50,17,1,2,19,14,122,121,4,0.025
50,18,2,2,18,17,147,144,3,0.01875
50,19,3,2,20,10,144,144,2,0.0125
50,20,4,2,13,15,139,135,8,0.05
50,21,5,2,14,16,139,143,5,0.03125
50,22,6,2,23,19,111,106,11,0.06875
50,23,7,2,18,10,98,94,6,0.0375
50,24,0,3,10,12,74,76,4,0.025
50,25,1,3,17,18,115,113,8,0.05
50,26,2,3,16,14,132,133,5,0.03125
50,27,3,3,20,22,146,147,4,0.025
50,28,4,3,20,14,149,147,6,0.0375
50,29,5,3,20,17,157,155,6,0.0375
50,30,6,3,15,21,125,128,4,0.025
50,31,7,3,22,20,110,110,3,0.01875
50,32,0,4,17,18,90,88,8,0.05
50,33,1,4,19,15,117,117,6,0.0375
50,34,2,4,15,20,132,134,3,0.01875
50,35,3,4,17,20,145,144,3,0.01875
50,36,4,4,22,12,157,160,2,0.0125
50,37,5,4,15,17,145,145,1,0.00625
50,38,6,4,23,20,134,136,2,0.0125
50,39,7,4,22,20,117,116,1,0.00625
50,40,0,5,21,13,87,86,1,0.00625
50,41,1,5,17,15,113,114,5,0.03125
50,42,2,5,14,13,124,127,1,0.00625
50,43,3,5,21,13,130,134,6,0.0375
50,44,4,5,25,20,142,139,5,0.03125
50,45,5,5,15,14,109,111,8,0.05
50,46,6,5,14,15,106,102,9,0.05625
50,47,7,5,15,19,90,87,7,0.04375
50,48,0,6,10,23,63,63,4,0.025
50,49,1,6,19,13,83,82,7,0.04375
50,50,2,6,25,16,96,95,4,0.025
50,51,3,6,15,14,97,98,11,0.06875
50,52,4,6,24,15,118,115,6,0.0375
50,53,5,6,16,20,100,101,5,0.03125
50,54,6,6,14,22,92,93,8,0.05
50,55,7,6,10,11,66,66,6,0.0375
50,56,0,7,11,12,30,31,4,0.025
50,57,1,7,15,17,56,53,8,0.05
50,58,2,7,18,12,65,62,7,0.04375
50,59,3,7,30,11,72,68,9,0.05625
50,60,4,7,10,17,60,56,8,0.05
50,61,5,7,5,12,40,33,8,0.05
50,62,6,7,5,12,36,34,8,0.05
50,63,7,7,7,20,37,35,4,0.025
51,0,0,0,13,13,39,39,4,0.025
51,1,1,0,10,15,61,60,9,0.05625
51,2,2,0,26,18,96,92,9,0.05625
51,3,3,0,24,17,108,106,7,0.04375
51,4,4,0,24,13,97,100,2,0.0125
51,5,5,0,22,18,105,107,1,0.00625
51,6,6,0,22,9,82,84,4,0.025
51,7,7,0,21,19,56,56,4,0.025
51,8,0,1,8,13,55,56,3,0.01875
51,9,1,1,12,17,82,82,6,0.0375
51,10,2,1,16,17,102,103,7,0.04375
51,11,3,1,18,33,131,130,5,0.03125
51,12,4,1,24,11,114,115,6,0.0375
51,13,5,1,24,19,112,115,7,0.04375
51,14,6,1,11,15,81,80,7,0.04375
51,15,7,1,12,12,65,63,6,0.0375
51,16,0,2,13,15,78,72,7,0.04375
51,17,1,2,16,21,104,103,5,0.03125
51,18,2,2,18,13,121,114,9,0.05625
51,19,3,2,25,16,146,145,3,0.01875
51,20,4,2,17,13,127,131,3,0.01875
51,21,5,2,13,15,121,121,6,0.0375
51,22,6,2,19,25,106,107,9,0.05625
51,23,7,2,13,15,81,80,8,0.05
51,24,0,3,18,20,94,90,8,0.05
51,25,1,3,26,15,129,131,7,0.04375
51,26,2,3,19,7,140,139,7,0.04375
51,27,3,3,19,12,156,159,3,0.01875
51,28,4,3,22,22,152,155,4,0.025
51,29,5,3,24,15,145,146,6,0.0375
51,30,6,3,20,18,112,108,8,0.05
51,31,7,3,16,18,92,95,1,0.00625
51,32,0,4,22,10,88,89,7,0.04375
51,33,1,4,22,8,115,115,9,0.05625
51,34,2,4,17,15,142,141,3,0.01875
51,35,3,4,25,19,170,167,8,0.05
51,36,4,4,20,15,141,140,4,0.025
51,37,5,4,22,10,134,124,10,0.0625
51,38,6,4,15,17,113,107,7,0.04375
51,39,7,4,21,15,98,96,4,0.025
51,40,0,5,21,13,88,83,7,0.04375
51,41,1,5,24,12,103,101,7,0.04375
51,42,2,5,19,17,132,124,9,0.05625
51,43,3,5,27,15,155,155,6,0.0375
51,44,4,5,18,18,125,127,4,0.025
51,45,5,5,22,15,118,124,3,0.01875
51,46,6,5,10,14,89,89,9,0.05625
51,47,7,5,5,16,72,74,5,0.03125
51,48,0,6,12,24,64,65,4,0.025
51,49,1,6,3,17,57,58,7,0.04375
51,50,2,6,17,15,74,73,6,0.0375
51,51,3,6,21,21,97,97,10,0.0625
51,52,4,6,15,12,79,76,8,0.05
51,53,5,6,12,17,79,76,8,0.05
51,54,6,6,4,10,52,51,8,0.05
51,55,7,6,3,13,49,49,5,0.03125
51,56,0,7,5,14,24,24,4,0.025
51,57,1,7,4,14,30,30,8,0.05
51,58,2,7,6,12,34,33,8,0.05
51,59,3,7,14,11,45,49,4,0.025
51,60,4,7,4,13,39,41,6,0.0375
51,61,5,7,5,19,41,42,6,0.0375
51,62,6,7,0,12,28,26,9,0.05625
51,63,7,7,4,21,29,29,4,0.025
52,0,0,0,10,15,40,40,3,0.01875
52,1,1,0,17,14,67,70,6,0.0375
52,2,2,0,22,18,89,91,6,0.0375
52,3,3,0,25,12,95,99,4,0.025
52,4,4,0,16,12,98,92,8,0.05
52,5,5,0,16,13,84,81,5,0.03125
52,6,6,0,13,8,64,61,8,0.05
52,7,7,0,17,20,48,48,4,0.025
52,8,0,1,13,16,75,73,6,0.0375
52,9,1,1,15,18,101,102,7,0.04375
52,10,2,1,21,11,108,111,3,0.01875
52,11,3,1,19,26,123,123,7,0.04375
52,12,4,1,17,14,126,123,8,0.05
52,13,5,1,21,9,102,102,6,0.0375
52,14,6,1,8,21,87,87,7,0.04375
52,15,7,1,13,20,66,68,4,0.025
52,16,0,2,14,16,91,91,5,0.03125
52,17,1,2,15,21,124,123,5,0.03125
52,18,2,2,17,13,120,125,6,0.0375
52,19,3,2,23,16,144,145,3,0.01875
52,20,4,2,19,14,134,134,3,0.01875
52,21,5,2,20,19,120,118,6,0.0375
52,22,6,2,7,13,91,95,6,0.0375
52,23,7,2,8,7,79,82,3,0.01875
52,24,0,3,13,25,93,96,4,0.025
52,25,1,3,17,18,124,122,8,0.05
52,26,2,3,16,21,136,139,2,0.0125
52,27,3,3,27,12,157,152,7,0.04375
52,28,4,3,20,20,162,162,1,0.00625
52,29,5,3,24,14,133,133,6,0.0375
52,30,6,3,19,16,112,114,5,0.03125
52,31,7,3,16,20,101,100,2,0.0125
52,32,0,4,12,13,87,87,6,0.0375
52,33,1,4,18,11,113,116,5,0.03125
52,34,2,4,18,14,127,126,5,0.03125
52,35,3,4,22,9,147,151,3,0.01875
52,36,4,4,21,21,164,163,5,0.03125
52,37,5,4,24,14,131,136,5,0.03125
52,38,6,4,15,20,112,114,6,0.0375
52,39,7,4,11,8,89,90,4,0.025
52,40,0,5,13,14,75,77,5,0.03125
52,41,1,5,22,19,111,109,8,0.05
52,42,2,5,16,9,110,116,3,0.01875
52,43,3,5,19,16,136,137,5,0.03125
52,44,4,5,17,18,138,134,7,0.04375
52,45,5,5,14,11,113,110,5,0.03125
52,46,6,5,23,10,103,107,6,0.0375
52,47,7,5,13,19,89,87,6,0.0375
52,48,0,6,1,15,40,40,4,0.025
52,49,1,6,15,18,66,65,7,0.04375
52,50,2,6,15,12,72,72,5,0.03125
52,51,3,6,20,16,91,94,7,0.04375
52,52,4,6,19,10,92,94,5,0.03125
52,53,5,6,6,14,67,67,7,0.04375
52,54,6,6,9,21,60,62,6,0.0375
52,55,7,6,2,20,50,51,4,0.025
52,56,0,7,7,9,25,24,4,0.025
52,57,1,7,6,12,38,38,8,0.05
52,58,2,7,14,16,53,54,9,0.05625
52,59,3,7,20,14,62,57,10,0.0625
52,60,4,7,15,22,61,61,7,0.04375
52,61,5,7,14,13,48,47,8,0.05
52,62,6,7,0,15,34,35,9,0.05625
52,63,7,7,2,14,28,28,4,0.025
53,0,0,0,14,13,42,41,2,0.0125
53,1,1,0,19,23,80,80,6,0.0375
53,2,2,0,23,18,97,98,7,0.04375
53,3,3,0,19,16,100,101,3,0.01875
53,4,4,0,27,20,109,112,6,0.0375
53,5,5,0,25,18,91,88,6,0.0375
53,6,6,0,8,12,58,58,8,0.05
53,7,7,0,7,13,36,36,3,0.01875
53,8,0,1,9,22,64,66,4,0.025
53,9,1,1,10,12,89,88,7,0.04375
53,10,2,1,18,19,114,113,5,0.03125
53,11,3,1,29,36,134,135,5,0.03125
53,12,4,1,23,18,120,122,8,0.05
53,13,5,1,24,11,94,93,8,0.05
53,14,6,1,9,15,83,82,8,0.05
53,15,7,1,13,11,63,64,3,0.01875
53,16,0,2,16,12,83,85,5,0.03125
53,17,1,2,16,16,111,107,9,0.05625
53,18,2,2,23,13,130,131,4,0.025
53,19,3,2,21,10,134,133,4,0.025
53,20,4,2,29,8,143,138,8,0.05
53,21,5,2,21,15,109,109,8,0.05
53,22,6,2,11,22,112,105,12,0.075
53,23,7,2,9,14,75,76,4,0.025
53,24,0,3,11,19,87,87,4,0.025
53,25,1,3,18,14,109,112,6,0.0375
53,26,2,3,20,14,141,138,7,0.04375
53,27,3,3,22,15,158,158,7,0.04375
53,28,4,3,27,23,164,161,5,0.03125
53,29,5,3,16,13,126,125,8,0.05
53,30,6,3,19,16,123,119,10,0.0625
53,31,7,3,17,14,94,89,6,0.0375
53,32,0,4,14,15,79,80,4,0.025
53,33,1,4,14,4,101,99,7,0.04375
53,34,2,4,21,15,138,138,6,0.0375
53,35,3,4,21,14,167,164,4,0.025
53,36,4,4,23,17,163,162,5,0.03125
53,37,5,4,27,17,136,132,10,0.0625
53,38,6,4,13,16,120,118,8,0.05
53,39,7,4,15,11,91,90,4,0.025
53,40,0,5,14,14,65,66,4,0.025
53,41,1,5,13,16,96,98,8,0.05
53,42,2,5,11,15,129,127,5,0.03125
53,43,3,5,24,14,148,146,9,0.05625
53,44,4,5,18,24,140,139,6,0.0375
53,45,5,5,18,18,128,129,4,0.025
53,46,6,5,13,12,108,105,7,0.04375
53,47,7,5,16,17,79,79,6,0.0375
53,48,0,6,10,19,55,55,4,0.025
53,49,1,6,13,18,75,74,7,0.04375
53,50,2,6,19,25,105,106,3,0.01875
53,51,3,6,26,23,127,124,9,0.05625
53,52,4,6,16,15,97,96,8,0.05
53,53,5,6,9,15,89,87,10,0.0625
53,54,6,6,2,17,65,63,9,0.05625
53,55,7,6,3,14,45,47,3,0.01875
53,56,0,7,4,16,31,33,3,0.01875
53,57,1,7,6,17,46,47,7,0.04375
53,58,2,7,31,16,76,78,6,0.0375
53,59,3,7,22,16,84,85,9,0.05625
53,60,4,7,28,11,82,82,7,0.04375
53,61,5,7,11,17,67,68,7,0.04375
53,62,6,7,9,23,47,49,7,0.04375
53,63,7,7,6,22,30,30,3,0.01875
54,0,0,0,16,19,53,57,0,0.0
54,1,1,0,26,13,90,96,0,0.0
54,2,2,0,25,19,121,120,7,0.04375
54,3,3,0,26,25,149,146,6,0.0375
54,4,4,0,19,21,126,129,2,0.0125
54,5,5,0,13,21,111,116,3,0.01875
54,6,6,0,27,21,92,94,6,0.0375
54,7,7,0,26,19,61,63,2,0.0125
54,8,0,1,14,16,77,79,0,0.0
54,9,1,1,21,29,128,132,2,0.0125
54,10,2,1,22,16,147,149,4,0.025
54,11,3,1,17,50,192,194,3,0.01875
54,12,4,1,25,24,160,163,3,0.01875
54,13,5,1,17,31,156,158,6,0.0375
54,14,6,1,15,29,123,126,6,0.0375
54,15,7,1,19,20,88,89,0,0.0
54,16,0,2,21,18,104,104,3,0.01875
54,17,1,2,21,20,153,160,3,0.01875
54,18,2,2,23,27,176,172,9,0.05625
54,19,3,2,27,24,212,209,7,0.04375
54,20,4,2,21,26,185,190,4,0.025
54,21,5,2,19,30,194,198,3,0.01875
54,22,6,2,21,17,152,159,6,0.0375
54,23,7,2,29,24,120,123,0,0.0
54,24,0,3,22,24,111,115,1,0.00625
54,25,1,3,19,19,147,150,3,0.01875
54,26,2,3,20,22,176,174,8,0.05
54,27,3,3,16,16,207,210,4,0.025
54,28,4,3,15,19,191,191,3,0.01875
54,29,5,3,28,24,204,206,5,0.03125
54,30,6,3,21,32,166,172,4,0.025
54,31,7,3,20,21,124,128,1,0.00625
54,32,0,4,24,25,117,119,3,0.01875
54,33,1,4,23,18,156,155,9,0.05625
54,34,2,4,19,20,184,182,7,0.04375
54,35,3,4,19,18,205,203,5,0.03125
54,36,4,4,16,27,185,190,1,0.00625
54,37,5,4,17,29,195,199,5,0.03125
54,38,6,4,22,19,160,165,3,0.01875
54,39,7,4,21,20,123,126,2,0.0125
54,40,0,5,21,23,104,107,1,0.00625
54,41,1,5,24,19,144,144,6,0.0375
54,42,2,5,27,15,170,171,6,0.0375
54,43,3,5,17,30,190,195,3,0.01875
54,44,4,5,23,25,186,186,7,0.04375
54,45,5,5,18,29,188,186,5,0.03125
54,46,6,5,25,26,151,152,7,0.04375
54,47,7,5,17,26,117,122,1,0.00625
54,48,0,6,17,20,83,86,1,0.00625
54,49,1,6,24,29,128,133,3,0.01875
54,50,2,6,20,25,156,151,8,0.05
54,51,3,6,24,27,167,174,3,0.01875
54,52,4,6,24,20,164,163,8,0.05
54,53,5,6,22,29,161,164,6,0.0375
54,54,6,6,21,13,123,127,4,0.025
54,55,7,6,17,23,97,99,0,0.0
54,56,0,7,16,21,51,53,1,0.00625
54,57,1,7,19,16,93,99,1,0.00625
54,58,2,7,23,22,129,129,6,0.0375
54,59,3,7,19,27,137,140,4,0.025
54,60,4,7,23,21,132,133,5,0.03125
54,61,5,7,20,19,125,128,3,0.01875
54,62,6,7,12,19,96,100,1,0.00625
54,63,7,7,23,24,65,67,2,0.0125
55,0,0,0,21,20,52,50,2,0.0125
55,1,1,0,15,16,72,64,7,0.04375
55,2,2,0,19,18,90,95,2,0.0125
55,3,3,0,18,17,98,101,2,0.0125
55,4,4,0,17,19,102,104,1,0.00625
55,5,5,0,17,16,98,99,1,0.00625
55,6,6,0,27,13,78,84,1,0.00625
55,7,7,0,14,17,53,54,0,0.0
55,8,0,1,22,13,77,75,5,0.03125
55,9,1,1,16,24,114,106,10,0.0625
55,10,2,1,19,21,124,121,7,0.04375
55,11,3,1,27,27,132,131,3,0.01875
55,12,4,1,19,19,124,126,2,0.0125
55,13,5,1,21,21,115,113,7,0.04375
55,14,6,1,10,23,78,77,6,0.0375
55,15,7,1,12,19,71,69,5,0.03125
55,16,0,2,19,15,87,82,9,0.05625
55,17,1,2,20,22,120,115,7,0.04375
55,18,2,2,19,15,129,132,7,0.04375
55,19,3,2,20,12,137,139,4,0.025
55,20,4,2,25,15,146,146,5,0.03125
55,21,5,2,19,22,149,146,5,0.03125
55,22,6,2,17,17,111,114,2,0.0125
55,23,7,2,23,19,106,104,3,0.01875
55,24,0,3,18,13,96,94,1,0.00625
55,25,1,3,16,16,112,110,5,0.03125
55,26,2,3,21,22,146,150,3,0.01875
55,27,3,3,23,19,159,157,7,0.04375
55,28,4,3,18,21,149,148,4,0.025
55,29,5,3,23,24,153,149,9,0.05625
55,30,6,3,14,16,108,105,7,0.04375
55,31,7,3,13,10,92,90,5,0.03125
55,32,0,4,18,16,101,102,2,0.0125
55,33,1,4,21,21,130,133,4,0.025
55,34,2,4,12,23,151,155,3,0.01875
55,35,3,4,16,21,159,163,2,0.0125
55,36,4,4,17,21,151,146,5,0.03125
55,37,5,4,18,19,150,149,7,0.04375
55,38,6,4,20,21,129,128,4,0.025
55,39,7,4,21,18,105,103,3,0.01875
55,40,0,5,16,14,85,83,4,0.025
55,41,1,5,17,18,119,118,8,0.05
55,42,2,5,19,15,138,136,6,0.0375
55,43,3,5,18,11,141,135,7,0.04375
55,44,4,5,24,14,137,140,4,0.025
55,45,5,5,19,22,135,134,7,0.04375
55,46,6,5,17,19,106,104,10,0.0625
55,47,7,5,15,13,85,80,6,0.0375
55,48,0,6,27,18,81,77,5,0.03125
55,49,1,6,23,15,107,102,8,0.05
55,50,2,6,10,14,111,113,6,0.0375
55,51,3,6,15,16,120,115,7,0.04375
55,52,4,6,31,16,115,115,8,0.05
55,53,5,6,14,15,91,93,5,0.03125
55,54,6,6,11,17,80,77,8,0.05
55,55,7,6,16,13,76,71,5,0.03125
55,56,0,7,18,17,44,44,0,0.0
55,57,1,7,14,20,67,67,1,0.00625
55,58,2,7,17,18,84,85,4,0.025
55,59,3,7,18,15,95,95,4,0.025
55,60,4,7,27,12,98,100,3,0.01875
55,61,5,7,17,18,85,84,3,0.01875
55,62,6,7,17,11,72,69,6,0.0375
55,63,7,7,18,27,61,62,1,0.00625
56,0,0,0,26,22,57,54,6,0.0375
56,1,1,0,18,17,84,87,5,0.03125
56,2,2,0,16,20,107,105,5,0.03125
56,3,3,0,25,16,112,110,5,0.03125
56,4,4,0,19,15,102,99,3,0.01875
56,5,5,0,16,14,92,89,5,0.03125
56,6,6,0,15,19,89,86,1,0.00625
56,7,7,0,25,13,53,54,0,0.0
56,8,0,1,22,12,76,71,9,0.05625
56,9,1,1,20,17,99,101,9,0.05625
56,10,2,1,18,15,107,105,8,0.05
56,11,3,1,17,27,128,127,6,0.0375
56,12,4,1,21,15,109,103,8,0.05
56,13,5,1,17,13,93,93,9,0.05625
56,14,6,1,5,10,90,90,8,0.05
56,15,7,1,17,24,73,74,4,0.025
56,16,0,2,19,20,102,106,6,0.0375
56,17,1,2,20,17,116,115,8,0.05
56,18,2,2,22,20,128,126,8,0.05
56,19,3,2,26,20,153,150,8,0.05
56,20,4,2,16,13,134,134,4,0.025
56,21,5,2,17,25,129,128,6,0.0375
56,22,6,2,15,21,122,115,10,0.0625
56,23,7,2,18,22,93,90,5,0.03125
56,24,0,3,12,17,104,103,2,0.0125
56,25,1,3,22,14,124,123,6,0.0375
56,26,2,3,19,16,138,138,5,0.03125
56,27,3,3,22,9,157,156,6,0.0375
56,28,4,3,15,17,151,158,1,0.00625
56,29,5,3,26,24,150,150,7,0.04375
56,30,6,3,12,17,119,119,7,0.04375
56,31,7,3,13,24,100,100,4,0.025
56,32,0,4,17,15,94,95,1,0.00625
56,33,1,4,23,16,120,120,4,0.025
56,34,2,4,19,17,139,138,3,0.01875
56,35,3,4,15,20,152,152,5,0.03125
56,36,4,4,23,14,151,153,4,0.025
56,37,5,4,21,15,142,139,7,0.04375
56,38,6,4,15,10,118,114,9,0.05625
56,39,7,4,24,12,100,102,2,0.0125
56,40,0,5,15,13,77,79,2,0.0125
56,41,1,5,16,14,106,107,7,0.04375
56,42,2,5,19,13,116,115,6,0.0375
56,43,3,5,19,14,131,132,6,0.0375
56,44,4,5,16,23,139,138,5,0.03125
56,45,5,5,16,17,122,122,7,0.04375
56,46,6,5,6,15,87,88,7,0.04375
56,47,7,5,11,17,78,79,4,0.025
56,48,0,6,12,17,61,59,6,0.0375
56,49,1,6,13,17,83,85,7,0.04375
56,50,2,6,22,11,95,90,12,0.075
56,51,3,6,13,17,103,107,5,0.03125
56,52,4,6,18,12,109,116,1,0.00625
56,53,5,6,18,14,105,99,8,0.05
56,54,6,6,8,16,80,78,8,0.05
56,55,7,6,8,21,61,63,4,0.025
56,56,0,7,17,16,45,42,4,0.025
56,57,1,7,12,18,64,58,6,0.0375
56,58,2,7,20,17,77,76,7,0.04375
56,59,3,7,25,16,91,87,8,0.05
56,60,4,7,20,25,103,100,7,0.04375
56,61,5,7,16,16,90,90,5,0.03125
56,62,6,7,12,11,70,67,9,0.05625
56,63,7,7,17,12,45,41,3,0.01875
57,0,0,0,12,15,32,33,5,0.03125
57,1,1,0,18,14,57,50,10,0.0625
57,2,2,0,23,21,80,75,10,0.0625
57,3,3,0,17,15,82,79,9,0.05625
57,4,4,0,17,10,75,68,10,0.0625
57,5,5,0,12,13,65,61,9,0.05625
57,6,6,0,14,14,62,57,8,0.05
57,7,7,0,18,11,42,38,4,0.025
57,8,0,1,21,16,69,72,5,0.03125
57,9,1,1,25,11,94,96,7,0.04375
57,10,2,1,19,16,122,127,4,0.025
57,11,3,1,26,20,119,116,8,0.05
57,12,4,1,18,14,89,88,8,0.05
57,13,5,1,3,15,74,72,9,0.05625
57,14,6,1,5,14,66,64,9,0.05625
57,15,7,1,2,19,57,55,6,0.0375
57,16,0,2,12,13,80,81,4,0.025
57,17,1,2,12,13,92,89,9,0.05625
57,18,2,2,17,19,132,136,3,0.01875
57,19,3,2,22,18,142,146,5,0.03125
57,20,4,2,15,15,120,123,1,0.00625
57,21,5,2,22,16,120,121,5,0.03125
57,22,6,2,14,18,111,112,10,0.0625
57,23,7,2,10,14,85,83,7,0.04375
57,24,0,3,14,20,90,90,3,0.01875
57,25,1,3,14,13,99,95,10,0.0625
57,26,2,3,20,13,139,134,8,0.05
57,27,3,3,21,17,150,154,4,0.025
57,28,4,3,20,17,144,141,3,0.01875
57,29,5,3,21,12,139,145,3,0.01875
57,30,6,3,16,15,131,130,7,0.04375
57,31,7,3,18,18,102,100,6,0.0375
57,32,0,4,14,18,97,98,0,0.0
57,33,1,4,23,20,116,114,7,0.04375
57,34,2,4,20,19,145,142,7,0.04375
57,35,3,4,15,16,152,152,1,0.00625
57,36,4,4,26,10,145,141,8,0.05
57,37,5,4,13,8,135,138,7,0.04375
57,38,6,4,20,12,124,124,7,0.04375
57,39,7,4,14,19,98,92,6,0.0375
57,40,0,5,22,19,98,95,4,0.025
57,41,1,5,18,14,114,108,12,0.075
57,42,2,5,21,21,133,131,9,0.05625
57,43,3,5,27,20,146,148,7,0.04375
57,44,4,5,18,15,134,132,8,0.05
57,45,5,5,23,17,130,130,7,0.04375
57,46,6,5,10,12,106,107,6,0.0375
57,47,7,5,7,15,75,76,3,0.01875
57,48,0,6,10,13,64,66,5,0.03125
57,49,1,6,13,17,83,80,9,0.05625
57,50,2,6,18,11,91,95,8,0.05
57,51,3,6,17,16,112,107,7,0.04375
57,52,4,6,26,12,109,105,4,0.025
57,53,5,6,10,17,91,91,11,0.06875
57,54,6,6,9,20,75,76,8,0.05
57,55,7,6,4,15,57,55,5,0.03125
57,56,0,7,13,22,47,46,5,0.03125
57,57,1,7,9,15,60,59,8,0.05
57,58,2,7,24,15,91,89,9,0.05625
57,59,3,7,19,14,95,100,5,0.03125
57,60,4,7,25,13,88,89,4,0.025
57,61,5,7,17,13,71,68,7,0.04375
57,62,6,7,7,20,53,55,5,0.03125
57,63,7,7,10,19,40,40,5,0.03125
58,0,0,0,16,17,50,52,3,0.01875
58,1,1,0,14,15,60,63,7,0.04375
58,2,2,0,20,15,82,87,4,0.025
58,3,3,0,19,16,89,95,2,0.0125
58,4,4,0,15,17,76,82,4,0.025
58,5,5,0,3,19,60,63,6,0.0375
58,6,6,0,2,21,49,51,7,0.04375
58,7,7,0,6,17,36,37,3,0.01875
58,8,0,1,9,20,78,81,4,0.025
58,9,1,1,12,26,88,87,8,0.05
58,10,2,1,20,14,101,97,8,0.05
58,11,3,1,22,32,130,136,3,0.01875
58,12,4,1,27,12,118,117,9,0.05625
58,13,5,1,27,21,115,118,7,0.04375
58,14,6,1,7,14,80,82,8,0.05
58,15,7,1,7,19,63,63,3,0.01875
58,16,0,2,11,14,85,82,6,0.0375
58,17,1,2,9,16,94,99,7,0.04375
58,18,2,2,19,21,123,119,8,0.05
58,19,3,2,24,11,144,142,5,0.03125
58,20,4,2,14,15,131,133,0,0.0
58,21,5,2,26,13,147,143,8,0.05
58,22,6,2,20,20,130,132,7,0.04375
58,23,7,2,18,21,100,102,5,0.03125
58,24,0,3,17,11,93,91,4,0.025
58,25,1,3,18,21,116,120,7,0.04375
58,26,2,3,19,23,141,143,5,0.03125
58,27,3,3,16,12,143,146,2,0.0125
58,28,4,3,20,16,146,143,5,0.03125
58,29,5,3,19,14,148,149,2,0.0125
58,30,6,3,20,15,131,132,7,0.04375
58,31,7,3,17,12,108,106,8,0.05
58,32,0,4,21,18,98,90,6,0.0375
58,33,1,4,24,16,131,129,8,0.05
58,34,2,4,14,19,153,154,4,0.025
58,35,3,4,23,19,155,155,3,0.01875
58,36,4,4,14,18,142,147,2,0.0125
58,37,5,4,18,14,143,142,7,0.04375
58,38,6,4,21,11,124,123,9,0.05625
58,39,7,4,16,13,108,106,9,0.05625
58,40,0,5,11,11,64,65,2,0.0125
58,41,1,5,10,10,89,91,10,0.0625
58,42,2,5,21,21,124,127,6,0.0375
58,43,3,5,19,14,127,128,5,0.03125
58,44,4,5,21,13,126,127,7,0.04375
58,45,5,5,22,14,136,131,11,0.06875
58,46,6,5,13,14,108,105,9,0.05625
58,47,7,5,12,17,85,84,6,0.0375
58,48,0,6,14,15,53,55,3,0.01875
58,49,1,6,16,22,86,83,13,0.08125
58,50,2,6,14,22,107,109,6,0.0375
58,51,3,6,21,17,111,113,7,0.04375
58,52,4,6,22,11,103,98,9,0.05625
58,53,5,6,17,14,103,101,12,0.075
58,54,6,6,4,14,68,70,7,0.04375
58,55,7,6,10,15,60,61,4,0.025
58,56,0,7,7,17,28,29,4,0.025
58,57,1,7,11,10,48,50,6,0.0375
58,58,2,7,27,22,85,86,6,0.0375
58,59,3,7,15,21,94,97,1,0.00625
58,60,4,7,20,13,85,87,2,0.0125
58,61,5,7,16,24,82,83,6,0.0375
58,62,6,7,10,16,55,52,9,0.05625
58,63,7,7,13,23,47,46,5,0.03125
59,0,0,0,11,22,53,52,4,0.025
59,1,1,0,13,20,72,72,8,0.05
59,2,2,0,20,18,89,91,3,0.01875
59,3,3,0,20,14,98,99,1,0.00625
59,4,4,0,28,15,102,103,2,0.0125
59,5,5,0,28,20,104,103,6,0.0375
59,6,6,0,12,14,63,60,9,0.05625
59,7,7,0,10,18,45,41,6,0.0375
59,8,0,1,7,11,68,62,9,0.05625
59,9,1,1,14,14,90,89,9,0.05625
59,10,2,1,26,20,117,116,9,0.05625
59,11,3,1,22,29,138,132,8,0.05
59,12,4,1,15,17,115,121,4,0.025
59,13,5,1,29,15,127,123,10,0.0625
59,14,6,1,15,16,91,89,8,0.05
59,15,7,1,12,15,72,69,8,0.05
59,16,0,2,19,24,100,100,8,0.05
59,17,1,2,23,14,123,119,10,0.0625
59,18,2,2,20,11,140,143,5,0.03125
59,19,3,2,30,18,151,151,7,0.04375
59,20,4,2,21,10,136,131,4,0.025
59,21,5,2,20,20,132,134,7,0.04375
59,22,6,2,11,15,96,98,6,0.0375
59,23,7,2,9,15,81,82,5,0.03125
59,24,0,3,17,15,99,101,3,0.01875
59,25,1,3,22,15,126,124,7,0.04375
59,26,2,3,13,16,144,146,4,0.025
59,27,3,3,19,7,155,148,7,0.04375
59,28,4,3,21,16,154,154,6,0.0375
59,29,5,3,23,17,154,153,3,0.01875
59,30,6,3,25,16,122,120,8,0.05
59,31,7,3,17,13,99,102,5,0.03125
59,32,0,4,19,14,97,100,6,0.0375
59,33,1,4,16,14,123,124,8,0.05
59,34,2,4,20,14,131,136,0,0.0
59,35,3,4,24,10,149,149,4,0.025
59,36,4,4,19,20,155,155,3,0.01875
59,37,5,4,19,23,154,158,3,0.01875
59,38,6,4,21,21,118,121,7,0.04375
59,39,7,4,19,14,96,100,5,0.03125
59,40,0,5,17,27,89,88,4,0.025
59,41,1,5,14,19,108,110,8,0.05
59,42,2,5,16,19,126,123,9,0.05625
59,43,3,5,26,17,142,137,10,0.0625
59,44,4,5,11,17,136,137,6,0.0375
59,45,5,5,26,13,136,141,7,0.04375
59,46,6,5,11,17,97,99,9,0.05625
59,47,7,5,15,17,84,86,4,0.025
59,48,0,6,10,17,61,59,5,0.03125
59,49,1,6,2,15,80,84,9,0.05625
59,50,2,6,12,20,107,104,10,0.0625
59,51,3,6,20,15,120,119,8,0.05
59,52,4,6,19,25,125,127,8,0.05
59,53,5,6,27,17,118,122,9,0.05625
59,54,6,6,13,9,78,76,9,0.05625
59,55,7,6,10,18,56,58,3,0.01875
59,56,0,7,9,14,41,40,5,0.03125
59,57,1,7,16,24,78,73,9,0.05625
59,58,2,7,23,18,90,92,5,0.03125
59,59,3,7,15,21,97,96,2,0.0125
59,60,4,7,25,23,106,104,4,0.025
59,61,5,7,13,27,91,95,1,0.00625
59,62,6,7,22,20,69,75,4,0.025
59,63,7,7,14,16,39,39,4,0.025
60,0,0,0,16,23,55,58,1,0.00625
60,1,1,0,24,34,103,108,4,0.025
60,2,2,0,17,24,113,111,4,0.025
60,3,3,0,25,21,133,133,2,0.0125
60,4,4,0,21,12,126,124,5,0.03125
60,5,5,0,14,22,119,122,1,0.00625
60,6,6,0,19,26,97,106,0,0.0
60,7,7,0,22,20,58,65,0,0.0
60,8,0,1,24,22,91,101,0,0.0
60,9,1,1,16,23,123,129,4,0.025
60,10,2,1,22,15,146,149,4,0.025
60,11,3,1,16,43,184,190,3,0.01875
60,12,4,1,25,23,165,166,1,0.00625
60,13,5,1,20,25,161,167,5,0.03125
60,14,6,1,20,24,133,136,7,0.04375
60,15,7,1,24,26,100,107,2,0.0125
60,16,0,2,16,14,103,109,2,0.0125
60,17,1,2,16,24,138,146,1,0.00625
60,18,2,2,21,25,174,176,3,0.01875
60,19,3,2,21,26,211,212,4,0.025
60,20,4,2,24,16,174,174,4,0.025
60,21,5,2,22,26,188,190,7,0.04375
60,22,6,2,23,21,159,155,7,0.04375
60,23,7,2,23,25,125,126,4,0.025
60,24,0,3,19,28,120,123,1,0.00625
60,25,1,3,13,19,128,129,8,0.05
60,26,2,3,21,25,170,168,7,0.04375
60,27,3,3,22,16,206,208,6,0.0375
60,28,4,3,22,30,198,202,3,0.01875
60,29,5,3,16,26,194,194,2,0.0125
60,30,6,3,20,22,163,167,4,0.025
60,31,7,3,28,26,138,137,6,0.0375
60,32,0,4,24,22,128,131,3,0.01875
60,33,1,4,23,19,144,143,7,0.04375
60,34,2,4,20,18,172,169,4,0.025
60,35,3,4,15,26,196,190,9,0.05625
60,36,4,4,22,25,193,192,3,0.01875
60,37,5,4,13,24,186,182,5,0.03125
60,38,6,4,24,19,165,162,9,0.05625
60,39,7,4,20,26,128,131,2,0.0125
60,40,0,5,23,22,121,120,5,0.03125
60,41,1,5,26,18,142,146,5,0.03125
60,42,2,5,19,25,180,184,5,0.03125
60,43,3,5,22,25,199,201,8,0.05
60,44,4,5,23,29,195,193,8,0.05
60,45,5,5,23,22,176,176,8,0.05
60,46,6,5,23,26,150,149,10,0.0625
60,47,7,5,16,24,114,113,3,0.01875
60,48,0,6,16,25,93,96,2,0.0125
60,49,1,6,30,13,123,130,1,0.00625
60,50,2,6,18,22,165,170,3,0.01875
60,51,3,6,17,19,173,173,8,0.05
60,52,4,6,17,25,173,178,3,0.01875
60,53,5,6,20,24,148,155,0,0.0
60,54,6,6,24,25,115,123,0,0.0
60,55,7,6,16,16,85,86,2,0.0125
60,56,0,7,21,16,60,63,2,0.0125
60,57,1,7,24,21,96,99,8,0.05
60,58,2,7,22,25,133,135,4,0.025
60,59,3,7,22,23,140,140,2,0.0125
60,60,4,7,17,24,132,133,3,0.01875
60,61,5,7,21,22,115,115,3,0.01875
60,62,6,7,24,12,86,84,5,0.03125
60,63,7,7,18,24,56,62,0,0.0
61,0,0,0,24,18,56,54,2,0.0125
61,1,1,0,8,16,72,67,9,0.05625
61,2,2,0,24,15,94,93,6,0.0375
61,3,3,0,16,16,99,99,2,0.0125
61,4,4,0,20,14,98,97,6,0.0375
61,5,5,0,24,20,108,108,4,0.025
61,6,6,0,21,19,92,89,2,0.0125
61,7,7,0,22,18,58,56,1,0.00625
61,8,0,1,21,22,85,82,2,0.0125
61,9,1,1,13,15,108,109,2,0.0125
61,10,2,1,13,16,115,119,2,0.0125
61,11,3,1,14,32,137,139,1,0.00625
61,12,4,1,17,15,117,119,2,0.0125
61,13,5,1,18,16,117,119,2,0.0125
61,14,6,1,17,14,98,94,11,0.06875
61,15,7,1,14,13,70,67,4,0.025
61,16,0,2,15,16,89,82,7,0.04375
61,17,1,2,22,22,120,117,4,0.025
61,18,2,2,23,16,126,121,9,0.05625
61,19,3,2,20,15,144,141,8,0.05
61,20,4,2,18,14,140,140,4,0.025
61,21,5,2,31,18,149,147,6,0.0375
61,22,6,2,12,21,115,114,9,0.05625
61,23,7,2,17,20,90,89,5,0.03125
61,24,0,3,10,14,90,84,5,0.03125
61,25,1,3,9,19,110,110,6,0.0375
61,26,2,3,19,10,122,120,10,0.0625
61,27,3,3,19,19,143,148,1,0.00625
61,28,4,3,22,13,148,147,1,0.00625
61,29,5,3,19,16,155,153,6,0.0375
61,30,6,3,17,18,141,139,8,0.05
61,31,7,3,21,20,104,105,4,0.025
61,32,0,4,14,10,93,90,5,0.03125
61,33,1,4,16,16,122,123,8,0.05
61,34,2,4,24,19,143,138,9,0.05625
61,35,3,4,23,13,136,140,3,0.01875
61,36,4,4,27,20,145,144,5,0.03125
61,37,5,4,20,19,140,138,7,0.04375
61,38,6,4,11,21,125,126,8,0.05
61,39,7,4,13,24,102,99,4,0.025
61,40,0,5,19,13,89,90,2,0.0125
61,41,1,5,22,26,128,124,8,0.05
61,42,2,5,21,17,122,121,7,0.04375
61,43,3,5,25,14,109,111,7,0.04375
61,44,4,5,16,18,114,113,9,0.05625
61,45,5,5,15,15,116,111,11,0.06875
61,46,6,5,5,22,108,108,9,0.05625
61,47,7,5,15,14,90,88,5,0.03125
61,48,0,6,18,18,72,72,2,0.0125
61,49,1,6,13,16,90,86,6,0.0375
61,50,2,6,21,21,108,107,6,0.0375
61,51,3,6,16,3,102,103,6,0.0375
61,52,4,6,25,18,117,117,4,0.025
61,53,5,6,14,20,116,110,7,0.04375
61,54,6,6,18,13,106,101,5,0.03125
61,55,7,6,23,16,80,78,2,0.0125
61,56,0,7,13,20,43,40,5,0.03125
61,57,1,7,19,11,60,59,8,0.05
61,58,2,7,11,12,70,67,6,0.0375
61,59,3,7,25,18,90,84,8,0.05
61,60,4,7,19,11,83,80,8,0.05
61,61,5,7,15,12,77,70,9,0.05625
61,62,6,7,14,13,66,62,9,0.05625
61,63,7,7,16,19,48,44,4,0.025
62,0,0,0,7,17,37,34,6,0.0375
62,1,1,0,14,10,55,55,9,0.05625
62,2,2,0,19,16,88,87,6,0.0375
62,3,3,0,24,15,109,106,4,0.025
62,4,4,0,22,23,112,115,3,0.01875
62,5,5,0,18,17,97,96,4,0.025
62,6,6,0,24,17,86,82,8,0.05
62,7,7,0,18,21,55,53,3,0.01875
62,8,0,1,14,14,60,58,4,0.025
62,9,1,1,19,13,82,78,6,0.0375
62,10,2,1,19,10,113,108,6,0.0375
62,11,3,1,19,25,134,133,2,0.0125
62,12,4,1,21,11,133,129,5,0.03125
62,13,5,1,18,16,111,111,3,0.01875
62,14,6,1,17,21,99,103,7,0.04375
62,15,7,1,14,19,71,72,4,0.025
62,16,0,2,16,11,83,81,9,0.05625
62,17,1,2,8,16,102,99,8,0.05
62,18,2,2,20,17,135,139,3,0.01875
62,19,3,2,21,16,145,153,0,0.0
62,20,4,2,20,14,145,147,2,0.0125
62,21,5,2,19,15,118,120,5,0.03125
62,22,6,2,13,22,107,110,6,0.0375
62,23,7,2,12,9,77,77,4,0.025
62,24,0,3,10,8,80,82,5,0.03125
62,25,1,3,12,10,95,93,9,0.05625
62,26,2,3,21,18,132,135,6,0.0375
62,27,3,3,28,17,164,155,10,0.0625
62,28,4,3,25,20,173,167,7,0.04375
62,29,5,3,19,18,146,146,6,0.0375
62,30,6,3,17,14,122,121,6,0.0375
62,31,7,3,21,18,91,89,7,0.04375
62,32,0,4,9,22,87,85,6,0.0375
62,33,1,4,10,19,88,87,9,0.05625
62,34,2,4,21,22,126,127,7,0.04375
62,35,3,4,20,22,141,146,1,0.00625
62,36,4,4,19,14,159,161,3,0.01875
62,37,5,4,15,17,151,154,6,0.0375
62,38,6,4,24,13,134,131,12,0.075
62,39,7,4,21,12,85,87,4,0.025
62,40,0,5,13,15,82,80,5,0.03125
62,41,1,5,9,15,86,87,7,0.04375
62,42,2,5,20,12,122,122,7,0.04375
62,43,3,5,24,7,136,133,6,0.0375
62,44,4,5,25,20,148,151,4,0.025
62,45,5,5,14,23,122,124,10,0.0625
62,46,6,5,15,22,107,108,9,0.05625
62,47,7,5,4,11,63,65,5,0.03125
62,48,0,6,12,12,70,63,9,0.05625
62,49,1,6,15,16,83,81,8,0.05
62,50,2,6,15,13,108,105,9,0.05625
62,51,3,6,22,17,126,126,8,0.05
62,52,4,6,21,20,127,125,5,0.03125
62,53,5,6,17,14,105,105,6,0.0375
62,54,6,6,14,14,95,93,7,0.04375
62,55,7,6,9,20,62,62,4,0.025
62,56,0,7,12,17,39,40,4,0.025
62,57,1,7,11,11,47,49,7,0.04375
62,58,2,7,18,17,72,75,3,0.01875
62,59,3,7,17,16,80,85,3,0.01875
62,60,4,7,14,17,77,82,2,0.0125
62,61,5,7,18,14,63,66,6,0.0375
62,62,6,7,7,22,49,51,8,0.05
62,63,7,7,3,16,26,25,4,0.025
63,0,0,0,15,16,50,52,4,0.025
63,1,1,0,19,16,76,78,6,0.0375
63,2,2,0,26,20,104,105,4,0.025
63,3,3,0,19,15,98,100,2,0.0125
63,4,4,0,22,19,105,101,6,0.0375
63,5,5,0,16,18,88,87,6,0.0375
63,6,6,0,13,16,67,68,5,0.03125
63,7,7,0,19,15,44,44,4,0.025
63,8,0,1,19,24,83,84,4,0.025
63,9,1,1,18,12,98,94,8,0.05
63,10,2,1,21,18,126,126,6,0.0375
63,11,3,1,26,36,148,142,8,0.05
63,12,4,1,13,14,125,124,7,0.04375
63,13,5,1,20,12,118,113,9,0.05625
63,14,6,1,21,23,111,110,7,0.04375
63,15,7,1,11,21,71,64,9,0.05625
63,16,0,2,20,16,91,97,5,0.03125
63,17,1,2,18,18,108,107,10,0.0625
63,18,2,2,22,16,135,133,4,0.025
63,19,3,2,18,14,146,142,4,0.025
63,20,4,2,17,15,134,132,3,0.01875
63,21,5,2,20,16,122,120,6,0.0375
63,22,6,2,21,15,118,117,9,0.05625
63,23,7,2,9,24,89,85,9,0.05625
63,24,0,3,14,29,105,105,5,0.03125
63,25,1,3,11,15,106,107,9,0.05625
63,26,2,3,27,19,145,142,9,0.05625
63,27,3,3,15,15,155,159,4,0.025
63,28,4,3,16,10,145,149,5,0.03125
63,29,5,3,19,21,142,137,7,0.04375
63,30,6,3,12,16,114,116,6,0.0375
63,31,7,3,20,15,101,100,7,0.04375
63,32,0,4,16,16,94,96,6,0.0375
63,33,1,4,13,15,112,116,6,0.0375
63,34,2,4,27,18,148,151,3,0.01875
63,35,3,4,19,12,164,161,5,0.03125
63,36,4,4,17,12,156,153,6,0.0375
63,37,5,4,15,14,138,141,3,0.01875
63,38,6,4,17,19,123,126,8,0.05
63,39,7,4,20,19,102,103,3,0.01875
63,40,0,5,17,16,83,82,7,0.04375
63,41,1,5,15,14,104,106,5,0.03125
63,42,2,5,17,19,144,141,9,0.05625
63,43,3,5,19,23,161,165,6,0.0375
63,44,4,5,16,15,148,150,3,0.01875
63,45,5,5,23,20,132,138,4,0.025
63,46,6,5,10,14,107,108,8,0.05
63,47,7,5,19,20,99,98,5,0.03125
63,48,0,6,8,19,67,70,6,0.0375
63,49,1,6,10,10,84,82,8,0.05
63,50,2,6,19,21,110,116,2,0.0125
63,51,3,6,17,19,132,131,7,0.04375
63,52,4,6,20,20,135,134,4,0.025
63,53,5,6,19,15,110,110,6,0.0375
63,54,6,6,17,13,100,96,10,0.0625
63,55,7,6,24,21,82,81,4,0.025
63,56,0,7,18,17,49,48,4,0.025
63,57,1,7,10,16,71,70,6,0.0375
63,58,2,7,18,18,88,91,1,0.00625
63,59,3,7,18,22,102,104,1,0.00625
63,60,4,7,17,27,106,108,1,0.00625
63,61,5,7,27,15,86,93,0,0.0
63,62,6,7,12,19,68,67,8,0.05
63,63,7,7,11,16,40,41,3,0.01875
64,0,0,0,15,22,50,50,4,0.025
64,1,1,0,18,14,72,72,5,0.03125
64,2,2,0,21,22,97,97,5,0.03125
64,3,3,0,23,18,109,105,7,0.04375
64,4,4,0,21,12,104,106,4,0.025
64,5,5,0,24,18,106,107,4,0.025
64,6,6,0,21,21,86,82,11,0.06875
64,7,7,0,15,15,44,41,6,0.0375
64,8,0,1,8,12,60,61,3,0.01875
64,9,1,1,2,17,79,79,9,0.05625
64,10,2,1,20,14,106,106,6,0.0375
64,11,3,1,15,28,124,128,2,0.0125
64,12,4,1,22,19,119,122,1,0.00625
64,13,5,1,23,18,118,121,5,0.03125
64,14,6,1,16,14,105,102,10,0.0625
64,15,7,1,16,11,63,64,9,0.05625
64,16,0,2,11,12,76,76,5,0.03125
64,17,1,2,10,15,107,109,7,0.04375
64,18,2,2,13,17,123,120,8,0.05
64,19,3,2,26,10,144,143,5,0.03125
64,20,4,2,23,29,152,154,2,0.0125
64,21,5,2,19,15,133,134,6,0.0375
64,22,6,2,18,17,114,113,8,0.05
64,23,7,2,14,20,85,86,7,0.04375
64,24,0,3,11,22,88,87,5,0.03125
64,25,1,3,10,18,115,113,10,0.0625
64,26,2,3,16,20,133,132,8,0.05
64,27,3,3,23,14,155,153,8,0.05
64,28,4,3,20,19,166,168,3,0.01875
64,29,5,3,23,11,148,154,4,0.025
64,30,6,3,19,20,135,135,5,0.03125
64,31,7,3,16,18,103,105,5,0.03125
64,32,0,4,15,15,93,91,6,0.0375
64,33,1,4,24,22,145,140,10,0.0625
64,34,2,4,23,14,154,153,6,0.0375
64,35,3,4,21,17,166,163,5,0.03125
64,36,4,4,21,14,153,151,8,0.05
64,37,5,4,21,19,141,134,10,0.0625
64,38,6,4,15,19,126,126,7,0.04375
64,39,7,4,13,24,109,106,6,0.0375
64,40,0,5,17,17,87,88,6,0.0375
64,41,1,5,17,15,115,112,10,0.0625
64,42,2,5,14,16,126,129,7,0.04375
64,43,3,5,22,19,151,150,5,0.03125
64,44,4,5,20,17,148,147,4,0.025
64,45,5,5,27,20,139,135,7,0.04375
64,46,6,5,16,20,124,123,8,0.05
64,47,7,5,18,25,99,98,6,0.0375
64,48,0,6,16,17,70,73,3,0.01875
64,49,1,6,18,14,95,99,6,0.0375
64,50,2,6,19,14,112,110,4,0.025
64,51,3,6,20,17,127,130,5,0.03125
64,52,4,6,20,12,127,130,2,0.0125
64,53,5,6,12,10,100,103,4,0.025
64,54,6,6,19,17,99,102,8,0.05
64,55,7,6,15,19,77,75,6,0.0375
64,56,0,7,11,15,38,40,3,0.01875
64,57,1,7,18,20,70,71,6,0.0375
64,58,2,7,21,17,91,88,3,0.01875
64,59,3,7,21,15,106,103,4,0.025
64,60,4,7,26,25,113,111,3,0.01875
64,61,5,7,19,18,94,89,4,0.025
64,62,6,7,17,16,67,68,7,0.04375
64,63,7,7,10,16,43,40,5,0.03125
65,0,0,0,10,18,33,33,4,0.025
65,1,1,0,8,20,51,50,8,0.05
65,2,2,0,15,14,63,61,8,0.05
65,3,3,0,12,12,73,71,9,0.05625
65,4,4,0,11,16,76,77,5,0.03125
65,5,5,0,20,16,80,79,4,0.025
65,6,6,0,16,7,51,57,5,0.03125
65,7,7,0,14,9,35,35,5,0.03125
65,8,0,1,6,11,49,46,5,0.03125
65,9,1,1,11,13,76,78,8,0.05
65,10,2,1,14,15,90,88,8,0.05
65,11,3,1,16,39,122,119,6,0.0375
65,12,4,1,18,22,108,105,6,0.0375
65,13,5,1,20,16,103,100,8,0.05
65,14,6,1,22,15,72,74,9,0.05625
65,15,7,1,16,21,64,64,10,0.0625
65,16,0,2,5,14,59,60,4,0.025
65,17,1,2,5,18,84,85,6,0.0375
65,18,2,2,16,17,107,107,8,0.05
65,19,3,2,19,14,140,141,3,0.01875
65,20,4,2,23,14,143,141,3,0.01875
65,21,5,2,22,22,144,143,5,0.03125
65,22,6,2,19,20,111,114,7,0.04375
65,23,7,2,21,22,99,99,8,0.05
65,24,0,3,10,15,74,75,5,0.03125
65,25,1,3,11,16,109,112,7,0.04375
65,26,2,3,26,19,146,150,6,0.0375
65,27,3,3,24,15,157,157,7,0.04375
65,28,4,3,15,16,140,140,3,0.01875
65,29,5,3,17,12,140,137,8,0.05
65,30,6,3,15,14,114,112,8,0.05
65,31,7,3,17,14,102,101,7,0.04375
65,32,0,4,19,16,86,89,5,0.03125
65,33,1,4,22,13,122,127,4,0.025
65,34,2,4,19,19,154,155,4,0.025
65,35,3,4,13,18,148,152,3,0.01875
65,36,4,4,23,17,144,147,6,0.0375
65,37,5,4,18,16,133,136,7,0.04375
65,38,6,4,7,16,104,102,9,0.05625
65,39,7,4,8,12,95,94,7,0.04375
65,40,0,5,11,13,71,72,5,0.03125
65,41,1,5,20,18,110,110,10,0.0625
65,42,2,5,22,11,138,138,7,0.04375
65,43,3,5,21,17,156,153,10,0.0625
65,44,4,5,21,17,148,148,6,0.0375
65,45,5,5,26,20,143,143,7,0.04375
65,46,6,5,15,20,117,115,10,0.0625
65,47,7,5,10,20,100,96,10,0.0625
65,48,0,6,14,20,63,60,5,0.03125
65,49,1,6,22,17,95,92,7,0.04375
65,50,2,6,19,20,115,114,4,0.025
65,51,3,6,18,23,128,128,5,0.03125
65,52,4,6,16,18,136,133,5,0.03125
65,53,5,6,21,15,128,128,4,0.025
65,54,6,6,24,16,111,109,9,0.05625
65,55,7,6,20,23,84,85,5,0.03125
65,56,0,7,23,15,46,45,4,0.025
65,57,1,7,18,14,75,74,7,0.04375
65,58,2,7,15,16,92,91,4,0.025
65,59,3,7,24,24,112,113,3,0.01875
65,60,4,7,18,19,116,115,1,0.00625
65,61,5,7,21,19,99,99,2,0.0125
65,62,6,7,19,17,77,78,7,0.04375
65,63,7,7,22,17,49,49,5,0.03125
66,0,0,0,13,21,51,54,0,0.0
66,1,1,0,20,16,80,87,0,0.0
66,2,2,0,21,17,114,122,0,0.0
66,3,3,0,17,21,130,137,1,0.00625
66,4,4,0,17,18,134,137,2,0.0125
66,5,5,0,26,17,127,129,3,0.01875
66,6,6,0,20,28,120,118,4,0.025
66,7,7,0,21,28,69,74,2,0.0125
66,8,0,1,22,26,94,97,2,0.0125
66,9,1,1,17,22,122,124,5,0.03125
66,10,2,1,19,21,148,154,3,0.01875
66,11,3,1,14,49,178,182,1,0.00625
66,12,4,1,17,22,165,167,4,0.025
66,13,5,1,18,20,151,150,8,0.05
66,14,6,1,23,24,155,157,7,0.04375
66,15,7,1,24,28,111,121,0,0.0
66,16,0,2,24,17,113,115,2,0.0125
66,17,1,2,20,18,142,143,3,0.01875
66,18,2,2,18,22,163,167,5,0.03125
66,19,3,2,22,25,191,191,4,0.025
66,20,4,2,14,19,173,173,3,0.01875
66,21,5,2,16,26,165,169,4,0.025
66,22,6,2,26,25,168,169,6,0.0375
66,23,7,2,20,21,128,134,1,0.00625
66,24,0,3,24,11,124,123,4,0.025
66,25,1,3,16,20,154,157,4,0.025
66,26,2,3,18,13,178,179,5,0.03125
66,27,3,3,22,21,209,209,9,0.05625
66,28,4,3,28,31,200,201,2,0.0125
66,29,5,3,21,20,161,167,1,0.00625
66,30,6,3,21,28,171,176,2,0.0125
66,31,7,3,19,22,140,147,1,0.00625
66,32,0,4,19,21,120,121,3,0.01875
66,33,1,4,30,27,173,173,6,0.0375
66,34,2,4,25,25,187,190,3,0.01875
66,35,3,4,17,14,197,193,8,0.05
66,36,4,4,22,24,208,208,3,0.01875
66,37,5,4,20,20,162,167,3,0.01875
66,38,6,4,20,22,154,164,1,0.00625
66,39,7,4,14,30,131,136,1,0.00625
66,40,0,5,15,23,105,108,0,0.0
66,41,1,5,22,24,148,154,2,0.0125
66,42,2,5,19,26,162,165,2,0.0125
66,43,3,5,16,22,168,175,2,0.0125
66,44,4,5,13,36,194,194,3,0.01875
66,45,5,5,18,26,149,157,0,0.0
66,46,6,5,16,16,140,148,2,0.0125
66,47,7,5,13,23,106,113,2,0.0125
66,48,0,6,15,22,80,85,0,0.0
66,49,1,6,14,21,113,121,0,0.0
66,50,2,6,24,19,139,137,7,0.04375
66,51,3,6,22,21,155,151,8,0.05
66,52,4,6,21,20,169,170,6,0.0375
66,53,5,6,16,18,127,123,9,0.05625
66,54,6,6,19,30,126,128,8,0.05
66,55,7,6,22,21,92,94,2,0.0125
66,56,0,7,16,23,55,59,0,0.0
66,57,1,7,19,22,89,97,0,0.0
66,58,2,7,18,24,120,117,7,0.04375
66,59,3,7,27,21,126,123,6,0.0375
66,60,4,7,20,22,126,124,5,0.03125
66,61,5,7,21,17,102,106,0,0.0
66,62,6,7,16,21,92,98,1,0.00625
66,63,7,7,21,25,67,74,0,0.0
67,0,0,0,21,20,63,60,3,0.01875
67,1,1,0,22,22,96,97,0,0.0
67,2,2,0,19,14,100,97,1,0.00625
67,3,3,0,20,16,107,103,5,0.03125
67,4,4,0,27,16,108,110,0,0.0
67,5,5,0,17,18,92,91,3,0.01875
67,6,6,0,10,24,67,68,5,0.03125
67,7,7,0,20,19,51,49,3,0.01875
67,8,0,1,18,15,73,67,9,0.05625
67,9,1,1,20,16,110,109,8,0.05
67,10,2,1,19,15,117,114,4,0.025
67,11,3,1,17,28,135,136,2,0.0125
67,12,4,1,25,15,130,126,8,0.05
67,13,5,1,21,20,112,117,5,0.03125
67,14,6,1,13,18,96,96,7,0.04375
67,15,7,1,16,18,75,72,2,0.0125
67,16,0,2,20,10,84,82,3,0.01875
67,17,1,2,16,16,123,123,4,0.025
67,18,2,2,23,12,132,133,4,0.025
67,19,3,2,21,13,148,148,4,0.025
67,20,4,2,22,15,139,138,4,0.025
67,21,5,2,21,19,128,126,6,0.0375
67,22,6,2,11,13,111,108,8,0.05
67,23,7,2,18,20,93,91,4,0.025
67,24,0,3,22,17,95,97,3,0.01875
67,25,1,3,12,14,131,132,3,0.01875
67,26,2,3,21,17,147,148,2,0.0125
67,27,3,3,19,11,150,154,4,0.025
67,28,4,3,19,18,149,147,2,0.0125
67,29,5,3,19,11,134,132,3,0.01875
67,30,6,3,20,18,128,122,8,0.05
67,31,7,3,23,14,103,102,1,0.00625
67,32,0,4,13,17,89,92,0,0.0
67,33,1,4,10,12,112,109,9,0.05625
67,34,2,4,20,16,130,126,5,0.03125
67,35,3,4,20,16,128,129,6,0.0375
67,36,4,4,18,20,138,139,5,0.03125
67,37,5,4,19,8,126,122,6,0.0375
67,38,6,4,16,12,118,114,5,0.03125
67,39,7,4,18,17,94,93,2,0.0125
67,40,0,5,18,20,87,86,4,0.025
67,41,1,5,19,27,108,105,7,0.04375
67,42,2,5,22,18,128,124,6,0.0375
67,43,3,5,13,14,115,112,6,0.0375
67,44,4,5,16,19,124,125,2,0.0125
67,45,5,5,17,10,110,110,1,0.00625
67,46,6,5,18,20,110,110,1,0.00625
67,47,7,5,18,17,80,84,0,0.0
67,48,0,6,19,17,76,75,0,0.0
67,49,1,6,12,19,85,81,3,0.01875
67,50,2,6,13,18,98,98,8,0.05
67,51,3,6,17,11,99,93,15,0.09375
67,52,4,6,24,11,101,102,4,0.025
67,53,5,6,23,14,101,101,8,0.05
67,54,6,6,5,16,77,77,8,0.05
67,55,7,6,10,20,63,63,4,0.025
67,56,0,7,16,19,46,41,4,0.025
67,57,1,7,14,14,55,46,8,0.05
67,58,2,7,16,18,66,66,7,0.04375
67,59,3,7,19,18,75,74,7,0.04375
67,60,4,7,20,16,80,80,4,0.025
67,61,5,7,12,19,79,73,7,0.04375
67,62,6,7,18,16,67,61,7,0.04375
67,63,7,7,13,8,41,36,4,0.025
68,0,0,0,25,14,53,53,2,0.0125
68,1,1,0,18,16,79,76,3,0.01875
68,2,2,0,20,22,104,101,5,0.03125
68,3,3,0,17,18,104,107,2,0.0125
68,4,4,0,14,10,98,94,4,0.025
68,5,5,0,23,11,86,85,5,0.03125
68,6,6,0,12,14,66,65,5,0.03125
68,7,7,0,10,13,40,41,3,0.01875
68,8,0,1,14,14,67,67,6,0.0375
68,9,1,1,21,16,97,98,6,0.0375
68,10,2,1,18,23,124,123,5,0.03125
68,11,3,1,17,26,137,134,5,0.03125
68,12,4,1,28,12,118,123,4,0.025
68,13,5,1,15,11,91,90,6,0.0375
68,14,6,1,13,21,89,86,9,0.05625
68,15,7,1,9,18,69,67,5,0.03125
68,16,0,2,23,10,88,85,7,0.04375
68,17,1,2,19,18,121,120,7,0.04375
68,18,2,2,23,18,148,144,9,0.05625
68,19,3,2,14,16,151,147,9,0.05625
68,20,4,2,22,19,143,144,2,0.0125
68,21,5,2,21,16,122,124,2,0.0125
68,22,6,2,14,17,105,106,6,0.0375
68,23,7,2,10,19,88,88,2,0.0125
68,24,0,3,17,18,97,95,5,0.03125
68,25,1,3,24,9,122,124,0,0.0
68,26,2,3,24,16,151,150,6,0.0375
68,27,3,3,15,19,157,153,7,0.04375
68,28,4,3,23,18,156,157,3,0.01875
68,29,5,3,20,21,145,139,7,0.04375
68,30,6,3,17,11,111,112,8,0.05
68,31,7,3,14,13,89,90,0,0.0
68,32,0,4,17,10,86,81,4,0.025
68,33,1,4,21,16,113,115,7,0.04375
68,34,2,4,15,11,139,141,4,0.025
68,35,3,4,19,20,152,152,6,0.0375
68,36,4,4,19,15,151,150,4,0.025
68,37,5,4,19,13,136,139,2,0.0125
68,38,6,4,16,14,107,104,6,0.0375
68,39,7,4,15,10,82,79,6,0.0375
68,40,0,5,18,15,83,82,4,0.025
68,41,1,5,17,14,102,102,6,0.0375
68,42,2,5,25,10,125,128,5,0.03125
68,43,3,5,16,12,139,138,4,0.025
68,44,4,5,29,16,146,145,5,0.03125
68,45,5,5,17,8,136,131,5,0.03125
68,46,6,5,16,14,102,98,6,0.0375
68,47,7,5,21,10,83,79,2,0.0125
68,48,0,6,15,20,60,58,4,0.025
68,49,1,6,13,15,62,60,6,0.0375
68,50,2,6,14,20,80,80,6,0.0375
68,51,3,6,18,20,85,95,6,0.0375
68,52,4,6,15,16,88,83,8,0.05
68,53,5,6,9,20,80,80,8,0.05
68,54,6,6,3,15,57,57,8,0.05
68,55,7,6,2,22,57,56,4,0.025
68,56,0,7,7,18,27,29,3,0.01875
68,57,1,7,9,14,36,37,7,0.04375
68,58,2,7,19,16,55,56,5,0.03125
68,59,3,7,7,18,59,59,8,0.05
68,60,4,7,15,12,64,63,7,0.04375
68,61,5,7,7,12,54,52,9,0.05625
68,62,6,7,3,12,38,36,8,0.05
68,63,7,7,8,17,33,34,4,0.025
69,0,0,0,19,22,55,58,0,0.0
69,1,1,0,22,20,80,81,0,0.0
69,2,2,0,14,17,85,90,1,0.00625
69,3,3,0,16,14,87,84,4,0.025
69,4,4,0,26,9,92,91,4,0.025
69,5,5,0,16,14,89,90,4,0.025
69,6,6,0,14,17,72,74,5,0.03125
69,7,7,0,13,22,53,52,4,0.025
69,8,0,1,9,23,77,77,8,0.05
69,9,1,1,13,20,90,90,7,0.04375
69,10,2,1,23,18,112,114,4,0.025
69,11,3,1,22,22,117,117,4,0.025
69,12,4,1,16,12,100,97,7,0.04375
69,13,5,1,16,17,94,93,6,0.0375
69,14,6,1,7,10,63,66,7,0.04375
69,15,7,1,11,11,61,64,2,0.0125
69,16,0,2,14,12,88,86,7,0.04375
69,17,1,2,8,8,88,84,9,0.05625
69,18,2,2,29,13,123,126,6,0.0375
69,19,3,2,23,24,153,157,4,0.025
69,20,4,2,19,12,125,124,6,0.0375
69,21,5,2,21,20,119,121,3,0.01875
69,22,6,2,14,18,94,92,9,0.05625
69,23,7,2,6,14,86,82,7,0.04375
69,24,0,3,14,10,102,104,2,0.0125
69,25,1,3,23,8,116,112,5,0.03125
69,26,2,3,15,24,143,144,4,0.025
69,27,3,3,14,13,152,156,5,0.03125
69,28,4,3,23,16,146,143,4,0.025
69,29,5,3,19,20,136,141,5,0.03125
69,30,6,3,17,11,111,110,9,0.05625
69,31,7,3,17,20,110,107,3,0.01875
69,32,0,4,20,17,101,102,4,0.025
69,33,1,4,14,17,111,106,10,0.0625
69,34,2,4,20,24,138,135,7,0.04375
69,35,3,4,20,18,161,164,2,0.0125
69,36,4,4,25,19,152,155,2,0.0125
69,37,5,4,23,15,136,133,6,0.0375
69,38,6,4,15,17,113,113,8,0.05
69,39,7,4,16,17,107,103,7,0.04375
69,40,0,5,22,12,88,86,7,0.04375
69,41,1,5,17,18,109,109,6,0.0375
69,42,2,5,18,15,139,139,4,0.025
69,43,3,5,21,24,149,146,7,0.04375
69,44,4,5,26,14,138,135,8,0.05
69,45,5,5,22,13,119,117,8,0.05
69,46,6,5,13,10,107,102,10,0.0625
69,47,7,5,15,15,88,87,5,0.03125
69,48,0,6,12,23,66,62,8,0.05
69,49,1,6,13,14,72,72,6,0.0375
69,50,2,6,21,15,95,98,5,0.03125
69,51,3,6,19,11,112,108,8,0.05
69,52,4,6,17,19,107,111,6,0.0375
69,53,5,6,4,17,78,77,8,0.05
69,54,6,6,12,16,85,82,10,0.0625
69,55,7,6,7,15,59,56,8,0.05
69,56,0,7,13,11,43,41,5,0.03125
69,57,1,7,11,15,69,68,8,0.05
69,58,2,7,23,15,90,89,8,0.05
69,59,3,7,28,15,97,100,5,0.03125
69,60,4,7,21,16,90,88,8,0.05
69,61,5,7,15,14,71,72,7,0.04375
69,62,6,7,8,23,64,64,8,0.05
69,63,7,7,6,24,37,37,3,0.01875
70,0,0,0,26,21,61,58,4,0.025
70,1,1,0,20,22,85,79,7,0.04375
70,2,2,0,25,15,100,98,1,0.00625
70,3,3,0,21,18,112,113,3,0.01875
70,4,4,0,15,13,97,97,4,0.025
70,5,5,0,29,22,106,109,2,0.0125
70,6,6,0,18,13,73,70,6,0.0375
70,7,7,0,15,13,49,50,3,0.01875
70,8,0,1,15,14,68,74,3,0.01875
70,9,1,1,18,12,99,99,6,0.0375
70,10,2,1,20,23,136,131,8,0.05
70,11,3,1,18,27,150,149,6,0.0375
70,12,4,1,19,15,111,112,5,0.03125
70,13,5,1,25,23,124,125,5,0.03125
70,14,6,1,14,19,86,84,8,0.05
70,15,7,1,5,19,65,58,7,0.04375
70,16,0,2,13,20,88,91,6,0.0375
70,17,1,2,18,22,121,122,10,0.0625
70,18,2,2,24,12,141,140,7,0.04375
70,19,3,2,18,20,161,162,3,0.01875
70,20,4,2,21,10,125,125,4,0.025
70,21,5,2,20,19,136,131,8,0.05
70,22,6,2,9,15,101,100,11,0.06875
70,23,7,2,14,16,83,86,4,0.025
70,24,0,3,23,19,108,104,7,0.04375
70,25,1,3,23,17,136,134,6,0.0375
70,26,2,3,18,18,146,145,4,0.025
70,27,3,3,18,14,160,160,4,0.025
70,28,4,3,25,12,129,131,3,0.01875
70,29,5,3,17,10,133,136,2,0.0125
70,30,6,3,24,12,117,116,10,0.0625
70,31,7,3,15,14,96,94,6,0.0375
70,32,0,4,16,19,108,107,6,0.0375
70,33,1,4,23,20,130,134,7,0.04375
70,34,2,4,18,16,143,145,5,0.03125
70,35,3,4,19,20,160,158,5,0.03125
70,36,4,4,24,12,127,125,4,0.025
70,37,5,4,16,16,117,120,3,0.01875
70,38,6,4,13,20,114,115,6,0.0375
70,39,7,4,8,17,81,84,7,0.04375
70,40,0,5,19,12,96,98,5,0.03125
70,41,1,5,24,15,120,118,7,0.04375
70,42,2,5,17,15,122,122,5,0.03125
70,43,3,5,15,18,132,131,7,0.04375
70,44,4,5,24,16,123,124,7,0.04375
70,45,5,5,20,14,117,115,8,0.05
70,46,6,5,8,16,94,99,7,0.04375
70,47,7,5,11,19,73,71,5,0.03125
70,48,0,6,7,18,66,68,5,0.03125
70,49,1,6,8,13,74,71,8,0.05
70,50,2,6,20,14,97,94,7,0.04375
70,51,3,6,26,14,102,98,13,0.08125
70,52,4,6,13,16,89,86,7,0.04375
70,53,5,6,16,11,80,81,8,0.05
70,54,6,6,6,19,66,69,9,0.05625
70,55,7,6,6,21,51,55,4,0.025
70,56,0,7,11,26,45,45,4,0.025
70,57,1,7,13,20,54,56,7,0.04375
70,58,2,7,18,24,67,71,3,0.01875
70,59,3,7,20,12,67,70,2,0.0125
70,60,4,7,10,12,57,61,5,0.03125
70,61,5,7,2,13,45,45,8,0.05
70,62,6,7,2,12,37,37,8,0.05
70,63,7,7,5,11,26,26,4,0.025
71,0,0,0,13,12,42,41,4,0.025
71,1,1,0,17,17,70,72,6,0.0375
71,2,2,0,24,24,99,95,4,0.025
71,3,3,0,25,21,103,105,3,0.01875
71,4,4,0,21,19,107,106,6,0.0375
71,5,5,0,21,21,109,107,4,0.025
71,6,6,0,20,30,95,98,5,0.03125
71,7,7,0,17,17,53,51,5,0.03125
71,8,0,1,15,16,66,65,3,0.01875
71,9,1,1,18,11,86,86,6,0.0375
71,10,2,1,18,16,112,114,7,0.04375
71,11,3,1,19,32,137,135,6,0.0375
71,12,4,1,22,19,128,129,4,0.025
71,13,5,1,21,16,123,118,10,0.0625
71,14,6,1,6,13,86,85,9,0.05625
71,15,7,1,12,20,78,82,4,0.025
71,16,0,2,16,15,77,78,4,0.025
71,17,1,2,16,13,101,102,7,0.04375
71,18,2,2,20,14,128,126,7,0.04375
71,19,3,2,21,15,153,152,4,0.025
71,20,4,2,19,11,142,143,4,0.025
71,21,5,2,26,19,145,143,10,0.0625
71,22,6,2,15,16,91,91,10,0.0625
71,23,7,2,8,16,90,88,7,0.04375
71,24,0,3,21,12,90,91,5,0.03125
71,25,1,3,17,13,119,119,7,0.04375
71,26,2,3,25,18,140,137,7,0.04375
71,27,3,3,13,22,159,159,3,0.01875
71,28,4,3,22,15,152,150,4,0.025
71,29,5,3,24,9,156,151,5,0.03125
71,30,6,3,16,17,105,106,9,0.05625
71,31,7,3,16,26,104,105,5,0.03125
71,32,0,4,18,14,98,98,6,0.0375
71,33,1,4,18,12,123,122,9,0.05625
71,34,2,4,26,14,146,146,5,0.03125
71,35,3,4,18,16,154,155,3,0.01875
71,36,4,4,20,11,134,131,7,0.04375
71,37,5,4,22,14,151,144,9,0.05625
71,38,6,4,20,18,107,106,8,0.05
71,39,7,4,16,21,101,102,5,0.03125
71,40,0,5,14,18,83,82,4,0.025
71,41,1,5,13,18,97,99,6,0.0375
71,42,2,5,21,20,127,128,4,0.025
71,43,3,5,20,17,127,134,4,0.025
71,44,4,5,17,16,118,119,5,0.03125
71,45,5,5,23,17,127,131,5,0.03125
71,46,6,5,7,10,83,82,7,0.04375
71,47,7,5,9,10,71,74,4,0.025
71,48,0,6,2,15,53,55,4,0.025
71,49,1,6,1,19,47,48,9,0.05625
71,50,2,6,1,22,62,60,8,0.05
71,51,3,6,29,14,73,73,12,0.075
71,52,4,6,11,17,69,71,7,0.04375
71,53,5,6,2,13,74,74,9,0.05625
71,54,6,6,5,20,61,62,8,0.05
71,55,7,6,1,16,49,49,4,0.025
71,56,0,7,13,21,51,52,4,0.025
71,57,1,7,17,12,63,63,7,0.04375
71,58,2,7,22,14,88,85,5,0.03125
71,59,3,7,15,15,92,88,5,0.03125
71,60,4,7,28,15,99,101,3,0.01875
71,61,5,7,19,24,97,100,5,0.03125
71,62,6,7,12,17,57,59,5,0.03125
71,63,7,7,5,16,33,35,2,0.0125
72,0,0,0,11,20,50,54,0,0.0
72,1,1,0,25,14,74,77,1,0.00625
72,2,2,0,20,27,108,112,3,0.01875
72,3,3,0,20,20,133,128,6,0.0375
72,4,4,0,18,15,126,128,4,0.025
72,5,5,0,25,16,123,119,7,0.04375
72,6,6,0,25,20,96,92,8,0.05
72,7,7,0,20,20,56,57,4,0.025
72,8,0,1,16,21,92,95,1,0.00625
72,9,1,1,18,19,107,112,1,0.00625
72,10,2,1,24,22,147,149,4,0.025
72,11,3,1,22,45,190,193,4,0.025
72,12,4,1,24,21,162,162,4,0.025
72,13,5,1,18,18,139,143,5,0.03125
72,14,6,1,16,19,117,126,0,0.0
72,15,7,1,14,16,84,83,5,0.03125
72,16,0,2,20,13,105,108,2,0.0125
72,17,1,2,22,20,131,136,3,0.01875
72,18,2,2,19,22,180,187,0,0.0
72,19,3,2,15,26,212,210,5,0.03125
72,20,4,2,16,25,193,196,2,0.0125
72,21,5,2,22,17,167,173,4,0.025
72,22,6,2,22,19,148,158,0,0.0
72,23,7,2,19,23,113,115,3,0.01875
72,24,0,3,26,26,128,130,4,0.025
72,25,1,3,17,16,147,146,7,0.04375
72,26,2,3,28,22,200,201,6,0.0375
72,27,3,3,14,24,214,214,5,0.03125
72,28,4,3,23,29,207,211,1,0.00625
72,29,5,3,16,22,176,177,4,0.025
72,30,6,3,17,24,148,157,1,0.00625
72,31,7,3,18,24,123,127,0,0.0
72,32,0,4,20,23,128,129,2,0.0125
72,33,1,4,19,24,151,158,1,0.00625
72,34,2,4,12,24,196,197,4,0.025
72,35,3,4,22,30,224,225,3,0.01875
72,36,4,4,22,25,200,203,5,0.03125
72,37,5,4,19,27,196,202,4,0.025
72,38,6,4,21,20,151,154,4,0.025
72,39,7,4,26,20,123,126,3,0.01875
72,40,0,5,20,24,118,122,1,0.00625
72,41,1,5,11,17,131,135,2,0.0125
72,42,2,5,17,17,174,174,4,0.025
72,43,3,5,18,36,200,199,4,0.025
72,44,4,5,15,27,176,177,5,0.03125
72,45,5,5,25,29,184,185,3,0.01875
72,46,6,5,17,18,132,136,4,0.025
72,47,7,5,26,17,112,111,5,0.03125
72,48,0,6,22,20,103,103,2,0.0125
72,49,1,6,13,18,125,130,2,0.0125
72,50,2,6,21,30,167,173,2,0.0125
72,51,3,6,20,25,179,188,2,0.0125
72,52,4,6,25,22,166,168,3,0.01875
72,53,5,6,20,20,146,153,2,0.0125
72,54,6,6,18,21,112,116,2,0.0125
72,55,7,6,21,24,90,88,6,0.0375
72,56,0,7,18,27,60,62,2,0.0125
72,57,1,7,18,22,85,92,0,0.0
72,58,2,7,23,26,120,125,1,0.00625
72,59,3,7,20,25,130,132,3,0.01875
72,60,4,7,21,15,120,122,0,0.0
72,61,5,7,17,26,112,116,0,0.0
72,62,6,7,14,18,90,97,0,0.0
72,63,7,7,23,20,62,63,0,0.0
73,0,0,0,16,19,49,49,1,0.00625
73,1,1,0,23,20,84,82,5,0.03125
73,2,2,0,20,11,94,93,3,0.01875
73,3,3,0,22,18,101,105,2,0.0125
73,4,4,0,21,21,106,107,3,0.01875
73,5,5,0,15,13,86,89,3,0.01875
73,6,6,0,14,18,74,76,6,0.0375
73,7,7,0,13,18,51,49,5,0.03125
73,8,0,1,20,13,73,71,3,0.01875
73,9,1,1,14,20,96,93,3,0.01875
73,10,2,1,16,9,104,105,2,0.0125
73,11,3,1,19,32,135,136,4,0.025
73,12,4,1,23,14,127,126,5,0.03125
73,13,5,1,18,16,115,119,3,0.01875
73,14,6,1,25,17,105,105,0,0.0
73,15,7,1,19,21,81,87,0,0.0
73,16,0,2,19,20,90,91,1,0.00625
73,17,1,2,18,16,117,117,1,0.00625
73,18,2,2,20,16,136,135,2,0.0125
73,19,3,2,17,21,155,157,2,0.0125
73,20,4,2,19,12,144,142,3,0.01875
73,21,5,2,20,20,150,146,6,0.0375
73,22,6,2,17,10,121,112,9,0.05625
73,23,7,2,25,18,110,105,7,0.04375
73,24,0,3,15,10,96,94,6,0.0375
73,25,1,3,18,13,118,118,8,0.05
73,26,2,3,23,19,142,143,6,0.0375
73,27,3,3,22,20,148,149,3,0.01875
73,28,4,3,14,15,138,137,2,0.0125
73,29,5,3,16,17,134,128,10,0.0625
73,30,6,3,21,13,114,108,5,0.03125
73,31,7,3,18,17,108,108,0,0.0
73,32,0,4,20,28,110,109,4,0.025
73,33,1,4,20,26,140,135,5,0.03125
73,34,2,4,21,22,148,145,7,0.04375
73,35,3,4,15,10,144,145,2,0.0125
73,36,4,4,25,17,146,148,2,0.0125
73,37,5,4,9,15,127,129,1,0.00625
73,38,6,4,18,11,106,105,5,0.03125
73,39,7,4,16,23,108,107,2,0.0125
73,40,0,5,19,18,91,87,6,0.0375
73,41,1,5,26,20,117,114,5,0.03125
73,42,2,5,20,18,124,125,4,0.025
73,43,3,5,20,12,133,129,7,0.04375
73,44,4,5,21,18,134,133,5,0.03125
73,45,5,5,15,14,120,115,8,0.05
73,46,6,5,16,15,103,99,8,0.05
73,47,7,5,14,15,85,81,7,0.04375
73,48,0,6,15,19,66,65,5,0.03125
73,49,1,6,14,14,80,74,9,0.05625
73,50,2,6,11,10,97,93,8,0.05
73,51,3,6,27,15,116,109,9,0.05625
73,52,4,6,18,11,100,95,8,0.05
73,53,5,6,19,22,103,99,6,0.0375
73,54,6,6,19,15,92,85,10,0.0625
73,55,7,6,23,16,75,74,7,0.04375
73,56,0,7,12,15,41,42,0,0.0
73,57,1,7,15,9,65,65,0,0.0
73,58,2,7,12,24,90,91,0,0.0
73,59,3,7,22,13,96,99,1,0.00625
73,60,4,7,13,7,88,86,1,0.00625
73,61,5,7,20,20,92,91,2,0.0125
73,62,6,7,22,14,75,69,5,0.03125
73,63,7,7,22,16,48,45,3,0.01875
74,0,0,0,31,24,70,67,2,0.0125
74,1,1,0,18,16,86,86,4,0.025
74,2,2,0,23,31,116,115,3,0.01875
74,3,3,0,19,20,115,112,4,0.025
74,4,4,0,18,16,104,102,4,0.025
74,5,5,0,16,16,94,91,7,0.04375
74,6,6,0,20,17,81,82,5,0.03125
74,7,7,0,17,23,56,56,5,0.03125
74,8,0,1,26,14,83,80,6,0.0375
74,9,1,1,19,17,111,108,6,0.0375
74,10,2,1,19,18,134,133,5,0.03125
74,11,3,1,18,31,149,145,9,0.05625
74,12,4,1,19,20,127,123,9,0.05625
74,13,5,1,21,16,123,118,7,0.04375
74,14,6,1,14,18,98,98,1,0.00625
74,15,7,1,13,17,86,84,2,0.0125
74,16,0,2,15,18,94,90,3,0.01875
74,17,1,2,23,19,123,119,7,0.04375
74,18,2,2,22,14,141,140,4,0.025
74,19,3,2,20,13,154,154,4,0.025
74,20,4,2,16,17,143,141,4,0.025
74,21,5,2,22,14,129,130,6,0.0375
74,22,6,2,13,17,101,101,10,0.0625
74,23,7,2,9,20,93,96,6,0.0375
74,24,0,3,22,17,111,113,5,0.03125
74,25,1,3,22,17,135,138,6,0.0375
74,26,2,3,17,25,152,153,3,0.01875
74,27,3,3,16,18,163,161,5,0.03125
74,28,4,3,21,15,156,154,4,0.025
74,29,5,3,16,15,146,152,5,0.03125
74,30,6,3,22,8,111,111,6,0.0375
74,31,7,3,16,10,98,97,1,0.00625
74,32,0,4,15,23,112,112,5,0.03125
74,33,1,4,18,17,127,132,1,0.00625
74,34,2,4,14,19,136,139,4,0.025
74,35,3,4,21,19,156,152,5,0.03125
74,36,4,4,14,7,142,141,2,0.0125
74,37,5,4,21,21,147,141,6,0.0375
74,38,6,4,21,20,120,122,4,0.025
74,39,7,4,21,15,102,100,4,0.025
74,40,0,5,15,22,95,96,5,0.03125
74,41,1,5,22,25,131,125,9,0.05625
74,42,2,5,25,19,134,130,8,0.05
74,43,3,5,19,11,137,137,8,0.05
74,44,4,5,22,13,137,136,5,0.03125
74,45,5,5,19,12,116,116,8,0.05
74,46,6,5,15,19,94,95,7,0.04375
74,47,7,5,10,19,82,84,5,0.03125
74,48,0,6,11,12,61,62,4,0.025
74,49,1,6,1,20,81,82,8,0.05
74,50,2,6,9,16,85,86,7,0.04375
74,51,3,6,13,21,104,105,9,0.05625
74,52,4,6,28,22,127,127,10,0.0625
74,53,5,6,19,16,114,108,11,0.06875
74,54,6,6,15,17,88,90,7,0.04375
74,55,7,6,15,13,67,66,8,0.05
74,56,0,7,20,12,50,49,1,0.00625
74,57,1,7,17,17,85,84,1,0.00625
74,58,2,7,21,17,98,96,2,0.0125
74,59,3,7,14,17,94,94,1,0.00625
74,60,4,7,21,18,98,99,2,0.0125
74,61,5,7,22,18,91,87,5,0.03125
74,62,6,7,15,18,69,66,8,0.05
74,63,7,7,23,19,51,50,3,0.01875
75,0,0,0,16,22,48,52,0,0.0
75,1,1,0,15,16,69,71,1,0.00625
75,2,2,0,14,19,95,97,2,0.0125
75,3,3,0,19,26,113,118,1,0.00625
75,4,4,0,19,25,117,119,2,0.0125
75,5,5,0,16,23,105,109,4,0.025
75,6,6,0,21,16,87,87,4,0.025
75,7,7,0,19,21,55,56,4,0.025
75,8,0,1,13,19,78,77,7,0.04375
75,9,1,1,13,14,87,87,7,0.04375
75,10,2,1,20,17,119,117,6,0.0375
75,11,3,1,12,23,127,131,5,0.03125
75,12,4,1,19,14,115,115,8,0.05
75,13,5,1,21,17,107,106,8,0.05
75,14,6,1,16,11,94,82,12,0.075
75,15,7,1,13,19,69,67,3,0.01875
75,16,0,2,21,10,97,92,8,0.05
75,17,1,2,16,13,106,105,8,0.05
75,18,2,2,22,8,129,122,9,0.05625
75,19,3,2,23,12,151,148,6,0.0375
75,20,4,2,26,11,136,133,7,0.04375
75,21,5,2,24,17,136,136,6,0.0375
75,22,6,2,19,18,114,112,11,0.06875
75,23,7,2,17,23,95,96,6,0.0375
75,24,0,3,10,17,98,98,5,0.03125
75,25,1,3,21,19,121,118,8,0.05
75,26,2,3,16,13,131,133,3,0.01875
75,27,3,3,25,11,160,160,6,0.0375
75,28,4,3,18,16,143,141,6,0.0375
75,29,5,3,26,28,152,150,8,0.05
75,30,6,3,17,12,124,122,8,0.05
75,31,7,3,15,16,102,99,4,0.025
75,32,0,4,17,22,98,100,3,0.01875
75,33,1,4,18,15,123,117,8,0.05
75,34,2,4,18,18,129,128,5,0.03125
75,35,3,4,20,25,152,156,2,0.0125
75,36,4,4,15,12,144,143,1,0.00625
75,37,5,4,19,12,146,152,3,0.01875
75,38,6,4,18,12,138,138,2,0.0125
75,39,7,4,20,20,110,112,2,0.0125
75,40,0,5,9,15,81,82,4,0.025
75,41,1,5,12,15,96,98,9,0.05625
75,42,2,5,18,10,117,113,11,0.06875
75,43,3,5,19,17,142,142,8,0.05
75,44,4,5,20,19,142,143,6,0.0375
75,45,5,5,19,9,130,133,4,0.025
75,46,6,5,12,16,121,119,8,0.05
75,47,7,5,12,22,96,98,4,0.025
75,48,0,6,1,21,62,61,4,0.025
75,49,1,6,5,16,68,68,8,0.05
75,50,2,6,3,11,83,82,7,0.04375
75,51,3,6,18,17,105,107,7,0.04375
75,52,4,6,29,13,125,127,8,0.05
75,53,5,6,15,18,114,119,6,0.0375
75,54,6,6,18,26,117,115,10,0.0625
75,55,7,6,26,17,89,87,9,0.05625
75,56,0,7,17,24,55,56,0,0.0
75,57,1,7,23,15,79,78,0,0.0
75,58,2,7,17,16,90,90,1,0.00625
75,59,3,7,13,14,93,92,2,0.0125
75,60,4,7,24,22,114,114,1,0.00625
75,61,5,7,19,17,101,102,4,0.025
75,62,6,7,23,19,81,85,5,0.03125
75,63,7,7,21,19,51,52,4,0.025
76,0,0,0,22,17,57,54,2,0.0125
76,1,1,0,20,21,88,87,3,0.01875
76,2,2,0,20,11,102,101,4,0.025
76,3,3,0,20,15,110,108,3,0.01875
76,4,4,0,23,15,105,99,7,0.04375
76,5,5,0,21,13,95,95,4,0.025
76,6,6,0,18,16,75,72,8,0.05
76,7,7,0,20,22,53,54,4,0.025
76,8,0,1,6,19,62,65,4,0.025
76,9,1,1,11,21,89,89,6,0.0375
76,10,2,1,20,18,104,110,2,0.0125
76,11,3,1,10,39,132,129,5,0.03125
76,12,4,1,15,17,113,121,2,0.0125
76,13,5,1,24,17,116,116,8,0.05
76,14,6,1,15,16,88,92,7,0.04375
76,15,7,1,11,22,75,70,8,0.05
76,16,0,2,9,13,73,78,5,0.03125
76,17,1,2,10,17,107,108,8,0.05
76,18,2,2,15,6,116,118,9,0.05625
76,19,3,2,19,14,143,143,7,0.04375
76,20,4,2,17,17,142,145,5,0.03125
76,21,5,2,19,24,139,138,7,0.04375
76,22,6,2,20,13,102,107,7,0.04375
76,23,7,2,11,16,77,77,5,0.03125
76,24,0,3,17,16,95,92,7,0.04375
76,25,1,3,14,19,127,128,6,0.0375
76,26,2,3,20,23,140,138,5,0.03125
76,27,3,3,17,20,151,151,4,0.025
76,28,4,3,13,13,140,145,2,0.0125
76,29,5,3,12,13,137,138,5,0.03125
76,30,6,3,13,14,106,108,6,0.0375
76,31,7,3,15,12,94,92,5,0.03125
76,32,0,4,19,18,101,99,5,0.03125
76,33,1,4,16,18,125,123,9,0.05625
76,34,2,4,18,17,135,130,10,0.0625
76,35,3,4,25,13,152,149,4,0.025
76,36,4,4,18,10,147,147,3,0.01875
76,37,5,4,20,16,149,145,5,0.03125
76,38,6,4,12,16,112,111,4,0.025
76,39,7,4,15,21,101,104,1,0.00625
76,40,0,5,13,22,87,85,5,0.03125
76,41,1,5,12,12,93,95,5,0.03125
76,42,2,5,20,16,114,119,6,0.0375
76,43,3,5,15,15,134,134,8,0.05
76,44,4,5,20,11,137,140,4,0.025
76,45,5,5,22,18,139,137,7,0.04375
76,46,6,5,14,16,102,103,6,0.0375
76,47,7,5,13,21,95,95,4,0.025
76,48,0,6,4,22,71,69,5,0.03125
76,49,1,6,10,15,80,81,8,0.05
76,50,2,6,18,16,97,97,7,0.04375
76,51,3,6,24,13,117,116,10,0.0625
76,52,4,6,20,12,122,122,7,0.04375
76,53,5,6,19,24,120,117,9,0.05625
76,54,6,6,17,22,93,97,6,0.0375
76,55,7,6,15,25,81,86,4,0.025
76,56,0,7,18,17,55,56,0,0.0
76,57,1,7,11,15,75,73,2,0.0125
76,58,2,7,18,21,95,95,2,0.0125
76,59,3,7,26,17,109,104,6,0.0375
76,60,4,7,20,27,115,110,6,0.0375
76,61,5,7,18,14,97,96,5,0.03125
76,62,6,7,23,16,86,84,6,0.0375
76,63,7,7,19,15,55,54,4,0.025
77,0,0,0,15,20,54,53,4,0.025
77,1,1,0,12,16,64,58,9,0.05625
77,2,2,0,17,21,81,79,5,0.03125
77,3,3,0,24,16,93,89,6,0.0375
77,4,4,0,14,16,87,91,4,0.025
77,5,5,0,15,17,90,90,4,0.025
77,6,6,0,25,11,76,79,5,0.03125
77,7,7,0,23,21,58,58,4,0.025
77,8,0,1,15,15,75,74,4,0.025
77,9,1,1,20,16,86,85,8,0.05
77,10,2,1,16,16,117,111,7,0.04375
77,11,3,1,20,33,132,133,5,0.03125
77,12,4,1,18,17,124,118,7,0.04375
77,13,5,1,23,12,115,116,8,0.05
77,14,6,1,17,16,82,83,6,0.0375
77,15,7,1,15,15,68,71,5,0.03125
77,16,0,2,8,16,83,83,3,0.01875
77,17,1,2,9,14,89,90,7,0.04375
77,18,2,2,15,17,124,125,6,0.0375
77,19,3,2,25,14,143,145,4,0.025
77,20,4,2,24,21,148,149,4,0.025
77,21,5,2,21,17,142,141,8,0.05
77,22,6,2,15,20,114,111,9,0.05625
77,23,7,2,21,23,98,98,5,0.03125
77,24,0,3,24,9,97,98,7,0.04375
77,25,1,3,20,16,122,122,7,0.04375
77,26,2,3,15,27,151,150,5,0.03125
77,27,3,3,16,14,148,148,4,0.025
77,28,4,3,12,13,142,142,2,0.0125
77,29,5,3,24,23,157,159,4,0.025
77,30,6,3,19,22,132,129,8,0.05
77,31,7,3,17,16,100,102,3,0.01875
77,32,0,4,11,13,91,90,6,0.0375
77,33,1,4,4,15,97,98,8,0.05
77,34,2,4,23,10,126,126,9,0.05625
77,35,3,4,29,16,153,149,8,0.05
77,36,4,4,21,17,147,145,6,0.0375
77,37,5,4,20,19,151,152,5,0.03125
77,38,6,4,13,16,125,120,9,0.05625
77,39,7,4,19,20,100,94,5,0.03125
77,40,0,5,13,11,77,78,4,0.025
77,41,1,5,10,16,95,96,6,0.0375
77,42,2,5,22,19,134,136,5,0.03125
77,43,3,5,23,14,142,143,6,0.0375
77,44,4,5,25,20,139,136,6,0.0375
77,45,5,5,21,16,131,136,3,0.01875
77,46,6,5,8,23,112,110,8,0.05
77,47,7,5,18,12,82,81,5,0.03125
77,48,0,6,8,23,61,63,4,0.025
77,49,1,6,6,16,68,68,8,0.05
77,50,2,6,19,19,102,102,6,0.0375
77,51,3,6,26,9,110,114,5,0.03125
77,52,4,6,15,20,97,104,1,0.00625
77,53,5,6,16,21,106,108,7,0.04375
77,54,6,6,16,10,83,82,7,0.04375
77,55,7,6,11,13,59,60,4,0.025
77,56,0,7,19,19,51,45,6,0.0375
77,57,1,7,14,12,62,60,6,0.0375
77,58,2,7,21,11,83,78,6,0.0375
77,59,3,7,23,28,111,112,6,0.0375
77,60,4,7,18,12,83,83,7,0.04375
77,61,5,7,20,17,85,84,6,0.0375
77,62,6,7,9,13,58,57,8,0.05
77,63,7,7,10,14,38,37,5,0.03125
78,0,0,0,19,19,51,54,0,0.0
78,1,1,0,23,15,90,95,3,0.01875
78,2,2,0,19,29,123,128,1,0.00625
78,3,3,0,21,33,138,142,3,0.01875
78,4,4,0,18,21,125,128,0,0.0
78,5,5,0,21,12,110,110,2,0.0125
78,6,6,0,24,27,96,97,4,0.025
78,7,7,0,13,21,45,48,0,0.0
78,8,0,1,20,24,89,91,3,0.01875
78,9,1,1,18,29,128,133,1,0.00625
78,10,2,1,21,22,156,159,4,0.025
78,11,3,1,19,33,179,184,1,0.00625
78,12,4,1,22,22,162,166,4,0.025
78,13,5,1,16,24,147,152,2,0.0125
78,14,6,1,23,24,146,146,8,0.05
78,15,7,1,21,23,86,91,0,0.0
78,16,0,2,14,16,100,104,0,0.0
78,17,1,2,28,19,153,155,4,0.025
78,18,2,2,17,16,180,183,4,0.025
78,19,3,2,19,31,207,206,7,0.04375
78,20,4,2,24,25,186,186,3,0.01875
78,21,5,2,18,29,177,180,6,0.0375
78,22,6,2,25,23,159,156,12,0.075
78,23,7,2,19,21,105,110,1,0.00625
78,24,0,3,24,20,119,123,2,0.0125
78,25,1,3,21,23,159,163,2,0.0125
78,26,2,3,15,29,181,183,3,0.01875
78,27,3,3,19,20,202,204,2,0.0125
78,28,4,3,15,27,187,187,2,0.0125
78,29,5,3,23,24,181,180,4,0.025
78,30,6,3,27,21,153,158,3,0.01875
78,31,7,3,14,20,114,116,2,0.0125
78,32,0,4,25,23,121,124,4,0.025
78,33,1,4,16,25,156,158,6,0.0375
78,34,2,4,12,20,176,180,3,0.01875
78,35,3,4,16,22,206,207,7,0.04375
78,36,4,4,23,14,186,187,4,0.025
78,37,5,4,21,31,190,189,5,0.03125
78,38,6,4,24,16,167,168,8,0.05
78,39,7,4,25,23,124,126,4,0.025
78,40,0,5,24,18,113,111,5,0.03125
78,41,1,5,18,16,144,139,10,0.0625
78,42,2,5,23,21,180,180,5,0.03125
78,43,3,5,19,19,197,198,5,0.03125
78,44,4,5,18,21,179,183,1,0.00625
78,45,5,5,16,27,182,180,4,0.025
78,46,6,5,26,22,149,153,6,0.0375
78,47,7,5,20,25,104,106,3,0.01875
78,48,0,6,25,21,89,92,2,0.0125
78,49,1,6,24,22,121,119,9,0.05625
78,50,2,6,21,14,145,150,3,0.01875
78,51,3,6,13,27,174,171,9,0.05625
78,52,4,6,15,16,156,154,2,0.0125
78,53,5,6,24,13,152,152,6,0.0375
78,54,6,6,13,27,118,119,6,0.0375
78,55,7,6,24,18,86,89,0,0.0
78,56,0,7,16,26,60,66,0,0.0
78,57,1,7,21,17,96,97,5,0.03125
78,58,2,7,26,21,127,130,4,0.025
78,59,3,7,26,19,138,135,7,0.04375
78,60,4,7,18,24,125,127,4,0.025
78,61,5,7,25,22,120,118,7,0.04375
78,62,6,7,21,18,86,86,7,0.04375
78,63,7,7,20,18,53,59,0,0.0
79,0,0,0,17,13,52,48,5,0.03125
79,1,1,0,19,18,84,89,0,0.0
79,2,2,0,22,18,108,102,5,0.03125
79,3,3,0,20,15,108,110,0,0.0
79,4,4,0,26,22,118,115,4,0.025
79,5,5,0,19,17,101,102,3,0.01875
79,6,6,0,23,23,86,81,8,0.05
79,7,7,0,17,16,48,47,1,0.00625
79,8,0,1,21,16,85,83,4,0.025
79,9,1,1,18,27,116,112,6,0.0375
79,10,2,1,20,15,123,122,6,0.0375
79,11,3,1,24,31,143,137,7,0.04375
79,12,4,1,29,10,126,127,2,0.0125
79,13,5,1,19,13,110,102,10,0.0625
79,14,6,1,17,15,97,96,8,0.05
79,15,7,1,16,28,79,74,6,0.0375
79,16,0,2,21,21,102,96,5,0.03125
79,17,1,2,17,14,116,112,8,0.05
79,18,2,2,21,14,137,134,6,0.0375
79,19,3,2,16,25,151,148,7,0.04375
79,20,4,2,19,15,139,143,1,0.00625
79,21,5,2,19,19,131,128,8,0.05
79,22,6,2,23,10,125,125,12,0.075
79,23,7,2,16,24,93,90,3,0.01875
79,24,0,3,16,18,99,97,2,0.0125
79,25,1,3,12,15,114,111,5,0.03125
79,26,2,3,18,15,138,138,4,0.025
79,27,3,3,23,18,150,149,5,0.03125
79,28,4,3,19,15,151,150,4,0.025
79,29,5,3,24,13,138,136,6,0.0375
79,30,6,3,19,18,133,130,7,0.04375
79,31,7,3,16,20,89,90,2,0.0125
79,32,0,4,22,19,103,100,7,0.04375
79,33,1,4,16,15,121,125,2,0.0125
79,34,2,4,20,20,149,151,4,0.025
79,35,3,4,15,20,151,156,2,0.0125
79,36,4,4,19,17,148,148,4,0.025
79,37,5,4,10,16,134,136,4,0.025
79,38,6,4,22,16,138,141,3,0.01875
79,39,7,4,17,11,89,94,0,0.0
79,40,0,5,16,16,83,85,4,0.025
79,41,1,5,16,20,113,116,7,0.04375
79,42,2,5,20,19,133,130,7,0.04375
79,43,3,5,14,20,147,149,3,0.01875
79,44,4,5,20,12,149,145,4,0.025
79,45,5,5,21,17,125,125,5,0.03125
79,46,6,5,16,19,121,117,9,0.05625
79,47,7,5,19,8,83,81,6,0.0375
79,48,0,6,19,11,63,63,1,0.00625
79,49,1,6,15,21,95,95,9,0.05625
79,50,2,6,20,17,109,104,7,0.04375
79,51,3,6,25,12,111,112,8,0.05
79,52,4,6,17,19,113,110,4,0.025
79,53,5,6,13,13,84,83,8,0.05
79,54,6,6,12,15,80,80,7,0.04375
79,55,7,6,11,19,69,61,8,0.05
79,56,0,7,18,10,38,34,4,0.025
79,57,1,7,12,13,56,53,8,0.05
79,58,2,7,17,16,70,69,5,0.03125
79,59,3,7,22,17,77,78,6,0.0375
79,60,4,7,23,23,83,83,5,0.03125
79,61,5,7,11,18,61,63,6,0.0375
79,62,6,7,10,16,50,52,6,0.0375
79,63,7,7,12,11,35,33,2,0.0125
80,0,0,0,18,20,53,54,4,0.025
80,1,1,0,17,17,81,73,7,0.04375
80,2,2,0,18,15,92,96,3,0.01875
80,3,3,0,28,21,112,106,5,0.03125
80,4,4,0,23,15,98,103,0,0.0
80,5,5,0,18,19,94,92,3,0.01875
80,6,6,0,17,20,75,79,6,0.0375
80,7,7,0,15,19,49,48,2,0.0125
80,8,0,1,18,16,83,80,5,0.03125
80,9,1,1,14,13,97,95,8,0.05
80,10,2,1,18,23,121,118,7,0.04375
80,11,3,1,17,30,131,133,4,0.025
80,12,4,1,23,15,125,123,4,0.025
80,13,5,1,24,20,118,122,5,0.03125
80,14,6,1,9,11,88,91,5,0.03125
80,15,7,1,12,22,75,76,4,0.025
80,16,0,2,14,26,96,99,4,0.025
80,17,1,2,18,19,111,110,9,0.05625
80,18,2,2,12,16,132,133,5,0.03125
80,19,3,2,22,14,146,149,5,0.03125
80,20,4,2,22,19,143,138,5,0.03125
80,21,5,2,11,10,123,128,3,0.01875
80,22,6,2,15,20,116,117,9,0.05625
80,23,7,2,18,11,84,83,4,0.025
80,24,0,3,18,17,112,115,1,0.00625
80,25,1,3,24,15,131,133,5,0.03125
80,26,2,3,17,20,152,154,1,0.00625
80,27,3,3,19,20,162,162,4,0.025
80,28,4,3,22,15,143,142,3,0.01875
80,29,5,3,22,11,142,144,6,0.0375
80,30,6,3,22,19,139,141,5,0.03125
80,31,7,3,12,17,89,89,2,0.0125
80,32,0,4,22,24,117,119,4,0.025
80,33,1,4,22,15,137,135,5,0.03125
80,34,2,4,19,18,148,146,5,0.03125
80,35,3,4,15,7,148,147,2,0.0125
80,36,4,4,15,11,137,139,4,0.025
80,37,5,4,15,7,135,135,3,0.01875
80,38,6,4,19,14,132,130,7,0.04375
80,39,7,4,21,22,102,100,2,0.0125
80,40,0,5,17,22,93,93,4,0.025
80,41,1,5,17,19,116,116,7,0.04375
80,42,2,5,15,17,131,138,0,0.0
80,43,3,5,13,13,132,132,4,0.025
80,44,4,5,22,22,136,138,5,0.03125
80,45,5,5,18,21,127,128,3,0.01875
80,46,6,5,18,15,108,111,6,0.0375
80,47,7,5,12,12,81,81,5,0.03125
80,48,0,6,18,22,75,74,3,0.01875
80,49,1,6,15,19,96,95,10,0.0625
80,50,2,6,18,17,107,106,8,0.05
80,51,3,6,14,19,120,120,6,0.0375
80,52,4,6,23,17,110,111,3,0.01875
80,53,5,6,14,21,98,100,7,0.04375
80,54,6,6,4,14,82,82,7,0.04375
80,55,7,6,16,22,69,72,5,0.03125
80,56,0,7,8,16,35,35,4,0.025
80,57,1,7,6,14,55,55,7,0.04375
80,58,2,7,18,10,68,68,5,0.03125
80,59,3,7,13,15,79,83,4,0.025
80,60,4,7,23,13,75,76,3,0.01875
80,61,5,7,16,10,57,58,6,0.0375
80,62,6,7,5,19,49,49,6,0.0375
80,63,7,7,10,23,45,43,3,0.01875
81,0,0,0,19,16,45,45,3,0.01875
81,1,1,0,13,16,59,61,6,0.0375
81,2,2,0,22,20,95,93,5,0.03125
81,3,3,0,14,15,98,104,2,0.0125
81,4,4,0,25,21,114,109,4,0.025
81,5,5,0,21,21,99,97,6,0.0375
81,6,6,0,15,16,75,72,9,0.05625
81,7,7,0,15,19,51,50,4,0.025
81,8,0,1,15,21,67,70,4,0.025
81,9,1,1,12,21,87,86,9,0.05625
81,10,2,1,21,9,109,115,2,0.0125
81,11,3,1,20,25,125,121,9,0.05625
81,12,4,1,15,17,119,117,6,0.0375
81,13,5,1,21,10,100,99,8,0.05
81,14,6,1,16,19,85,82,8,0.05
81,15,7,1,10,17,68,67,5,0.03125
81,16,0,2,8,17,76,74,5,0.03125
81,17,1,2,8,17,93,93,9,0.05625
81,18,2,2,19,19,114,113,8,0.05
81,19,3,2,24,17,132,133,4,0.025
81,20,4,2,23,13,136,132,8,0.05
81,21,5,2,18,15,123,121,6,0.0375
81,22,6,2,14,20,107,112,7,0.04375
81,23,7,2,13,17,86,87,4,0.025
81,24,0,3,17,16,90,87,5,0.03125
81,25,1,3,14,13,116,110,10,0.0625
81,26,2,3,22,14,132,128,5,0.03125
81,27,3,3,20,17,156,154,6,0.0375
81,28,4,3,16,13,141,141,3,0.01875
81,29,5,3,19,19,143,143,5,0.03125
81,30,6,3,16,23,119,123,0,0.0
81,31,7,3,20,12,92,91,3,0.01875
81,32,0,4,19,21,101,100,4,0.025
81,33,1,4,21,16,137,132,10,0.0625
81,34,2,4,21,20,153,154,5,0.03125
81,35,3,4,23,24,165,163,3,0.01875
81,36,4,4,17,14,137,136,4,0.025
81,37,5,4,19,19,147,143,8,0.05
81,38,6,4,20,12,115,113,8,0.05
81,39,7,4,18,15,90,86,5,0.03125
81,40,0,5,17,9,76,77,4,0.025
81,41,1,5,21,19,114,113,9,0.05625
81,42,2,5,22,20,134,128,7,0.04375
81,43,3,5,21,16,141,141,3,0.01875
81,44,4,5,15,15,127,124,7,0.04375
81,45,5,5,14,22,135,131,8,0.05
81,46,6,5,15,13,100,99,8,0.05
81,47,7,5,16,12,71,72,5,0.03125
81,48,0,6,10,11,53,51,4,0.025
81,49,1,6,12,15,87,90,7,0.04375
81,50,2,6,20,17,108,111,5,0.03125
81,51,3,6,20,19,117,116,8,0.05
81,52,4,6,18,20,107,107,4,0.025
81,53,5,6,24,17,110,109,8,0.05
81,54,6,6,18,18,80,80,7,0.04375
81,55,7,6,1,17,52,54,3,0.01875
81,56,0,7,11,13,32,30,5,0.03125
81,57,1,7,10,11,56,55,8,0.05
81,58,2,7,22,16,92,90,7,0.04375
81,59,3,7,21,12,98,95,6,0.0375
81,60,4,7,15,11,92,91,5,0.03125
81,61,5,7,32,21,101,99,8,0.05
81,62,6,7,16,13,62,59,7,0.04375
81,63,7,7,9,16,35,35,4,0.025
82,0,0,0,17,16,41,39,5,0.03125
82,1,1,0,16,15,69,66,7,0.04375
82,2,2,0,19,16,89,88,6,0.0375
82,3,3,0,25,18,102,101,2,0.0125
82,4,4,0,17,21,99,99,4,0.025
82,5,5,0,14,18,82,83,5,0.03125
82,6,6,0,10,16,54,57,5,0.03125
82,7,7,0,11,15,31,31,4,0.025
82,8,0,1,18,17,62,63,4,0.025
82,9,1,1,17,24,93,95,8,0.05
82,10,2,1,19,19,113,102,13,0.08125
82,11,3,1,27,32,138,139,9,0.05625
82,12,4,1,17,17,133,132,7,0.04375
82,13,5,1,27,10,116,118,6,0.0375
82,14,6,1,7,20,87,84,11,0.06875
82,15,7,1,10,14,53,55,4,0.025
82,16,0,2,9,13,75,76,4,0.025
82,17,1,2,12,20,106,107,9,0.05625
82,18,2,2,23,15,133,134,4,0.025
82,19,3,2,18,17,155,156,4,0.025
82,20,4,2,21,18,149,155,3,0.01875
82,21,5,2,19,13,135,134,3,0.01875
82,22,6,2,16,12,109,106,8,0.05
82,23,7,2,12,12,69,69,4,0.025
82,24,0,3,20,21,98,96,5,0.03125
82,25,1,3,19,11,111,113,9,0.05625
82,26,2,3,20,19,148,147,5,0.03125
82,27,3,3,23,15,162,164,5,0.03125
82,28,4,3,19,20,159,159,2,0.0125
82,29,5,3,25,17,146,147,5,0.03125
82,30,6,3,12,14,118,112,6,0.0375
82,31,7,3,20,12,82,82,3,0.01875
82,32,0,4,18,16,95,94,7,0.04375
82,33,1,4,12,16,109,111,7,0.04375
82,34,2,4,15,17,138,140,4,0.025
82,35,3,4,23,12,147,149,3,0.01875
82,36,4,4,16,16,148,147,5,0.03125
82,37,5,4,16,13,134,134,7,0.04375
82,38,6,4,13,9,116,117,7,0.04375
82,39,7,4,14,17,80,81,4,0.025
82,40,0,5,19,13,92,89,6,0.0375
82,41,1,5,21,22,128,129,9,0.05625
82,42,2,5,16,12,142,141,5,0.03125
82,43,3,5,19,22,146,144,4,0.025
82,44,4,5,18,19,135,139,2,0.0125
82,45,5,5,25,18,120,122,6,0.0375
82,46,6,5,10,22,110,110,7,0.04375
82,47,7,5,10,14,68,65,7,0.04375
82,48,0,6,11,22,71,71,4,0.025
82,49,1,6,15,13,91,90,8,0.05
82,50,2,6,19,19,114,115,4,0.025
82,51,3,6,23,12,105,105,8,0.05
82,52,4,6,26,18,112,112,4,0.025
82,53,5,6,21,12,93,93,6,0.0375
82,54,6,6,2,15,70,70,7,0.04375
82,55,7,6,8,12,47,45,5,0.03125
82,56,0,7,14,16,42,44,4,0.025
82,57,1,7,10,16,61,62,8,0.05
82,58,2,7,23,21,81,79,9,0.05625
82,59,3,7,18,15,76,75,8,0.05
82,60,4,7,19,18,77,74,7,0.04375
82,61,5,7,12,18,61,60,8,0.05
82,62,6,7,3,13,39,39,9,0.05625
82,63,7,7,7,16,29,28,4,0.025
83,0,0,0,15,19,45,48,3,0.01875
83,1,1,0,17,16,69,71,7,0.04375
83,2,2,0,24,18,102,105,2,0.0125
83,3,3,0,16,14,97,97,2,0.0125
83,4,4,0,14,16,93,96,1,0.00625
83,5,5,0,17,19,83,86,1,0.00625
83,6,6,0,16,17,59,57,7,0.04375
83,7,7,0,13,14,37,37,4,0.025
83,8,0,1,11,16,70,68,5,0.03125
83,9,1,1,14,20,93,93,7,0.04375
83,10,2,1,19,19,107,115,5,0.03125
83,11,3,1,18,34,127,131,5,0.03125
83,12,4,1,16,17,119,119,6,0.0375
83,13,5,1,25,17,108,108,6,0.0375
83,14,6,1,11,14,72,76,8,0.05
83,15,7,1,6,13,51,51,3,0.01875
83,16,0,2,13,15,87,86,5,0.03125
83,17,1,2,17,15,120,120,8,0.05
83,18,2,2,25,16,143,142,7,0.04375
83,19,3,2,19,21,162,160,4,0.025
83,20,4,2,18,12,141,139,6,0.0375
83,21,5,2,18,20,131,130,7,0.04375
83,22,6,2,20,16,107,105,10,0.0625
83,23,7,2,18,19,84,83,4,0.025
83,24,0,3,18,15,89,91,5,0.03125
83,25,1,3,16,21,132,130,8,0.05
83,26,2,3,26,8,144,143,7,0.04375
83,27,3,3,18,25,166,162,6,0.0375
83,28,4,3,21,9,152,146,8,0.05
83,29,5,3,23,11,151,147,7,0.04375
83,30,6,3,20,17,122,120,7,0.04375
83,31,7,3,19,19,102,98,6,0.0375
83,32,0,4,21,13,98,96,6,0.0375
83,33,1,4,20,16,137,137,8,0.05
83,34,2,4,17,12,149,146,4,0.025
83,35,3,4,16,16,156,158,2,0.0125
83,36,4,4,15,14,140,141,4,0.025
83,37,5,4,25,13,146,153,2,0.0125
83,38,6,4,17,12,113,114,6,0.0375
83,39,7,4,11,10,89,88,5,0.03125
83,40,0,5,17,20,92,92,7,0.04375
83,41,1,5,21,9,121,121,8,0.05
83,42,2,5,16,17,136,139,3,0.01875
83,43,3,5,19,19,144,147,2,0.0125
83,44,4,5,17,24,137,137,1,0.00625
83,45,5,5,23,26,140,142,3,0.01875
83,46,6,5,11,19,102,100,7,0.04375
83,47,7,5,10,19,78,80,5,0.03125
83,48,0,6,11,13,60,59,5,0.03125
83,49,1,6,14,16,83,84,7,0.04375
83,50,2,6,17,23,106,109,2,0.0125
83,51,3,6,17,13,111,113,6,0.0375
83,52,4,6,17,17,103,104,2,0.0125
83,53,5,6,11,19,85,84,7,0.04375
83,54,6,6,11,16,73,73,7,0.04375
83,55,7,6,8,19,54,54,6,0.0375
83,56,0,7,3,15,25,25,4,0.025
83,57,1,7,4,17,35,35,8,0.05
83,58,2,7,11,16,51,53,8,0.05
83,59,3,7,20,14,66,68,5,0.03125
83,60,4,7,23,13,72,73,6,0.0375
83,61,5,7,13,11,62,64,7,0.04375
83,62,6,7,6,18,58,58,8,0.05
83,63,7,7,10,14,35,36,4,0.025
84,0,0,0,23,19,65,66,2,0.0125
84,1,1,0,25,20,101,104,3,0.01875
84,2,2,0,23,19,120,120,3,0.01875
84,3,3,0,27,15,125,127,1,0.00625
84,4,4,0,19,21,124,121,3,0.01875
84,5,5,0,15,28,107,108,1,0.00625
84,6,6,0,18,16,83,88,2,0.0125
84,7,7,0,15,19,51,55,0,0.0
84,8,0,1,16,24,92,95,2,0.0125
84,9,1,1,19,21,120,127,1,0.00625
84,10,2,1,20,33,162,162,6,0.0375
84,11,3,1,22,45,189,187,5,0.03125
84,12,4,1,23,25,162,166,3,0.01875
84,13,5,1,30,23,149,148,6,0.0375
84,14,6,1,22,23,122,121,9,0.05625
84,15,7,1,20,22,91,92,2,0.0125
84,16,0,2,19,27,112,116,1,0.00625
84,17,1,2,21,22,143,149,3,0.01875
84,18,2,2,21,22,178,183,3,0.01875
84,19,3,2,20,33,217,219,3,0.01875
84,20,4,2,16,25,185,186,4,0.025
84,21,5,2,22,15,169,165,9,0.05625
84,22,6,2,18,20,134,141,4,0.025
84,23,7,2,24,23,112,116,1,0.00625
84,24,0,3,28,31,139,138,3,0.01875
84,25,1,3,18,28,173,179,4,0.025
84,26,2,3,23,15,200,197,11,0.06875
84,27,3,3,22,29,223,229,2,0.0125
84,28,4,3,20,19,185,189,4,0.025
84,29,5,3,14,23,179,186,1,0.00625
84,30,6,3,29,12,146,148,5,0.03125
84,31,7,3,15,20,114,117,3,0.01875
84,32,0,4,23,19,120,125,4,0.025
84,33,1,4,18,18,158,159,6,0.0375
84,34,2,4,17,21,184,188,2,0.0125
84,35,3,4,21,27,212,208,6,0.0375
84,36,4,4,18,25,184,181,6,0.0375
84,37,5,4,26,17,188,185,4,0.025
84,38,6,4,22,19,141,143,6,0.0375
84,39,7,4,18,19,115,120,1,0.00625
84,40,0,5,21,15,102,106,2,0.0125
84,41,1,5,15,27,142,145,5,0.03125
84,42,2,5,18,21,176,178,2,0.0125
84,43,3,5,20,26,200,200,3,0.01875
84,44,4,5,26,21,168,166,5,0.03125
84,45,5,5,15,19,161,152,12,0.075
84,46,6,5,20,19,132,133,9,0.05625
84,47,7,5,25,25,113,115,2,0.0125
84,48,0,6,25,18,89,90,3,0.01875
84,49,1,6,24,20,131,133,4,0.025
84,50,2,6,21,34,165,161,4,0.025
84,51,3,6,15,24,175,177,4,0.025
84,52,4,6,23,17,157,152,7,0.04375
84,53,5,6,19,14,139,142,5,0.03125
84,54,6,6,20,26,132,131,6,0.0375
84,55,7,6,20,24,85,88,2,0.0125
84,56,0,7,15,19,52,55,1,0.00625
84,57,1,7,25,21,94,99,3,0.01875
84,58,2,7,19,18,113,118,3,0.01875
84,59,3,7,26,22,145,146,5,0.03125
84,60,4,7,23,20,137,140,3,0.01875
84,61,5,7,27,26,125,128,3,0.01875
84,62,6,7,15,25,98,105,1,0.00625
84,63,7,7,27,14,56,58,0,0.0
85,0,0,0,18,13,52,51,3,0.01875
85,1,1,0,25,16,90,93,1,0.00625
85,2,2,0,11,13,93,93,2,0.0125
85,3,3,0,16,18,104,103,0,0.0
85,4,4,0,19,11,97,98,2,0.0125
85,5,5,0,16,23,92,89,4,0.025
85,6,6,0,20,14,69,67,5,0.03125
85,7,7,0,22,17,46,45,1,0.00625
85,8,0,1,22,28,85,83,5,0.03125
85,9,1,1,23,19,111,106,6,0.0375
85,10,2,1,18,16,116,118,3,0.01875
85,11,3,1,19,37,141,144,2,0.0125
85,12,4,1,19,25,134,133,4,0.025
85,13,5,1,21,22,116,114,8,0.05
85,14,6,1,12,19,95,97,7,0.04375
85,15,7,1,13,13,67,65,4,0.025
85,16,0,2,25,16,108,106,1,0.00625
85,17,1,2,19,15,134,133,2,0.0125
85,18,2,2,19,13,141,142,1,0.00625
85,19,3,2,22,10,149,147,6,0.0375
85,20,4,2,23,9,148,143,8,0.05
85,21,5,2,18,17,130,135,6,0.0375
85,22,6,2,18,18,125,120,8,0.05
85,23,7,2,16,14,84,83,2,0.0125
85,24,0,3,15,22,102,104,3,0.01875
85,25,1,3,18,17,123,122,6,0.0375
85,26,2,3,20,15,141,145,5,0.03125
85,27,3,3,17,16,153,150,6,0.0375
85,28,4,3,21,23,159,162,1,0.00625
85,29,5,3,19,22,154,152,1,0.00625
85,30,6,3,17,23,141,141,5,0.03125
85,31,7,3,23,22,105,106,2,0.0125
85,32,0,4,18,16,106,104,6,0.0375
85,33,1,4,16,27,136,134,8,0.05
85,34,2,4,21,9,140,135,6,0.0375
85,35,3,4,14,16,144,143,7,0.04375
85,36,4,4,21,15,157,159,2,0.0125
85,37,5,4,17,18,153,152,6,0.0375
85,38,6,4,24,27,145,141,9,0.05625
85,39,7,4,21,19,104,97,6,0.0375
85,40,0,5,17,13,90,91,0,0.0
85,41,1,5,16,17,114,117,2,0.0125
85,42,2,5,17,17,121,120,3,0.01875
85,43,3,5,24,18,122,113,11,0.06875
85,44,4,5,17,16,135,133,6,0.0375
85,45,5,5,21,12,126,131,8,0.05
85,46,6,5,9,21,115,112,11,0.06875
85,47,7,5,18,16,85,83,6,0.0375
85,48,0,6,11,17,68,66,5,0.03125
85,49,1,6,17,15,88,86,6,0.0375
85,50,2,6,17,12,84,81,8,0.05
85,51,3,6,18,13,85,82,7,0.04375
85,52,4,6,18,20,118,119,7,0.04375
85,53,5,6,17,19,106,104,8,0.05
85,54,6,6,16,16,83,84,7,0.04375
85,55,7,6,21,19,72,72,1,0.00625
85,56,0,7,12,22,42,37,5,0.03125
85,57,1,7,13,18,63,56,9,0.05625
85,58,2,7,10,15,70,67,6,0.0375
85,59,3,7,20,10,79,79,4,0.025
85,60,4,7,25,13,95,96,3,0.01875
85,61,5,7,17,18,90,90,2,0.0125
85,62,6,7,15,16,73,72,1,0.00625
85,63,7,7,16,13,46,48,0,0.0
86,0,0,0,22,22,56,59,0,0.0
86,1,1,0,19,15,84,80,3,0.01875
86,2,2,0,27,16,100,99,4,0.025
86,3,3,0,21,16,112,112,2,0.0125
86,4,4,0,20,17,102,102,3,0.01875
86,5,5,0,20,12,86,84,6,0.0375
86,6,6,0,17,16,69,70,4,0.025
86,7,7,0,12,16,47,43,4,0.025
86,8,0,1,19,16,82,76,9,0.05625
86,9,1,1,24,12,106,102,11,0.06875
86,10,2,1,19,20,120,115,8,0.05
86,11,3,1,20,31,142,138,7,0.04375
86,12,4,1,16,17,107,105,7,0.04375
86,13,5,1,18,15,88,89,7,0.04375
86,14,6,1,6,8,68,66,9,0.05625
86,15,7,1,9,21,66,66,5,0.03125
86,16,0,2,21,17,102,100,5,0.03125
86,17,1,2,16,21,121,118,6,0.0375
86,18,2,2,26,11,137,135,4,0.025
86,19,3,2,20,15,151,149,8,0.05
86,20,4,2,21,17,133,137,6,0.0375
86,21,5,2,15,13,123,124,5,0.03125
86,22,6,2,17,14,101,104,6,0.0375
86,23,7,2,19,21,102,100,2,0.0125
86,24,0,3,14,15,106,104,5,0.03125
86,25,1,3,15,19,121,119,8,0.05
86,26,2,3,27,16,130,132,4,0.025
86,27,3,3,25,15,156,155,5,0.03125
86,28,4,3,20,16,132,133,2,0.0125
86,29,5,3,18,21,138,131,9,0.05625
86,30,6,3,22,13,113,113,7,0.04375
86,31,7,3,17,13,102,102,3,0.01875
86,32,0,4,17,10,96,95,5,0.03125
86,33,1,4,15,25,118,118,9,0.05625
86,34,2,4,19,15,123,122,6,0.0375
86,35,3,4,22,7,145,147,5,0.03125
86,36,4,4,26,14,140,138,4,0.025
86,37,5,4,12,12,137,134,8,0.05
86,38,6,4,16,22,118,115,12,0.075
86,39,7,4,11,10,89,92,4,0.025
86,40,0,5,20,18,88,87,1,0.00625
86,41,1,5,18,11,101,96,8,0.05
86,42,2,5,13,19,110,111,3,0.01875
86,43,3,5,13,12,123,126,8,0.05
86,44,4,5,15,10,123,127,4,0.025
86,45,5,5,22,9,121,123,6,0.0375
86,46,6,5,16,27,103,110,5,0.03125
86,47,7,5,2,17,68,68,5,0.03125
86,48,0,6,5,23,59,61,5,0.03125
86,49,1,6,4,17,58,58,8,0.05
86,50,2,6,2,16,63,64,8,0.05
86,51,3,6,17,21,81,76,12,0.075
86,52,4,6,17,17,87,88,7,0.04375
86,53,5,6,14,24,96,96,7,0.04375
86,54,6,6,11,10,79,79,7,0.04375
86,55,7,6,12,14,56,55,4,0.025
86,56,0,7,9,13,35,36,5,0.03125
86,57,1,7,10,16,55,58,7,0.04375
86,58,2,7,16,15,77,79,3,0.01875
86,59,3,7,25,15,96,92,7,0.04375
86,60,4,7,18,16,97,91,8,0.05
86,61,5,7,18,21,92,89,7,0.04375
86,62,6,7,17,20,78,74,7,0.04375
86,63,7,7,23,18,49,48,0,0.0
87,0,0,0,16,16,49,44,5,0.03125
87,1,1,0,14,18,71,67,7,0.04375
87,2,2,0,23,14,81,80,5,0.03125
87,3,3,0,22,11,95,92,3,0.01875
87,4,4,0,22,17,91,88,6,0.0375
87,5,5,0,18,9,71,71,6,0.0375
87,6,6,0,16,12,56,53,6,0.0375
87,7,7,0,12,16,39,40,3,0.01875
87,8,0,1,11,23,79,87,3,0.01875
87,9,1,1,15,16,91,96,6,0.0375
87,10,2,1,19,14,96,101,3,0.01875
87,11,3,1,20,33,126,128,5,0.03125
87,12,4,1,20,10,100,99,5,0.03125
87,13,5,1,6,12,84,84,7,0.04375
87,14,6,1,3,6,54,54,8,0.05
87,15,7,1,5,16,58,57,5,0.03125
87,16,0,2,11,22,99,100,4,0.025
87,17,1,2,15,18,107,106,8,0.05
87,18,2,2,23,13,126,124,4,0.025
87,19,3,2,24,20,156,158,6,0.0375
87,20,4,2,29,15,132,131,5,0.03125
87,21,5,2,22,23,124,124,5,0.03125
87,22,6,2,12,13,79,80,4,0.025
87,23,7,2,13,8,68,66,5,0.03125
87,24,0,3,16,11,99,102,3,0.01875
87,25,1,3,28,13,119,122,3,0.01875
87,26,2,3,13,13,128,129,4,0.025
87,27,3,3,15,9,158,155,6,0.0375
87,28,4,3,14,12,136,134,3,0.01875
87,29,5,3,22,22,143,147,6,0.0375
87,30,6,3,14,10,102,103,6,0.0375
87,31,7,3,21,8,82,81,4,0.025
87,32,0,4,13,19,90,91,6,0.0375
87,33,1,4,11,12,95,94,9,0.05625
87,34,2,4,23,20,121,125,4,0.025
87,35,3,4,25,21,154,152,7,0.04375
87,36,4,4,20,26,143,150,0,0.0
87,37,5,4,24,18,137,141,4,0.025
87,38,6,4,9,13,92,98,6,0.0375
87,39,7,4,13,17,81,79,4,0.025
87,40,0,5,13,15,71,68,5,0.03125
87,41,1,5,7,10,75,75,8,0.05
87,42,2,5,14,8,100,95,6,0.0375
87,43,3,5,17,14,117,120,7,0.04375
87,44,4,5,18,18,116,117,2,0.0125
87,45,5,5,14,13,106,111,1,0.00625
87,46,6,5,24,14,97,92,9,0.05625
87,47,7,5,20,15,79,81,4,0.025
87,48,0,6,5,15,47,46,6,0.0375
87,49,1,6,5,9,55,54,8,0.05
87,50,2,6,17,18,89,87,8,0.05
87,51,3,6,21,11,89,93,9,0.05625
87,52,4,6,21,16,87,90,2,0.0125
87,53,5,6,10,13,74,74,8,0.05
87,54,6,6,5,14,55,53,7,0.04375
87,55,7,6,4,14,49,49,4,0.025
87,56,0,7,10,15,31,30,6,0.0375
87,57,1,7,12,12,42,42,7,0.04375
87,58,2,7,18,11,55,50,8,0.05
87,59,3,7,22,21,59,59,9,0.05625
87,60,4,7,0,11,43,42,9,0.05625
87,61,5,7,4,17,47,47,6,0.0375
87,62,6,7,0,14,35,34,7,0.04375
87,63,7,7,5,21,35,32,3,0.01875
88,0,0,0,7,14,27,28,4,0.025
88,1,1,0,11,10,43,44,7,0.04375
88,2,2,0,16,9,69,69,5,0.03125
88,3,3,0,18,14,102,104,1,0.00625
88,4,4,0,17,19,108,112,2,0.0125
88,5,5,0,20,23,91,92,4,0.025
88,6,6,0,15,18,62,62,7,0.04375
88,7,7,0,10,20,46,46,3,0.01875
88,8,0,1,16,19,64,61,5,0.03125
88,9,1,1,19,13,86,84,7,0.04375
88,10,2,1,23,10,109,107,6,0.0375
88,11,3,1,17,32,135,133,5,0.03125
88,12,4,1,24,15,124,120,11,0.06875
88,13,5,1,16,16,111,110,8,0.05
88,14,6,1,9,10,74,74,8,0.05
88,15,7,1,5,17,67,66,6,0.0375
88,16,0,2,18,13,83,84,4,0.025
88,17,1,2,20,9,106,107,5,0.03125
88,18,2,2,18,12,127,123,10,0.0625
88,19,3,2,17,17,147,150,3,0.01875
88,20,4,2,23,14,139,136,9,0.05625
88,21,5,2,23,19,132,133,4,0.025
88,22,6,2,15,18,107,104,8,0.05
88,23,7,2,15,15,92,92,6,0.0375
88,24,0,3,29,15,102,100,5,0.03125
88,25,1,3,14,19,118,116,6,0.0375
88,26,2,3,15,14,129,126,8,0.05
88,27,3,3,18,15,151,155,5,0.03125
88,28,4,3,19,11,143,144,3,0.01875
88,29,5,3,18,16,140,140,5,0.03125
88,30,6,3,20,17,115,116,5,0.03125
88,31,7,3,20,14,94,93,4,0.025
88,32,0,4,13,17,81,84,3,0.01875
88,33,1,4,14,16,105,106,7,0.04375
88,34,2,4,20,19,127,129,3,0.01875
88,35,3,4,18,11,142,144,4,0.025
88,36,4,4,16,18,134,132,2,0.0125
88,37,5,4,22,7,125,124,5,0.03125
88,38,6,4,15,13,107,107,7,0.04375
88,39,7,4,16,12,79,81,5,0.03125
88,40,0,5,10,13,61,62,4,0.025
88,41,1,5,12,9,74,73,8,0.05
88,42,2,5,18,17,101,102,6,0.0375
88,43,3,5,24,12,117,118,5,0.03125
88,44,4,5,14,17,103,100,4,0.025
88,45,5,5,11,12,99,91,9,0.05625
88,46,6,5,15,13,90,93,7,0.04375
88,47,7,5,15,16,65,65,4,0.025
88,48,0,6,7,13,43,43,4,0.025
88,49,1,6,8,9,51,52,7,0.04375
88,50,2,6,17,14,61,64,6,0.0375
88,51,3,6,20,16,85,81,13,0.08125
88,52,4,6,13,13,69,64,8,0.05
88,53,5,6,4,18,63,62,8,0.05
88,54,6,6,1,22,56,55,10,0.0625
88,55,7,6,1,9,33,33,4,0.025
88,56,0,7,0,16,20,22,4,0.025
88,57,1,7,0,12,28,27,8,0.05
88,58,2,7,2,12,31,31,9,0.05625
88,59,3,7,11,21,51,50,10,0.0625
88,60,4,7,26,12,48,51,7,0.04375
88,61,5,7,8,10,42,41,6,0.0375
88,62,6,7,13,15,39,40,6,0.0375
88,63,7,7,4,7,20,21,2,0.0125
89,0,0,0,13,14,38,37,4,0.025
89,1,1,0,4,12,50,49,8,0.05
89,2,2,0,20,15,81,77,8,0.05
89,3,3,0,18,16,92,89,5,0.03125
89,4,4,0,19,18,97,95,4,0.025
89,5,5,0,19,10,77,80,1,0.00625
89,6,6,0,11,14,63,64,6,0.0375
89,7,7,0,12,18,42,41,5,0.03125
89,8,0,1,9,10,47,48,5,0.03125
89,9,1,1,13,13,68,66,8,0.05
89,10,2,1,11,13,85,82,9,0.05625
89,11,3,1,17,31,113,115,4,0.025
89,12,4,1,15,15,106,111,7,0.04375
89,13,5,1,35,21,107,109,6,0.0375
89,14,6,1,9,19,94,94,9,0.05625
89,15,7,1,14,14,68,65,9,0.05625
89,16,0,2,16,11,75,75,2,0.0125
89,17,1,2,22,16,102,100,7,0.04375
89,18,2,2,22,10,121,128,1,0.00625
89,19,3,2,12,12,139,140,1,0.00625
89,20,4,2,19,14,136,140,5,0.03125
89,21,5,2,18,20,125,122,6,0.0375
89,22,6,2,9,13,98,99,8,0.05
89,23,7,2,11,19,77,75,7,0.04375
89,24,0,3,9,11,77,76,5,0.03125
89,25,1,3,12,12,94,92,9,0.05625
89,26,2,3,27,12,137,133,10,0.0625
89,27,3,3,17,20,159,161,3,0.01875
89,28,4,3,20,14,159,157,5,0.03125
89,29,5,3,19,14,140,141,5,0.03125
89,30,6,3,19,20,125,123,7,0.04375
89,31,7,3,23,16,90,90,5,0.03125
89,32,0,4,22,15,84,83,4,0.025
89,33,1,4,29,12,113,112,10,0.0625
89,34,2,4,14,23,144,143,3,0.01875
89,35,3,4,15,9,156,154,4,0.025
89,36,4,4,21,10,153,148,6,0.0375
89,37,5,4,23,13,149,148,6,0.0375
89,38,6,4,27,19,135,131,8,0.05
89,39,7,4,17,16,89,88,5,0.03125
89,40,0,5,10,10,62,58,6,0.0375
89,41,1,5,14,11,83,84,7,0.04375
89,42,2,5,18,11,118,113,8,0.05
89,43,3,5,24,22,150,150,6,0.0375
89,44,4,5,18,19,132,133,4,0.025
89,45,5,5,22,17,133,133,8,0.05
89,46,6,5,19,12,102,100,7,0.04375
89,47,7,5,13,18,73,69,7,0.04375
89,48,0,6,11,18,52,53,5,0.03125
89,49,1,6,7,11,64,63,7,0.04375
89,50,2,6,20,16,87,86,7,0.04375
89,51,3,6,14,14,93,99,4,0.025
89,52,4,6,6,12,75,77,5,0.03125
89,53,5,6,3,18,71,71,8,0.05
89,54,6,6,2,12,53,55,8,0.05
89,55,7,6,1,7,37,38,3,0.01875
89,56,0,7,5,12,23,23,4,0.025
89,57,1,7,7,16,42,43,7,0.04375
89,58,2,7,7,14,57,57,9,0.05625
89,59,3,7,19,17,70,71,8,0.05
89,60,4,7,21,14,70,69,7,0.04375
89,61,5,7,18,11,61,61,7,0.04375
89,62,6,7,4,17,45,44,8,0.05
89,63,7,7,5,15,29,27,4,0.025
90,0,0,0,23,21,66,68,2,0.0125
90,1,1,0,24,23,98,104,3,0.01875
90,2,2,0,24,18,120,125,3,0.01875
90,3,3,0,23,25,140,138,7,0.04375
90,4,4,0,26,25,136,139,1,0.00625
90,5,5,0,21,23,123,118,7,0.04375
90,6,6,0,20,19,88,91,2,0.0125
90,7,7,0,21,20,56,58,3,0.01875
90,8,0,1,25,29,109,110,1,0.00625
90,9,1,1,20,30,135,139,5,0.03125
90,10,2,1,24,25,159,158,8,0.05
90,11,3,1,17,52,196,198,1,0.00625
90,12,4,1,23,23,171,174,2,0.0125
90,13,5,1,25,21,164,165,4,0.025
90,14,6,1,23,22,116,121,4,0.025
90,15,7,1,20,27,91,98,2,0.0125
90,16,0,2,14,22,116,117,1,0.00625
90,17,1,2,18,28,142,147,3,0.01875
90,18,2,2,24,12,164,160,5,0.03125
90,19,3,2,16,22,209,208,2,0.0125
90,20,4,2,18,21,195,198,3,0.01875
90,21,5,2,23,18,173,171,8,0.05
90,22,6,2,22,13,129,129,7,0.04375
90,23,7,2,21,18,121,122,4,0.025
90,24,0,3,16,16,126,126,4,0.025
90,25,1,3,22,16,138,146,1,0.00625
90,26,2,3,25,21,170,173,6,0.0375
90,27,3,3,22,26,227,224,4,0.025
90,28,4,3,18,31,210,213,1,0.00625
90,29,5,3,16,17,169,172,2,0.0125
90,30,6,3,16,22,140,143,3,0.01875
90,31,7,3,18,24,128,131,1,0.00625
90,32,0,4,21,21,131,133,1,0.00625
90,33,1,4,15,12,136,138,5,0.03125
90,34,2,4,21,18,165,164,4,0.025
90,35,3,4,13,21,205,205,5,0.03125
90,36,4,4,21,26,205,207,5,0.03125
90,37,5,4,24,24,185,187,5,0.03125
90,38,6,4,25,15,141,150,0,0.0
90,39,7,4,16,25,120,124,0,0.0
90,40,0,5,28,23,125,133,0,0.0
90,41,1,5,20,21,143,140,11,0.06875
90,42,2,5,25,21,165,172,5,0.03125
90,43,3,5,18,30,211,208,7,0.04375
90,44,4,5,21,31,205,207,2,0.0125
90,45,5,5,24,28,178,180,6,0.0375
90,46,6,5,19,20,125,131,2,0.0125
90,47,7,5,12,28,105,112,1,0.00625
90,48,0,6,26,29,96,98,3,0.01875
90,49,1,6,20,16,118,117,9,0.05625
90,50,2,6,26,20,152,153,6,0.0375
90,51,3,6,23,25,172,169,9,0.05625
90,52,4,6,15,25,169,165,9,0.05625
90,53,5,6,17,28,151,151,7,0.04375
90,54,6,6,19,22,118,121,5,0.03125
90,55,7,6,21,16,103,103,2,0.0125
90,56,0,7,23,18,53,57,0,0.0
90,57,1,7,24,16,87,88,6,0.0375
90,58,2,7,25,25,122,124,7,0.04375
90,59,3,7,19,17,133,136,5,0.03125
90,60,4,7,24,21,134,138,3,0.01875
90,61,5,7,21,23,112,115,4,0.025
90,62,6,7,15,17,78,86,0,0.0
90,63,7,7,21,28,68,73,0,0.0
91,0,0,0,17,24,57,57,2,0.0125
91,1,1,0,16,23,78,75,6,0.0375
91,2,2,0,23,16,94,92,4,0.025
91,3,3,0,14,15,104,108,3,0.01875
91,4,4,0,15,18,107,104,4,0.025
91,5,5,0,26,16,100,101,6,0.0375
91,6,6,0,11,19,73,67,8,0.05
91,7,7,0,20,13,42,42,3,0.01875
91,8,0,1,12,19,71,72,3,0.01875
91,9,1,1,20,17,94,91,8,0.05
91,10,2,1,23,13,106,113,3,0.01875
91,11,3,1,17,33,138,134,6,0.0375
91,12,4,1,21,22,125,121,8,0.05
91,13,5,1,9,13,105,108,3,0.01875
91,14,6,1,23,18,107,105,5,0.03125
91,15,7,1,19,16,64,66,0,0.0
91,16,0,2,23,16,102,103,1,0.00625
91,17,1,2,21,12,122,116,10,0.0625
91,18,2,2,19,16,124,122,6,0.0375
91,19,3,2,19,17,161,159,6,0.0375
91,20,4,2,27,18,156,151,8,0.05
91,21,5,2,18,20,127,128,7,0.04375
91,22,6,2,12,17,109,110,7,0.04375
91,23,7,2,19,15,85,85,6,0.0375
91,24,0,3,19,12,100,104,1,0.00625
91,25,1,3,18,22,126,120,7,0.04375
91,26,2,3,25,14,129,128,8,0.05
91,27,3,3,23,11,161,159,9,0.05625
91,28,4,3,30,16,162,159,3,0.01875
91,29,5,3,23,22,149,145,5,0.03125
91,30,6,3,19,13,126,122,7,0.04375
91,31,7,3,23,11,95,92,4,0.025
91,32,0,4,12,20,93,94,1,0.00625
91,33,1,4,23,12,118,123,2,0.0125
91,34,2,4,17,14,130,132,2,0.0125
91,35,3,4,18,19,154,156,4,0.025
91,36,4,4,22,20,151,150,5,0.03125
91,37,5,4,19,17,119,118,6,0.0375
91,38,6,4,17,19,113,108,5,0.03125
91,39,7,4,16,15,90,85,5,0.03125
91,40,0,5,10,25,87,85,3,0.01875
91,41,1,5,11,22,99,102,6,0.0375
91,42,2,5,16,17,108,109,2,0.0125
91,43,3,5,24,20,130,131,8,0.05
91,44,4,5,25,20,131,127,7,0.04375
91,45,5,5,20,15,109,108,7,0.04375
91,46,6,5,14,26,113,107,7,0.04375
91,47,7,5,21,23,88,88,1,0.00625
91,48,0,6,15,12,71,70,3,0.01875
91,49,1,6,14,14,83,86,6,0.0375
91,50,2,6,14,10,86,92,1,0.00625
91,51,3,6,20,14,104,101,12,0.075
91,52,4,6,17,12,101,106,5,0.03125
91,53,5,6,25,11,89,92,5,0.03125
91,54,6,6,6,19,77,73,8,0.05
91,55,7,6,15,11,57,56,4,0.025
91,56,0,7,8,17,32,28,4,0.025
91,57,1,7,7,14,34,32,8,0.05
91,58,2,7,11,15,44,44,7,0.04375
91,59,3,7,4,14,47,42,11,0.06875
91,60,4,7,17,13,62,57,8,0.05
91,61,5,7,12,12,54,51,8,0.05
91,62,6,7,11,10,49,41,8,0.05
91,63,7,7,16,17,42,37,4,0.025
92,0,0,0,19,15,46,46,2,0.0125
92,1,1,0,20,17,77,75,8,0.05
92,2,2,0,13,10,79,78,6,0.0375
92,3,3,0,25,17,102,98,8,0.05
92,4,4,0,21,10,87,80,10,0.0625
92,5,5,0,20,14,75,71,9,0.05625
92,6,6,0,11,15,46,48,7,0.04375
92,7,7,0,8,11,28,28,3,0.01875
92,8,0,1,18,16,71,69,5,0.03125
92,9,1,1,26,12,100,102,5,0.03125
92,10,2,1,13,17,104,101,4,0.025
92,11,3,1,14,25,136,138,5,0.03125
92,12,4,1,13,12,99,102,5,0.03125
92,13,5,1,22,6,91,86,8,0.05
92,14,6,1,8,14,74,72,7,0.04375
92,15,7,1,15,11,55,53,3,0.01875
92,16,0,2,18,16,86,83,5,0.03125
92,17,1,2,14,18,108,107,10,0.0625
92,18,2,2,16,10,108,111,5,0.03125
92,19,3,2,17,23,154,156,4,0.025
92,20,4,2,21,7,120,123,5,0.03125
92,21,5,2,19,14,111,114,4,0.025
92,22,6,2,11,10,88,87,8,0.05
92,23,7,2,16,12,68,68,6,0.0375
92,24,0,3,14,8,81,79,2,0.0125
92,25,1,3,12,12,109,110,6,0.0375
92,26,2,3,14,16,115,122,1,0.00625
92,27,3,3,22,21,163,163,7,0.04375
92,28,4,3,19,21,150,151,4,0.025
92,29,5,3,17,16,128,132,3,0.01875
92,30,6,3,17,12,106,107,8,0.05
92,31,7,3,19,12,85,85,4,0.025
92,32,0,4,10,16,75,74,1,0.00625
92,33,1,4,17,12,105,105,2,0.0125
92,34,2,4,22,17,127,125,4,0.025
92,35,3,4,33,10,160,160,5,0.03125
92,36,4,4,17,16,127,131,2,0.0125
92,37,5,4,15,9,105,106,5,0.03125
92,38,6,4,12,11,82,81,7,0.04375
92,39,7,4,14,11,77,79,4,0.025
92,40,0,5,11,12,60,59,4,0.025
92,41,1,5,11,10,84,82,8,0.05
92,42,2,5,22,15,106,103,6,0.0375
92,43,3,5,17,22,129,130,5,0.03125
92,44,4,5,21,14,113,116,3,0.01875
92,45,5,5,18,21,105,109,4,0.025
92,46,6,5,4,11,67,69,6,0.0375
92,47,7,5,9,17,77,72,5,0.03125
92,48,0,6,16,14,43,42,5,0.03125
92,49,1,6,17,18,67,65,8,0.05
92,50,2,6,22,9,83,78,6,0.0375
92,51,3,6,16,21,98,99,11,0.06875
92,52,4,6,19,9,82,80,8,0.05
92,53,5,6,4,17,76,72,9,0.05625
92,54,6,6,4,12,55,54,9,0.05625
92,55,7,6,3,17,52,51,5,0.03125
92,56,0,7,8,15,23,23,4,0.025
92,57,1,7,6,11,31,32,6,0.0375
92,58,2,7,20,10,48,49,5,0.03125
92,59,3,7,16,16,53,55,8,0.05
92,60,4,7,0,12,30,30,9,0.05625
92,61,5,7,0,17,31,31,8,0.05
92,62,6,7,0,10,23,22,8,0.05
92,63,7,7,0,16,22,23,4,0.025
93,0,0,0,10,17,40,39,3,0.01875
93,1,1,0,10,7,55,56,5,0.03125
93,2,2,0,24,11,82,85,3,0.01875
93,3,3,0,15,20,99,104,3,0.01875
93,4,4,0,17,9,93,100,3,0.01875
93,5,5,0,14,16,93,101,3,0.01875
93,6,6,0,19,19,79,77,8,0.05
93,7,7,0,19,19,49,48,4,0.025
93,8,0,1,17,17,73,72,6,0.0375
93,9,1,1,17,18,83,82,5,0.03125
93,10,2,1,20,15,109,106,8,0.05
93,11,3,1,20,27,135,132,8,0.05
93,12,4,1,22,20,122,121,6,0.0375
93,13,5,1,26,24,129,128,9,0.05625
93,14,6,1,14,15,91,89,8,0.05
93,15,7,1,11,24,74,74,3,0.01875
93,16,0,2,14,16,89,85,8,0.05
93,17,1,2,18,13,103,103,7,0.04375
93,18,2,2,23,17,132,132,5,0.03125
93,19,3,2,25,20,154,153,3,0.01875
93,20,4,2,17,13,133,134,4,0.025
93,21,5,2,16,19,135,135,4,0.025
93,22,6,2,21,21,107,106,8,0.05
93,23,7,2,14,18,82,84,4,0.025
93,24,0,3,13,27,100,101,3,0.01875
93,25,1,3,15,14,116,112,10,0.0625
93,26,2,3,17,15,135,128,7,0.04375
93,27,3,3,23,17,152,158,1,0.00625
93,28,4,3,17,17,151,150,5,0.03125
93,29,5,3,19,19,151,152,2,0.0125
93,30,6,3,20,13,117,116,7,0.04375
93,31,7,3,21,17,90,88,5,0.03125
93,32,0,4,20,16,95,92,4,0.025
93,33,1,4,23,17,128,119,11,0.06875
93,34,2,4,19,17,130,128,6,0.0375
93,35,3,4,16,11,152,151,6,0.0375
93,36,4,4,26,17,152,148,3,0.01875
93,37,5,4,21,14,140,138,6,0.0375
93,38,6,4,17,12,108,107,7,0.04375
93,39,7,4,17,7,76,76,5,0.03125
93,40,0,5,14,18,75,75,4,0.025
93,41,1,5,12,16,103,104,7,0.04375
93,42,2,5,22,17,118,119,5,0.03125
93,43,3,5,21,21,139,139,6,0.0375
93,44,4,5,25,15,122,122,4,0.025
93,45,5,5,17,17,120,115,9,0.05625
93,46,6,5,8,7,89,89,6,0.0375
93,47,7,5,17,14,68,70,4,0.025
93,48,0,6,5,15,47,48,4,0.025
93,49,1,6,2,14,59,58,9,0.05625
93,50,2,6,19,16,79,77,7,0.04375
93,51,3,6,22,17,90,93,9,0.05625
93,52,4,6,16,14,85,85,8,0.05
93,53,5,6,11,14,78,78,9,0.05625
93,54,6,6,1,17,56,57,9,0.05625
93,55,7,6,2,15,39,39,5,0.03125
93,56,0,7,7,16,32,31,4,0.025
93,57,1,7,7,17,52,50,9,0.05625
93,58,2,7,15,14,66,65,7,0.04375
93,59,3,7,38,10,81,84,4,0.025
93,60,4,7,14,15,72,74,6,0.0375
93,61,5,7,4,24,62,60,8,0.05
93,62,6,7,3,14,37,38,8,0.05
93,63,7,7,4,8,20,20,4,0.025
94,0,0,0,21,15,48,48,4,0.025
94,1,1,0,20,23,87,83,9,0.05625
94,2,2,0,11,11,87,86,5,0.03125
94,3,3,0,18,21,113,111,4,0.025
94,4,4,0,22,20,107,110,2,0.0125
94,5,5,0,22,16,92,90,4,0.025
94,6,6,0,14,19,73,75,6,0.0375
94,7,7,0,19,14,47,47,3,0.01875
94,8,0,1,8,11,55,57,4,0.025
94,9,1,1,10,14,84,83,9,0.05625
94,10,2,1,18,16,93,96,4,0.025
94,11,3,1,16,27,133,137,3,0.01875
94,12,4,1,16,10,118,121,3,0.01875
94,13,5,1,20,23,120,124,3,0.01875
94,14,6,1,15,14,100,101,8,0.05
94,15,7,1,16,8,67,65,5,0.03125
94,16,0,2,20,19,82,85,5,0.03125
94,17,1,2,15,15,101,101,8,0.05
94,18,2,2,28,18,127,127,5,0.03125
94,19,3,2,19,16,150,151,4,0.025
94,20,4,2,27,13,139,136,6,0.0375
94,21,5,2,20,16,135,136,4,0.025
94,22,6,2,20,10,120,121,7,0.04375
94,23,7,2,17,17,92,87,10,0.0625
94,24,0,3,16,16,91,88,4,0.025
94,25,1,3,13,9,112,114,7,0.04375
94,26,2,3,18,21,148,151,4,0.025
94,27,3,3,18,10,160,157,5,0.03125
94,28,4,3,15,16,138,141,2,0.0125
94,29,5,3,15,18,145,140,6,0.0375
94,30,6,3,19,16,118,119,8,0.05
94,31,7,3,14,16,87,89,4,0.025
94,32,0,4,11,19,84,84,5,0.03125
94,33,1,4,3,18,104,102,13,0.08125
94,34,2,4,20,9,124,122,9,0.05625
94,35,3,4,27,14,144,141,7,0.04375
94,36,4,4,24,23,147,146,7,0.04375
94,37,5,4,24,14,138,138,7,0.04375
94,38,6,4,14,14,108,108,8,0.05
94,39,7,4,9,19,86,83,6,0.0375
94,40,0,5,14,16,82,80,5,0.03125
94,41,1,5,16,16,111,112,8,0.05
94,42,2,5,16,14,129,131,1,0.00625
94,43,3,5,18,13,133,131,7,0.04375
94,44,4,5,20,11,126,125,3,0.01875
94,45,5,5,24,18,120,122,6,0.0375
94,46,6,5,12,18,100,96,8,0.05
94,47,7,5,6,17,70,69,4,0.025
94,48,0,6,7,10,58,58,4,0.025
94,49,1,6,14,15,77,77,8,0.05
94,50,2,6,22,22,106,105,6,0.0375
94,51,3,6,22,18,120,123,6,0.0375
94,52,4,6,24,13,103,103,6,0.0375
94,53,5,6,15,18,88,90,7,0.04375
94,54,6,6,5,16,69,69,7,0.04375
94,55,7,6,3,12,56,53,6,0.0375
94,56,0,7,12,19,47,47,4,0.025
94,57,1,7,9,16,58,59,6,0.0375
94,58,2,7,20,16,75,74,8,0.05
94,59,3,7,21,21,89,87,7,0.04375
94,60,4,7,15,9,68,69,6,0.0375
94,61,5,7,12,16,64,66,8,0.05
94,62,6,7,10,12,48,47,8,0.05
94,63,7,7,2,19,39,39,4,0.025
95,0,0,0,9,24,47,46,4,0.025
95,1,1,0,12,23,70,76,5,0.03125
95,2,2,0,20,17,88,85,5,0.03125
95,3,3,0,21,17,104,103,3,0.01875
95,4,4,0,19,16,105,105,1,0.00625
95,5,5,0,21,19,105,104,5,0.03125
95,6,6,0,17,17,76,75,7,0.04375
95,7,7,0,17,14,43,43,4,0.025
95,8,0,1,16,13,72,71,4,0.025
95,9,1,1,16,12,88,87,9,0.05625
95,10,2,1,10,19,99,96,8,0.05
95,11,3,1,21,36,138,133,8,0.05
95,12,4,1,22,16,121,115,8,0.05
95,13,5,1,19,15,119,117,7,0.04375
95,14,6,1,15,10,91,90,9,0.05625
95,15,7,1,15,15,61,60,5,0.03125
95,16,0,2,8,17,79,82,2,0.0125
95,17,1,2,6,15,87,90,8,0.05
95,18,2,2,16,16,115,112,9,0.05625
95,19,3,2,24,10,141,137,7,0.04375
95,20,4,2,21,13,126,125,7,0.04375
95,21,5,2,21,19,137,131,9,0.05625
95,22,6,2,21,16,123,120,11,0.06875
95,23,7,2,16,16,78,83,5,0.03125
95,24,0,3,24,17,102,102,6,0.0375
95,25,1,3,21,16,122,120,8,0.05
95,26,2,3,17,10,138,139,5,0.03125
95,27,3,3,21,17,150,147,6,0.0375
95,28,4,3,27,17,150,150,2,0.0125
95,29,5,3,22,6,135,133,8,0.05
95,30,6,3,16,24,127,127,6,0.0375
95,31,7,3,13,19,93,92,6,0.0375
95,32,0,4,3,11,81,80,5,0.03125
95,33,1,4,11,21,104,108,9,0.05625
95,34,2,4,18,18,140,139,9,0.05625
95,35,3,4,18,20,148,152,5,0.03125
95,36,4,4,28,14,151,155,3,0.01875
95,37,5,4,22,14,148,150,3,0.01875
95,38,6,4,16,17,123,121,10,0.0625
95,39,7,4,21,11,95,99,3,0.01875
95,40,0,5,24,15,92,92,6,0.0375
95,41,1,5,26,21,125,122,10,0.0625
95,42,2,5,13,20,138,133,6,0.0375
95,43,3,5,23,15,144,147,5,0.03125
95,44,4,5,18,20,140,141,2,0.0125
95,45,5,5,18,10,130,132,4,0.025
95,46,6,5,19,19,114,114,9,0.05625
95,47,7,5,12,20,86,87,3,0.01875
95,48,0,6,17,18,73,72,4,0.025
95,49,1,6,11,18,93,95,7,0.04375
95,50,2,6,24,16,122,122,8,0.05
95,51,3,6,21,18,126,128,4,0.025
95,52,4,6,23,16,113,118,1,0.00625
95,53,5,6,19,25,115,115,8,0.05
95,54,6,6,6,12,82,79,10,0.0625
95,55,7,6,7,20,58,61,4,0.025
95,56,0,7,5,18,34,34,4,0.025
95,57,1,7,10,13,46,47,7,0.04375
95,58,2,7,14,16,71,70,6,0.0375
95,59,3,7,25,13,82,85,4,0.025
95,60,4,7,27,17,87,86,7,0.04375
95,61,5,7,14,16,68,68,7,0.04375
95,62,6,7,8,22,56,56,9,0.05625
95,63,7,7,7,15,34,33,5,0.03125
96,0,0,0,13,15,42,43,4,0.025
96,1,1,0,15,19,75,73,7,0.04375
96,2,2,0,25,17,90,92,6,0.0375
96,3,3,0,21,17,103,107,2,0.0125
96,4,4,0,10,23,108,106,3,0.01875
96,5,5,0,20,17,103,104,3,0.01875
96,6,6,0,24,15,79,82,5,0.03125
96,7,7,0,14,19,42,43,3,0.01875
96,8,0,1,4,14,53,52,6,0.0375
96,9,1,1,3,13,81,83,6,0.0375
96,10,2,1,16,18,92,94,7,0.04375
96,11,3,1,25,23,129,128,10,0.0625
96,12,4,1,14,11,115,116,6,0.0375
96,13,5,1,24,19,122,124,5,0.03125
96,14,6,1,21,17,101,98,13,0.08125
96,15,7,1,18,15,66,67,4,0.025
96,16,0,2,7,18,75,72,4,0.025
96,17,1,2,9,18,99,98,8,0.05
96,18,2,2,11,17,99,100,8,0.05
96,19,3,2,20,16,138,141,4,0.025
96,20,4,2,26,20,133,136,5,0.03125
96,21,5,2,19,16,127,132,6,0.0375
96,22,6,2,12,21,111,110,11,0.06875
96,23,7,2,7,12,71,72,3,0.01875
96,24,0,3,12,18,90,90,4,0.025
96,25,1,3,19,21,130,129,10,0.0625
96,26,2,3,17,17,129,125,6,0.0375
96,27,3,3,18,16,158,160,6,0.0375
96,28,4,3,15,16,154,152,2,0.0125
96,29,5,3,17,15,150,152,5,0.03125
96,30,6,3,24,22,142,141,7,0.04375
96,31,7,3,16,17,92,93,3,0.01875
96,32,0,4,13,22,97,97,5,0.03125
96,33,1,4,15,22,131,134,6,0.0375
96,34,2,4,21,19,130,133,4,0.025
96,35,3,4,19,20,161,160,6,0.0375
96,36,4,4,22,21,164,159,8,0.05
96,37,5,4,13,22,138,140,2,0.0125
96,38,6,4,22,18,127,129,6,0.0375
96,39,7,4,14,14,100,98,5,0.03125
96,40,0,5,19,16,91,90,6,0.0375
96,41,1,5,15,14,110,111,9,0.05625
96,42,2,5,24,16,116,120,4,0.025
96,43,3,5,28,18,150,151,4,0.025
96,44,4,5,20,15,142,140,5,0.03125
96,45,5,5,15,15,128,127,6,0.0375
96,46,6,5,17,16,105,107,7,0.04375
96,47,7,5,11,9,92,89,6,0.0375
96,48,0,6,13,11,66,66,5,0.03125
96,49,1,6,15,13,86,86,8,0.05
96,50,2,6,16,9,89,90,7,0.04375
96,51,3,6,23,15,117,112,8,0.05
96,52,4,6,26,15,114,108,7,0.04375
96,53,5,6,21,17,111,110,8,0.05
96,54,6,6,10,18,80,81,10,0.0625
96,55,7,6,6,17,71,66,9,0.05625
96,56,0,7,11,18,40,41,3,0.01875
96,57,1,7,11,17,62,62,7,0.04375
96,58,2,7,20,9,71,73,5,0.03125
96,59,3,7,17,16,89,90,4,0.025
96,60,4,7,28,15,97,96,8,0.05
96,61,5,7,19,17,85,84,9,0.05625
96,62,6,7,3,13,55,56,8,0.05
96,63,7,7,11,18,45,43,6,0.0375
97,0,0,0,16,28,63,65,1,0.00625
97,1,1,0,23,24,95,102,0,0.0
97,2,2,0,22,28,127,129,3,0.01875
97,3,3,0,16,22,127,126,2,0.0125
97,4,4,0,22,18,122,123,2,0.0125
97,5,5,0,18,23,108,111,1,0.00625
97,6,6,0,20,18,83,88,0,0.0
97,7,7,0,18,18,52,52,1,0.00625
97,8,0,1,24,28,107,112,1,0.00625
97,9,1,1,14,19,126,133,1,0.00625
97,10,2,1,21,20,150,154,1,0.00625
97,11,3,1,15,38,159,165,3,0.01875
97,12,4,1,22,27,167,171,2,0.0125
97,13,5,1,18,22,155,157,3,0.01875
97,14,6,1,18,20,125,128,8,0.05
97,15,7,1,19,20,89,93,1,0.00625
97,16,0,2,19,17,114,116,3,0.01875
97,17,1,2,23,25,150,151,8,0.05
97,18,2,2,25,25,186,186,6,0.0375
97,19,3,2,25,22,189,190,2,0.0125
97,20,4,2,12,23,186,187,4,0.025
97,21,5,2,22,21,181,183,4,0.025
97,22,6,2,18,30,154,163,3,0.01875
97,23,7,2,24,25,122,121,4,0.025
97,24,0,3,19,17,119,123,1,0.00625
97,25,1,3,20,18,149,150,9,0.05625
97,26,2,3,27,17,185,186,7,0.04375
97,27,3,3,18,28,197,199,4,0.025
97,28,4,3,16,29,196,196,3,0.01875
97,29,5,3,20,16,177,181,1,0.00625
97,30,6,3,24,32,172,177,2,0.0125
97,31,7,3,14,18,130,125,9,0.05625
97,32,0,4,19,19,125,128,2,0.0125
97,33,1,4,19,21,160,160,6,0.0375
97,34,2,4,24,27,202,202,6,0.0375
97,35,3,4,26,16,207,207,5,0.03125
97,36,4,4,23,30,207,212,3,0.01875
97,37,5,4,18,24,191,188,5,0.03125
97,38,6,4,22,25,175,182,0,0.0
97,39,7,4,20,17,127,130,2,0.0125
97,40,0,5,18,21,117,119,4,0.025
97,41,1,5,30,28,161,161,10,0.0625
97,42,2,5,13,22,195,195,2,0.0125
97,43,3,5,25,32,209,210,4,0.025
97,44,4,5,19,20,198,198,4,0.025
97,45,5,5,23,22,184,188,3,0.01875
97,46,6,5,21,28,169,171,6,0.0375
97,47,7,5,22,17,119,124,1,0.00625
97,48,0,6,26,14,97,97,3,0.01875
97,49,1,6,17,22,122,124,5,0.03125
97,50,2,6,26,25,165,171,1,0.00625
97,51,3,6,19,24,189,189,8,0.05
97,52,4,6,18,24,179,184,2,0.0125
97,53,5,6,18,28,159,163,3,0.01875
97,54,6,6,16,22,133,138,5,0.03125
97,55,7,6,31,25,102,108,2,0.0125
97,56,0,7,23,23,61,63,1,0.00625
97,57,1,7,21,20,92,96,1,0.00625
97,58,2,7,16,22,116,121,2,0.0125
97,59,3,7,19,15,127,130,0,0.0
97,60,4,7,14,17,122,127,2,0.0125
97,61,5,7,20,18,114,122,0,0.0
97,62,6,7,23,30,105,111,2,0.0125
97,63,7,7,23,28,64,70,0,0.0
98,0,0,0,21,13,54,52,3,0.01875
98,1,1,0,15,10,73,70,1,0.00625
98,2,2,0,27,15,95,92,6,0.0375
98,3,3,0,19,15,101,99,4,0.025
98,4,4,0,22,14,106,104,5,0.03125
98,5,5,0,24,24,104,105,1,0.00625
98,6,6,0,18,14,75,74,0,0.0
98,7,7,0,19,17,44,46,1,0.00625
98,8,0,1,24,19,86,77,10,0.0625
98,9,1,1,18,24,104,102,2,0.0125
98,10,2,1,17,14,109,108,3,0.01875
98,11,3,1,19,31,134,136,2,0.0125
98,12,4,1,20,16,128,127,4,0.025
98,13,5,1,19,17,127,122,6,0.0375
98,14,6,1,23,21,105,104,10,0.0625
98,15,7,1,19,16,69,61,8,0.05
98,16,0,2,9,11,82,77,8,0.05
98,17,1,2,20,16,113,113,6,0.0375
98,18,2,2,16,14,115,118,5,0.03125
98,19,3,2,14,13,142,143,2,0.0125
98,20,4,2,20,23,160,159,3,0.01875
98,21,5,2,23,18,149,146,4,0.025
98,22,6,2,24,14,127,122,6,0.0375
98,23,7,2,20,18,88,85,7,0.04375
98,24,0,3,20,13,98,97,3,0.01875
98,25,1,3,18,9,121,120,9,0.05625
98,26,2,3,16,14,130,131,8,0.05
98,27,3,3,22,13,148,145,7,0.04375
98,28,4,3,14,20,154,155,3,0.01875
98,29,5,3,19,25,151,147,5,0.03125
98,30,6,3,21,15,124,123,4,0.025
98,31,7,3,18,18,93,103,0,0.0
98,32,0,4,15,21,103,101,4,0.025
98,33,1,4,10,25,110,111,6,0.0375
98,34,2,4,26,15,135,135,5,0.03125
98,35,3,4,16,15,146,148,4,0.025
98,36,4,4,26,18,157,155,5,0.03125
98,37,5,4,24,18,150,150,5,0.03125
98,38,6,4,16,23,133,123,10,0.0625
98,39,7,4,17,13,100,100,1,0.00625
98,40,0,5,20,15,91,90,3,0.01875
98,41,1,5,18,23,104,107,6,0.0375
98,42,2,5,19,17,127,127,5,0.03125
98,43,3,5,13,12,127,121,9,0.05625
98,44,4,5,24,24,145,147,3,0.01875
98,45,5,5,18,20,139,133,6,0.0375
98,46,6,5,22,19,113,112,7,0.04375
98,47,7,5,17,21,94,92,3,0.01875
98,48,0,6,17,16,69,70,4,0.025
98,49,1,6,15,8,82,77,10,0.0625
98,50,2,6,21,20,113,110,4,0.025
98,51,3,6,25,14,113,112,10,0.0625
98,52,4,6,24,12,123,120,6,0.0375
98,53,5,6,12,15,106,103,7,0.04375
98,54,6,6,10,13,89,86,8,0.05
98,55,7,6,13,20,74,72,6,0.0375
98,56,0,7,15,20,46,46,1,0.00625
98,57,1,7,14,19,64,59,7,0.04375
98,58,2,7,13,15,74,69,7,0.04375
98,59,3,7,23,18,94,88,7,0.04375
98,60,4,7,20,16,104,101,4,0.025
98,61,5,7,16,18,103,99,5,0.03125
98,62,6,7,23,18,90,85,7,0.04375
98,63,7,7,22,21,59,59,1,0.00625
99,0,0,0,22,14,46,49,1,0.00625
99,1,1,0,15,17,76,74,4,0.025
99,2,2,0,17,19,88,90,5,0.03125
99,3,3,0,13,22,94,96,2,0.0125
99,4,4,0,21,14,87,90,2,0.0125
99,5,5,0,12,14,71,69,2,0.0125
99,6,6,0,19,19,73,66,7,0.04375
99,7,7,0,17,20,52,47,6,0.0375
99,8,0,1,14,14,71,73,8,0.05
99,9,1,1,16,21,99,91,9,0.05625
99,10,2,1,16,19,106,102,8,0.05
99,11,3,1,25,22,134,128,9,0.05625
99,12,4,1,20,11,109,110,3,0.01875
99,13,5,1,25,18,114,113,7,0.04375
99,14,6,1,20,23,107,110,7,0.04375
99,15,7,1,21,20,86,87,7,0.04375
99,16,0,2,18,16,89,90,6,0.0375
99,17,1,2,20,12,112,110,9,0.05625
99,18,2,2,21,12,124,123,4,0.025
99,19,3,2,21,15,152,147,6,0.0375
99,20,4,2,20,25,140,138,4,0.025
99,21,5,2,18,10,129,136,0,0.0
99,22,6,2,29,24,134,134,7,0.04375
99,23,7,2,20,16,102,101,8,0.05
99,24,0,3,17,11,88,91,0,0.0
99,25,1,3,22,24,120,127,2,0.0125
99,26,2,3,16,19,130,134,2,0.0125
99,27,3,3,19,22,156,161,2,0.0125
99,28,4,3,15,12,135,137,1,0.00625
99,29,5,3,22,18,136,139,3,0.01875
99,30,6,3,17,17,127,129,3,0.01875
99,31,7,3,17,18,101,98,3,0.01875
99,32,0,4,17,13,86,87,3,0.01875
99,33,1,4,23,6,112,111,6,0.0375
99,34,2,4,12,18,117,122,1,0.00625
99,35,3,4,14,12,137,134,7,0.04375
99,36,4,4,26,13,137,138,3,0.01875
99,37,5,4,17,11,125,122,8,0.05
99,38,6,4,9,16,110,115,6,0.0375
99,39,7,4,18,19,92,92,1,0.00625
99,40,0,5,10,14,74,74,6,0.0375
99,41,1,5,11,14,90,88,8,0.05
99,42,2,5,17,14,103,101,6,0.0375
99,43,3,5,13,14,113,118,5,0.03125
99,44,4,5,25,14,117,115,5,0.03125
99,45,5,5,17,13,113,115,6,0.0375
99,46,6,5,10,20,99,102,5,0.03125
99,47,7,5,10,12,70,70,4,0.025
99,48,0,6,13,14,63,61,5,0.03125
99,49,1,6,17,21,83,85,8,0.05
99,50,2,6,30,11,94,91,7,0.04375
99,51,3,6,21,11,94,93,9,0.05625
99,52,4,6,10,7,81,82,4,0.025
99,53,5,6,9,15,80,80,7,0.04375
99,54,6,6,3,18,66,67,8,0.05
99,55,7,6,3,16,43,45,4,0.025
99,56,0,7,7,22,32,29,5,0.03125
99,57,1,7,1,18,33,32,8,0.05
99,58,2,7,7,11,33,32,8,0.05
99,59,3,7,15,15,45,40,11,0.06875
99,60,4,7,11,18,51,48,8,0.05
99,61,5,7,12,19,49,46,7,0.04375
99,62,6,7,9,11,37,37,7,0.04375
99,63,7,7,9,8,24,19,5,0.03125
100,0,0,0,25,11,47,43,4,0.025
100,1,1,0,23,18,85,83,6,0.0375
100,2,2,0,17,21,101,103,3,0.01875
100,3,3,0,19,13,102,102,3,0.01875
100,4,4,0,19,15,102,102,2,0.0125
100,5,5,0,18,12,95,90,7,0.04375
100,6,6,0,16,11,64,65,7,0.04375
100,7,7,0,16,11,39,40,3,0.01875
100,8,0,1,9,15,62,62,7,0.04375
100,9,1,1,6,16,90,90,11,0.06875
100,10,2,1,17,16,104,103,9,0.05625
100,11,3,1,22,38,126,128,4,0.025
100,12,4,1,24,10,105,100,8,0.05
100,13,5,1,18,17,113,113,7,0.04375
100,14,6,1,18,24,93,90,11,0.06875
100,15,7,1,10,20,59,65,2,0.0125
100,16,0,2,15,13,82,81,8,0.05
100,17,1,2,26,10,119,114,13,0.08125
100,18,2,2,21,11,128,127,5,0.03125
100,19,3,2,12,17,144,146,6,0.0375
100,20,4,2,15,12,120,120,5,0.03125
100,21,5,2,24,20,150,141,6,0.0375
100,22,6,2,22,12,116,116,8,0.05
100,23,7,2,19,8,83,83,7,0.04375
100,24,0,3,23,14,100,96,3,0.01875
100,25,1,3,18,15,124,119,8,0.05
100,26,2,3,23,18,142,139,6,0.0375
100,27,3,3,25,15,164,158,6,0.0375
100,28,4,3,24,15,146,144,2,0.0125
100,29,5,3,20,23,152,147,7,0.04375
100,30,6,3,15,12,116,107,9,0.05625
100,31,7,3,22,10,99,94,8,0.05
100,32,0,4,21,17,102,99,5,0.03125
100,33,1,4,16,20,125,122,8,0.05
100,34,2,4,18,14,144,136,8,0.05
100,35,3,4,20,17,163,164,6,0.0375
100,36,4,4,9,14,138,141,1,0.00625
100,37,5,4,31,13,137,143,2,0.0125
100,38,6,4,14,9,102,102,6,0.0375
100,39,7,4,13,18,92,93,0,0.0
100,40,0,5,15,20,80,83,2,0.0125
100,41,1,5,11,8,91,93,5,0.03125
100,42,2,5,27,14,115,119,3,0.01875
100,43,3,5,22,20,150,146,5,0.03125
100,44,4,5,23,18,131,131,4,0.025
100,45,5,5,20,14,117,118,6,0.0375
100,46,6,5,10,15,94,90,7,0.04375
100,47,7,5,9,18,77,78,3,0.01875
100,48,0,6,2,16,45,47,4,0.025
100,49,1,6,10,17,61,61,9,0.05625
100,50,2,6,16,12,59,58,9,0.05625
100,51,3,6,25,19,95,97,8,0.05
100,52,4,6,7,15,74,73,5,0.03125
100,53,5,6,14,17,78,76,9,0.05625
100,54,6,6,2,13,58,58,8,0.05
100,55,7,6,4,15,47,46,4,0.025
100,56,0,7,3,19,28,29,4,0.025
100,57,1,7,4,20,42,42,9,0.05625
100,58,2,7,8,11,44,45,7,0.04375
100,59,3,7,16,14,55,58,8,0.05
100,60,4,7,16,10,40,41,8,0.05
100,61,5,7,1,12,35,35,8,0.05
100,62,6,7,5,19,36,35,8,0.05
100,63,7,7,5,15,22,24,4,0.025
101,0,0,0,18,20,48,48,4,0.025
101,1,1,0,17,12,70,72,5,0.03125
101,2,2,0,19,11,94,89,8,0.05
101,3,3,0,28,16,115,114,4,0.025
101,4,4,0,24,14,105,101,5,0.03125
101,5,5,0,21,17,84,88,3,0.01875
101,6,6,0,16,11,65,63,8,0.05
101,7,7,0,12,16,37,38,4,0.025
101,8,0,1,8,18,58,60,5,0.03125
101,9,1,1,10,22,79,79,10,0.0625
101,10,2,1,19,20,101,100,10,0.0625
101,11,3,1,19,34,141,139,7,0.04375
101,12,4,1,16,14,115,117,6,0.0375
101,13,5,1,17,24,117,116,9,0.05625
101,14,6,1,17,19,98,96,13,0.08125
101,15,7,1,19,20,63,64,1,0.00625
101,16,0,2,22,13,94,98,5,0.03125
101,17,1,2,23,16,125,131,9,0.05625
101,18,2,2,24,18,134,131,8,0.05
101,19,3,2,19,20,147,148,4,0.025
101,20,4,2,20,14,124,123,6,0.0375
101,21,5,2,21,12,123,124,6,0.0375
101,22,6,2,7,17,116,111,11,0.06875
101,23,7,2,11,21,82,84,5,0.03125
101,24,0,3,18,23,105,105,3,0.01875
101,25,1,3,17,19,134,137,4,0.025
101,26,2,3,19,22,143,141,9,0.05625
101,27,3,3,21,15,154,155,4,0.025
101,28,4,3,25,18,146,148,2,0.0125
101,29,5,3,22,16,139,143,4,0.025
101,30,6,3,21,24,135,140,7,0.04375
101,31,7,3,14,16,94,97,4,0.025
101,32,0,4,21,17,101,100,6,0.0375
101,33,1,4,17,17,132,133,7,0.04375
101,34,2,4,23,19,149,150,7,0.04375
101,35,3,4,24,22,157,155,8,0.05
101,36,4,4,23,16,147,137,8,0.05
101,37,5,4,21,16,142,136,8,0.05
101,38,6,4,23,19,136,131,10,0.0625
101,39,7,4,22,18,104,101,5,0.03125
101,40,0,5,10,19,82,82,3,0.01875
101,41,1,5,22,17,110,110,6,0.0375
101,42,2,5,21,15,119,118,2,0.0125
101,43,3,5,17,14,119,125,3,0.01875
101,44,4,5,21,20,128,131,3,0.01875
101,45,5,5,26,8,130,127,7,0.04375
101,46,6,5,10,18,113,115,6,0.0375
101,47,7,5,14,14,92,89,4,0.025
101,48,0,6,14,15,63,61,5,0.03125
101,49,1,6,9,19,84,86,7,0.04375
101,50,2,6,18,11,90,91,7,0.04375
101,51,3,6,20,12,109,106,12,0.075
101,52,4,6,37,14,115,114,8,0.05
101,53,5,6,21,22,108,108,9,0.05625
101,54,6,6,11,19,86,85,8,0.05
101,55,7,6,7,17,63,64,4,0.025
101,56,0,7,8,14,27,28,3,0.01875
101,57,1,7,10,17,47,47,8,0.05
101,58,2,7,16,11,57,57,6,0.0375
101,59,3,7,16,19,70,75,4,0.025
101,60,4,7,17,12,62,64,6,0.0375
101,61,5,7,8,19,59,57,8,0.05
101,62,6,7,3,17,45,44,9,0.05625
101,63,7,7,1,25,37,36,5,0.03125
102,0,0,0,17,20,50,55,0,0.0
102,1,1,0,22,15,85,86,3,0.01875
102,2,2,0,18,24,112,116,3,0.01875
102,3,3,0,26,28,145,139,9,0.05625
102,4,4,0,19,22,128,130,4,0.025
102,5,5,0,15,23,127,125,4,0.025
102,6,6,0,25,19,99,101,7,0.04375
102,7,7,0,22,19,54,57,1,0.00625
102,8,0,1,24,17,87,90,2,0.0125
102,9,1,1,26,13,116,122,4,0.025
102,10,2,1,10,18,148,156,2,0.0125
102,11,3,1,28,50,200,204,3,0.01875
102,12,4,1,20,21,161,167,1,0.00625
102,13,5,1,20,19,153,157,5,0.03125
102,14,6,1,22,21,138,140,10,0.0625
102,15,7,1,18,18,77,77,0,0.0
102,16,0,2,19,21,102,100,6,0.0375
102,17,1,2,25,20,133,131,8,0.05
102,18,2,2,23,18,179,181,5,0.03125
102,19,3,2,13,22,199,200,4,0.025
102,20,4,2,14,25,186,188,5,0.03125
102,21,5,2,29,25,173,175,5,0.03125
102,22,6,2,14,33,166,173,6,0.0375
102,23,7,2,29,23,107,111,2,0.0125
102,24,0,3,20,23,111,113,1,0.00625
102,25,1,3,30,22,143,138,10,0.0625
102,26,2,3,14,31,184,188,5,0.03125
102,27,3,3,20,21,220,220,7,0.04375
102,28,4,3,23,29,203,196,6,0.0375
102,29,5,3,20,25,177,175,4,0.025
102,30,6,3,19,23,179,180,4,0.025
102,31,7,3,23,21,119,119,3,0.01875
102,32,0,4,20,14,111,117,2,0.0125
102,33,1,4,20,19,139,142,3,0.01875
102,34,2,4,20,27,196,200,3,0.01875
102,35,3,4,27,29,238,241,3,0.01875
102,36,4,4,23,22,202,208,4,0.025
102,37,5,4,23,20,189,196,2,0.0125
102,38,6,4,15,23,165,174,2,0.0125
102,39,7,4,15,15,112,113,2,0.0125
102,40,0,5,22,23,119,117,4,0.025
102,41,1,5,17,18,126,123,9,0.05625
102,42,2,5,22,18,176,175,3,0.01875
102,43,3,5,22,22,217,218,1,0.00625
102,44,4,5,24,23,196,192,5,0.03125
102,45,5,5,24,24,179,182,6,0.0375
102,46,6,5,21,21,160,160,5,0.03125
102,47,7,5,25,16,114,117,3,0.01875
102,48,0,6,20,18,96,101,0,0.0
102,49,1,6,18,26,111,115,2,0.0125
102,50,2,6,14,23,157,163,0,0.0
102,51,3,6,21,23,189,198,2,0.0125
102,52,4,6,20,25,180,185,1,0.00625
102,53,5,6,23,23,157,164,3,0.01875
102,54,6,6,18,21,143,144,4,0.025
102,55,7,6,26,18,105,106,2,0.0125
102,56,0,7,15,25,65,68,0,0.0
102,57,1,7,26,15,93,98,1,0.00625
102,58,2,7,26,28,132,136,2,0.0125
102,59,3,7,25,24,147,144,4,0.025
102,60,4,7,18,25,143,142,5,0.03125
102,61,5,7,22,26,127,133,3,0.01875
102,62,6,7,22,28,113,115,7,0.04375
102,63,7,7,26,33,78,82,1,0.00625
103,0,0,0,21,13,52,48,3,0.01875
103,1,1,0,18,15,73,69,6,0.0375
103,2,2,0,21,12,92,91,3,0.01875
103,3,3,0,23,19,102,109,2,0.0125
103,4,4,0,17,19,103,101,3,0.01875
103,5,5,0,25,21,94,96,4,0.025
103,6,6,0,9,15,69,68,7,0.04375
103,7,7,0,18,14,49,45,5,0.03125
103,8,0,1,20,19,86,79,10,0.0625
103,9,1,1,13,17,87,84,7,0.04375
103,10,2,1,14,23,108,100,9,0.05625
103,11,3,1,25,26,128,125,8,0.05
103,12,4,1,23,12,118,113,6,0.0375
103,13,5,1,24,12,122,118,10,0.0625
103,14,6,1,27,21,120,122,8,0.05
103,15,7,1,20,30,93,87,6,0.0375
103,16,0,2,19,16,98,100,4,0.025
103,17,1,2,16,21,110,114,6,0.0375
103,18,2,2,21,16,138,138,6,0.0375
103,19,3,2,10,18,153,152,4,0.025
103,20,4,2,13,18,140,141,4,0.025
103,21,5,2,20,16,131,128,8,0.05
103,22,6,2,19,26,128,128,4,0.025
103,23,7,2,20,21,104,101,5,0.03125
103,24,0,3,20,16,103,95,8,0.05
103,25,1,3,17,10,118,122,6,0.0375
103,26,2,3,20,13,136,137,3,0.01875
103,27,3,3,17,10,152,154,6,0.0375
103,28,4,3,17,14,146,151,3,0.01875
103,29,5,3,22,17,148,148,6,0.0375
103,30,6,3,23,13,133,134,3,0.01875
103,31,7,3,17,22,108,111,0,0.0
103,32,0,4,18,19,97,97,2,0.0125
103,33,1,4,18,17,128,131,0,0.0
103,34,2,4,19,22,142,144,1,0.00625
103,35,3,4,19,15,158,157,4,0.025
103,36,4,4,19,21,146,148,2,0.0125
103,37,5,4,24,13,144,143,3,0.01875
103,38,6,4,19,8,129,121,8,0.05
103,39,7,4,18,21,106,107,2,0.0125
103,40,0,5,14,15,88,83,8,0.05
103,41,1,5,22,20,116,118,7,0.04375
103,42,2,5,18,12,132,132,4,0.025
103,43,3,5,17,21,152,149,5,0.03125
103,44,4,5,10,21,143,144,5,0.03125
103,45,5,5,14,19,135,134,5,0.03125
103,46,6,5,15,22,119,116,9,0.05625
103,47,7,5,22,19,101,98,6,0.0375
103,48,0,6,15,18,65,64,2,0.0125
103,49,1,6,17,20,96,92,7,0.04375
103,50,2,6,19,15,116,110,8,0.05
103,51,3,6,18,25,132,129,3,0.01875
103,52,4,6,21,20,123,123,2,0.0125
103,53,5,6,22,14,116,112,7,0.04375
103,54,6,6,16,9,87,82,12,0.075
103,55,7,6,21,16,78,78,3,0.01875
103,56,0,7,16,18,48,48,0,0.0
103,57,1,7,22,21,83,81,5,0.03125
103,58,2,7,28,21,111,107,6,0.0375
103,59,3,7,20,18,106,111,2,0.0125
103,60,4,7,13,14,91,95,2,0.0125
103,61,5,7,19,20,90,86,6,0.0375
103,62,6,7,16,23,72,70,9,0.05625
103,63,7,7,18,17,48,44,4,0.025
104,0,0,0,19,19,52,53,2,0.0125
104,1,1,0,19,18,76,77,6,0.0375
104,2,2,0,20,15,98,98,5,0.03125
104,3,3,0,20,16,101,96,7,0.04375
104,4,4,0,16,11,91,87,10,0.0625
104,5,5,0,20,14,85,82,6,0.0375
104,6,6,0,19,17,72,73,6,0.0375
104,7,7,0,17,17,51,52,4,0.025
104,8,0,1,8,16,66,66,9,0.05625
104,9,1,1,8,15,71,70,8,0.05
104,10,2,1,12,18,106,104,10,0.0625
104,11,3,1,11,30,127,129,6,0.0375
104,12,4,1,20,19,115,113,7,0.04375
104,13,5,1,23,14,100,101,8,0.05
104,14,6,1,12,18,82,84,5,0.03125
104,15,7,1,11,15,64,67,2,0.0125
104,16,0,2,18,21,94,94,5,0.03125
104,17,1,2,15,10,93,94,6,0.0375
104,18,2,2,19,22,131,135,3,0.01875
104,19,3,2,18,11,144,145,4,0.025
104,20,4,2,9,14,129,130,3,0.01875
104,21,5,2,22,18,124,125,5,0.03125
104,22,6,2,13,12,105,105,4,0.025
104,23,7,2,16,23,91,96,0,0.0
104,24,0,3,19,16,111,112,8,0.05
104,25,1,3,20,20,130,128,7,0.04375
104,26,2,3,21,19,157,154,6,0.0375
104,27,3,3,17,16,158,159,3,0.01875
104,28,4,3,21,15,149,149,4,0.025
104,29,5,3,28,15,143,140,7,0.04375
104,30,6,3,12,21,125,118,10,0.0625
104,31,7,3,17,18,97,94,4,0.025
104,32,0,4,25,22,120,119,2,0.0125
104,33,1,4,12,19,129,125,6,0.0375
104,34,2,4,11,16,144,143,3,0.01875
104,35,3,4,12,21,155,158,3,0.01875
104,36,4,4,24,17,151,150,4,0.025
104,37,5,4,19,16,145,139,8,0.05
104,38,6,4,21,20,134,135,8,0.05
104,39,7,4,22,17,100,96,6,0.0375
104,40,0,5,14,18,92,94,7,0.04375
104,41,1,5,19,18,120,118,9,0.05625
104,42,2,5,24,19,132,130,4,0.025
104,43,3,5,23,16,152,147,8,0.05
104,44,4,5,25,19,146,144,4,0.025
104,45,5,5,20,19,140,143,4,0.025
104,46,6,5,19,28,125,125,8,0.05
104,47,7,5,20,16,78,80,3,0.01875
104,48,0,6,14,20,79,74,7,0.04375
104,49,1,6,13,21,101,100,8,0.05
104,50,2,6,19,18,111,113,5,0.03125
104,51,3,6,22,17,121,121,6,0.0375
104,52,4,6,21,21,116,112,6,0.0375
104,53,5,6,20,21,117,115,8,0.05
104,54,6,6,11,21,87,92,7,0.04375
104,55,7,6,11,17,66,65,4,0.025
104,56,0,7,17,15,55,50,4,0.025
104,57,1,7,13,15,69,69,6,0.0375
104,58,2,7,21,10,88,89,5,0.03125
104,59,3,7,22,18,106,103,2,0.0125
104,60,4,7,22,16,100,102,0,0.0
104,61,5,7,13,23,104,109,3,0.01875
104,62,6,7,27,15,82,86,5,0.03125
104,63,7,7,20,16,52,52,4,0.025
105,0,0,0,8,27,53,52,3,0.01875
105,1,1,0,9,13,64,63,8,0.05
105,2,2,0,26,17,88,87,5,0.03125
105,3,3,0,18,12,86,90,4,0.025
105,4,4,0,17,14,84,92,1,0.00625
105,5,5,0,28,20,98,100,5,0.03125
105,6,6,0,17,18,76,74,7,0.04375
105,7,7,0,9,14,42,40,5,0.03125
105,8,0,1,3,17,72,75,5,0.03125
105,9,1,1,5,11,77,76,8,0.05
105,10,2,1,16,11,99,104,6,0.0375
105,11,3,1,27,24,131,129,6,0.0375
105,12,4,1,23,15,122,124,4,0.025
105,13,5,1,23,23,128,128,7,0.04375
105,14,6,1,14,13,93,93,6,0.0375
105,15,7,1,19,13,76,73,6,0.0375
105,16,0,2,14,24,104,102,5,0.03125
105,17,1,2,15,17,104,102,8,0.05
105,18,2,2,14,19,125,123,5,0.03125
105,19,3,2,21,19,150,151,2,0.0125
105,20,4,2,30,19,157,154,5,0.03125
105,21,5,2,14,17,138,141,2,0.0125
105,22,6,2,22,17,111,114,2,0.0125
105,23,7,2,17,15,90,87,4,0.025
105,24,0,3,18,11,104,109,3,0.01875
105,25,1,3,15,19,126,126,8,0.05
105,26,2,3,18,21,141,138,8,0.05
105,27,3,3,22,20,169,166,6,0.0375
105,28,4,3,25,24,165,162,5,0.03125
105,29,5,3,20,19,132,132,9,0.05625
105,30,6,3,9,15,97,101,8,0.05
105,31,7,3,7,17,86,85,6,0.0375
105,32,0,4,20,19,103,99,4,0.025
105,33,1,4,17,19,121,121,7,0.04375
105,34,2,4,17,15,129,126,5,0.03125
105,35,3,4,19,6,151,153,1,0.00625
105,36,4,4,22,14,153,151,6,0.0375
105,37,5,4,16,18,140,142,4,0.025
105,38,6,4,13,18,109,109,9,0.05625
105,39,7,4,16,14,86,87,5,0.03125
105,40,0,5,11,15,69,70,7,0.04375
105,41,1,5,7,19,93,93,9,0.05625
105,42,2,5,21,18,120,115,8,0.05
105,43,3,5,15,25,140,141,7,0.04375
105,44,4,5,21,18,137,135,9,0.05625
105,45,5,5,21,17,124,125,3,0.01875
105,46,6,5,14,11,105,106,8,0.05
105,47,7,5,14,11,85,84,5,0.03125
105,48,0,6,12,15,61,59,9,0.05625
105,49,1,6,9,21,83,79,11,0.06875
105,50,2,6,21,8,96,92,10,0.0625
105,51,3,6,24,12,124,118,11,0.06875
105,52,4,6,14,9,117,112,11,0.06875
105,53,5,6,23,16,106,105,9,0.05625
105,54,6,6,9,20,84,82,8,0.05
105,55,7,6,7,21,62,62,4,0.025
105,56,0,7,14,13,38,38,4,0.025
105,57,1,7,14,14,64,65,5,0.03125
105,58,2,7,20,12,85,89,1,0.00625
105,59,3,7,24,20,108,108,4,0.025
105,60,4,7,18,11,106,99,5,0.03125
105,61,5,7,20,14,90,88,5,0.03125
105,62,6,7,21,12,71,68,7,0.04375
105,63,7,7,17,21,46,49,2,0.0125
106,0,0,0,13,17,45,44,4,0.025
106,1,1,0,9,17,61,62,7,0.04375
106,2,2,0,24,19,91,88,7,0.04375
106,3,3,0,22,16,97,95,6,0.0375
106,4,4,0,16,15,93,89,6,0.0375
106,5,5,0,20,18,94,94,5,0.03125
106,6,6,0,19,26,80,81,8,0.05
106,7,7,0,13,21,46,47,5,0.03125
106,8,0,1,6,18,66,69,4,0.025
106,9,1,1,9,17,81,84,7,0.04375
106,10,2,1,12,13,97,95,7,0.04375
106,11,3,1,22,31,129,130,6,0.0375
106,12,4,1,19,12,111,107,8,0.05
106,13,5,1,21,13,106,106,8,0.05
106,14,6,1,19,14,102,101,8,0.05
106,15,7,1,24,16,79,81,4,0.025
106,16,0,2,13,22,92,93,5,0.03125
106,17,1,2,17,16,118,115,10,0.0625
106,18,2,2,25,11,121,122,3,0.01875
106,19,3,2,20,10,150,150,3,0.01875
106,20,4,2,22,17,135,137,5,0.03125
106,21,5,2,18,23,124,125,4,0.025
106,22,6,2,12,26,123,121,4,0.025
106,23,7,2,20,17,96,98,2,0.0125
106,24,0,3,13,14,98,96,5,0.03125
106,25,1,3,12,17,124,122,10,0.0625
106,26,2,3,24,14,130,130,9,0.05625
106,27,3,3,21,19,154,158,3,0.01875
106,28,4,3,26,22,155,155,4,0.025
106,29,5,3,22,21,135,137,7,0.04375
106,30,6,3,14,15,120,118,8,0.05
106,31,7,3,10,16,100,99,6,0.0375
106,32,0,4,15,17,98,96,8,0.05
106,33,1,4,17,16,126,123,9,0.05625
106,34,2,4,14,13,121,123,5,0.03125
106,35,3,4,21,14,138,132,6,0.0375
106,36,4,4,17,13,135,139,2,0.0125
106,37,5,4,16,18,138,139,5,0.03125
106,38,6,4,18,19,128,133,5,0.03125
106,39,7,4,22,18,100,100,4,0.025
106,40,0,5,10,21,83,84,5,0.03125
106,41,1,5,13,17,101,101,10,0.0625
106,42,2,5,25,12,109,115,5,0.03125
106,43,3,5,17,10,120,125,4,0.025
106,44,4,5,20,18,128,130,6,0.0375
106,45,5,5,17,18,135,127,9,0.05625
106,46,6,5,10,13,105,104,8,0.05
106,47,7,5,10,14,73,73,5,0.03125
106,48,0,6,11,8,62,66,4,0.025
106,49,1,6,10,14,87,92,7,0.04375
106,50,2,6,19,19,96,100,4,0.025
106,51,3,6,18,14,88,91,7,0.04375
106,52,4,6,17,13,85,89,7,0.04375
106,53,5,6,14,16,94,92,10,0.0625
106,54,6,6,7,16,73,73,8,0.05
106,55,7,6,4,12,51,50,5,0.03125
106,56,0,7,11,20,40,41,4,0.025
106,57,1,7,15,15,59,56,7,0.04375
106,58,2,7,14,12,64,60,5,0.03125
106,59,3,7,21,9,72,69,7,0.04375
106,60,4,7,16,20,87,87,8,0.05
106,61,5,7,11,13,84,82,7,0.04375
106,62,6,7,18,15,68,67,8,0.05
106,63,7,7,13,15,44,40,6,0.0375
107,0,0,0,0,21,30,30,4,0.025
107,1,1,0,4,20,43,42,8,0.05
107,2,2,0,9,7,44,44,9,0.05625
107,3,3,0,11,15,67,64,7,0.04375
107,4,4,0,25,7,67,63,10,0.0625
107,5,5,0,20,12,62,59,7,0.04375
107,6,6,0,8,11,41,42,7,0.04375
107,7,7,0,13,10,30,31,4,0.025
107,8,0,1,5,14,53,53,3,0.01875
107,9,1,1,4,6,53,52,8,0.05
107,10,2,1,8,13,59,60,8,0.05
107,11,3,1,14,24,94,95,6,0.0375
107,12,4,1,22,13,92,95,6,0.0375
107,13,5,1,22,17,82,85,6,0.0375
107,14,6,1,11,16,62,61,8,0.05
107,15,7,1,5,12,46,46,5,0.03125
107,16,0,2,8,21,77,79,4,0.025
107,17,1,2,8,10,91,95,7,0.04375
107,18,2,2,21,9,110,106,6,0.0375
107,19,3,2,27,14,141,138,5,0.03125
107,20,4,2,15,16,130,125,7,0.04375
107,21,5,2,21,17,106,103,6,0.0375
107,22,6,2,19,18,92,92,5,0.03125
107,23,7,2,12,15,71,72,0,0.0
107,24,0,3,7,16,76,77,4,0.025
107,25,1,3,7,13,95,95,9,0.05625
107,26,2,3,20,11,106,107,7,0.04375
107,27,3,3,16,13,140,141,2,0.0125
107,28,4,3,23,16,145,144,7,0.04375
107,29,5,3,28,20,124,125,7,0.04375
107,30,6,3,15,22,119,121,7,0.04375
107,31,7,3,19,7,81,83,5,0.03125
107,32,0,4,17,10,83,86,5,0.03125
107,33,1,4,19,12,114,112,10,0.0625
107,34,2,4,26,17,132,129,6,0.0375
107,35,3,4,18,11,145,145,6,0.0375
107,36,4,4,21,14,154,152,3,0.01875
107,37,5,4,16,10,130,132,4,0.025
107,38,6,4,22,11,123,121,6,0.0375
107,39,7,4,14,17,81,85,0,0.0
107,40,0,5,15,15,68,69,4,0.025
107,41,1,5,7,18,85,85,9,0.05625
107,42,2,5,18,13,106,108,4,0.025
107,43,3,5,22,18,134,127,9,0.05625
107,44,4,5,14,17,129,134,2,0.0125
107,45,5,5,24,17,115,122,4,0.025
107,46,6,5,13,15,97,98,9,0.05625
107,47,7,5,9,17,72,73,4,0.025
107,48,0,6,9,9,45,46,4,0.025
107,49,1,6,11,14,69,68,7,0.04375
107,50,2,6,20,12,78,79,5,0.03125
107,51,3,6,15,11,83,86,5,0.03125
107,52,4,6,17,14,90,89,7,0.04375
107,53,5,6,7,18,65,68,9,0.05625
107,54,6,6,0,22,55,54,10,0.0625
107,55,7,6,3,18,47,48,4,0.025
107,56,0,7,12,12,29,31,2,0.0125
107,57,1,7,9,18,48,48,8,0.05
107,58,2,7,15,14,58,59,5,0.03125
107,59,3,7,24,12,70,70,6,0.0375
107,60,4,7,18,21,74,71,10,0.0625
107,61,5,7,4,18,50,49,8,0.05
107,62,6,7,6,11,35,35,8,0.05
107,63,7,7,3,25,33,35,4,0.025
108,0,0,0,18,24,55,60,0,0.0
108,1,1,0,20,19,93,99,1,0.00625
108,2,2,0,25,19,129,137,1,0.00625
108,3,3,0,21,26,149,150,7,0.04375
108,4,4,0,23,27,152,154,7,0.04375
108,5,5,0,21,12,102,105,5,0.03125
108,6,6,0,20,13,76,74,7,0.04375
108,7,7,0,17,27,59,59,3,0.01875
108,8,0,1,12,19,79,82,1,0.00625
108,9,1,1,29,22,122,124,5,0.03125
108,10,2,1,20,18,141,145,2,0.0125
108,11,3,1,21,45,181,184,1,0.00625
108,12,4,1,20,29,192,197,2,0.0125
108,13,5,1,24,10,137,136,5,0.03125
108,14,6,1,14,28,121,127,3,0.01875
108,15,7,1,23,18,97,98,4,0.025
108,16,0,2,19,19,100,104,0,0.0
108,17,1,2,22,18,138,141,3,0.01875
108,18,2,2,16,25,161,163,6,0.0375
108,19,3,2,24,24,190,192,4,0.025
108,20,4,2,21,31,205,209,5,0.03125
108,21,5,2,17,14,135,136,5,0.03125
108,22,6,2,15,17,130,130,4,0.025
108,23,7,2,19,26,119,111,7,0.04375
108,24,0,3,21,21,117,117,3,0.01875
108,25,1,3,26,17,158,161,8,0.05
108,26,2,3,21,20,189,191,6,0.0375
108,27,3,3,22,16,209,204,6,0.0375
108,28,4,3,23,29,223,225,6,0.0375
108,29,5,3,18,13,161,160,5,0.03125
108,30,6,3,23,21,156,156,8,0.05
108,31,7,3,22,15,125,123,5,0.03125
108,32,0,4,20,28,116,120,2,0.0125
108,33,1,4,16,16,140,148,2,0.0125
108,34,2,4,22,18,177,182,2,0.0125
108,35,3,4,10,13,191,195,4,0.025
108,36,4,4,28,28,224,222,5,0.03125
108,37,5,4,21,18,172,170,5,0.03125
108,38,6,4,22,15,156,160,2,0.0125
108,39,7,4,21,25,136,135,1,0.00625
108,40,0,5,21,20,113,115,2,0.0125
108,41,1,5,15,20,151,157,1,0.00625
108,42,2,5,17,20,167,167,3,0.01875
108,43,3,5,17,22,177,185,2,0.0125
108,44,4,5,27,28,198,196,4,0.025
108,45,5,5,23,23,149,149,4,0.025
108,46,6,5,19,31,137,141,4,0.025
108,47,7,5,16,23,117,119,2,0.0125
108,48,0,6,19,15,91,90,4,0.025
108,49,1,6,22,31,143,144,6,0.0375
108,50,2,6,20,18,159,160,3,0.01875
108,51,3,6,27,19,187,188,3,0.01875
108,52,4,6,24,28,186,191,4,0.025
108,53,5,6,24,23,148,149,5,0.03125
108,54,6,6,21,23,132,136,7,0.04375
108,55,7,6,27,20,100,99,4,0.025
108,56,0,7,13,28,60,61,1,0.00625
108,57,1,7,24,26,99,103,4,0.025
108,58,2,7,18,22,122,124,2,0.0125
108,59,3,7,18,30,141,146,3,0.01875
108,60,4,7,22,30,149,152,6,0.0375
108,61,5,7,18,18,117,123,2,0.0125
108,62,6,7,18,22,98,106,1,0.00625
108,63,7,7,21,25,61,65,0,0.0
109,0,0,0,20,20,50,48,2,0.0125
109,1,1,0,23,18,76,77,0,0.0
109,2,2,0,16,23,95,94,2,0.0125
109,3,3,0,25,21,100,101,6,0.0375
109,4,4,0,15,7,74,75,6,0.0375
109,5,5,0,10,13,64,61,7,0.04375
109,6,6,0,7,15,49,49,9,0.05625
109,7,7,0,10,21,39,39,4,0.025
109,8,0,1,18,18,70,68,3,0.01875
109,9,1,1,17,16,87,85,7,0.04375
109,10,2,1,20,17,111,109,6,0.0375
109,11,3,1,20,26,123,120,5,0.03125
109,12,4,1,23,11,103,95,9,0.05625
109,13,5,1,18,10,87,86,8,0.05
109,14,6,1,18,16,89,81,10,0.0625
109,15,7,1,20,19,85,82,7,0.04375
109,16,0,2,21,12,91,88,3,0.01875
109,17,1,2,19,16,108,103,8,0.05
109,18,2,2,18,13,125,125,6,0.0375
109,19,3,2,17,11,141,141,4,0.025
109,20,4,2,19,21,127,129,2,0.0125
109,21,5,2,13,13,112,107,8,0.05
109,22,6,2,11,18,100,96,7,0.04375
109,23,7,2,9,21,94,96,5,0.03125
109,24,0,3,16,16,104,102,5,0.03125
109,25,1,3,18,15,119,118,8,0.05
109,26,2,3,14,15,140,140,4,0.025
109,27,3,3,23,22,159,163,2,0.0125
109,28,4,3,19,20,151,153,3,0.01875
109,29,5,3,17,19,134,139,3,0.01875
109,30,6,3,17,16,118,118,6,0.0375
109,31,7,3,18,16,106,109,3,0.01875
109,32,0,4,20,17,107,107,2,0.0125
109,33,1,4,18,11,128,124,8,0.05
109,34,2,4,22,13,161,157,7,0.04375
109,35,3,4,20,19,155,152,4,0.025
109,36,4,4,14,13,135,139,2,0.0125
109,37,5,4,18,8,120,119,5,0.03125
109,38,6,4,17,12,110,107,5,0.03125
109,39,7,4,22,16,105,103,4,0.025
109,40,0,5,13,15,87,89,0,0.0
109,41,1,5,22,29,122,121,4,0.025
109,42,2,5,15,9,144,140,6,0.0375
109,43,3,5,24,16,138,131,8,0.05
109,44,4,5,25,17,124,124,4,0.025
109,45,5,5,26,17,124,119,8,0.05
109,46,6,5,18,16,114,109,8,0.05
109,47,7,5,13,19,100,96,6,0.0375
109,48,0,6,25,21,81,86,0,0.0
109,49,1,6,17,13,97,96,8,0.05
109,50,2,6,18,19,137,131,9,0.05625
109,51,3,6,24,21,117,111,9,0.05625
109,52,4,6,26,9,105,102,5,0.03125
109,53,5,6,16,20,110,111,6,0.0375
109,54,6,6,6,18,98,95,8,0.05
109,55,7,6,13,17,87,89,3,0.01875
109,56,0,7,18,15,47,47,1,0.00625
109,57,1,7,23,17,74,73,5,0.03125
109,58,2,7,24,30,112,107,8,0.05
109,59,3,7,18,13,99,98,3,0.01875
109,60,4,7,18,13,90,94,3,0.01875
109,61,5,7,17,12,86,83,5,0.03125
109,62,6,7,18,17,77,73,4,0.025
109,63,7,7,17,25,56,55,0,0.0
110,0,0,0,18,18,45,47,0,0.0
110,1,1,0,20,17,87,85,2,0.0125
110,2,2,0,19,19,104,102,3,0.01875
110,3,3,0,18,23,107,113,0,0.0
110,4,4,0,22,14,97,98,5,0.03125
110,5,5,0,19,10,74,76,5,0.03125
110,6,6,0,8,8,48,49,8,0.05
110,7,7,0,9,20,39,38,4,0.025
110,8,0,1,17,17,73,72,3,0.01875
110,9,1,1,18,21,118,118,7,0.04375
110,10,2,1,14,15,119,118,4,0.025
110,11,3,1,25,25,137,135,7,0.04375
110,12,4,1,21,15,109,113,6,0.0375
110,13,5,1,13,14,89,88,8,0.05
110,14,6,1,1,19,67,68,9,0.05625
110,15,7,1,10,17,58,61,4,0.025
110,16,0,2,15,15,82,79,6,0.0375
110,17,1,2,13,10,117,119,7,0.04375
110,18,2,2,26,23,147,151,2,0.0125
110,19,3,2,18,16,158,156,6,0.0375
110,20,4,2,18,21,142,141,5,0.03125
110,21,5,2,23,13,118,125,2,0.0125
110,22,6,2,11,13,95,94,9,0.05625
110,23,7,2,10,17,75,78,4,0.025
110,24,0,3,19,12,86,86,6,0.0375
110,25,1,3,16,15,119,118,9,0.05625
110,26,2,3,16,16,137,134,10,0.0625
110,27,3,3,24,7,152,146,10,0.0625
110,28,4,3,17,15,144,143,2,0.0125
110,29,5,3,28,22,148,145,5,0.03125
110,30,6,3,20,15,127,127,6,0.0375
110,31,7,3,17,18,99,98,5,0.03125
110,32,0,4,19,11,89,87,2,0.0125
110,33,1,4,22,21,127,130,3,0.01875
110,34,2,4,19,18,145,147,5,0.03125
110,35,3,4,18,18,152,153,3,0.01875
110,36,4,4,14,20,146,143,4,0.025
110,37,5,4,20,13,142,146,3,0.01875
110,38,6,4,23,13,133,134,4,0.025
110,39,7,4,20,19,99,102,1,0.00625
110,40,0,5,21,11,81,80,2,0.0125
110,41,1,5,27,18,119,114,7,0.04375
110,42,2,5,11,23,143,146,3,0.01875
110,43,3,5,23,21,148,152,5,0.03125
110,44,4,5,20,17,126,126,3,0.01875
110,45,5,5,11,19,113,112,7,0.04375
110,46,6,5,8,17,104,105,8,0.05
110,47,7,5,11,12,81,81,5,0.03125
110,48,0,6,17,20,68,62,5,0.03125
110,49,1,6,16,17,89,88,8,0.05
110,50,2,6,20,24,119,122,4,0.025
110,51,3,6,27,11,121,126,5,0.03125
110,52,4,6,16,20,101,98,8,0.05
110,53,5,6,11,17,84,83,8,0.05
110,54,6,6,10,16,84,85,9,0.05625
110,55,7,6,4,20,61,57,6,0.0375
110,56,0,7,17,15,40,40,0,0.0
110,57,1,7,21,14,61,58,8,0.05
110,58,2,7,18,11,72,77,2,0.0125
110,59,3,7,17,18,85,84,5,0.03125
110,60,4,7,9,15,66,62,7,0.04375
110,61,5,7,12,15,65,63,6,0.0375
110,62,6,7,11,21,64,60,8,0.05
110,63,7,7,12,15,38,34,4,0.025
111,0,0,0,12,21,54,54,0,0.0
111,1,1,0,19,17,81,82,1,0.00625
111,2,2,0,20,15,91,92,1,0.00625
111,3,3,0,17,19,102,99,3,0.01875
111,4,4,0,26,17,106,108,4,0.025
111,5,5,0,25,11,90,90,5,0.03125
111,6,6,0,13,14,63,64,6,0.0375
111,7,7,0,12,14,38,39,4,0.025
111,8,0,1,10,13,73,72,5,0.03125
111,9,1,1,15,25,99,98,9,0.05625
111,10,2,1,19,16,93,91,9,0.05625
111,11,3,1,22,28,121,121,7,0.04375
111,12,4,1,20,14,118,113,9,0.05625
111,13,5,1,23,17,109,113,4,0.025
111,14,6,1,12,15,81,83,8,0.05
111,15,7,1,5,13,55,54,4,0.025
111,16,0,2,13,22,100,97,7,0.04375
111,17,1,2,11,19,111,108,9,0.05625
111,18,2,2,15,13,110,102,10,0.0625
111,19,3,2,23,9,136,137,5,0.03125
111,20,4,2,18,15,138,138,4,0.025
111,21,5,2,19,12,126,125,3,0.01875
111,22,6,2,15,16,102,103,9,0.05625
111,23,7,2,11,12,76,72,6,0.0375
111,24,0,3,7,24,97,98,6,0.0375
111,25,1,3,9,16,96,97,8,0.05
111,26,2,3,20,13,107,107,8,0.05
111,27,3,3,19,12,143,151,1,0.00625
111,28,4,3,20,11,150,146,7,0.04375
111,29,5,3,19,17,138,142,2,0.0125
111,30,6,3,12,10,113,112,8,0.05
111,31,7,3,14,23,94,97,1,0.00625
111,32,0,4,22,19,106,105,3,0.01875
111,33,1,4,15,12,112,109,7,0.04375
111,34,2,4,21,12,125,125,4,0.025
111,35,3,4,16,14,154,154,5,0.03125
111,36,4,4,11,18,157,157,3,0.01875
111,37,5,4,20,17,134,132,4,0.025
111,38,6,4,23,14,118,118,2,0.0125
111,39,7,4,22,19,109,110,1,0.00625
111,40,0,5,16,15,92,91,2,0.0125
111,41,1,5,13,12,105,107,6,0.0375
111,42,2,5,22,18,126,125,5,0.03125
111,43,3,5,16,16,138,138,5,0.03125
111,44,4,5,23,15,151,149,6,0.0375
111,45,5,5,24,21,128,129,7,0.04375
111,46,6,5,15,16,107,104,9,0.05625
111,47,7,5,10,13,88,90,3,0.01875
111,48,0,6,11,23,72,70,8,0.05
111,49,1,6,13,19,88,87,8,0.05
111,50,2,6,19,17,94,93,6,0.0375
111,51,3,6,16,17,107,105,8,0.05
111,52,4,6,25,18,117,118,8,0.05
111,53,5,6,14,18,90,91,7,0.04375
111,54,6,6,10,20,73,74,7,0.04375
111,55,7,6,8,28,71,71,5,0.03125
111,56,0,7,13,14,45,41,5,0.03125
111,57,1,7,19,9,67,67,8,0.05
111,58,2,7,15,10,74,76,1,0.00625
111,59,3,7,24,12,91,85,10,0.0625
111,60,4,7,33,24,105,104,9,0.05625
111,61,5,7,18,13,77,76,7,0.04375
111,62,6,7,3,17,49,50,8,0.05
111,63,7,7,4,22,40,41,3,0.01875
112,0,0,0,16,12,47,43,4,0.025
112,1,1,0,18,17,65,60,7,0.04375
112,2,2,0,13,14,70,65,7,0.04375
112,3,3,0,14,14,82,82,3,0.01875
112,4,4,0,19,16,92,92,4,0.025
112,5,5,0,23,17,88,87,7,0.04375
112,6,6,0,16,12,57,58,6,0.0375
112,7,7,0,13,19,40,39,4,0.025
112,8,0,1,8,19,64,65,3,0.01875
112,9,1,1,4,16,78,79,7,0.04375
112,10,2,1,9,14,92,92,8,0.05
112,11,3,1,24,32,126,129,4,0.025
112,12,4,1,23,18,124,128,6,0.0375
112,13,5,1,20,15,123,122,3,0.01875
112,14,6,1,15,12,90,88,7,0.04375
112,15,7,1,14,14,67,67,5,0.03125
112,16,0,2,8,15,81,87,2,0.0125
112,17,1,2,12,18,111,112,8,0.05
112,18,2,2,25,21,133,134,8,0.05
112,19,3,2,23,8,145,149,0,0.0
112,20,4,2,24,11,148,146,5,0.03125
112,21,5,2,20,19,139,135,9,0.05625
112,22,6,2,18,19,102,103,7,0.04375
112,23,7,2,11,19,86,87,6,0.0375
112,24,0,3,14,14,88,88,4,0.025
112,25,1,3,15,17,114,111,11,0.06875
112,26,2,3,22,15,130,135,4,0.025
112,27,3,3,16,16,150,144,6,0.0375
112,28,4,3,19,10,148,153,3,0.01875
112,29,5,3,18,21,150,149,2,0.0125
112,30,6,3,20,13,121,120,9,0.05625
112,31,7,3,23,17,108,102,7,0.04375
112,32,0,4,14,18,88,88,4,0.025
112,33,1,4,15,10,119,116,9,0.05625
112,34,2,4,22,10,128,128,4,0.025
112,35,3,4,15,10,127,129,4,0.025
112,36,4,4,16,14,141,140,4,0.025
112,37,5,4,19,16,143,143,4,0.025
112,38,6,4,25,16,117,118,4,0.025
112,39,7,4,16,17,99,97,2,0.0125
112,40,0,5,20,15,89,89,2,0.0125
112,41,1,5,20,17,115,114,8,0.05
112,42,2,5,24,17,126,128,3,0.01875
112,43,3,5,15,18,128,126,7,0.04375
112,44,4,5,24,15,136,137,6,0.0375
112,45,5,5,25,19,126,126,8,0.05
112,46,6,5,10,17,95,96,10,0.0625
112,47,7,5,10,13,90,89,4,0.025
112,48,0,6,9,15,61,62,5,0.03125
112,49,1,6,13,12,65,67,8,0.05
112,50,2,6,24,21,92,89,9,0.05625
112,51,3,6,25,13,88,86,9,0.05625
112,52,4,6,17,10,86,86,8,0.05
112,53,5,6,2,11,68,67,8,0.05
112,54,6,6,1,9,60,59,8,0.05
112,55,7,6,3,27,68,72,2,0.0125
112,56,0,7,15,17,45,45,5,0.03125
112,57,1,7,15,14,61,59,9,0.05625
112,58,2,7,23,11,71,66,5,0.03125
112,59,3,7,24,13,76,78,8,0.05
112,60,4,7,15,18,80,83,5,0.03125
112,61,5,7,6,18,67,65,9,0.05625
112,62,6,7,1,18,56,56,8,0.05
112,63,7,7,8,16,43,42,4,0.025
113,0,0,0,15,14,40,39,5,0.03125
113,1,1,0,13,20,76,76,6,0.0375
113,2,2,0,25,12,96,102,1,0.00625
113,3,3,0,23,20,108,111,0,0.0
113,4,4,0,20,20,102,103,2,0.0125
113,5,5,0,19,14,82,83,6,0.0375
113,6,6,0,13,23,70,66,8,0.05
113,7,7,0,7,15,28,29,4,0.025
113,8,0,1,8,16,48,48,4,0.025
113,9,1,1,11,13,86,84,8,0.05
113,10,2,1,32,17,123,125,6,0.0375
113,11,3,1,14,32,138,139,3,0.01875
113,12,4,1,20,11,120,124,2,0.0125
113,13,5,1,21,15,121,117,9,0.05625
113,14,6,1,20,13,112,114,8,0.05
113,15,7,1,16,14,66,64,5,0.03125
113,16,0,2,12,18,68,66,5,0.03125
113,17,1,2,9,13,94,94,7,0.04375
113,18,2,2,17,16,126,124,12,0.075
113,19,3,2,28,11,146,136,10,0.0625
113,20,4,2,25,16,128,131,4,0.025
113,21,5,2,28,13,120,121,7,0.04375
113,22,6,2,14,20,110,109,9,0.05625
113,23,7,2,6,12,69,73,3,0.01875
113,24,0,3,7,20,76,77,4,0.025
113,25,1,3,7,17,96,101,6,0.0375
113,26,2,3,19,15,128,128,4,0.025
113,27,3,3,24,17,154,156,4,0.025
113,28,4,3,21,17,152,153,1,0.00625
113,29,5,3,18,19,144,141,4,0.025
113,30,6,3,27,13,136,136,8,0.05
113,31,7,3,16,19,91,95,4,0.025
113,32,0,4,18,17,91,89,6,0.0375
113,33,1,4,23,11,113,116,7,0.04375
113,34,2,4,21,15,132,128,7,0.04375
113,35,3,4,25,10,145,140,9,0.05625
113,36,4,4,15,20,133,135,3,0.01875
113,37,5,4,12,16,124,123,4,0.025
113,38,6,4,14,18,122,121,3,0.01875
113,39,7,4,16,17,89,88,2,0.0125
113,40,0,5,12,17,73,73,0,0.0
113,41,1,5,19,20,104,107,6,0.0375
113,42,2,5,20,12,121,118,7,0.04375
113,43,3,5,13,16,126,126,7,0.04375
113,44,4,5,14,18,125,125,5,0.03125
113,45,5,5,23,17,121,125,4,0.025
113,46,6,5,7,16,93,94,9,0.05625
113,47,7,5,7,20,72,74,3,0.01875
113,48,0,6,10,10,47,49,5,0.03125
113,49,1,6,5,14,73,73,8,0.05
113,50,2,6,21,19,93,97,7,0.04375
113,51,3,6,13,13,100,96,12,0.075
113,52,4,6,23,19,104,105,8,0.05
113,53,5,6,14,20,96,97,7,0.04375
113,54,6,6,10,11,76,77,6,0.0375
113,55,7,6,7,10,54,53,4,0.025
113,56,0,7,9,14,27,28,4,0.025
113,57,1,7,7,13,42,44,8,0.05
113,58,2,7,16,14,57,54,9,0.05625
113,59,3,7,18,15,62,62,9,0.05625
113,60,4,7,15,12,58,55,8,0.05
113,61,5,7,7,18,46,49,7,0.04375
113,62,6,7,3,16,34,32,9,0.05625
113,63,7,7,0,20,24,25,4,0.025
114,0,0,0,25,20,61,63,2,0.0125
114,1,1,0,24,35,112,112,6,0.0375
114,2,2,0,26,14,119,118,2,0.0125
114,3,3,0,14,25,135,134,1,0.00625
114,4,4,0,16,15,123,126,0,0.0
114,5,5,0,17,24,114,119,0,0.0
114,6,6,0,20,15,87,95,2,0.0125
114,7,7,0,23,21,61,62,2,0.0125
114,8,0,1,21,14,86,87,2,0.0125
114,9,1,1,18,12,130,136,3,0.01875
114,10,2,1,22,22,152,150,7,0.04375
114,11,3,1,25,46,206,204,6,0.0375
114,12,4,1,14,24,169,166,3,0.01875
114,13,5,1,21,21,153,159,3,0.01875
114,14,6,1,24,21,132,133,7,0.04375
114,15,7,1,26,16,87,94,0,0.0
114,16,0,2,17,17,97,98,2,0.0125
114,17,1,2,22,10,138,142,2,0.0125
114,18,2,2,18,19,169,176,4,0.025
114,19,3,2,27,24,219,224,5,0.03125
114,20,4,2,25,27,197,193,7,0.04375
114,21,5,2,18,18,176,174,7,0.04375
114,22,6,2,27,24,152,151,9,0.05625
114,23,7,2,25,26,107,106,2,0.0125
114,24,0,3,16,13,103,107,0,0.0
114,25,1,3,24,20,145,144,7,0.04375
114,26,2,3,15,23,183,181,6,0.0375
114,27,3,3,20,32,222,222,4,0.025
114,28,4,3,22,28,200,195,6,0.0375
114,29,5,3,17,34,193,195,2,0.0125
114,30,6,3,19,17,156,162,1,0.00625
114,31,7,3,20,25,118,118,3,0.01875
114,32,0,4,26,26,117,121,1,0.00625
114,33,1,4,14,18,143,147,3,0.01875
114,34,2,4,22,29,192,197,3,0.01875
114,35,3,4,30,29,222,220,10,0.0625
114,36,4,4,22,12,179,179,5,0.03125
114,37,5,4,22,27,180,176,7,0.04375
114,38,6,4,19,20,157,149,12,0.075
114,39,7,4,17,15,113,115,0,0.0
114,40,0,5,25,17,106,106,1,0.00625
114,41,1,5,24,22,147,146,6,0.0375
114,42,2,5,23,26,182,186,1,0.00625
114,43,3,5,15,26,198,199,6,0.0375
114,44,4,5,21,23,185,186,5,0.03125
114,45,5,5,17,13,171,167,8,0.05
114,46,6,5,16,22,146,152,3,0.01875
114,47,7,5,25,25,117,119,1,0.00625
114,48,0,6,17,21,84,85,4,0.025
114,49,1,6,23,23,126,128,5,0.03125
114,50,2,6,29,30,172,174,3,0.01875
114,51,3,6,18,22,177,185,5,0.03125
114,52,4,6,17,26,159,163,3,0.01875
114,53,5,6,22,28,148,149,4,0.025
114,54,6,6,22,27,118,125,0,0.0
114,55,7,6,17,25,84,87,0,0.0
114,56,0,7,21,23,63,65,1,0.00625
114,57,1,7,22,19,101,106,2,0.0125
114,58,2,7,22,23,134,138,5,0.03125
114,59,3,7,24,26,152,157,2,0.0125
114,60,4,7,17,21,136,140,4,0.025
114,61,5,7,31,19,124,126,4,0.025
114,62,6,7,19,18,87,94,3,0.01875
114,63,7,7,16,14,51,53,2,0.0125
115,0,0,0,20,25,58,60,0,0.0
115,1,1,0,20,33,95,96,5,0.03125
115,2,2,0,25,16,105,103,4,0.025
115,3,3,0,24,21,117,114,5,0.03125
115,4,4,0,26,11,98,92,5,0.03125
115,5,5,0,19,9,88,81,8,0.05
115,6,6,0,12,13,69,65,6,0.0375
115,7,7,0,20,9,41,44,0,0.0
115,8,0,1,16,13,77,76,4,0.025
115,9,1,1,21,23,114,116,1,0.00625
115,10,2,1,12,18,116,120,2,0.0125
115,11,3,1,18,30,142,144,3,0.01875
115,12,4,1,24,18,112,110,7,0.04375
115,13,5,1,22,19,112,106,9,0.05625
115,14,6,1,12,18,91,86,11,0.06875
115,15,7,1,15,17,69,59,9,0.05625
115,16,0,2,20,19,102,99,6,0.0375
115,17,1,2,16,24,130,127,6,0.0375
115,18,2,2,23,17,141,138,8,0.05
115,19,3,2,20,15,153,152,6,0.0375
115,20,4,2,19,11,121,123,5,0.03125
115,21,5,2,17,23,122,123,9,0.05625
115,22,6,2,17,20,106,102,13,0.08125
115,23,7,2,11,11,78,73,8,0.05
115,24,0,3,17,18,102,101,1,0.00625
115,25,1,3,21,16,126,128,5,0.03125
115,26,2,3,22,15,147,142,12,0.075
115,27,3,3,18,11,148,147,5,0.03125
115,28,4,3,23,14,131,134,2,0.0125
115,29,5,3,26,22,148,148,3,0.01875
115,30,6,3,16,20,134,128,8,0.05
115,31,7,3,19,15,92,89,6,0.0375
115,32,0,4,17,19,104,102,4,0.025
115,33,1,4,7,12,109,103,8,0.05
115,34,2,4,18,13,132,125,8,0.05
115,35,3,4,17,16,140,145,4,0.025
115,36,4,4,24,10,133,131,6,0.0375
115,37,5,4,20,18,144,145,8,0.05
115,38,6,4,19,13,123,128,7,0.04375
115,39,7,4,21,20,102,97,6,0.0375
115,40,0,5,17,12,94,93,3,0.01875
115,41,1,5,13,13,97,99,3,0.01875
115,42,2,5,18,18,126,122,4,0.025
115,43,3,5,23,15,136,133,10,0.0625
115,44,4,5,20,10,125,121,6,0.0375
115,45,5,5,24,14,134,136,7,0.04375
115,46,6,5,21,16,115,110,8,0.05
115,47,7,5,17,16,86,82,5,0.03125
115,48,0,6,21,21,75,74,5,0.03125
115,49,1,6,13,11,79,71,14,0.0875
115,50,2,6,19,14,97,93,8,0.05
115,51,3,6,18,10,110,102,14,0.0875
115,52,4,6,17,14,100,100,4,0.025
115,53,5,6,15,15,107,102,9,0.05625
115,54,6,6,13,22,97,91,7,0.04375
115,55,7,6,27,25,77,77,1,0.00625
115,56,0,7,16,20,46,44,4,0.025
115,57,1,7,18,15,69,63,8,0.05
115,58,2,7,17,19,85,82,6,0.0375
115,59,3,7,19,24,97,98,3,0.01875
115,60,4,7,24,11,89,90,3,0.01875
115,61,5,7,14,13,79,76,7,0.04375
115,62,6,7,14,19,73,67,7,0.04375
115,63,7,7,14,18,41,39,4,0.025
116,0,0,0,23,19,56,52,3,0.01875
116,1,1,0,24,21,84,82,7,0.04375
116,2,2,0,19,19,105,107,3,0.01875
116,3,3,0,17,23,111,113,3,0.01875
116,4,4,0,21,13,90,95,0,0.0
116,5,5,0,18,19,85,86,6,0.0375
116,6,6,0,13,17,60,60,5,0.03125
116,7,7,0,11,14,38,33,5,0.03125
116,8,0,1,15,17,67,65,5,0.03125
116,9,1,1,18,21,94,88,7,0.04375
116,10,2,1,11,21,102,98,7,0.04375
116,11,3,1,19,33,129,123,9,0.05625
116,12,4,1,15,19,102,105,5,0.03125
116,13,5,1,20,17,118,122,4,0.025
116,14,6,1,25,18,102,108,5,0.03125
116,15,7,1,20,15,72,76,6,0.0375
116,16,0,2,18,20,91,93,3,0.01875
116,17,1,2,10,13,112,110,8,0.05
116,18,2,2,16,15,129,131,4,0.025
116,19,3,2,32,11,140,140,7,0.04375
116,20,4,2,19,13,113,113,5,0.03125
116,21,5,2,12,14,112,113,6,0.0375
116,22,6,2,11,21,107,112,8,0.05
116,23,7,2,13,18,90,93,5,0.03125
116,24,0,3,17,15,98,96,4,0.025
116,25,1,3,17,21,126,121,9,0.05625
116,26,2,3,12,14,128,134,5,0.03125
116,27,3,3,25,21,153,151,7,0.04375
116,28,4,3,25,19,144,139,8,0.05
116,29,5,3,16,17,140,132,9,0.05625
116,30,6,3,15,19,123,124,9,0.05625
116,31,7,3,15,21,108,108,6,0.0375
116,32,0,4,7,20,93,92,5,0.03125
116,33,1,4,24,12,124,126,8,0.05
116,34,2,4,22,20,137,142,5,0.03125
116,35,3,4,20,18,150,149,6,0.0375
116,36,4,4,26,21,155,151,8,0.05
116,37,5,4,21,8,136,141,4,0.025
116,38,6,4,12,13,118,114,9,0.05625
116,39,7,4,13,22,99,100,5,0.03125
116,40,0,5,13,12,73,76,1,0.00625
116,41,1,5,16,15,117,112,8,0.05
116,42,2,5,18,16,125,120,8,0.05
116,43,3,5,21,15,134,141,1,0.00625
116,44,4,5,12,14,129,133,3,0.01875
116,45,5,5,23,21,132,129,9,0.05625
116,46,6,5,11,14,105,104,8,0.05
116,47,7,5,20,16,96,95,4,0.025
116,48,0,6,8,19,61,62,4,0.025
116,49,1,6,16,24,89,96,7,0.04375
116,50,2,6,20,14,101,106,4,0.025
116,51,3,6,19,16,108,115,6,0.0375
116,52,4,6,18,9,100,93,9,0.05625
116,53,5,6,8,15,81,81,10,0.0625
116,54,6,6,6,7,72,65,11,0.06875
116,55,7,6,16,14,73,69,4,0.025
116,56,0,7,12,20,49,48,5,0.03125
116,57,1,7,18,18,70,71,7,0.04375
116,58,2,7,25,21,95,97,6,0.0375
116,59,3,7,27,17,103,103,1,0.00625
116,60,4,7,20,11,87,84,5,0.03125
116,61,5,7,18,16,77,79,5,0.03125
116,62,6,7,8,17,60,59,9,0.05625
116,63,7,7,8,19,44,44,3,0.01875
117,0,0,0,17,15,43,47,0,0.0
117,1,1,0,19,19,79,86,1,0.00625
117,2,2,0,16,15,94,94,1,0.00625
117,3,3,0,24,15,107,107,2,0.0125
117,4,4,0,19,13,108,106,2,0.0125
117,5,5,0,22,11,96,101,2,0.0125
117,6,6,0,21,20,83,83,6,0.0375
117,7,7,0,17,17,50,50,5,0.03125
117,8,0,1,9,9,54,57,3,0.01875
117,9,1,1,4,23,91,93,6,0.0375
117,10,2,1,12,15,106,107,6,0.0375
117,11,3,1,22,34,136,140,4,0.025
117,12,4,1,24,12,115,116,3,0.01875
117,13,5,1,14,19,102,100,7,0.04375
117,14,6,1,12,16,87,84,7,0.04375
117,15,7,1,16,12,64,66,4,0.025
117,16,0,2,9,14,69,70,3,0.01875
117,17,1,2,13,14,109,108,9,0.05625
117,18,2,2,23,17,115,113,7,0.04375
117,19,3,2,17,9,142,145,3,0.01875
117,20,4,2,16,8,131,131,2,0.0125
117,21,5,2,26,12,120,121,7,0.04375
117,22,6,2,11,18,114,112,8,0.05
117,23,7,2,8,21,84,85,4,0.025
117,24,0,3,17,14,84,83,4,0.025
117,25,1,3,13,9,115,118,7,0.04375
117,26,2,3,18,17,127,129,3,0.01875
117,27,3,3,19,17,149,149,8,0.05
117,28,4,3,25,17,137,140,5,0.03125
117,29,5,3,24,20,124,126,10,0.0625
117,30,6,3,12,17,121,119,10,0.0625
117,31,7,3,9,25,93,94,5,0.03125
117,32,0,4,22,13,89,91,3,0.01875
117,33,1,4,18,15,129,128,8,0.05
117,34,2,4,17,17,132,131,6,0.0375
117,35,3,4,24,16,146,146,6,0.0375
117,36,4,4,20,10,124,131,3,0.01875
117,37,5,4,20,16,129,126,5,0.03125
117,38,6,4,18,18,120,121,10,0.0625
117,39,7,4,11,17,94,96,4,0.025
117,40,0,5,12,20,80,76,5,0.03125
117,41,1,5,4,12,101,99,11,0.06875
117,42,2,5,23,8,108,109,10,0.0625
117,43,3,5,17,15,120,117,6,0.0375
117,44,4,5,23,11,116,117,2,0.0125
117,45,5,5,17,19,111,113,8,0.05
117,46,6,5,16,12,99,98,10,0.0625
117,47,7,5,6,21,80,82,4,0.025
117,48,0,6,10,21,58,56,5,0.03125
117,49,1,6,5,16,73,71,9,0.05625
117,50,2,6,7,24,77,70,10,0.0625
117,51,3,6,21,9,81,75,13,0.08125
117,52,4,6,18,19,71,81,1,0.00625
117,53,5,6,6,14,64,68,7,0.04375
117,54,6,6,5,16,65,71,8,0.05
117,55,7,6,3,15,57,58,4,0.025
117,56,0,7,13,11,36,37,3,0.01875
117,57,1,7,8,19,65,66,6,0.0375
117,58,2,7,22,17,80,82,4,0.025
117,59,3,7,16,20,92,87,8,0.05
117,60,4,7,16,11,81,82,6,0.0375
117,61,5,7,19,17,78,76,7,0.04375
117,62,6,7,9,14,53,54,9,0.05625
117,63,7,7,11,21,41,40,5,0.03125
118,0,0,0,21,18,53,52,2,0.0125
118,1,1,0,22,11,77,74,4,0.025
118,2,2,0,19,25,105,106,2,0.0125
118,3,3,0,23,18,113,112,2,0.0125
118,4,4,0,25,17,106,105,3,0.01875
118,5,5,0,20,12,87,84,5,0.03125
118,6,6,0,15,15,74,71,8,0.05
118,7,7,0,17,19,52,51,5,0.03125
118,8,0,1,15,16,65,65,3,0.01875
118,9,1,1,9,17,87,85,6,0.0375
118,10,2,1,28,13,119,119,8,0.05
118,11,3,1,18,24,134,134,6,0.0375
118,12,4,1,18,16,124,121,6,0.0375
118,13,5,1,24,20,107,108,5,0.03125
118,14,6,1,13,19,92,93,7,0.04375
118,15,7,1,15,10,67,66,5,0.03125
118,16,0,2,17,13,80,79,5,0.03125
118,17,1,2,13,16,101,100,9,0.05625
118,18,2,2,19,19,128,127,8,0.05
118,19,3,2,19,20,152,149,5,0.03125
118,20,4,2,20,16,150,148,5,0.03125
118,21,5,2,22,12,126,126,6,0.0375
118,22,6,2,21,20,120,123,7,0.04375
118,23,7,2,16,15,86,86,4,0.025
118,24,0,3,17,10,85,84,4,0.025
118,25,1,3,18,17,118,115,9,0.05625
118,26,2,3,22,13,146,140,9,0.05625
118,27,3,3,15,13,154,157,4,0.025
118,28,4,3,22,21,143,145,3,0.01875
118,29,5,3,19,10,119,120,9,0.05625
118,30,6,3,8,11,99,101,8,0.05
118,31,7,3,8,17,94,94,6,0.0375
118,32,0,4,22,14,90,90,3,0.01875
118,33,1,4,18,10,110,111,7,0.04375
118,34,2,4,14,19,137,141,3,0.01875
118,35,3,4,19,14,157,158,6,0.0375
118,36,4,4,22,17,139,137,5,0.03125
118,37,5,4,17,12,125,123,7,0.04375
118,38,6,4,17,18,103,106,5,0.03125
118,39,7,4,12,12,98,97,5,0.03125
118,40,0,5,9,12,69,69,4,0.025
118,41,1,5,11,14,94,95,10,0.0625
118,42,2,5,22,14,120,126,3,0.01875
118,43,3,5,25,13,143,138,10,0.0625
118,44,4,5,21,14,130,129,5,0.03125
118,45,5,5,22,16,121,120,9,0.05625
118,46,6,5,8,13,79,80,9,0.05625
118,47,7,5,9,18,76,73,5,0.03125
118,48,0,6,6,19,51,53,4,0.025
118,49,1,6,6,21,66,67,7,0.04375
118,50,2,6,26,19,96,102,5,0.03125
118,51,3,6,13,13,90,96,6,0.0375
118,52,4,6,16,17,96,88,7,0.04375
118,53,5,6,18,19,88,87,8,0.05
118,54,6,6,5,17,54,54,8,0.05
118,55,7,6,16,10,53,52,4,0.025
118,56,0,7,9,12,28,28,4,0.025
118,57,1,7,6,12,32,30,8,0.05
118,58,2,7,16,17,52,49,7,0.04375
118,59,3,7,18,13,52,52,7,0.04375
118,60,4,7,5,13,42,39,9,0.05625
118,61,5,7,2,17,37,36,8,0.05
118,62,6,7,1,7,19,20,8,0.05
118,63,7,7,0,16,23,24,4,0.025
119,0,0,0,15,21,50,49,3,0.01875
119,1,1,0,17,12,70,66,8,0.05
119,2,2,0,23,18,96,92,6,0.0375
119,3,3,0,20,12,93,90,7,0.04375
119,4,4,0,28,13,102,98,6,0.0375
119,5,5,0,23,11,96,95,6,0.0375
119,6,6,0,22,13,80,81,8,0.05
119,7,7,0,17,12,40,42,2,0.0125
119,8,0,1,14,13,72,70,4,0.025
119,9,1,1,10,13,85,82,11,0.06875
119,10,2,1,24,13,105,106,6,0.0375
119,11,3,1,18,34,122,123,5,0.03125
119,12,4,1,16,13,120,120,5,0.03125
119,13,5,1,24,15,118,116,6,0.0375
119,14,6,1,15,17,88,85,11,0.06875
119,15,7,1,7,12,47,48,4,0.025
119,16,0,2,15,19,81,82,3,0.01875
119,17,1,2,18,19,109,109,12,0.075
119,18,2,2,18,11,125,127,5,0.03125
119,19,3,2,30,11,145,150,1,0.00625
119,20,4,2,13,14,135,138,2,0.0125
119,21,5,2,20,19,126,127,5,0.03125
119,22,6,2,12,15,106,105,9,0.05625
119,23,7,2,11,15,73,72,5,0.03125
119,24,0,3,14,19,88,87,4,0.025
119,25,1,3,16,13,117,118,9,0.05625
119,26,2,3,14,18,136,141,3,0.01875
119,27,3,3,24,21,157,160,0,0.0
119,28,4,3,20,19,150,150,3,0.01875
119,29,5,3,22,14,126,126,9,0.05625
119,30,6,3,14,21,113,111,8,0.05
119,31,7,3,12,17,83,84,5,0.03125
119,32,0,4,17,11,91,90,3,0.01875
119,33,1,4,17,10,121,122,7,0.04375
119,34,2,4,23,18,153,146,8,0.05
119,35,3,4,22,14,156,157,3,0.01875
119,36,4,4,16,11,144,145,4,0.025
119,37,5,4,18,20,135,138,4,0.025
119,38,6,4,10,17,116,116,8,0.05
119,39,7,4,10,12,90,88,5,0.03125
119,40,0,5,12,19,68,70,2,0.0125
119,41,1,5,15,21,92,96,6,0.0375
119,42,2,5,23,18,119,120,4,0.025
119,43,3,5,18,7,126,133,3,0.01875
119,44,4,5,18,19,133,137,0,0.0
119,45,5,5,19,15,119,119,7,0.04375
119,46,6,5,12,18,101,103,7,0.04375
119,47,7,5,11,21,80,82,5,0.03125
119,48,0,6,12,13,43,42,5,0.03125
119,49,1,6,7,15,68,66,8,0.05
119,50,2,6,16,11,82,77,9,0.05625
119,51,3,6,20,14,96,91,9,0.05625
119,52,4,6,23,19,96,100,5,0.03125
119,53,5,6,7,19,84,84,7,0.04375
119,54,6,6,10,11,74,73,9,0.05625
119,55,7,6,1,13,49,49,5,0.03125
119,56,0,7,5,11,18,18,4,0.025
119,57,1,7,7,13,39,40,8,0.05
119,58,2,7,19,18,70,70,7,0.04375
119,59,3,7,20,21,87,86,8,0.05
119,60,4,7,23,22,83,83,8,0.05
119,61,5,7,11,16,63,64,8,0.05
119,62,6,7,4,18,47,47,8,0.05
119,63,7,7,2,14,24,24,4,0.025
120,0,0,0,18,20,54,56,0,0.0
120,1,1,0,16,20,83,88,1,0.00625
120,2,2,0,21,25,123,126,3,0.01875
120,3,3,0,19,27,134,138,2,0.0125
120,4,4,0,16,25,133,136,4,0.025
120,5,5,0,20,25,121,122,5,0.03125
120,6,6,0,18,18,85,86,6,0.0375
120,7,7,0,26,21,58,60,2,0.0125
120,8,0,1,21,21,83,85,1,0.00625
120,9,1,1,23,20,120,128,3,0.01875
120,10,2,1,30,26,175,174,7,0.04375
120,11,3,1,20,34,184,184,4,0.025
120,12,4,1,23,25,168,172,0,0.0
120,13,5,1,24,20,140,144,4,0.025
120,14,6,1,15,24,116,124,3,0.01875
120,15,7,1,17,25,84,88,0,0.0
120,16,0,2,15,21,93,92,5,0.03125
120,17,1,2,23,14,144,143,12,0.075
120,18,2,2,22,27,174,171,9,0.05625
120,19,3,2,17,29,197,192,7,0.04375
120,20,4,2,26,20,188,183,9,0.05625
120,21,5,2,30,35,186,186,6,0.0375
120,22,6,2,18,25,153,158,3,0.01875
120,23,7,2,24,17,100,100,4,0.025
120,24,0,3,21,17,99,103,1,0.00625
120,25,1,3,15,14,143,151,1,0.00625
120,26,2,3,16,29,174,179,0,0.0
120,27,3,3,20,24,209,208,2,0.0125
120,28,4,3,13,19,188,187,4,0.025
120,29,5,3,17,26,187,189,4,0.025
120,30,6,3,16,24,162,172,0,0.0
120,31,7,3,24,23,108,112,0,0.0
120,32,0,4,24,17,102,106,1,0.00625
120,33,1,4,24,16,160,155,9,0.05625
120,34,2,4,14,18,172,178,4,0.025
120,35,3,4,22,26,205,204,4,0.025
120,36,4,4,12,16,196,194,5,0.03125
120,37,5,4,20,28,195,193,6,0.0375
120,38,6,4,21,16,156,155,8,0.05
120,39,7,4,22,15,98,104,0,0.0
120,40,0,5,12,17,86,87,1,0.00625
120,41,1,5,19,20,131,135,2,0.0125
120,42,2,5,18,22,153,149,7,0.04375
120,43,3,5,23,21,190,189,5,0.03125
120,44,4,5,16,27,188,182,6,0.0375
120,45,5,5,28,27,181,184,4,0.025
120,46,6,5,20,16,148,149,5,0.03125
120,47,7,5,24,17,95,99,1,0.00625
120,48,0,6,26,20,77,82,0,0.0
120,49,1,6,20,19,120,127,1,0.00625
120,50,2,6,15,15,134,141,3,0.01875
120,51,3,6,21,20,179,179,12,0.075
120,52,4,6,21,26,168,167,5,0.03125
120,53,5,6,21,25,162,158,10,0.0625
120,54,6,6,21,32,138,138,7,0.04375
120,55,7,6,21,16,71,76,0,0.0
120,56,0,7,19,21,52,55,1,0.00625
120,57,1,7,19,23,86,87,6,0.0375
120,58,2,7,24,21,112,114,5,0.03125
120,59,3,7,16,24,137,142,3,0.01875
120,60,4,7,19,26,133,137,3,0.01875
120,61,5,7,21,21,120,124,3,0.01875
120,62,6,7,15,30,94,102,0,0.0
120,63,7,7,15,16,46,50,0,0.0
121,0,0,0,19,17,59,59,1,0.00625
121,1,1,0,20,16,88,86,2,0.0125
121,2,2,0,25,10,101,97,7,0.04375
121,3,3,0,21,16,105,105,2,0.0125
121,4,4,0,15,15,91,95,1,0.00625
121,5,5,0,18,19,98,100,1,0.00625
121,6,6,0,17,14,77,78,6,0.0375
121,7,7,0,15,13,49,50,1,0.00625
121,8,0,1,21,20,87,83,6,0.0375
121,9,1,1,17,22,118,111,9,0.05625
121,10,2,1,17,10,108,111,4,0.025
121,11,3,1,22,30,140,142,1,0.00625
121,12,4,1,14,26,118,116,3,0.01875
121,13,5,1,17,10,113,109,7,0.04375
121,14,6,1,18,15,92,86,7,0.04375
121,15,7,1,18,15,74,70,3,0.01875
121,16,0,2,16,25,98,97,5,0.03125
121,17,1,2,11,22,114,116,10,0.0625
121,18,2,2,19,12,117,121,3,0.01875
121,19,3,2,25,17,149,152,4,0.025
121,20,4,2,16,14,134,137,4,0.025
121,21,5,2,19,16,132,128,10,0.0625
121,22,6,2,19,19,113,108,9,0.05625
121,23,7,2,15,20,91,93,4,0.025
121,24,0,3,16,16,104,101,4,0.025
121,25,1,3,25,15,136,135,2,0.0125
121,26,2,3,16,14,135,132,0,0.0
121,27,3,3,23,11,153,149,6,0.0375
121,28,4,3,15,15,147,148,4,0.025
121,29,5,3,19,20,140,138,7,0.04375
121,30,6,3,16,16,115,113,3,0.01875
121,31,7,3,21,19,101,99,2,0.0125
121,32,0,4,15,11,95,95,0,0.0
121,33,1,4,19,17,137,137,11,0.06875
121,34,2,4,17,14,141,138,6,0.0375
121,35,3,4,15,13,147,151,1,0.00625
121,36,4,4,19,12,149,150,4,0.025
121,37,5,4,13,17,141,140,8,0.05
121,38,6,4,25,14,109,112,6,0.0375
121,39,7,4,13,16,93,88,3,0.01875
121,40,0,5,22,11,87,81,7,0.04375
121,41,1,5,23,12,118,113,7,0.04375
121,42,2,5,16,19,115,120,3,0.01875
121,43,3,5,18,10,126,123,8,0.05
121,44,4,5,19,9,127,129,4,0.025
121,45,5,5,12,15,125,122,8,0.05
121,46,6,5,13,19,99,97,8,0.05
121,47,7,5,15,19,92,88,5,0.03125
121,48,0,6,20,14,66,64,1,0.00625
121,49,1,6,14,19,96,99,0,0.0
121,50,2,6,20,18,107,103,6,0.0375
121,51,3,6,19,14,111,114,8,0.05
121,52,4,6,22,14,115,113,7,0.04375
121,53,5,6,18,21,100,103,7,0.04375
121,54,6,6,10,19,80,81,7,0.04375
121,55,7,6,19,17,71,67,4,0.025
121,56,0,7,12,15,39,36,3,0.01875
121,57,1,7,13,25,64,63,8,0.05
121,58,2,7,15,18,75,72,6,0.0375
121,59,3,7,14,16,85,83,4,0.025
121,60,4,7,14,18,81,84,1,0.00625
121,61,5,7,22,23,82,81,4,0.025
121,62,6,7,18,17,71,62,9,0.05625
121,63,7,7,24,21,50,48,2,0.0125
122,0,0,0,13,20,43,42,1,0.00625
122,1,1,0,10,23,67,64,7,0.04375
122,2,2,0,16,12,69,69,5,0.03125
122,3,3,0,25,14,91,88,5,0.03125
122,4,4,0,22,20,112,111,1,0.00625
122,5,5,0,22,18,110,106,6,0.0375
122,6,6,0,26,17,97,100,3,0.01875
122,7,7,0,26,23,70,67,4,0.025
122,8,0,1,18,9,68,66,9,0.05625
122,9,1,1,12,22,100,103,7,0.04375
122,10,2,1,26,16,116,114,6,0.0375
122,11,3,1,17,19,126,126,2,0.0125
122,12,4,1,18,16,120,118,5,0.03125
122,13,5,1,23,11,101,103,6,0.0375
122,14,6,1,8,13,78,78,7,0.04375
122,15,7,1,6,19,69,69,4,0.025
122,16,0,2,17,18,87,84,8,0.05
122,17,1,2,15,15,123,124,9,0.05625
122,18,2,2,24,22,146,144,7,0.04375
122,19,3,2,24,17,149,147,6,0.0375
122,20,4,2,23,20,136,135,4,0.025
122,21,5,2,16,15,121,121,8,0.05
122,22,6,2,14,16,100,98,10,0.0625
122,23,7,2,8,15,88,86,6,0.0375
122,24,0,3,23,18,107,108,4,0.025
122,25,1,3,18,17,136,129,7,0.04375
122,26,2,3,21,21,149,143,9,0.05625
122,27,3,3,25,14,153,156,4,0.025
122,28,4,3,22,23,150,151,3,0.01875
122,29,5,3,21,17,140,141,7,0.04375
122,30,6,3,20,15,121,112,12,0.075
122,31,7,3,18,18,108,102,7,0.04375
122,32,0,4,21,16,112,104,7,0.04375
122,33,1,4,18,25,134,137,8,0.05
122,34,2,4,18,12,140,141,5,0.03125
122,35,3,4,20,20,163,162,3,0.01875
122,36,4,4,19,11,142,144,2,0.0125
122,37,5,4,11,9,138,143,3,0.01875
122,38,6,4,23,24,136,132,7,0.04375
122,39,7,4,21,6,97,99,4,0.025
122,40,0,5,17,20,90,94,4,0.025
122,41,1,5,13,14,104,105,6,0.0375
122,42,2,5,21,11,118,117,4,0.025
122,43,3,5,20,10,148,148,7,0.04375
122,44,4,5,29,18,151,146,8,0.05
122,45,5,5,24,21,142,140,10,0.0625
122,46,6,5,9,15,106,107,6,0.0375
122,47,7,5,11,20,86,84,5,0.03125
122,48,0,6,15,26,74,73,2,0.0125
122,49,1,6,16,15,93,88,5,0.03125
122,50,2,6,22,15,111,109,7,0.04375
122,51,3,6,12,20,131,137,3,0.01875
122,52,4,6,28,13,128,128,6,0.0375
122,53,5,6,16,25,111,112,8,0.05
122,54,6,6,10,22,88,85,9,0.05625
122,55,7,6,4,10,56,55,5,0.03125
122,56,0,7,12,13,33,33,4,0.025
122,57,1,7,9,15,53,53,8,0.05
122,58,2,7,26,15,79,82,5,0.03125
122,59,3,7,25,24,104,102,7,0.04375
122,60,4,7,16,20,99,96,3,0.01875
122,61,5,7,19,13,80,78,6,0.0375
122,62,6,7,11,16,59,60,7,0.04375
122,63,7,7,11,15,38,36,4,0.025
123,0,0,0,11,15,43,40,4,0.025
123,1,1,0,11,15,56,55,8,0.05
123,2,2,0,19,24,83,84,6,0.0375
123,3,3,0,20,13,92,95,2,0.0125
123,4,4,0,16,10,105,104,3,0.01875
123,5,5,0,16,23,106,110,3,0.01875
123,6,6,0,18,13,77,77,2,0.0125
123,7,7,0,20,18,51,51,4,0.025
123,8,0,1,12,17,66,67,6,0.0375
123,9,1,1,14,12,87,87,6,0.0375
123,10,2,1,20,20,125,124,7,0.04375
123,11,3,1,23,37,153,149,5,0.03125
123,12,4,1,22,13,117,122,2,0.0125
123,13,5,1,21,17,127,126,6,0.0375
123,14,6,1,11,19,99,97,10,0.0625
123,15,7,1,19,11,70,69,4,0.025
123,16,0,2,13,15,87,91,4,0.025
123,17,1,2,21,17,120,122,7,0.04375
123,18,2,2,22,19,142,145,2,0.0125
123,19,3,2,22,15,164,162,6,0.0375
123,20,4,2,16,14,130,134,2,0.0125
123,21,5,2,26,19,138,142,5,0.03125
123,22,6,2,11,26,102,107,4,0.025
123,23,7,2,12,25,87,87,5,0.03125
123,24,0,3,9,24,89,90,4,0.025
123,25,1,3,9,12,117,114,12,0.075
123,26,2,3,24,12,142,145,4,0.025
123,27,3,3,26,20,172,170,4,0.025
123,28,4,3,23,18,146,144,5,0.03125
123,29,5,3,18,26,143,146,5,0.03125
123,30,6,3,15,12,110,111,9,0.05625
123,31,7,3,15,11,87,89,5,0.03125
123,32,0,4,23,14,90,92,6,0.0375
123,33,1,4,17,12,128,127,8,0.05
123,34,2,4,12,17,143,141,6,0.0375
123,35,3,4,24,20,160,153,7,0.04375
123,36,4,4,20,14,138,137,3,0.01875
123,37,5,4,15,16,127,126,4,0.025
123,38,6,4,18,11,110,109,10,0.0625
123,39,7,4,12,19,91,89,6,0.0375
123,40,0,5,9,19,82,80,6,0.0375
123,41,1,5,13,13,113,109,8,0.05
123,42,2,5,15,16,122,122,4,0.025
123,43,3,5,19,19,136,135,9,0.05625
123,44,4,5,23,13,124,129,3,0.01875
123,45,5,5,22,16,122,127,5,0.03125
123,46,6,5,11,23,106,102,11,0.06875
123,47,7,5,11,20,82,83,4,0.025
123,48,0,6,17,21,72,70,4,0.025
123,49,1,6,18,18,99,96,7,0.04375
123,50,2,6,26,18,119,119,6,0.0375
123,51,3,6,18,16,119,116,5,0.03125
123,52,4,6,20,12,108,108,6,0.0375
123,53,5,6,14,14,97,97,8,0.05
123,54,6,6,6,15,81,82,9,0.05625
123,55,7,6,11,21,65,64,5,0.03125
123,56,0,7,12,19,47,47,4,0.025
123,57,1,7,12,22,70,71,7,0.04375
123,58,2,7,14,23,87,85,7,0.04375
123,59,3,7,14,9,83,84,7,0.04375
123,60,4,7,19,14,92,89,7,0.04375
123,61,5,7,26,20,97,97,7,0.04375
123,62,6,7,14,13,76,76,6,0.0375
123,63,7,7,14,12,42,42,3,0.01875
124,0,0,0,15,20,51,52,4,0.025
124,1,1,0,15,24,73,75,7,0.04375
124,2,2,0,23,16,93,92,4,0.025
124,3,3,0,17,12,102,104,0,0.0
124,4,4,0,13,6,97,96,3,0.01875
124,5,5,0,12,17,93,93,3,0.01875
124,6,6,0,23,20,85,82,5,0.03125
124,7,7,0,19,17,46,50,0,0.0
124,8,0,1,12,18,72,76,3,0.01875
124,9,1,1,15,19,93,92,8,0.05
124,10,2,1,20,10,103,103,8,0.05
124,11,3,1,17,34,126,128,4,0.025
124,12,4,1,12,14,109,108,2,0.0125
124,13,5,1,19,15,107,108,7,0.04375
124,14,6,1,11,13,87,89,7,0.04375
124,15,7,1,8,18,56,57,4,0.025
124,16,0,2,13,15,82,81,5,0.03125
124,17,1,2,15,12,105,107,6,0.0375
124,18,2,2,26,18,120,117,7,0.04375
124,19,3,2,20,14,141,142,5,0.03125
124,20,4,2,20,19,132,127,7,0.04375
124,21,5,2,17,15,122,120,7,0.04375
124,22,6,2,9,15,111,107,7,0.04375
124,23,7,2,14,24,80,81,5,0.03125
124,24,0,3,11,14,93,91,6,0.0375
124,25,1,3,10,16,116,119,8,0.05
124,26,2,3,22,12,122,121,7,0.04375
124,27,3,3,16,12,140,142,5,0.03125
124,28,4,3,18,12,136,138,4,0.025
124,29,5,3,24,24,142,139,7,0.04375
124,30,6,3,12,11,118,119,9,0.05625
124,31,7,3,17,12,91,92,5,0.03125
124,32,0,4,16,15,84,89,1,0.00625
124,33,1,4,21,13,119,121,7,0.04375
124,34,2,4,20,8,125,126,6,0.0375
124,35,3,4,11,16,138,143,4,0.025
124,36,4,4,15,13,127,129,2,0.0125
124,37,5,4,17,20,129,131,2,0.0125
124,38,6,4,10,16,115,119,6,0.0375
124,39,7,4,12,6,83,81,7,0.04375
124,40,0,5,11,12,68,67,6,0.0375
124,41,1,5,11,19,97,101,7,0.04375
124,42,2,5,15,10,102,102,3,0.01875
124,43,3,5,18,11,117,121,5,0.03125
124,44,4,5,23,13,124,123,6,0.0375
124,45,5,5,17,15,121,120,5,0.03125
124,46,6,5,10,17,106,108,7,0.04375
124,47,7,5,13,19,92,93,5,0.03125
124,48,0,6,15,11,52,52,5,0.03125
124,49,1,6,8,19,76,74,8,0.05
124,50,2,6,20,15,76,76,8,0.05
124,51,3,6,11,12,80,80,6,0.0375
124,52,4,6,20,14,81,83,5,0.03125
124,53,5,6,3,12,66,67,6,0.0375
124,54,6,6,8,15,60,62,8,0.05
124,55,7,6,2,25,66,65,5,0.03125
124,56,0,7,8,9,28,27,4,0.025
124,57,1,7,10,21,54,56,5,0.03125
124,58,2,7,17,15,65,66,4,0.025
124,59,3,7,20,15,80,83,3,0.01875
124,60,4,7,18,11,76,78,5,0.03125
124,61,5,7,5,12,63,63,7,0.04375
124,62,6,7,3,18,52,52,8,0.05
124,63,7,7,10,14,41,41,4,0.025
125,0,0,0,17,12,39,38,4,0.025
125,1,1,0,19,12,68,68,7,0.04375
125,2,2,0,21,17,93,92,8,0.05
125,3,3,0,19,16,103,102,2,0.0125
125,4,4,0,16,12,102,102,2,0.0125
125,5,5,0,13,13,90,92,0,0.0
125,6,6,0,20,17,76,81,1,0.00625
125,7,7,0,18,10,42,40,2,0.0125
125,8,0,1,23,21,72,72,3,0.01875
125,9,1,1,11,14,81,81,8,0.05
125,10,2,1,14,18,115,114,9,0.05625
125,11,3,1,18,29,135,135,4,0.025
125,12,4,1,22,21,131,120,12,0.075
125,13,5,1,21,9,101,98,10,0.0625
125,14,6,1,14,19,88,88,8,0.05
125,15,7,1,7,14,57,54,7,0.04375
125,16,0,2,10,14,81,81,6,0.0375
125,17,1,2,10,18,100,98,8,0.05
125,18,2,2,20,14,138,140,5,0.03125
125,19,3,2,16,15,140,140,5,0.03125
125,20,4,2,18,13,132,136,4,0.025
125,21,5,2,19,14,117,116,8,0.05
125,22,6,2,9,18,91,93,8,0.05
125,23,7,2,5,14,67,67,4,0.025
125,24,0,3,14,18,90,90,5,0.03125
125,25,1,3,11,23,111,110,9,0.05625
125,26,2,3,18,16,144,143,7,0.04375
125,27,3,3,24,17,154,156,1,0.00625
125,28,4,3,13,23,159,156,5,0.03125
125,29,5,3,19,17,141,144,4,0.025
125,30,6,3,24,24,121,122,8,0.05
125,31,7,3,12,13,76,77,5,0.03125
125,32,0,4,14,17,98,97,3,0.01875
125,33,1,4,19,11,115,115,8,0.05
125,34,2,4,20,16,142,145,2,0.0125
125,35,3,4,24,11,152,149,6,0.0375
125,36,4,4,18,16,152,152,2,0.0125
125,37,5,4,25,20,143,139,6,0.0375
125,38,6,4,15,18,119,116,9,0.05625
125,39,7,4,13,23,81,86,3,0.01875
125,40,0,5,26,19,96,98,4,0.025
125,41,1,5,26,16,111,105,12,0.075
125,42,2,5,21,19,133,128,7,0.04375
125,43,3,5,14,12,136,132,8,0.05
125,44,4,5,23,15,146,142,8,0.05
125,45,5,5,21,12,123,118,10,0.0625
125,46,6,5,14,18,105,106,8,0.05
125,47,7,5,9,10,62,61,5,0.03125
125,48,0,6,11,14,57,59,3,0.01875
125,49,1,6,10,17,78,77,9,0.05625
125,50,2,6,21,19,110,111,6,0.0375
125,51,3,6,24,13,119,117,7,0.04375
125,52,4,6,26,27,128,128,5,0.03125
125,53,5,6,17,16,103,99,9,0.05625
125,54,6,6,8,22,85,83,9,0.05625
125,55,7,6,10,12,52,54,4,0.025
125,56,0,7,17,16,42,42,5,0.03125
125,57,1,7,18,10,58,56,7,0.04375
125,58,2,7,22,15,77,76,7,0.04375
125,59,3,7,23,11,88,85,5,0.03125
125,60,4,7,19,18,94,97,3,0.01875
125,61,5,7,23,15,86,87,5,0.03125
125,62,6,7,10,18,58,59,7,0.04375
125,63,7,7,4,15,33,32,5,0.03125
126,0,0,0,14,26,58,62,0,0.0
126,1,1,0,19,21,78,82,1,0.00625
126,2,2,0,18,24,95,101,1,0.00625
126,3,3,0,25,23,122,120,4,0.025
126,4,4,0,25,20,115,114,5,0.03125
126,5,5,0,16,15,94,93,0,0.0
126,6,6,0,21,30,100,95,4,0.025
126,7,7,0,24,21,60,61,1,0.00625
126,8,0,1,19,13,86,89,0,0.0
126,9,1,1,19,24,120,125,3,0.01875
126,10,2,1,22,28,144,149,3,0.01875
126,11,3,1,21,51,187,189,1,0.00625
126,12,4,1,16,28,150,161,1,0.00625
126,13,5,1,16,19,116,124,1,0.00625
126,14,6,1,11,17,113,120,1,0.00625
126,15,7,1,15,24,95,95,4,0.025
126,16,0,2,18,17,103,105,3,0.01875
126,17,1,2,21,15,133,135,5,0.03125
126,18,2,2,18,21,149,150,4,0.025
126,19,3,2,17,22,194,198,2,0.0125
126,20,4,2,21,16,174,178,1,0.00625
126,21,5,2,16,13,141,145,4,0.025
126,22,6,2,15,19,131,138,1,0.00625
126,23,7,2,12,19,111,114,2,0.0125
126,24,0,3,21,23,116,120,1,0.00625
126,25,1,3,21,16,135,142,2,0.0125
126,26,2,3,17,22,143,150,0,0.0
126,27,3,3,22,19,194,191,6,0.0375
126,28,4,3,23,25,198,198,7,0.04375
126,29,5,3,13,28,163,163,4,0.025
126,30,6,3,19,20,147,147,8,0.05
126,31,7,3,24,13,124,122,5,0.03125
126,32,0,4,18,19,116,116,1,0.00625
126,33,1,4,16,16,139,144,2,0.0125
126,34,2,4,16,9,153,147,8,0.05
126,35,3,4,22,23,187,191,3,0.01875
126,36,4,4,23,23,195,195,2,0.0125
126,37,5,4,17,20,156,159,3,0.01875
126,38,6,4,24,19,151,155,4,0.025
126,39,7,4,14,20,119,118,3,0.01875
126,40,0,5,22,20,109,111,1,0.00625
126,41,1,5,15,21,145,151,5,0.03125
126,42,2,5,19,22,153,159,2,0.0125
126,43,3,5,13,17,183,182,8,0.05
126,44,4,5,22,27,187,195,1,0.00625
126,45,5,5,24,24,159,163,6,0.0375
126,46,6,5,18,23,145,147,5,0.03125
126,47,7,5,20,22,113,115,2,0.0125
126,48,0,6,18,20,82,84,0,0.0
126,49,1,6,24,26,124,135,0,0.0
126,50,2,6,15,18,138,145,0,0.0
126,51,3,6,24,26,185,184,8,0.05
126,52,4,6,17,21,171,170,7,0.04375
126,53,5,6,18,13,138,143,6,0.0375
126,54,6,6,17,19,120,121,8,0.05
126,55,7,6,28,26,99,98,5,0.03125
126,56,0,7,24,15,48,51,2,0.0125
126,57,1,7,22,22,83,82,8,0.05
126,58,2,7,25,27,110,109,7,0.04375
126,59,3,7,16,25,124,129,2,0.0125
126,60,4,7,9,32,133,132,2,0.0125
126,61,5,7,18,21,118,120,3,0.01875
126,62,6,7,21,18,94,97,2,0.0125
126,63,7,7,20,22,57,61,0,0.0
127,0,0,0,23,13,47,45,2,0.0125
127,1,1,0,14,13,77,72,7,0.04375
127,2,2,0,16,14,91,89,2,0.0125
127,3,3,0,26,18,108,110,1,0.00625
127,4,4,0,21,17,103,103,3,0.01875
127,5,5,0,23,17,93,90,5,0.03125
127,6,6,0,22,16,76,73,9,0.05625
127,7,7,0,17,18,53,50,4,0.025
127,8,0,1,13,12,61,57,5,0.03125
127,9,1,1,14,19,97,91,8,0.05
127,10,2,1,13,16,97,93,7,0.04375
127,11,3,1,24,29,127,123,5,0.03125
127,12,4,1,24,13,115,113,4,0.025
127,13,5,1,21,16,116,111,5,0.03125
127,14,6,1,19,17,98,96,3,0.01875
127,15,7,1,20,21,82,84,3,0.01875
127,16,0,2,23,15,84,83,4,0.025
127,17,1,2,21,14,116,112,10,0.0625
127,18,2,2,17,22,135,134,2,0.0125
127,19,3,2,11,14,141,138,3,0.01875
127,20,4,2,20,18,131,127,4,0.025
127,21,5,2,17,12,123,123,4,0.025
127,22,6,2,18,21,116,109,6,0.0375
127,23,7,2,18,17,98,97,1,0.00625
127,24,0,3,24,17,101,97,4,0.025
127,25,1,3,18,20,127,123,7,0.04375
127,26,2,3,23,14,146,138,7,0.04375
127,27,3,3,26,17,155,156,3,0.01875
127,28,4,3,18,21,140,139,6,0.0375
127,29,5,3,20,15,146,143,6,0.0375
127,30,6,3,18,15,128,126,9,0.05625
127,31,7,3,21,23,105,105,6,0.0375
127,32,0,4,19,17,96,95,1,0.00625
127,33,1,4,16,17,122,117,6,0.0375
127,34,2,4,20,14,140,142,7,0.04375
127,35,3,4,26,14,149,145,6,0.0375
127,36,4,4,20,14,135,134,3,0.01875
127,37,5,4,11,23,143,144,2,0.0125
127,38,6,4,18,13,133,129,7,0.04375
127,39,7,4,20,12,100,101,2,0.0125
127,40,0,5,21,23,94,95,2,0.0125
127,41,1,5,26,14,107,106,7,0.04375
127,42,2,5,16,13,120,119,2,0.0125
127,43,3,5,18,14,114,115,8,0.05
127,44,4,5,19,18,122,121,2,0.0125
127,45,5,5,18,14,116,121,2,0.0125
127,46,6,5,21,9,113,112,8,0.05
127,47,7,5,19,13,91,89,4,0.025
127,48,0,6,20,14,76,74,2,0.0125
127,49,1,6,13,19,88,81,5,0.03125
127,50,2,6,25,22,104,101,4,0.025
127,51,3,6,14,8,78,78,8,0.05
127,52,4,6,20,12,84,88,3,0.01875
127,53,5,6,10,13,74,72,8,0.05
127,54,6,6,2,18,72,69,12,0.075
127,55,7,6,2,13,52,53,5,0.03125
127,56,0,7,10,18,42,40,4,0.025
127,57,1,7,13,14,55,54,8,0.05
127,58,2,7,20,11,72,72,8,0.05
127,59,3,7,14,10,68,63,6,0.0375
127,60,4,7,15,15,73,69,8,0.05
127,61,5,7,15,14,71,69,6,0.0375
127,62,6,7,19,22,74,70,8,0.05
127,63,7,7,20,19,52,49,4,0.025
128,0,0,0,17,20,48,47,4,0.025
128,1,1,0,19,17,69,69,8,0.05
128,2,2,0,19,16,84,85,2,0.0125
128,3,3,0,23,14,109,105,4,0.025
128,4,4,0,15,19,109,111,2,0.0125
128,5,5,0,23,15,104,105,3,0.01875
128,6,6,0,19,16,77,79,6,0.0375
128,7,7,0,12,22,49,49,4,0.025
128,8,0,1,5,19,63,62,6,0.0375
128,9,1,1,6,18,82,83,7,0.04375
128,10,2,1,15,24,112,112,7,0.04375
128,11,3,1,24,32,147,146,7,0.04375
128,12,4,1,20,23,137,134,5,0.03125
128,13,5,1,20,19,121,119,7,0.04375
128,14,6,1,20,18,101,99,5,0.03125
128,15,7,1,16,13,74,75,4,0.025
128,16,0,2,21,16,90,93,1,0.00625
128,17,1,2,19,17,118,124,3,0.01875
128,18,2,2,16,14,143,141,6,0.0375
128,19,3,2,18,18,155,152,8,0.05
128,20,4,2,23,8,140,137,6,0.0375
128,21,5,2,22,20,141,136,9,0.05625
128,22,6,2,18,12,110,106,9,0.05625
128,23,7,2,19,14,87,87,3,0.01875
128,24,0,3,14,16,88,91,3,0.01875
128,25,1,3,21,20,123,124,6,0.0375
128,26,2,3,16,20,143,149,3,0.01875
128,27,3,3,20,13,158,157,6,0.0375
128,28,4,3,19,11,143,141,8,0.05
128,29,5,3,24,14,146,147,6,0.0375
128,30,6,3,20,23,123,125,7,0.04375
128,31,7,3,14,13,88,88,6,0.0375
128,32,0,4,14,14,84,81,6,0.0375
128,33,1,4,13,8,110,109,9,0.05625
128,34,2,4,23,15,133,137,3,0.01875
128,35,3,4,12,16,142,147,3,0.01875
128,36,4,4,18,12,146,144,5,0.03125
128,37,5,4,16,19,151,147,4,0.025
128,38,6,4,15,14,121,129,1,0.00625
128,39,7,4,18,15,80,80,2,0.0125
128,40,0,5,20,10,75,76,1,0.00625
128,41,1,5,17,13,117,116,6,0.0375
128,42,2,5,20,12,136,131,8,0.05
128,43,3,5,21,11,135,139,4,0.025
128,44,4,5,16,23,140,134,7,0.04375
128,45,5,5,23,18,129,122,8,0.05
128,46,6,5,13,16,109,109,8,0.05
128,47,7,5,16,20,69,68,6,0.0375
128,48,0,6,8,15,48,46,4,0.025
128,49,1,6,7,16,72,70,9,0.05625
128,50,2,6,14,21,86,83,7,0.04375
128,51,3,6,18,21,92,91,9,0.05625
128,52,4,6,26,20,98,97,4,0.025
128,53,5,6,6,15,76,75,6,0.0375
128,54,6,6,4,27,70,73,8,0.05
128,55,7,6,3,19,40,41,4,0.025
128,56,0,7,11,12,33,31,5,0.03125
128,57,1,7,13,18,63,64,8,0.05
128,58,2,7,21,16,81,85,3,0.01875
128,59,3,7,22,12,85,82,9,0.05625
128,60,4,7,22,15,85,87,5,0.03125
128,61,5,7,17,12,67,65,8,0.05
128,62,6,7,5,14,42,42,8,0.05
128,63,7,7,5,8,21,20,5,0.03125
129,0,0,0,18,22,50,49,3,0.01875
129,1,1,0,20,15,79,79,7,0.04375
129,2,2,0,18,14,98,98,2,0.0125
129,3,3,0,22,16,110,112,3,0.01875
129,4,4,0,19,9,99,97,4,0.025
129,5,5,0,19,17,100,98,4,0.025
129,6,6,0,19,15,80,80,7,0.04375
129,7,7,0,19,23,54,55,3,0.01875
129,8,0,1,16,15,66,69,3,0.01875
129,9,1,1,14,13,91,90,6,0.0375
129,10,2,1,23,17,113,110,10,0.0625
129,11,3,1,16,29,143,141,9,0.05625
129,12,4,1,24,19,121,122,5,0.03125
129,13,5,1,16,19,117,120,5,0.03125
129,14,6,1,17,24,107,104,9,0.05625
129,15,7,1,18,20,78,76,4,0.025
129,16,0,2,16,12,90,80,12,0.075
129,17,1,2,18,12,107,99,11,0.06875
129,18,2,2,20,12,114,116,4,0.025
129,19,3,2,15,15,146,146,7,0.04375
129,20,4,2,20,21,138,139,5,0.03125
129,21,5,2,24,18,129,131,7,0.04375
129,22,6,2,15,23,121,126,7,0.04375
129,23,7,2,23,17,103,97,8,0.05
129,24,0,3,16,10,99,93,8,0.05
129,25,1,3,16,13,115,114,7,0.04375
129,26,2,3,17,18,134,129,8,0.05
129,27,3,3,22,21,161,163,3,0.01875
129,28,4,3,15,17,145,151,3,0.01875
129,29,5,3,24,10,132,134,4,0.025
129,30,6,3,21,16,126,125,9,0.05625
129,31,7,3,20,13,99,100,5,0.03125
129,32,0,4,11,4,85,85,6,0.0375
129,33,1,4,22,12,115,115,6,0.0375
129,34,2,4,23,15,141,141,3,0.01875
129,35,3,4,16,12,164,160,5,0.03125
129,36,4,4,19,13,152,154,4,0.025
129,37,5,4,17,17,129,130,5,0.03125
129,38,6,4,21,20,126,124,2,0.0125
129,39,7,4,18,14,88,88,2,0.0125
129,40,0,5,24,19,94,91,3,0.01875
129,41,1,5,13,16,96,99,5,0.03125
129,42,2,5,23,14,121,124,5,0.03125
129,43,3,5,24,12,138,134,7,0.04375
129,44,4,5,18,15,134,137,5,0.03125
129,45,5,5,22,13,114,118,5,0.03125
129,46,6,5,12,18,113,114,7,0.04375
129,47,7,5,15,11,75,76,5,0.03125
129,48,0,6,8,17,58,58,4,0.025
129,49,1,6,14,11,63,63,9,0.05625
129,50,2,6,17,16,75,74,8,0.05
129,51,3,6,17,16,86,83,11,0.06875
129,52,4,6,8,19,80,75,8,0.05
129,53,5,6,7,14,53,54,8,0.05
129,54,6,6,8,18,65,65,8,0.05
129,55,7,6,0,21,46,46,4,0.025
129,56,0,7,2,16,23,24,5,0.03125
129,57,1,7,1,21,36,36,8,0.05
129,58,2,7,10,14,36,30,9,0.05625
129,59,3,7,20,13,39,39,10,0.0625
129,60,4,7,10,18,38,37,7,0.04375
129,61,5,7,1,8,21,21,8,0.05
129,62,6,7,4,19,34,34,8,0.05
129,63,7,7,0,12,18,18,5,0.03125
130,0,0,0,13,15,36,36,4,0.025
130,1,1,0,12,13,54,56,5,0.03125
130,2,2,0,19,8,69,66,5,0.03125
130,3,3,0,21,15,90,88,5,0.03125
130,4,4,0,17,13,89,86,7,0.04375
130,5,5,0,17,18,91,89,8,0.05
130,6,6,0,12,10,64,61,9,0.05625
130,7,7,0,15,10,39,38,4,0.025
130,8,0,1,13,15,63,60,5,0.03125
130,9,1,1,9,10,76,75,9,0.05625
130,10,2,1,24,15,92,97,6,0.0375
130,11,3,1,20,26,120,124,5,0.03125
130,12,4,1,22,12,98,98,5,0.03125
130,13,5,1,18,13,104,103,7,0.04375
130,14,6,1,11,19,79,80,8,0.05
130,15,7,1,11,11,52,54,4,0.025
130,16,0,2,18,19,81,86,5,0.03125
130,17,1,2,16,17,102,106,8,0.05
130,18,2,2,22,14,120,117,7,0.04375
130,19,3,2,18,21,146,148,4,0.025
130,20,4,2,25,15,123,124,5,0.03125
130,21,5,2,19,16,115,115,7,0.04375
130,22,6,2,10,15,83,80,9,0.05625
130,23,7,2,3,16,65,68,5,0.03125
130,24,0,3,13,12,83,87,5,0.03125
130,25,1,3,19,18,116,117,6,0.0375
130,26,2,3,17,16,122,125,3,0.01875
130,27,3,3,20,20,163,165,1,0.00625
130,28,4,3,17,10,141,138,5,0.03125
130,29,5,3,17,21,136,137,4,0.025
130,30,6,3,19,15,117,118,8,0.05
130,31,7,3,16,15,93,93,2,0.0125
130,32,0,4,16,11,80,82,5,0.03125
130,33,1,4,21,14,119,117,9,0.05625
130,34,2,4,24,19,142,142,3,0.01875
130,35,3,4,19,18,157,158,4,0.025
130,36,4,4,27,16,139,140,1,0.00625
130,37,5,4,15,12,128,125,7,0.04375
130,38,6,4,17,13,117,110,9,0.05625
130,39,7,4,18,14,89,88,4,0.025
130,40,0,5,21,13,72,73,3,0.01875
130,41,1,5,18,14,107,103,8,0.05
130,42,2,5,23,17,125,128,2,0.0125
130,43,3,5,21,13,141,144,4,0.025
130,44,4,5,15,13,112,113,3,0.01875
130,45,5,5,19,9,108,107,5,0.03125
130,46,6,5,7,13,86,86,7,0.04375
130,47,7,5,9,19,67,68,4,0.025
130,48,0,6,10,15,46,47,3,0.01875
130,49,1,6,5,18,65,66,7,0.04375
130,50,2,6,17,15,87,86,7,0.04375
130,51,3,6,17,20,103,107,8,0.05
130,52,4,6,24,19,83,87,4,0.025
130,53,5,6,17,14,75,75,8,0.05
130,54,6,6,5,10,55,54,9,0.05625
130,55,7,6,1,18,42,41,5,0.03125
130,56,0,7,0,15,17,18,4,0.025
130,57,1,7,0,15,20,21,7,0.04375
130,58,2,7,2,13,26,30,6,0.0375
130,59,3,7,23,20,56,60,5,0.03125
130,60,4,7,15,7,40,42,4,0.025
130,61,5,7,4,18,36,35,9,0.05625
130,62,6,7,0,14,24,24,8,0.05
130,63,7,7,0,13,17,18,4,0.025
131,0,0,0,12,15,37,36,5,0.03125
131,1,1,0,16,13,62,58,8,0.05
131,2,2,0,31,7,78,77,7,0.04375
131,3,3,0,18,17,95,95,5,0.03125
131,4,4,0,19,14,83,87,4,0.025
131,5,5,0,7,17,63,65,6,0.0375
131,6,6,0,4,17,45,47,7,0.04375
131,7,7,0,2,6,21,21,4,0.025
131,8,0,1,8,13,55,56,4,0.025
131,9,1,1,17,12,83,84,9,0.05625
131,10,2,1,16,12,86,87,4,0.025
131,11,3,1,22,33,136,135,6,0.0375
131,12,4,1,24,15,117,115,7,0.04375
131,13,5,1,18,13,99,99,6,0.0375
131,14,6,1,12,13,76,76,7,0.04375
131,15,7,1,3,16,43,43,3,0.01875
131,16,0,2,17,13,80,82,5,0.03125
131,17,1,2,18,24,118,118,5,0.03125
131,18,2,2,11,14,103,109,3,0.01875
131,19,3,2,17,18,142,138,9,0.05625
131,20,4,2,22,13,126,125,6,0.0375
131,21,5,2,26,16,124,122,8,0.05
131,22,6,2,13,16,103,103,8,0.05
131,23,7,2,15,7,66,67,5,0.03125
131,24,0,3,16,16,87,88,4,0.025
131,25,1,3,19,16,120,118,8,0.05
131,26,2,3,20,16,137,135,5,0.03125
131,27,3,3,28,18,162,157,6,0.0375
131,28,4,3,25,19,144,143,7,0.04375
131,29,5,3,12,14,126,122,5,0.03125
131,30,6,3,17,14,120,121,8,0.05
131,31,7,3,14,8,80,77,7,0.04375
131,32,0,4,18,17,94,94,5,0.03125
131,33,1,4,21,22,131,133,9,0.05625
131,34,2,4,25,17,149,146,7,0.04375
131,35,3,4,19,17,168,167,5,0.03125
131,36,4,4,13,20,152,151,2,0.0125
131,37,5,4,19,18,131,134,4,0.025
131,38,6,4,14,17,117,119,8,0.05
131,39,7,4,17,15,85,82,5,0.03125
131,40,0,5,7,12,65,62,4,0.025
131,41,1,5,12,14,93,93,9,0.05625
131,42,2,5,20,19,126,124,4,0.025
131,43,3,5,17,20,146,147,5,0.03125
131,44,4,5,17,10,128,131,1,0.00625
131,45,5,5,23,15,119,123,3,0.01875
131,46,6,5,16,21,110,109,7,0.04375
131,47,7,5,15,10,77,76,4,0.025
131,48,0,6,11,8,54,53,4,0.025
131,49,1,6,12,20,87,88,7,0.04375
131,50,2,6,23,17,114,112,8,0.05
131,51,3,6,19,16,124,125,7,0.04375
131,52,4,6,31,13,115,111,6,0.0375
131,53,5,6,14,15,89,89,6,0.0375
131,54,6,6,2,12,71,71,8,0.05
131,55,7,6,16,15,60,61,4,0.025
131,56,0,7,13,22,42,41,4,0.025
131,57,1,7,8,11,48,46,7,0.04375
131,58,2,7,19,21,77,74,8,0.05
131,59,3,7,18,20,86,82,10,0.0625
131,60,4,7,13,14,70,66,8,0.05
131,61,5,7,9,11,54,55,8,0.05
131,62,6,7,5,24,49,48,9,0.05625
131,63,7,7,6,17,32,32,4,0.025
132,0,0,0,20,22,54,60,0,0.0
132,1,1,0,26,12,88,96,1,0.00625
132,2,2,0,20,20,110,116,1,0.00625
132,3,3,0,15,26,134,136,4,0.025
132,4,4,0,16,19,128,127,3,0.01875
132,5,5,0,24,29,130,129,5,0.03125
132,6,6,0,24,24,97,98,5,0.03125
132,7,7,0,22,19,53,55,1,0.00625
132,8,0,1,18,18,73,76,1,0.00625
132,9,1,1,18,13,122,126,3,0.01875
132,10,2,1,21,25,156,157,4,0.025
132,11,3,1,22,42,201,204,4,0.025
132,12,4,1,18,25,163,166,5,0.03125
132,13,5,1,19,13,149,151,4,0.025
132,14,6,1,23,22,123,125,4,0.025
132,15,7,1,19,26,79,82,0,0.0
132,16,0,2,22,21,99,102,1,0.00625
132,17,1,2,18,33,164,164,7,0.04375
132,18,2,2,15,22,177,172,5,0.03125
132,19,3,2,22,22,212,215,6,0.0375
132,20,4,2,21,25,184,185,5,0.03125
132,21,5,2,23,16,172,175,7,0.04375
132,22,6,2,23,20,145,149,6,0.0375
132,23,7,2,21,17,99,101,1,0.00625
132,24,0,3,28,20,118,119,2,0.0125
132,25,1,3,20,32,176,180,3,0.01875
132,26,2,3,17,20,186,187,5,0.03125
132,27,3,3,17,30,234,236,5,0.03125
132,28,4,3,19,27,192,195,3,0.01875
132,29,5,3,11,29,170,175,1,0.00625
132,30,6,3,12,19,145,147,5,0.03125
132,31,7,3,23,15,109,117,1,0.00625
132,32,0,4,19,18,108,111,1,0.00625
132,33,1,4,17,26,152,156,2,0.0125
132,34,2,4,18,17,171,170,5,0.03125
132,35,3,4,18,27,218,218,5,0.03125
132,36,4,4,19,15,188,184,6,0.0375
132,37,5,4,16,19,174,177,3,0.01875
132,38,6,4,20,22,157,164,0,0.0
132,39,7,4,23,24,122,125,3,0.01875
132,40,0,5,19,17,100,106,0,0.0
132,41,1,5,28,20,149,153,4,0.025
132,42,2,5,25,10,169,167,4,0.025
132,43,3,5,19,32,202,201,5,0.03125
132,44,4,5,23,23,190,183,8,0.05
132,45,5,5,22,25,174,170,7,0.04375
132,46,6,5,21,24,146,147,5,0.03125
132,47,7,5,22,18,108,113,1,0.00625
132,48,0,6,17,22,93,94,3,0.01875
132,49,1,6,17,20,126,129,4,0.025
132,50,2,6,22,31,161,168,4,0.025
132,51,3,6,19,22,176,182,1,0.00625
132,52,4,6,19,21,173,178,2,0.0125
132,53,5,6,22,21,161,168,1,0.00625
132,54,6,6,22,21,137,145,1,0.00625
132,55,7,6,21,28,97,100,1,0.00625
132,56,0,7,21,33,68,72,1,0.00625
132,57,1,7,17,29,96,99,6,0.0375
132,58,2,7,23,27,121,123,6,0.0375
132,59,3,7,25,21,136,140,3,0.01875
132,60,4,7,21,19,134,139,3,0.01875
132,61,5,7,20,22,120,125,2,0.0125
132,62,6,7,17,18,94,98,5,0.03125
132,63,7,7,21,15,53,56,1,0.00625
133,0,0,0,19,18,47,45,2,0.0125
133,1,1,0,14,12,66,59,8,0.05
133,2,2,0,23,19,91,84,7,0.04375
133,3,3,0,18,18,99,98,5,0.03125
133,4,4,0,25,19,109,110,3,0.01875
133,5,5,0,15,16,93,97,1,0.00625
133,6,6,0,26,16,73,76,3,0.01875
133,7,7,0,15,23,49,51,0,0.0
133,8,0,1,20,19,81,80,3,0.01875
133,9,1,1,11,17,84,83,4,0.025
133,10,2,1,18,12,108,103,7,0.04375
133,11,3,1,21,32,124,124,3,0.01875
133,12,4,1,17,21,125,123,6,0.0375
133,13,5,1,16,25,116,115,4,0.025
133,14,6,1,16,17,94,91,8,0.05
133,15,7,1,17,18,75,72,4,0.025
133,16,0,2,19,19,101,98,4,0.025
133,17,1,2,16,17,111,109,8,0.05
133,18,2,2,23,18,135,137,6,0.0375
133,19,3,2,22,12,141,141,7,0.04375
133,20,4,2,21,17,154,152,6,0.0375
133,21,5,2,14,12,127,124,9,0.05625
133,22,6,2,16,13,103,101,7,0.04375
133,23,7,2,16,14,82,77,6,0.0375
133,24,0,3,18,17,102,98,5,0.03125
133,25,1,3,19,18,125,122,8,0.05
133,26,2,3,24,15,143,142,4,0.025
133,27,3,3,13,14,138,139,2,0.0125
133,28,4,3,20,20,161,161,4,0.025
133,29,5,3,22,19,148,143,6,0.0375
133,30,6,3,16,20,120,123,3,0.01875
133,31,7,3,20,16,99,97,1,0.00625
133,32,0,4,21,11,96,94,3,0.01875
133,33,1,4,25,20,128,122,10,0.0625
133,34,2,4,18,15,143,142,6,0.0375
133,35,3,4,18,15,147,148,4,0.025
133,36,4,4,28,18,161,161,7,0.04375
133,37,5,4,23,20,143,139,5,0.03125
133,38,6,4,20,13,130,125,6,0.0375
133,39,7,4,22,16,107,107,3,0.01875
133,40,0,5,20,17,91,90,0,0.0
133,41,1,5,23,13,113,114,4,0.025
133,42,2,5,24,25,143,145,4,0.025
133,43,3,5,19,20,149,151,4,0.025
133,44,4,5,21,20,141,145,5,0.03125
133,45,5,5,19,14,120,115,11,0.06875
133,46,6,5,15,20,110,107,8,0.05
133,47,7,5,9,21,84,80,5,0.03125
133,48,0,6,18,19,68,68,4,0.025
133,49,1,6,17,12,94,91,6,0.0375
133,50,2,6,16,13,105,106,3,0.01875
133,51,3,6,19,16,117,114,4,0.025
133,52,4,6,17,13,116,118,1,0.00625
133,53,5,6,17,21,109,102,6,0.0375
133,54,6,6,19,19,98,94,5,0.03125
133,55,7,6,17,12,71,65,6,0.0375
133,56,0,7,18,15,44,41,3,0.01875
133,57,1,7,8,21,67,66,6,0.0375
133,58,2,7,18,19,88,87,8,0.05
133,59,3,7,23,16,103,102,7,0.04375
133,60,4,7,16,15,108,105,5,0.03125
133,61,5,7,19,11,97,98,2,0.0125
133,62,6,7,21,17,80,77,8,0.05
133,63,7,7,23,21,56,53,4,0.025
134,0,0,0,14,19,47,45,4,0.025
134,1,1,0,25,16,80,80,7,0.04375
134,2,2,0,24,20,103,107,4,0.025
134,3,3,0,20,15,106,103,5,0.03125
134,4,4,0,20,25,106,107,2,0.0125
134,5,5,0,17,20,89,92,0,0.0
134,6,6,0,15,17,74,77,0,0.0
134,7,7,0,19,22,56,52,2,0.0125
134,8,0,1,12,12,71,68,4,0.025
134,9,1,1,16,15,104,99,11,0.06875
134,10,2,1,20,18,121,123,5,0.03125
134,11,3,1,21,38,151,153,0,0.0
134,12,4,1,13,7,121,125,3,0.01875
134,13,5,1,29,19,116,117,4,0.025
134,14,6,1,11,20,93,94,8,0.05
134,15,7,1,15,16,69,70,3,0.01875
134,16,0,2,13,22,89,86,6,0.0375
134,17,1,2,17,20,118,119,7,0.04375
134,18,2,2,15,12,129,130,3,0.01875
134,19,3,2,25,13,155,158,3,0.01875
134,20,4,2,18,15,137,136,7,0.04375
134,21,5,2,20,13,113,117,6,0.0375
134,22,6,2,10,11,104,103,7,0.04375
134,23,7,2,17,22,89,89,6,0.0375
134,24,0,3,21,15,102,103,6,0.0375
134,25,1,3,11,15,131,133,6,0.0375
134,26,2,3,18,23,140,143,3,0.01875
134,27,3,3,20,12,151,149,5,0.03125
134,28,4,3,22,18,156,159,2,0.0125
134,29,5,3,20,17,130,133,3,0.01875
134,30,6,3,15,14,128,122,8,0.05
134,31,7,3,21,17,103,101,5,0.03125
134,32,0,4,16,18,103,102,5,0.03125
134,33,1,4,15,20,133,135,9,0.05625
134,34,2,4,17,19,141,143,5,0.03125
134,35,3,4,24,11,157,158,5,0.03125
134,36,4,4,23,19,146,150,3,0.01875
134,37,5,4,14,24,123,122,7,0.04375
134,38,6,4,9,16,112,108,10,0.0625
134,39,7,4,18,17,91,91,4,0.025
134,40,0,5,16,13,89,87,1,0.00625
134,41,1,5,16,24,117,113,8,0.05
134,42,2,5,20,21,118,115,6,0.0375
134,43,3,5,18,19,132,127,7,0.04375
134,44,4,5,21,22,142,141,5,0.03125
134,45,5,5,28,15,139,141,9,0.05625
134,46,6,5,7,16,111,113,8,0.05
134,47,7,5,14,26,86,86,3,0.01875
134,48,0,6,26,15,84,83,3,0.01875
134,49,1,6,14,23,104,105,5,0.03125
134,50,2,6,16,13,108,108,2,0.0125
134,51,3,6,15,16,119,118,6,0.0375
134,52,4,6,23,24,135,133,3,0.01875
134,53,5,6,20,26,133,133,8,0.05
134,54,6,6,17,29,110,110,4,0.025
134,55,7,6,12,11,63,69,0,0.0
134,56,0,7,13,19,44,44,4,0.025
134,57,1,7,19,15,63,61,8,0.05
134,58,2,7,16,12,76,80,3,0.01875
134,59,3,7,16,13,93,92,6,0.0375
134,60,4,7,16,19,106,109,3,0.01875
134,61,5,7,18,22,110,106,4,0.025
134,62,6,7,17,17,80,85,2,0.0125
134,63,7,7,20,15,49,53,0,0.0
135,0,0,0,17,13,48,48,4,0.025
135,1,1,0,12,12,59,60,7,0.04375
135,2,2,0,18,18,87,85,4,0.025
135,3,3,0,26,14,96,97,7,0.04375
135,4,4,0,23,14,100,94,7,0.04375
135,5,5,0,19,13,92,87,5,0.03125
135,6,6,0,12,19,78,77,1,0.00625
135,7,7,0,19,23,59,62,0,0.0
135,8,0,1,15,18,72,74,4,0.025
135,9,1,1,11,18,77,81,5,0.03125
135,10,2,1,21,15,114,112,6,0.0375
135,11,3,1,23,26,139,134,4,0.025
135,12,4,1,20,15,115,116,2,0.0125
135,13,5,1,22,18,121,120,6,0.0375
135,14,6,1,18,14,92,90,10,0.0625
135,15,7,1,14,23,83,80,5,0.03125
135,16,0,2,17,14,84,85,7,0.04375
135,17,1,2,21,22,107,111,4,0.025
135,18,2,2,18,15,128,128,4,0.025
135,19,3,2,13,19,149,150,4,0.025
135,20,4,2,20,11,119,127,1,0.00625
135,21,5,2,22,11,125,121,9,0.05625
135,22,6,2,9,19,99,99,7,0.04375
135,23,7,2,12,16,91,93,6,0.0375
135,24,0,3,17,13,91,89,6,0.0375
135,25,1,3,17,18,126,123,7,0.04375
135,26,2,3,19,12,131,128,5,0.03125
135,27,3,3,21,15,160,156,8,0.05
135,28,4,3,12,14,145,144,2,0.0125
135,29,5,3,18,10,151,149,5,0.03125
135,30,6,3,19,14,117,118,7,0.04375
135,31,7,3,19,12,98,96,5,0.03125
135,32,0,4,12,16,90,90,4,0.025
135,33,1,4,23,21,130,132,5,0.03125
135,34,2,4,19,12,139,137,6,0.0375
135,35,3,4,26,14,161,162,3,0.01875
135,36,4,4,22,23,160,156,7,0.04375
135,37,5,4,26,20,148,148,7,0.04375
135,38,6,4,10,14,106,107,9,0.05625
135,39,7,4,13,21,93,90,6,0.0375
135,40,0,5,8,21,80,79,3,0.01875
135,41,1,5,9,20,96,98,7,0.04375
135,42,2,5,22,16,119,116,10,0.0625
135,43,3,5,24,19,145,144,9,0.05625
135,44,4,5,25,14,136,135,5,0.03125
135,45,5,5,23,22,126,128,7,0.04375
135,46,6,5,14,14,98,98,8,0.05
135,47,7,5,9,18,82,82,3,0.01875
135,48,0,6,22,21,73,73,5,0.03125
135,49,1,6,24,15,97,95,6,0.0375
135,50,2,6,11,18,102,97,6,0.0375
135,51,3,6,17,18,112,111,7,0.04375
135,52,4,6,20,15,115,108,7,0.04375
135,53,5,6,16,12,87,87,7,0.04375
135,54,6,6,9,20,69,65,9,0.05625
135,55,7,6,11,13,68,62,5,0.03125
135,56,0,7,12,14,34,34,4,0.025
135,57,1,7,13,16,60,60,9,0.05625
135,58,2,7,20,17,81,81,4,0.025
135,59,3,7,26,17,90,88,8,0.05
135,60,4,7,25,22,94,90,7,0.04375
135,61,5,7,13,13,67,63,8,0.05
135,62,6,7,9,7,54,48,8,0.05
135,63,7,7,18,19,52,48,4,0.025
136,0,0,0,17,7,34,34,4,0.025
136,1,1,0,15,13,67,66,8,0.05
136,2,2,0,21,16,92,89,9,0.05625
136,3,3,0,28,15,102,104,5,0.03125
136,4,4,0,17,15,96,101,3,0.01875
136,5,5,0,20,15,91,90,6,0.0375
136,6,6,0,12,18,68,61,8,0.05
136,7,7,0,21,12,43,40,4,0.025
136,8,0,1,16,18,60,60,4,0.025
136,9,1,1,16,19,103,97,10,0.0625
136,10,2,1,22,19,122,125,6,0.0375
136,11,3,1,20,36,133,131,7,0.04375
136,12,4,1,22,21,128,126,5,0.03125
136,13,5,1,18,16,120,117,9,0.05625
136,14,6,1,17,18,95,97,7,0.04375
136,15,7,1,12,18,57,59,2,0.0125
136,16,0,2,15,13,78,81,4,0.025
136,17,1,2,17,28,125,118,11,0.06875
136,18,2,2,17,22,143,140,7,0.04375
136,19,3,2,21,16,149,148,4,0.025
136,20,4,2,19,16,136,133,3,0.01875
136,21,5,2,23,12,127,127,7,0.04375
136,22,6,2,11,21,103,101,10,0.0625
136,23,7,2,12,19,73,73,4,0.025
136,24,0,3,14,20,91,95,4,0.025
136,25,1,3,23,17,114,111,8,0.05
136,26,2,3,16,11,136,138,5,0.03125
136,27,3,3,19,13,149,150,8,0.05
136,28,4,3,25,14,157,154,4,0.025
136,29,5,3,17,16,149,152,3,0.01875
136,30,6,3,17,10,124,123,6,0.0375
136,31,7,3,25,20,97,101,3,0.01875
136,32,0,4,21,17,97,97,5,0.03125
136,33,1,4,22,14,116,112,9,0.05625
136,34,2,4,20,17,146,149,5,0.03125
136,35,3,4,22,7,151,148,5,0.03125
136,36,4,4,24,13,143,146,2,0.0125
136,37,5,4,17,17,133,136,2,0.0125
136,38,6,4,9,21,107,111,6,0.0375
136,39,7,4,9,8,82,85,4,0.025
136,40,0,5,11,21,88,88,4,0.025
136,41,1,5,9,14,94,92,8,0.05
136,42,2,5,25,20,130,134,7,0.04375
136,43,3,5,23,15,150,151,7,0.04375
136,44,4,5,24,15,138,140,5,0.03125
136,45,5,5,17,15,129,128,6,0.0375
136,46,6,5,9,19,102,101,6,0.0375
136,47,7,5,9,19,80,80,5,0.03125
136,48,0,6,14,16,75,72,6,0.0375
136,49,1,6,24,15,93,92,7,0.04375
136,50,2,6,22,16,103,105,6,0.0375
136,51,3,6,26,20,117,114,10,0.0625
136,52,4,6,14,20,93,97,6,0.0375
136,53,5,6,9,18,93,92,7,0.04375
136,54,6,6,2,18,71,72,9,0.05625
136,55,7,6,3,16,52,53,5,0.03125
136,56,0,7,16,19,45,45,4,0.025
136,57,1,7,16,13,61,63,5,0.03125
136,58,2,7,21,18,82,82,4,0.025
136,59,3,7,17,21,89,93,6,0.0375
136,60,4,7,19,16,81,82,6,0.0375
136,61,5,7,15,16,66,68,8,0.05
136,62,6,7,1,17,42,42,8,0.05
136,63,7,7,1,18,25,26,3,0.01875
137,0,0,0,15,16,48,47,4,0.025
137,1,1,0,17,16,75,78,6,0.0375
137,2,2,0,27,18,104,104,6,0.0375
137,3,3,0,16,11,95,99,0,0.0
137,4,4,0,22,17,96,95,5,0.03125
137,5,5,0,14,10,70,70,5,0.03125
137,6,6,0,9,21,59,60,8,0.05
137,7,7,0,10,13,35,37,2,0.0125
137,8,0,1,14,17,76,73,6,0.0375
137,9,1,1,8,14,88,91,9,0.05625
137,10,2,1,23,14,116,114,7,0.04375
137,11,3,1,19,25,123,125,3,0.01875
137,12,4,1,18,13,115,119,0,0.0
137,13,5,1,20,15,100,102,6,0.0375
137,14,6,1,17,14,86,85,9,0.05625
137,15,7,1,10,14,57,56,4,0.025
137,16,0,2,18,22,104,101,5,0.03125
137,17,1,2,16,23,121,124,7,0.04375
137,18,2,2,17,19,141,142,4,0.025
137,19,3,2,22,15,148,145,6,0.0375
137,20,4,2,20,16,146,146,2,0.0125
137,21,5,2,23,18,134,135,8,0.05
137,22,6,2,12,14,103,104,9,0.05625
137,23,7,2,7,16,72,73,4,0.025
137,24,0,3,18,19,111,107,7,0.04375
137,25,1,3,23,26,137,143,6,0.0375
137,26,2,3,10,12,136,137,1,0.00625
137,27,3,3,25,17,152,156,3,0.01875
137,28,4,3,20,15,153,154,4,0.025
137,29,5,3,20,26,147,143,7,0.04375
137,30,6,3,15,19,114,115,8,0.05
137,31,7,3,11,20,86,83,6,0.0375
137,32,0,4,20,18,103,104,4,0.025
137,33,1,4,23,15,126,130,6,0.0375
137,34,2,4,24,13,139,137,5,0.03125
137,35,3,4,28,17,161,166,1,0.00625
137,36,4,4,28,18,151,152,4,0.025
137,37,5,4,16,15,128,123,8,0.05
137,38,6,4,12,9,109,105,9,0.05625
137,39,7,4,15,13,93,91,5,0.03125
137,40,0,5,14,19,78,77,5,0.03125
137,41,1,5,10,18,104,105,7,0.04375
137,42,2,5,26,7,125,122,8,0.05
137,43,3,5,17,15,145,149,3,0.01875
137,44,4,5,19,18,140,141,2,0.0125
137,45,5,5,17,11,117,119,7,0.04375
137,46,6,5,20,13,96,100,5,0.03125
137,47,7,5,12,21,81,81,3,0.01875
137,48,0,6,9,16,44,47,5,0.03125
137,49,1,6,6,22,67,69,7,0.04375
137,50,2,6,15,16,80,80,6,0.0375
137,51,3,6,17,18,93,94,8,0.05
137,52,4,6,21,13,95,93,7,0.04375
137,53,5,6,5,12,75,73,10,0.0625
137,54,6,6,7,20,62,63,8,0.05
137,55,7,6,5,15,46,48,4,0.025
137,56,0,7,5,11,22,22,4,0.025
137,57,1,7,12,15,40,39,7,0.04375
137,58,2,7,11,11,51,48,7,0.04375
137,59,3,7,27,13,69,66,7,0.04375
137,60,4,7,10,16,62,61,7,0.04375
137,61,5,7,4,24,55,55,7,0.04375
137,62,6,7,0,14,35,35,8,0.05
137,63,7,7,8,7,26,25,4,0.025
138,0,0,0,21,23,56,58,2,0.0125
138,1,1,0,26,17,95,93,7,0.04375
138,2,2,0,19,20,109,111,6,0.0375
138,3,3,0,24,23,125,120,4,0.025
138,4,4,0,16,22,113,116,1,0.00625
138,5,5,0,20,15,103,105,4,0.025
138,6,6,0,18,29,90,98,0,0.0
138,7,7,0,19,25,60,60,1,0.00625
138,8,0,1,24,24,91,95,2,0.0125
138,9,1,1,25,25,139,144,5,0.03125
138,10,2,1,23,27,157,161,3,0.01875
138,11,3,1,21,53,204,207,2,0.0125
138,12,4,1,14,21,164,161,2,0.0125
138,13,5,1,23,21,139,139,6,0.0375
138,14,6,1,20,16,112,111,10,0.0625
138,15,7,1,18,21,88,87,5,0.03125
138,16,0,2,21,18,104,110,0,0.0
138,17,1,2,20,20,151,155,3,0.01875
138,18,2,2,21,22,169,174,2,0.0125
138,19,3,2,18,24,212,217,1,0.00625
138,20,4,2,19,15,182,181,5,0.03125
138,21,5,2,20,22,173,174,5,0.03125
138,22,6,2,20,21,150,149,9,0.05625
138,23,7,2,28,19,114,118,1,0.00625
138,24,0,3,23,15,112,119,1,0.00625
138,25,1,3,23,18,157,158,4,0.025
138,26,2,3,19,24,194,192,4,0.025
138,27,3,3,15,22,219,219,3,0.01875
138,28,4,3,18,27,198,197,6,0.0375
138,29,5,3,18,15,173,180,1,0.00625
138,30,6,3,16,14,139,143,2,0.0125
138,31,7,3,24,22,117,121,0,0.0
138,32,0,4,15,26,118,121,1,0.00625
138,33,1,4,24,28,164,163,4,0.025
138,34,2,4,20,27,190,192,6,0.0375
138,35,3,4,20,28,216,208,7,0.04375
138,36,4,4,18,16,190,191,3,0.01875
138,37,5,4,17,24,175,181,3,0.01875
138,38,6,4,14,16,124,129,3,0.01875
138,39,7,4,17,16,104,109,0,0.0
138,40,0,5,17,23,107,108,3,0.01875
138,41,1,5,21,25,146,151,2,0.0125
138,42,2,5,25,25,177,182,4,0.025
138,43,3,5,22,27,213,211,7,0.04375
138,44,4,5,21,23,191,187,5,0.03125
138,45,5,5,24,20,178,180,3,0.01875
138,46,6,5,25,23,141,138,7,0.04375
138,47,7,5,21,20,111,109,6,0.0375
138,48,0,6,22,22,96,99,2,0.0125
138,49,1,6,23,19,135,136,5,0.03125
138,50,2,6,14,23,154,157,2,0.0125
138,51,3,6,25,21,182,182,9,0.05625
138,52,4,6,11,21,163,168,3,0.01875
138,53,5,6,30,14,155,162,3,0.01875
138,54,6,6,11,15,109,115,1,0.00625
138,55,7,6,14,18,88,88,4,0.025
138,56,0,7,18,23,62,65,0,0.0
138,57,1,7,18,25,97,105,0,0.0
138,58,2,7,24,22,128,133,0,0.0
138,59,3,7,16,22,137,143,3,0.01875
138,60,4,7,22,21,139,143,2,0.0125
138,61,5,7,15,26,120,127,0,0.0
138,62,6,7,21,21,91,99,1,0.00625
138,63,7,7,20,21,59,62,1,0.00625
139,0,0,0,17,21,59,58,4,0.025
139,1,1,0,14,17,68,69,7,0.04375
139,2,2,0,14,22,90,89,6,0.0375
139,3,3,0,26,14,102,104,3,0.01875
139,4,4,0,16,15,105,102,4,0.025
139,5,5,0,23,21,113,112,4,0.025
139,6,6,0,25,17,87,83,4,0.025
139,7,7,0,19,17,54,56,0,0.0
139,8,0,1,17,22,90,89,4,0.025
139,9,1,1,12,10,75,71,8,0.05
139,10,2,1,19,17,111,110,4,0.025
139,11,3,1,18,33,135,135,4,0.025
139,12,4,1,18,21,130,131,3,0.01875
139,13,5,1,11,12,126,127,4,0.025
139,14,6,1,17,10,87,91,5,0.03125
139,15,7,1,19,21,79,82,2,0.0125
139,16,0,2,17,21,106,103,4,0.025
139,17,1,2,17,11,101,104,2,0.0125
139,18,2,2,20,16,145,147,0,0.0
139,19,3,2,23,13,158,156,2,0.0125
139,20,4,2,21,17,142,141,4,0.025
139,21,5,2,18,19,131,126,10,0.0625
139,22,6,2,17,25,107,109,7,0.04375
139,23,7,2,17,23,98,96,3,0.01875
139,24,0,3,12,12,96,93,3,0.01875
139,25,1,3,20,16,107,110,1,0.00625
139,26,2,3,23,16,136,134,6,0.0375
139,27,3,3,18,17,160,156,6,0.0375
139,28,4,3,22,20,157,160,2,0.0125
139,29,5,3,18,19,149,143,5,0.03125
139,30,6,3,15,20,132,131,4,0.025
139,31,7,3,19,13,103,102,1,0.00625
139,32,0,4,14,15,88,86,2,0.0125
139,33,1,4,12,19,103,102,9,0.05625
139,34,2,4,18,16,126,125,6,0.0375
139,35,3,4,20,15,150,148,11,0.06875
139,36,4,4,22,16,159,155,4,0.025
139,37,5,4,18,16,139,136,6,0.0375
139,38,6,4,15,23,128,131,1,0.00625
139,39,7,4,20,24,104,103,0,0.0
139,40,0,5,19,16,81,81,3,0.01875
139,41,1,5,16,20,109,108,4,0.025
139,42,2,5,14,16,116,119,2,0.0125
139,43,3,5,19,22,136,137,5,0.03125
139,44,4,5,19,16,149,151,4,0.025
139,45,5,5,14,13,133,131,5,0.03125
139,46,6,5,19,13,115,116,6,0.0375
139,47,7,5,16,11,86,86,4,0.025
139,48,0,6,16,12,62,58,4,0.025
139,49,1,6,15,17,90,88,7,0.04375
139,50,2,6,15,11,104,98,8,0.05
139,51,3,6,10,16,112,112,9,0.05625
139,52,4,6,25,13,122,120,4,0.025
139,53,5,6,22,13,117,113,8,0.05
139,54,6,6,15,20,110,102,8,0.05
139,55,7,6,21,20,82,79,6,0.0375
139,56,0,7,15,15,41,40,1,0.00625
139,57,1,7,17,15,70,69,1,0.00625
139,58,2,7,17,19,83,83,1,0.00625
139,59,3,7,14,13,91,88,4,0.025
139,60,4,7,24,18,102,104,1,0.00625
139,61,5,7,19,24,108,101,6,0.0375
139,62,6,7,22,19,88,83,5,0.03125
139,63,7,7,15,19,51,51,0,0.0
140,0,0,0,13,16,44,42,6,0.0375
140,1,1,0,11,20,70,69,6,0.0375
140,2,2,0,14,11,76,78,5,0.03125
140,3,3,0,20,16,102,104,1,0.00625
140,4,4,0,19,21,112,115,0,0.0
140,5,5,0,24,22,101,102,2,0.0125
140,6,6,0,15,20,80,80,4,0.025
140,7,7,0,19,16,56,55,1,0.00625
140,8,0,1,12,11,60,56,7,0.04375
140,9,1,1,22,12,97,96,9,0.05625
140,10,2,1,15,15,107,108,4,0.025
140,11,3,1,17,34,141,141,4,0.025
140,12,4,1,26,24,147,142,6,0.0375
140,13,5,1,20,19,121,118,8,0.05
140,14,6,1,18,22,95,94,6,0.0375
140,15,7,1,15,18,69,66,6,0.0375
140,16,0,2,24,11,89,83,8,0.05
140,17,1,2,22,14,118,112,8,0.05
140,18,2,2,23,8,122,117,4,0.025
140,19,3,2,25,13,148,146,4,0.025
140,20,4,2,19,18,148,148,4,0.025
140,21,5,2,21,23,134,140,6,0.0375
140,22,6,2,14,20,108,108,7,0.04375
140,23,7,2,12,15,76,71,8,0.05
140,24,0,3,22,12,97,93,6,0.0375
140,25,1,3,19,13,122,120,3,0.01875
140,26,2,3,21,14,124,123,7,0.04375
140,27,3,3,21,17,146,147,7,0.04375
140,28,4,3,21,16,157,155,2,0.0125
140,29,5,3,19,19,152,148,9,0.05625
140,30,6,3,21,17,134,133,5,0.03125
140,31,7,3,20,7,89,87,5,0.03125
140,32,0,4,12,19,89,88,4,0.025
140,33,1,4,12,12,102,103,8,0.05
140,34,2,4,20,22,115,114,6,0.0375
140,35,3,4,23,15,123,130,4,0.025
140,36,4,4,24,14,139,141,2,0.0125
140,37,5,4,17,15,138,140,4,0.025
140,38,6,4,15,20,124,119,5,0.03125
140,39,7,4,18,28,104,100,3,0.01875
140,40,0,5,20,20,85,85,3,0.01875
140,41,1,5,19,22,110,105,6,0.0375
140,42,2,5,19,15,115,108,8,0.05
140,43,3,5,12,7,109,107,8,0.05
140,44,4,5,21,12,127,124,8,0.05
140,45,5,5,16,13,130,131,5,0.03125
140,46,6,5,17,15,111,107,8,0.05
140,47,7,5,17,13,91,92,5,0.03125
140,48,0,6,8,12,51,53,4,0.025
140,49,1,6,3,15,70,69,8,0.05
140,50,2,6,16,20,83,84,8,0.05
140,51,3,6,19,15,87,86,10,0.0625
140,52,4,6,20,14,92,90,6,0.0375
140,53,5,6,15,13,96,97,6,0.0375
140,54,6,6,8,18,74,76,7,0.04375
140,55,7,6,8,20,64,65,5,0.03125
140,56,0,7,17,15,45,46,0,0.0
140,57,1,7,13,15,71,63,8,0.05
140,58,2,7,16,12,70,69,3,0.01875
140,59,3,7,19,15,66,62,9,0.05625
140,60,4,7,19,10,68,65,5,0.03125
140,61,5,7,19,14,73,73,8,0.05
140,62,6,7,16,14,60,57,8,0.05
140,63,7,7,16,18,44,41,4,0.025
141,0,0,0,16,11,37,34,9,0.05625
141,1,1,0,22,13,69,70,6,0.0375
141,2,2,0,17,13,83,85,3,0.01875
141,3,3,0,16,18,110,109,2,0.0125
141,4,4,0,12,17,97,95,2,0.0125
141,5,5,0,23,16,87,86,4,0.025
141,6,6,0,14,22,71,67,8,0.05
141,7,7,0,20,15,45,42,3,0.01875
141,8,0,1,17,13,59,58,8,0.05
141,9,1,1,14,15,87,87,10,0.0625
141,10,2,1,19,11,96,87,11,0.06875
141,11,3,1,17,32,136,129,11,0.06875
141,12,4,1,20,14,112,109,9,0.05625
141,13,5,1,24,12,101,100,10,0.0625
141,14,6,1,9,12,91,90,8,0.05
141,15,7,1,12,17,70,67,9,0.05625
141,16,0,2,20,15,79,81,8,0.05
141,17,1,2,15,11,108,108,6,0.0375
141,18,2,2,22,15,124,123,5,0.03125
141,19,3,2,23,17,159,161,5,0.03125
141,20,4,2,23,13,139,139,4,0.025
141,21,5,2,22,13,117,121,2,0.0125
141,22,6,2,15,10,107,105,11,0.06875
141,23,7,2,19,14,85,85,6,0.0375
141,24,0,3,13,16,84,86,4,0.025
141,25,1,3,21,12,112,108,8,0.05
141,26,2,3,27,11,126,127,7,0.04375
141,27,3,3,15,17,150,152,4,0.025
141,28,4,3,18,16,154,152,6,0.0375
141,29,5,3,19,15,121,126,5,0.03125
141,30,6,3,17,10,113,109,6,0.0375
141,31,7,3,25,10,99,97,7,0.04375
141,32,0,4,16,21,81,79,5,0.03125
141,33,1,4,12,19,97,98,7,0.04375
141,34,2,4,17,11,113,116,3,0.01875
141,35,3,4,17,19,134,133,4,0.025
141,36,4,4,17,22,137,139,2,0.0125
141,37,5,4,19,17,113,108,9,0.05625
141,38,6,4,13,14,108,106,8,0.05
141,39,7,4,15,17,94,94,6,0.0375
141,40,0,5,14,15,64,64,3,0.01875
141,41,1,5,21,15,97,98,8,0.05
141,42,2,5,24,15,114,116,7,0.04375
141,43,3,5,13,14,112,109,10,0.0625
141,44,4,5,14,14,110,114,3,0.01875
141,45,5,5,20,13,99,97,5,0.03125
141,46,6,5,5,12,88,91,7,0.04375
141,47,7,5,8,11,79,82,3,0.01875
141,48,0,6,6,18,39,39,4,0.025
141,49,1,6,9,17,61,61,9,0.05625
141,50,2,6,17,11,71,74,5,0.03125
141,51,3,6,19,13,80,77,11,0.06875
141,52,4,6,20,12,81,83,6,0.0375
141,53,5,6,9,15,69,66,9,0.05625
141,54,6,6,4,13,60,61,7,0.04375
141,55,7,6,3,23,62,63,4,0.025
141,56,0,7,9,12,24,21,4,0.025
141,57,1,7,4,15,30,31,8,0.05
141,58,2,7,10,11,31,26,8,0.05
141,59,3,7,16,9,34,32,12,0.075
141,60,4,7,8,11,44,39,9,0.05625
141,61,5,7,2,9,34,34,8,0.05
141,62,6,7,1,20,34,35,8,0.05
141,63,7,7,3,17,28,28,4,0.025
142,0,0,0,15,15,41,44,6,0.0375
142,1,1,0,16,17,70,70,7,0.04375
142,2,2,0,20,16,84,80,7,0.04375
142,3,3,0,19,16,92,92,3,0.01875
142,4,4,0,22,13,92,91,5,0.03125
142,5,5,0,17,11,78,78,5,0.03125
142,6,6,0,13,12,60,59,8,0.05
142,7,7,0,8,14,40,40,3,0.01875
142,8,0,1,8,11,58,56,11,0.06875
142,9,1,1,7,8,70,72,7,0.04375
142,10,2,1,17,15,90,95,7,0.04375
142,11,3,1,16,28,109,110,8,0.05
142,12,4,1,21,8,86,86,11,0.06875
142,13,5,1,19,16,94,94,10,0.0625
142,14,6,1,15,11,81,76,12,0.075
142,15,7,1,10,14,61,62,7,0.04375
142,16,0,2,14,14,83,85,6,0.0375
142,17,1,2,13,12,95,96,6,0.0375
142,18,2,2,23,19,136,135,5,0.03125
142,19,3,2,17,10,142,143,3,0.01875
142,20,4,2,17,10,117,122,0,0.0
142,21,5,2,23,11,126,122,6,0.0375
142,22,6,2,15,15,115,115,11,0.06875
142,23,7,2,21,21,91,93,6,0.0375
142,24,0,3,18,11,89,89,5,0.03125
142,25,1,3,16,18,113,111,9,0.05625
142,26,2,3,21,15,131,131,5,0.03125
142,27,3,3,27,10,154,149,10,0.0625
142,28,4,3,25,13,135,135,6,0.0375
142,29,5,3,24,14,125,126,4,0.025
142,30,6,3,12,16,104,105,8,0.05
142,31,7,3,11,12,83,84,5,0.03125
142,32,0,4,20,16,87,86,5,0.03125
142,33,1,4,19,10,114,109,9,0.05625
142,34,2,4,19,14,124,122,5,0.03125
142,35,3,4,15,10,152,150,5,0.03125
142,36,4,4,18,11,119,118,4,0.025
142,37,5,4,26,8,115,116,7,0.04375
142,38,6,4,9,12,91,91,7,0.04375
142,39,7,4,6,17,74,75,5,0.03125
142,40,0,5,18,15,71,70,5,0.03125
142,41,1,5,8,13,89,91,6,0.0375
142,42,2,5,18,10,90,92,5,0.03125
142,43,3,5,20,9,124,128,7,0.04375
142,44,4,5,19,5,97,96,4,0.025
142,45,5,5,17,11,86,86,6,0.0375
142,46,6,5,7,15,69,67,8,0.05
142,47,7,5,6,12,57,56,4,0.025
142,48,0,6,11,13,43,42,5,0.03125
142,49,1,6,5,16,56,57,8,0.05
142,50,2,6,15,5,52,48,9,0.05625
142,51,3,6,7,18,64,64,13,0.08125
142,52,4,6,5,10,48,46,8,0.05
142,53,5,6,0,13,49,51,8,0.05
142,54,6,6,4,14,44,42,8,0.05
142,55,7,6,2,13,37,37,4,0.025
142,56,0,7,0,12,16,13,5,0.03125
142,57,1,7,0,17,20,20,8,0.05
142,58,2,7,5,9,19,19,8,0.05
142,59,3,7,13,13,32,32,12,0.075
142,60,4,7,2,14,24,27,6,0.0375
142,61,5,7,3,19,26,28,5,0.03125
142,62,6,7,0,13,18,18,8,0.05
142,63,7,7,0,12,16,16,4,0.025
143,0,0,0,24,13,46,49,2,0.0125
143,1,1,0,17,11,69,69,5,0.03125
143,2,2,0,17,18,92,97,2,0.0125
143,3,3,0,5,16,94,96,0,0.0
143,4,4,0,21,10,100,102,2,0.0125
143,5,5,0,25,14,95,94,4,0.025
143,6,6,0,15,19,69,71,7,0.04375
143,7,7,0,18,20,51,52,3,0.01875
143,8,0,1,11,19,56,62,4,0.025
143,9,1,1,4,13,70,69,9,0.05625
143,10,2,1,16,11,90,90,8,0.05
143,11,3,1,20,36,126,125,8,0.05
143,12,4,1,18,19,117,120,5,0.03125
143,13,5,1,28,26,119,123,4,0.025
143,14,6,1,8,6,78,81,10,0.0625
143,15,7,1,14,13,68,72,3,0.01875
143,16,0,2,16,17,81,82,4,0.025
143,17,1,2,13,17,110,105,10,0.0625
143,18,2,2,18,7,112,116,3,0.01875
143,19,3,2,22,16,151,148,7,0.04375
143,20,4,2,21,12,143,139,3,0.01875
143,21,5,2,25,11,128,129,4,0.025
143,22,6,2,12,7,81,82,9,0.05625
143,23,7,2,8,11,76,76,6,0.0375
143,24,0,3,10,15,88,89,4,0.025
143,25,1,3,12,15,116,115,10,0.0625
143,26,2,3,17,17,118,117,7,0.04375
143,27,3,3,27,18,147,151,7,0.04375
143,28,4,3,17,12,142,144,5,0.03125
143,29,5,3,17,12,133,129,8,0.05
143,30,6,3,22,14,104,103,9,0.05625
143,31,7,3,12,16,92,90,5,0.03125
143,32,0,4,12,15,86,90,3,0.01875
143,33,1,4,19,15,118,120,10,0.0625
143,34,2,4,24,16,126,123,9,0.05625
143,35,3,4,19,12,136,137,6,0.0375
143,36,4,4,17,19,139,139,3,0.01875
143,37,5,4,16,14,127,128,7,0.04375
143,38,6,4,17,7,95,98,5,0.03125
143,39,7,4,17,16,85,85,5,0.03125
143,40,0,5,13,18,74,75,4,0.025
143,41,1,5,20,18,106,104,7,0.04375
143,42,2,5,21,6,115,111,7,0.04375
143,43,3,5,14,14,124,124,7,0.04375
143,44,4,5,25,18,121,121,5,0.03125
143,45,5,5,20,12,124,123,7,0.04375
143,46,6,5,10,16,86,89,7,0.04375
143,47,7,5,11,11,68,68,4,0.025
143,48,0,6,0,12,43,43,5,0.03125
143,49,1,6,14,11,61,62,6,0.0375
143,50,2,6,10,15,66,68,6,0.0375
143,51,3,6,32,6,90,93,8,0.05
143,52,4,6,17,12,77,78,6,0.0375
143,53,5,6,2,25,68,67,9,0.05625
143,54,6,6,3,12,42,39,10,0.0625
143,55,7,6,2,15,38,38,4,0.025
143,56,0,7,0,23,24,26,4,0.025
143,57,1,7,0,17,23,23,8,0.05
143,58,2,7,2,14,22,22,8,0.05
143,59,3,7,18,14,35,37,10,0.0625
143,60,4,7,2,15,29,28,8,0.05
143,61,5,7,2,14,26,24,8,0.05
143,62,6,7,1,15,20,20,8,0.05
143,63,7,7,0,16,19,19,4,0.025
144,0,0,0,26,13,54,53,3,0.01875
144,1,1,0,20,19,84,83,8,0.05
144,2,2,0,20,20,102,103,1,0.00625
144,3,3,0,19,14,111,109,2,0.0125
144,4,4,0,21,12,100,99,2,0.0125
144,5,5,0,21,16,82,81,7,0.04375
144,6,6,0,16,15,66,65,7,0.04375
144,7,7,0,17,17,44,43,3,0.01875
144,8,0,1,4,11,55,50,9,0.05625
144,9,1,1,2,15,71,71,9,0.05625
144,10,2,1,13,13,92,91,9,0.05625
144,11,3,1,18,26,130,132,8,0.05
144,12,4,1,20,14,125,123,7,0.04375
144,13,5,1,23,19,116,119,2,0.0125
144,14,6,1,23,15,102,102,9,0.05625
144,15,7,1,18,14,68,67,5,0.03125
144,16,0,2,11,14,66,66,5,0.03125
144,17,1,2,8,11,90,93,8,0.05
144,18,2,2,20,15,115,112,6,0.0375
144,19,3,2,20,24,156,157,4,0.025
144,20,4,2,21,10,135,138,1,0.00625
144,21,5,2,23,13,127,127,5,0.03125
144,22,6,2,9,20,111,114,7,0.04375
144,23,7,2,12,10,79,78,4,0.025
144,24,0,3,12,11,78,77,5,0.03125
144,25,1,3,6,24,110,114,7,0.04375
144,26,2,3,37,20,141,142,7,0.04375
144,27,3,3,26,12,163,165,2,0.0125
144,28,4,3,18,21,141,138,6,0.0375
144,29,5,3,19,16,126,128,6,0.0375
144,30,6,3,16,13,114,114,9,0.05625
144,31,7,3,9,17,87,90,5,0.03125
144,32,0,4,14,15,84,83,4,0.025
144,33,1,4,13,13,104,109,4,0.025
144,34,2,4,15,15,131,136,4,0.025
144,35,3,4,25,20,161,159,7,0.04375
144,36,4,4,24,13,140,142,2,0.0125
144,37,5,4,16,11,122,121,7,0.04375
144,38,6,4,14,19,105,103,7,0.04375
144,39,7,4,12,26,93,90,7,0.04375
144,40,0,5,12,15,72,69,5,0.03125
144,41,1,5,21,18,98,98,7,0.04375
144,42,2,5,13,10,111,117,3,0.01875
144,43,3,5,19,15,132,132,5,0.03125
144,44,4,5,28,17,143,141,6,0.0375
144,45,5,5,18,12,119,121,5,0.03125
144,46,6,5,11,13,88,87,7,0.04375
144,47,7,5,10,14,70,67,5,0.03125
144,48,0,6,15,13,56,55,5,0.03125
144,49,1,6,7,10,66,65,8,0.05
144,50,2,6,26,24,103,101,9,0.05625
144,51,3,6,22,12,115,112,11,0.06875
144,52,4,6,24,16,115,116,6,0.0375
144,53,5,6,13,22,91,93,6,0.0375
144,54,6,6,0,18,59,61,9,0.05625
144,55,7,6,2,11,46,47,4,0.025
144,56,0,7,2,14,27,28,4,0.025
144,57,1,7,12,14,41,42,6,0.0375
144,58,2,7,8,12,49,51,5,0.03125
144,59,3,7,18,14,71,73,7,0.04375
144,60,4,7,25,20,76,76,7,0.04375
144,61,5,7,8,18,55,57,5,0.03125
144,62,6,7,4,17,45,46,7,0.04375
144,63,7,7,6,14,31,30,4,0.025
145,0,0,0,22,17,49,48,4,0.025
145,1,1,0,26,11,69,66,11,0.06875
145,2,2,0,19,19,100,92,8,0.05
145,3,3,0,23,12,96,94,5,0.03125
145,4,4,0,14,19,99,96,7,0.04375
145,5,5,0,22,11,86,87,6,0.0375
145,6,6,0,20,16,76,75,8,0.05
145,7,7,0,16,26,53,53,4,0.025
145,8,0,1,10,13,61,66,4,0.025
145,9,1,1,18,14,79,76,9,0.05625
145,10,2,1,19,18,121,119,10,0.0625
145,11,3,1,11,36,125,129,5,0.03125
145,12,4,1,24,14,117,121,6,0.0375
145,13,5,1,14,9,98,94,5,0.03125
145,14,6,1,15,25,108,110,7,0.04375
145,15,7,1,21,17,86,85,5,0.03125
145,16,0,2,13,15,85,84,5,0.03125
145,17,1,2,13,9,82,80,9,0.05625
145,18,2,2,19,12,119,118,6,0.0375
145,19,3,2,16,17,133,131,5,0.03125
145,20,4,2,16,11,126,124,4,0.025
145,21,5,2,14,13,105,106,3,0.01875
145,22,6,2,17,16,110,111,5,0.03125
145,23,7,2,19,14,88,89,5,0.03125
145,24,0,3,17,18,100,100,4,0.025
145,25,1,3,20,10,106,103,9,0.05625
145,26,2,3,21,12,146,148,4,0.025
145,27,3,3,18,20,158,160,3,0.01875
145,28,4,3,22,19,154,157,4,0.025
145,29,5,3,24,20,128,124,10,0.0625
145,30,6,3,9,20,110,111,7,0.04375
145,31,7,3,13,21,96,96,5,0.03125
145,32,0,4,13,19,102,99,6,0.0375
145,33,1,4,11,15,105,98,10,0.0625
145,34,2,4,26,30,155,154,4,0.025
145,35,3,4,17,13,147,151,3,0.01875
145,36,4,4,25,18,163,156,7,0.04375
145,37,5,4,31,11,136,141,4,0.025
145,38,6,4,12,15,119,121,6,0.0375
145,39,7,4,14,18,97,99,5,0.03125
145,40,0,5,19,11,91,91,6,0.0375
145,41,1,5,20,16,103,103,8,0.05
145,42,2,5,18,13,136,133,6,0.0375
145,43,3,5,25,15,133,135,5,0.03125
145,44,4,5,22,15,132,135,3,0.01875
145,45,5,5,13,18,95,94,7,0.04375
145,46,6,5,10,17,87,86,9,0.05625
145,47,7,5,7,19,82,81,7,0.04375
145,48,0,6,6,11,58,59,3,0.01875
145,49,1,6,15,11,66,67,7,0.04375
145,50,2,6,30,15,110,111,7,0.04375
145,51,3,6,22,14,98,98,12,0.075
145,52,4,6,18,16,101,98,8,0.05
145,53,5,6,9,20,80,79,8,0.05
145,54,6,6,3,15,67,69,8,0.05
145,55,7,6,5,20,61,61,4,0.025
145,56,0,7,16,20,45,44,5,0.03125
145,57,1,7,10,12,47,46,8,0.05
145,58,2,7,29,23,79,76,8,0.05
145,59,3,7,26,15,73,72,9,0.05625
145,60,4,7,9,20,64,63,8,0.05
145,61,5,7,2,14,51,49,7,0.04375
145,62,6,7,2,9,36,34,8,0.05
145,63,7,7,4,15,28,29,4,0.025
146,0,0,0,26,26,66,68,3,0.01875
146,1,1,0,25,20,105,108,8,0.05
146,2,2,0,24,16,124,127,6,0.0375
146,3,3,0,23,21,133,136,1,0.00625
146,4,4,0,12,16,109,116,0,0.0
146,5,5,0,18,15,98,102,1,0.00625
146,6,6,0,20,17,78,86,1,0.00625
146,7,7,0,17,22,55,59,0,0.0
146,8,0,1,24,14,84,87,2,0.0125
146,9,1,1,19,24,140,148,3,0.01875
146,10,2,1,26,22,146,153,3,0.01875
146,11,3,1,20,55,194,189,7,0.04375
146,12,4,1,26,20,160,162,2,0.0125
146,13,5,1,15,16,134,135,5,0.03125
146,14,6,1,26,27,124,126,5,0.03125
146,15,7,1,20,11,83,87,1,0.00625
146,16,0,2,17,29,104,107,0,0.0
146,17,1,2,20,20,156,163,3,0.01875
146,18,2,2,21,25,165,161,8,0.05
146,19,3,2,19,27,218,221,5,0.03125
146,20,4,2,15,29,194,193,5,0.03125
146,21,5,2,19,20,151,147,8,0.05
146,22,6,2,19,11,131,129,7,0.04375
146,23,7,2,24,29,114,117,2,0.0125
146,24,0,3,19,21,122,128,0,0.0
146,25,1,3,16,19,168,174,2,0.0125
146,26,2,3,18,15,167,172,1,0.00625
146,27,3,3,21,31,229,228,3,0.01875
146,28,4,3,14,20,203,201,6,0.0375
146,29,5,3,20,16,161,167,5,0.03125
146,30,6,3,25,19,143,144,6,0.0375
146,31,7,3,26,19,122,125,2,0.0125
146,32,0,4,23,19,119,123,1,0.00625
146,33,1,4,19,22,162,166,6,0.0375
146,34,2,4,20,19,171,170,7,0.04375
146,35,3,4,14,27,215,216,3,0.01875
146,36,4,4,16,19,203,206,4,0.025
146,37,5,4,19,16,166,164,4,0.025
146,38,6,4,18,24,144,147,3,0.01875
146,39,7,4,17,25,123,125,1,0.00625
146,40,0,5,24,23,117,120,4,0.025
146,41,1,5,17,21,164,161,8,0.05
146,42,2,5,19,20,162,163,4,0.025
146,43,3,5,25,26,210,204,7,0.04375
146,44,4,5,25,26,205,204,5,0.03125
146,45,5,5,21,19,181,179,10,0.0625
146,46,6,5,22,14,161,159,9,0.05625
146,47,7,5,23,19,118,118,8,0.05
146,48,0,6,16,19,86,87,3,0.01875
146,49,1,6,26,35,144,147,3,0.01875
146,50,2,6,23,18,140,138,7,0.04375
146,51,3,6,13,15,169,177,4,0.025
146,52,4,6,22,25,169,173,4,0.025
146,53,5,6,19,19,146,150,3,0.01875
146,54,6,6,17,23,129,135,0,0.0
146,55,7,6,21,22,90,90,2,0.0125
146,56,0,7,23,25,59,64,0,0.0
146,57,1,7,21,30,101,104,4,0.025
146,58,2,7,15,18,108,113,4,0.025
146,59,3,7,19,23,130,137,2,0.0125
146,60,4,7,21,30,132,138,3,0.01875
146,61,5,7,21,21,116,120,3,0.01875
146,62,6,7,12,29,98,106,0,0.0
146,63,7,7,20,23,60,62,1,0.00625
147,0,0,0,20,17,49,49,3,0.01875
147,1,1,0,19,16,77,77,7,0.04375
147,2,2,0,18,17,100,104,3,0.01875
147,3,3,0,23,18,116,114,2,0.0125
147,4,4,0,19,12,105,102,2,0.0125
147,5,5,0,19,17,102,100,3,0.01875
147,6,6,0,17,17,78,73,4,0.025
147,7,7,0,26,23,59,59,0,0.0
147,8,0,1,17,13,72,70,3,0.01875
147,9,1,1,22,23,110,105,8,0.05
147,10,2,1,18,25,134,132,6,0.0375
147,11,3,1,15,27,139,144,3,0.01875
147,12,4,1,18,21,127,127,2,0.0125
147,13,5,1,21,12,118,117,5,0.03125
147,14,6,1,17,19,105,100,9,0.05625
147,15,7,1,19,14,77,75,4,0.025
147,16,0,2,11,22,87,82,6,0.0375
147,17,1,2,8,21,107,99,10,0.0625
147,18,2,2,19,17,127,128,8,0.05
147,19,3,2,27,11,155,152,8,0.05
147,20,4,2,19,13,141,142,3,0.01875
147,21,5,2,17,14,135,141,2,0.0125
147,22,6,2,22,13,131,132,5,0.03125
147,23,7,2,23,16,108,105,6,0.0375
147,24,0,3,23,13,109,106,2,0.0125
147,25,1,3,20,16,135,135,2,0.0125
147,26,2,3,11,20,150,145,5,0.03125
147,27,3,3,23,26,160,158,4,0.025
147,28,4,3,25,17,154,156,3,0.01875
147,29,5,3,22,27,152,153,3,0.01875
147,30,6,3,16,19,122,122,6,0.0375
147,31,7,3,18,21,113,107,6,0.0375
147,32,0,4,15,11,99,97,5,0.03125
147,33,1,4,25,17,127,126,6,0.0375
147,34,2,4,18,24,141,146,2,0.0125
147,35,3,4,28,23,161,154,9,0.05625
147,36,4,4,11,19,161,161,5,0.03125
147,37,5,4,16,23,155,157,3,0.01875
147,38,6,4,22,14,137,132,5,0.03125
147,39,7,4,21,16,112,111,3,0.01875
147,40,0,5,22,18,100,98,6,0.0375
147,41,1,5,24,18,122,123,9,0.05625
147,42,2,5,15,9,129,125,7,0.04375
147,43,3,5,17,18,131,134,8,0.05
147,44,4,5,22,15,143,142,4,0.025
147,45,5,5,20,21,125,126,7,0.04375
147,46,6,5,8,11,94,94,10,0.0625
147,47,7,5,6,15,76,76,7,0.04375
147,48,0,6,19,22,82,84,1,0.00625
147,49,1,6,23,13,100,97,7,0.04375
147,50,2,6,13,18,115,118,7,0.04375
147,51,3,6,21,18,119,116,6,0.0375
147,52,4,6,20,17,134,131,7,0.04375
147,53,5,6,17,14,116,116,4,0.025
147,54,6,6,18,24,107,103,5,0.03125
147,55,7,6,19,16,72,72,4,0.025
147,56,0,7,20,20,56,54,1,0.00625
147,57,1,7,15,18,78,76,6,0.0375
147,58,2,7,18,18,97,97,4,0.025
147,59,3,7,19,8,99,96,5,0.03125
147,60,4,7,20,24,119,115,4,0.025
147,61,5,7,22,13,98,96,5,0.03125
147,62,6,7,28,19,82,79,3,0.01875
147,63,7,7,23,19,51,53,0,0.0
148,0,0,0,16,17,39,39,3,0.01875
148,1,1,0,14,12,56,56,8,0.05
148,2,2,0,18,12,77,71,7,0.04375
148,3,3,0,23,20,100,98,5,0.03125
148,4,4,0,16,15,103,98,8,0.05
148,5,5,0,24,23,109,106,6,0.0375
148,6,6,0,30,20,92,93,4,0.025
148,7,7,0,16,12,48,47,0,0.0
148,8,0,1,17,17,71,71,3,0.01875
148,9,1,1,14,15,91,92,7,0.04375
148,10,2,1,23,12,105,97,12,0.075
148,11,3,1,20,32,137,134,7,0.04375
148,12,4,1,25,20,129,125,6,0.0375
148,13,5,1,19,27,129,129,6,0.0375
148,14,6,1,12,20,94,97,7,0.04375
148,15,7,1,16,18,74,71,6,0.0375
148,16,0,2,7,24,96,98,6,0.0375
148,17,1,2,20,12,103,106,7,0.04375
148,18,2,2,25,14,118,121,7,0.04375
148,19,3,2,20,18,155,156,5,0.03125
148,20,4,2,20,16,148,144,6,0.0375
148,21,5,2,17,12,151,150,3,0.01875
148,22,6,2,21,23,133,134,6,0.0375
148,23,7,2,18,9,89,86,7,0.04375
148,24,0,3,18,16,104,102,4,0.025
148,25,1,3,17,21,119,116,7,0.04375
148,26,2,3,22,15,137,130,12,0.075
148,27,3,3,21,17,160,157,6,0.0375
148,28,4,3,21,19,150,148,5,0.03125
148,29,5,3,22,19,160,155,7,0.04375
148,30,6,3,14,22,135,133,10,0.0625
148,31,7,3,14,22,96,98,5,0.03125
148,32,0,4,14,19,103,103,4,0.025
148,33,1,4,16,21,127,127,7,0.04375
148,34,2,4,15,19,148,144,3,0.01875
148,35,3,4,14,14,141,147,4,0.025
148,36,4,4,27,21,149,155,0,0.0
148,37,5,4,26,17,153,150,6,0.0375
148,38,6,4,15,20,129,130,7,0.04375
148,39,7,4,26,12,96,94,6,0.0375
148,40,0,5,20,20,90,92,3,0.01875
148,41,1,5,11,13,103,106,7,0.04375
148,42,2,5,27,14,128,131,4,0.025
148,43,3,5,21,18,130,132,4,0.025
148,44,4,5,16,15,133,138,2,0.0125
148,45,5,5,23,12,136,133,11,0.06875
148,46,6,5,16,13,112,110,13,0.08125
148,47,7,5,12,20,77,81,4,0.025
148,48,0,6,17,13,65,63,4,0.025
148,49,1,6,7,19,86,84,9,0.05625
148,50,2,6,13,18,97,95,9,0.05625
148,51,3,6,19,19,95,95,7,0.04375
148,52,4,6,22,14,105,109,3,0.01875
148,53,5,6,19,19,109,105,7,0.04375
148,54,6,6,11,15,86,84,7,0.04375
148,55,7,6,14,11,64,63,4,0.025
148,56,0,7,21,20,49,46,5,0.03125
148,57,1,7,13,21,64,63,8,0.05
148,58,2,7,16,19,80,75,9,0.05625
148,59,3,7,15,14,82,76,10,0.0625
148,60,4,7,25,21,86,86,6,0.0375
148,61,5,7,15,14,72,69,9,0.05625
148,62,6,7,11,19,61,56,9,0.05625
148,63,7,7,15,22,46,42,4,0.025
149,0,0,0,19,13,42,42,3,0.01875
149,1,1,0,24,15,66,69,4,0.025
149,2,2,0,12,12,70,76,3,0.01875
149,3,3,0,20,12,78,79,5,0.03125
149,4,4,0,12,13,66,66,8,0.05
149,5,5,0,6,15,63,60,8,0.05
149,6,6,0,0,16,53,47,10,0.0625
149,7,7,0,15,15,44,39,5,0.03125
149,8,0,1,9,18,51,51,3,0.01875
149,9,1,1,12,9,66,66,7,0.04375
149,10,2,1,29,12,95,99,7,0.04375
149,11,3,1,13,25,111,116,2,0.0125
149,12,4,1,22,11,100,103,5,0.03125
149,13,5,1,21,23,109,107,7,0.04375
149,14,6,1,6,20,88,85,10,0.0625
149,15,7,1,4,21,68,69,5,0.03125
149,16,0,2,13,13,72,73,5,0.03125
149,17,1,2,9,15,93,91,9,0.05625
149,18,2,2,21,18,120,121,4,0.025
149,19,3,2,22,27,149,149,5,0.03125
149,20,4,2,22,23,141,146,2,0.0125
149,21,5,2,17,16,145,142,6,0.0375
149,22,6,2,25,20,127,126,6,0.0375
149,23,7,2,18,16,92,93,7,0.04375
149,24,0,3,14,14,85,85,4,0.025
149,25,1,3,13,10,104,101,8,0.05
149,26,2,3,20,14,134,142,4,0.025
149,27,3,3,22,12,144,148,4,0.025
149,28,4,3,23,16,148,146,7,0.04375
149,29,5,3,15,20,142,146,4,0.025
149,30,6,3,20,16,121,120,9,0.05625
149,31,7,3,19,16,98,97,6,0.0375
149,32,0,4,20,13,88,89,3,0.01875
149,33,1,4,20,15,108,109,8,0.05
149,34,2,4,15,19,134,131,8,0.05
149,35,3,4,20,16,146,147,3,0.01875
149,36,4,4,17,13,148,146,0,0.0
149,37,5,4,16,17,143,146,3,0.01875
149,38,6,4,22,20,128,130,3,0.01875
149,39,7,4,18,16,100,102,4,0.025
149,40,0,5,14,13,81,79,5,0.03125
149,41,1,5,22,9,103,102,7,0.04375
149,42,2,5,12,17,115,113,8,0.05
149,43,3,5,19,11,126,118,13,0.08125
149,44,4,5,27,19,143,139,4,0.025
149,45,5,5,25,18,129,133,7,0.04375
149,46,6,5,11,12,98,102,9,0.05625
149,47,7,5,9,14,83,81,5,0.03125
149,48,0,6,3,14,59,59,4,0.025
149,49,1,6,8,21,83,85,6,0.0375
149,50,2,6,26,25,109,110,6,0.0375
149,51,3,6,19,9,110,111,7,0.04375
149,52,4,6,17,12,113,111,3,0.01875
149,53,5,6,15,14,98,97,9,0.05625
149,54,6,6,15,19,83,83,7,0.04375
149,55,7,6,12,23,74,75,4,0.025
149,56,0,7,8,20,38,40,3,0.01875
149,57,1,7,7,21,53,54,7,0.04375
149,58,2,7,20,15,66,70,5,0.03125
149,59,3,7,18,16,75,78,7,0.04375
149,60,4,7,23,20,86,86,6,0.0375
149,61,5,7,12,17,65,66,8,0.05
149,62,6,7,12,9,47,48,7,0.04375
149,63,7,7,10,23,43,43,4,0.025
150,0,0,0,16,23,50,52,0,0.0
150,1,1,0,18,17,81,78,7,0.04375
150,2,2,0,17,10,88,83,7,0.04375
150,3,3,0,19,12,98,100,1,0.00625
150,4,4,0,34,7,94,100,1,0.00625
150,5,5,0,22,24,96,100,6,0.0375
150,6,6,0,11,12,59,63,7,0.04375
150,7,7,0,5,19,41,44,3,0.01875
150,8,0,1,8,13,69,67,5,0.03125
150,9,1,1,5,17,90,88,10,0.0625
150,10,2,1,17,13,102,101,10,0.0625
150,11,3,1,23,36,139,135,6,0.0375
150,12,4,1,18,16,106,106,4,0.025
150,13,5,1,23,13,110,108,10,0.0625
150,14,6,1,16,19,86,89,8,0.05
150,15,7,1,11,16,66,68,4,0.025
150,16,0,2,9,12,85,84,6,0.0375
150,17,1,2,16,7,106,111,6,0.0375
150,18,2,2,30,13,140,135,8,0.05
150,19,3,2,16,16,157,162,2,0.0125
150,20,4,2,19,13,128,124,6,0.0375
150,21,5,2,20,12,124,121,9,0.05625
150,22,6,2,20,15,103,98,10,0.0625
150,23,7,2,10,18,82,87,3,0.01875
150,24,0,3,6,16,91,87,6,0.0375
150,25,1,3,15,20,111,114,6,0.0375
150,26,2,3,30,19,133,131,7,0.04375
150,27,3,3,20,21,161,160,5,0.03125
150,28,4,3,14,15,142,147,3,0.01875
150,29,5,3,25,25,162,162,4,0.025
150,30,6,3,22,13,125,127,8,0.05
150,31,7,3,22,17,99,105,1,0.00625
150,32,0,4,12,14,89,88,4,0.025
150,33,1,4,19,14,106,104,8,0.05
150,34,2,4,17,11,119,123,3,0.01875
150,35,3,4,18,16,159,155,7,0.04375
150,36,4,4,16,13,144,140,5,0.03125
150,37,5,4,17,20,148,143,9,0.05625
150,38,6,4,16,12,120,118,4,0.025
150,39,7,4,24,12,96,97,4,0.025
150,40,0,5,7,13,71,72,5,0.03125
150,41,1,5,7,12,83,82,8,0.05
150,42,2,5,19,14,106,104,10,0.0625
150,43,3,5,21,12,132,140,6,0.0375
150,44,4,5,26,16,129,130,4,0.025
150,45,5,5,16,12,125,124,8,0.05
150,46,6,5,13,26,103,103,8,0.05
150,47,7,5,11,12,76,77,4,0.025
150,48,0,6,9,14,53,52,5,0.03125
150,49,1,6,3,13,67,66,8,0.05
150,50,2,6,21,12,83,81,9,0.05625
150,51,3,6,19,15,92,86,11,0.06875
150,52,4,6,18,19,85,84,6,0.0375
150,53,5,6,10,21,89,89,9,0.05625
150,54,6,6,13,11,69,69,8,0.05
150,55,7,6,7,18,55,55,4,0.025
150,56,0,7,4,16,24,21,4,0.025
150,57,1,7,6,16,35,35,7,0.04375
150,58,2,7,16,13,49,48,6,0.0375
150,59,3,7,22,15,62,61,9,0.05625
150,60,4,7,6,14,49,49,6,0.0375
150,61,5,7,4,13,43,42,9,0.05625
150,62,6,7,1,18,38,38,8,0.05
150,63,7,7,3,19,30,30,4,0.025
151,0,0,0,16,14,43,39,5,0.03125
151,1,1,0,12,15,57,57,8,0.05
151,2,2,0,19,10,78,79,7,0.04375
151,3,3,0,27,22,105,105,1,0.00625
151,4,4,0,17,17,106,103,4,0.025
151,5,5,0,41,10,103,101,7,0.04375
151,6,6,0,12,16,68,67,8,0.05
151,7,7,0,11,15,42,40,4,0.025
151,8,0,1,6,10,59,61,4,0.025
151,9,1,1,7,15,81,79,11,0.06875
151,10,2,1,21,16,103,105,9,0.05625
151,11,3,1,23,31,131,128,9,0.05625
151,12,4,1,19,24,119,114,10,0.0625
151,13,5,1,14,16,96,97,9,0.05625
151,14,6,1,10,17,78,77,8,0.05
151,15,7,1,13,10,54,55,3,0.01875
151,16,0,2,9,19,81,81,6,0.0375
151,17,1,2,11,12,95,90,10,0.0625
151,18,2,2,20,16,110,107,13,0.08125
151,19,3,2,24,15,137,129,8,0.05
151,20,4,2,22,19,146,145,7,0.04375
151,21,5,2,19,5,120,121,8,0.05
151,22,6,2,21,16,113,115,9,0.05625
151,23,7,2,17,8,71,70,4,0.025
151,24,0,3,15,16,93,94,7,0.04375
151,25,1,3,18,16,125,124,8,0.05
151,26,2,3,20,18,139,138,7,0.04375
151,27,3,3,17,12,150,147,6,0.0375
151,28,4,3,17,6,141,139,3,0.01875
151,29,5,3,18,14,129,130,2,0.0125
151,30,6,3,19,13,116,115,9,0.05625
151,31,7,3,15,15,78,74,5,0.03125
151,32,0,4,21,11,89,89,4,0.025
151,33,1,4,19,19,120,122,7,0.04375
151,34,2,4,22,13,132,131,5,0.03125
151,35,3,4,24,9,150,151,7,0.04375
151,36,4,4,13,9,136,133,8,0.05
151,37,5,4,22,15,134,134,8,0.05
151,38,6,4,11,15,113,112,6,0.0375
151,39,7,4,19,14,79,78,5,0.03125
151,40,0,5,5,16,66,64,6,0.0375
151,41,1,5,11,13,76,76,9,0.05625
151,42,2,5,16,11,93,93,9,0.05625
151,43,3,5,10,13,116,114,8,0.05
151,44,4,5,21,12,109,106,7,0.04375
151,45,5,5,26,14,113,114,7,0.04375
151,46,6,5,9,23,88,88,8,0.05
151,47,7,5,11,8,55,57,3,0.01875
151,48,0,6,1,14,43,43,4,0.025
151,49,1,6,5,15,66,66,7,0.04375
151,50,2,6,22,15,82,87,4,0.025
151,51,3,6,19,20,96,98,11,0.06875
151,52,4,6,20,12,82,79,9,0.05625
151,53,5,6,13,19,85,86,7,0.04375
151,54,6,6,4,14,53,53,8,0.05
151,55,7,6,6,13,45,42,6,0.0375
151,56,0,7,7,14,23,24,4,0.025
151,57,1,7,9,11,41,41,6,0.0375
151,58,2,7,23,9,58,56,7,0.04375
151,59,3,7,31,17,78,77,8,0.05
151,60,4,7,3,11,60,58,8,0.05
151,61,5,7,0,21,62,62,8,0.05
151,62,6,7,2,17,40,40,8,0.05
151,63,7,7,3,11,23,22,5,0.03125
