sample_idx,router_id,x,y,injected,ejected,received_total,sent_total,stored_total,buffer_occupancy_norm
0,0,0,0,15,9,35,34,1,0.00625
0,1,1,0,13,10,50,49,1,0.00625
0,2,2,0,22,21,68,68,0,0.0
0,3,3,0,27,13,77,74,2,0.0125
0,4,4,0,26,9,76,74,1,0.00625
0,5,5,0,24,10,72,71,1,0.00625
0,6,6,0,16,12,66,65,0,0.0
0,7,7,0,15,14,44,44,0,0.0
0,8,0,1,15,9,47,47,0,0.0
0,9,1,1,17,14,69,67,2,0.0125
0,10,2,1,21,11,82,80,1,0.00625
0,11,3,1,20,20,86,85,1,0.00625
0,12,4,1,11,23,83,80,2,0.0125
0,13,5,1,22,21,84,82,1,0.00625
0,14,6,1,21,22,95,93,1,0.00625
0,15,7,1,19,14,69,69,0,0.0
0,16,0,2,22,13,55,53,2,0.0125
0,17,1,2,27,10,82,80,1,0.00625
0,18,2,2,20,15,94,94,0,0.0
0,19,3,2,23,15,83,83,0,0.0
0,20,4,2,21,19,83,81,1,0.00625
0,21,5,2,24,10,77,73,2,0.0125
0,22,6,2,17,21,83,81,2,0.0125
0,23,7,2,16,19,64,60,3,0.01875
0,24,0,3,12,7,44,43,0,0.0
0,25,1,3,15,20,74,71,2,0.0125
0,26,2,3,18,24,98,96,2,0.0125
0,27,3,3,16,19,89,84,3,0.01875
0,28,4,3,17,21,87,84,1,0.00625
0,29,5,3,22,17,92,91,1,0.00625
0,30,6,3,22,19,100,95,2,0.0125
0,31,7,3,25,13,70,69,0,0.0
0,32,0,4,18,15,57,57,0,0.0
0,33,1,4,19,9,69,66,3,0.01875
0,34,2,4,19,11,82,81,0,0.0
0,35,3,4,14,16,78,77,0,0.0
0,36,4,4,14,14,66,65,1,0.00625
0,37,5,4,18,15,72,71,0,0.0
0,38,6,4,15,20,79,78,1,0.00625
0,39,7,4,14,18,60,57,2,0.0125
0,40,0,5,22,10,53,51,0,0.0
0,41,1,5,19,16,77,76,1,0.00625
0,42,2,5,17,15,81,81,0,0.0
0,43,3,5,17,17,78,76,1,0.00625
0,44,4,5,19,12,73,71,1,0.00625
0,45,5,5,24,12,82,80,1,0.00625
0,46,6,5,21,15,90,87,2,0.0125
0,47,7,5,17,11,63,61,0,0.0
0,48,0,6,17,7,52,50,1,0.00625
0,49,1,6,15,19,81,78,1,0.00625
0,50,2,6,21,18,95,93,0,0.0
0,51,3,6,19,15,90,87,1,0.00625
0,52,4,6,15,16,85,83,2,0.0125
0,53,5,6,17,16,81,79,1,0.00625
0,54,6,6,20,22,94,92,1,0.00625
0,55,7,6,24,16,76,74,2,0.0125
0,56,0,7,18,14,46,45,0,0.0
0,57,1,7,26,14,71,69,1,0.00625
0,58,2,7,21,14,74,73,0,0.0
0,59,3,7,16,18,68,67,0,0.0
0,60,4,7,14,16,62,62,0,0.0
0,61,5,7,16,13,59,57,1,0.00625
0,62,6,7,16,14,61,61,0,0.0
0,63,7,7,17,16,49,49,0,0.0
1,0,0,0,24,15,52,52,0,0.0
1,1,1,0,16,26,78,76,1,0.00625
1,2,2,0,22,14,65,64,1,0.00625
1,3,3,0,13,22,69,72,0,0.0
1,4,4,0,14,21,62,63,0,0.0
1,5,5,0,20,18,70,68,2,0.0125
1,6,6,0,15,14,63,61,1,0.00625
1,7,7,0,16,13,42,42,0,0.0
1,8,0,1,21,15,65,63,1,0.00625
1,9,1,1,11,21,93,95,0,0.0
1,10,2,1,27,15,86,86,1,0.00625
1,11,3,1,20,22,110,108,1,0.00625
1,12,4,1,22,17,90,93,0,0.0
1,13,5,1,18,17,88,89,1,0.00625
1,14,6,1,15,19,79,80,0,0.0
1,15,7,1,16,14,56,53,1,0.00625
1,16,0,2,17,16,63,63,0,0.0
1,17,1,2,19,23,96,97,0,0.0
1,18,2,2,23,12,83,81,2,0.0125
1,19,3,2,23,28,112,107,3,0.01875
1,20,4,2,22,18,100,98,3,0.01875
1,21,5,2,13,22,93,94,2,0.0125
1,22,6,2,24,19,93,93,1,0.00625
1,23,7,2,14,15,66,70,0,0.0
1,24,0,3,19,16,77,76,1,0.00625
1,25,1,3,21,17,109,112,0,0.0
1,26,2,3,20,18,96,97,1,0.00625
1,27,3,3,28,20,111,112,2,0.0125
1,28,4,3,14,19,101,101,1,0.00625
1,29,5,3,11,20,83,81,1,0.00625
1,30,6,3,25,18,88,90,3,0.01875
1,31,7,3,17,22,84,82,1,0.00625
1,32,0,4,21,23,74,73,1,0.00625
1,33,1,4,27,19,113,113,1,0.00625
1,34,2,4,23,23,108,107,1,0.00625
1,35,3,4,25,19,105,103,1,0.00625
1,36,4,4,21,26,106,107,0,0.0
1,37,5,4,23,14,95,93,1,0.00625
1,38,6,4,15,12,83,80,1,0.00625
1,39,7,4,16,26,72,73,2,0.0125
1,40,0,5,23,16,85,87,0,0.0
1,41,1,5,15,21,116,117,0,0.0
1,42,2,5,23,26,116,113,1,0.00625
1,43,3,5,26,23,124,124,1,0.00625
1,44,4,5,24,20,125,123,1,0.00625
1,45,5,5,20,20,113,114,1,0.00625
1,46,6,5,18,21,105,103,2,0.0125
1,47,7,5,29,15,75,76,0,0.0
1,48,0,6,26,28,95,92,2,0.0125
1,49,1,6,15,23,111,112,2,0.0125
1,50,2,6,13,13,80,81,0,0.0
1,51,3,6,28,19,107,105,5,0.03125
1,52,4,6,26,23,120,119,2,0.0125
1,53,5,6,15,23,108,109,0,0.0
1,54,6,6,16,18,90,91,1,0.00625
1,55,7,6,21,20,71,71,1,0.00625
1,56,0,7,27,19,66,65,1,0.00625
1,57,1,7,19,25,88,87,1,0.00625
1,58,2,7,23,15,75,74,0,0.0
1,59,3,7,23,14,78,77,2,0.0125
1,60,4,7,24,27,90,89,1,0.00625
1,61,5,7,21,25,90,90,2,0.0125
1,62,6,7,17,14,74,72,1,0.00625
1,63,7,7,21,19,56,55,0,0.0
2,0,0,0,26,25,68,68,0,0.0
2,1,1,0,17,23,84,87,0,0.0
2,2,2,0,24,21,79,77,1,0.00625
2,3,3,0,21,19,78,78,0,0.0
2,4,4,0,15,19,70,66,3,0.01875
2,5,5,0,20,24,69,69,2,0.0125
2,6,6,0,21,18,75,75,1,0.00625
2,7,7,0,14,21,58,57,1,0.00625
2,8,0,1,15,16,76,78,0,0.0
2,9,1,1,19,30,109,108,1,0.00625
2,10,2,1,23,17,98,99,1,0.00625
2,11,3,1,19,24,102,105,0,0.0
2,12,4,1,24,18,103,99,2,0.0125
2,13,5,1,19,14,99,100,0,0.0
2,14,6,1,20,20,101,100,1,0.00625
2,15,7,1,18,21,80,82,0,0.0
2,16,0,2,21,16,77,77,1,0.00625
2,17,1,2,12,15,90,89,1,0.00625
2,18,2,2,23,17,96,93,2,0.0125
2,19,3,2,20,27,103,106,1,0.00625
2,20,4,2,24,21,100,102,2,0.0125
2,21,5,2,20,21,104,106,1,0.00625
2,22,6,2,19,16,89,90,1,0.00625
2,23,7,2,14,20,75,75,0,0.0
2,24,0,3,13,17,72,74,0,0.0
2,25,1,3,21,19,97,96,0,0.0
2,26,2,3,19,15,100,98,2,0.0125
2,27,3,3,15,25,99,102,0,0.0
2,28,4,3,15,22,96,98,1,0.00625
2,29,5,3,22,25,107,108,1,0.00625
2,30,6,3,12,19,91,93,1,0.00625
2,31,7,3,25,24,78,80,1,0.00625
2,32,0,4,22,20,82,80,1,0.00625
2,33,1,4,21,15,96,97,1,0.00625
2,34,2,4,18,20,104,102,2,0.0125
2,35,3,4,17,17,92,93,1,0.00625
2,36,4,4,22,19,99,99,0,0.0
2,37,5,4,8,15,86,87,1,0.00625
2,38,6,4,14,19,78,81,0,0.0
2,39,7,4,18,13,67,69,0,0.0
2,40,0,5,20,15,74,72,1,0.00625
2,41,1,5,18,21,101,101,0,0.0
2,42,2,5,22,22,102,102,1,0.00625
2,43,3,5,22,18,100,100,0,0.0
2,44,4,5,17,23,92,92,1,0.00625
2,45,5,5,17,20,94,94,0,0.0
2,46,6,5,17,13,80,84,0,0.0
2,47,7,5,17,17,72,71,1,0.00625
2,48,0,6,14,19,76,80,1,0.00625
2,49,1,6,25,22,110,111,1,0.00625
2,50,2,6,24,17,114,113,0,0.0
2,51,3,6,23,24,117,119,3,0.01875
2,52,4,6,14,22,99,100,1,0.00625
2,53,5,6,24,17,102,102,1,0.00625
2,54,6,6,17,19,102,101,2,0.0125
2,55,7,6,24,15,82,80,1,0.00625
2,56,0,7,19,25,61,61,0,0.0
2,57,1,7,21,16,77,78,1,0.00625
2,58,2,7,17,22,81,80,2,0.0125
2,59,3,7,13,24,76,77,1,0.00625
2,60,4,7,21,24,79,78,2,0.0125
2,61,5,7,13,13,64,65,1,0.00625
2,62,6,7,22,26,78,78,2,0.0125
2,63,7,7,16,15,54,54,1,0.00625
3,0,0,0,24,12,47,48,0,0.0
3,1,1,0,16,20,72,70,1,0.00625
3,2,2,0,19,22,70,71,1,0.00625
3,3,3,0,21,24,79,75,3,0.01875
3,4,4,0,21,15,71,73,1,0.00625
3,5,5,0,16,16,74,76,0,0.0
3,6,6,0,30,16,80,80,1,0.00625
3,7,7,0,17,15,62,60,0,0.0
3,8,0,1,16,14,66,66,0,0.0
3,9,1,1,19,21,101,99,3,0.01875
3,10,2,1,15,18,94,95,0,0.0
3,11,3,1,20,15,102,100,0,0.0
3,12,4,1,15,20,92,94,2,0.0125
3,13,5,1,22,22,104,101,1,0.00625
3,14,6,1,18,17,98,99,1,0.00625
3,15,7,1,24,31,90,90,0,0.0
3,16,0,2,21,26,80,81,0,0.0
3,17,1,2,21,16,101,100,2,0.0125
3,18,2,2,26,19,101,104,1,0.00625
3,19,3,2,15,14,103,103,0,0.0
3,20,4,2,17,17,85,85,2,0.0125
3,21,5,2,19,19,91,90,0,0.0
3,22,6,2,19,23,98,97,1,0.00625
3,23,7,2,20,18,74,74,0,0.0
3,24,0,3,24,20,80,79,0,0.0
3,25,1,3,22,23,113,110,1,0.00625
3,26,2,3,20,19,101,101,3,0.01875
3,27,3,3,17,25,109,106,3,0.01875
3,28,4,3,34,18,103,101,1,0.00625
3,29,5,3,25,20,116,117,1,0.00625
3,30,6,3,25,18,114,110,2,0.0125
3,31,7,3,21,19,87,85,2,0.0125
3,32,0,4,15,24,71,73,1,0.00625
3,33,1,4,19,21,98,96,2,0.0125
3,34,2,4,23,22,93,96,1,0.00625
3,35,3,4,20,22,106,107,1,0.00625
3,36,4,4,19,13,86,82,3,0.01875
3,37,5,4,22,31,111,111,1,0.00625
3,38,6,4,12,25,98,95,4,0.025
3,39,7,4,22,24,75,73,2,0.0125
3,40,0,5,18,21,78,79,0,0.0
3,41,1,5,21,16,106,105,0,0.0
3,42,2,5,19,18,103,105,0,0.0
3,43,3,5,22,23,114,115,1,0.00625
3,44,4,5,21,18,103,106,1,0.00625
3,45,5,5,17,19,105,102,1,0.00625
3,46,6,5,29,19,109,108,2,0.0125
3,47,7,5,25,10,84,84,0,0.0
3,48,0,6,17,24,74,74,0,0.0
3,49,1,6,17,16,95,93,3,0.01875
3,50,2,6,17,24,95,95,2,0.0125
3,51,3,6,24,19,98,100,1,0.00625
3,52,4,6,26,21,104,101,2,0.0125
3,53,5,6,17,23,103,99,2,0.0125
3,54,6,6,11,17,78,79,1,0.00625
3,55,7,6,14,29,69,71,1,0.00625
3,56,0,7,27,21,61,63,0,0.0
3,57,1,7,19,18,78,80,0,0.0
3,58,2,7,26,18,80,81,1,0.00625
3,59,3,7,21,16,76,77,0,0.0
3,60,4,7,24,23,85,84,2,0.0125
3,61,5,7,22,25,88,85,2,0.0125
3,62,6,7,19,17,73,74,0,0.0
3,63,7,7,19,12,49,49,1,0.00625
4,0,0,0,18,17,54,53,1,0.00625
4,1,1,0,15,19,68,67,1,0.00625
4,2,2,0,19,14,62,60,3,0.01875
4,3,3,0,22,24,79,81,1,0.00625
4,4,4,0,20,24,78,80,1,0.00625
4,5,5,0,18,26,74,73,2,0.0125
4,6,6,0,18,20,65,66,1,0.00625
4,7,7,0,11,19,48,51,0,0.0
4,8,0,1,24,15,81,78,2,0.0125
4,9,1,1,17,18,96,98,0,0.0
4,10,2,1,20,12,85,82,0,0.0
4,11,3,1,25,21,107,106,2,0.0125
4,12,4,1,19,22,114,114,2,0.0125
4,13,5,1,18,19,99,99,2,0.0125
4,14,6,1,21,18,91,91,0,0.0
4,15,7,1,22,19,80,80,1,0.00625
4,16,0,2,11,20,69,68,0,0.0
4,17,1,2,20,24,86,87,1,0.00625
4,18,2,2,21,17,86,86,0,0.0
4,19,3,2,18,17,93,93,2,0.0125
4,20,4,2,19,26,105,105,1,0.00625
4,21,5,2,20,16,98,99,0,0.0
4,22,6,2,23,15,90,92,0,0.0
4,23,7,2,17,22,79,78,0,0.0
4,24,0,3,21,17,75,75,0,0.0
4,25,1,3,18,11,81,80,2,0.0125
4,26,2,3,15,17,79,78,1,0.00625
4,27,3,3,27,19,100,103,1,0.00625
4,28,4,3,23,18,106,105,3,0.01875
4,29,5,3,19,18,101,98,3,0.01875
4,30,6,3,21,21,88,92,0,0.0
4,31,7,3,16,20,72,73,1,0.00625
4,32,0,4,24,14,78,76,2,0.0125
4,33,1,4,19,23,96,99,0,0.0
4,34,2,4,21,17,90,89,1,0.00625
4,35,3,4,22,16,102,99,2,0.0125
4,36,4,4,17,24,106,109,0,0.0
4,37,5,4,18,21,101,100,0,0.0
4,38,6,4,20,19,90,91,2,0.0125
4,39,7,4,16,22,74,76,0,0.0
4,40,0,5,21,17,80,81,0,0.0
4,41,1,5,19,22,93,93,1,0.00625
4,42,2,5,19,22,88,88,0,0.0
4,43,3,5,26,22,108,109,0,0.0
4,44,4,5,21,22,112,110,1,0.00625
4,45,5,5,17,21,101,103,2,0.0125
4,46,6,5,27,19,99,100,0,0.0
4,47,7,5,20,22,83,84,1,0.00625
4,48,0,6,23,22,85,85,1,0.00625
4,49,1,6,18,23,92,94,0,0.0
4,50,2,6,18,18,82,84,0,0.0
4,51,3,6,21,21,101,101,1,0.00625
4,52,4,6,20,28,109,112,2,0.0125
4,53,5,6,15,20,94,99,0,0.0
4,54,6,6,24,19,91,91,0,0.0
4,55,7,6,18,27,85,84,1,0.00625
4,56,0,7,10,15,50,49,0,0.0
4,57,1,7,13,23,69,69,0,0.0
4,58,2,7,25,20,77,78,0,0.0
4,59,3,7,23,20,90,86,1,0.00625
4,60,4,7,22,25,87,89,1,0.00625
4,61,5,7,15,21,79,80,2,0.0125
4,62,6,7,13,14,64,63,0,0.0
4,63,7,7,19,23,54,55,0,0.0
5,0,0,0,20,21,54,55,0,0.0
5,1,1,0,16,11,60,62,0,0.0
5,2,2,0,23,13,68,70,0,0.0
5,3,3,0,27,19,83,82,1,0.00625
5,4,4,0,19,18,78,78,0,0.0
5,5,5,0,20,19,70,71,0,0.0
5,6,6,0,22,22,79,77,3,0.01875
5,7,7,0,17,20,55,53,0,0.0
5,8,0,1,20,12,77,79,1,0.00625
5,9,1,1,17,20,93,91,1,0.00625
5,10,2,1,27,18,103,104,2,0.0125
5,11,3,1,18,24,112,114,0,0.0
5,12,4,1,13,28,98,97,2,0.0125
5,13,5,1,21,20,95,95,1,0.00625
5,14,6,1,19,19,103,103,1,0.00625
5,15,7,1,21,16,80,77,3,0.01875
5,16,0,2,25,22,84,83,2,0.0125
5,17,1,2,23,21,96,96,1,0.00625
5,18,2,2,14,19,89,91,0,0.0
5,19,3,2,19,28,104,100,4,0.025
5,20,4,2,21,18,94,92,1,0.00625
5,21,5,2,15,13,88,88,0,0.0
5,22,6,2,22,20,98,96,1,0.00625
5,23,7,2,21,16,81,80,0,0.0
5,24,0,3,23,16,80,79,1,0.00625
5,25,1,3,16,22,93,96,1,0.00625
5,26,2,3,20,25,96,98,0,0.0
5,27,3,3,14,17,90,91,0,0.0
5,28,4,3,21,15,92,96,0,0.0
5,29,5,3,21,19,105,106,2,0.0125
5,30,6,3,18,15,97,98,0,0.0
5,31,7,3,19,22,80,82,0,0.0
5,32,0,4,21,21,83,86,0,0.0
5,33,1,4,26,22,104,102,2,0.0125
5,34,2,4,18,18,95,95,0,0.0
5,35,3,4,21,18,96,97,2,0.0125
5,36,4,4,16,20,91,92,0,0.0
5,37,5,4,19,25,95,96,1,0.00625
5,38,6,4,23,20,103,103,2,0.0125
5,39,7,4,18,20,84,81,1,0.00625
5,40,0,5,24,21,88,88,0,0.0
5,41,1,5,23,23,108,105,2,0.0125
5,42,2,5,23,24,108,105,1,0.00625
5,43,3,5,20,14,103,102,1,0.00625
5,44,4,5,21,21,104,105,0,0.0
5,45,5,5,16,15,93,92,2,0.0125
5,46,6,5,21,20,101,101,1,0.00625
5,47,7,5,20,22,87,87,0,0.0
5,48,0,6,14,22,76,76,0,0.0
5,49,1,6,21,22,93,93,0,0.0
5,50,2,6,19,21,97,91,3,0.01875
5,51,3,6,16,22,97,98,0,0.0
5,52,4,6,18,21,94,96,0,0.0
5,53,5,6,13,22,96,94,1,0.00625
5,54,6,6,19,16,93,93,0,0.0
5,55,7,6,25,23,86,86,2,0.0125
5,56,0,7,21,22,62,60,2,0.0125
5,57,1,7,15,11,64,61,1,0.00625
5,58,2,7,19,20,75,74,1,0.00625
5,59,3,7,17,16,74,77,0,0.0
5,60,4,7,21,13,75,73,2,0.0125
5,61,5,7,21,20,81,84,0,0.0
5,62,6,7,25,13,82,82,1,0.00625
5,63,7,7,24,18,68,64,2,0.0125
6,0,0,0,16,26,57,55,0,0.0
6,1,1,0,17,17,63,63,0,0.0
6,2,2,0,20,16,68,68,1,0.00625
6,3,3,0,15,20,74,75,0,0.0
6,4,4,0,22,18,75,76,0,0.0
6,5,5,0,21,25,89,90,0,0.0
6,6,6,0,23,22,88,88,3,0.01875
6,7,7,0,18,22,66,68,0,0.0
6,8,0,1,22,18,78,78,1,0.00625
6,9,1,1,18,16,89,90,1,0.00625
6,10,2,1,25,15,89,91,0,0.0
6,11,3,1,26,21,109,109,1,0.00625
6,12,4,1,20,17,97,97,1,0.00625
6,13,5,1,16,21,103,105,1,0.00625
6,14,6,1,25,20,108,108,1,0.00625
6,15,7,1,17,27,86,89,0,0.0
6,16,0,2,20,19,88,89,1,0.00625
6,17,1,2,23,20,108,107,2,0.0125
6,18,2,2,24,16,104,103,0,0.0
6,19,3,2,20,26,108,111,1,0.00625
6,20,4,2,13,27,101,104,0,0.0
6,21,5,2,19,22,104,105,0,0.0
6,22,6,2,19,21,106,106,1,0.00625
6,23,7,2,23,24,86,85,2,0.0125
6,24,0,3,19,23,86,86,0,0.0
6,25,1,3,29,22,105,107,0,0.0
6,26,2,3,19,23,104,106,0,0.0
6,27,3,3,15,22,96,95,1,0.00625
6,28,4,3,22,21,94,94,0,0.0
6,29,5,3,19,18,98,101,0,0.0
6,30,6,3,17,17,97,97,0,0.0
6,31,7,3,19,20,74,74,0,0.0
6,32,0,4,18,19,77,74,2,0.0125
6,33,1,4,16,19,83,84,1,0.00625
6,34,2,4,12,27,88,86,2,0.0125
6,35,3,4,14,22,77,78,0,0.0
6,36,4,4,24,14,89,88,1,0.00625
6,37,5,4,22,22,106,105,1,0.00625
6,38,6,4,23,24,107,109,0,0.0
6,39,7,4,16,14,69,71,1,0.00625
6,40,0,5,20,14,78,76,1,0.00625
6,41,1,5,20,16,91,92,1,0.00625
6,42,2,5,19,18,92,95,1,0.00625
6,43,3,5,23,13,89,89,0,0.0
6,44,4,5,26,14,101,100,1,0.00625
6,45,5,5,24,22,111,113,0,0.0
6,46,6,5,15,22,103,102,1,0.00625
6,47,7,5,20,22,74,74,1,0.00625
6,48,0,6,17,18,75,75,1,0.00625
6,49,1,6,17,20,83,80,2,0.0125
6,50,2,6,21,23,92,97,1,0.00625
6,51,3,6,21,19,97,96,0,0.0
6,52,4,6,21,23,103,101,2,0.0125
6,53,5,6,23,24,107,107,2,0.0125
6,54,6,6,21,20,108,108,0,0.0
6,55,7,6,17,16,75,76,1,0.00625
6,56,0,7,14,18,54,56,1,0.00625
6,57,1,7,13,18,68,68,2,0.0125
6,58,2,7,21,17,71,72,1,0.00625
6,59,3,7,21,23,84,81,2,0.0125
6,60,4,7,18,21,82,84,0,0.0
6,61,5,7,23,19,85,81,2,0.0125
6,62,6,7,18,25,88,88,0,0.0
6,63,7,7,20,23,62,64,1,0.00625
7,0,0,0,23,22,66,64,2,0.0125
7,1,1,0,17,26,90,89,1,0.00625
7,2,2,0,13,18,66,67,1,0.00625
7,3,3,0,17,21,68,69,0,0.0
7,4,4,0,19,28,85,83,2,0.0125
7,5,5,0,17,19,72,72,0,0.0
7,6,6,0,22,22,74,77,0,0.0
7,7,7,0,16,21,60,60,0,0.0
7,8,0,1,16,19,76,75,1,0.00625
7,9,1,1,14,24,97,99,0,0.0
7,10,2,1,17,18,87,86,0,0.0
7,11,3,1,22,11,91,89,1,0.00625
7,12,4,1,10,14,94,95,1,0.00625
7,13,5,1,15,22,79,80,0,0.0
7,14,6,1,13,18,82,82,1,0.00625
7,15,7,1,18,23,80,79,0,0.0
7,16,0,2,18,17,81,81,1,0.00625
7,17,1,2,20,16,104,107,0,0.0
7,18,2,2,20,17,98,97,2,0.0125
7,19,3,2,27,18,109,108,3,0.01875
7,20,4,2,26,21,124,123,1,0.00625
7,21,5,2,17,10,91,91,0,0.0
7,22,6,2,22,15,99,100,0,0.0
7,23,7,2,23,17,87,87,1,0.00625
7,24,0,3,26,25,98,99,1,0.00625
7,25,1,3,20,20,121,119,1,0.00625
7,26,2,3,22,22,109,109,0,0.0
7,27,3,3,23,22,115,110,4,0.025
7,28,4,3,23,27,127,127,0,0.0
7,29,5,3,22,25,118,117,1,0.00625
7,30,6,3,23,17,115,111,2,0.0125
7,31,7,3,32,21,102,97,2,0.0125
7,32,0,4,15,22,75,74,2,0.0125
7,33,1,4,16,26,100,100,1,0.00625
7,34,2,4,23,22,93,96,1,0.00625
7,35,3,4,22,20,101,101,1,0.00625
7,36,4,4,17,21,101,99,3,0.01875
7,37,5,4,17,25,90,91,1,0.00625
7,38,6,4,23,17,93,90,2,0.0125
7,39,7,4,14,20,82,82,0,0.0
7,40,0,5,24,12,76,77,0,0.0
7,41,1,5,20,18,105,108,0,0.0
7,42,2,5,27,17,100,101,0,0.0
7,43,3,5,16,24,112,109,1,0.00625
7,44,4,5,25,23,109,111,0,0.0
7,45,5,5,19,16,101,100,0,0.0
7,46,6,5,19,15,96,95,2,0.0125
7,47,7,5,18,22,86,85,1,0.00625
7,48,0,6,20,18,87,83,3,0.01875
7,49,1,6,18,24,115,116,1,0.00625
7,50,2,6,23,21,103,103,1,0.00625
7,51,3,6,20,28,114,114,1,0.00625
7,52,4,6,19,15,106,107,0,0.0
7,53,5,6,21,28,107,108,0,0.0
7,54,6,6,24,21,106,105,0,0.0
7,55,7,6,20,20,86,87,0,0.0
7,56,0,7,25,20,72,73,0,0.0
7,57,1,7,19,20,92,91,1,0.00625
7,58,2,7,21,19,87,87,0,0.0
7,59,3,7,29,23,103,106,0,0.0
7,60,4,7,19,21,95,96,0,0.0
7,61,5,7,22,18,88,90,1,0.00625
7,62,6,7,22,21,91,93,0,0.0
7,63,7,7,29,23,74,74,1,0.00625
8,0,0,0,17,26,61,65,0,0.0
8,1,1,0,17,20,74,74,1,0.00625
8,2,2,0,19,20,75,76,0,0.0
8,3,3,0,18,24,81,81,1,0.00625
8,4,4,0,32,22,89,90,0,0.0
8,5,5,0,21,18,93,90,1,0.00625
8,6,6,0,16,17,75,76,0,0.0
8,7,7,0,20,20,58,55,3,0.01875
8,8,0,1,20,17,83,82,1,0.00625
8,9,1,1,23,18,103,100,0,0.0
8,10,2,1,18,19,95,94,0,0.0
8,11,3,1,25,23,109,110,1,0.00625
8,12,4,1,16,20,98,99,1,0.00625
8,13,5,1,20,31,103,102,0,0.0
8,14,6,1,17,23,89,90,0,0.0
8,15,7,1,18,16,66,65,1,0.00625
8,16,0,2,21,18,85,85,2,0.0125
8,17,1,2,19,22,105,103,2,0.0125
8,18,2,2,23,20,103,102,2,0.0125
8,19,3,2,18,19,111,114,0,0.0
8,20,4,2,23,24,115,115,2,0.0125
8,21,5,2,23,17,106,103,1,0.00625
8,22,6,2,25,17,106,104,2,0.0125
8,23,7,2,23,15,82,85,0,0.0
8,24,0,3,26,21,94,93,0,0.0
8,25,1,3,16,18,104,102,3,0.01875
8,26,2,3,27,15,100,100,0,0.0
8,27,3,3,18,23,114,118,1,0.00625
8,28,4,3,27,21,112,109,1,0.00625
8,29,5,3,15,19,97,96,1,0.00625
8,30,6,3,17,24,87,90,1,0.00625
8,31,7,3,17,25,80,83,0,0.0
8,32,0,4,18,26,85,88,1,0.00625
8,33,1,4,25,25,110,109,1,0.00625
8,34,2,4,19,16,101,99,1,0.00625
8,35,3,4,15,26,109,110,1,0.00625
8,36,4,4,19,20,98,99,1,0.00625
8,37,5,4,19,22,99,99,1,0.00625
8,38,6,4,20,18,93,95,2,0.0125
8,39,7,4,19,22,81,80,1,0.00625
8,40,0,5,16,23,82,82,0,0.0
8,41,1,5,20,15,95,92,2,0.0125
8,42,2,5,22,24,105,102,1,0.00625
8,43,3,5,20,19,104,105,1,0.00625
8,44,4,5,19,15,99,97,2,0.0125
8,45,5,5,25,23,103,102,2,0.0125
8,46,6,5,17,20,100,101,1,0.00625
8,47,7,5,22,19,78,78,0,0.0
8,48,0,6,21,24,87,90,1,0.00625
8,49,1,6,16,14,94,95,1,0.00625
8,50,2,6,20,16,92,90,2,0.0125
8,51,3,6,20,22,107,106,0,0.0
8,52,4,6,22,19,101,100,1,0.00625
8,53,5,6,19,16,93,92,2,0.0125
8,54,6,6,19,22,100,99,2,0.0125
8,55,7,6,20,15,73,73,0,0.0
8,56,0,7,23,22,68,67,1,0.00625
8,57,1,7,22,19,88,90,0,0.0
8,58,2,7,23,14,81,81,0,0.0
8,59,3,7,22,18,85,84,0,0.0
8,60,4,7,17,19,79,78,0,0.0
8,61,5,7,20,21,78,76,1,0.00625
8,62,6,7,19,18,80,78,0,0.0
8,63,7,7,23,20,61,61,1,0.00625
9,0,0,0,19,20,53,50,0,0.0
9,1,1,0,17,16,62,62,1,0.00625
9,2,2,0,18,18,66,64,1,0.00625
9,3,3,0,15,25,68,67,0,0.0
9,4,4,0,19,25,66,67,0,0.0
9,5,5,0,22,22,75,76,1,0.00625
9,6,6,0,22,23,79,77,0,0.0
9,7,7,0,11,17,48,51,0,0.0
9,8,0,1,22,15,79,80,1,0.00625
9,9,1,1,16,17,90,93,0,0.0
9,10,2,1,21,16,93,93,1,0.00625
9,11,3,1,23,16,102,101,1,0.00625
9,12,4,1,16,14,98,97,0,0.0
9,13,5,1,15,19,96,95,1,0.00625
9,14,6,1,17,22,103,101,2,0.0125
9,15,7,1,25,20,81,82,1,0.00625
9,16,0,2,14,21,73,71,1,0.00625
9,17,1,2,20,19,83,79,4,0.025
9,18,2,2,17,18,85,86,2,0.0125
9,19,3,2,20,17,86,85,1,0.00625
9,20,4,2,25,22,100,100,1,0.00625
9,21,5,2,12,15,85,88,0,0.0
9,22,6,2,22,15,83,83,1,0.00625
9,23,7,2,11,18,67,66,0,0.0
9,24,0,3,25,14,84,85,0,0.0
9,25,1,3,20,15,95,97,2,0.0125
9,26,2,3,25,24,105,103,1,0.00625
9,27,3,3,28,15,111,110,1,0.00625
9,28,4,3,16,17,107,108,1,0.00625
9,29,5,3,20,25,113,111,2,0.0125
9,30,6,3,16,13,97,96,1,0.00625
9,31,7,3,21,23,72,74,0,0.0
9,32,0,4,19,21,83,79,2,0.0125
9,33,1,4,30,28,103,105,1,0.00625
9,34,2,4,17,18,101,99,3,0.01875
9,35,3,4,23,26,104,103,1,0.00625
9,36,4,4,16,25,105,106,1,0.00625
9,37,5,4,26,21,110,109,2,0.0125
9,38,6,4,22,22,114,114,0,0.0
9,39,7,4,24,14,78,79,1,0.00625
9,40,0,5,24,17,89,90,0,0.0
9,41,1,5,25,20,102,104,0,0.0
9,42,2,5,21,30,117,119,1,0.00625
9,43,3,5,19,18,99,102,0,0.0
9,44,4,5,16,21,98,100,1,0.00625
9,45,5,5,27,13,103,101,4,0.025
9,46,6,5,20,26,112,112,1,0.00625
9,47,7,5,19,27,81,81,0,0.0
9,48,0,6,16,20,78,77,1,0.00625
9,49,1,6,22,24,88,89,0,0.0
9,50,2,6,19,27,99,102,0,0.0
9,51,3,6,15,20,91,92,0,0.0
9,52,4,6,18,20,92,92,0,0.0
9,53,5,6,18,17,99,98,2,0.0125
9,54,6,6,20,27,101,103,1,0.00625
9,55,7,6,16,21,75,75,0,0.0
9,56,0,7,9,17,51,51,0,0.0
9,57,1,7,16,18,69,70,0,0.0
9,58,2,7,19,23,81,81,0,0.0
9,59,3,7,20,21,83,84,1,0.00625
9,60,4,7,30,16,93,93,1,0.00625
9,61,5,7,23,21,99,101,1,0.00625
9,62,6,7,15,17,79,79,2,0.0125
9,63,7,7,23,21,61,61,1,0.00625
10,0,0,0,25,25,68,69,2,0.0125
10,1,1,0,20,15,79,79,0,0.0
10,2,2,0,21,15,75,76,1,0.00625
10,3,3,0,18,12,71,71,0,0.0
10,4,4,0,16,16,74,73,1,0.00625
10,5,5,0,17,22,69,69,2,0.0125
10,6,6,0,21,22,77,79,0,0.0
10,7,7,0,18,21,61,61,0,0.0
10,8,0,1,21,16,83,80,3,0.01875
10,9,1,1,21,26,100,99,0,0.0
10,10,2,1,20,18,96,95,2,0.0125
10,11,3,1,11,20,87,88,0,0.0
10,12,4,1,26,20,97,96,3,0.01875
10,13,5,1,21,12,101,101,2,0.0125
10,14,6,1,14,16,96,95,1,0.00625
10,15,7,1,17,23,73,75,0,0.0
10,16,0,2,22,21,85,87,1,0.00625
10,17,1,2,18,23,94,99,1,0.00625
10,18,2,2,16,18,94,94,1,0.00625
10,19,3,2,14,24,89,90,1,0.00625
10,20,4,2,14,14,82,84,0,0.0
10,21,5,2,28,22,110,106,2,0.0125
10,22,6,2,14,23,110,110,2,0.0125
10,23,7,2,25,13,72,71,2,0.0125
10,24,0,3,18,19,82,82,0,0.0
10,25,1,3,19,23,91,91,2,0.0125
10,26,2,3,15,16,91,91,2,0.0125
10,27,3,3,10,17,76,75,3,0.01875
10,28,4,3,16,15,78,78,1,0.00625
10,29,5,3,15,16,84,86,1,0.00625
10,30,6,3,15,24,96,98,0,0.0
10,31,7,3,19,16,72,70,2,0.0125
10,32,0,4,20,20,86,91,0,0.0
10,33,1,4,14,18,87,86,0,0.0
10,34,2,4,22,22,95,99,0,0.0
10,35,3,4,26,16,102,101,1,0.00625
10,36,4,4,11,15,93,94,0,0.0
10,37,5,4,21,16,93,92,2,0.0125
10,38,6,4,18,13,98,97,2,0.0125
10,39,7,4,25,14,75,74,1,0.00625
10,40,0,5,16,24,89,85,2,0.0125
10,41,1,5,22,18,93,91,1,0.00625
10,42,2,5,15,13,91,92,0,0.0
10,43,3,5,18,21,94,90,2,0.0125
10,44,4,5,21,26,107,106,1,0.00625
10,45,5,5,25,13,103,106,1,0.00625
10,46,6,5,19,20,109,111,0,0.0
10,47,7,5,26,13,79,78,3,0.01875
10,48,0,6,14,21,73,75,0,0.0
10,49,1,6,23,19,84,84,1,0.00625
10,50,2,6,26,21,106,100,3,0.01875
10,51,3,6,19,17,87,86,0,0.0
10,52,4,6,17,17,85,85,2,0.0125
10,53,5,6,16,21,88,89,2,0.0125
10,54,6,6,16,24,91,88,2,0.0125
10,55,7,6,12,18,64,63,1,0.00625
10,56,0,7,14,13,51,51,0,0.0
10,57,1,7,18,16,70,69,0,0.0
10,58,2,7,14,22,81,82,0,0.0
10,59,3,7,21,22,82,82,0,0.0
10,60,4,7,20,16,79,79,1,0.00625
10,61,5,7,20,17,79,76,4,0.025
10,62,6,7,24,14,80,79,1,0.00625
10,63,7,7,22,13,57,58,1,0.00625
11,0,0,0,24,21,59,60,0,0.0
11,1,1,0,16,16,69,70,0,0.0
11,2,2,0,23,23,80,76,2,0.0125
11,3,3,0,20,21,80,81,0,0.0
11,4,4,0,23,23,80,78,2,0.0125
11,5,5,0,21,25,85,85,0,0.0
11,6,6,0,19,20,80,74,4,0.025
11,7,7,0,17,19,53,53,0,0.0
11,8,0,1,21,16,74,77,0,0.0
11,9,1,1,19,22,101,99,1,0.00625
11,10,2,1,25,17,103,105,0,0.0
11,11,3,1,19,25,107,107,2,0.0125
11,12,4,1,21,18,99,99,1,0.00625
11,13,5,1,17,23,104,104,1,0.00625
11,14,6,1,24,20,101,102,2,0.0125
11,15,7,1,20,19,83,82,1,0.00625
11,16,0,2,15,18,77,77,1,0.00625
11,17,1,2,23,20,99,97,1,0.00625
11,18,2,2,19,20,106,106,0,0.0
11,19,3,2,22,22,109,107,2,0.0125
11,20,4,2,20,18,105,102,3,0.01875
11,21,5,2,18,21,102,105,1,0.00625
11,22,6,2,18,17,94,96,0,0.0
11,23,7,2,18,25,80,81,0,0.0
11,24,0,3,18,23,77,76,1,0.00625
11,25,1,3,18,15,87,86,1,0.00625
11,26,2,3,22,25,106,106,1,0.00625
11,27,3,3,20,20,101,103,2,0.0125
11,28,4,3,23,22,104,102,3,0.01875
11,29,5,3,20,19,102,100,1,0.00625
11,30,6,3,19,23,96,95,0,0.0
11,31,7,3,20,18,75,76,0,0.0
11,32,0,4,23,19,81,80,1,0.00625
11,33,1,4,18,16,102,101,1,0.00625
11,34,2,4,17,17,100,101,0,0.0
11,35,3,4,15,23,100,99,3,0.01875
11,36,4,4,20,15,97,94,1,0.00625
11,37,5,4,20,20,102,103,2,0.0125
11,38,6,4,9,18,89,90,1,0.00625
11,39,7,4,20,20,69,71,0,0.0
11,40,0,5,16,23,68,70,1,0.00625
11,41,1,5,26,25,102,103,1,0.00625
11,42,2,5,16,18,101,99,0,0.0
11,43,3,5,18,18,88,91,0,0.0
11,44,4,5,24,17,99,99,2,0.0125
11,45,5,5,21,17,105,105,1,0.00625
11,46,6,5,16,20,98,98,0,0.0
11,47,7,5,17,14,66,67,0,0.0
11,48,0,6,22,16,78,77,1,0.00625
11,49,1,6,19,17,101,102,0,0.0
11,50,2,6,23,25,117,121,1,0.00625
11,51,3,6,24,14,113,110,2,0.0125
11,52,4,6,25,21,118,120,0,0.0
11,53,5,6,18,23,118,118,2,0.0125
11,54,6,6,24,24,114,117,0,0.0
11,55,7,6,27,19,91,93,0,0.0
11,56,0,7,19,24,60,59,1,0.00625
11,57,1,7,28,21,83,82,2,0.0125
11,58,2,7,23,20,84,82,2,0.0125
11,59,3,7,20,24,83,81,3,0.01875
11,60,4,7,23,28,87,86,2,0.0125
11,61,5,7,23,25,85,87,2,0.0125
11,62,6,7,22,21,78,77,2,0.0125
11,63,7,7,16,26,61,61,1,0.00625
12,0,0,0,20,16,56,55,2,0.0125
12,1,1,0,20,22,83,84,0,0.0
12,2,2,0,20,23,79,82,1,0.00625
12,3,3,0,23,19,78,78,1,0.00625
12,4,4,0,21,19,80,83,0,0.0
12,5,5,0,20,23,83,82,2,0.0125
12,6,6,0,19,20,73,75,2,0.0125
12,7,7,0,18,21,59,56,2,0.0125
12,8,0,1,21,18,75,77,0,0.0
12,9,1,1,20,23,106,107,2,0.0125
12,10,2,1,16,22,100,101,0,0.0
12,11,3,1,22,17,95,97,0,0.0
12,12,4,1,19,25,105,106,1,0.00625
12,13,5,1,18,23,99,101,0,0.0
12,14,6,1,17,18,93,94,0,0.0
12,15,7,1,20,18,76,77,0,0.0
12,16,0,2,19,19,71,71,0,0.0
12,17,1,2,22,22,101,100,1,0.00625
12,18,2,2,14,19,94,94,1,0.00625
12,19,3,2,16,20,85,86,0,0.0
12,20,4,2,15,22,91,94,0,0.0
12,21,5,2,23,21,100,100,1,0.00625
12,22,6,2,16,18,95,95,0,0.0
12,23,7,2,20,18,77,76,1,0.00625
12,24,0,3,20,18,70,69,2,0.0125
12,25,1,3,21,18,95,97,0,0.0
12,26,2,3,17,19,94,96,0,0.0
12,27,3,3,23,15,90,89,1,0.00625
12,28,4,3,19,19,97,100,1,0.00625
12,29,5,3,26,18,102,104,1,0.00625
12,30,6,3,23,20,106,105,0,0.0
12,31,7,3,18,16,79,80,0,0.0
12,32,0,4,23,15,87,86,2,0.0125
12,33,1,4,25,20,117,119,1,0.00625
12,34,2,4,18,20,112,111,0,0.0
12,35,3,4,21,16,100,102,1,0.00625
12,36,4,4,17,24,107,109,1,0.00625
12,37,5,4,18,19,102,104,1,0.00625
12,38,6,4,24,22,113,112,3,0.01875
12,39,7,4,27,24,96,95,0,0.0
12,40,0,5,17,27,86,87,0,0.0
12,41,1,5,20,24,103,105,0,0.0
12,42,2,5,22,24,105,105,2,0.0125
12,43,3,5,24,18,103,101,2,0.0125
12,44,4,5,17,22,104,102,0,0.0
12,45,5,5,23,19,102,100,1,0.00625
12,46,6,5,28,19,112,111,0,0.0
12,47,7,5,22,20,89,91,0,0.0
12,48,0,6,29,23,81,82,0,0.0
12,49,1,6,19,17,98,95,1,0.00625
12,50,2,6,20,23,89,88,2,0.0125
12,51,3,6,24,23,94,96,2,0.0125
12,52,4,6,22,18,100,98,2,0.0125
12,53,5,6,23,19,95,95,1,0.00625
12,54,6,6,22,23,101,101,0,0.0
12,55,7,6,15,26,83,83,0,0.0
12,56,0,7,18,15,45,47,0,0.0
12,57,1,7,13,29,77,79,0,0.0
12,58,2,7,15,18,65,66,1,0.00625
12,59,3,7,21,21,70,73,0,0.0
12,60,4,7,18,22,77,76,1,0.00625
12,61,5,7,17,23,76,78,0,0.0
12,62,6,7,18,23,77,81,0,0.0
12,63,7,7,17,22,58,56,1,0.00625
13,0,0,0,23,22,61,63,0,0.0
13,1,1,0,20,15,77,76,0,0.0
13,2,2,0,20,20,76,77,0,0.0
13,3,3,0,26,21,84,84,0,0.0
13,4,4,0,16,23,84,83,0,0.0
13,5,5,0,22,15,71,72,1,0.00625
13,6,6,0,25,23,86,88,1,0.00625
13,7,7,0,16,17,57,58,1,0.00625
13,8,0,1,13,17,70,67,1,0.00625
13,9,1,1,25,22,92,93,0,0.0
13,10,2,1,13,19,93,92,0,0.0
13,11,3,1,19,21,91,90,0,0.0
13,12,4,1,15,24,98,99,0,0.0
13,13,5,1,21,18,89,89,0,0.0
13,14,6,1,16,23,101,101,0,0.0
13,15,7,1,17,23,74,73,1,0.00625
13,16,0,2,14,20,78,79,1,0.00625
13,17,1,2,28,12,93,94,2,0.0125
13,18,2,2,27,28,122,120,3,0.01875
13,19,3,2,24,11,100,99,3,0.01875
13,20,4,2,16,21,103,100,2,0.0125
13,21,5,2,20,15,87,86,0,0.0
13,22,6,2,32,23,122,120,1,0.00625
13,23,7,2,22,16,87,88,1,0.00625
13,24,0,3,19,23,87,86,1,0.00625
13,25,1,3,23,15,96,97,0,0.0
13,26,2,3,19,30,114,112,1,0.00625
13,27,3,3,18,22,104,104,1,0.00625
13,28,4,3,17,17,100,98,2,0.0125
13,29,5,3,21,14,90,91,1,0.00625
13,30,6,3,18,18,110,108,2,0.0125
13,31,7,3,22,31,87,85,2,0.0125
13,32,0,4,23,22,94,95,1,0.00625
13,33,1,4,13,20,105,104,0,0.0
13,34,2,4,16,26,104,102,1,0.00625
13,35,3,4,20,20,105,105,1,0.00625
13,36,4,4,19,22,112,113,0,0.0
13,37,5,4,22,20,108,108,0,0.0
13,38,6,4,24,26,125,127,1,0.00625
13,39,7,4,31,17,88,86,0,0.0
13,40,0,5,19,29,93,93,0,0.0
13,41,1,5,12,25,99,96,2,0.0125
13,42,2,5,24,15,96,97,0,0.0
13,43,3,5,17,14,103,103,2,0.0125
13,44,4,5,19,18,100,103,1,0.00625
13,45,5,5,21,21,99,101,1,0.00625
13,46,6,5,15,22,110,107,1,0.00625
13,47,7,5,25,25,86,85,0,0.0
13,48,0,6,16,24,85,84,1,0.00625
13,49,1,6,17,15,85,86,1,0.00625
13,50,2,6,17,11,85,87,1,0.00625
13,51,3,6,26,23,108,108,1,0.00625
13,52,4,6,19,22,100,102,0,0.0
13,53,5,6,25,17,94,94,1,0.00625
13,54,6,6,16,22,103,101,1,0.00625
13,55,7,6,16,16,68,66,1,0.00625
13,56,0,7,21,19,67,65,1,0.00625
13,57,1,7,23,16,82,82,1,0.00625
13,58,2,7,23,17,85,83,3,0.01875
13,59,3,7,18,18,85,84,0,0.0
13,60,4,7,16,25,81,82,0,0.0
13,61,5,7,24,20,81,80,2,0.0125
13,62,6,7,18,22,88,88,0,0.0
13,63,7,7,24,14,56,57,1,0.00625
14,0,0,0,18,18,51,50,0,0.0
14,1,1,0,18,24,73,73,0,0.0
14,2,2,0,18,26,79,77,2,0.0125
14,3,3,0,17,14,68,69,0,0.0
14,4,4,0,23,23,78,77,1,0.00625
14,5,5,0,24,17,79,80,1,0.00625
14,6,6,0,21,22,84,85,0,0.0
14,7,7,0,18,20,62,64,0,0.0
14,8,0,1,18,18,73,76,0,0.0
14,9,1,1,15,19,97,96,1,0.00625
14,10,2,1,22,18,103,102,0,0.0
14,11,3,1,13,21,90,91,0,0.0
14,12,4,1,16,16,91,88,2,0.0125
14,13,5,1,17,19,94,92,0,0.0
14,14,6,1,23,23,103,103,1,0.00625
14,15,7,1,21,26,90,90,0,0.0
14,16,0,2,22,20,79,77,1,0.00625
14,17,1,2,16,20,99,101,0,0.0
14,18,2,2,24,14,103,105,1,0.00625
14,19,3,2,19,22,103,103,2,0.0125
14,20,4,2,32,12,111,110,2,0.0125
14,21,5,2,19,16,110,110,0,0.0
14,22,6,2,15,15,94,92,1,0.00625
14,23,7,2,24,22,83,81,1,0.00625
14,24,0,3,18,21,80,82,1,0.00625
14,25,1,3,20,20,108,106,1,0.00625
14,26,2,3,24,15,112,110,2,0.0125
14,27,3,3,18,26,103,103,2,0.0125
14,28,4,3,23,23,109,110,1,0.00625
14,29,5,3,21,31,116,115,2,0.0125
14,30,6,3,17,20,100,102,1,0.00625
14,31,7,3,20,15,75,77,0,0.0
14,32,0,4,19,23,89,89,0,0.0
14,33,1,4,24,19,113,113,0,0.0
14,34,2,4,22,15,117,116,2,0.0125
14,35,3,4,21,22,106,106,2,0.0125
14,36,4,4,18,16,107,103,3,0.01875
14,37,5,4,20,19,105,103,2,0.0125
14,38,6,4,22,23,111,110,2,0.0125
14,39,7,4,25,19,88,90,1,0.00625
14,40,0,5,16,26,85,84,1,0.00625
14,41,1,5,14,18,94,95,0,0.0
14,42,2,5,25,21,113,112,1,0.00625
14,43,3,5,25,23,104,105,1,0.00625
14,44,4,5,24,21,119,116,3,0.01875
14,45,5,5,26,18,108,109,0,0.0
14,46,6,5,25,19,109,113,0,0.0
14,47,7,5,21,24,85,85,0,0.0
14,48,0,6,15,24,72,71,1,0.00625
14,49,1,6,15,18,88,89,1,0.00625
14,50,2,6,26,16,104,103,1,0.00625
14,51,3,6,19,24,101,102,1,0.00625
14,52,4,6,17,24,109,107,1,0.00625
14,53,5,6,15,24,94,94,1,0.00625
14,54,6,6,18,27,101,103,1,0.00625
14,55,7,6,19,23,79,81,0,0.0
14,56,0,7,26,15,57,57,1,0.00625
14,57,1,7,28,16,89,87,1,0.00625
14,58,2,7,16,17,81,81,2,0.0125
14,59,3,7,27,25,89,88,2,0.0125
14,60,4,7,20,22,94,95,0,0.0
14,61,5,7,23,16,83,83,2,0.0125
14,62,6,7,19,19,82,80,2,0.0125
14,63,7,7,19,21,62,63,0,0.0
15,0,0,0,26,24,68,65,3,0.01875
15,1,1,0,17,26,84,84,0,0.0
15,2,2,0,23,24,81,83,0,0.0
15,3,3,0,25,18,79,79,0,0.0
15,4,4,0,15,23,80,77,2,0.0125
15,5,5,0,22,19,76,75,0,0.0
15,6,6,0,22,22,84,82,2,0.0125
15,7,7,0,15,20,55,54,0,0.0
15,8,0,1,19,15,81,81,0,0.0
15,9,1,1,22,22,112,112,0,0.0
15,10,2,1,19,19,107,107,0,0.0
15,11,3,1,23,20,101,101,0,0.0
15,12,4,1,26,24,117,120,1,0.00625
15,13,5,1,17,19,99,100,1,0.00625
15,14,6,1,14,24,100,99,2,0.0125
15,15,7,1,21,20,77,76,1,0.00625
15,16,0,2,15,22,86,89,0,0.0
15,17,1,2,23,20,110,107,3,0.01875
15,18,2,2,17,21,109,111,0,0.0
15,19,3,2,18,18,93,94,1,0.00625
15,20,4,2,14,21,95,95,2,0.0125
15,21,5,2,19,25,95,96,1,0.00625
15,22,6,2,25,15,98,99,3,0.01875
15,23,7,2,19,16,78,79,2,0.0125
15,24,0,3,14,22,74,76,0,0.0
15,25,1,3,22,17,91,91,0,0.0
15,26,2,3,16,26,99,101,1,0.00625
15,27,3,3,25,20,92,94,1,0.00625
15,28,4,3,21,19,102,100,2,0.0125
15,29,5,3,19,16,90,91,0,0.0
15,30,6,3,26,20,96,95,1,0.00625
15,31,7,3,16,21,83,80,1,0.00625
15,32,0,4,23,14,84,84,1,0.00625
15,33,1,4,23,13,103,103,2,0.0125
15,34,2,4,15,21,104,107,1,0.00625
15,35,3,4,17,18,90,89,0,0.0
15,36,4,4,25,22,115,117,2,0.0125
15,37,5,4,19,23,111,112,1,0.00625
15,38,6,4,20,18,101,101,1,0.00625
15,39,7,4,23,22,87,85,1,0.00625
15,40,0,5,18,26,93,92,2,0.0125
15,41,1,5,20,20,106,105,2,0.0125
15,42,2,5,22,25,113,114,1,0.00625
15,43,3,5,17,16,100,101,0,0.0
15,44,4,5,27,18,111,110,4,0.025
15,45,5,5,19,24,115,114,2,0.0125
15,46,6,5,25,19,113,110,3,0.01875
15,47,7,5,32,16,98,97,1,0.00625
15,48,0,6,27,25,98,97,3,0.01875
15,49,1,6,23,16,110,108,1,0.00625
15,50,2,6,17,18,99,99,2,0.0125
15,51,3,6,25,24,99,101,0,0.0
15,52,4,6,17,15,100,101,1,0.00625
15,53,5,6,17,25,99,100,1,0.00625
15,54,6,6,22,16,98,96,2,0.0125
15,55,7,6,22,25,93,90,2,0.0125
15,56,0,7,20,25,69,70,0,0.0
15,57,1,7,20,23,87,88,1,0.00625
15,58,2,7,12,19,73,75,1,0.00625
15,59,3,7,27,18,77,77,2,0.0125
15,60,4,7,17,23,85,83,1,0.00625
15,61,5,7,18,17,70,72,0,0.0
15,62,6,7,23,15,76,77,1,0.00625
15,63,7,7,18,20,60,61,0,0.0
16,0,0,0,16,14,51,55,0,0.0
16,1,1,0,20,16,75,76,0,0.0
16,2,2,0,20,17,78,77,1,0.00625
16,3,3,0,22,14,79,78,0,0.0
16,4,4,0,16,27,86,90,1,0.00625
16,5,5,0,16,25,77,78,0,0.0
16,6,6,0,26,19,81,82,0,0.0
16,7,7,0,21,27,75,75,0,0.0
16,8,0,1,22,24,77,75,2,0.0125
16,9,1,1,16,16,91,88,3,0.01875
16,10,2,1,23,15,93,95,0,0.0
16,11,3,1,19,21,101,98,0,0.0
16,12,4,1,25,24,114,113,2,0.0125
16,13,5,1,22,16,108,108,1,0.00625
16,14,6,1,20,15,93,94,1,0.00625
16,15,7,1,18,27,88,90,0,0.0
16,16,0,2,27,18,78,77,0,0.0
16,17,1,2,19,18,99,100,1,0.00625
16,18,2,2,19,15,90,88,1,0.00625
16,19,3,2,21,24,100,100,0,0.0
16,20,4,2,10,21,97,99,1,0.00625
16,21,5,2,25,26,112,110,1,0.00625
16,22,6,2,17,25,107,108,2,0.0125
16,23,7,2,23,17,82,83,1,0.00625
16,24,0,3,23,20,77,74,2,0.0125
16,25,1,3,18,27,101,102,1,0.00625
16,26,2,3,21,18,94,95,1,0.00625
16,27,3,3,15,16,88,89,0,0.0
16,28,4,3,22,20,101,104,0,0.0
16,29,5,3,25,9,100,100,1,0.00625
16,30,6,3,18,25,107,110,0,0.0
16,31,7,3,18,21,82,84,0,0.0
16,32,0,4,20,21,68,66,2,0.0125
16,33,1,4,17,19,91,90,2,0.0125
16,34,2,4,15,24,91,90,1,0.00625
16,35,3,4,15,17,84,83,2,0.0125
16,36,4,4,27,19,101,101,0,0.0
16,37,5,4,23,21,110,109,0,0.0
16,38,6,4,21,23,104,105,0,0.0
16,39,7,4,17,21,83,84,2,0.0125
16,40,0,5,23,14,74,75,0,0.0
16,41,1,5,19,20,106,106,2,0.0125
16,42,2,5,23,18,107,107,0,0.0
16,43,3,5,12,16,97,96,0,0.0
16,44,4,5,14,15,91,94,1,0.00625
16,45,5,5,27,24,116,117,0,0.0
16,46,6,5,15,25,106,108,1,0.00625
16,47,7,5,17,22,79,80,0,0.0
16,48,0,6,23,26,83,86,0,0.0
16,49,1,6,22,24,110,111,1,0.00625
16,50,2,6,21,19,108,108,1,0.00625
16,51,3,6,20,23,108,107,0,0.0
16,52,4,6,22,16,103,103,1,0.00625
16,53,5,6,22,19,106,105,1,0.00625
16,54,6,6,22,30,107,108,2,0.0125
16,55,7,6,19,15,79,77,2,0.0125
16,56,0,7,18,17,49,49,0,0.0
16,57,1,7,22,27,81,82,1,0.00625
16,58,2,7,23,26,86,86,0,0.0
16,59,3,7,24,19,83,83,1,0.00625
16,60,4,7,27,21,87,89,1,0.00625
16,61,5,7,23,21,88,83,4,0.025
16,62,6,7,23,20,81,78,2,0.0125
16,63,7,7,19,21,63,62,1,0.00625
17,0,0,0,22,22,58,57,1,0.00625
17,1,1,0,23,23,81,81,0,0.0
17,2,2,0,17,27,80,82,0,0.0
17,3,3,0,17,23,72,70,2,0.0125
17,4,4,0,21,24,78,78,1,0.00625
17,5,5,0,19,22,76,76,1,0.00625
17,6,6,0,21,22,79,78,2,0.0125
17,7,7,0,18,12,49,48,0,0.0
17,8,0,1,13,12,66,66,1,0.00625
17,9,1,1,18,25,90,94,0,0.0
17,10,2,1,19,25,100,97,0,0.0
17,11,3,1,28,15,96,97,1,0.00625
17,12,4,1,20,18,105,106,0,0.0
17,13,5,1,20,20,101,99,1,0.00625
17,14,6,1,18,21,101,100,1,0.00625
17,15,7,1,19,20,69,69,0,0.0
17,16,0,2,22,17,87,86,1,0.00625
17,17,1,2,23,17,106,107,1,0.00625
17,18,2,2,28,18,119,118,1,0.00625
17,19,3,2,24,15,110,109,3,0.01875
17,20,4,2,22,27,122,121,3,0.01875
17,21,5,2,22,20,105,105,3,0.01875
17,22,6,2,22,21,111,110,2,0.0125
17,23,7,2,21,16,70,69,1,0.00625
17,24,0,3,15,22,77,79,0,0.0
17,25,1,3,17,21,96,94,2,0.0125
17,26,2,3,23,22,106,106,0,0.0
17,27,3,3,18,28,105,103,0,0.0
17,28,4,3,22,23,104,101,3,0.01875
17,29,5,3,15,22,98,99,0,0.0
17,30,6,3,24,19,102,101,1,0.00625
17,31,7,3,19,18,74,72,3,0.01875
17,32,0,4,20,17,80,82,1,0.00625
17,33,1,4,25,20,105,104,2,0.0125
17,34,2,4,22,14,104,104,1,0.00625
17,35,3,4,19,24,98,100,1,0.00625
17,36,4,4,18,17,93,93,2,0.0125
17,37,5,4,20,21,99,99,1,0.00625
17,38,6,4,20,19,103,101,2,0.0125
17,39,7,4,23,21,79,76,3,0.01875
17,40,0,5,18,20,82,81,2,0.0125
17,41,1,5,16,20,98,98,3,0.01875
17,42,2,5,26,23,110,108,0,0.0
17,43,3,5,27,20,108,106,2,0.0125
17,44,4,5,20,17,106,107,1,0.00625
17,45,5,5,21,21,105,103,1,0.00625
17,46,6,5,16,16,98,98,0,0.0
17,47,7,5,19,21,69,69,0,0.0
17,48,0,6,16,17,77,76,2,0.0125
17,49,1,6,18,20,96,96,1,0.00625
17,50,2,6,12,16,91,91,0,0.0
17,51,3,6,24,24,97,97,0,0.0
17,52,4,6,14,24,107,106,1,0.00625
17,53,5,6,21,19,101,99,2,0.0125
17,54,6,6,17,16,106,105,2,0.0125
17,55,7,6,22,17,66,71,0,0.0
17,56,0,7,23,23,68,68,1,0.00625
17,57,1,7,26,14,84,85,0,0.0
17,58,2,7,14,15,77,76,2,0.0125
17,59,3,7,25,17,76,76,1,0.00625
17,60,4,7,23,24,94,92,1,0.00625
17,61,5,7,21,17,82,86,1,0.00625
17,62,6,7,11,23,82,83,1,0.00625
17,63,7,7,22,20,53,53,1,0.00625
18,0,0,0,23,17,62,61,0,0.0
18,1,1,0,13,15,75,73,2,0.0125
18,2,2,0,18,18,73,71,1,0.00625
18,3,3,0,16,13,68,69,1,0.00625
18,4,4,0,23,24,81,81,0,0.0
18,5,5,0,21,26,90,88,1,0.00625
18,6,6,0,25,16,83,83,0,0.0
18,7,7,0,20,19,64,65,1,0.00625
18,8,0,1,19,21,78,80,0,0.0
18,9,1,1,23,24,102,102,0,0.0
18,10,2,1,23,15,105,106,1,0.00625
18,11,3,1,23,16,101,101,0,0.0
18,12,4,1,22,13,105,105,0,0.0
18,13,5,1,30,23,121,121,1,0.00625
18,14,6,1,15,20,102,102,0,0.0
18,15,7,1,22,25,82,81,0,0.0
18,16,0,2,19,20,69,69,1,0.00625
18,17,1,2,20,18,87,87,1,0.00625
18,18,2,2,22,25,102,102,2,0.0125
18,19,3,2,21,24,102,103,1,0.00625
18,20,4,2,22,23,107,107,0,0.0
18,21,5,2,22,24,108,111,0,0.0
18,22,6,2,17,25,98,98,3,0.01875
18,23,7,2,15,20,73,74,0,0.0
18,24,0,3,24,16,74,73,1,0.00625
18,25,1,3,23,18,96,97,0,0.0
18,26,2,3,11,18,91,88,2,0.0125
18,27,3,3,19,23,87,87,0,0.0
18,28,4,3,22,24,104,105,0,0.0
18,29,5,3,24,21,111,110,1,0.00625
18,30,6,3,16,23,101,97,3,0.01875
18,31,7,3,18,20,75,76,1,0.00625
18,32,0,4,25,18,79,80,0,0.0
18,33,1,4,20,20,102,103,2,0.0125
18,34,2,4,26,23,112,111,1,0.00625
18,35,3,4,20,13,93,93,1,0.00625
18,36,4,4,18,17,100,99,1,0.00625
18,37,5,4,26,23,117,117,1,0.00625
18,38,6,4,25,20,113,114,2,0.0125
18,39,7,4,18,18,82,86,0,0.0
18,40,0,5,21,20,75,77,1,0.00625
18,41,1,5,18,26,94,96,0,0.0
18,42,2,5,23,23,100,99,2,0.0125
18,43,3,5,18,22,96,99,1,0.00625
18,44,4,5,19,22,98,97,0,0.0
18,45,5,5,16,18,94,93,3,0.01875
18,46,6,5,16,28,92,91,1,0.00625
18,47,7,5,16,27,78,78,0,0.0
18,48,0,6,17,21,71,71,2,0.0125
18,49,1,6,21,22,94,94,1,0.00625
18,50,2,6,21,18,101,100,1,0.00625
18,51,3,6,24,26,108,106,1,0.00625
18,52,4,6,22,22,110,107,3,0.01875
18,53,5,6,14,17,101,102,1,0.00625
18,54,6,6,21,20,92,92,2,0.0125
18,55,7,6,20,15,77,75,1,0.00625
18,56,0,7,15,17,48,49,0,0.0
18,57,1,7,22,18,72,71,1,0.00625
18,58,2,7,18,22,78,77,2,0.0125
18,59,3,7,19,18,70,72,0,0.0
18,60,4,7,27,20,81,84,0,0.0
18,61,5,7,17,18,78,76,2,0.0125
18,62,6,7,22,17,67,68,1,0.00625
18,63,7,7,13,19,53,54,0,0.0
19,0,0,0,14,13,55,55,1,0.00625
19,1,1,0,22,26,91,93,0,0.0
19,2,2,0,27,25,101,102,1,0.00625
19,3,3,0,19,21,94,95,1,0.00625
19,4,4,0,16,19,83,83,1,0.00625
19,5,5,0,21,20,85,87,0,0.0
19,6,6,0,16,19,83,84,1,0.00625
19,7,7,0,24,23,64,65,0,0.0
19,8,0,1,23,27,83,80,2,0.0125
19,9,1,1,25,14,110,108,1,0.00625
19,10,2,1,19,19,105,106,1,0.00625
19,11,3,1,15,29,102,103,0,0.0
19,12,4,1,14,23,90,91,0,0.0
19,13,5,1,25,15,94,94,0,0.0
19,14,6,1,19,23,102,101,2,0.0125
19,15,7,1,17,16,73,73,0,0.0
19,16,0,2,23,23,75,76,1,0.00625
19,17,1,2,21,19,111,110,1,0.00625
19,18,2,2,24,24,113,111,2,0.0125
19,19,3,2,21,21,102,102,2,0.0125
19,20,4,2,25,18,98,100,0,0.0
19,21,5,2,24,14,109,105,0,0.0
19,22,6,2,24,24,108,112,0,0.0
19,23,7,2,23,16,84,84,1,0.00625
19,24,0,3,24,23,85,86,0,0.0
19,25,1,3,19,22,119,121,0,0.0
19,26,2,3,20,23,109,112,0,0.0
19,27,3,3,22,24,112,114,0,0.0
19,28,4,3,24,18,108,111,0,0.0
19,29,5,3,21,28,120,121,0,0.0
19,30,6,3,17,22,99,103,0,0.0
19,31,7,3,25,24,84,84,2,0.0125
19,32,0,4,18,26,79,79,0,0.0
19,33,1,4,17,27,109,111,0,0.0
19,34,2,4,18,21,100,100,2,0.0125
19,35,3,4,21,20,104,106,0,0.0
19,36,4,4,18,26,104,106,1,0.00625
19,37,5,4,24,26,103,106,0,0.0
19,38,6,4,24,22,97,97,1,0.00625
19,39,7,4,18,17,77,76,2,0.0125
19,40,0,5,14,24,64,65,0,0.0
19,41,1,5,15,17,93,92,0,0.0
19,42,2,5,22,16,92,91,2,0.0125
19,43,3,5,21,20,101,101,0,0.0
19,44,4,5,15,23,98,98,0,0.0
19,45,5,5,13,18,84,88,0,0.0
19,46,6,5,18,22,92,91,1,0.00625
19,47,7,5,22,22,83,81,3,0.01875
19,48,0,6,21,16,71,73,0,0.0
19,49,1,6,21,13,104,106,0,0.0
19,50,2,6,17,14,90,92,1,0.00625
19,51,3,6,27,18,106,106,1,0.00625
19,52,4,6,18,21,104,108,1,0.00625
19,53,5,6,18,17,87,89,1,0.00625
19,54,6,6,22,14,90,91,2,0.0125
19,55,7,6,21,18,86,86,1,0.00625
19,56,0,7,26,22,62,60,1,0.00625
19,57,1,7,16,19,72,72,0,0.0
19,58,2,7,20,19,66,69,0,0.0
19,59,3,7,17,17,67,67,0,0.0
19,60,4,7,14,29,75,74,0,0.0
19,61,5,7,20,20,66,67,1,0.00625
19,62,6,7,21,13,68,68,2,0.0125
19,63,7,7,14,25,61,61,0,0.0
20,0,0,0,20,15,50,50,0,0.0
20,1,1,0,29,17,78,78,0,0.0
20,2,2,0,15,13,72,72,0,0.0
20,3,3,0,19,15,66,64,1,0.00625
20,4,4,0,18,21,73,73,0,0.0
20,5,5,0,20,18,68,69,0,0.0
20,6,6,0,21,23,77,76,2,0.0125
20,7,7,0,16,17,53,53,0,0.0
20,8,0,1,22,18,65,65,2,0.0125
20,9,1,1,19,19,86,87,2,0.0125
20,10,2,1,21,30,94,92,3,0.01875
20,11,3,1,18,17,82,80,2,0.0125
20,12,4,1,26,17,95,92,2,0.0125
20,13,5,1,21,18,91,94,0,0.0
20,14,6,1,21,18,97,97,1,0.00625
20,15,7,1,14,18,76,75,1,0.00625
20,16,0,2,22,10,73,73,0,0.0
20,17,1,2,23,24,107,110,0,0.0
20,18,2,2,27,19,104,107,0,0.0
20,19,3,2,14,21,99,100,0,0.0
20,20,4,2,19,17,92,92,1,0.00625
20,21,5,2,18,24,96,96,3,0.01875
20,22,6,2,19,24,106,104,2,0.0125
20,23,7,2,16,22,80,80,1,0.00625
20,24,0,3,21,21,79,80,0,0.0
20,25,1,3,17,26,101,99,1,0.00625
20,26,2,3,17,23,91,91,1,0.00625
20,27,3,3,14,24,95,92,1,0.00625
20,28,4,3,18,16,93,92,1,0.00625
20,29,5,3,21,15,95,92,1,0.00625
20,30,6,3,23,22,110,108,1,0.00625
20,31,7,3,21,21,87,87,1,0.00625
20,32,0,4,24,22,80,79,0,0.0
20,33,1,4,12,21,92,93,0,0.0
20,34,2,4,24,16,81,83,0,0.0
20,35,3,4,18,16,91,90,0,0.0
20,36,4,4,21,13,85,85,0,0.0
20,37,5,4,14,20,87,87,0,0.0
20,38,6,4,22,22,97,98,0,0.0
20,39,7,4,14,23,81,83,0,0.0
20,40,0,5,20,15,81,77,1,0.00625
20,41,1,5,18,26,106,104,1,0.00625
20,42,2,5,18,12,92,97,0,0.0
20,43,3,5,19,27,110,110,1,0.00625
20,44,4,5,20,16,103,103,0,0.0
20,45,5,5,9,19,94,92,1,0.00625
20,46,6,5,17,15,92,90,3,0.01875
20,47,7,5,29,22,89,90,2,0.0125
20,48,0,6,20,27,81,80,1,0.00625
20,49,1,6,10,17,84,82,2,0.0125
20,50,2,6,15,17,75,76,0,0.0
20,51,3,6,19,21,86,87,1,0.00625
20,52,4,6,26,17,100,100,0,0.0
20,53,5,6,18,18,96,95,1,0.00625
20,54,6,6,20,9,81,82,0,0.0
20,55,7,6,16,18,70,70,1,0.00625
20,56,0,7,17,18,47,49,0,0.0
20,57,1,7,14,23,70,71,0,0.0
20,58,2,7,16,14,60,59,1,0.00625
20,59,3,7,23,18,72,71,0,0.0
20,60,4,7,25,20,85,81,2,0.0125
20,61,5,7,19,22,78,78,0,0.0
20,62,6,7,19,19,71,72,0,0.0
20,63,7,7,14,19,53,53,0,0.0
21,0,0,0,27,15,61,62,1,0.00625
21,1,1,0,25,14,84,83,1,0.00625
21,2,2,0,23,22,87,87,0,0.0
21,3,3,0,18,22,82,81,3,0.01875
21,4,4,0,20,23,79,77,3,0.01875
21,5,5,0,19,25,86,84,1,0.00625
21,6,6,0,14,15,67,70,0,0.0
21,7,7,0,21,21,57,56,0,0.0
21,8,0,1,20,17,78,79,2,0.0125
21,9,1,1,25,24,112,110,1,0.00625
21,10,2,1,17,26,111,112,0,0.0
21,11,3,1,18,22,101,100,2,0.0125
21,12,4,1,19,17,96,99,0,0.0
21,13,5,1,21,20,107,105,2,0.0125
21,14,6,1,21,18,93,95,0,0.0
21,15,7,1,20,16,75,75,1,0.00625
21,16,0,2,24,22,88,88,0,0.0
21,17,1,2,21,22,109,107,0,0.0
21,18,2,2,29,23,120,120,1,0.00625
21,19,3,2,20,15,111,111,1,0.00625
21,20,4,2,22,15,110,107,2,0.0125
21,21,5,2,15,19,103,104,2,0.0125
21,22,6,2,23,19,93,94,1,0.00625
21,23,7,2,24,19,86,85,1,0.00625
21,24,0,3,21,23,80,78,1,0.00625
21,25,1,3,17,23,95,95,1,0.00625
21,26,2,3,24,22,101,101,0,0.0
21,27,3,3,19,30,107,107,1,0.00625
21,28,4,3,15,18,94,92,0,0.0
21,29,5,3,24,24,101,101,1,0.00625
21,30,6,3,23,16,93,94,1,0.00625
21,31,7,3,19,21,83,84,1,0.00625
21,32,0,4,20,17,71,70,2,0.0125
21,33,1,4,26,21,99,97,1,0.00625
21,34,2,4,28,18,110,108,2,0.0125
21,35,3,4,22,22,109,106,2,0.0125
21,36,4,4,23,17,108,105,1,0.00625
21,37,5,4,14,14,93,91,1,0.00625
21,38,6,4,15,22,89,88,0,0.0
21,39,7,4,18,24,77,77,0,0.0
21,40,0,5,18,17,82,83,2,0.0125
21,41,1,5,17,20,103,104,2,0.0125
21,42,2,5,13,26,106,102,2,0.0125
21,43,3,5,14,25,101,100,1,0.00625
21,44,4,5,18,20,108,107,2,0.0125
21,45,5,5,13,22,107,106,1,0.00625
21,46,6,5,22,17,95,98,1,0.00625
21,47,7,5,27,18,85,87,0,0.0
21,48,0,6,22,27,89,87,1,0.00625
21,49,1,6,22,21,99,101,0,0.0
21,50,2,6,12,19,99,97,1,0.00625
21,51,3,6,14,11,74,75,1,0.00625
21,52,4,6,21,16,98,98,0,0.0
21,53,5,6,20,20,108,108,1,0.00625
21,54,6,6,23,11,93,92,1,0.00625
21,55,7,6,23,22,85,84,1,0.00625
21,56,0,7,17,23,59,58,1,0.00625
21,57,1,7,24,21,80,79,0,0.0
21,58,2,7,20,23,85,84,1,0.00625
21,59,3,7,25,8,71,70,1,0.00625
21,60,4,7,20,13,71,76,0,0.0
21,61,5,7,14,25,78,79,1,0.00625
21,62,6,7,17,21,68,68,1,0.00625
21,63,7,7,16,19,52,52,0,0.0
22,0,0,0,24,18,60,60,0,0.0
22,1,1,0,25,30,102,100,1,0.00625
22,2,2,0,18,16,81,78,2,0.0125
22,3,3,0,26,16,81,83,2,0.0125
22,4,4,0,14,19,82,82,2,0.0125
22,5,5,0,20,15,72,74,0,0.0
22,6,6,0,28,18,92,88,2,0.0125
22,7,7,0,21,15,63,63,0,0.0
22,8,0,1,19,21,74,76,0,0.0
22,9,1,1,19,26,114,116,1,0.00625
22,10,2,1,26,21,106,104,2,0.0125
22,11,3,1,15,19,96,97,1,0.00625
22,12,4,1,21,28,105,104,1,0.00625
22,13,5,1,17,13,94,93,2,0.0125
22,14,6,1,24,22,111,107,4,0.025
22,15,7,1,24,25,86,85,1,0.00625
22,16,0,2,13,19,65,64,1,0.00625
22,17,1,2,16,19,95,94,1,0.00625
22,18,2,2,18,21,83,83,0,0.0
22,19,3,2,26,25,101,99,2,0.0125
22,20,4,2,16,15,89,88,3,0.01875
22,21,5,2,19,22,90,90,0,0.0
22,22,6,2,27,22,108,108,0,0.0
22,23,7,2,20,21,79,79,1,0.00625
22,24,0,3,22,15,73,72,0,0.0
22,25,1,3,16,13,103,103,1,0.00625
22,26,2,3,16,15,84,85,0,0.0
22,27,3,3,22,19,96,98,1,0.00625
22,28,4,3,17,25,103,104,1,0.00625
22,29,5,3,18,16,88,90,0,0.0
22,30,6,3,16,20,97,98,1,0.00625
22,31,7,3,18,26,74,74,1,0.00625
22,32,0,4,19,19,70,70,0,0.0
22,33,1,4,22,21,109,109,1,0.00625
22,34,2,4,23,14,92,93,1,0.00625
22,35,3,4,17,21,99,100,2,0.0125
22,36,4,4,17,23,97,98,1,0.00625
22,37,5,4,15,17,86,86,1,0.00625
22,38,6,4,16,20,89,90,1,0.00625
22,39,7,4,22,16,67,65,1,0.00625
22,40,0,5,15,17,74,75,2,0.0125
22,41,1,5,20,19,108,110,1,0.00625
22,42,2,5,20,18,100,102,2,0.0125
22,43,3,5,18,25,106,107,0,0.0
22,44,4,5,20,20,99,102,0,0.0
22,45,5,5,18,19,95,96,1,0.00625
22,46,6,5,18,14,92,92,0,0.0
22,47,7,5,23,16,71,68,1,0.00625
22,48,0,6,15,29,74,76,0,0.0
22,49,1,6,22,13,96,94,1,0.00625
22,50,2,6,24,21,89,88,2,0.0125
22,51,3,6,20,23,100,100,1,0.00625
22,52,4,6,22,16,90,90,0,0.0
22,53,5,6,17,20,88,88,1,0.00625
22,54,6,6,13,18,83,85,0,0.0
22,55,7,6,13,19,63,63,1,0.00625
22,56,0,7,30,13,63,63,1,0.00625
22,57,1,7,15,15,79,78,2,0.0125
22,58,2,7,19,15,68,67,1,0.00625
22,59,3,7,18,23,78,79,1,0.00625
22,60,4,7,15,22,74,74,0,0.0
22,61,5,7,21,19,79,76,2,0.0125
22,62,6,7,15,17,76,75,1,0.00625
22,63,7,7,22,14,53,53,0,0.0
23,0,0,0,24,22,70,70,1,0.00625
23,1,1,0,15,23,85,87,0,0.0
23,2,2,0,16,16,70,72,0,0.0
23,3,3,0,23,19,79,81,0,0.0
23,4,4,0,23,23,92,92,2,0.0125
23,5,5,0,16,14,72,70,2,0.0125
23,6,6,0,23,19,76,78,1,0.00625
23,7,7,0,22,14,61,61,1,0.00625
23,8,0,1,20,23,86,86,0,0.0
23,9,1,1,13,23,97,97,0,0.0
23,10,2,1,13,19,79,82,1,0.00625
23,11,3,1,18,16,87,87,2,0.0125
23,12,4,1,19,21,103,102,2,0.0125
23,13,5,1,11,22,85,87,1,0.00625
23,14,6,1,21,14,82,86,1,0.00625
23,15,7,1,21,29,85,86,2,0.0125
23,16,0,2,16,22,77,77,0,0.0
23,17,1,2,19,20,95,97,0,0.0
23,18,2,2,19,15,90,90,1,0.00625
23,19,3,2,16,16,89,92,0,0.0
23,20,4,2,20,18,97,101,1,0.00625
23,21,5,2,27,21,99,100,1,0.00625
23,22,6,2,24,10,92,90,3,0.01875
23,23,7,2,18,25,83,83,2,0.0125
23,24,0,3,24,22,79,81,0,0.0
23,25,1,3,20,18,99,97,2,0.0125
23,26,2,3,24,19,97,93,4,0.025
23,27,3,3,16,21,95,93,0,0.0
23,28,4,3,22,18,95,96,0,0.0
23,29,5,3,15,23,90,91,0,0.0
23,30,6,3,21,21,92,90,0,0.0
23,31,7,3,16,27,78,78,0,0.0
23,32,0,4,19,15,79,78,1,0.00625
23,33,1,4,19,27,111,112,1,0.00625
23,34,2,4,15,21,94,94,2,0.0125
23,35,3,4,18,21,94,97,0,0.0
23,36,4,4,13,17,94,95,2,0.0125
23,37,5,4,24,22,98,100,0,0.0
23,38,6,4,27,16,108,108,1,0.00625
23,39,7,4,23,18,86,84,2,0.0125
23,40,0,5,21,25,85,86,1,0.00625
23,41,1,5,23,17,103,102,1,0.00625
23,42,2,5,21,19,97,99,0,0.0
23,43,3,5,20,15,93,92,2,0.0125
23,44,4,5,23,18,105,104,0,0.0
23,45,5,5,21,15,93,95,0,0.0
23,46,6,5,23,23,106,107,1,0.00625
23,47,7,5,25,24,87,89,0,0.0
23,48,0,6,14,19,73,72,1,0.00625
23,49,1,6,17,20,90,90,2,0.0125
23,50,2,6,19,20,96,96,3,0.01875
23,51,3,6,20,18,95,95,0,0.0
23,52,4,6,21,21,105,104,1,0.00625
23,53,5,6,20,21,92,93,1,0.00625
23,54,6,6,11,23,86,84,1,0.00625
23,55,7,6,19,20,67,68,1,0.00625
23,56,0,7,19,18,57,58,0,0.0
23,57,1,7,17,14,70,70,0,0.0
23,58,2,7,16,20,74,76,0,0.0
23,59,3,7,23,21,83,82,0,0.0
23,60,4,7,14,22,81,80,1,0.00625
23,61,5,7,13,21,64,68,0,0.0
23,62,6,7,20,21,73,73,1,0.00625
23,63,7,7,19,14,50,50,0,0.0
24,0,0,0,20,22,58,59,0,0.0
24,1,1,0,21,20,77,76,1,0.00625
24,2,2,0,10,20,66,67,0,0.0
24,3,3,0,15,20,63,62,0,0.0
24,4,4,0,24,19,74,76,1,0.00625
24,5,5,0,24,15,80,80,1,0.00625
24,6,6,0,22,17,78,78,1,0.00625
24,7,7,0,15,25,61,60,0,0.0
24,8,0,1,23,17,82,78,3,0.01875
24,9,1,1,13,23,99,99,0,0.0
24,10,2,1,32,19,110,107,2,0.0125
24,11,3,1,15,10,100,101,0,0.0
24,12,4,1,15,16,88,86,2,0.0125
24,13,5,1,16,28,91,91,1,0.00625
24,14,6,1,16,23,92,91,0,0.0
24,15,7,1,18,19,80,82,0,0.0
24,16,0,2,22,21,81,82,0,0.0
24,17,1,2,20,17,95,94,1,0.00625
24,18,2,2,15,12,85,85,0,0.0
24,19,3,2,19,29,102,99,3,0.01875
24,20,4,2,17,19,89,87,2,0.0125
24,21,5,2,20,13,81,82,0,0.0
24,22,6,2,20,15,96,97,1,0.00625
24,23,7,2,15,16,77,78,0,0.0
24,24,0,3,16,15,72,72,0,0.0
24,25,1,3,23,18,93,94,2,0.0125
24,26,2,3,20,22,102,104,0,0.0
24,27,3,3,16,14,88,90,1,0.00625
24,28,4,3,18,17,84,82,2,0.0125
24,29,5,3,18,13,80,79,1,0.00625
24,30,6,3,18,26,95,96,0,0.0
24,31,7,3,17,18,79,78,1,0.00625
24,32,0,4,22,16,85,87,1,0.00625
24,33,1,4,25,14,106,105,1,0.00625
24,34,2,4,30,23,125,126,0,0.0
24,35,3,4,25,23,121,120,0,0.0
24,36,4,4,21,13,96,95,2,0.0125
24,37,5,4,21,17,95,91,2,0.0125
24,38,6,4,16,14,90,89,1,0.00625
24,39,7,4,19,20,76,79,0,0.0
24,40,0,5,18,22,89,87,1,0.00625
24,41,1,5,19,24,103,101,2,0.0125
24,42,2,5,21,29,115,114,0,0.0
24,43,3,5,20,29,120,122,0,0.0
24,44,4,5,22,20,105,104,0,0.0
24,45,5,5,20,16,100,97,2,0.0125
24,46,6,5,26,20,110,108,2,0.0125
24,47,7,5,23,18,88,89,0,0.0
24,48,0,6,23,24,89,89,0,0.0
24,49,1,6,20,20,101,101,2,0.0125
24,50,2,6,23,19,100,101,2,0.0125
24,51,3,6,16,25,106,103,2,0.0125
24,52,4,6,20,19,90,89,3,0.01875
24,53,5,6,25,21,102,102,1,0.00625
24,54,6,6,17,18,102,102,2,0.0125
24,55,7,6,18,26,85,83,3,0.01875
24,56,0,7,21,18,62,61,0,0.0
24,57,1,7,22,22,88,87,1,0.00625
24,58,2,7,25,21,87,87,1,0.00625
24,59,3,7,17,21,85,85,0,0.0
24,60,4,7,15,15,68,69,0,0.0
24,61,5,7,23,22,85,85,0,0.0
24,62,6,7,24,26,93,95,0,0.0
24,63,7,7,26,14,63,62,1,0.00625
25,0,0,0,21,23,62,60,1,0.00625
25,1,1,0,18,17,70,71,1,0.00625
25,2,2,0,21,24,80,81,0,0.0
25,3,3,0,24,21,81,81,0,0.0
25,4,4,0,18,17,74,74,0,0.0
25,5,5,0,14,19,67,67,1,0.00625
25,6,6,0,26,17,78,77,1,0.00625
25,7,7,0,18,25,69,67,2,0.0125
25,8,0,1,14,17,79,81,1,0.00625
25,9,1,1,22,20,93,95,0,0.0
25,10,2,1,23,17,105,106,1,0.00625
25,11,3,1,17,23,103,102,0,0.0
25,12,4,1,28,22,102,103,2,0.0125
25,13,5,1,21,17,104,104,0,0.0
25,14,6,1,17,18,93,95,0,0.0
25,15,7,1,20,26,90,88,1,0.00625
25,16,0,2,19,21,81,82,0,0.0
25,17,1,2,19,22,91,91,1,0.00625
25,18,2,2,18,21,98,99,1,0.00625
25,19,3,2,19,26,103,105,1,0.00625
25,20,4,2,24,15,97,98,1,0.00625
25,21,5,2,19,25,110,108,0,0.0
25,22,6,2,22,19,97,95,1,0.00625
25,23,7,2,21,19,86,87,0,0.0
25,24,0,3,27,18,87,85,1,0.00625
25,25,1,3,26,18,100,103,0,0.0
25,26,2,3,20,18,102,103,0,0.0
25,27,3,3,17,17,90,90,1,0.00625
25,28,4,3,25,22,99,99,2,0.0125
25,29,5,3,19,26,101,101,0,0.0
25,30,6,3,23,16,92,93,1,0.00625
25,31,7,3,14,23,83,83,2,0.0125
25,32,0,4,15,19,69,70,0,0.0
25,33,1,4,23,26,89,89,2,0.0125
25,34,2,4,20,25,103,97,4,0.025
25,35,3,4,20,18,91,90,1,0.00625
25,36,4,4,20,18,90,93,0,0.0
25,37,5,4,20,22,92,94,1,0.00625
25,38,6,4,20,22,99,97,2,0.0125
25,39,7,4,19,21,84,83,2,0.0125
25,40,0,5,21,13,86,89,0,0.0
25,41,1,5,21,15,102,105,1,0.00625
25,42,2,5,20,22,115,114,0,0.0
25,43,3,5,23,19,108,106,1,0.00625
25,44,4,5,19,25,110,112,0,0.0
25,45,5,5,11,22,99,97,2,0.0125
25,46,6,5,17,22,97,98,2,0.0125
25,47,7,5,26,20,92,92,0,0.0
25,48,0,6,16,27,89,88,1,0.00625
25,49,1,6,21,23,97,96,2,0.0125
25,50,2,6,17,24,108,107,2,0.0125
25,51,3,6,21,19,101,104,1,0.00625
25,52,4,6,15,23,104,105,1,0.00625
25,53,5,6,18,22,98,97,1,0.00625
25,54,6,6,25,11,97,96,3,0.01875
25,55,7,6,22,18,87,89,0,0.0
25,56,0,7,16,21,62,61,1,0.00625
25,57,1,7,22,17,79,80,2,0.0125
25,58,2,7,18,19,88,87,1,0.00625
25,59,3,7,19,19,82,84,0,0.0
25,60,4,7,19,18,83,81,2,0.0125
25,61,5,7,22,15,82,79,3,0.01875
25,62,6,7,23,17,91,87,2,0.0125
25,63,7,7,25,23,72,72,1,0.00625
26,0,0,0,15,25,61,59,3,0.01875
26,1,1,0,23,13,73,71,2,0.0125
26,2,2,0,26,19,89,85,4,0.025
26,3,3,0,17,18,78,78,0,0.0
26,4,4,0,16,26,78,78,1,0.00625
26,5,5,0,16,20,72,72,0,0.0
26,6,6,0,24,25,79,81,1,0.00625
26,7,7,0,18,20,62,63,2,0.0125
26,8,0,1,25,19,83,82,2,0.0125
26,9,1,1,22,14,89,87,2,0.0125
26,10,2,1,20,23,99,100,0,0.0
26,11,3,1,21,20,97,97,2,0.0125
26,12,4,1,17,20,102,103,1,0.00625
26,13,5,1,15,17,92,90,2,0.0125
26,14,6,1,16,12,89,89,0,0.0
26,15,7,1,20,22,78,78,1,0.00625
26,16,0,2,17,15,77,75,2,0.0125
26,17,1,2,17,23,90,90,2,0.0125
26,18,2,2,22,19,98,96,2,0.0125
26,19,3,2,23,19,98,95,2,0.0125
26,20,4,2,19,21,105,106,1,0.00625
26,21,5,2,24,21,103,105,1,0.00625
26,22,6,2,21,18,105,106,2,0.0125
26,23,7,2,18,17,74,74,0,0.0
26,24,0,3,13,18,76,77,1,0.00625
26,25,1,3,23,19,89,87,2,0.0125
26,26,2,3,19,16,98,98,1,0.00625
26,27,3,3,25,23,103,104,0,0.0
26,28,4,3,18,21,110,111,1,0.00625
26,29,5,3,15,19,95,94,1,0.00625
26,30,6,3,21,26,107,106,0,0.0
26,31,7,3,22,21,86,86,1,0.00625
26,32,0,4,19,19,91,88,2,0.0125
26,33,1,4,19,14,89,91,0,0.0
26,34,2,4,21,24,105,112,0,0.0
26,35,3,4,18,19,102,101,1,0.00625
26,36,4,4,25,26,117,114,1,0.00625
26,37,5,4,18,18,104,105,0,0.0
26,38,6,4,21,16,97,97,2,0.0125
26,39,7,4,19,25,82,82,1,0.00625
26,40,0,5,18,23,87,86,0,0.0
26,41,1,5,24,19,93,93,0,0.0
26,42,2,5,20,20,102,101,3,0.01875
26,43,3,5,25,25,104,103,0,0.0
26,44,4,5,23,14,110,108,1,0.00625
26,45,5,5,11,22,96,100,1,0.00625
26,46,6,5,21,18,93,91,2,0.0125
26,47,7,5,21,16,77,74,1,0.00625
26,48,0,6,25,21,94,96,0,0.0
26,49,1,6,24,19,102,105,0,0.0
26,50,2,6,20,24,107,107,2,0.0125
26,51,3,6,19,18,89,90,0,0.0
26,52,4,6,28,24,113,114,0,0.0
26,53,5,6,20,21,110,108,1,0.00625
26,54,6,6,23,13,92,93,1,0.00625
26,55,7,6,18,20,79,79,1,0.00625
26,56,0,7,14,22,62,62,0,0.0
26,57,1,7,22,26,90,89,2,0.0125
26,58,2,7,16,23,87,88,0,0.0
26,59,3,7,26,19,87,86,0,0.0
26,60,4,7,21,21,93,93,1,0.00625
26,61,5,7,19,28,91,93,0,0.0
26,62,6,7,18,18,78,81,0,0.0
26,63,7,7,23,22,65,66,0,0.0
27,0,0,0,20,19,56,60,0,0.0
27,1,1,0,24,21,84,83,2,0.0125
27,2,2,0,18,28,89,92,0,0.0
27,3,3,0,20,15,76,76,0,0.0
27,4,4,0,28,20,90,88,1,0.00625
27,5,5,0,27,18,97,97,2,0.0125
27,6,6,0,21,17,88,89,0,0.0
27,7,7,0,21,14,58,60,0,0.0
27,8,0,1,19,19,75,75,1,0.00625
27,9,1,1,22,20,103,103,1,0.00625
27,10,2,1,26,23,116,117,0,0.0
27,11,3,1,9,22,86,89,0,0.0
27,12,4,1,25,19,88,87,2,0.0125
27,13,5,1,18,25,99,102,0,0.0
27,14,6,1,23,28,100,96,2,0.0125
27,15,7,1,12,23,71,72,1,0.00625
27,16,0,2,28,18,78,80,0,0.0
27,17,1,2,20,18,106,105,2,0.0125
27,18,2,2,20,27,115,115,2,0.0125
27,19,3,2,17,27,98,99,2,0.0125
27,20,4,2,12,11,80,79,1,0.00625
27,21,5,2,20,23,93,89,3,0.01875
27,22,6,2,17,17,90,91,0,0.0
27,23,7,2,19,19,74,71,2,0.0125
27,24,0,3,18,18,73,72,2,0.0125
27,25,1,3,20,28,109,111,0,0.0
27,26,2,3,21,21,112,111,1,0.00625
27,27,3,3,21,19,98,92,5,0.03125
27,28,4,3,17,19,97,96,0,0.0
27,29,5,3,23,10,90,92,0,0.0
27,30,6,3,16,20,98,97,2,0.0125
27,31,7,3,24,17,73,69,3,0.01875
27,32,0,4,14,21,61,64,0,0.0
27,33,1,4,16,15,86,83,2,0.0125
27,34,2,4,16,20,100,100,0,0.0
27,35,3,4,19,19,83,85,0,0.0
27,36,4,4,21,18,98,97,3,0.01875
27,37,5,4,22,20,95,94,1,0.00625
27,38,6,4,20,20,95,97,1,0.00625
27,39,7,4,14,13,69,70,1,0.00625
27,40,0,5,18,17,68,67,1,0.00625
27,41,1,5,23,14,96,95,1,0.00625
27,42,2,5,22,16,108,108,1,0.00625
27,43,3,5,15,15,83,84,0,0.0
27,44,4,5,14,21,88,89,0,0.0
27,45,5,5,14,22,84,84,0,0.0
27,46,6,5,22,22,92,93,1,0.00625
27,47,7,5,15,22,80,82,0,0.0
27,48,0,6,22,19,67,68,0,0.0
27,49,1,6,17,18,92,91,1,0.00625
27,50,2,6,22,22,107,108,1,0.00625
27,51,3,6,20,21,96,94,0,0.0
27,52,4,6,22,16,97,94,2,0.0125
27,53,5,6,18,17,88,88,2,0.0125
27,54,6,6,16,11,86,85,2,0.0125
27,55,7,6,18,24,78,79,1,0.00625
27,56,0,7,20,15,51,52,1,0.00625
27,57,1,7,29,20,87,89,0,0.0
27,58,2,7,15,22,82,80,2,0.0125
27,59,3,7,22,22,77,77,0,0.0
27,60,4,7,16,19,78,78,1,0.00625
27,61,5,7,23,19,80,79,1,0.00625
27,62,6,7,19,20,80,79,2,0.0125
27,63,7,7,19,22,58,58,0,0.0
28,0,0,0,28,25,66,66,0,0.0
28,1,1,0,24,21,85,88,0,0.0
28,2,2,0,23,17,75,73,1,0.00625
28,3,3,0,16,15,68,65,2,0.0125
28,4,4,0,15,21,64,65,1,0.00625
28,5,5,0,20,23,66,67,1,0.00625
28,6,6,0,21,27,80,77,1,0.00625
28,7,7,0,13,23,55,55,0,0.0
28,8,0,1,19,14,76,79,0,0.0
28,9,1,1,21,30,111,112,1,0.00625
28,10,2,1,23,25,105,105,1,0.00625
28,11,3,1,19,22,103,101,0,0.0
28,12,4,1,20,17,94,95,2,0.0125
28,13,5,1,19,14,95,92,1,0.00625
28,14,6,1,18,22,102,103,1,0.00625
28,15,7,1,22,23,81,81,0,0.0
28,16,0,2,22,20,96,94,1,0.00625
28,17,1,2,26,21,117,117,2,0.0125
28,18,2,2,21,20,107,107,1,0.00625
28,19,3,2,21,25,110,112,1,0.00625
28,20,4,2,26,17,107,107,0,0.0
28,21,5,2,23,18,108,111,1,0.00625
28,22,6,2,24,19,111,111,1,0.00625
28,23,7,2,24,19,85,84,1,0.00625
28,24,0,3,33,23,106,105,2,0.0125
28,25,1,3,22,21,123,122,0,0.0
28,26,2,3,31,25,118,118,2,0.0125
28,27,3,3,24,24,120,125,0,0.0
28,28,4,3,19,21,107,108,1,0.00625
28,29,5,3,23,23,113,112,1,0.00625
28,30,6,3,15,22,106,107,0,0.0
28,31,7,3,24,24,81,86,0,0.0
28,32,0,4,22,22,92,90,1,0.00625
28,33,1,4,18,32,111,111,1,0.00625
28,34,2,4,24,20,94,94,0,0.0
28,35,3,4,20,32,110,110,0,0.0
28,36,4,4,20,27,100,102,1,0.00625
28,37,5,4,26,18,107,107,1,0.00625
28,38,6,4,11,24,101,102,0,0.0
28,39,7,4,20,17,68,69,0,0.0
28,40,0,5,21,17,81,82,0,0.0
28,41,1,5,30,21,109,110,0,0.0
28,42,2,5,18,19,101,99,1,0.00625
28,43,3,5,23,23,101,102,1,0.00625
28,44,4,5,21,21,102,102,1,0.00625
28,45,5,5,20,23,107,103,3,0.01875
28,46,6,5,26,24,107,107,2,0.0125
28,47,7,5,21,15,78,76,2,0.0125
28,48,0,6,26,14,87,81,3,0.01875
28,49,1,6,21,19,107,107,1,0.00625
28,50,2,6,16,28,100,99,0,0.0
28,51,3,6,21,18,89,89,2,0.0125
28,52,4,6,14,23,95,96,2,0.0125
28,53,5,6,15,21,96,99,0,0.0
28,54,6,6,19,18,93,92,2,0.0125
28,55,7,6,18,24,82,81,1,0.00625
28,56,0,7,23,16,67,66,1,0.00625
28,57,1,7,16,25,88,87,1,0.00625
28,58,2,7,19,20,77,80,0,0.0
28,59,3,7,20,19,80,79,1,0.00625
28,60,4,7,24,22,88,88,1,0.00625
28,61,5,7,18,19,84,86,0,0.0
28,62,6,7,19,16,80,80,1,0.00625
28,63,7,7,24,17,62,61,0,0.0
29,0,0,0,23,24,68,67,0,0.0
29,1,1,0,14,20,77,77,1,0.00625
29,2,2,0,24,17,78,80,0,0.0
29,3,3,0,13,25,81,85,0,0.0
29,4,4,0,26,17,78,78,1,0.00625
29,5,5,0,15,18,82,83,0,0.0
29,6,6,0,18,15,68,69,1,0.00625
29,7,7,0,21,17,54,53,1,0.00625
29,8,0,1,17,19,85,83,1,0.00625
29,9,1,1,19,20,94,95,0,0.0
29,10,2,1,15,17,91,90,2,0.0125
29,11,3,1,17,27,106,107,0,0.0
29,12,4,1,20,13,93,94,1,0.00625
29,13,5,1,17,30,109,111,0,0.0
29,14,6,1,10,15,81,84,0,0.0
29,15,7,1,23,14,66,67,0,0.0
29,16,0,2,26,21,92,90,2,0.0125
29,17,1,2,12,16,87,89,0,0.0
29,18,2,2,15,18,76,77,2,0.0125
29,19,3,2,23,12,93,93,0,0.0
29,20,4,2,22,18,101,101,0,0.0
29,21,5,2,19,23,101,102,1,0.00625
29,22,6,2,24,18,93,95,0,0.0
29,23,7,2,15,11,69,73,0,0.0
29,24,0,3,17,22,86,87,2,0.0125
29,25,1,3,21,26,102,101,1,0.00625
29,26,2,3,23,12,94,94,1,0.00625
29,27,3,3,21,14,108,106,2,0.0125
29,28,4,3,20,24,109,110,1,0.00625
29,29,5,3,19,26,105,105,0,0.0
29,30,6,3,15,18,94,95,1,0.00625
29,31,7,3,22,25,83,82,1,0.00625
29,32,0,4,23,25,94,95,0,0.0
29,33,1,4,16,18,95,97,1,0.00625
29,34,2,4,21,23,101,98,2,0.0125
29,35,3,4,21,24,119,117,0,0.0
29,36,4,4,27,17,114,112,3,0.01875
29,37,5,4,19,18,106,106,1,0.00625
29,38,6,4,19,20,102,100,1,0.00625
29,39,7,4,25,17,75,74,1,0.00625
29,40,0,5,17,23,82,82,0,0.0
29,41,1,5,19,23,95,96,0,0.0
29,42,2,5,19,15,83,86,1,0.00625
29,43,3,5,18,24,103,102,1,0.00625
29,44,4,5,23,20,95,94,2,0.0125
29,45,5,5,27,26,104,107,0,0.0
29,46,6,5,21,18,104,104,0,0.0
29,47,7,5,14,15,70,71,1,0.00625
29,48,0,6,22,21,82,87,1,0.00625
29,49,1,6,15,18,90,90,0,0.0
29,50,2,6,17,22,87,87,2,0.0125
29,51,3,6,21,18,102,103,1,0.00625
29,52,4,6,19,17,96,96,3,0.01875
29,53,5,6,11,21,82,80,1,0.00625
29,54,6,6,23,31,97,99,1,0.00625
29,55,7,6,19,22,82,79,2,0.0125
29,56,0,7,16,20,58,59,0,0.0
29,57,1,7,12,23,75,76,0,0.0
29,58,2,7,26,16,82,81,1,0.00625
29,59,3,7,18,16,84,85,1,0.00625
29,60,4,7,15,21,77,76,2,0.0125
29,61,5,7,16,15,69,68,1,0.00625
29,62,6,7,19,11,68,70,0,0.0
29,63,7,7,24,21,64,63,0,0.0
30,0,0,0,24,21,57,57,0,0.0
30,1,1,0,21,19,78,78,0,0.0
30,2,2,0,23,20,77,74,1,0.00625
30,3,3,0,28,20,81,80,1,0.00625
30,4,4,0,21,24,83,83,0,0.0
30,5,5,0,23,13,70,68,2,0.0125
30,6,6,0,19,15,72,72,2,0.0125
30,7,7,0,14,19,55,55,2,0.0125
30,8,0,1,18,12,65,65,0,0.0
30,9,1,1,19,24,97,94,2,0.0125
30,10,2,1,21,21,99,95,5,0.03125
30,11,3,1,26,18,98,97,1,0.00625
30,12,4,1,20,25,103,103,1,0.00625
30,13,5,1,25,19,89,87,2,0.0125
30,14,6,1,17,21,94,93,1,0.00625
30,15,7,1,14,21,76,71,3,0.01875
30,16,0,2,16,17,72,76,0,0.0
30,17,1,2,13,17,92,91,1,0.00625
30,18,2,2,11,19,93,93,1,0.00625
30,19,3,2,18,23,95,96,0,0.0
30,20,4,2,20,24,106,107,0,0.0
30,21,5,2,22,17,98,98,0,0.0
30,22,6,2,23,24,112,110,2,0.0125
30,23,7,2,26,16,84,82,1,0.00625
30,24,0,3,23,20,83,84,2,0.0125
30,25,1,3,14,19,94,95,1,0.00625
30,26,2,3,23,12,94,96,0,0.0
30,27,3,3,20,11,95,96,0,0.0
30,28,4,3,25,18,107,107,1,0.00625
30,29,5,3,30,20,112,110,1,0.00625
30,30,6,3,22,24,113,111,2,0.0125
30,31,7,3,25,18,85,83,1,0.00625
30,32,0,4,30,21,96,93,2,0.0125
30,33,1,4,9,25,105,106,0,0.0
30,34,2,4,19,13,86,87,2,0.0125
30,35,3,4,18,25,99,102,0,0.0
30,36,4,4,29,23,112,113,1,0.00625
30,37,5,4,20,26,111,112,1,0.00625
30,38,6,4,26,29,113,112,3,0.01875
30,39,7,4,23,18,91,88,2,0.0125
30,40,0,5,25,24,86,87,0,0.0
30,41,1,5,21,30,114,109,2,0.0125
30,42,2,5,28,9,97,98,1,0.00625
30,43,3,5,25,18,102,100,2,0.0125
30,44,4,5,16,20,97,97,1,0.00625
30,45,5,5,20,29,99,100,1,0.00625
30,46,6,5,13,23,89,91,0,0.0
30,47,7,5,17,26,77,79,0,0.0
30,48,0,6,20,19,79,77,2,0.0125
30,49,1,6,16,21,95,94,0,0.0
30,50,2,6,15,19,90,90,2,0.0125
30,51,3,6,15,25,88,88,0,0.0
30,52,4,6,16,21,88,90,0,0.0
30,53,5,6,13,17,80,80,2,0.0125
30,54,6,6,20,20,89,88,2,0.0125
30,55,7,6,18,16,74,77,1,0.00625
30,56,0,7,21,20,59,60,0,0.0
30,57,1,7,22,20,80,81,0,0.0
30,58,2,7,14,16,72,72,0,0.0
30,59,3,7,20,15,70,71,0,0.0
30,60,4,7,19,15,75,77,1,0.00625
30,61,5,7,19,20,78,78,1,0.00625
30,62,6,7,23,10,74,73,1,0.00625
30,63,7,7,21,22,66,65,1,0.00625
31,0,0,0,19,23,63,62,1,0.00625
31,1,1,0,28,23,91,91,0,0.0
31,2,2,0,27,23,99,100,1,0.00625
31,3,3,0,24,18,93,92,2,0.0125
31,4,4,0,23,18,86,88,0,0.0
31,5,5,0,20,20,82,83,1,0.00625
31,6,6,0,20,23,82,82,2,0.0125
31,7,7,0,18,25,61,62,0,0.0
31,8,0,1,20,19,80,80,2,0.0125
31,9,1,1,28,21,108,110,1,0.00625
31,10,2,1,17,26,110,110,2,0.0125
31,11,3,1,32,30,115,116,0,0.0
31,12,4,1,26,27,125,123,0,0.0
31,13,5,1,15,23,105,106,1,0.00625
31,14,6,1,15,22,89,88,1,0.00625
31,15,7,1,20,18,74,77,1,0.00625
31,16,0,2,21,18,92,91,0,0.0
31,17,1,2,20,19,111,112,0,0.0
31,18,2,2,17,28,115,115,2,0.0125
31,19,3,2,21,15,99,96,1,0.00625
31,20,4,2,15,30,117,115,1,0.00625
31,21,5,2,17,26,109,109,0,0.0
31,22,6,2,19,12,98,98,2,0.0125
31,23,7,2,29,15,85,85,1,0.00625
31,24,0,3,18,30,92,93,0,0.0
31,25,1,3,22,20,110,108,3,0.01875
31,26,2,3,20,22,105,103,1,0.00625
31,27,3,3,18,17,90,91,1,0.00625
31,28,4,3,17,20,92,92,1,0.00625
31,29,5,3,19,17,93,92,3,0.01875
31,30,6,3,17,19,88,91,0,0.0
31,31,7,3,12,24,71,74,1,0.00625
31,32,0,4,20,21,78,82,0,0.0
31,33,1,4,21,20,104,104,0,0.0
31,34,2,4,21,20,97,97,1,0.00625
31,35,3,4,23,18,95,92,2,0.0125
31,36,4,4,17,17,89,92,0,0.0
31,37,5,4,23,19,98,97,2,0.0125
31,38,6,4,20,20,96,96,2,0.0125
31,39,7,4,13,18,68,70,1,0.00625
31,40,0,5,21,15,77,75,0,0.0
31,41,1,5,16,22,99,102,1,0.00625
31,42,2,5,20,22,98,99,0,0.0
31,43,3,5,19,17,98,101,0,0.0
31,44,4,5,25,22,109,107,2,0.0125
31,45,5,5,13,18,94,93,0,0.0
31,46,6,5,19,22,90,89,1,0.00625
31,47,7,5,18,19,74,73,1,0.00625
31,48,0,6,19,14,78,80,0,0.0
31,49,1,6,26,24,113,113,1,0.00625
31,50,2,6,20,17,106,104,4,0.025
31,51,3,6,15,27,105,104,1,0.00625
31,52,4,6,22,24,108,105,2,0.0125
31,53,5,6,24,21,114,116,0,0.0
31,54,6,6,15,14,95,96,0,0.0
31,55,7,6,23,17,73,72,1,0.00625
31,56,0,7,24,19,70,69,0,0.0
31,57,1,7,22,17,90,88,1,0.00625
31,58,2,7,21,23,88,89,0,0.0
31,59,3,7,22,19,85,84,0,0.0
31,60,4,7,18,17,81,80,2,0.0125
31,61,5,7,17,22,83,83,1,0.00625
31,62,6,7,17,26,84,81,2,0.0125
31,63,7,7,23,15,53,54,1,0.00625
32,0,0,0,18,22,59,59,0,0.0
32,1,1,0,23,21,83,81,2,0.0125
32,2,2,0,19,20,82,83,1,0.00625
32,3,3,0,16,17,73,73,2,0.0125
32,4,4,0,18,21,76,74,2,0.0125
32,5,5,0,26,24,90,88,1,0.00625
32,6,6,0,23,17,86,87,0,0.0
32,7,7,0,22,18,64,62,1,0.00625
32,8,0,1,19,22,85,85,1,0.00625
32,9,1,1,18,17,100,97,2,0.0125
32,10,2,1,17,23,97,97,3,0.01875
32,11,3,1,22,18,96,93,2,0.0125
32,12,4,1,24,16,108,108,2,0.0125
32,13,5,1,19,17,104,104,1,0.00625
32,14,6,1,17,25,104,105,1,0.00625
32,15,7,1,20,24,82,83,0,0.0
32,16,0,2,20,18,83,83,0,0.0
32,17,1,2,22,21,108,105,2,0.0125
32,18,2,2,15,13,88,89,1,0.00625
32,19,3,2,20,16,88,87,2,0.0125
32,20,4,2,22,24,102,104,1,0.00625
32,21,5,2,20,24,108,107,1,0.00625
32,22,6,2,16,21,94,92,1,0.00625
32,23,7,2,16,19,73,73,1,0.00625
32,24,0,3,22,20,80,77,2,0.0125
32,25,1,3,17,20,94,96,0,0.0
32,26,2,3,18,20,90,90,2,0.0125
32,27,3,3,19,15,86,85,1,0.00625
32,28,4,3,23,19,94,94,0,0.0
32,29,5,3,23,19,103,106,1,0.00625
32,30,6,3,27,16,102,99,1,0.00625
32,31,7,3,18,14,82,80,1,0.00625
32,32,0,4,14,13,69,69,0,0.0
32,33,1,4,21,20,96,94,0,0.0
32,34,2,4,24,19,105,104,2,0.0125
32,35,3,4,15,19,97,99,1,0.00625
32,36,4,4,21,19,98,97,1,0.00625
32,37,5,4,22,24,111,111,1,0.00625
32,38,6,4,23,20,105,108,1,0.00625
32,39,7,4,20,25,96,97,1,0.00625
32,40,0,5,15,18,81,80,1,0.00625
32,41,1,5,13,13,88,89,0,0.0
32,42,2,5,21,21,102,100,2,0.0125
32,43,3,5,21,25,107,106,1,0.00625
32,44,4,5,20,17,97,100,1,0.00625
32,45,5,5,24,21,118,119,1,0.00625
32,46,6,5,17,21,110,109,2,0.0125
32,47,7,5,27,27,96,97,0,0.0
32,48,0,6,22,23,91,90,1,0.00625
32,49,1,6,19,16,104,104,1,0.00625
32,50,2,6,20,14,98,100,2,0.0125
32,51,3,6,25,19,103,103,1,0.00625
32,52,4,6,17,18,97,96,3,0.01875
32,53,5,6,24,20,111,107,2,0.0125
32,54,6,6,17,22,110,107,1,0.00625
32,55,7,6,25,17,84,85,0,0.0
32,56,0,7,22,25,65,65,1,0.00625
32,57,1,7,21,24,85,86,1,0.00625
32,58,2,7,19,19,81,79,1,0.00625
32,59,3,7,17,22,78,78,0,0.0
32,60,4,7,30,19,85,85,1,0.00625
32,61,5,7,23,14,81,80,1,0.00625
32,62,6,7,26,21,89,90,1,0.00625
32,63,7,7,18,16,61,61,1,0.00625
33,0,0,0,18,22,67,67,2,0.0125
33,1,1,0,23,17,82,82,3,0.01875
33,2,2,0,19,22,88,89,1,0.00625
33,3,3,0,17,19,79,80,0,0.0
33,4,4,0,25,17,83,84,0,0.0
33,5,5,0,12,25,88,89,0,0.0
33,6,6,0,27,17,81,81,1,0.00625
33,7,7,0,24,25,76,77,2,0.0125
33,8,0,1,19,25,83,83,0,0.0
33,9,1,1,19,17,92,94,0,0.0
33,10,2,1,32,26,118,122,0,0.0
33,11,3,1,21,19,108,109,1,0.00625
33,12,4,1,25,15,94,94,1,0.00625
33,13,5,1,23,26,122,121,2,0.0125
33,14,6,1,23,13,94,94,1,0.00625
33,15,7,1,21,26,91,91,1,0.00625
33,16,0,2,18,19,79,79,0,0.0
33,17,1,2,19,21,93,96,1,0.00625
33,18,2,2,16,26,106,106,1,0.00625
33,19,3,2,14,33,102,103,2,0.0125
33,20,4,2,22,20,95,91,2,0.0125
33,21,5,2,16,28,111,109,2,0.0125
33,22,6,2,23,22,95,98,0,0.0
33,23,7,2,23,18,88,88,2,0.0125
33,24,0,3,19,22,83,87,0,0.0
33,25,1,3,22,18,101,100,0,0.0
33,26,2,3,25,21,115,113,2,0.0125
33,27,3,3,23,18,101,102,0,0.0
33,28,4,3,25,13,102,103,0,0.0
33,29,5,3,12,22,106,106,1,0.00625
33,30,6,3,16,15,81,82,1,0.00625
33,31,7,3,20,24,83,86,0,0.0
33,32,0,4,19,23,84,82,2,0.0125
33,33,1,4,11,20,89,88,2,0.0125
33,34,2,4,25,25,105,107,1,0.00625
33,35,3,4,19,22,102,100,1,0.00625
33,36,4,4,13,24,91,90,1,0.00625
33,37,5,4,19,25,100,99,2,0.0125
33,38,6,4,20,15,88,88,0,0.0
33,39,7,4,18,18,77,75,2,0.0125
33,40,0,5,17,20,77,79,0,0.0
33,41,1,5,24,20,98,99,0,0.0
33,42,2,5,24,9,103,101,2,0.0125
33,43,3,5,22,25,112,112,1,0.00625
33,44,4,5,23,18,105,104,2,0.0125
33,45,5,5,19,14,100,97,3,0.01875
33,46,6,5,18,20,93,94,2,0.0125
33,47,7,5,20,20,79,78,0,0.0
33,48,0,6,24,23,94,92,3,0.01875
33,49,1,6,19,14,103,101,2,0.0125
33,50,2,6,25,21,118,118,2,0.0125
33,51,3,6,18,22,108,106,1,0.00625
33,52,4,6,18,25,106,108,1,0.00625
33,53,5,6,18,26,106,108,2,0.0125
33,54,6,6,20,18,97,100,1,0.00625
33,55,7,6,23,18,81,82,1,0.00625
33,56,0,7,21,25,66,65,1,0.00625
33,57,1,7,26,24,91,92,0,0.0
33,58,2,7,16,21,83,84,1,0.00625
33,59,3,7,19,22,76,76,1,0.00625
33,60,4,7,23,20,83,82,3,0.01875
33,61,5,7,15,22,80,81,1,0.00625
33,62,6,7,19,19,73,74,1,0.00625
33,63,7,7,23,19,59,60,1,0.00625
34,0,0,0,24,18,58,57,1,0.00625
34,1,1,0,17,27,85,88,0,0.0
34,2,2,0,29,23,85,83,2,0.0125
34,3,3,0,14,12,73,72,0,0.0
34,4,4,0,15,21,71,72,0,0.0
34,5,5,0,18,26,79,80,1,0.00625
34,6,6,0,25,24,87,88,0,0.0
34,7,7,0,20,16,61,63,0,0.0
34,8,0,1,23,15,85,85,2,0.0125
34,9,1,1,17,22,116,115,2,0.0125
34,10,2,1,22,16,106,106,1,0.00625
34,11,3,1,25,26,114,115,0,0.0
34,12,4,1,25,18,119,119,2,0.0125
34,13,5,1,13,16,110,110,1,0.00625
34,14,6,1,30,18,117,116,0,0.0
34,15,7,1,30,27,104,102,2,0.0125
34,16,0,2,19,29,81,80,0,0.0
34,17,1,2,24,21,106,105,0,0.0
34,18,2,2,18,18,98,96,1,0.00625
34,19,3,2,15,23,83,85,1,0.00625
34,20,4,2,18,27,97,102,0,0.0
34,21,5,2,23,22,112,113,2,0.0125
34,22,6,2,25,16,110,110,0,0.0
34,23,7,2,19,31,90,91,1,0.00625
34,24,0,3,20,17,74,70,2,0.0125
34,25,1,3,20,18,96,98,0,0.0
34,26,2,3,21,23,102,103,2,0.0125
34,27,3,3,21,17,88,89,0,0.0
34,28,4,3,18,16,95,93,1,0.00625
34,29,5,3,21,21,108,107,1,0.00625
34,30,6,3,16,26,107,108,1,0.00625
34,31,7,3,18,25,77,76,0,0.0
34,32,0,4,32,17,84,83,2,0.0125
34,33,1,4,20,19,107,108,0,0.0
34,34,2,4,21,17,97,94,2,0.0125
34,35,3,4,15,21,90,89,2,0.0125
34,36,4,4,19,21,95,96,1,0.00625
34,37,5,4,24,18,111,111,2,0.0125
34,38,6,4,18,22,109,108,0,0.0
34,39,7,4,26,18,76,78,1,0.00625
34,40,0,5,14,18,74,74,1,0.00625
34,41,1,5,27,26,119,116,1,0.00625
34,42,2,5,18,20,107,110,1,0.00625
34,43,3,5,25,23,99,98,1,0.00625
34,44,4,5,12,15,97,96,0,0.0
34,45,5,5,21,18,103,105,0,0.0
34,46,6,5,24,22,114,111,3,0.01875
34,47,7,5,24,15,81,79,1,0.00625
34,48,0,6,18,21,82,83,1,0.00625
34,49,1,6,15,17,95,98,0,0.0
34,50,2,6,15,26,97,98,1,0.00625
34,51,3,6,20,20,89,92,0,0.0
34,52,4,6,13,23,96,98,0,0.0
34,53,5,6,21,14,96,98,0,0.0
34,54,6,6,13,22,98,98,2,0.0125
34,55,7,6,22,22,74,75,0,0.0
34,56,0,7,19,23,62,62,1,0.00625
34,57,1,7,18,17,76,74,2,0.0125
34,58,2,7,10,15,61,61,1,0.00625
34,59,3,7,20,18,69,67,1,0.00625
34,60,4,7,26,22,86,89,0,0.0
34,61,5,7,22,10,80,80,0,0.0
34,62,6,7,16,24,82,82,2,0.0125
34,63,7,7,18,16,50,51,0,0.0
35,0,0,0,17,17,64,67,0,0.0
35,1,1,0,23,14,87,84,2,0.0125
35,2,2,0,22,25,103,105,1,0.00625
35,3,3,0,20,18,90,89,2,0.0125
35,4,4,0,19,16,85,84,1,0.00625
35,5,5,0,16,24,91,87,3,0.01875
35,6,6,0,18,18,79,78,0,0.0
35,7,7,0,29,20,64,64,0,0.0
35,8,0,1,21,30,93,93,0,0.0
35,9,1,1,18,19,95,97,0,0.0
35,10,2,1,14,24,104,105,1,0.00625
35,11,3,1,19,27,102,103,0,0.0
35,12,4,1,19,18,91,93,0,0.0
35,13,5,1,29,20,109,110,1,0.00625
35,14,6,1,12,15,91,89,2,0.0125
35,15,7,1,19,18,69,70,0,0.0
35,16,0,2,18,23,79,79,2,0.0125
35,17,1,2,27,19,103,102,1,0.00625
35,18,2,2,21,17,106,107,2,0.0125
35,19,3,2,8,14,82,80,1,0.00625
35,20,4,2,21,18,85,81,2,0.0125
35,21,5,2,19,21,99,101,0,0.0
35,22,6,2,17,24,96,96,1,0.00625
35,23,7,2,17,15,67,68,0,0.0
35,24,0,3,21,17,78,78,3,0.01875
35,25,1,3,18,18,99,95,2,0.0125
35,26,2,3,24,25,117,119,1,0.00625
35,27,3,3,21,18,110,108,1,0.00625
35,28,4,3,17,10,88,89,0,0.0
35,29,5,3,28,20,108,109,1,0.00625
35,30,6,3,12,20,100,98,1,0.00625
35,31,7,3,23,17,70,69,1,0.00625
35,32,0,4,21,23,92,93,1,0.00625
35,33,1,4,19,18,109,109,2,0.0125
35,34,2,4,15,20,103,105,1,0.00625
35,35,3,4,15,25,99,101,2,0.0125
35,36,4,4,21,23,104,103,1,0.00625
35,37,5,4,24,16,107,108,2,0.0125
35,38,6,4,16,26,109,108,0,0.0
35,39,7,4,21,11,69,68,0,0.0
35,40,0,5,20,29,90,90,1,0.00625
35,41,1,5,22,27,106,108,0,0.0
35,42,2,5,26,19,109,108,1,0.00625
35,43,3,5,20,16,100,102,1,0.00625
35,44,4,5,18,14,90,90,1,0.00625
35,45,5,5,15,20,94,95,0,0.0
35,46,6,5,22,27,97,102,0,0.0
35,47,7,5,16,18,73,76,0,0.0
35,48,0,6,21,23,83,85,0,0.0
35,49,1,6,26,19,106,106,0,0.0
35,50,2,6,23,22,113,113,0,0.0
35,51,3,6,13,25,103,103,0,0.0
35,52,4,6,22,23,98,97,1,0.00625
35,53,5,6,22,17,103,102,0,0.0
35,54,6,6,17,18,90,92,0,0.0
35,55,7,6,17,24,78,77,0,0.0
35,56,0,7,24,19,63,64,1,0.00625
35,57,1,7,26,23,91,92,0,0.0
35,58,2,7,21,23,91,89,1,0.00625
35,59,3,7,17,24,80,83,0,0.0
35,60,4,7,18,15,69,69,0,0.0
35,61,5,7,19,23,78,78,0,0.0
35,62,6,7,21,21,76,77,1,0.00625
35,63,7,7,16,15,53,51,2,0.0125
36,0,0,0,23,14,63,62,0,0.0
36,1,1,0,22,32,99,102,0,0.0
36,2,2,0,18,13,76,76,0,0.0
36,3,3,0,16,25,81,81,2,0.0125
36,4,4,0,29,29,92,92,0,0.0
36,5,5,0,21,13,79,83,0,0.0
36,6,6,0,16,20,81,80,1,0.00625
36,7,7,0,21,20,60,59,0,0.0
36,8,0,1,19,27,81,81,1,0.00625
36,9,1,1,27,26,123,122,1,0.00625
36,10,2,1,20,19,100,99,2,0.0125
36,11,3,1,20,15,99,99,1,0.00625
36,12,4,1,24,14,109,109,0,0.0
36,13,5,1,22,28,108,109,0,0.0
36,14,6,1,22,22,107,110,0,0.0
36,15,7,1,21,17,80,79,2,0.0125
36,16,0,2,18,23,73,71,3,0.01875
36,17,1,2,21,19,102,104,1,0.00625
36,18,2,2,18,25,95,96,1,0.00625
36,19,3,2,16,19,94,93,2,0.0125
36,20,4,2,24,20,107,109,2,0.0125
36,21,5,2,15,25,93,93,1,0.00625
36,22,6,2,16,25,95,94,0,0.0
36,23,7,2,17,19,73,73,0,0.0
36,24,0,3,23,18,70,73,0,0.0
36,25,1,3,24,17,107,109,1,0.00625
36,26,2,3,24,24,92,93,0,0.0
36,27,3,3,27,18,103,104,1,0.00625
36,28,4,3,17,15,96,95,1,0.00625
36,29,5,3,26,23,87,86,0,0.0
36,30,6,3,23,15,97,97,2,0.0125
36,31,7,3,12,14,75,74,2,0.0125
36,32,0,4,9,14,56,57,0,0.0
36,33,1,4,23,25,106,106,0,0.0
36,34,2,4,15,23,96,96,1,0.00625
36,35,3,4,21,24,107,109,0,0.0
36,36,4,4,15,25,111,110,2,0.0125
36,37,5,4,18,18,82,83,1,0.00625
36,38,6,4,16,25,102,104,0,0.0
36,39,7,4,25,24,86,86,0,0.0
36,40,0,5,21,18,66,66,1,0.00625
36,41,1,5,22,10,94,92,1,0.00625
36,42,2,5,30,22,102,101,1,0.00625
36,43,3,5,20,15,105,105,0,0.0
36,44,4,5,22,21,104,105,1,0.00625
36,45,5,5,19,16,79,78,1,0.00625
36,46,6,5,18,20,94,94,0,0.0
36,47,7,5,17,15,72,71,0,0.0
36,48,0,6,21,13,63,62,1,0.00625
36,49,1,6,21,19,108,107,1,0.00625
36,50,2,6,21,23,95,96,1,0.00625
36,51,3,6,23,29,117,115,1,0.00625
36,52,4,6,19,19,107,104,2,0.0125
36,53,5,6,23,21,90,91,0,0.0
36,54,6,6,19,19,100,100,0,0.0
36,55,7,6,20,16,79,78,2,0.0125
36,56,0,7,27,18,56,54,1,0.00625
36,57,1,7,9,22,68,69,0,0.0
36,58,2,7,28,25,74,77,0,0.0
36,59,3,7,30,21,93,91,1,0.00625
36,60,4,7,14,19,78,77,0,0.0
36,61,5,7,19,19,66,65,0,0.0
36,62,6,7,22,22,81,80,1,0.00625
36,63,7,7,18,21,61,63,0,0.0
37,0,0,0,23,23,64,65,0,0.0
37,1,1,0,23,19,83,81,2,0.0125
37,2,2,0,28,11,79,77,2,0.0125
37,3,3,0,25,31,103,105,0,0.0
37,4,4,0,21,15,82,81,0,0.0
37,5,5,0,22,17,79,78,0,0.0
37,6,6,0,18,19,79,80,1,0.00625
37,7,7,0,19,21,58,59,0,0.0
37,8,0,1,10,21,69,70,0,0.0
37,9,1,1,14,20,82,82,1,0.00625
37,10,2,1,18,23,82,84,0,0.0
37,11,3,1,21,26,114,112,1,0.00625
37,12,4,1,17,26,96,96,0,0.0
37,13,5,1,19,17,89,89,0,0.0
37,14,6,1,30,21,107,106,2,0.0125
37,15,7,1,16,17,86,88,1,0.00625
37,16,0,2,24,15,79,80,1,0.00625
37,17,1,2,14,12,83,83,1,0.00625
37,18,2,2,21,16,77,78,0,0.0
37,19,3,2,17,19,104,104,2,0.0125
37,20,4,2,20,22,91,90,0,0.0
37,21,5,2,22,19,94,93,2,0.0125
37,22,6,2,22,20,96,94,3,0.01875
37,23,7,2,18,30,91,89,2,0.0125
37,24,0,3,26,14,86,84,1,0.00625
37,25,1,3,24,25,116,116,1,0.00625
37,26,2,3,28,15,102,101,0,0.0
37,27,3,3,19,22,124,122,2,0.0125
37,28,4,3,14,19,93,95,0,0.0
37,29,5,3,23,19,100,101,1,0.00625
37,30,6,3,26,19,108,110,0,0.0
37,31,7,3,26,22,89,90,1,0.00625
37,32,0,4,23,24,91,91,1,0.00625
37,33,1,4,17,28,105,106,1,0.00625
37,34,2,4,26,23,95,95,0,0.0
37,35,3,4,14,26,112,112,0,0.0
37,36,4,4,15,18,81,81,3,0.01875
37,37,5,4,24,13,88,86,2,0.0125
37,38,6,4,12,24,92,90,1,0.00625
37,39,7,4,16,24,76,75,1,0.00625
37,40,0,5,17,23,80,79,1,0.00625
37,41,1,5,19,21,91,91,1,0.00625
37,42,2,5,24,16,83,83,2,0.0125
37,43,3,5,27,22,116,115,0,0.0
37,44,4,5,16,12,89,87,3,0.01875
37,45,5,5,16,16,84,85,1,0.00625
37,46,6,5,15,16,83,80,2,0.0125
37,47,7,5,18,13,70,69,1,0.00625
37,48,0,6,19,18,80,79,1,0.00625
37,49,1,6,21,19,89,90,0,0.0
37,50,2,6,15,20,82,81,1,0.00625
37,51,3,6,21,22,102,104,1,0.00625
37,52,4,6,20,25,100,104,0,0.0
37,53,5,6,17,18,90,89,1,0.00625
37,54,6,6,17,13,80,77,2,0.0125
37,55,7,6,15,18,71,71,0,0.0
37,56,0,7,14,18,58,60,1,0.00625
37,57,1,7,9,17,69,68,1,0.00625
37,58,2,7,24,20,79,79,0,0.0
37,59,3,7,14,14,79,79,1,0.00625
37,60,4,7,14,23,76,75,0,0.0
37,61,5,7,16,21,77,79,0,0.0
37,62,6,7,21,17,77,79,0,0.0
37,63,7,7,23,17,62,61,0,0.0
38,0,0,0,16,24,60,59,0,0.0
38,1,1,0,17,12,67,66,1,0.00625
38,2,2,0,27,12,79,79,2,0.0125
38,3,3,0,20,19,89,87,1,0.00625
38,4,4,0,16,21,80,81,0,0.0
38,5,5,0,22,14,75,76,0,0.0
38,6,6,0,18,12,72,73,0,0.0
38,7,7,0,21,22,62,62,0,0.0
38,8,0,1,23,18,90,89,1,0.00625
38,9,1,1,25,17,99,100,1,0.00625
38,10,2,1,15,19,98,96,1,0.00625
38,11,3,1,15,29,107,108,1,0.00625
38,12,4,1,15,21,100,100,1,0.00625
38,13,5,1,26,20,99,97,1,0.00625
38,14,6,1,22,20,108,105,2,0.0125
38,15,7,1,30,21,88,87,1,0.00625
38,16,0,2,16,26,85,87,1,0.00625
38,17,1,2,20,21,93,91,0,0.0
38,18,2,2,18,23,95,94,0,0.0
38,19,3,2,25,16,100,102,0,0.0
38,20,4,2,17,17,100,101,0,0.0
38,21,5,2,19,12,84,83,1,0.00625
38,22,6,2,20,23,97,100,1,0.00625
38,23,7,2,21,23,85,86,0,0.0
38,24,0,3,19,21,89,89,2,0.0125
38,25,1,3,16,18,90,91,0,0.0
38,26,2,3,26,18,101,100,0,0.0
38,27,3,3,19,20,110,110,1,0.00625
38,28,4,3,17,21,109,105,2,0.0125
38,29,5,3,22,20,98,97,2,0.0125
38,30,6,3,22,19,106,106,1,0.00625
38,31,7,3,24,22,89,90,0,0.0
38,32,0,4,20,23,80,80,0,0.0
38,33,1,4,15,18,83,83,0,0.0
38,34,2,4,14,16,74,76,0,0.0
38,35,3,4,22,26,101,98,0,0.0
38,36,4,4,23,19,99,100,1,0.00625
38,37,5,4,25,15,93,92,2,0.0125
38,38,6,4,16,22,100,100,1,0.00625
38,39,7,4,14,21,68,70,0,0.0
38,40,0,5,21,13,77,78,1,0.00625
38,41,1,5,18,22,96,98,1,0.00625
38,42,2,5,9,19,86,85,1,0.00625
38,43,3,5,16,16,86,88,0,0.0
38,44,4,5,19,23,102,102,2,0.0125
38,45,5,5,24,20,99,99,0,0.0
38,46,6,5,26,33,122,121,2,0.0125
38,47,7,5,22,15,80,79,2,0.0125
38,48,0,6,19,20,73,76,0,0.0
38,49,1,6,26,21,97,95,1,0.00625
38,50,2,6,20,19,95,96,1,0.00625
38,51,3,6,17,14,84,81,2,0.0125
38,52,4,6,20,18,88,88,1,0.00625
38,53,5,6,22,17,89,88,1,0.00625
38,54,6,6,22,25,101,102,0,0.0
38,55,7,6,16,21,79,78,1,0.00625
38,56,0,7,16,15,54,53,1,0.00625
38,57,1,7,20,19,79,77,1,0.00625
38,58,2,7,23,26,92,89,2,0.0125
38,59,3,7,25,18,90,90,1,0.00625
38,60,4,7,19,16,85,81,2,0.0125
38,61,5,7,17,18,78,77,0,0.0
38,62,6,7,18,21,81,80,1,0.00625
38,63,7,7,26,22,65,65,0,0.0
39,0,0,0,15,20,59,56,3,0.01875
39,1,1,0,24,19,78,79,0,0.0
39,2,2,0,17,28,88,89,1,0.00625
39,3,3,0,27,23,88,88,0,0.0
39,4,4,0,19,23,88,86,1,0.00625
39,5,5,0,22,21,81,81,0,0.0
39,6,6,0,21,23,85,83,1,0.00625
39,7,7,0,20,19,57,57,0,0.0
39,8,0,1,28,21,92,91,1,0.00625
39,9,1,1,22,16,108,106,2,0.0125
39,10,2,1,20,21,116,116,2,0.0125
39,11,3,1,15,17,98,98,1,0.00625
39,12,4,1,18,24,103,103,1,0.00625
39,13,5,1,22,20,103,106,0,0.0
39,14,6,1,23,24,110,111,2,0.0125
39,15,7,1,19,16,79,80,1,0.00625
39,16,0,2,17,24,77,77,0,0.0
39,17,1,2,19,28,103,101,4,0.025
39,18,2,2,17,23,108,104,2,0.0125
39,19,3,2,26,20,101,101,1,0.00625
39,20,4,2,23,11,94,92,1,0.00625
39,21,5,2,27,19,104,102,2,0.0125
39,22,6,2,21,24,110,108,2,0.0125
39,23,7,2,15,23,80,80,1,0.00625
39,24,0,3,18,19,77,80,0,0.0
39,25,1,3,25,15,102,101,1,0.00625
39,26,2,3,19,21,114,114,2,0.0125
39,27,3,3,26,16,107,109,1,0.00625
39,28,4,3,19,23,105,109,0,0.0
39,29,5,3,16,19,95,94,2,0.0125
39,30,6,3,19,27,103,102,1,0.00625
39,31,7,3,21,21,82,83,0,0.0
39,32,0,4,17,22,70,70,1,0.00625
39,33,1,4,24,19,89,87,1,0.00625
39,34,2,4,27,25,114,111,1,0.00625
39,35,3,4,22,22,105,106,1,0.00625
39,36,4,4,24,28,106,107,0,0.0
39,37,5,4,18,18,94,94,2,0.0125
39,38,6,4,16,16,76,78,1,0.00625
39,39,7,4,11,19,67,67,1,0.00625
39,40,0,5,22,13,80,77,2,0.0125
39,41,1,5,12,13,92,91,1,0.00625
39,42,2,5,16,20,97,100,0,0.0
39,43,3,5,20,26,113,110,1,0.00625
39,44,4,5,17,25,102,104,1,0.00625
39,45,5,5,17,26,106,107,0,0.0
39,46,6,5,21,13,95,94,2,0.0125
39,47,7,5,21,15,78,79,2,0.0125
39,48,0,6,22,24,84,84,0,0.0
39,49,1,6,17,20,97,100,0,0.0
39,50,2,6,19,12,90,89,2,0.0125
39,51,3,6,17,17,97,98,2,0.0125
39,52,4,6,20,19,90,90,1,0.00625
39,53,5,6,25,16,102,102,3,0.01875
39,54,6,6,28,16,106,105,2,0.0125
39,55,7,6,13,23,86,87,2,0.0125
39,56,0,7,21,15,57,58,0,0.0
39,57,1,7,24,24,88,90,0,0.0
39,58,2,7,28,15,89,88,2,0.0125
39,59,3,7,16,20,80,82,0,0.0
39,60,4,7,22,17,70,75,1,0.00625
39,61,5,7,21,21,81,82,0,0.0
39,62,6,7,26,24,90,87,2,0.0125
39,63,7,7,19,28,71,72,0,0.0
40,0,0,0,23,25,61,63,2,0.0125
40,1,1,0,16,23,76,77,1,0.00625
40,2,2,0,22,16,69,70,1,0.00625
40,3,3,0,21,17,72,73,0,0.0
40,4,4,0,28,16,77,77,1,0.00625
40,5,5,0,13,24,77,77,0,0.0
40,6,6,0,21,18,67,68,1,0.00625
40,7,7,0,14,26,62,62,0,0.0
40,8,0,1,19,15,77,80,0,0.0
40,9,1,1,20,22,101,104,0,0.0
40,10,2,1,21,19,89,90,1,0.00625
40,11,3,1,22,21,97,91,5,0.03125
40,12,4,1,13,20,84,82,1,0.00625
40,13,5,1,21,24,101,98,3,0.01875
40,14,6,1,23,14,94,97,1,0.00625
40,15,7,1,18,23,94,94,0,0.0
40,16,0,2,22,19,88,87,2,0.0125
40,17,1,2,16,22,96,100,0,0.0
40,18,2,2,13,21,82,86,1,0.00625
40,19,3,2,16,21,87,88,0,0.0
40,20,4,2,23,19,98,98,2,0.0125
40,21,5,2,23,13,104,107,2,0.0125
40,22,6,2,19,19,99,99,1,0.00625
40,23,7,2,20,26,89,88,1,0.00625
40,24,0,3,20,20,90,86,2,0.0125
40,25,1,3,21,22,102,103,1,0.00625
40,26,2,3,21,14,90,91,1,0.00625
40,27,3,3,13,14,82,82,1,0.00625
40,28,4,3,25,20,96,93,2,0.0125
40,29,5,3,20,24,114,115,0,0.0
40,30,6,3,21,24,101,100,2,0.0125
40,31,7,3,19,18,83,83,0,0.0
40,32,0,4,25,18,98,97,2,0.0125
40,33,1,4,16,21,106,109,0,0.0
40,34,2,4,23,21,109,108,2,0.0125
40,35,3,4,20,18,107,107,1,0.00625
40,36,4,4,23,14,100,98,3,0.01875
40,37,5,4,26,28,126,128,1,0.00625
40,38,6,4,15,20,106,105,0,0.0
40,39,7,4,28,22,91,90,2,0.0125
40,40,0,5,26,25,102,105,0,0.0
40,41,1,5,21,26,115,116,0,0.0
40,42,2,5,19,20,101,101,1,0.00625
40,43,3,5,27,23,106,105,2,0.0125
40,44,4,5,20,17,100,101,1,0.00625
40,45,5,5,18,25,103,101,1,0.00625
40,46,6,5,23,28,99,104,0,0.0
40,47,7,5,18,19,84,85,0,0.0
40,48,0,6,11,22,74,72,0,0.0
40,49,1,6,24,30,93,91,1,0.00625
40,50,2,6,23,20,99,98,0,0.0
40,51,3,6,18,20,89,88,2,0.0125
40,52,4,6,19,23,96,93,2,0.0125
40,53,5,6,17,19,91,92,1,0.00625
40,54,6,6,24,20,95,95,2,0.0125
40,55,7,6,19,25,87,88,1,0.00625
40,56,0,7,17,14,56,57,0,0.0
40,57,1,7,22,11,77,75,2,0.0125
40,58,2,7,12,21,81,83,0,0.0
40,59,3,7,19,22,85,82,2,0.0125
40,60,4,7,20,16,87,88,0,0.0
40,61,5,7,18,19,89,88,1,0.00625
40,62,6,7,23,20,90,91,3,0.01875
40,63,7,7,29,21,75,73,1,0.00625
41,0,0,0,29,24,67,68,0,0.0
41,1,1,0,15,13,72,72,0,0.0
41,2,2,0,20,22,73,74,0,0.0
41,3,3,0,17,17,72,73,1,0.00625
41,4,4,0,24,19,79,78,2,0.0125
41,5,5,0,18,18,78,78,0,0.0
41,6,6,0,12,15,62,62,1,0.00625
41,7,7,0,19,20,51,50,0,0.0
41,8,0,1,26,17,82,82,0,0.0
41,9,1,1,18,25,107,101,4,0.025
41,10,2,1,20,14,95,95,0,0.0
41,11,3,1,24,24,99,106,1,0.00625
41,12,4,1,13,20,97,96,2,0.0125
41,13,5,1,14,24,86,88,0,0.0
41,14,6,1,21,18,87,85,1,0.00625
41,15,7,1,18,13,68,68,0,0.0
41,16,0,2,28,14,79,79,1,0.00625
41,17,1,2,22,26,108,107,1,0.00625
41,18,2,2,26,16,103,101,2,0.0125
41,19,3,2,19,19,95,95,0,0.0
41,20,4,2,13,27,93,94,0,0.0
41,21,5,2,16,13,75,75,0,0.0
41,22,6,2,23,19,86,87,0,0.0
41,23,7,2,14,17,76,77,0,0.0
41,24,0,3,17,16,71,73,1,0.00625
41,25,1,3,30,25,109,108,1,0.00625
41,26,2,3,21,22,117,116,2,0.0125
41,27,3,3,26,24,110,111,0,0.0
41,28,4,3,18,19,106,105,2,0.0125
41,29,5,3,11,15,85,82,3,0.01875
41,30,6,3,16,15,81,83,0,0.0
41,31,7,3,23,21,83,81,1,0.00625
41,32,0,4,19,22,73,75,0,0.0
41,33,1,4,28,17,96,94,0,0.0
41,34,2,4,18,27,110,109,4,0.025
41,35,3,4,16,22,84,83,1,0.00625
41,36,4,4,25,25,105,108,0,0.0
41,37,5,4,17,15,92,92,1,0.00625
41,38,6,4,22,12,83,83,0,0.0
41,39,7,4,16,17,74,75,1,0.00625
41,40,0,5,18,17,66,66,0,0.0
41,41,1,5,20,19,87,87,0,0.0
41,42,2,5,14,24,99,96,1,0.00625
41,43,3,5,16,17,78,81,0,0.0
41,44,4,5,19,17,94,94,1,0.00625
41,45,5,5,12,23,94,93,2,0.0125
41,46,6,5,22,16,85,83,1,0.00625
41,47,7,5,19,19,79,78,2,0.0125
41,48,0,6,13,16,66,65,1,0.00625
41,49,1,6,14,17,82,81,2,0.0125
41,50,2,6,26,20,103,103,1,0.00625
41,51,3,6,23,10,92,95,1,0.00625
41,52,4,6,15,22,99,101,1,0.00625
41,53,5,6,24,21,95,96,1,0.00625
41,54,6,6,27,13,98,99,1,0.00625
41,55,7,6,18,19,88,87,1,0.00625
41,56,0,7,19,18,56,55,1,0.00625
41,57,1,7,19,12,63,63,2,0.0125
41,58,2,7,13,21,65,66,0,0.0
41,59,3,7,22,26,76,77,0,0.0
41,60,4,7,19,23,79,78,1,0.00625
41,61,5,7,17,16,68,68,1,0.00625
41,62,6,7,20,24,75,77,0,0.0
41,63,7,7,14,29,65,65,1,0.00625
42,0,0,0,14,19,57,58,0,0.0
42,1,1,0,15,24,77,78,0,0.0
42,2,2,0,26,17,82,80,2,0.0125
42,3,3,0,24,16,85,85,0,0.0
42,4,4,0,20,28,95,98,0,0.0
42,5,5,0,16,18,75,75,0,0.0
42,6,6,0,17,24,79,79,1,0.00625
42,7,7,0,18,21,58,58,1,0.00625
42,8,0,1,26,21,89,87,2,0.0125
42,9,1,1,21,18,103,107,2,0.0125
42,10,2,1,22,15,92,89,1,0.00625
42,11,3,1,28,21,108,108,1,0.00625
42,12,4,1,21,27,124,127,0,0.0
42,13,5,1,15,24,96,96,1,0.00625
42,14,6,1,16,17,91,90,2,0.0125
42,15,7,1,19,16,76,75,0,0.0
42,16,0,2,15,23,75,76,1,0.00625
42,17,1,2,27,24,106,105,2,0.0125
42,18,2,2,22,18,101,102,1,0.00625
42,19,3,2,24,23,99,98,1,0.00625
42,20,4,2,18,30,112,115,0,0.0
42,21,5,2,24,19,98,98,1,0.00625
42,22,6,2,19,11,98,98,1,0.00625
42,23,7,2,18,18,76,74,2,0.0125
42,24,0,3,16,20,71,73,0,0.0
42,25,1,3,11,16,82,83,1,0.00625
42,26,2,3,17,26,91,92,0,0.0
42,27,3,3,21,22,95,93,1,0.00625
42,28,4,3,26,23,114,116,2,0.0125
42,29,5,3,22,19,97,100,1,0.00625
42,30,6,3,19,27,111,110,2,0.0125
42,31,7,3,16,19,75,74,2,0.0125
42,32,0,4,26,20,86,84,1,0.00625
42,33,1,4,16,15,101,102,1,0.00625
42,34,2,4,22,16,89,93,1,0.00625
42,35,3,4,20,19,96,98,0,0.0
42,36,4,4,29,22,113,112,1,0.00625
42,37,5,4,13,26,103,103,2,0.0125
42,38,6,4,22,22,106,106,0,0.0
42,39,7,4,21,17,83,82,0,0.0
42,40,0,5,14,19,78,78,0,0.0
42,41,1,5,25,26,114,114,0,0.0
42,42,2,5,23,20,110,112,1,0.00625
42,43,3,5,23,25,110,109,0,0.0
42,44,4,5,15,20,107,105,1,0.00625
42,45,5,5,19,28,105,106,1,0.00625
42,46,6,5,19,15,112,113,0,0.0
42,47,7,5,29,22,96,97,1,0.00625
42,48,0,6,24,25,92,92,0,0.0
42,49,1,6,14,15,97,99,1,0.00625
42,50,2,6,23,25,103,103,0,0.0
42,51,3,6,16,23,101,101,1,0.00625
42,52,4,6,18,22,103,102,2,0.0125
42,53,5,6,19,16,92,91,1,0.00625
42,54,6,6,23,17,109,110,1,0.00625
42,55,7,6,22,23,89,90,1,0.00625
42,56,0,7,18,24,62,62,1,0.00625
42,57,1,7,18,23,84,86,0,0.0
42,58,2,7,18,13,72,72,1,0.00625
42,59,3,7,22,20,82,81,2,0.0125
42,60,4,7,14,20,76,76,1,0.00625
42,61,5,7,27,16,79,78,0,0.0
42,62,6,7,22,16,90,88,2,0.0125
42,63,7,7,21,21,63,63,0,0.0
43,0,0,0,17,19,55,54,1,0.00625
43,1,1,0,21,18,75,74,1,0.00625
43,2,2,0,22,19,81,82,1,0.00625
43,3,3,0,18,19,84,82,1,0.00625
43,4,4,0,21,16,75,75,1,0.00625
43,5,5,0,24,15,84,84,1,0.00625
43,6,6,0,17,24,88,87,0,0.0
43,7,7,0,26,24,68,66,2,0.0125
43,8,0,1,21,19,75,77,0,0.0
43,9,1,1,25,16,95,94,1,0.00625
43,10,2,1,24,23,106,108,0,0.0
43,11,3,1,21,26,108,107,2,0.0125
43,12,4,1,19,14,85,84,1,0.00625
43,13,5,1,15,18,84,82,1,0.00625
43,14,6,1,27,23,101,104,0,0.0
43,15,7,1,14,17,82,82,1,0.00625
43,16,0,2,16,16,69,69,0,0.0
43,17,1,2,17,20,90,90,2,0.0125
43,18,2,2,13,27,92,91,3,0.01875
43,19,3,2,23,23,101,101,0,0.0
43,20,4,2,22,20,108,104,1,0.00625
43,21,5,2,21,20,96,95,2,0.0125
43,22,6,2,17,14,95,96,1,0.00625
43,23,7,2,21,26,88,89,2,0.0125
43,24,0,3,19,13,70,70,0,0.0
43,25,1,3,15,20,86,86,1,0.00625
43,26,2,3,14,19,76,76,1,0.00625
43,27,3,3,18,14,80,81,1,0.00625
43,28,4,3,18,23,91,92,0,0.0
43,29,5,3,21,19,90,91,1,0.00625
43,30,6,3,17,19,93,92,3,0.01875
43,31,7,3,16,20,75,77,0,0.0
43,32,0,4,28,14,84,85,0,0.0
43,33,1,4,26,19,111,109,2,0.0125
43,34,2,4,22,14,96,95,2,0.0125
43,35,3,4,19,13,99,99,0,0.0
43,36,4,4,17,18,98,96,1,0.00625
43,37,5,4,16,23,93,93,1,0.00625
43,38,6,4,19,18,95,94,3,0.01875
43,39,7,4,18,20,76,78,0,0.0
43,40,0,5,24,22,83,83,1,0.00625
43,41,1,5,24,24,104,104,1,0.00625
43,42,2,5,23,21,94,93,2,0.0125
43,43,3,5,18,22,101,101,1,0.00625
43,44,4,5,18,19,92,93,0,0.0
43,45,5,5,19,18,83,85,0,0.0
43,46,6,5,22,17,92,91,2,0.0125
43,47,7,5,13,20,75,76,0,0.0
43,48,0,6,19,16,70,73,0,0.0
43,49,1,6,17,19,92,91,1,0.00625
43,50,2,6,21,25,93,94,1,0.00625
43,51,3,6,18,23,101,100,0,0.0
43,52,4,6,21,18,96,98,1,0.00625
43,53,5,6,17,16,89,90,0,0.0
43,54,6,6,17,18,93,91,1,0.00625
43,55,7,6,17,21,77,77,0,0.0
43,56,0,7,20,18,57,58,0,0.0
43,57,1,7,12,18,69,68,1,0.00625
43,58,2,7,22,17,71,69,3,0.01875
43,59,3,7,25,22,85,86,0,0.0
43,60,4,7,19,16,79,77,0,0.0
43,61,5,7,23,20,78,79,1,0.00625
43,62,6,7,21,19,76,77,1,0.00625
43,63,7,7,19,20,56,57,1,0.00625
44,0,0,0,22,17,61,62,0,0.0
44,1,1,0,20,17,84,84,0,0.0
44,2,2,0,25,14,83,82,1,0.00625
44,3,3,0,21,27,95,96,1,0.00625
44,4,4,0,26,24,96,97,0,0.0
44,5,5,0,20,20,89,88,1,0.00625
44,6,6,0,19,22,83,85,0,0.0
44,7,7,0,20,19,56,59,0,0.0
44,8,0,1,15,23,73,70,2,0.0125
44,9,1,1,20,26,95,98,0,0.0
44,10,2,1,15,19,92,91,2,0.0125
44,11,3,1,16,24,100,102,0,0.0
44,12,4,1,24,24,105,106,0,0.0
44,13,5,1,18,25,105,106,1,0.00625
44,14,6,1,21,21,104,103,0,0.0
44,15,7,1,19,20,79,80,0,0.0
44,16,0,2,19,16,81,81,0,0.0
44,17,1,2,17,16,98,101,0,0.0
44,18,2,2,19,20,103,103,2,0.0125
44,19,3,2,19,16,108,108,2,0.0125
44,20,4,2,17,18,100,104,0,0.0
44,21,5,2,22,23,110,111,0,0.0
44,22,6,2,18,19,108,107,1,0.00625
44,23,7,2,26,23,84,85,0,0.0
44,24,0,3,23,29,88,84,3,0.01875
44,25,1,3,17,20,99,99,0,0.0
44,26,2,3,13,17,87,87,0,0.0
44,27,3,3,18,17,99,93,4,0.025
44,28,4,3,20,22,102,101,0,0.0
44,29,5,3,14,19,94,93,1,0.00625
44,30,6,3,17,23,95,95,1,0.00625
44,31,7,3,18,19,72,72,1,0.00625
44,32,0,4,28,15,77,77,0,0.0
44,33,1,4,15,24,100,100,1,0.00625
44,34,2,4,21,16,87,86,2,0.0125
44,35,3,4,17,13,93,94,0,0.0
44,36,4,4,24,18,91,92,1,0.00625
44,37,5,4,18,18,93,92,1,0.00625
44,38,6,4,27,16,90,92,1,0.00625
44,39,7,4,14,15,75,74,0,0.0
44,40,0,5,24,16,74,73,1,0.00625
44,41,1,5,18,32,110,110,0,0.0
44,42,2,5,28,16,101,103,1,0.00625
44,43,3,5,23,22,118,118,1,0.00625
44,44,4,5,22,15,93,94,1,0.00625
44,45,5,5,25,23,108,107,1,0.00625
44,46,6,5,23,16,99,97,2,0.0125
44,47,7,5,16,24,83,81,2,0.0125
44,48,0,6,17,18,73,71,2,0.0125
44,49,1,6,22,25,102,102,2,0.0125
44,50,2,6,17,20,92,94,0,0.0
44,51,3,6,26,30,118,120,0,0.0
44,52,4,6,18,18,100,98,3,0.01875
44,53,5,6,21,24,101,100,2,0.0125
44,54,6,6,20,24,100,101,1,0.00625
44,55,7,6,20,21,81,79,3,0.01875
44,56,0,7,20,16,56,53,1,0.00625
44,57,1,7,20,21,79,81,0,0.0
44,58,2,7,27,17,85,87,0,0.0
44,59,3,7,16,19,84,85,1,0.00625
44,60,4,7,20,26,84,86,1,0.00625
44,61,5,7,17,20,78,77,1,0.00625
44,62,6,7,22,20,81,81,1,0.00625
44,63,7,7,21,18,60,60,1,0.00625
45,0,0,0,19,22,62,61,0,0.0
45,1,1,0,19,23,80,80,1,0.00625
45,2,2,0,24,20,82,81,1,0.00625
45,3,3,0,28,20,90,91,0,0.0
45,4,4,0,17,18,83,80,2,0.0125
45,5,5,0,9,18,66,67,1,0.00625
45,6,6,0,15,16,66,64,2,0.0125
45,7,7,0,24,21,62,62,0,0.0
45,8,0,1,24,21,83,86,0,0.0
45,9,1,1,20,16,106,102,2,0.0125
45,10,2,1,17,19,92,93,1,0.00625
45,11,3,1,15,22,93,90,3,0.01875
45,12,4,1,25,25,105,105,1,0.00625
45,13,5,1,19,20,102,104,0,0.0
45,14,6,1,23,10,88,88,1,0.00625
45,15,7,1,19,16,81,81,1,0.00625
45,16,0,2,24,21,86,86,0,0.0
45,17,1,2,22,25,114,112,2,0.0125
45,18,2,2,16,22,100,101,1,0.00625
45,19,3,2,15,15,92,91,1,0.00625
45,20,4,2,16,15,92,92,0,0.0
45,21,5,2,18,25,101,100,2,0.0125
45,22,6,2,24,19,101,102,1,0.00625
45,23,7,2,25,22,96,96,1,0.00625
45,24,0,3,16,21,77,78,2,0.0125
45,25,1,3,21,20,98,98,1,0.00625
45,26,2,3,16,22,92,91,1,0.00625
45,27,3,3,22,18,87,93,0,0.0
45,28,4,3,27,12,102,101,2,0.0125
45,29,5,3,21,17,98,97,2,0.0125
45,30,6,3,22,18,94,94,2,0.0125
45,31,7,3,16,21,81,82,0,0.0
45,32,0,4,19,19,78,79,0,0.0
45,33,1,4,17,17,96,97,0,0.0
45,34,2,4,20,23,94,94,2,0.0125
45,35,3,4,20,17,92,87,3,0.01875
45,36,4,4,15,20,96,97,1,0.00625
45,37,5,4,24,25,107,107,2,0.0125
45,38,6,4,19,20,105,104,1,0.00625
45,39,7,4,22,21,88,87,1,0.00625
45,40,0,5,17,16,78,77,1,0.00625
45,41,1,5,16,19,96,96,0,0.0
45,42,2,5,18,19,88,87,0,0.0
45,43,3,5,29,16,106,107,0,0.0
45,44,4,5,13,21,111,107,3,0.01875
45,45,5,5,12,19,87,87,1,0.00625
45,46,6,5,21,22,100,102,1,0.00625
45,47,7,5,24,22,90,90,1,0.00625
45,48,0,6,20,17,88,88,1,0.00625
45,49,1,6,16,18,104,104,2,0.0125
45,50,2,6,17,12,95,93,1,0.00625
45,51,3,6,20,19,106,104,1,0.00625
45,52,4,6,24,32,125,125,1,0.00625
45,53,5,6,17,13,104,101,2,0.0125
45,54,6,6,9,14,86,88,0,0.0
45,55,7,6,24,21,80,81,2,0.0125
45,56,0,7,22,28,72,74,1,0.00625
45,57,1,7,19,17,83,79,1,0.00625
45,58,2,7,22,21,80,80,0,0.0
45,59,3,7,22,16,81,81,1,0.00625
45,60,4,7,22,19,83,82,2,0.0125
45,61,5,7,20,22,83,85,0,0.0
45,62,6,7,19,18,75,76,0,0.0
45,63,7,7,18,13,54,55,0,0.0
46,0,0,0,20,18,68,68,1,0.00625
46,1,1,0,20,24,93,93,0,0.0
46,2,2,0,19,23,90,92,0,0.0
46,3,3,0,21,22,90,89,2,0.0125
46,4,4,0,17,18,80,82,1,0.00625
46,5,5,0,23,22,87,87,1,0.00625
46,6,6,0,21,28,97,97,1,0.00625
46,7,7,0,25,18,63,62,1,0.00625
46,8,0,1,20,30,89,89,0,0.0
46,9,1,1,16,20,99,100,0,0.0
46,10,2,1,26,19,103,104,1,0.00625
46,11,3,1,18,19,104,105,2,0.0125
46,12,4,1,20,23,95,95,1,0.00625
46,13,5,1,14,15,87,85,1,0.00625
46,14,6,1,22,21,105,104,1,0.00625
46,15,7,1,19,20,76,75,1,0.00625
46,16,0,2,22,19,87,85,2,0.0125
46,17,1,2,26,21,118,118,1,0.00625
46,18,2,2,21,17,109,110,1,0.00625
46,19,3,2,23,29,117,119,0,0.0
46,20,4,2,25,19,105,105,0,0.0
46,21,5,2,25,22,115,117,0,0.0
46,22,6,2,11,16,103,102,1,0.00625
46,23,7,2,21,22,68,68,1,0.00625
46,24,0,3,17,27,77,80,0,0.0
46,25,1,3,28,23,104,105,0,0.0
46,26,2,3,22,24,112,110,3,0.01875
46,27,3,3,19,20,98,98,1,0.00625
46,28,4,3,22,24,90,90,1,0.00625
46,29,5,3,18,26,100,102,0,0.0
46,30,6,3,25,23,111,109,4,0.025
46,31,7,3,16,13,68,66,2,0.0125
46,32,0,4,23,15,82,78,3,0.01875
46,33,1,4,20,16,103,104,0,0.0
46,34,2,4,18,24,113,112,1,0.00625
46,35,3,4,26,21,111,114,0,0.0
46,36,4,4,23,20,108,106,1,0.00625
46,37,5,4,18,22,104,107,0,0.0
46,38,6,4,19,20,111,113,0,0.0
46,39,7,4,23,21,77,78,1,0.00625
46,40,0,5,20,22,83,84,0,0.0
46,41,1,5,21,20,105,103,1,0.00625
46,42,2,5,29,22,120,120,0,0.0
46,43,3,5,13,21,104,104,0,0.0
46,44,4,5,25,23,98,101,2,0.0125
46,45,5,5,26,20,108,106,1,0.00625
46,46,6,5,22,21,116,116,1,0.00625
46,47,7,5,19,17,73,75,0,0.0
46,48,0,6,16,24,79,79,2,0.0125
46,49,1,6,24,18,99,100,1,0.00625
46,50,2,6,24,22,114,115,0,0.0
46,51,3,6,15,28,109,109,1,0.00625
46,52,4,6,24,17,92,93,1,0.00625
46,53,5,6,20,22,100,103,2,0.0125
46,54,6,6,15,26,111,110,1,0.00625
46,55,7,6,22,24,73,75,0,0.0
46,56,0,7,22,19,63,61,1,0.00625
46,57,1,7,23,17,82,84,0,0.0
46,58,2,7,22,22,92,92,1,0.00625
46,59,3,7,16,25,84,82,2,0.0125
46,60,4,7,15,17,69,71,0,0.0
46,61,5,7,31,24,93,91,2,0.0125
46,62,6,7,13,20,85,85,1,0.00625
46,63,7,7,22,15,50,50,0,0.0
47,0,0,0,19,23,63,62,1,0.00625
47,1,1,0,24,21,85,86,0,0.0
47,2,2,0,25,14,87,86,1,0.00625
47,3,3,0,16,22,87,87,1,0.00625
47,4,4,0,24,17,80,80,1,0.00625
47,5,5,0,18,13,75,74,1,0.00625
47,6,6,0,21,28,84,85,0,0.0
47,7,7,0,21,17,60,61,0,0.0
47,8,0,1,21,19,88,88,0,0.0
47,9,1,1,16,19,101,103,0,0.0
47,10,2,1,27,26,108,106,1,0.00625
47,11,3,1,27,27,128,128,1,0.00625
47,12,4,1,24,15,108,105,2,0.0125
47,13,5,1,13,25,100,101,1,0.00625
47,14,6,1,23,17,102,103,2,0.0125
47,15,7,1,25,22,87,87,2,0.0125
47,16,0,2,25,24,89,91,0,0.0
47,17,1,2,21,19,108,109,1,0.00625
47,18,2,2,25,14,95,94,1,0.00625
47,19,3,2,24,25,117,115,1,0.00625
47,20,4,2,24,23,109,107,2,0.0125
47,21,5,2,21,21,100,99,0,0.0
47,22,6,2,16,14,97,97,1,0.00625
47,23,7,2,22,22,79,78,1,0.00625
47,24,0,3,25,20,83,83,0,0.0
47,25,1,3,20,25,112,110,1,0.00625
47,26,2,3,20,21,95,96,1,0.00625
47,27,3,3,17,27,107,107,1,0.00625
47,28,4,3,27,24,107,107,2,0.0125
47,29,5,3,16,22,104,102,1,0.00625
47,30,6,3,12,21,94,97,2,0.0125
47,31,7,3,25,16,72,74,0,0.0
47,32,0,4,17,20,80,83,0,0.0
47,33,1,4,22,25,115,114,2,0.0125
47,34,2,4,16,23,99,101,1,0.00625
47,35,3,4,27,22,114,115,0,0.0
47,36,4,4,26,16,113,113,3,0.01875
47,37,5,4,23,27,119,118,0,0.0
47,38,6,4,20,16,107,105,2,0.0125
47,39,7,4,27,18,81,81,1,0.00625
47,40,0,5,18,25,82,83,0,0.0
47,41,1,5,21,21,97,98,1,0.00625
47,42,2,5,15,22,85,87,0,0.0
47,43,3,5,13,14,82,79,3,0.01875
47,44,4,5,28,29,98,99,1,0.00625
47,45,5,5,23,28,108,109,0,0.0
47,46,6,5,19,21,96,97,0,0.0
47,47,7,5,14,20,71,69,0,0.0
47,48,0,6,21,19,77,78,0,0.0
47,49,1,6,23,20,102,103,0,0.0
47,50,2,6,15,21,89,90,0,0.0
47,51,3,6,22,14,91,92,0,0.0
47,52,4,6,20,11,86,87,1,0.00625
47,53,5,6,19,30,104,104,1,0.00625
47,54,6,6,18,24,100,99,1,0.00625
47,55,7,6,17,17,72,70,0,0.0
47,56,0,7,21,20,59,61,0,0.0
47,57,1,7,14,21,73,72,2,0.0125
47,58,2,7,19,22,72,70,2,0.0125
47,59,3,7,14,15,68,69,2,0.0125
47,60,4,7,17,23,73,73,0,0.0
47,61,5,7,19,22,77,78,0,0.0
47,62,6,7,19,18,80,78,1,0.00625
47,63,7,7,20,17,58,57,0,0.0
48,0,0,0,14,15,44,46,0,0.0
48,1,1,0,28,24,85,81,1,0.00625
48,2,2,0,21,18,82,84,0,0.0
48,3,3,0,20,21,78,77,1,0.00625
48,4,4,0,22,16,75,74,1,0.00625
48,5,5,0,23,20,83,82,3,0.01875
48,6,6,0,18,13,75,76,0,0.0
48,7,7,0,21,16,52,50,0,0.0
48,8,0,1,16,19,70,70,0,0.0
48,9,1,1,27,13,103,102,0,0.0
48,10,2,1,21,25,113,112,2,0.0125
48,11,3,1,29,19,109,110,1,0.00625
48,12,4,1,21,19,105,108,0,0.0
48,13,5,1,15,20,100,99,0,0.0
48,14,6,1,19,23,98,96,2,0.0125
48,15,7,1,23,17,75,77,0,0.0
48,16,0,2,24,21,84,83,1,0.00625
48,17,1,2,21,17,107,105,1,0.00625
48,18,2,2,24,27,112,112,2,0.0125
48,19,3,2,25,22,114,116,1,0.00625
48,20,4,2,15,30,110,108,1,0.00625
48,21,5,2,22,24,104,104,0,0.0
48,22,6,2,16,15,95,93,2,0.0125
48,23,7,2,24,23,81,82,0,0.0
48,24,0,3,16,21,79,76,0,0.0
48,25,1,3,17,23,104,106,0,0.0
48,26,2,3,17,22,98,97,2,0.0125
48,27,3,3,16,23,98,96,2,0.0125
48,28,4,3,20,26,102,103,1,0.00625
48,29,5,3,11,13,88,86,2,0.0125
48,30,6,3,20,23,94,92,1,0.00625
48,31,7,3,21,17,76,76,0,0.0
48,32,0,4,23,25,84,84,1,0.00625
48,33,1,4,15,16,98,98,0,0.0
48,34,2,4,17,18,90,92,0,0.0
48,35,3,4,15,14,88,86,0,0.0
48,36,4,4,18,18,91,92,1,0.00625
48,37,5,4,18,22,99,97,1,0.00625
48,38,6,4,25,10,92,91,1,0.00625
48,39,7,4,21,20,82,82,0,0.0
48,40,0,5,19,23,67,67,0,0.0
48,41,1,5,21,21,102,102,2,0.0125
48,42,2,5,17,15,87,87,0,0.0
48,43,3,5,22,18,89,90,1,0.00625
48,44,4,5,16,18,94,93,1,0.00625
48,45,5,5,26,18,99,100,0,0.0
48,46,6,5,16,19,99,98,2,0.0125
48,47,7,5,17,24,71,73,0,0.0
48,48,0,6,27,13,75,74,1,0.00625
48,49,1,6,18,18,113,109,3,0.01875
48,50,2,6,19,24,101,100,0,0.0
48,51,3,6,23,16,98,95,2,0.0125
48,52,4,6,20,22,109,107,1,0.00625
48,53,5,6,23,17,102,101,2,0.0125
48,54,6,6,18,25,107,107,0,0.0
48,55,7,6,23,18,73,73,1,0.00625
48,56,0,7,26,19,58,58,1,0.00625
48,57,1,7,15,26,79,82,0,0.0
48,58,2,7,22,20,70,72,0,0.0
48,59,3,7,24,18,73,73,0,0.0
48,60,4,7,19,22,75,74,0,0.0
48,61,5,7,19,18,70,67,3,0.01875
48,62,6,7,17,21,68,71,0,0.0
48,63,7,7,12,19,46,47,0,0.0
49,0,0,0,18,22,66,66,0,0.0
49,1,1,0,17,21,80,83,1,0.00625
49,2,2,0,18,18,74,73,0,0.0
49,3,3,0,16,20,78,80,1,0.00625
49,4,4,0,27,25,98,95,1,0.00625
49,5,5,0,23,21,99,101,1,0.00625
49,6,6,0,23,26,98,94,3,0.01875
49,7,7,0,23,15,63,64,1,0.00625
49,8,0,1,21,26,93,92,0,0.0
49,9,1,1,19,22,104,105,1,0.00625
49,10,2,1,18,18,96,99,1,0.00625
49,11,3,1,13,21,98,98,0,0.0
49,12,4,1,15,17,99,99,1,0.00625
49,13,5,1,16,29,108,109,0,0.0
49,14,6,1,29,22,116,118,1,0.00625
49,15,7,1,23,21,89,88,0,0.0
49,16,0,2,19,26,89,88,1,0.00625
49,17,1,2,24,18,104,105,0,0.0
49,18,2,2,27,21,113,113,0,0.0
49,19,3,2,13,19,101,100,2,0.0125
49,20,4,2,24,15,104,105,0,0.0
49,21,5,2,17,14,104,104,1,0.00625
49,22,6,2,18,15,101,103,1,0.00625
49,23,7,2,26,26,83,82,0,0.0
49,24,0,3,9,23,74,75,0,0.0
49,25,1,3,23,20,90,88,1,0.00625
49,26,2,3,17,23,100,102,1,0.00625
49,27,3,3,16,23,99,98,3,0.01875
49,28,4,3,17,14,89,90,0,0.0
49,29,5,3,21,26,102,102,3,0.01875
49,30,6,3,16,16,92,94,1,0.00625
49,31,7,3,16,17,61,60,1,0.00625
49,32,0,4,14,21,78,77,1,0.00625
49,33,1,4,20,7,78,79,1,0.00625
49,34,2,4,20,21,95,94,1,0.00625
49,35,3,4,24,19,97,95,1,0.00625
49,36,4,4,19,15,95,95,2,0.0125
49,37,5,4,25,15,93,94,1,0.00625
49,38,6,4,18,20,99,102,0,0.0
49,39,7,4,13,15,61,62,0,0.0
49,40,0,5,22,19,87,85,1,0.00625
49,41,1,5,24,16,103,103,1,0.00625
49,42,2,5,19,20,101,98,2,0.0125
49,43,3,5,25,20,106,106,2,0.0125
49,44,4,5,17,20,105,106,1,0.00625
49,45,5,5,17,15,91,89,0,0.0
49,46,6,5,25,23,111,111,1,0.00625
49,47,7,5,22,21,82,82,0,0.0
49,48,0,6,22,17,83,81,1,0.00625
49,49,1,6,33,23,114,116,1,0.00625
49,50,2,6,13,22,101,102,0,0.0
49,51,3,6,18,20,86,88,0,0.0
49,52,4,6,14,25,95,96,1,0.00625
49,53,5,6,19,14,88,88,2,0.0125
49,54,6,6,21,17,98,98,2,0.0125
49,55,7,6,16,24,74,74,1,0.00625
49,56,0,7,20,17,64,63,1,0.00625
49,57,1,7,19,23,85,85,0,0.0
49,58,2,7,16,32,92,91,1,0.00625
49,59,3,7,24,16,80,82,0,0.0
49,60,4,7,23,16,91,89,2,0.0125
49,61,5,7,21,17,83,86,1,0.00625
49,62,6,7,12,23,81,80,0,0.0
49,63,7,7,24,20,56,55,1,0.00625
50,0,0,0,22,15,62,60,0,0.0
50,1,1,0,24,20,86,86,1,0.00625
50,2,2,0,21,17,85,85,1,0.00625
50,3,3,0,23,18,85,83,1,0.00625
50,4,4,0,19,23,82,87,0,0.0
50,5,5,0,19,20,77,75,2,0.0125
50,6,6,0,17,16,68,71,1,0.00625
50,7,7,0,19,16,53,53,1,0.00625
50,8,0,1,19,21,75,76,0,0.0
50,9,1,1,24,20,99,99,1,0.00625
50,10,2,1,25,22,103,102,1,0.00625
50,11,3,1,16,20,95,95,1,0.00625
50,12,4,1,19,23,98,96,3,0.01875
50,13,5,1,27,18,98,95,3,0.01875
50,14,6,1,17,19,95,95,2,0.0125
50,15,7,1,18,18,73,71,2,0.0125
50,16,0,2,18,16,79,79,2,0.0125
50,17,1,2,19,23,108,109,0,0.0
50,18,2,2,22,21,105,105,2,0.0125
50,19,3,2,14,23,102,102,2,0.0125
50,20,4,2,25,15,101,100,2,0.0125
50,21,5,2,29,17,118,115,5,0.03125
50,22,6,2,25,26,118,118,0,0.0
50,23,7,2,25,18,88,87,1,0.00625
50,24,0,3,29,28,85,86,0,0.0
50,25,1,3,20,19,104,103,3,0.01875
50,26,2,3,17,20,89,88,1,0.00625
50,27,3,3,24,22,97,98,2,0.0125
50,28,4,3,18,13,91,91,1,0.00625
50,29,5,3,26,25,101,105,0,0.0
50,30,6,3,23,25,112,110,2,0.0125
50,31,7,3,14,22,84,84,1,0.00625
50,32,0,4,25,13,74,75,1,0.00625
50,33,1,4,18,26,112,110,0,0.0
50,34,2,4,22,18,98,96,1,0.00625
50,35,3,4,12,16,94,96,1,0.00625
50,36,4,4,20,25,101,103,0,0.0
50,37,5,4,23,17,104,106,0,0.0
50,38,6,4,14,27,110,107,2,0.0125
50,39,7,4,23,26,83,81,1,0.00625
50,40,0,5,19,19,72,75,0,0.0
50,41,1,5,19,24,99,101,0,0.0
50,42,2,5,18,15,90,90,2,0.0125
50,43,3,5,20,22,96,96,2,0.0125
50,44,4,5,25,15,98,95,3,0.01875
50,45,5,5,20,24,107,107,1,0.00625
50,46,6,5,19,25,104,102,2,0.0125
50,47,7,5,16,13,69,68,1,0.00625
50,48,0,6,19,22,73,74,2,0.0125
50,49,1,6,21,22,98,99,0,0.0
50,50,2,6,18,18,95,91,3,0.01875
50,51,3,6,17,19,92,92,1,0.00625
50,52,4,6,18,19,91,93,0,0.0
50,53,5,6,25,25,104,105,0,0.0
50,54,6,6,25,21,110,110,1,0.00625
50,55,7,6,20,17,83,83,2,0.0125
50,56,0,7,19,22,51,52,1,0.00625
50,57,1,7,19,17,67,67,0,0.0
50,58,2,7,20,21,70,71,0,0.0
50,59,3,7,15,14,66,65,0,0.0
50,60,4,7,18,20,63,65,0,0.0
50,61,5,7,23,15,67,67,0,0.0
50,62,6,7,24,23,82,79,3,0.01875
50,63,7,7,11,23,59,59,0,0.0
51,0,0,0,20,11,44,44,2,0.0125
51,1,1,0,19,18,71,72,0,0.0
51,2,2,0,21,18,75,75,1,0.00625
51,3,3,0,26,15,74,76,1,0.00625
51,4,4,0,14,17,72,71,0,0.0
51,5,5,0,21,18,69,72,0,0.0
51,6,6,0,19,25,84,83,1,0.00625
51,7,7,0,16,30,63,63,0,0.0
51,8,0,1,25,15,70,68,2,0.0125
51,9,1,1,23,19,103,103,1,0.00625
51,10,2,1,16,21,102,100,2,0.0125
51,11,3,1,15,20,85,84,2,0.0125
51,12,4,1,27,25,102,103,2,0.0125
51,13,5,1,19,18,102,104,1,0.00625
51,14,6,1,23,22,113,111,2,0.0125
51,15,7,1,21,21,89,91,0,0.0
51,16,0,2,22,17,71,73,1,0.00625
51,17,1,2,21,21,103,102,1,0.00625
51,18,2,2,19,27,109,109,1,0.00625
51,19,3,2,15,17,87,89,0,0.0
51,20,4,2,18,15,84,87,1,0.00625
51,21,5,2,22,28,104,106,3,0.01875
51,22,6,2,19,22,110,111,1,0.00625
51,23,7,2,20,20,86,86,1,0.00625
51,24,0,3,7,21,61,60,1,0.00625
51,25,1,3,19,21,85,87,1,0.00625
51,26,2,3,18,22,99,102,0,0.0
51,27,3,3,24,22,95,97,0,0.0
51,28,4,3,23,16,105,102,3,0.01875
51,29,5,3,16,18,98,96,2,0.0125
51,30,6,3,18,28,108,110,0,0.0
51,31,7,3,23,22,90,90,0,0.0
51,32,0,4,21,21,69,68,0,0.0
51,33,1,4,18,12,81,84,0,0.0
51,34,2,4,18,23,95,96,1,0.00625
51,35,3,4,23,16,83,86,0,0.0
51,36,4,4,26,23,106,103,2,0.0125
51,37,5,4,17,24,101,97,1,0.00625
51,38,6,4,23,16,98,101,0,0.0
51,39,7,4,18,16,89,90,0,0.0
51,40,0,5,29,19,66,66,0,0.0
51,41,1,5,22,20,99,98,0,0.0
51,42,2,5,31,22,103,105,0,0.0
51,43,3,5,14,18,87,90,0,0.0
51,44,4,5,20,20,87,88,1,0.00625
51,45,5,5,17,21,92,94,1,0.00625
51,46,6,5,25,19,95,99,0,0.0
51,47,7,5,15,25,97,96,1,0.00625
51,48,0,6,24,12,63,65,0,0.0
51,49,1,6,19,26,108,106,1,0.00625
51,50,2,6,18,22,100,104,0,0.0
51,51,3,6,20,29,103,103,0,0.0
51,52,4,6,23,17,99,97,1,0.00625
51,53,5,6,21,21,109,105,3,0.01875
51,54,6,6,19,16,100,99,3,0.01875
51,55,7,6,19,30,97,98,0,0.0
51,56,0,7,17,16,48,46,2,0.0125
51,57,1,7,21,25,78,76,0,0.0
51,58,2,7,13,20,70,69,0,0.0
51,59,3,7,18,21,65,64,0,0.0
51,60,4,7,22,16,74,74,1,0.00625
51,61,5,7,25,25,87,87,1,0.00625
51,62,6,7,30,21,87,88,2,0.0125
51,63,7,7,15,19,62,61,0,0.0
52,0,0,0,27,17,72,73,0,0.0
52,1,1,0,25,20,102,101,0,0.0
52,2,2,0,18,20,94,92,2,0.0125
52,3,3,0,13,16,80,80,1,0.00625
52,4,4,0,23,12,79,78,1,0.00625
52,5,5,0,24,25,103,100,2,0.0125
52,6,6,0,19,25,98,100,0,0.0
52,7,7,0,31,25,76,77,0,0.0
52,8,0,1,21,27,83,82,1,0.00625
52,9,1,1,24,27,115,113,1,0.00625
52,10,2,1,14,25,98,101,0,0.0
52,11,3,1,23,20,92,93,1,0.00625
52,12,4,1,24,15,91,92,1,0.00625
52,13,5,1,32,20,114,114,2,0.0125
52,14,6,1,17,24,106,107,1,0.00625
52,15,7,1,13,18,77,76,1,0.00625
52,16,0,2,27,20,88,86,1,0.00625
52,17,1,2,25,23,118,119,1,0.00625
52,18,2,2,14,21,106,103,2,0.0125
52,19,3,2,17,15,89,88,0,0.0
52,20,4,2,26,22,101,100,2,0.0125
52,21,5,2,19,24,113,115,0,0.0
52,22,6,2,26,24,112,113,0,0.0
52,23,7,2,20,21,91,93,0,0.0
52,24,0,3,18,24,82,82,2,0.0125
52,25,1,3,20,26,108,105,1,0.00625
52,26,2,3,20,24,105,104,1,0.00625
52,27,3,3,20,16,97,96,2,0.0125
52,28,4,3,16,17,86,88,1,0.00625
52,29,5,3,22,24,112,113,2,0.0125
52,30,6,3,15,18,99,99,1,0.00625
52,31,7,3,24,27,88,87,1,0.00625
52,32,0,4,20,20,80,81,1,0.00625
52,33,1,4,17,14,96,94,1,0.00625
52,34,2,4,17,18,93,91,3,0.01875
52,35,3,4,17,22,98,96,2,0.0125
52,36,4,4,17,20,88,89,1,0.00625
52,37,5,4,20,18,102,102,4,0.025
52,38,6,4,23,21,106,103,2,0.0125
52,39,7,4,21,15,80,79,1,0.00625
52,40,0,5,15,21,76,75,1,0.00625
52,41,1,5,31,21,113,108,2,0.0125
52,42,2,5,15,14,102,101,1,0.00625
52,43,3,5,15,18,87,86,0,0.0
52,44,4,5,26,21,87,87,2,0.0125
52,45,5,5,30,18,114,110,2,0.0125
52,46,6,5,22,14,102,101,0,0.0
52,47,7,5,15,20,81,81,1,0.00625
52,48,0,6,20,18,84,83,1,0.00625
52,49,1,6,16,14,97,97,2,0.0125
52,50,2,6,25,28,113,109,3,0.01875
52,51,3,6,23,16,106,103,2,0.0125
52,52,4,6,23,13,96,94,2,0.0125
52,53,5,6,17,23,108,110,3,0.01875
52,54,6,6,15,29,105,108,0,0.0
52,55,7,6,25,19,85,84,1,0.00625
52,56,0,7,24,26,68,69,0,0.0
52,57,1,7,17,21,84,84,1,0.00625
52,58,2,7,20,16,74,76,0,0.0
52,59,3,7,14,24,76,76,0,0.0
52,60,4,7,23,25,77,76,1,0.00625
52,61,5,7,19,21,84,84,0,0.0
52,62,6,7,24,19,81,83,0,0.0
52,63,7,7,20,15,59,60,1,0.00625
53,0,0,0,24,22,62,62,1,0.00625
53,1,1,0,20,25,86,85,1,0.00625
53,2,2,0,22,18,74,75,1,0.00625
53,3,3,0,26,15,77,77,1,0.00625
53,4,4,0,19,15,73,74,1,0.00625
53,5,5,0,20,22,74,75,1,0.00625
53,6,6,0,22,16,69,69,0,0.0
53,7,7,0,14,21,56,55,0,0.0
53,8,0,1,26,18,83,82,2,0.0125
53,9,1,1,22,25,113,111,3,0.01875
53,10,2,1,25,20,101,100,1,0.00625
53,11,3,1,16,23,95,96,0,0.0
53,12,4,1,25,24,98,98,1,0.00625
53,13,5,1,24,22,116,116,0,0.0
53,14,6,1,18,20,102,104,0,0.0
53,15,7,1,22,22,82,83,1,0.00625
53,16,0,2,17,18,71,73,0,0.0
53,17,1,2,19,25,103,103,1,0.00625
53,18,2,2,18,22,92,94,2,0.0125
53,19,3,2,29,22,100,100,0,0.0
53,20,4,2,23,16,99,99,1,0.00625
53,21,5,2,23,26,114,114,1,0.00625
53,22,6,2,17,29,104,103,1,0.00625
53,23,7,2,21,17,76,75,2,0.0125
53,24,0,3,21,17,78,78,2,0.0125
53,25,1,3,21,20,108,107,3,0.01875
53,26,2,3,16,21,95,95,0,0.0
53,27,3,3,26,19,98,99,0,0.0
53,28,4,3,22,26,110,110,2,0.0125
53,29,5,3,26,23,114,113,1,0.00625
53,30,6,3,19,22,104,104,0,0.0
53,31,7,3,20,17,76,78,0,0.0
53,32,0,4,13,23,76,77,0,0.0
53,33,1,4,17,22,101,101,1,0.00625
53,34,2,4,27,19,103,104,0,0.0
53,35,3,4,17,19,100,100,0,0.0
53,36,4,4,17,24,97,97,0,0.0
53,37,5,4,29,21,114,116,1,0.00625
53,38,6,4,22,26,122,121,2,0.0125
53,39,7,4,26,19,91,91,0,0.0
53,40,0,5,18,24,74,74,0,0.0
53,41,1,5,28,16,95,101,0,0.0
53,42,2,5,20,18,93,95,0,0.0
53,43,3,5,9,24,86,81,4,0.025
53,44,4,5,21,15,78,80,0,0.0
53,45,5,5,21,22,99,103,0,0.0
53,46,6,5,23,32,108,106,1,0.00625
53,47,7,5,17,23,84,85,1,0.00625
53,48,0,6,18,15,70,72,0,0.0
53,49,1,6,20,20,98,101,0,0.0
53,50,2,6,19,29,100,103,0,0.0
53,51,3,6,21,20,91,94,1,0.00625
53,52,4,6,12,11,72,75,0,0.0
53,53,5,6,16,27,91,93,2,0.0125
53,54,6,6,26,19,92,91,1,0.00625
53,55,7,6,17,25,85,84,2,0.0125
53,56,0,7,23,20,59,61,0,0.0
53,57,1,7,16,18,75,74,2,0.0125
53,58,2,7,18,21,71,70,1,0.00625
53,59,3,7,13,18,67,69,0,0.0
53,60,4,7,20,21,75,74,2,0.0125
53,61,5,7,17,14,70,69,2,0.0125
53,62,6,7,19,16,75,75,0,0.0
53,63,7,7,21,22,64,62,2,0.0125
54,0,0,0,21,17,57,57,1,0.00625
54,1,1,0,25,20,84,84,0,0.0
54,2,2,0,25,20,91,92,1,0.00625
54,3,3,0,21,20,86,86,1,0.00625
54,4,4,0,25,13,81,81,0,0.0
54,5,5,0,20,20,90,91,0,0.0
54,6,6,0,17,17,79,78,0,0.0
54,7,7,0,26,26,69,66,1,0.00625
54,8,0,1,26,22,90,92,1,0.00625
54,9,1,1,27,16,117,119,1,0.00625
54,10,2,1,24,26,123,123,1,0.00625
54,11,3,1,18,20,107,103,1,0.00625
54,12,4,1,22,21,96,93,2,0.0125
54,13,5,1,18,23,103,103,1,0.00625
54,14,6,1,25,19,97,95,0,0.0
54,15,7,1,23,14,85,85,0,0.0
54,16,0,2,19,24,82,81,2,0.0125
54,17,1,2,19,29,112,113,0,0.0
54,18,2,2,26,27,115,114,2,0.0125
54,19,3,2,14,24,106,103,2,0.0125
54,20,4,2,16,16,84,82,1,0.00625
54,21,5,2,24,19,106,103,3,0.01875
54,22,6,2,18,18,99,99,0,0.0
54,23,7,2,19,24,88,90,0,0.0
54,24,0,3,14,21,75,74,1,0.00625
54,25,1,3,23,17,94,97,1,0.00625
54,26,2,3,23,18,102,103,0,0.0
54,27,3,3,16,19,96,93,2,0.0125
54,28,4,3,19,15,82,83,1,0.00625
54,29,5,3,20,19,96,97,1,0.00625
54,30,6,3,15,26,96,98,0,0.0
54,31,7,3,24,15,84,80,2,0.0125
54,32,0,4,21,21,84,81,3,0.01875
54,33,1,4,25,16,101,102,1,0.00625
54,34,2,4,21,27,107,109,1,0.00625
54,35,3,4,20,19,97,99,0,0.0
54,36,4,4,14,18,83,85,0,0.0
54,37,5,4,23,19,93,93,1,0.00625
54,38,6,4,27,19,94,98,0,0.0
54,39,7,4,15,15,81,81,1,0.00625
54,40,0,5,15,18,80,77,2,0.0125
54,41,1,5,24,18,102,98,4,0.025
54,42,2,5,21,21,111,108,3,0.01875
54,43,3,5,21,23,105,111,0,0.0
54,44,4,5,20,19,104,103,1,0.00625
54,45,5,5,23,12,103,102,1,0.00625
54,46,6,5,22,24,109,112,0,0.0
54,47,7,5,24,25,96,95,1,0.00625
54,48,0,6,18,21,77,76,1,0.00625
54,49,1,6,15,15,85,84,1,0.00625
54,50,2,6,18,23,90,89,1,0.00625
54,51,3,6,23,22,99,99,1,0.00625
54,52,4,6,22,18,101,100,0,0.0
54,53,5,6,26,18,109,108,1,0.00625
54,54,6,6,18,26,108,105,2,0.0125
54,55,7,6,19,22,87,88,1,0.00625
54,56,0,7,18,18,57,55,1,0.00625
54,57,1,7,17,19,71,74,0,0.0
54,58,2,7,14,14,65,65,1,0.00625
54,59,3,7,17,20,72,70,2,0.0125
54,60,4,7,21,23,80,83,0,0.0
54,61,5,7,13,24,77,79,0,0.0
54,62,6,7,25,25,80,80,1,0.00625
54,63,7,7,17,20,62,64,0,0.0
55,0,0,0,18,24,69,70,0,0.0
55,1,1,0,18,22,86,87,1,0.00625
55,2,2,0,15,12,73,73,1,0.00625
55,3,3,0,25,13,81,77,2,0.0125
55,4,4,0,18,20,91,88,3,0.01875
55,5,5,0,13,16,73,72,1,0.00625
55,6,6,0,20,12,73,73,0,0.0
55,7,7,0,22,15,58,61,0,0.0
55,8,0,1,17,22,84,82,2,0.0125
55,9,1,1,16,25,95,98,0,0.0
55,10,2,1,15,20,85,86,1,0.00625
55,11,3,1,14,17,83,84,2,0.0125
55,12,4,1,26,24,110,113,0,0.0
55,13,5,1,26,18,112,112,1,0.00625
55,14,6,1,25,16,106,108,0,0.0
55,15,7,1,22,23,89,88,2,0.0125
55,16,0,2,16,19,79,79,1,0.00625
55,17,1,2,22,15,90,89,0,0.0
55,18,2,2,26,18,93,96,1,0.00625
55,19,3,2,20,18,95,96,2,0.0125
55,20,4,2,20,18,91,93,1,0.00625
55,21,5,2,12,28,91,91,2,0.0125
55,22,6,2,26,26,96,96,1,0.00625
55,23,7,2,16,25,81,79,0,0.0
55,24,0,3,17,18,85,87,1,0.00625
55,25,1,3,19,16,101,101,1,0.00625
55,26,2,3,17,22,100,98,0,0.0
55,27,3,3,19,29,107,109,0,0.0
55,28,4,3,21,20,105,104,1,0.00625
55,29,5,3,20,17,103,101,2,0.0125
55,30,6,3,16,12,92,88,3,0.01875
55,31,7,3,20,26,72,74,1,0.00625
55,32,0,4,19,23,86,87,1,0.00625
55,33,1,4,20,17,96,94,0,0.0
55,34,2,4,23,18,95,94,1,0.00625
55,35,3,4,18,18,98,96,1,0.00625
55,36,4,4,16,19,94,93,0,0.0
55,37,5,4,26,21,102,103,0,0.0
55,38,6,4,17,23,108,108,0,0.0
55,39,7,4,21,13,64,66,0,0.0
55,40,0,5,19,18,80,83,1,0.00625
55,41,1,5,26,20,108,108,4,0.025
55,42,2,5,19,22,101,103,1,0.00625
55,43,3,5,16,22,91,89,1,0.00625
55,44,4,5,20,18,87,86,1,0.00625
55,45,5,5,22,18,92,94,0,0.0
55,46,6,5,16,24,104,100,1,0.00625
55,47,7,5,21,18,67,69,0,0.0
55,48,0,6,17,22,84,85,0,0.0
55,49,1,6,18,17,101,101,0,0.0
55,50,2,6,11,29,99,98,2,0.0125
55,51,3,6,29,17,96,97,1,0.00625
55,52,4,6,16,16,101,103,0,0.0
55,53,5,6,17,19,90,92,1,0.00625
55,54,6,6,13,21,91,93,0,0.0
55,55,7,6,21,13,62,63,1,0.00625
55,56,0,7,24,22,70,72,0,0.0
55,57,1,7,17,16,84,81,3,0.01875
55,58,2,7,17,19,77,76,1,0.00625
55,59,3,7,16,11,65,67,0,0.0
55,60,4,7,18,30,89,86,1,0.00625
55,61,5,7,21,14,76,73,1,0.00625
55,62,6,7,14,17,78,75,1,0.00625
55,63,7,7,27,17,56,56,0,0.0
56,0,0,0,21,20,68,65,2,0.0125
56,1,1,0,26,22,94,94,0,0.0
56,2,2,0,19,17,88,87,0,0.0
56,3,3,0,24,21,89,91,1,0.00625
56,4,4,0,21,14,82,86,0,0.0
56,5,5,0,17,25,84,86,0,0.0
56,6,6,0,17,22,78,77,1,0.00625
56,7,7,0,26,12,56,55,1,0.00625
56,8,0,1,16,27,82,84,0,0.0
56,9,1,1,15,17,90,90,0,0.0
56,10,2,1,21,25,101,98,2,0.0125
56,11,3,1,25,18,104,106,0,0.0
56,12,4,1,14,26,96,96,1,0.00625
56,13,5,1,28,21,108,109,1,0.00625
56,14,6,1,22,15,105,103,2,0.0125
56,15,7,1,20,17,66,66,0,0.0
56,16,0,2,19,22,77,78,0,0.0
56,17,1,2,24,16,98,99,0,0.0
56,18,2,2,20,13,94,94,1,0.00625
56,19,3,2,16,20,93,95,1,0.00625
56,20,4,2,26,22,97,99,0,0.0
56,21,5,2,23,17,105,107,0,0.0
56,22,6,2,19,29,109,108,0,0.0
56,23,7,2,19,22,70,72,0,0.0
56,24,0,3,22,18,71,71,0,0.0
56,25,1,3,20,19,96,97,1,0.00625
56,26,2,3,26,24,99,99,2,0.0125
56,27,3,3,25,22,106,104,2,0.0125
56,28,4,3,13,17,82,83,0,0.0
56,29,5,3,18,27,92,94,1,0.00625
56,30,6,3,33,24,105,105,2,0.0125
56,31,7,3,14,21,78,80,0,0.0
56,32,0,4,19,16,73,73,1,0.00625
56,33,1,4,15,20,101,101,3,0.01875
56,34,2,4,21,21,98,99,0,0.0
56,35,3,4,23,24,109,109,1,0.00625
56,36,4,4,15,24,98,96,2,0.0125
56,37,5,4,28,13,100,100,1,0.00625
56,38,6,4,23,18,109,109,0,0.0
56,39,7,4,24,35,95,92,2,0.0125
56,40,0,5,22,24,77,76,1,0.00625
56,41,1,5,20,18,96,98,2,0.0125
56,42,2,5,21,17,92,90,1,0.00625
56,43,3,5,18,23,101,100,1,0.00625
56,44,4,5,19,25,93,94,2,0.0125
56,45,5,5,16,12,91,88,1,0.00625
56,46,6,5,21,31,101,105,0,0.0
56,47,7,5,18,23,75,74,1,0.00625
56,48,0,6,21,17,77,74,2,0.0125
56,49,1,6,15,22,98,98,1,0.00625
56,50,2,6,18,20,94,93,3,0.01875
56,51,3,6,11,21,95,94,1,0.00625
56,52,4,6,16,18,79,78,1,0.00625
56,53,5,6,18,22,99,98,0,0.0
56,54,6,6,21,18,93,95,0,0.0
56,55,7,6,21,23,77,77,1,0.00625
56,56,0,7,20,21,59,58,1,0.00625
56,57,1,7,18,20,76,78,0,0.0
56,58,2,7,23,14,73,73,1,0.00625
56,59,3,7,15,18,74,73,0,0.0
56,60,4,7,21,11,61,64,0,0.0
56,61,5,7,15,16,69,72,0,0.0
56,62,6,7,13,17,62,64,0,0.0
56,63,7,7,16,20,52,51,0,0.0
57,0,0,0,21,22,63,65,1,0.00625
57,1,1,0,17,17,79,76,1,0.00625
57,2,2,0,17,22,74,76,0,0.0
57,3,3,0,26,19,82,84,0,0.0
57,4,4,0,19,21,85,84,0,0.0
57,5,5,0,18,14,73,73,0,0.0
57,6,6,0,17,17,72,72,2,0.0125
57,7,7,0,18,21,54,54,0,0.0
57,8,0,1,26,22,91,92,0,0.0
57,9,1,1,16,23,109,105,1,0.00625
57,10,2,1,9,14,79,80,2,0.0125
57,11,3,1,22,21,92,91,1,0.00625
57,12,4,1,21,24,110,107,3,0.01875
57,13,5,1,28,19,102,101,1,0.00625
57,14,6,1,14,19,103,104,1,0.00625
57,15,7,1,25,16,77,79,0,0.0
57,16,0,2,22,23,85,85,0,0.0
57,17,1,2,25,26,112,111,1,0.00625
57,18,2,2,23,14,102,102,0,0.0
57,19,3,2,26,8,102,100,0,0.0
57,20,4,2,32,23,124,121,2,0.0125
57,21,5,2,23,16,109,106,2,0.0125
57,22,6,2,21,26,112,111,2,0.0125
57,23,7,2,27,14,85,82,1,0.00625
57,24,0,3,18,18,81,80,1,0.00625
57,25,1,3,19,23,95,94,2,0.0125
57,26,2,3,23,22,112,111,2,0.0125
57,27,3,3,16,21,104,107,1,0.00625
57,28,4,3,16,24,103,102,1,0.00625
57,29,5,3,18,27,100,99,0,0.0
57,30,6,3,15,18,88,91,1,0.00625
57,31,7,3,21,19,81,79,1,0.00625
57,32,0,4,25,20,92,91,1,0.00625
57,33,1,4,15,16,93,95,0,0.0
57,34,2,4,22,18,102,102,0,0.0
57,35,3,4,17,26,110,110,1,0.00625
57,36,4,4,18,18,99,99,1,0.00625
57,37,5,4,20,18,93,94,0,0.0
57,38,6,4,19,16,93,93,0,0.0
57,39,7,4,22,14,79,81,0,0.0
57,40,0,5,21,24,91,91,1,0.00625
57,41,1,5,18,22,103,102,1,0.00625
57,42,2,5,24,14,102,100,2,0.0125
57,43,3,5,17,22,102,103,2,0.0125
57,44,4,5,19,18,97,97,2,0.0125
57,45,5,5,22,18,97,96,4,0.025
57,46,6,5,15,18,94,91,1,0.00625
57,47,7,5,21,21,82,82,1,0.00625
57,48,0,6,18,21,78,78,1,0.00625
57,49,1,6,26,21,99,98,1,0.00625
57,50,2,6,15,19,93,96,1,0.00625
57,51,3,6,24,25,96,96,1,0.00625
57,52,4,6,16,16,98,98,0,0.0
57,53,5,6,24,16,90,91,0,0.0
57,54,6,6,13,22,95,93,1,0.00625
57,55,7,6,18,15,69,68,1,0.00625
57,56,0,7,17,18,51,51,0,0.0
57,57,1,7,19,18,70,70,0,0.0
57,58,2,7,18,25,79,79,1,0.00625
57,59,3,7,26,15,73,74,0,0.0
57,60,4,7,17,22,82,81,0,0.0
57,61,5,7,19,17,68,68,0,0.0
57,62,6,7,24,23,83,83,0,0.0
57,63,7,7,14,13,50,51,1,0.00625
58,0,0,0,16,10,44,44,1,0.00625
58,1,1,0,21,21,76,79,0,0.0
58,2,2,0,18,17,74,72,2,0.0125
58,3,3,0,17,22,75,73,1,0.00625
58,4,4,0,19,21,77,77,1,0.00625
58,5,5,0,20,23,78,76,2,0.0125
58,6,6,0,18,21,75,74,2,0.0125
58,7,7,0,16,23,58,58,0,0.0
58,8,0,1,20,16,69,67,2,0.0125
58,9,1,1,24,16,103,106,0,0.0
58,10,2,1,24,22,107,108,0,0.0
58,11,3,1,20,16,104,102,3,0.01875
58,12,4,1,16,21,101,103,1,0.00625
58,13,5,1,19,17,98,97,1,0.00625
58,14,6,1,15,17,92,90,3,0.01875
58,15,7,1,20,19,78,76,2,0.0125
58,16,0,2,18,21,73,73,0,0.0
58,17,1,2,16,21,97,97,0,0.0
58,18,2,2,13,26,90,91,0,0.0
58,19,3,2,25,24,101,102,0,0.0
58,20,4,2,12,22,99,100,1,0.00625
58,21,5,2,15,18,88,90,1,0.00625
58,22,6,2,21,18,90,90,1,0.00625
58,23,7,2,16,15,75,76,1,0.00625
58,24,0,3,20,25,72,73,0,0.0
58,25,1,3,18,19,100,100,1,0.00625
58,26,2,3,20,16,86,87,0,0.0
58,27,3,3,22,16,93,92,2,0.0125
58,28,4,3,21,24,104,105,1,0.00625
58,29,5,3,24,18,103,103,2,0.0125
58,30,6,3,19,15,99,98,1,0.00625
58,31,7,3,20,21,83,82,2,0.0125
58,32,0,4,10,19,58,60,0,0.0
58,33,1,4,17,24,91,92,0,0.0
58,34,2,4,14,19,81,80,1,0.00625
58,35,3,4,20,20,92,92,0,0.0
58,36,4,4,22,21,103,104,2,0.0125
58,37,5,4,24,18,113,107,3,0.01875
58,38,6,4,15,23,107,104,1,0.00625
58,39,7,4,21,19,79,79,0,0.0
58,40,0,5,18,15,68,67,2,0.0125
58,41,1,5,23,15,97,99,0,0.0
58,42,2,5,16,17,92,96,1,0.00625
58,43,3,5,25,14,97,98,0,0.0
58,44,4,5,25,18,113,114,1,0.00625
58,45,5,5,23,23,114,116,2,0.0125
58,46,6,5,20,23,110,108,3,0.01875
58,47,7,5,24,16,82,80,2,0.0125
58,48,0,6,22,24,73,75,0,0.0
58,49,1,6,20,18,96,98,0,0.0
58,50,2,6,16,22,89,87,2,0.0125
58,51,3,6,21,16,84,84,0,0.0
58,52,4,6,20,26,97,95,1,0.00625
58,53,5,6,19,26,100,99,2,0.0125
58,54,6,6,20,19,94,94,1,0.00625
58,55,7,6,13,18,71,73,0,0.0
58,56,0,7,22,13,52,53,0,0.0
58,57,1,7,16,24,82,81,1,0.00625
58,58,2,7,17,20,73,73,1,0.00625
58,59,3,7,19,14,75,72,1,0.00625
58,60,4,7,24,22,89,89,1,0.00625
58,61,5,7,21,17,88,87,0,0.0
58,62,6,7,23,21,89,87,2,0.0125
58,63,7,7,23,19,64,65,0,0.0
59,0,0,0,24,23,58,58,1,0.00625
59,1,1,0,20,18,71,70,1,0.00625
59,2,2,0,18,13,64,63,1,0.00625
59,3,3,0,21,19,69,70,0,0.0
59,4,4,0,17,21,73,71,1,0.00625
59,5,5,0,14,23,69,71,0,0.0
59,6,6,0,19,21,71,73,1,0.00625
59,7,7,0,16,19,54,55,1,0.00625
59,8,0,1,16,14,74,76,0,0.0
59,9,1,1,19,20,93,92,1,0.00625
59,10,2,1,22,20,97,97,2,0.0125
59,11,3,1,13,16,92,94,1,0.00625
59,12,4,1,25,19,100,99,1,0.00625
59,13,5,1,17,19,102,104,0,0.0
59,14,6,1,21,18,98,99,1,0.00625
59,15,7,1,21,18,78,78,0,0.0
59,16,0,2,19,21,89,88,1,0.00625
59,17,1,2,15,14,93,92,1,0.00625
59,18,2,2,22,19,101,99,1,0.00625
59,19,3,2,16,22,106,106,1,0.00625
59,20,4,2,21,12,98,97,1,0.00625
59,21,5,2,19,24,104,106,1,0.00625
59,22,6,2,15,21,98,99,0,0.0
59,23,7,2,22,19,76,77,0,0.0
59,24,0,3,13,23,78,78,0,0.0
59,25,1,3,23,18,92,91,2,0.0125
59,26,2,3,28,18,100,98,2,0.0125
59,27,3,3,23,20,108,106,3,0.01875
59,28,4,3,25,19,103,101,2,0.0125
59,29,5,3,19,20,101,100,1,0.00625
59,30,6,3,22,19,98,99,0,0.0
59,31,7,3,14,17,72,73,1,0.00625
59,32,0,4,22,18,87,86,0,0.0
59,33,1,4,17,14,100,97,3,0.01875
59,34,2,4,19,21,100,100,1,0.00625
59,35,3,4,19,26,106,106,1,0.00625
59,36,4,4,18,20,100,100,2,0.0125
59,37,5,4,25,26,105,107,3,0.01875
59,38,6,4,18,20,103,105,0,0.0
59,39,7,4,18,23,77,78,0,0.0
59,40,0,5,17,24,86,89,0,0.0
59,41,1,5,18,22,102,101,0,0.0
59,42,2,5,19,16,93,93,0,0.0
59,43,3,5,16,18,96,97,0,0.0
59,44,4,5,15,20,89,89,0,0.0
59,45,5,5,19,18,85,86,0,0.0
59,46,6,5,19,28,101,105,1,0.00625
59,47,7,5,13,17,69,70,0,0.0
59,48,0,6,18,19,79,74,3,0.01875
59,49,1,6,13,20,87,87,0,0.0
59,50,2,6,20,18,87,88,1,0.00625
59,51,3,6,19,21,101,101,0,0.0
59,52,4,6,18,18,96,96,0,0.0
59,53,5,6,18,14,84,84,1,0.00625
59,54,6,6,22,20,98,99,1,0.00625
59,55,7,6,14,21,78,76,1,0.00625
59,56,0,7,25,14,63,62,0,0.0
59,57,1,7,23,16,84,84,1,0.00625
59,58,2,7,24,16,82,82,1,0.00625
59,59,3,7,20,19,84,86,1,0.00625
59,60,4,7,21,19,80,79,1,0.00625
59,61,5,7,23,19,78,78,1,0.00625
59,62,6,7,16,18,70,73,1,0.00625
59,63,7,7,17,23,56,56,0,0.0
60,0,0,0,16,16,52,52,0,0.0
60,1,1,0,23,30,90,88,3,0.01875
60,2,2,0,19,28,88,88,2,0.0125
60,3,3,0,15,22,75,76,1,0.00625
60,4,4,0,18,13,64,64,0,0.0
60,5,5,0,16,17,71,67,1,0.00625
60,6,6,0,18,25,78,78,1,0.00625
60,7,7,0,22,16,58,57,2,0.0125
60,8,0,1,17,19,75,73,2,0.0125
60,9,1,1,15,19,106,105,2,0.0125
60,10,2,1,19,22,107,108,1,0.00625
60,11,3,1,19,20,100,100,2,0.0125
60,12,4,1,25,14,94,96,1,0.00625
60,13,5,1,16,17,103,101,1,0.00625
60,14,6,1,14,16,95,97,0,0.0
60,15,7,1,22,19,78,76,3,0.01875
60,16,0,2,20,24,76,78,0,0.0
60,17,1,2,15,19,103,104,1,0.00625
60,18,2,2,18,14,93,92,2,0.0125
60,19,3,2,21,19,95,96,0,0.0
60,20,4,2,19,18,89,92,0,0.0
60,21,5,2,18,28,106,103,2,0.0125
60,22,6,2,13,15,94,92,2,0.0125
60,23,7,2,20,17,65,65,0,0.0
60,24,0,3,19,19,75,73,0,0.0
60,25,1,3,25,20,112,112,3,0.01875
60,26,2,3,29,16,118,119,1,0.00625
60,27,3,3,19,16,105,107,0,0.0
60,28,4,3,32,20,106,107,0,0.0
60,29,5,3,18,20,109,110,2,0.0125
60,30,6,3,17,21,105,103,1,0.00625
60,31,7,3,26,12,73,73,2,0.0125
60,32,0,4,28,21,83,81,1,0.00625
60,33,1,4,20,15,108,109,1,0.00625
60,34,2,4,13,22,102,100,4,0.025
60,35,3,4,14,30,98,98,2,0.0125
60,36,4,4,23,21,92,91,0,0.0
60,37,5,4,18,32,114,114,3,0.01875
60,38,6,4,18,19,105,105,0,0.0
60,39,7,4,26,20,81,80,1,0.00625
60,40,0,5,21,20,71,70,1,0.00625
60,41,1,5,17,23,102,103,0,0.0
60,42,2,5,24,21,100,99,0,0.0
60,43,3,5,22,15,92,89,2,0.0125
60,44,4,5,23,15,87,86,2,0.0125
60,45,5,5,22,21,105,103,2,0.0125
60,46,6,5,20,17,106,102,3,0.01875
60,47,7,5,20,19,75,77,0,0.0
60,48,0,6,21,16,63,68,0,0.0
60,49,1,6,10,17,91,88,0,0.0
60,50,2,6,20,19,85,84,1,0.00625
60,51,3,6,19,20,89,89,1,0.00625
60,52,4,6,24,17,85,84,1,0.00625
60,53,5,6,28,22,107,107,1,0.00625
60,54,6,6,20,22,107,107,0,0.0
60,55,7,6,15,21,73,73,1,0.00625
60,56,0,7,26,15,55,55,0,0.0
60,57,1,7,22,22,83,84,0,0.0
60,58,2,7,18,6,63,63,1,0.00625
60,59,3,7,13,20,62,62,0,0.0
60,60,4,7,18,21,62,63,1,0.00625
60,61,5,7,27,24,83,83,1,0.00625
60,62,6,7,18,28,88,87,1,0.00625
60,63,7,7,16,19,52,51,0,0.0
61,0,0,0,25,16,69,69,0,0.0
61,1,1,0,21,20,89,92,1,0.00625
61,2,2,0,24,18,90,92,0,0.0
61,3,3,0,22,19,92,93,0,0.0
61,4,4,0,13,17,79,78,0,0.0
61,5,5,0,32,19,89,92,0,0.0
61,6,6,0,21,20,97,96,2,0.0125
61,7,7,0,23,17,60,60,1,0.00625
61,8,0,1,22,25,85,86,2,0.0125
61,9,1,1,23,25,104,106,0,0.0
61,10,2,1,20,21,102,103,0,0.0
61,11,3,1,17,26,103,104,0,0.0
61,12,4,1,21,23,94,95,0,0.0
61,13,5,1,30,15,100,102,0,0.0
61,14,6,1,18,27,114,113,1,0.00625
61,15,7,1,19,21,69,72,0,0.0
61,16,0,2,24,20,81,80,0,0.0
61,17,1,2,24,21,103,102,1,0.00625
61,18,2,2,14,23,97,98,1,0.00625
61,19,3,2,19,20,96,95,1,0.00625
61,20,4,2,25,18,96,94,1,0.00625
61,21,5,2,17,22,103,105,1,0.00625
61,22,6,2,21,27,107,109,1,0.00625
61,23,7,2,22,17,75,73,1,0.00625
61,24,0,3,17,20,74,74,2,0.0125
61,25,1,3,22,23,99,101,0,0.0
61,26,2,3,17,23,102,104,0,0.0
61,27,3,3,20,19,95,95,1,0.00625
61,28,4,3,25,22,104,105,0,0.0
61,29,5,3,15,24,107,108,1,0.00625
61,30,6,3,20,16,98,98,2,0.0125
61,31,7,3,22,20,76,75,1,0.00625
61,32,0,4,17,20,73,77,0,0.0
61,33,1,4,22,21,98,99,1,0.00625
61,34,2,4,19,25,103,105,2,0.0125
61,35,3,4,17,18,90,91,1,0.00625
61,36,4,4,20,21,96,97,2,0.0125
61,37,5,4,18,22,102,103,2,0.0125
61,38,6,4,18,15,94,93,0,0.0
61,39,7,4,17,18,67,67,1,0.00625
61,40,0,5,28,24,85,84,0,0.0
61,41,1,5,26,18,109,109,0,0.0
61,42,2,5,25,22,110,107,2,0.0125
61,43,3,5,18,17,96,96,2,0.0125
61,44,4,5,15,17,87,89,0,0.0
61,45,5,5,22,21,101,100,1,0.00625
61,46,6,5,22,17,101,104,2,0.0125
61,47,7,5,16,17,69,67,2,0.0125
61,48,0,6,20,19,73,73,0,0.0
61,49,1,6,21,29,106,107,0,0.0
61,50,2,6,21,24,106,105,4,0.025
61,51,3,6,21,24,107,106,0,0.0
61,52,4,6,18,22,97,99,1,0.00625
61,53,5,6,25,18,106,104,2,0.0125
61,54,6,6,23,24,117,117,1,0.00625
61,55,7,6,23,20,78,79,0,0.0
61,56,0,7,16,20,51,52,0,0.0
61,57,1,7,18,20,70,70,0,0.0
61,58,2,7,18,23,72,72,1,0.00625
61,59,3,7,20,23,77,77,0,0.0
61,60,4,7,21,18,75,74,2,0.0125
61,61,5,7,20,18,76,75,2,0.0125
61,62,6,7,15,23,77,76,2,0.0125
61,63,7,7,14,21,52,50,2,0.0125
62,0,0,0,26,14,63,63,1,0.00625
62,1,1,0,20,20,91,92,0,0.0
62,2,2,0,20,23,86,84,1,0.00625
62,3,3,0,30,22,95,93,0,0.0
62,4,4,0,26,23,99,101,1,0.00625
62,5,5,0,22,32,99,98,2,0.0125
62,6,6,0,27,25,97,97,1,0.00625
62,7,7,0,22,19,68,69,1,0.00625
62,8,0,1,23,24,76,78,0,0.0
62,9,1,1,21,28,110,109,1,0.00625
62,10,2,1,21,23,101,98,1,0.00625
62,11,3,1,21,19,99,98,1,0.00625
62,12,4,1,24,28,115,114,0,0.0
62,13,5,1,22,22,119,118,0,0.0
62,14,6,1,16,26,104,102,2,0.0125
62,15,7,1,16,27,81,81,1,0.00625
62,16,0,2,22,15,71,71,0,0.0
62,17,1,2,20,23,107,107,2,0.0125
62,18,2,2,28,21,109,111,0,0.0
62,19,3,2,23,21,112,110,1,0.00625
62,20,4,2,21,22,109,110,0,0.0
62,21,5,2,20,23,120,118,3,0.01875
62,22,6,2,20,23,109,106,2,0.0125
62,23,7,2,21,18,82,83,2,0.0125
62,24,0,3,22,20,80,81,0,0.0
62,25,1,3,22,22,113,113,0,0.0
62,26,2,3,22,19,109,108,0,0.0
62,27,3,3,18,25,117,117,1,0.00625
62,28,4,3,19,18,105,104,2,0.0125
62,29,5,3,24,20,120,121,0,0.0
62,30,6,3,21,19,105,106,2,0.0125
62,31,7,3,21,20,86,89,0,0.0
62,32,0,4,15,26,74,72,1,0.00625
62,33,1,4,20,20,94,94,1,0.00625
62,34,2,4,15,21,90,91,1,0.00625
62,35,3,4,26,21,107,104,4,0.025
62,36,4,4,22,17,100,102,0,0.0
62,37,5,4,18,23,107,109,0,0.0
62,38,6,4,11,23,83,83,0,0.0
62,39,7,4,14,22,68,68,0,0.0
62,40,0,5,13,17,55,56,1,0.00625
62,41,1,5,13,19,78,77,1,0.00625
62,42,2,5,16,21,83,85,3,0.01875
62,43,3,5,23,16,100,101,1,0.00625
62,44,4,5,26,24,107,104,2,0.0125
62,45,5,5,20,23,107,111,0,0.0
62,46,6,5,15,17,83,84,0,0.0
62,47,7,5,14,11,61,62,1,0.00625
62,48,0,6,20,13,67,68,0,0.0
62,49,1,6,26,15,103,104,0,0.0
62,50,2,6,20,13,95,97,2,0.0125
62,51,3,6,22,21,109,110,0,0.0
62,52,4,6,19,23,105,107,0,0.0
62,53,5,6,17,24,111,110,2,0.0125
62,54,6,6,21,19,95,94,0,0.0
62,55,7,6,18,15,77,77,1,0.00625
62,56,0,7,22,20,56,55,1,0.00625
62,57,1,7,21,20,76,76,1,0.00625
62,58,2,7,30,23,88,89,1,0.00625
62,59,3,7,15,16,75,72,3,0.01875
62,60,4,7,29,24,81,82,1,0.00625
62,61,5,7,19,21,79,81,0,0.0
62,62,6,7,21,18,66,67,0,0.0
62,63,7,7,12,23,54,56,1,0.00625
63,0,0,0,24,12,55,55,0,0.0
63,1,1,0,21,18,86,80,3,0.01875
63,2,2,0,18,17,76,78,1,0.00625
63,3,3,0,29,28,96,97,1,0.00625
63,4,4,0,23,13,85,83,2,0.0125
63,5,5,0,15,13,75,73,2,0.0125
63,6,6,0,26,20,84,84,1,0.00625
63,7,7,0,23,24,72,72,1,0.00625
63,8,0,1,23,20,72,71,1,0.00625
63,9,1,1,20,21,106,105,1,0.00625
63,10,2,1,17,17,95,95,2,0.0125
63,11,3,1,22,20,106,107,0,0.0
63,12,4,1,11,27,96,96,0,0.0
63,13,5,1,14,24,82,83,1,0.00625
63,14,6,1,20,14,92,93,1,0.00625
63,15,7,1,21,23,88,86,2,0.0125
63,16,0,2,17,20,70,69,2,0.0125
63,17,1,2,21,24,106,108,0,0.0
63,18,2,2,14,22,99,96,0,0.0
63,19,3,2,18,17,99,101,0,0.0
63,20,4,2,16,19,90,88,3,0.01875
63,21,5,2,18,12,75,76,2,0.0125
63,22,6,2,17,16,91,93,1,0.00625
63,23,7,2,18,18,80,81,0,0.0
63,24,0,3,23,22,73,73,1,0.00625
63,25,1,3,18,19,96,97,0,0.0
63,26,2,3,19,19,92,91,1,0.00625
63,27,3,3,21,16,99,99,0,0.0
63,28,4,3,17,20,88,89,1,0.00625
63,29,5,3,17,17,76,75,1,0.00625
63,30,6,3,22,18,98,98,0,0.0
63,31,7,3,20,20,84,82,1,0.00625
63,32,0,4,19,18,61,61,2,0.0125
63,33,1,4,21,24,96,95,1,0.00625
63,34,2,4,18,19,93,91,2,0.0125
63,35,3,4,21,19,98,101,0,0.0
63,36,4,4,23,22,97,95,2,0.0125
63,37,5,4,22,15,88,83,2,0.0125
63,38,6,4,21,18,100,100,0,0.0
63,39,7,4,18,20,84,82,1,0.00625
63,40,0,5,20,13,59,59,1,0.00625
63,41,1,5,20,16,88,90,0,0.0
63,42,2,5,18,19,89,91,0,0.0
63,43,3,5,21,19,96,95,1,0.00625
63,44,4,5,14,22,87,88,1,0.00625
63,45,5,5,23,22,88,87,0,0.0
63,46,6,5,20,24,102,103,0,0.0
63,47,7,5,13,20,79,79,0,0.0
63,48,0,6,12,12,55,55,0,0.0
63,49,1,6,15,22,84,84,0,0.0
63,50,2,6,15,20,92,91,2,0.0125
63,51,3,6,19,18,98,97,1,0.00625
63,52,4,6,21,20,99,93,3,0.01875
63,53,5,6,25,16,90,94,1,0.00625
63,54,6,6,18,26,111,111,1,0.00625
63,55,7,6,19,20,84,83,1,0.00625
63,56,0,7,14,20,46,47,0,0.0
63,57,1,7,18,13,58,57,2,0.0125
63,58,2,7,23,19,72,70,2,0.0125
63,59,3,7,21,18,75,77,1,0.00625
63,60,4,7,14,19,67,66,2,0.0125
63,61,5,7,23,17,70,70,0,0.0
63,62,6,7,25,25,90,90,1,0.00625
63,63,7,7,13,19,59,60,0,0.0
64,0,0,0,24,16,62,63,0,0.0
64,1,1,0,19,13,75,81,0,0.0
64,2,2,0,28,20,92,89,4,0.025
64,3,3,0,17,21,87,85,2,0.0125
64,4,4,0,24,18,85,89,0,0.0
64,5,5,0,25,18,90,92,1,0.00625
64,6,6,0,15,22,82,83,1,0.00625
64,7,7,0,23,22,60,59,1,0.00625
64,8,0,1,21,24,81,81,0,0.0
64,9,1,1,19,23,92,95,0,0.0
64,10,2,1,27,23,107,109,1,0.00625
64,11,3,1,14,22,105,102,1,0.00625
64,12,4,1,23,22,92,92,0,0.0
64,13,5,1,17,26,103,103,0,0.0
64,14,6,1,20,24,99,101,1,0.00625
64,15,7,1,20,19,79,81,0,0.0
64,16,0,2,18,19,70,71,1,0.00625
64,17,1,2,23,22,91,89,1,0.00625
64,18,2,2,15,18,94,95,0,0.0
64,19,3,2,20,26,101,101,0,0.0
64,20,4,2,20,15,93,95,1,0.00625
64,21,5,2,20,23,105,102,2,0.0125
64,22,6,2,16,16,93,94,1,0.00625
64,23,7,2,25,21,79,78,1,0.00625
64,24,0,3,21,17,71,72,1,0.00625
64,25,1,3,14,15,80,80,0,0.0
64,26,2,3,24,24,100,102,0,0.0
64,27,3,3,18,14,95,95,0,0.0
64,28,4,3,17,21,91,88,1,0.00625
64,29,5,3,18,20,88,88,2,0.0125
64,30,6,3,17,20,87,88,1,0.00625
64,31,7,3,14,14,64,65,0,0.0
64,32,0,4,17,16,69,69,1,0.00625
64,33,1,4,26,21,102,103,1,0.00625
64,34,2,4,24,17,108,110,0,0.0
64,35,3,4,20,26,113,113,0,0.0
64,36,4,4,18,16,92,91,1,0.00625
64,37,5,4,20,16,92,96,1,0.00625
64,38,6,4,23,19,105,105,1,0.00625
64,39,7,4,21,18,84,85,2,0.0125
64,40,0,5,16,22,67,66,1,0.00625
64,41,1,5,15,20,80,78,2,0.0125
64,42,2,5,18,25,95,94,1,0.00625
64,43,3,5,20,23,97,98,2,0.0125
64,44,4,5,23,19,96,98,0,0.0
64,45,5,5,22,15,95,95,1,0.00625
64,46,6,5,20,19,101,98,1,0.00625
64,47,7,5,19,24,83,82,1,0.00625
64,48,0,6,19,15,67,65,0,0.0
64,49,1,6,22,14,88,88,0,0.0
64,50,2,6,20,17,97,97,3,0.01875
64,51,3,6,18,15,91,93,1,0.00625
64,52,4,6,23,22,92,97,0,0.0
64,53,5,6,19,23,97,95,3,0.01875
64,54,6,6,19,20,96,96,1,0.00625
64,55,7,6,18,22,79,79,1,0.00625
64,56,0,7,14,19,48,47,1,0.00625
64,57,1,7,20,17,67,68,1,0.00625
64,58,2,7,20,20,77,77,1,0.00625
64,59,3,7,14,21,71,70,2,0.0125
64,60,4,7,15,19,65,65,1,0.00625
64,61,5,7,21,24,74,73,1,0.00625
64,62,6,7,22,20,77,76,3,0.01875
64,63,7,7,19,19,58,57,0,0.0
65,0,0,0,15,17,57,56,1,0.00625
65,1,1,0,24,18,84,81,1,0.00625
65,2,2,0,12,14,74,77,0,0.0
65,3,3,0,23,18,80,81,2,0.0125
65,4,4,0,20,23,89,89,0,0.0
65,5,5,0,19,16,81,80,1,0.00625
65,6,6,0,18,18,81,80,2,0.0125
65,7,7,0,25,24,64,65,0,0.0
65,8,0,1,20,24,82,81,1,0.00625
65,9,1,1,18,16,95,95,0,0.0
65,10,2,1,20,23,101,99,1,0.00625
65,11,3,1,23,17,100,101,1,0.00625
65,12,4,1,19,20,106,106,0,0.0
65,13,5,1,18,20,92,93,0,0.0
65,14,6,1,18,20,93,93,0,0.0
65,15,7,1,20,13,75,75,1,0.00625
65,16,0,2,20,20,88,86,3,0.01875
65,17,1,2,12,18,96,97,1,0.00625
65,18,2,2,18,18,90,90,2,0.0125
65,19,3,2,22,23,109,110,1,0.00625
65,20,4,2,15,22,106,103,1,0.00625
65,21,5,2,27,19,102,106,1,0.00625
65,22,6,2,12,16,100,100,1,0.00625
65,23,7,2,21,17,76,77,1,0.00625
65,24,0,3,19,31,86,85,0,0.0
65,25,1,3,19,21,97,96,1,0.00625
65,26,2,3,26,14,88,88,1,0.00625
65,27,3,3,15,18,97,97,1,0.00625
65,28,4,3,21,20,101,102,2,0.0125
65,29,5,3,17,17,97,98,1,0.00625
65,30,6,3,12,29,103,100,1,0.00625
65,31,7,3,20,14,71,71,0,0.0
65,32,0,4,24,19,82,82,0,0.0
65,33,1,4,19,19,97,96,0,0.0
65,34,2,4,25,16,90,90,0,0.0
65,35,3,4,20,22,104,102,1,0.00625
65,36,4,4,18,17,101,99,2,0.0125
65,37,5,4,26,24,107,107,2,0.0125
65,38,6,4,20,18,104,105,0,0.0
65,39,7,4,20,14,73,73,1,0.00625
65,40,0,5,20,20,81,81,1,0.00625
65,41,1,5,15,23,96,97,1,0.00625
65,42,2,5,22,20,86,87,0,0.0
65,43,3,5,23,24,106,107,0,0.0
65,44,4,5,16,22,103,102,0,0.0
65,45,5,5,17,23,89,89,1,0.00625
65,46,6,5,21,27,102,103,2,0.0125
65,47,7,5,15,21,76,78,0,0.0
65,48,0,6,19,20,72,72,1,0.00625
65,49,1,6,23,17,92,92,1,0.00625
65,50,2,6,21,14,82,85,0,0.0
65,51,3,6,16,21,92,91,1,0.00625
65,52,4,6,14,21,95,93,1,0.00625
65,53,5,6,24,16,91,93,0,0.0
65,54,6,6,14,18,94,94,1,0.00625
65,55,7,6,16,20,70,72,0,0.0
65,56,0,7,19,12,49,49,0,0.0
65,57,1,7,15,19,70,70,1,0.00625
65,58,2,7,22,22,76,77,2,0.0125
65,59,3,7,26,19,85,86,1,0.00625
65,60,4,7,22,14,77,76,0,0.0
65,61,5,7,20,18,75,74,1,0.00625
65,62,6,7,20,25,81,82,0,0.0
65,63,7,7,15,15,51,50,1,0.00625
66,0,0,0,13,20,61,61,0,0.0
66,1,1,0,24,16,78,81,0,0.0
66,2,2,0,21,25,95,94,0,0.0
66,3,3,0,30,22,101,100,2,0.0125
66,4,4,0,26,20,101,98,2,0.0125
66,5,5,0,27,23,100,98,2,0.0125
66,6,6,0,12,17,79,80,1,0.00625
66,7,7,0,24,21,59,59,1,0.00625
66,8,0,1,14,25,87,86,1,0.00625
66,9,1,1,18,15,84,82,2,0.0125
66,10,2,1,16,22,100,102,1,0.00625
66,11,3,1,16,21,102,102,1,0.00625
66,12,4,1,19,30,112,109,3,0.01875
66,13,5,1,21,23,112,110,1,0.00625
66,14,6,1,19,24,106,107,0,0.0
66,15,7,1,22,17,79,78,1,0.00625
66,16,0,2,19,25,83,85,0,0.0
66,17,1,2,18,16,88,88,0,0.0
66,18,2,2,24,18,100,101,0,0.0
66,19,3,2,21,16,100,99,0,0.0
66,20,4,2,22,17,100,102,1,0.00625
66,21,5,2,16,17,94,95,0,0.0
66,22,6,2,19,24,92,94,0,0.0
66,23,7,2,19,19,80,81,0,0.0
66,24,0,3,24,19,86,87,1,0.00625
66,25,1,3,19,20,100,99,1,0.00625
66,26,2,3,22,18,106,105,1,0.00625
66,27,3,3,15,23,101,99,4,0.025
66,28,4,3,22,22,95,94,2,0.0125
66,29,5,3,16,19,100,97,2,0.0125
66,30,6,3,26,18,94,96,0,0.0
66,31,7,3,20,19,86,87,0,0.0
66,32,0,4,24,22,89,90,0,0.0
66,33,1,4,13,22,98,97,2,0.0125
66,34,2,4,17,18,100,96,3,0.01875
66,35,3,4,9,23,95,97,1,0.00625
66,36,4,4,19,13,81,85,0,0.0
66,37,5,4,23,22,106,107,1,0.00625
66,38,6,4,26,17,103,103,0,0.0
66,39,7,4,20,23,94,94,2,0.0125
66,40,0,5,15,20,73,74,0,0.0
66,41,1,5,24,21,93,91,2,0.0125
66,42,2,5,14,14,96,96,0,0.0
66,43,3,5,19,17,87,87,1,0.00625
66,44,4,5,17,8,78,77,1,0.00625
66,45,5,5,22,17,94,90,3,0.01875
66,46,6,5,24,25,102,101,3,0.01875
66,47,7,5,18,23,94,91,2,0.0125
66,48,0,6,20,19,86,87,0,0.0
66,49,1,6,22,18,102,100,2,0.0125
66,50,2,6,16,23,115,111,3,0.01875
66,51,3,6,26,17,106,104,2,0.0125
66,52,4,6,20,19,104,104,1,0.00625
66,53,5,6,14,15,93,93,1,0.00625
66,54,6,6,20,20,92,91,1,0.00625
66,55,7,6,25,24,93,92,1,0.00625
66,56,0,7,17,25,66,66,1,0.00625
66,57,1,7,21,18,80,79,1,0.00625
66,58,2,7,18,21,82,83,1,0.00625
66,59,3,7,18,19,76,77,0,0.0
66,60,4,7,17,25,84,86,1,0.00625
66,61,5,7,17,16,77,78,1,0.00625
66,62,6,7,25,11,78,77,2,0.0125
66,63,7,7,25,18,69,70,0,0.0
67,0,0,0,24,23,60,59,1,0.00625
67,1,1,0,21,21,79,78,1,0.00625
67,2,2,0,17,11,62,62,1,0.00625
67,3,3,0,18,25,71,72,1,0.00625
67,4,4,0,21,19,72,75,0,0.0
67,5,5,0,17,14,68,70,1,0.00625
67,6,6,0,30,24,87,87,1,0.00625
67,7,7,0,13,22,67,67,0,0.0
67,8,0,1,21,15,80,83,0,0.0
67,9,1,1,16,22,103,103,0,0.0
67,10,2,1,25,21,95,95,0,0.0
67,11,3,1,15,17,101,102,0,0.0
67,12,4,1,23,20,99,102,1,0.00625
67,13,5,1,22,23,107,109,0,0.0
67,14,6,1,21,21,110,108,1,0.00625
67,15,7,1,24,28,98,98,2,0.0125
67,16,0,2,13,24,83,83,1,0.00625
67,17,1,2,25,18,100,98,2,0.0125
67,18,2,2,25,17,102,98,3,0.01875
67,19,3,2,17,24,109,109,2,0.0125
67,20,4,2,14,18,86,88,0,0.0
67,21,5,2,18,24,96,95,0,0.0
67,22,6,2,22,22,107,106,1,0.00625
67,23,7,2,22,22,87,84,1,0.00625
67,24,0,3,17,21,87,85,1,0.00625
67,25,1,3,16,14,90,89,0,0.0
67,26,2,3,23,23,99,99,1,0.00625
67,27,3,3,27,25,122,122,3,0.01875
67,28,4,3,15,19,104,106,0,0.0
67,29,5,3,21,18,93,96,0,0.0
67,30,6,3,20,18,103,105,0,0.0
67,31,7,3,24,20,89,86,0,0.0
67,32,0,4,20,22,87,88,0,0.0
67,33,1,4,10,17,84,87,0,0.0
67,34,2,4,22,19,77,81,0,0.0
67,35,3,4,18,23,102,101,2,0.0125
67,36,4,4,24,24,104,103,1,0.00625
67,37,5,4,25,15,101,98,3,0.01875
67,38,6,4,20,18,100,101,0,0.0
67,39,7,4,18,21,79,80,1,0.00625
67,40,0,5,22,19,83,83,0,0.0
67,41,1,5,18,21,96,96,1,0.00625
67,42,2,5,15,12,71,72,0,0.0
67,43,3,5,19,23,100,98,2,0.0125
67,44,4,5,15,17,89,88,1,0.00625
67,45,5,5,19,25,97,100,1,0.00625
67,46,6,5,13,21,99,98,3,0.01875
67,47,7,5,21,20,73,73,2,0.0125
67,48,0,6,27,16,92,93,0,0.0
67,49,1,6,21,20,110,111,1,0.00625
67,50,2,6,18,18,90,93,0,0.0
67,51,3,6,19,17,98,101,1,0.00625
67,52,4,6,23,17,102,102,1,0.00625
67,53,5,6,16,17,98,97,1,0.00625
67,54,6,6,13,20,97,99,0,0.0
67,55,7,6,24,13,71,70,2,0.0125
67,56,0,7,23,24,71,72,0,0.0
67,57,1,7,17,31,94,93,2,0.0125
67,58,2,7,23,22,86,86,0,0.0
67,59,3,7,19,18,87,86,1,0.00625
67,60,4,7,17,18,81,80,1,0.00625
67,61,5,7,22,22,88,86,1,0.00625
67,62,6,7,22,21,88,88,1,0.00625
67,63,7,7,27,15,59,59,0,0.0
68,0,0,0,19,27,69,68,2,0.0125
68,1,1,0,18,18,78,78,0,0.0
68,2,2,0,29,27,96,96,1,0.00625
68,3,3,0,12,19,80,81,1,0.00625
68,4,4,0,24,25,83,81,1,0.00625
68,5,5,0,26,19,86,86,1,0.00625
68,6,6,0,22,18,84,84,0,0.0
68,7,7,0,21,24,63,63,0,0.0
68,8,0,1,23,21,89,88,1,0.00625
68,9,1,1,18,19,98,99,1,0.00625
68,10,2,1,19,20,104,103,1,0.00625
68,11,3,1,23,28,105,106,1,0.00625
68,12,4,1,24,12,101,101,0,0.0
68,13,5,1,23,22,106,104,0,0.0
68,14,6,1,14,24,101,98,2,0.0125
68,15,7,1,18,22,75,75,1,0.00625
68,16,0,2,19,17,86,86,1,0.00625
68,17,1,2,21,25,108,105,3,0.01875
68,18,2,2,27,20,123,125,1,0.00625
68,19,3,2,19,17,112,110,3,0.01875
68,20,4,2,20,18,117,114,2,0.0125
68,21,5,2,23,24,114,114,2,0.0125
68,22,6,2,21,22,118,115,3,0.01875
68,23,7,2,31,11,88,86,2,0.0125
68,24,0,3,22,22,88,89,1,0.00625
68,25,1,3,20,15,91,92,2,0.0125
68,26,2,3,18,23,107,106,2,0.0125
68,27,3,3,18,24,100,100,1,0.00625
68,28,4,3,22,19,105,106,1,0.00625
68,29,5,3,8,18,83,84,0,0.0
68,30,6,3,26,23,98,97,1,0.00625
68,31,7,3,19,18,85,87,0,0.0
68,32,0,4,20,18,74,71,2,0.0125
68,33,1,4,15,23,87,87,0,0.0
68,34,2,4,25,17,102,102,0,0.0
68,35,3,4,26,19,99,98,1,0.00625
68,36,4,4,20,25,99,99,0,0.0
68,37,5,4,26,22,90,94,0,0.0
68,38,6,4,19,10,90,87,1,0.00625
68,39,7,4,12,24,82,80,2,0.0125
68,40,0,5,21,14,78,76,0,0.0
68,41,1,5,15,22,94,95,1,0.00625
68,42,2,5,18,15,102,100,2,0.0125
68,43,3,5,19,25,102,104,1,0.00625
68,44,4,5,11,22,98,98,3,0.01875
68,45,5,5,21,18,86,87,0,0.0
68,46,6,5,14,30,101,102,2,0.0125
68,47,7,5,20,20,78,78,3,0.01875
68,48,0,6,11,20,72,70,2,0.0125
68,49,1,6,29,20,95,94,0,0.0
68,50,2,6,24,16,118,116,0,0.0
68,51,3,6,20,17,100,100,1,0.00625
68,52,4,6,18,22,104,105,1,0.00625
68,53,5,6,17,12,82,80,3,0.01875
68,54,6,6,17,22,91,92,0,0.0
68,55,7,6,17,14,75,75,0,0.0
68,56,0,7,14,19,55,55,0,0.0
68,57,1,7,25,8,71,74,0,0.0
68,58,2,7,19,27,96,96,1,0.00625
68,59,3,7,25,21,86,86,1,0.00625
68,60,4,7,20,21,87,88,0,0.0
68,61,5,7,17,20,77,78,1,0.00625
68,62,6,7,22,13,79,79,1,0.00625
68,63,7,7,20,16,64,62,1,0.00625
69,0,0,0,17,19,52,54,0,0.0
69,1,1,0,18,21,74,73,1,0.00625
69,2,2,0,18,20,75,77,0,0.0
69,3,3,0,15,20,75,75,1,0.00625
69,4,4,0,17,22,75,76,0,0.0
69,5,5,0,22,20,79,81,0,0.0
69,6,6,0,20,16,79,77,2,0.0125
69,7,7,0,20,16,59,59,0,0.0
69,8,0,1,22,18,79,75,3,0.01875
69,9,1,1,17,17,95,94,1,0.00625
69,10,2,1,16,18,88,86,2,0.0125
69,11,3,1,18,21,96,93,3,0.01875
69,12,4,1,18,17,95,92,1,0.00625
69,13,5,1,24,21,98,98,0,0.0
69,14,6,1,18,21,97,99,2,0.0125
69,15,7,1,21,22,77,78,0,0.0
69,16,0,2,18,20,79,77,2,0.0125
69,17,1,2,17,20,98,100,2,0.0125
69,18,2,2,18,12,86,88,0,0.0
69,19,3,2,20,17,97,98,2,0.0125
69,20,4,2,16,19,92,93,0,0.0
69,21,5,2,16,18,84,84,2,0.0125
69,22,6,2,27,21,97,99,1,0.00625
69,23,7,2,17,22,76,80,0,0.0
69,24,0,3,21,24,78,79,0,0.0
69,25,1,3,19,20,101,101,2,0.0125
69,26,2,3,21,18,91,93,0,0.0
69,27,3,3,18,20,96,98,1,0.00625
69,28,4,3,23,18,95,94,1,0.00625
69,29,5,3,34,15,106,101,2,0.0125
69,30,6,3,26,16,104,102,1,0.00625
69,31,7,3,14,29,80,78,1,0.00625
69,32,0,4,23,17,74,76,0,0.0
69,33,1,4,19,21,101,100,1,0.00625
69,34,2,4,19,19,88,86,1,0.00625
69,35,3,4,21,22,100,100,2,0.0125
69,36,4,4,20,16,97,98,1,0.00625
69,37,5,4,18,21,97,95,1,0.00625
69,38,6,4,19,27,99,100,1,0.00625
69,39,7,4,16,24,70,72,1,0.00625
69,40,0,5,14,13,69,71,1,0.00625
69,41,1,5,19,22,102,103,0,0.0
69,42,2,5,23,18,97,99,0,0.0
69,43,3,5,25,18,107,107,0,0.0
69,44,4,5,26,20,112,110,2,0.0125
69,45,5,5,20,22,105,104,1,0.00625
69,46,6,5,18,16,94,96,0,0.0
69,47,7,5,17,20,68,71,0,0.0
69,48,0,6,19,21,80,81,0,0.0
69,49,1,6,17,18,96,97,1,0.00625
69,50,2,6,23,20,96,96,1,0.00625
69,51,3,6,21,21,108,106,1,0.00625
69,52,4,6,21,21,105,104,2,0.0125
69,53,5,6,23,21,100,101,0,0.0
69,54,6,6,20,21,100,97,2,0.0125
69,55,7,6,16,18,64,65,1,0.00625
69,56,0,7,24,17,63,62,0,0.0
69,57,1,7,18,21,83,82,1,0.00625
69,58,2,7,24,19,79,79,0,0.0
69,59,3,7,20,24,88,87,2,0.0125
69,60,4,7,16,23,78,78,0,0.0
69,61,5,7,19,20,72,74,0,0.0
69,62,6,7,13,23,70,72,0,0.0
69,63,7,7,16,19,47,48,0,0.0
70,0,0,0,20,15,52,51,1,0.00625
70,1,1,0,22,17,74,75,0,0.0
70,2,2,0,15,17,71,70,1,0.00625
70,3,3,0,16,23,73,71,2,0.0125
70,4,4,0,15,19,68,68,1,0.00625
70,5,5,0,23,17,76,76,1,0.00625
70,6,6,0,23,19,88,88,2,0.0125
70,7,7,0,21,17,60,59,1,0.00625
70,8,0,1,22,18,73,77,0,0.0
70,9,1,1,18,19,96,96,1,0.00625
70,10,2,1,21,20,98,99,1,0.00625
70,11,3,1,22,15,99,101,1,0.00625
70,12,4,1,18,16,92,94,1,0.00625
70,13,5,1,18,12,84,83,2,0.0125
70,14,6,1,24,25,102,105,0,0.0
70,15,7,1,15,20,75,75,1,0.00625
70,16,0,2,18,20,74,74,2,0.0125
70,17,1,2,18,22,94,96,2,0.0125
70,18,2,2,20,21,99,97,1,0.00625
70,19,3,2,23,21,106,108,0,0.0
70,20,4,2,19,23,105,107,0,0.0
70,21,5,2,25,16,100,101,0,0.0
70,22,6,2,24,23,109,110,1,0.00625
70,23,7,2,18,23,82,82,0,0.0
70,24,0,3,25,17,73,71,0,0.0
70,25,1,3,22,20,93,94,1,0.00625
70,26,2,3,18,17,94,92,2,0.0125
70,27,3,3,19,22,95,95,2,0.0125
70,28,4,3,11,22,90,87,3,0.01875
70,29,5,3,22,21,87,90,1,0.00625
70,30,6,3,18,23,105,104,2,0.0125
70,31,7,3,19,22,78,79,0,0.0
70,32,0,4,23,12,69,68,2,0.0125
70,33,1,4,20,23,102,101,1,0.00625
70,34,2,4,16,23,100,100,1,0.00625
70,35,3,4,24,19,102,105,0,0.0
70,36,4,4,19,19,104,104,1,0.00625
70,37,5,4,17,12,87,87,0,0.0
70,38,6,4,16,28,96,98,0,0.0
70,39,7,4,18,21,74,74,1,0.00625
70,40,0,5,21,20,71,71,1,0.00625
70,41,1,5,14,20,85,86,0,0.0
70,42,2,5,13,20,80,77,2,0.0125
70,43,3,5,23,18,91,91,0,0.0
70,44,4,5,26,29,113,116,1,0.00625
70,45,5,5,21,17,104,102,2,0.0125
70,46,6,5,17,20,87,86,2,0.0125
70,47,7,5,17,18,68,67,0,0.0
70,48,0,6,20,13,63,60,3,0.01875
70,49,1,6,23,20,94,90,3,0.01875
70,50,2,6,24,14,95,97,1,0.00625
70,51,3,6,21,15,95,97,1,0.00625
70,52,4,6,20,26,101,101,2,0.0125
70,53,5,6,28,30,118,118,2,0.0125
70,54,6,6,22,17,105,103,2,0.0125
70,55,7,6,17,17,75,75,0,0.0
70,56,0,7,16,16,46,45,1,0.00625
70,57,1,7,23,17,73,72,2,0.0125
70,58,2,7,25,22,85,83,3,0.01875
70,59,3,7,21,22,84,83,1,0.00625
70,60,4,7,23,22,84,83,1,0.00625
70,61,5,7,18,20,83,82,0,0.0
70,62,6,7,17,28,86,83,1,0.00625
70,63,7,7,23,24,62,63,0,0.0
71,0,0,0,15,21,62,62,2,0.0125
71,1,1,0,18,16,78,75,2,0.0125
71,2,2,0,16,29,87,87,1,0.00625
71,3,3,0,16,24,79,81,0,0.0
71,4,4,0,21,30,91,91,1,0.00625
71,5,5,0,16,23,83,83,0,0.0
71,6,6,0,16,20,73,75,1,0.00625
71,7,7,0,21,19,57,56,1,0.00625
71,8,0,1,19,24,82,81,1,0.00625
71,9,1,1,20,17,92,92,1,0.00625
71,10,2,1,23,19,109,112,0,0.0
71,11,3,1,26,14,102,104,0,0.0
71,12,4,1,19,16,106,107,0,0.0
71,13,5,1,19,22,104,106,1,0.00625
71,14,6,1,22,18,98,96,1,0.00625
71,15,7,1,19,18,78,79,0,0.0
71,16,0,2,23,13,78,78,1,0.00625
71,17,1,2,24,20,105,102,3,0.01875
71,18,2,2,20,20,110,111,1,0.00625
71,19,3,2,15,23,101,100,0,0.0
71,20,4,2,19,24,107,106,0,0.0
71,21,5,2,17,20,98,97,1,0.00625
71,22,6,2,17,17,92,92,0,0.0
71,23,7,2,20,21,80,79,1,0.00625
71,24,0,3,21,20,90,90,1,0.00625
71,25,1,3,19,21,105,103,2,0.0125
71,26,2,3,18,21,107,109,0,0.0
71,27,3,3,23,21,112,112,1,0.00625
71,28,4,3,17,15,108,112,0,0.0
71,29,5,3,12,17,97,95,2,0.0125
71,30,6,3,25,18,97,98,1,0.00625
71,31,7,3,22,22,88,88,1,0.00625
71,32,0,4,16,28,85,85,2,0.0125
71,33,1,4,17,22,88,90,0,0.0
71,34,2,4,17,18,94,96,1,0.00625
71,35,3,4,23,16,99,99,0,0.0
71,36,4,4,26,22,121,121,1,0.00625
71,37,5,4,20,18,103,103,1,0.00625
71,38,6,4,17,12,87,86,1,0.00625
71,39,7,4,18,22,78,77,2,0.0125
71,40,0,5,28,16,90,89,2,0.0125
71,41,1,5,22,18,108,107,1,0.00625
71,42,2,5,17,19,108,110,1,0.00625
71,43,3,5,20,15,104,99,2,0.0125
71,44,4,5,22,23,121,120,1,0.00625
71,45,5,5,21,27,112,114,0,0.0
71,46,6,5,6,19,89,91,0,0.0
71,47,7,5,22,15,65,66,0,0.0
71,48,0,6,14,25,88,90,1,0.00625
71,49,1,6,26,24,106,110,1,0.00625
71,50,2,6,22,21,119,120,0,0.0
71,51,3,6,17,14,102,102,1,0.00625
71,52,4,6,28,19,119,120,2,0.0125
71,53,5,6,23,21,114,116,1,0.00625
71,54,6,6,24,23,109,111,1,0.00625
71,55,7,6,21,7,72,72,1,0.00625
71,56,0,7,17,24,68,68,0,0.0
71,57,1,7,24,16,82,83,1,0.00625
71,58,2,7,21,27,100,101,1,0.00625
71,59,3,7,32,27,105,109,0,0.0
71,60,4,7,20,15,94,96,0,0.0
71,61,5,7,21,29,95,94,1,0.00625
71,62,6,7,22,22,87,91,0,0.0
71,63,7,7,22,21,67,67,0,0.0
72,0,0,0,19,25,60,61,0,0.0
72,1,1,0,25,20,77,81,0,0.0
72,2,2,0,23,25,87,86,0,0.0
72,3,3,0,22,23,78,79,0,0.0
72,4,4,0,17,22,74,74,0,0.0
72,5,5,0,20,18,69,69,0,0.0
72,6,6,0,27,20,78,79,0,0.0
72,7,7,0,13,22,61,63,0,0.0
72,8,0,1,20,18,83,82,3,0.01875
72,9,1,1,21,20,99,99,1,0.00625
72,10,2,1,20,25,111,110,1,0.00625
72,11,3,1,22,20,110,109,0,0.0
72,12,4,1,23,19,119,119,0,0.0
72,13,5,1,20,18,107,104,1,0.00625
72,14,6,1,19,20,103,102,2,0.0125
72,15,7,1,27,27,96,93,2,0.0125
72,16,0,2,20,23,80,82,1,0.00625
72,17,1,2,26,17,98,100,1,0.00625
72,18,2,2,17,20,102,104,0,0.0
72,19,3,2,17,18,89,90,0,0.0
72,20,4,2,19,26,100,100,0,0.0
72,21,5,2,19,25,97,97,0,0.0
72,22,6,2,14,19,84,83,0,0.0
72,23,7,2,15,21,70,70,0,0.0
72,24,0,3,22,19,75,76,1,0.00625
72,25,1,3,22,20,97,99,0,0.0
72,26,2,3,18,30,108,107,2,0.0125
72,27,3,3,19,17,87,85,2,0.0125
72,28,4,3,22,21,97,96,1,0.00625
72,29,5,3,20,19,89,89,2,0.0125
72,30,6,3,18,19,88,88,2,0.0125
72,31,7,3,15,10,70,69,2,0.0125
72,32,0,4,18,14,72,71,0,0.0
72,33,1,4,21,22,100,99,0,0.0
72,34,2,4,15,24,105,104,1,0.00625
72,35,3,4,21,18,95,95,0,0.0
72,36,4,4,24,20,106,105,2,0.0125
72,37,5,4,24,19,108,109,1,0.00625
72,38,6,4,26,18,109,108,2,0.0125
72,39,7,4,26,22,96,97,1,0.00625
72,40,0,5,16,20,71,72,1,0.00625
72,41,1,5,21,19,91,91,0,0.0
72,42,2,5,15,17,93,93,0,0.0
72,43,3,5,24,18,91,94,1,0.00625
72,44,4,5,23,21,106,106,0,0.0
72,45,5,5,13,22,98,99,1,0.00625
72,46,6,5,25,21,98,96,1,0.00625
72,47,7,5,18,27,89,88,0,0.0
72,48,0,6,16,17,63,63,0,0.0
72,49,1,6,17,21,88,89,1,0.00625
72,50,2,6,13,19,91,88,2,0.0125
72,51,3,6,24,19,93,92,2,0.0125
72,52,4,6,18,25,109,109,1,0.00625
72,53,5,6,19,23,98,98,1,0.00625
72,54,6,6,19,15,88,89,1,0.00625
72,55,7,6,19,22,83,83,0,0.0
72,56,0,7,17,15,46,47,1,0.00625
72,57,1,7,22,16,69,69,1,0.00625
72,58,2,7,22,20,77,78,1,0.00625
72,59,3,7,24,8,67,66,0,0.0
72,60,4,7,22,23,80,78,1,0.00625
72,61,5,7,16,18,66,66,0,0.0
72,62,6,7,22,19,67,66,0,0.0
72,63,7,7,12,20,53,52,0,0.0
73,0,0,0,26,14,55,52,3,0.01875
73,1,1,0,20,16,73,71,2,0.0125
73,2,2,0,19,15,66,67,0,0.0
73,3,3,0,23,23,83,81,1,0.00625
73,4,4,0,24,22,85,79,4,0.025
73,5,5,0,19,24,79,75,4,0.025
73,6,6,0,15,17,67,65,1,0.00625
73,7,7,0,15,17,47,48,0,0.0
73,8,0,1,13,12,64,63,2,0.0125
73,9,1,1,21,21,99,97,2,0.0125
73,10,2,1,13,15,91,88,3,0.01875
73,11,3,1,16,23,100,100,0,0.0
73,12,4,1,17,24,97,98,0,0.0
73,13,5,1,16,19,95,96,2,0.0125
73,14,6,1,25,16,100,102,0,0.0
73,15,7,1,21,16,76,79,0,0.0
73,16,0,2,24,23,89,89,1,0.00625
73,17,1,2,25,16,105,106,1,0.00625
73,18,2,2,29,21,116,113,2,0.0125
73,19,3,2,19,15,111,112,0,0.0
73,20,4,2,19,16,101,100,1,0.00625
73,21,5,2,19,14,100,101,1,0.00625
73,22,6,2,17,20,100,101,0,0.0
73,23,7,2,22,21,80,80,1,0.00625
73,24,0,3,17,22,75,76,1,0.00625
73,25,1,3,18,24,95,94,1,0.00625
73,26,2,3,20,24,96,94,2,0.0125
73,27,3,3,23,28,110,114,0,0.0
73,28,4,3,20,15,96,96,0,0.0
73,29,5,3,18,19,99,101,1,0.00625
73,30,6,3,24,20,99,101,0,0.0
73,31,7,3,14,19,68,70,0,0.0
73,32,0,4,17,16,74,75,1,0.00625
73,33,1,4,24,17,101,98,3,0.01875
73,34,2,4,16,18,94,96,0,0.0
73,35,3,4,14,21,93,91,1,0.00625
73,36,4,4,18,22,97,98,1,0.00625
73,37,5,4,22,22,103,104,0,0.0
73,38,6,4,19,17,101,102,1,0.00625
73,39,7,4,16,25,71,71,1,0.00625
73,40,0,5,17,23,88,89,0,0.0
73,41,1,5,22,17,104,104,1,0.00625
73,42,2,5,20,25,116,114,1,0.00625
73,43,3,5,28,14,113,111,3,0.01875
73,44,4,5,20,16,109,111,1,0.00625
73,45,5,5,25,21,110,110,1,0.00625
73,46,6,5,17,26,119,120,1,0.00625
73,47,7,5,27,20,79,78,1,0.00625
73,48,0,6,24,25,89,88,3,0.01875
73,49,1,6,21,17,96,93,1,0.00625
73,50,2,6,20,24,96,99,0,0.0
73,51,3,6,15,17,92,92,0,0.0
73,52,4,6,22,25,97,96,1,0.00625
73,53,5,6,14,19,91,89,2,0.0125
73,54,6,6,16,25,98,98,1,0.00625
73,55,7,6,19,19,68,66,1,0.00625
73,56,0,7,19,16,59,59,1,0.00625
73,57,1,7,17,22,80,81,0,0.0
73,58,2,7,23,19,82,82,0,0.0
73,59,3,7,20,24,92,90,3,0.01875
73,60,4,7,17,17,80,78,2,0.0125
73,61,5,7,28,22,95,96,0,0.0
73,62,6,7,13,17,86,86,1,0.00625
73,63,7,7,29,19,61,61,1,0.00625
74,0,0,0,19,30,66,68,1,0.00625
74,1,1,0,20,19,80,80,1,0.00625
74,2,2,0,26,20,85,85,0,0.0
74,3,3,0,19,22,82,84,0,0.0
74,4,4,0,26,25,87,92,0,0.0
74,5,5,0,18,16,78,81,1,0.00625
74,6,6,0,21,26,81,80,1,0.00625
74,7,7,0,16,19,54,50,2,0.0125
74,8,0,1,24,17,91,94,0,0.0
74,9,1,1,23,25,110,112,1,0.00625
74,10,2,1,21,23,105,106,1,0.00625
74,11,3,1,18,24,100,99,2,0.0125
74,12,4,1,17,20,99,98,0,0.0
74,13,5,1,19,29,99,99,1,0.00625
74,14,6,1,23,21,104,102,1,0.00625
74,15,7,1,22,17,79,79,0,0.0
74,16,0,2,25,21,89,90,0,0.0
74,17,1,2,21,25,106,107,0,0.0
74,18,2,2,12,24,96,96,2,0.0125
74,19,3,2,17,21,88,88,0,0.0
74,20,4,2,24,16,101,100,2,0.0125
74,21,5,2,23,21,101,102,0,0.0
74,22,6,2,23,15,105,106,0,0.0
74,23,7,2,21,24,84,86,0,0.0
74,24,0,3,17,18,80,81,0,0.0
74,25,1,3,13,26,95,95,1,0.00625
74,26,2,3,24,22,99,101,1,0.00625
74,27,3,3,19,12,101,97,1,0.00625
74,28,4,3,25,19,108,109,0,0.0
74,29,5,3,23,21,107,108,0,0.0
74,30,6,3,19,23,108,109,0,0.0
74,31,7,3,24,23,86,85,1,0.00625
74,32,0,4,19,19,83,81,1,0.00625
74,33,1,4,25,18,96,99,0,0.0
74,34,2,4,24,13,103,101,1,0.00625
74,35,3,4,16,25,105,105,1,0.00625
74,36,4,4,21,19,98,96,1,0.00625
74,37,5,4,20,25,102,100,1,0.00625
74,38,6,4,22,23,101,100,1,0.00625
74,39,7,4,18,19,79,78,1,0.00625
74,40,0,5,13,17,76,75,0,0.0
74,41,1,5,21,18,90,85,3,0.01875
74,42,2,5,22,25,102,101,3,0.01875
74,43,3,5,21,24,106,108,3,0.01875
74,44,4,5,21,16,104,102,2,0.0125
74,45,5,5,16,20,97,95,2,0.0125
74,46,6,5,17,18,88,87,2,0.0125
74,47,7,5,21,20,80,80,1,0.00625
74,48,0,6,19,23,88,90,0,0.0
74,49,1,6,23,11,94,96,1,0.00625
74,50,2,6,22,18,107,105,1,0.00625
74,51,3,6,10,22,97,97,2,0.0125
74,52,4,6,23,25,104,105,1,0.00625
74,53,5,6,25,22,112,112,2,0.0125
74,54,6,6,22,13,100,98,2,0.0125
74,55,7,6,21,18,79,81,1,0.00625
74,56,0,7,18,22,63,63,1,0.00625
74,57,1,7,22,21,84,82,1,0.00625
74,58,2,7,21,25,89,88,2,0.0125
74,59,3,7,22,21,83,86,0,0.0
74,60,4,7,19,10,71,74,0,0.0
74,61,5,7,15,22,75,76,0,0.0
74,62,6,7,22,24,81,81,0,0.0
74,63,7,7,18,19,58,60,0,0.0
75,0,0,0,21,15,56,57,1,0.00625
75,1,1,0,20,16,78,77,2,0.0125
75,2,2,0,14,19,75,74,1,0.00625
75,3,3,0,19,23,79,76,1,0.00625
75,4,4,0,20,24,85,85,0,0.0
75,5,5,0,22,23,88,89,1,0.00625
75,6,6,0,33,14,90,88,4,0.025
75,7,7,0,24,16,72,73,1,0.00625
75,8,0,1,22,20,80,80,0,0.0
75,9,1,1,16,18,96,98,0,0.0
75,10,2,1,14,22,93,93,3,0.01875
75,11,3,1,17,14,93,93,1,0.00625
75,12,4,1,19,18,97,96,1,0.00625
75,13,5,1,25,23,111,112,1,0.00625
75,14,6,1,20,18,99,101,0,0.0
75,15,7,1,19,30,90,89,1,0.00625
75,16,0,2,8,24,71,68,3,0.01875
75,17,1,2,14,22,84,85,0,0.0
75,18,2,2,16,14,86,88,0,0.0
75,19,3,2,20,15,97,95,0,0.0
75,20,4,2,21,16,96,98,1,0.00625
75,21,5,2,21,16,101,98,1,0.00625
75,22,6,2,14,24,91,87,2,0.0125
75,23,7,2,22,22,75,73,1,0.00625
75,24,0,3,21,21,79,78,0,0.0
75,25,1,3,17,9,84,85,1,0.00625
75,26,2,3,28,13,97,99,0,0.0
75,27,3,3,18,17,104,107,0,0.0
75,28,4,3,26,19,106,105,1,0.00625
75,29,5,3,17,26,110,109,0,0.0
75,30,6,3,19,17,87,86,1,0.00625
75,31,7,3,17,12,67,68,0,0.0
75,32,0,4,24,23,77,80,0,0.0
75,33,1,4,19,23,103,101,3,0.01875
75,34,2,4,28,15,99,100,1,0.00625
75,35,3,4,16,23,110,112,0,0.0
75,36,4,4,23,20,101,102,1,0.00625
75,37,5,4,10,26,102,102,1,0.00625
75,38,6,4,24,21,89,90,0,0.0
75,39,7,4,19,18,82,81,2,0.0125
75,40,0,5,22,18,73,71,1,0.00625
75,41,1,5,21,24,103,105,2,0.0125
75,42,2,5,16,20,101,102,1,0.00625
75,43,3,5,22,28,112,115,0,0.0
75,44,4,5,19,16,103,103,2,0.0125
75,45,5,5,13,24,102,103,2,0.0125
75,46,6,5,19,10,80,81,1,0.00625
75,47,7,5,20,22,81,80,0,0.0
75,48,0,6,25,18,80,81,0,0.0
75,49,1,6,24,20,112,110,2,0.0125
75,50,2,6,21,24,109,109,0,0.0
75,51,3,6,18,17,100,97,4,0.025
75,52,4,6,17,21,100,99,0,0.0
75,53,5,6,22,21,104,107,0,0.0
75,54,6,6,21,12,96,98,2,0.0125
75,55,7,6,22,18,81,80,1,0.00625
75,56,0,7,22,22,63,59,2,0.0125
75,57,1,7,22,26,88,89,1,0.00625
75,58,2,7,24,21,91,89,3,0.01875
75,59,3,7,22,20,94,91,2,0.0125
75,60,4,7,22,18,87,86,0,0.0
75,61,5,7,18,19,84,82,1,0.00625
75,62,6,7,18,23,81,81,0,0.0
75,63,7,7,23,21,63,62,1,0.00625
76,0,0,0,21,23,66,66,1,0.00625
76,1,1,0,17,31,92,95,0,0.0
76,2,2,0,15,22,79,79,1,0.00625
76,3,3,0,20,15,75,76,0,0.0
76,4,4,0,13,12,68,69,1,0.00625
76,5,5,0,27,19,83,81,2,0.0125
76,6,6,0,21,20,93,96,1,0.00625
76,7,7,0,21,26,70,73,0,0.0
76,8,0,1,21,23,95,96,0,0.0
76,9,1,1,22,23,125,124,0,0.0
76,10,2,1,17,17,106,109,0,0.0
76,11,3,1,22,16,98,97,1,0.00625
76,12,4,1,15,22,103,104,0,0.0
76,13,5,1,23,12,97,96,2,0.0125
76,14,6,1,26,29,126,126,0,0.0
76,15,7,1,26,24,102,101,1,0.00625
76,16,0,2,23,28,92,93,1,0.00625
76,17,1,2,17,23,111,111,0,0.0
76,18,2,2,20,24,101,100,0,0.0
76,19,3,2,21,16,93,95,0,0.0
76,20,4,2,22,25,105,105,1,0.00625
76,21,5,2,22,17,100,100,2,0.0125
76,22,6,2,20,22,104,106,1,0.00625
76,23,7,2,19,25,89,90,1,0.00625
76,24,0,3,26,20,82,82,0,0.0
76,25,1,3,20,21,115,113,2,0.0125
76,26,2,3,19,17,98,96,2,0.0125
76,27,3,3,26,19,99,96,3,0.01875
76,28,4,3,14,22,93,95,0,0.0
76,29,5,3,16,20,92,92,1,0.00625
76,30,6,3,22,23,103,103,1,0.00625
76,31,7,3,20,22,87,88,0,0.0
76,32,0,4,23,16,84,84,0,0.0
76,33,1,4,11,21,108,109,1,0.00625
76,34,2,4,18,20,94,92,3,0.01875
76,35,3,4,27,23,104,102,0,0.0
76,36,4,4,14,23,100,100,2,0.0125
76,37,5,4,22,17,91,93,0,0.0
76,38,6,4,20,16,98,96,2,0.0125
76,39,7,4,21,21,82,82,3,0.01875
76,40,0,5,18,21,83,85,0,0.0
76,41,1,5,23,26,114,116,1,0.00625
76,42,2,5,27,12,98,98,3,0.01875
76,43,3,5,18,19,96,94,1,0.00625
76,44,4,5,22,26,95,96,2,0.0125
76,45,5,5,15,14,82,83,0,0.0
76,46,6,5,29,21,103,101,1,0.00625
76,47,7,5,16,21,83,85,0,0.0
76,48,0,6,20,20,87,86,1,0.00625
76,49,1,6,24,21,114,115,2,0.0125
76,50,2,6,23,19,107,106,1,0.00625
76,51,3,6,15,24,97,99,1,0.00625
76,52,4,6,23,18,88,89,1,0.00625
76,53,5,6,19,20,101,97,2,0.0125
76,54,6,6,17,17,92,91,1,0.00625
76,55,7,6,20,25,85,85,1,0.00625
76,56,0,7,26,24,73,77,0,0.0
76,57,1,7,17,22,91,91,0,0.0
76,58,2,7,17,24,82,83,1,0.00625
76,59,3,7,14,22,74,75,1,0.00625
76,60,4,7,22,14,71,73,0,0.0
76,61,5,7,20,21,83,83,1,0.00625
76,62,6,7,21,17,81,82,0,0.0
76,63,7,7,21,19,61,61,1,0.00625
77,0,0,0,14,20,50,50,0,0.0
77,1,1,0,24,17,70,67,2,0.0125
77,2,2,0,15,17,73,74,1,0.00625
77,3,3,0,24,22,79,79,0,0.0
77,4,4,0,28,14,82,82,1,0.00625
77,5,5,0,25,23,93,94,2,0.0125
77,6,6,0,24,18,88,88,1,0.00625
77,7,7,0,19,14,62,60,1,0.00625
77,8,0,1,13,19,71,70,1,0.00625
77,9,1,1,19,13,77,76,1,0.00625
77,10,2,1,22,24,101,99,1,0.00625
77,11,3,1,23,15,106,107,2,0.0125
77,12,4,1,23,21,101,101,1,0.00625
77,13,5,1,15,27,112,113,0,0.0
77,14,6,1,26,25,108,107,1,0.00625
77,15,7,1,26,27,93,93,1,0.00625
77,16,0,2,25,20,87,87,2,0.0125
77,17,1,2,19,11,91,89,1,0.00625
77,18,2,2,19,17,91,90,1,0.00625
77,19,3,2,19,21,106,101,2,0.0125
77,20,4,2,16,20,91,90,1,0.00625
77,21,5,2,17,21,104,105,1,0.00625
77,22,6,2,11,17,89,91,0,0.0
77,23,7,2,21,25,75,75,1,0.00625
77,24,0,3,19,23,85,84,1,0.00625
77,25,1,3,24,27,105,107,0,0.0
77,26,2,3,20,17,97,96,2,0.0125
77,27,3,3,20,18,103,104,2,0.0125
77,28,4,3,19,18,92,90,0,0.0
77,29,5,3,23,18,101,100,2,0.0125
77,30,6,3,22,19,100,100,1,0.00625
77,31,7,3,17,11,69,66,0,0.0
77,32,0,4,24,17,86,86,0,0.0
77,33,1,4,25,23,104,106,0,0.0
77,34,2,4,26,26,112,114,0,0.0
77,35,3,4,18,21,112,113,1,0.00625
77,36,4,4,18,23,90,88,1,0.00625
77,37,5,4,27,18,110,110,0,0.0
77,38,6,4,12,21,102,104,0,0.0
77,39,7,4,20,24,76,79,0,0.0
77,40,0,5,25,23,85,84,2,0.0125
77,41,1,5,16,23,95,96,0,0.0
77,42,2,5,19,24,96,98,0,0.0
77,43,3,5,22,25,111,112,0,0.0
77,44,4,5,24,16,93,93,1,0.00625
77,45,5,5,19,18,104,105,0,0.0
77,46,6,5,23,26,105,104,2,0.0125
77,47,7,5,16,14,74,75,0,0.0
77,48,0,6,19,18,76,76,1,0.00625
77,49,1,6,15,23,95,96,1,0.00625
77,50,2,6,16,21,100,99,2,0.0125
77,51,3,6,16,21,112,112,1,0.00625
77,52,4,6,20,23,97,99,0,0.0
77,53,5,6,21,26,117,119,1,0.00625
77,54,6,6,20,20,100,102,0,0.0
77,55,7,6,25,27,86,86,0,0.0
77,56,0,7,16,21,55,54,1,0.00625
77,57,1,7,22,15,71,68,4,0.025
77,58,2,7,27,16,82,80,3,0.01875
77,59,3,7,12,20,75,76,1,0.00625
77,60,4,7,24,17,72,69,1,0.00625
77,61,5,7,18,22,84,84,0,0.0
77,62,6,7,18,21,74,73,1,0.00625
77,63,7,7,20,18,55,55,1,0.00625
78,0,0,0,24,18,66,67,0,0.0
78,1,1,0,16,19,85,86,2,0.0125
78,2,2,0,15,23,77,77,1,0.00625
78,3,3,0,18,28,81,81,0,0.0
78,4,4,0,21,14,75,75,0,0.0
78,5,5,0,27,29,98,98,2,0.0125
78,6,6,0,19,23,89,89,2,0.0125
78,7,7,0,21,19,55,57,0,0.0
78,8,0,1,26,24,88,89,0,0.0
78,9,1,1,19,26,112,111,2,0.0125
78,10,2,1,24,19,104,103,2,0.0125
78,11,3,1,19,15,103,102,1,0.00625
78,12,4,1,17,21,87,86,1,0.00625
78,13,5,1,24,23,107,108,0,0.0
78,14,6,1,16,26,107,106,1,0.00625
78,15,7,1,15,17,69,66,3,0.01875
78,16,0,2,22,22,81,83,0,0.0
78,17,1,2,18,24,105,106,1,0.00625
78,18,2,2,20,17,101,102,1,0.00625
78,19,3,2,14,24,103,105,1,0.00625
78,20,4,2,15,21,84,86,0,0.0
78,21,5,2,17,15,96,97,1,0.00625
78,22,6,2,21,22,107,106,0,0.0
78,23,7,2,21,17,75,76,0,0.0
78,24,0,3,23,19,77,76,2,0.0125
78,25,1,3,26,21,108,107,0,0.0
78,26,2,3,19,20,105,104,1,0.00625
78,27,3,3,12,19,91,94,0,0.0
78,28,4,3,18,14,78,77,3,0.01875
78,29,5,3,21,15,95,96,1,0.00625
78,30,6,3,17,18,98,96,1,0.00625
78,31,7,3,19,23,74,75,1,0.00625
78,32,0,4,17,20,71,72,0,0.0
78,33,1,4,21,22,105,102,1,0.00625
78,34,2,4,16,25,105,106,0,0.0
78,35,3,4,17,18,95,96,0,0.0
78,36,4,4,27,13,91,93,1,0.00625
78,37,5,4,15,16,105,102,1,0.00625
78,38,6,4,13,22,95,94,2,0.0125
78,39,7,4,22,15,68,66,1,0.00625
78,40,0,5,18,19,73,73,0,0.0
78,41,1,5,22,18,101,100,2,0.0125
78,42,2,5,18,21,102,100,2,0.0125
78,43,3,5,20,16,97,97,1,0.00625
78,44,4,5,30,18,99,99,1,0.00625
78,45,5,5,23,23,120,118,1,0.00625
78,46,6,5,22,15,99,102,1,0.00625
78,47,7,5,20,12,71,68,2,0.0125
78,48,0,6,18,17,88,85,2,0.0125
78,49,1,6,13,20,104,102,3,0.01875
78,50,2,6,16,20,96,98,1,0.00625
78,51,3,6,18,19,103,104,0,0.0
78,52,4,6,15,21,98,98,0,0.0
78,53,5,6,19,24,115,114,2,0.0125
78,54,6,6,19,21,116,115,1,0.00625
78,55,7,6,30,23,91,91,1,0.00625
78,56,0,7,19,31,66,68,0,0.0
78,57,1,7,21,20,76,79,0,0.0
78,58,2,7,22,11,66,70,0,0.0
78,59,3,7,20,14,71,70,0,0.0
78,60,4,7,24,17,71,70,2,0.0125
78,61,5,7,24,15,75,76,0,0.0
78,62,6,7,16,19,72,72,1,0.00625
78,63,7,7,13,19,50,50,1,0.00625
79,0,0,0,20,15,45,43,1,0.00625
79,1,1,0,19,20,66,68,0,0.0
79,2,2,0,22,26,77,76,1,0.00625
79,3,3,0,24,16,72,72,1,0.00625
79,4,4,0,22,18,73,73,0,0.0
79,5,5,0,21,17,67,68,1,0.00625
79,6,6,0,23,19,70,71,1,0.00625
79,7,7,0,7,15,46,46,0,0.0
79,8,0,1,16,9,58,56,2,0.0125
79,9,1,1,22,18,96,97,2,0.0125
79,10,2,1,20,18,104,106,0,0.0
79,11,3,1,18,22,93,94,1,0.00625
79,12,4,1,20,23,97,98,1,0.00625
79,13,5,1,25,18,102,101,2,0.0125
79,14,6,1,15,22,97,99,0,0.0
79,15,7,1,19,22,70,73,2,0.0125
79,16,0,2,23,15,83,82,1,0.00625
79,17,1,2,24,19,116,115,0,0.0
79,18,2,2,15,25,116,116,0,0.0
79,19,3,2,19,23,101,102,2,0.0125
79,20,4,2,22,16,99,96,1,0.00625
79,21,5,2,23,25,107,106,0,0.0
79,22,6,2,22,28,114,113,2,0.0125
79,23,7,2,26,15,79,77,1,0.00625
79,24,0,3,21,28,90,90,0,0.0
79,25,1,3,26,23,114,112,2,0.0125
79,26,2,3,17,21,113,114,1,0.00625
79,27,3,3,17,18,93,90,0,0.0
79,28,4,3,21,17,94,95,0,0.0
79,29,5,3,21,20,107,107,2,0.0125
79,30,6,3,28,19,114,114,0,0.0
79,31,7,3,28,19,93,93,1,0.00625
79,32,0,4,17,23,77,76,0,0.0
79,33,1,4,20,19,93,96,0,0.0
79,34,2,4,23,23,111,110,0,0.0
79,35,3,4,26,17,101,97,1,0.00625
79,36,4,4,21,15,97,98,0,0.0
79,37,5,4,17,22,97,98,0,0.0
79,38,6,4,16,20,91,92,1,0.00625
79,39,7,4,17,28,78,80,0,0.0
79,40,0,5,14,20,78,76,2,0.0125
79,41,1,5,25,17,101,103,0,0.0
79,42,2,5,13,21,111,114,0,0.0
79,43,3,5,23,24,100,100,1,0.00625
79,44,4,5,17,27,111,111,0,0.0
79,45,5,5,25,23,111,111,1,0.00625
79,46,6,5,16,21,108,108,1,0.00625
79,47,7,5,28,18,81,83,1,0.00625
79,48,0,6,18,25,81,85,0,0.0
79,49,1,6,18,15,89,89,2,0.0125
79,50,2,6,23,25,111,112,1,0.00625
79,51,3,6,25,14,93,93,1,0.00625
79,52,4,6,24,22,105,103,1,0.00625
79,53,5,6,24,21,105,103,3,0.01875
79,54,6,6,18,25,105,104,1,0.00625
79,55,7,6,18,15,71,71,1,0.00625
79,56,0,7,22,22,63,63,0,0.0
79,57,1,7,23,19,84,83,2,0.0125
79,58,2,7,16,17,81,78,2,0.0125
79,59,3,7,12,24,74,74,0,0.0
79,60,4,7,17,23,77,80,1,0.00625
79,61,5,7,23,24,88,87,1,0.00625
79,62,6,7,21,25,90,90,0,0.0
79,63,7,7,22,17,59,59,1,0.00625
80,0,0,0,22,24,62,61,2,0.0125
80,1,1,0,17,24,80,78,1,0.00625
80,2,2,0,26,15,73,74,1,0.00625
80,3,3,0,23,20,81,81,2,0.0125
80,4,4,0,22,13,74,75,0,0.0
80,5,5,0,21,18,81,82,0,0.0
80,6,6,0,21,24,81,80,1,0.00625
80,7,7,0,17,30,67,67,0,0.0
80,8,0,1,21,14,78,80,0,0.0
80,9,1,1,20,24,104,105,1,0.00625
80,10,2,1,23,17,93,92,0,0.0
80,11,3,1,21,21,106,105,1,0.00625
80,12,4,1,15,21,93,91,1,0.00625
80,13,5,1,21,25,99,99,1,0.00625
80,14,6,1,19,23,103,103,0,0.0
80,15,7,1,16,22,87,89,0,0.0
80,16,0,2,25,19,86,85,1,0.00625
80,17,1,2,13,21,98,99,0,0.0
80,18,2,2,20,19,84,84,1,0.00625
80,19,3,2,16,22,95,95,1,0.00625
80,20,4,2,21,21,94,96,1,0.00625
80,21,5,2,19,14,95,95,2,0.0125
80,22,6,2,25,18,104,102,2,0.0125
80,23,7,2,23,21,95,97,0,0.0
80,24,0,3,17,20,79,82,0,0.0
80,25,1,3,21,23,106,109,1,0.00625
80,26,2,3,15,17,86,88,0,0.0
80,27,3,3,17,19,91,94,0,0.0
80,28,4,3,23,20,94,93,2,0.0125
80,29,5,3,19,23,103,102,0,0.0
80,30,6,3,20,20,96,97,2,0.0125
80,31,7,3,16,23,85,86,0,0.0
80,32,0,4,16,24,80,80,1,0.00625
80,33,1,4,16,20,95,92,2,0.0125
80,34,2,4,14,24,86,85,2,0.0125
80,35,3,4,27,17,96,100,0,0.0
80,36,4,4,21,17,102,100,2,0.0125
80,37,5,4,22,22,102,101,2,0.0125
80,38,6,4,20,21,100,99,1,0.00625
80,39,7,4,20,21,86,86,0,0.0
80,40,0,5,18,17,75,78,0,0.0
80,41,1,5,23,16,101,100,0,0.0
80,42,2,5,18,14,91,88,2,0.0125
80,43,3,5,21,13,96,97,0,0.0
80,44,4,5,20,25,106,107,0,0.0
80,45,5,5,23,24,108,109,0,0.0
80,46,6,5,23,16,106,106,0,0.0
80,47,7,5,21,18,88,89,0,0.0
80,48,0,6,17,21,75,73,2,0.0125
80,49,1,6,14,18,92,94,1,0.00625
80,50,2,6,15,25,88,88,0,0.0
80,51,3,6,18,16,91,90,2,0.0125
80,52,4,6,16,21,93,91,3,0.01875
80,53,5,6,24,20,97,101,1,0.00625
80,54,6,6,23,22,109,109,1,0.00625
80,55,7,6,19,21,89,88,2,0.0125
80,56,0,7,25,18,62,62,0,0.0
80,57,1,7,14,15,73,73,1,0.00625
80,58,2,7,21,17,68,71,1,0.00625
80,59,3,7,14,14,63,64,1,0.00625
80,60,4,7,19,19,70,71,0,0.0
80,61,5,7,16,15,63,65,0,0.0
80,62,6,7,25,24,84,84,1,0.00625
80,63,7,7,15,24,64,65,0,0.0
81,0,0,0,21,13,53,55,1,0.00625
81,1,1,0,17,27,83,85,0,0.0
81,2,2,0,21,20,77,76,0,0.0
81,3,3,0,19,24,88,87,1,0.00625
81,4,4,0,18,14,71,70,1,0.00625
81,5,5,0,19,24,82,79,3,0.01875
81,6,6,0,18,15,78,75,2,0.0125
81,7,7,0,26,25,69,68,1,0.00625
81,8,0,1,20,20,70,67,3,0.01875
81,9,1,1,20,20,103,102,1,0.00625
81,10,2,1,22,15,98,97,2,0.0125
81,11,3,1,20,26,108,110,0,0.0
81,12,4,1,13,21,86,87,1,0.00625
81,13,5,1,24,16,94,93,2,0.0125
81,14,6,1,17,17,97,96,1,0.00625
81,15,7,1,20,19,83,82,1,0.00625
81,16,0,2,20,17,70,71,1,0.00625
81,17,1,2,30,17,114,112,1,0.00625
81,18,2,2,19,21,111,112,1,0.00625
81,19,3,2,23,20,111,111,1,0.00625
81,20,4,2,23,22,101,101,1,0.00625
81,21,5,2,18,13,97,96,2,0.0125
81,22,6,2,14,26,95,97,1,0.00625
81,23,7,2,19,16,77,76,0,0.0
81,24,0,3,15,21,66,65,1,0.00625
81,25,1,3,24,22,104,104,1,0.00625
81,26,2,3,24,27,115,114,2,0.0125
81,27,3,3,22,17,104,102,2,0.0125
81,28,4,3,10,20,82,85,0,0.0
81,29,5,3,19,20,90,90,1,0.00625
81,30,6,3,27,17,98,99,1,0.00625
81,31,7,3,16,19,86,86,1,0.00625
81,32,0,4,18,13,70,69,1,0.00625
81,33,1,4,22,17,103,103,1,0.00625
81,34,2,4,27,23,116,116,2,0.0125
81,35,3,4,16,20,115,113,0,0.0
81,36,4,4,18,21,96,97,1,0.00625
81,37,5,4,16,11,96,96,1,0.00625
81,38,6,4,17,19,99,99,1,0.00625
81,39,7,4,26,25,92,91,0,0.0
81,40,0,5,28,23,78,77,2,0.0125
81,41,1,5,16,17,97,95,2,0.0125
81,42,2,5,29,19,95,96,2,0.0125
81,43,3,5,24,25,113,111,1,0.00625
81,44,4,5,22,19,87,87,1,0.00625
81,45,5,5,19,17,94,92,1,0.00625
81,46,6,5,15,21,88,88,1,0.00625
81,47,7,5,16,13,70,69,1,0.00625
81,48,0,6,24,15,66,66,2,0.0125
81,49,1,6,20,26,105,105,1,0.00625
81,50,2,6,19,15,87,86,0,0.0
81,51,3,6,23,30,109,108,2,0.0125
81,52,4,6,24,19,92,92,1,0.00625
81,53,5,6,20,21,102,99,2,0.0125
81,54,6,6,23,20,99,100,0,0.0
81,55,7,6,16,18,84,83,3,0.01875
81,56,0,7,21,16,49,49,0,0.0
81,57,1,7,24,26,81,82,0,0.0
81,58,2,7,24,20,75,75,0,0.0
81,59,3,7,18,19,74,73,2,0.0125
81,60,4,7,23,19,71,67,2,0.0125
81,61,5,7,21,21,82,82,0,0.0
81,62,6,7,27,22,84,82,0,0.0
81,63,7,7,16,23,68,65,2,0.0125
82,0,0,0,23,17,66,66,0,0.0
82,1,1,0,24,17,92,89,3,0.01875
82,2,2,0,14,25,91,92,0,0.0
82,3,3,0,15,20,77,79,0,0.0
82,4,4,0,23,21,90,88,1,0.00625
82,5,5,0,19,18,84,87,0,0.0
82,6,6,0,15,17,77,81,0,0.0
82,7,7,0,27,16,58,58,0,0.0
82,8,0,1,22,28,88,88,2,0.0125
82,9,1,1,18,20,97,98,0,0.0
82,10,2,1,19,20,100,101,1,0.00625
82,11,3,1,22,14,92,93,0,0.0
82,12,4,1,24,14,99,97,3,0.01875
82,13,5,1,28,22,108,108,1,0.00625
82,14,6,1,26,20,106,107,1,0.00625
82,15,7,1,22,16,77,74,4,0.025
82,16,0,2,20,20,73,72,2,0.0125
82,17,1,2,12,24,90,92,1,0.00625
82,18,2,2,21,18,94,94,1,0.00625
82,19,3,2,23,20,94,94,1,0.00625
82,20,4,2,17,19,95,94,0,0.0
82,21,5,2,11,21,83,85,1,0.00625
82,22,6,2,22,27,92,92,1,0.00625
82,23,7,2,14,24,77,77,1,0.00625
82,24,0,3,20,12,66,65,1,0.00625
82,25,1,3,12,20,83,83,0,0.0
82,26,2,3,18,15,85,85,1,0.00625
82,27,3,3,27,23,101,100,0,0.0
82,28,4,3,20,23,108,106,1,0.00625
82,29,5,3,14,20,87,87,2,0.0125
82,30,6,3,22,15,85,85,0,0.0
82,31,7,3,23,20,84,82,3,0.01875
82,32,0,4,20,16,74,75,1,0.00625
82,33,1,4,15,17,93,95,1,0.00625
82,34,2,4,25,14,104,103,2,0.0125
82,35,3,4,21,19,105,104,0,0.0
82,36,4,4,19,25,111,111,1,0.00625
82,37,5,4,33,20,110,111,1,0.00625
82,38,6,4,20,13,101,100,3,0.01875
82,39,7,4,25,25,87,86,2,0.0125
82,40,0,5,22,22,94,93,1,0.00625
82,41,1,5,19,20,113,113,1,0.00625
82,42,2,5,16,21,112,113,0,0.0
82,43,3,5,15,26,109,108,1,0.00625
82,44,4,5,22,21,114,114,0,0.0
82,45,5,5,19,20,107,107,2,0.0125
82,46,6,5,23,29,114,111,1,0.00625
82,47,7,5,30,20,87,86,2,0.0125
82,48,0,6,20,29,92,92,0,0.0
82,49,1,6,20,19,108,106,2,0.0125
82,50,2,6,15,19,102,102,1,0.00625
82,51,3,6,21,18,97,98,2,0.0125
82,52,4,6,17,21,109,113,0,0.0
82,53,5,6,17,23,101,103,0,0.0
82,54,6,6,18,19,91,91,1,0.00625
82,55,7,6,27,21,79,81,1,0.00625
82,56,0,7,19,22,63,62,1,0.00625
82,57,1,7,19,19,80,80,1,0.00625
82,58,2,7,19,18,83,83,0,0.0
82,59,3,7,20,15,76,76,1,0.00625
82,60,4,7,18,25,83,86,1,0.00625
82,61,5,7,13,22,71,69,1,0.00625
82,62,6,7,14,15,62,65,0,0.0
82,63,7,7,20,21,54,56,0,0.0
83,0,0,0,18,17,59,60,0,0.0
83,1,1,0,19,14,73,73,2,0.0125
83,2,2,0,14,13,66,66,0,0.0
83,3,3,0,21,24,80,80,0,0.0
83,4,4,0,21,20,82,84,0,0.0
83,5,5,0,19,21,86,85,1,0.00625
83,6,6,0,17,20,78,76,1,0.00625
83,7,7,0,19,21,58,58,1,0.00625
83,8,0,1,18,22,82,83,2,0.0125
83,9,1,1,21,22,103,104,0,0.0
83,10,2,1,18,23,104,104,2,0.0125
83,11,3,1,28,14,116,115,0,0.0
83,12,4,1,18,22,118,119,3,0.01875
83,13,5,1,19,26,113,113,1,0.00625
83,14,6,1,23,18,111,110,0,0.0
83,15,7,1,27,19,89,90,2,0.0125
83,16,0,2,19,27,80,80,2,0.0125
83,17,1,2,18,16,86,85,1,0.00625
83,18,2,2,17,23,88,89,0,0.0
83,19,3,2,20,19,103,102,1,0.00625
83,20,4,2,20,33,112,114,0,0.0
83,21,5,2,20,20,101,98,1,0.00625
83,22,6,2,22,21,102,101,1,0.00625
83,23,7,2,19,23,87,87,1,0.00625
83,24,0,3,21,21,85,86,1,0.00625
83,25,1,3,22,19,107,107,0,0.0
83,26,2,3,21,16,100,99,2,0.0125
83,27,3,3,14,17,110,111,1,0.00625
83,28,4,3,25,24,110,109,1,0.00625
83,29,5,3,18,18,113,113,2,0.0125
83,30,6,3,26,15,108,107,1,0.00625
83,31,7,3,24,23,94,96,0,0.0
83,32,0,4,17,26,83,84,0,0.0
83,33,1,4,15,22,97,94,3,0.01875
83,34,2,4,21,22,92,93,0,0.0
83,35,3,4,22,22,117,116,4,0.025
83,36,4,4,18,15,93,93,2,0.0125
83,37,5,4,22,24,108,109,0,0.0
83,38,6,4,20,18,102,105,0,0.0
83,39,7,4,17,23,84,85,0,0.0
83,40,0,5,16,25,75,78,0,0.0
83,41,1,5,19,19,89,92,0,0.0
83,42,2,5,16,9,80,79,0,0.0
83,43,3,5,22,21,109,107,3,0.01875
83,44,4,5,23,20,104,103,1,0.00625
83,45,5,5,20,16,102,103,0,0.0
83,46,6,5,22,25,109,109,2,0.0125
83,47,7,5,17,22,83,83,0,0.0
83,48,0,6,22,21,80,80,1,0.00625
83,49,1,6,20,18,97,99,1,0.00625
83,50,2,6,15,21,95,96,0,0.0
83,51,3,6,16,15,99,102,0,0.0
83,52,4,6,18,20,97,95,2,0.0125
83,53,5,6,23,23,108,110,0,0.0
83,54,6,6,21,20,108,107,1,0.00625
83,55,7,6,18,21,80,82,0,0.0
83,56,0,7,20,24,54,54,0,0.0
83,57,1,7,15,19,65,63,2,0.0125
83,58,2,7,30,22,77,76,2,0.0125
83,59,3,7,21,16,74,76,0,0.0
83,60,4,7,23,18,74,73,1,0.00625
83,61,5,7,22,18,75,76,1,0.00625
83,62,6,7,20,24,78,77,1,0.00625
83,63,7,7,11,17,50,48,1,0.00625
84,0,0,0,15,11,41,40,0,0.0
84,1,1,0,19,25,77,78,1,0.00625
84,2,2,0,13,24,73,73,1,0.00625
84,3,3,0,18,32,77,78,0,0.0
84,4,4,0,21,24,78,76,2,0.0125
84,5,5,0,27,18,75,75,1,0.00625
84,6,6,0,19,22,78,78,1,0.00625
84,7,7,0,12,16,47,47,0,0.0
84,8,0,1,27,15,72,71,2,0.0125
84,9,1,1,19,15,106,104,1,0.00625
84,10,2,1,22,20,103,105,0,0.0
84,11,3,1,18,13,103,103,1,0.00625
84,12,4,1,20,17,98,100,1,0.00625
84,13,5,1,16,18,91,94,0,0.0
84,14,6,1,22,25,107,106,1,0.00625
84,15,7,1,19,17,75,77,0,0.0
84,16,0,2,17,20,70,72,0,0.0
84,17,1,2,28,27,121,122,1,0.00625
84,18,2,2,21,18,115,113,0,0.0
84,19,3,2,22,20,116,116,1,0.00625
84,20,4,2,21,16,108,107,0,0.0
84,21,5,2,17,19,96,98,1,0.00625
84,22,6,2,20,17,99,100,2,0.0125
84,23,7,2,22,26,82,81,1,0.00625
84,24,0,3,17,23,76,76,1,0.00625
84,25,1,3,19,19,102,102,1,0.00625
84,26,2,3,24,27,121,123,0,0.0
84,27,3,3,24,20,117,117,0,0.0
84,28,4,3,26,22,121,121,1,0.00625
84,29,5,3,27,22,107,109,1,0.00625
84,30,6,3,19,17,106,107,0,0.0
84,31,7,3,21,20,75,76,0,0.0
84,32,0,4,18,26,77,74,2,0.0125
84,33,1,4,16,17,92,95,1,0.00625
84,34,2,4,29,18,111,110,1,0.00625
84,35,3,4,21,24,119,121,1,0.00625
84,36,4,4,19,24,114,113,1,0.00625
84,37,5,4,16,24,97,96,2,0.0125
84,38,6,4,13,24,100,99,1,0.00625
84,39,7,4,22,22,72,72,0,0.0
84,40,0,5,15,18,71,70,0,0.0
84,41,1,5,20,17,100,97,1,0.00625
84,42,2,5,21,19,108,108,0,0.0
84,43,3,5,17,28,114,119,0,0.0
84,44,4,5,15,21,104,104,0,0.0
84,45,5,5,24,19,97,96,1,0.00625
84,46,6,5,19,16,102,102,2,0.0125
84,47,7,5,21,14,71,73,0,0.0
84,48,0,6,22,23,79,80,0,0.0
84,49,1,6,18,17,98,100,0,0.0
84,50,2,6,19,17,102,99,1,0.00625
84,51,3,6,22,21,108,107,0,0.0
84,52,4,6,19,17,104,104,0,0.0
84,53,5,6,19,17,88,87,1,0.00625
84,54,6,6,22,22,105,104,1,0.00625
84,55,7,6,19,21,80,80,0,0.0
84,56,0,7,22,18,59,58,1,0.00625
84,57,1,7,30,23,93,94,1,0.00625
84,58,2,7,26,17,94,92,3,0.01875
84,59,3,7,28,15,91,90,1,0.00625
84,60,4,7,15,21,85,85,1,0.00625
84,61,5,7,26,20,81,81,0,0.0
84,62,6,7,15,19,79,80,0,0.0
84,63,7,7,23,24,60,61,1,0.00625
85,0,0,0,21,30,68,66,2,0.0125
85,1,1,0,23,17,73,74,1,0.00625
85,2,2,0,18,23,80,81,0,0.0
85,3,3,0,21,23,81,80,0,0.0
85,4,4,0,17,26,82,83,1,0.00625
85,5,5,0,20,22,85,85,1,0.00625
85,6,6,0,18,25,87,88,0,0.0
85,7,7,0,22,17,56,54,2,0.0125
85,8,0,1,14,17,83,85,0,0.0
85,9,1,1,21,18,89,89,1,0.00625
85,10,2,1,24,21,108,103,2,0.0125
85,11,3,1,20,18,100,100,1,0.00625
85,12,4,1,19,20,103,102,1,0.00625
85,13,5,1,21,20,104,98,4,0.025
85,14,6,1,22,22,108,110,0,0.0
85,15,7,1,20,16,75,75,1,0.00625
85,16,0,2,18,19,90,88,1,0.00625
85,17,1,2,22,18,94,92,0,0.0
85,18,2,2,21,20,107,106,1,0.00625
85,19,3,2,25,23,109,110,0,0.0
85,20,4,2,12,19,106,102,4,0.025
85,21,5,2,17,19,94,96,0,0.0
85,22,6,2,21,19,105,106,1,0.00625
85,23,7,2,25,21,87,86,2,0.0125
85,24,0,3,21,19,88,88,1,0.00625
85,25,1,3,21,15,91,90,1,0.00625
85,26,2,3,23,22,106,105,1,0.00625
85,27,3,3,14,18,101,99,2,0.0125
85,28,4,3,23,24,105,106,1,0.00625
85,29,5,3,18,13,101,100,2,0.0125
85,30,6,3,24,20,106,102,2,0.0125
85,31,7,3,21,20,84,81,2,0.0125
85,32,0,4,23,18,83,84,1,0.00625
85,33,1,4,21,20,94,93,1,0.00625
85,34,2,4,22,21,102,103,1,0.00625
85,35,3,4,20,24,100,102,0,0.0
85,36,4,4,26,16,95,97,1,0.00625
85,37,5,4,24,27,108,108,1,0.00625
85,38,6,4,26,18,101,100,1,0.00625
85,39,7,4,13,18,79,77,2,0.0125
85,40,0,5,24,18,87,88,0,0.0
85,41,1,5,24,19,102,104,0,0.0
85,42,2,5,16,24,104,106,0,0.0
85,43,3,5,24,23,104,101,1,0.00625
85,44,4,5,21,21,107,106,2,0.0125
85,45,5,5,24,26,114,113,3,0.01875
85,46,6,5,17,20,102,105,0,0.0
85,47,7,5,18,26,80,80,0,0.0
85,48,0,6,14,20,84,83,0,0.0
85,49,1,6,11,24,87,85,1,0.00625
85,50,2,6,24,23,101,102,2,0.0125
85,51,3,6,27,15,113,112,2,0.0125
85,52,4,6,16,23,113,112,1,0.00625
85,53,5,6,22,22,105,103,0,0.0
85,54,6,6,17,26,107,111,0,0.0
85,55,7,6,24,18,77,76,0,0.0
85,56,0,7,15,21,63,63,1,0.00625
85,57,1,7,21,17,79,79,1,0.00625
85,58,2,7,20,13,80,82,1,0.00625
85,59,3,7,20,28,98,98,1,0.00625
85,60,4,7,24,27,99,99,1,0.00625
85,61,5,7,18,11,81,79,1,0.00625
85,62,6,7,22,19,86,85,0,0.0
85,63,7,7,28,18,64,63,1,0.00625
86,0,0,0,29,23,74,75,1,0.00625
86,1,1,0,25,23,100,100,1,0.00625
86,2,2,0,20,15,83,83,0,0.0
86,3,3,0,13,15,68,67,1,0.00625
86,4,4,0,21,19,71,72,1,0.00625
86,5,5,0,24,20,79,79,0,0.0
86,6,6,0,22,18,77,78,1,0.00625
86,7,7,0,18,19,56,59,0,0.0
86,8,0,1,14,23,78,77,1,0.00625
86,9,1,1,26,31,114,115,1,0.00625
86,10,2,1,21,27,108,110,0,0.0
86,11,3,1,13,20,91,91,0,0.0
86,12,4,1,19,15,82,82,1,0.00625
86,13,5,1,15,20,91,93,1,0.00625
86,14,6,1,16,24,89,88,1,0.00625
86,15,7,1,15,22,73,72,0,0.0
86,16,0,2,21,21,81,80,1,0.00625
86,17,1,2,21,14,95,96,0,0.0
86,18,2,2,22,23,95,97,1,0.00625
86,19,3,2,19,22,96,98,0,0.0
86,20,4,2,20,11,82,85,1,0.00625
86,21,5,2,15,20,91,89,1,0.00625
86,22,6,2,18,17,83,82,2,0.0125
86,23,7,2,16,16,64,67,0,0.0
86,24,0,3,13,19,86,87,0,0.0
86,25,1,3,19,21,107,108,0,0.0
86,26,2,3,20,20,102,100,2,0.0125
86,27,3,3,26,26,109,113,0,0.0
86,28,4,3,23,17,111,112,0,0.0
86,29,5,3,19,18,111,111,1,0.00625
86,30,6,3,29,17,108,112,0,0.0
86,31,7,3,28,20,92,93,1,0.00625
86,32,0,4,24,32,99,99,1,0.00625
86,33,1,4,23,15,103,104,1,0.00625
86,34,2,4,18,19,87,87,2,0.0125
86,35,3,4,22,16,93,89,1,0.00625
86,36,4,4,15,26,96,96,0,0.0
86,37,5,4,22,19,102,99,4,0.025
86,38,6,4,19,21,99,100,1,0.00625
86,39,7,4,20,31,83,85,1,0.00625
86,40,0,5,21,18,82,82,0,0.0
86,41,1,5,24,26,111,109,0,0.0
86,42,2,5,23,18,98,96,2,0.0125
86,43,3,5,23,18,101,103,0,0.0
86,44,4,5,17,20,96,98,1,0.00625
86,45,5,5,15,16,94,95,2,0.0125
86,46,6,5,23,26,104,104,1,0.00625
86,47,7,5,25,19,83,82,1,0.00625
86,48,0,6,15,20,78,79,1,0.00625
86,49,1,6,19,18,97,98,1,0.00625
86,50,2,6,19,24,96,98,0,0.0
86,51,3,6,23,22,96,98,0,0.0
86,52,4,6,19,25,98,101,0,0.0
86,53,5,6,22,15,99,100,0,0.0
86,54,6,6,12,15,85,83,1,0.00625
86,55,7,6,20,23,72,72,0,0.0
86,56,0,7,20,21,66,67,0,0.0
86,57,1,7,15,14,76,76,1,0.00625
86,58,2,7,14,20,70,71,0,0.0
86,59,3,7,15,20,73,73,0,0.0
86,60,4,7,22,23,82,83,0,0.0
86,61,5,7,17,22,83,83,2,0.0125
86,62,6,7,19,23,81,81,1,0.00625
86,63,7,7,19,11,49,50,2,0.0125
87,0,0,0,17,23,55,56,1,0.00625
87,1,1,0,16,16,66,65,2,0.0125
87,2,2,0,21,16,68,67,0,0.0
87,3,3,0,21,25,83,83,2,0.0125
87,4,4,0,22,20,81,81,1,0.00625
87,5,5,0,21,23,85,84,1,0.00625
87,6,6,0,25,15,79,79,0,0.0
87,7,7,0,14,19,64,60,2,0.0125
87,8,0,1,31,12,78,79,1,0.00625
87,9,1,1,19,18,93,93,0,0.0
87,10,2,1,24,15,84,84,1,0.00625
87,11,3,1,23,21,103,103,0,0.0
87,12,4,1,24,21,104,101,3,0.01875
87,13,5,1,21,22,101,104,0,0.0
87,14,6,1,17,21,85,86,0,0.0
87,15,7,1,11,25,72,72,1,0.00625
87,16,0,2,21,10,83,85,0,0.0
87,17,1,2,15,25,108,105,2,0.0125
87,18,2,2,19,23,101,100,2,0.0125
87,19,3,2,23,24,123,121,1,0.00625
87,20,4,2,22,24,118,117,2,0.0125
87,21,5,2,17,24,115,115,1,0.00625
87,22,6,2,21,20,102,103,1,0.00625
87,23,7,2,31,15,89,86,2,0.0125
87,24,0,3,21,26,94,93,0,0.0
87,25,1,3,19,21,99,97,2,0.0125
87,26,2,3,16,16,87,87,2,0.0125
87,27,3,3,21,20,111,107,2,0.0125
87,28,4,3,19,23,108,108,1,0.00625
87,29,5,3,19,21,105,104,3,0.01875
87,30,6,3,18,15,92,92,0,0.0
87,31,7,3,24,20,84,84,0,0.0
87,32,0,4,15,20,79,80,1,0.00625
87,33,1,4,29,19,99,99,1,0.00625
87,34,2,4,23,19,106,107,1,0.00625
87,35,3,4,19,18,107,110,0,0.0
87,36,4,4,16,19,98,98,0,0.0
87,37,5,4,25,20,99,102,0,0.0
87,38,6,4,22,21,101,101,0,0.0
87,39,7,4,16,20,80,79,1,0.00625
87,40,0,5,20,19,83,81,1,0.00625
87,41,1,5,22,13,91,92,1,0.00625
87,42,2,5,24,29,107,107,1,0.00625
87,43,3,5,17,24,106,105,0,0.0
87,44,4,5,26,22,106,105,0,0.0
87,45,5,5,16,16,94,97,0,0.0
87,46,6,5,20,26,92,93,0,0.0
87,47,7,5,16,21,77,76,1,0.00625
87,48,0,6,21,14,80,77,3,0.01875
87,49,1,6,23,22,97,97,0,0.0
87,50,2,6,23,24,97,97,0,0.0
87,51,3,6,12,25,104,103,0,0.0
87,52,4,6,22,19,96,94,0,0.0
87,53,5,6,24,26,114,114,1,0.00625
87,54,6,6,18,18,96,97,0,0.0
87,55,7,6,16,18,74,73,1,0.00625
87,56,0,7,20,16,61,61,1,0.00625
87,57,1,7,12,17,76,77,1,0.00625
87,58,2,7,32,20,92,91,2,0.0125
87,59,3,7,29,21,106,103,2,0.0125
87,60,4,7,23,14,88,88,0,0.0
87,61,5,7,17,22,88,89,1,0.00625
87,62,6,7,19,25,90,90,0,0.0
87,63,7,7,27,17,66,66,2,0.0125
88,0,0,0,21,20,62,62,1,0.00625
88,1,1,0,31,18,90,90,1,0.00625
88,2,2,0,19,16,86,87,0,0.0
88,3,3,0,19,32,91,92,0,0.0
88,4,4,0,20,22,82,82,1,0.00625
88,5,5,0,17,26,84,85,1,0.00625
88,6,6,0,22,26,88,86,1,0.00625
88,7,7,0,24,18,62,65,1,0.00625
88,8,0,1,26,21,88,86,2,0.0125
88,9,1,1,22,19,105,105,1,0.00625
88,10,2,1,25,28,113,113,2,0.0125
88,11,3,1,25,20,122,122,0,0.0
88,12,4,1,21,18,102,107,0,0.0
88,13,5,1,19,18,103,102,2,0.0125
88,14,6,1,26,15,107,106,1,0.00625
88,15,7,1,21,25,87,87,2,0.0125
88,16,0,2,19,18,85,85,0,0.0
88,17,1,2,24,29,119,121,2,0.0125
88,18,2,2,21,22,113,111,2,0.0125
88,19,3,2,24,27,131,129,1,0.00625
88,20,4,2,17,27,118,118,1,0.00625
88,21,5,2,18,21,108,107,2,0.0125
88,22,6,2,20,18,109,107,0,0.0
88,23,7,2,23,24,84,84,2,0.0125
88,24,0,3,16,29,84,84,1,0.00625
88,25,1,3,17,19,93,94,1,0.00625
88,26,2,3,21,23,102,105,1,0.00625
88,27,3,3,18,19,110,111,2,0.0125
88,28,4,3,27,24,113,113,0,0.0
88,29,5,3,25,20,117,119,1,0.00625
88,30,6,3,15,16,107,101,3,0.01875
88,31,7,3,20,20,71,72,1,0.00625
88,32,0,4,24,22,78,78,1,0.00625
88,33,1,4,30,16,103,101,1,0.00625
88,34,2,4,25,18,104,104,0,0.0
88,35,3,4,17,19,104,103,0,0.0
88,36,4,4,15,18,88,89,0,0.0
88,37,5,4,16,27,102,99,4,0.025
88,38,6,4,15,21,96,95,1,0.00625
88,39,7,4,19,16,65,65,1,0.00625
88,40,0,5,22,13,77,79,0,0.0
88,41,1,5,20,28,111,112,0,0.0
88,42,2,5,28,29,123,121,0,0.0
88,43,3,5,17,22,125,123,1,0.00625
88,44,4,5,18,16,97,98,1,0.00625
88,45,5,5,28,15,110,108,1,0.00625
88,46,6,5,25,13,123,121,2,0.0125
88,47,7,5,25,18,81,83,0,0.0
88,48,0,6,28,25,90,91,2,0.0125
88,49,1,6,13,22,102,99,1,0.00625
88,50,2,6,16,18,90,90,0,0.0
88,51,3,6,17,27,113,109,3,0.01875
88,52,4,6,21,15,96,95,1,0.00625
88,53,5,6,19,15,97,95,3,0.01875
88,54,6,6,14,26,105,105,0,0.0
88,55,7,6,20,23,73,71,3,0.01875
88,56,0,7,15,21,54,54,0,0.0
88,57,1,7,20,29,80,79,1,0.00625
88,58,2,7,27,15,77,78,1,0.00625
88,59,3,7,19,16,81,83,1,0.00625
88,60,4,7,22,16,78,78,1,0.00625
88,61,5,7,28,19,88,88,2,0.0125
88,62,6,7,13,19,75,75,0,0.0
88,63,7,7,16,14,44,45,0,0.0
89,0,0,0,19,18,59,58,1,0.00625
89,1,1,0,11,16,69,69,1,0.00625
89,2,2,0,19,24,75,75,0,0.0
89,3,3,0,24,16,77,77,0,0.0
89,4,4,0,21,24,89,89,0,0.0
89,5,5,0,20,15,74,75,0,0.0
89,6,6,0,28,29,99,98,2,0.0125
89,7,7,0,22,17,64,64,0,0.0
89,8,0,1,22,22,82,84,0,0.0
89,9,1,1,32,19,115,114,2,0.0125
89,10,2,1,13,17,108,108,0,0.0
89,11,3,1,18,18,89,86,2,0.0125
89,12,4,1,16,25,105,101,2,0.0125
89,13,5,1,21,21,95,94,2,0.0125
89,14,6,1,22,24,115,115,1,0.00625
89,15,7,1,23,25,90,92,0,0.0
89,16,0,2,24,21,88,88,0,0.0
89,17,1,2,26,23,115,114,1,0.00625
89,18,2,2,20,31,127,130,0,0.0
89,19,3,2,24,12,102,103,3,0.01875
89,20,4,2,22,14,111,111,2,0.0125
89,21,5,2,18,15,101,101,1,0.00625
89,22,6,2,15,19,112,114,0,0.0
89,23,7,2,32,26,88,90,1,0.00625
89,24,0,3,21,23,79,78,2,0.0125
89,25,1,3,23,24,98,99,0,0.0
89,26,2,3,15,25,104,103,0,0.0
89,27,3,3,22,23,95,96,2,0.0125
89,28,4,3,14,23,101,99,1,0.00625
89,29,5,3,20,20,88,88,1,0.00625
89,30,6,3,20,20,109,114,0,0.0
89,31,7,3,22,14,74,74,1,0.00625
89,32,0,4,21,18,80,79,2,0.0125
89,33,1,4,19,20,100,101,0,0.0
89,34,2,4,18,22,110,108,1,0.00625
89,35,3,4,30,17,111,109,2,0.0125
89,36,4,4,23,20,119,115,1,0.00625
89,37,5,4,18,15,91,95,1,0.00625
89,38,6,4,17,22,110,110,2,0.0125
89,39,7,4,21,21,77,79,0,0.0
89,40,0,5,18,25,87,87,0,0.0
89,41,1,5,16,20,99,98,1,0.00625
89,42,2,5,16,22,99,103,0,0.0
89,43,3,5,22,20,99,100,2,0.0125
89,44,4,5,18,25,113,112,1,0.00625
89,45,5,5,23,21,102,101,3,0.01875
89,46,6,5,18,19,110,109,0,0.0
89,47,7,5,21,17,79,78,1,0.00625
89,48,0,6,17,27,82,83,2,0.0125
89,49,1,6,28,19,99,100,1,0.00625
89,50,2,6,18,19,105,103,0,0.0
89,51,3,6,20,16,92,96,0,0.0
89,52,4,6,22,21,104,105,1,0.00625
89,53,5,6,22,20,102,103,0,0.0
89,54,6,6,12,23,106,107,0,0.0
89,55,7,6,20,19,70,72,1,0.00625
89,56,0,7,17,20,55,54,1,0.00625
89,57,1,7,24,21,77,78,1,0.00625
89,58,2,7,20,22,87,86,1,0.00625
89,59,3,7,22,18,78,77,3,0.01875
89,60,4,7,17,19,74,75,0,0.0
89,61,5,7,28,24,85,86,0,0.0
89,62,6,7,19,22,89,89,1,0.00625
89,63,7,7,24,12,56,53,3,0.01875
90,0,0,0,19,22,67,68,1,0.00625
90,1,1,0,12,20,77,77,1,0.00625
90,2,2,0,20,26,85,83,2,0.0125
90,3,3,0,17,21,86,85,1,0.00625
90,4,4,0,18,22,85,85,1,0.00625
90,5,5,0,28,19,97,93,3,0.01875
90,6,6,0,25,13,91,94,0,0.0
90,7,7,0,25,20,73,74,0,0.0
90,8,0,1,16,26,81,81,1,0.00625
90,9,1,1,22,19,95,92,2,0.0125
90,10,2,1,21,11,90,91,1,0.00625
90,11,3,1,15,15,88,90,2,0.0125
90,12,4,1,15,17,84,88,0,0.0
90,13,5,1,18,20,90,91,1,0.00625
90,14,6,1,23,24,100,97,3,0.01875
90,15,7,1,15,28,82,81,0,0.0
90,16,0,2,23,19,89,89,0,0.0
90,17,1,2,18,18,103,105,1,0.00625
90,18,2,2,12,20,104,101,2,0.0125
90,19,3,2,23,21,99,100,2,0.0125
90,20,4,2,11,21,95,97,1,0.00625
90,21,5,2,22,16,90,93,0,0.0
90,22,6,2,22,22,103,101,2,0.0125
90,23,7,2,19,19,79,80,0,0.0
90,24,0,3,18,28,91,91,2,0.0125
90,25,1,3,22,21,109,107,3,0.01875
90,26,2,3,12,22,106,105,0,0.0
90,27,3,3,24,12,92,93,0,0.0
90,28,4,3,17,20,109,110,2,0.0125
90,29,5,3,22,11,96,96,0,0.0
90,30,6,3,30,24,110,111,1,0.00625
90,31,7,3,18,21,88,89,0,0.0
90,32,0,4,15,22,81,79,2,0.0125
90,33,1,4,14,19,89,90,1,0.00625
90,34,2,4,14,22,98,99,1,0.00625
90,35,3,4,19,14,86,89,0,0.0
90,36,4,4,20,29,114,115,1,0.00625
90,37,5,4,14,20,96,96,1,0.00625
90,38,6,4,23,22,96,94,2,0.0125
90,39,7,4,22,27,90,90,0,0.0
90,40,0,5,21,20,74,73,0,0.0
90,41,1,5,22,13,89,91,0,0.0
90,42,2,5,22,15,101,100,1,0.00625
90,43,3,5,22,16,92,94,0,0.0
90,44,4,5,15,24,97,93,4,0.025
90,45,5,5,22,23,89,92,0,0.0
90,46,6,5,16,16,83,85,1,0.00625
90,47,7,5,14,21,69,70,0,0.0
90,48,0,6,26,13,80,82,0,0.0
90,49,1,6,24,19,114,113,2,0.0125
90,50,2,6,13,21,109,109,2,0.0125
90,51,3,6,17,22,95,95,1,0.00625
90,52,4,6,16,22,98,100,0,0.0
90,53,5,6,19,15,88,91,0,0.0
90,54,6,6,27,23,107,104,1,0.00625
90,55,7,6,21,19,82,82,1,0.00625
90,56,0,7,23,21,63,65,0,0.0
90,57,1,7,23,22,91,92,0,0.0
90,58,2,7,19,28,90,89,2,0.0125
90,59,3,7,21,15,74,76,0,0.0
90,60,4,7,18,17,77,77,0,0.0
90,61,5,7,16,16,69,69,1,0.00625
90,62,6,7,20,20,72,72,0,0.0
90,63,7,7,12,23,56,58,2,0.0125
91,0,0,0,21,16,54,52,2,0.0125
91,1,1,0,21,29,86,88,0,0.0
91,2,2,0,17,23,78,78,0,0.0
91,3,3,0,17,18,69,70,1,0.00625
91,4,4,0,24,20,75,76,0,0.0
91,5,5,0,25,24,85,87,0,0.0
91,6,6,0,21,22,81,82,0,0.0
91,7,7,0,14,17,53,53,0,0.0
91,8,0,1,21,16,84,81,1,0.00625
91,9,1,1,14,21,111,113,1,0.00625
91,10,2,1,15,18,108,106,2,0.0125
91,11,3,1,17,23,104,105,1,0.00625
91,12,4,1,22,17,108,106,0,0.0
91,13,5,1,20,23,121,121,1,0.00625
91,14,6,1,15,24,110,113,2,0.0125
91,15,7,1,31,20,87,88,0,0.0
91,16,0,2,21,28,89,90,0,0.0
91,17,1,2,19,15,108,106,1,0.00625
91,18,2,2,23,15,98,101,1,0.00625
91,19,3,2,11,16,88,86,0,0.0
91,20,4,2,27,15,98,95,3,0.01875
91,21,5,2,20,22,112,112,0,0.0
91,22,6,2,18,20,99,100,0,0.0
91,23,7,2,21,18,78,78,0,0.0
91,24,0,3,17,21,80,81,1,0.00625
91,25,1,3,24,24,116,118,0,0.0
91,26,2,3,19,17,107,107,2,0.0125
91,27,3,3,18,18,96,96,1,0.00625
91,28,4,3,22,14,93,94,0,0.0
91,29,5,3,15,25,104,105,0,0.0
91,30,6,3,20,21,96,96,0,0.0
91,31,7,3,24,22,82,81,0,0.0
91,32,0,4,25,23,81,83,0,0.0
91,33,1,4,19,18,107,106,0,0.0
91,34,2,4,21,24,101,101,0,0.0
91,35,3,4,20,17,94,90,3,0.01875
91,36,4,4,31,18,101,104,0,0.0
91,37,5,4,21,20,112,110,1,0.00625
91,38,6,4,19,16,89,89,3,0.01875
91,39,7,4,17,21,73,71,2,0.0125
91,40,0,5,20,18,74,74,0,0.0
91,41,1,5,19,27,112,109,1,0.00625
91,42,2,5,23,16,100,100,1,0.00625
91,43,3,5,14,17,96,97,0,0.0
91,44,4,5,24,20,97,101,2,0.0125
91,45,5,5,29,30,130,126,2,0.0125
91,46,6,5,10,16,95,94,1,0.00625
91,47,7,5,22,18,67,67,0,0.0
91,48,0,6,21,19,76,75,0,0.0
91,49,1,6,17,20,105,105,2,0.0125
91,50,2,6,24,17,100,102,0,0.0
91,51,3,6,20,25,107,106,1,0.00625
91,52,4,6,20,15,94,92,1,0.00625
91,53,5,6,22,25,111,109,1,0.00625
91,54,6,6,17,25,104,104,2,0.0125
91,55,7,6,19,10,67,68,1,0.00625
91,56,0,7,28,21,67,65,1,0.00625
91,57,1,7,24,21,88,87,1,0.00625
91,58,2,7,20,18,77,77,3,0.01875
91,59,3,7,20,22,81,80,1,0.00625
91,60,4,7,28,17,84,81,3,0.01875
91,61,5,7,20,21,85,84,0,0.0
91,62,6,7,17,20,77,76,1,0.00625
91,63,7,7,22,23,58,57,1,0.00625
92,0,0,0,24,19,49,50,0,0.0
92,1,1,0,17,23,72,71,1,0.00625
92,2,2,0,19,19,64,65,0,0.0
92,3,3,0,20,20,67,68,0,0.0
92,4,4,0,26,23,80,79,1,0.00625
92,5,5,0,16,21,72,74,0,0.0
92,6,6,0,16,23,67,66,0,0.0
92,7,7,0,10,16,41,39,1,0.00625
92,8,0,1,19,11,71,74,1,0.00625
92,9,1,1,18,22,109,110,2,0.0125
92,10,2,1,16,18,94,97,0,0.0
92,11,3,1,19,16,94,93,0,0.0
92,12,4,1,23,20,107,104,2,0.0125
92,13,5,1,26,27,112,112,1,0.00625
92,14,6,1,21,20,108,109,1,0.00625
92,15,7,1,21,16,71,69,2,0.0125
92,16,0,2,20,26,79,78,0,0.0
92,17,1,2,23,21,104,107,1,0.00625
92,18,2,2,16,19,98,96,1,0.00625
92,19,3,2,29,17,96,98,2,0.0125
92,20,4,2,16,16,101,103,2,0.0125
92,21,5,2,10,21,84,83,1,0.00625
92,22,6,2,23,23,96,96,1,0.00625
92,23,7,2,19,18,74,70,2,0.0125
92,24,0,3,21,17,79,77,2,0.0125
92,25,1,3,12,18,99,96,2,0.0125
92,26,2,3,15,24,90,92,0,0.0
92,27,3,3,18,19,91,89,2,0.0125
92,28,4,3,26,27,116,112,2,0.0125
92,29,5,3,22,20,107,107,0,0.0
92,30,6,3,20,9,99,96,2,0.0125
92,31,7,3,23,19,78,77,2,0.0125
92,32,0,4,21,24,93,94,0,0.0
92,33,1,4,20,20,116,115,2,0.0125
92,34,2,4,25,14,107,108,0,0.0
92,35,3,4,22,15,107,111,1,0.00625
92,36,4,4,21,13,110,109,0,0.0
92,37,5,4,16,23,108,109,0,0.0
92,38,6,4,19,22,110,113,0,0.0
92,39,7,4,27,19,86,87,0,0.0
92,40,0,5,26,27,96,95,1,0.00625
92,41,1,5,21,22,114,116,0,0.0
92,42,2,5,23,21,109,106,2,0.0125
92,43,3,5,20,28,111,106,2,0.0125
92,44,4,5,26,22,115,114,2,0.0125
92,45,5,5,32,20,125,127,1,0.00625
92,46,6,5,23,19,124,124,0,0.0
92,47,7,5,28,21,91,88,2,0.0125
92,48,0,6,22,23,81,81,0,0.0
92,49,1,6,23,23,110,109,2,0.0125
92,50,2,6,20,22,100,100,0,0.0
92,51,3,6,23,22,98,97,2,0.0125
92,52,4,6,17,20,101,100,2,0.0125
92,53,5,6,17,26,101,100,1,0.00625
92,54,6,6,18,34,112,113,1,0.00625
92,55,7,6,20,22,79,77,1,0.00625
92,56,0,7,25,15,57,58,1,0.00625
92,57,1,7,19,24,83,84,0,0.0
92,58,2,7,16,23,75,78,0,0.0
92,59,3,7,24,20,76,77,1,0.00625
92,60,4,7,19,26,85,86,0,0.0
92,61,5,7,22,15,76,78,0,0.0
92,62,6,7,20,19,79,79,2,0.0125
92,63,7,7,14,18,54,55,1,0.00625
93,0,0,0,18,14,55,54,2,0.0125
93,1,1,0,18,20,76,75,0,0.0
93,2,2,0,18,21,78,78,0,0.0
93,3,3,0,18,18,77,77,0,0.0
93,4,4,0,25,19,85,85,0,0.0
93,5,5,0,12,19,83,79,2,0.0125
93,6,6,0,15,17,67,67,1,0.00625
93,7,7,0,24,23,60,62,0,0.0
93,8,0,1,17,20,73,71,1,0.00625
93,9,1,1,24,19,100,99,3,0.01875
93,10,2,1,20,19,107,104,1,0.00625
93,11,3,1,22,19,104,103,1,0.00625
93,12,4,1,14,18,98,102,1,0.00625
93,13,5,1,21,24,109,107,2,0.0125
93,14,6,1,19,11,92,92,1,0.00625
93,15,7,1,25,15,84,85,1,0.00625
93,16,0,2,13,22,68,67,1,0.00625
93,17,1,2,30,16,93,91,1,0.00625
93,18,2,2,14,23,105,105,1,0.00625
93,19,3,2,23,18,93,95,0,0.0
93,20,4,2,15,25,101,102,0,0.0
93,21,5,2,18,16,88,88,0,0.0
93,22,6,2,20,21,89,90,0,0.0
93,23,7,2,15,24,84,86,1,0.00625
93,24,0,3,16,18,65,67,0,0.0
93,25,1,3,21,14,89,86,2,0.0125
93,26,2,3,20,27,110,109,0,0.0
93,27,3,3,24,16,96,99,0,0.0
93,28,4,3,20,26,109,113,1,0.00625
93,29,5,3,18,15,96,96,0,0.0
93,30,6,3,23,16,91,91,3,0.01875
93,31,7,3,17,22,88,87,2,0.0125
93,32,0,4,22,17,71,71,0,0.0
93,33,1,4,28,15,99,100,1,0.00625
93,34,2,4,24,20,110,109,1,0.00625
93,35,3,4,22,21,104,102,2,0.0125
93,36,4,4,19,25,105,103,1,0.00625
93,37,5,4,17,22,99,100,1,0.00625
93,38,6,4,16,17,86,82,1,0.00625
93,39,7,4,21,21,81,79,0,0.0
93,40,0,5,30,18,91,91,2,0.0125
93,41,1,5,19,20,113,112,1,0.00625
93,42,2,5,21,27,111,113,1,0.00625
93,43,3,5,19,23,106,109,1,0.00625
93,44,4,5,25,22,105,108,0,0.0
93,45,5,5,30,20,113,114,1,0.00625
93,46,6,5,17,18,98,99,0,0.0
93,47,7,5,18,16,74,75,0,0.0
93,48,0,6,12,25,76,74,3,0.01875
93,49,1,6,22,33,107,109,2,0.0125
93,50,2,6,16,19,102,102,0,0.0
93,51,3,6,18,21,96,99,0,0.0
93,52,4,6,24,20,106,106,1,0.00625
93,53,5,6,22,25,111,111,1,0.00625
93,54,6,6,17,31,102,100,1,0.00625
93,55,7,6,21,15,77,76,1,0.00625
93,56,0,7,19,22,58,58,1,0.00625
93,57,1,7,25,13,75,73,2,0.0125
93,58,2,7,22,21,85,81,2,0.0125
93,59,3,7,18,17,71,71,1,0.00625
93,60,4,7,21,21,76,77,0,0.0
93,61,5,7,17,24,78,73,2,0.0125
93,62,6,7,22,17,73,71,1,0.00625
93,63,7,7,16,15,53,55,0,0.0
94,0,0,0,20,16,60,61,1,0.00625
94,1,1,0,19,20,83,83,1,0.00625
94,2,2,0,21,28,91,90,0,0.0
94,3,3,0,23,22,88,86,2,0.0125
94,4,4,0,18,19,78,77,2,0.0125
94,5,5,0,27,21,83,84,2,0.0125
94,6,6,0,21,16,87,86,1,0.00625
94,7,7,0,25,21,66,65,0,0.0
94,8,0,1,22,22,80,82,0,0.0
94,9,1,1,24,20,103,104,2,0.0125
94,10,2,1,16,18,105,105,1,0.00625
94,11,3,1,20,19,96,92,4,0.025
94,12,4,1,19,22,97,97,0,0.0
94,13,5,1,19,16,92,93,0,0.0
94,14,6,1,24,25,107,106,2,0.0125
94,15,7,1,19,20,82,81,1,0.00625
94,16,0,2,16,14,71,71,1,0.00625
94,17,1,2,18,25,98,100,1,0.00625
94,18,2,2,23,26,108,110,0,0.0
94,19,3,2,10,16,93,93,0,0.0
94,20,4,2,20,19,88,88,0,0.0
94,21,5,2,31,19,111,107,3,0.01875
94,22,6,2,22,23,116,115,1,0.00625
94,23,7,2,23,20,83,83,2,0.0125
94,24,0,3,18,22,70,70,0,0.0
94,25,1,3,18,18,83,89,0,0.0
94,26,2,3,19,20,92,93,1,0.00625
94,27,3,3,20,19,99,97,1,0.00625
94,28,4,3,20,13,85,82,2,0.0125
94,29,5,3,14,16,85,83,1,0.00625
94,30,6,3,25,31,102,106,0,0.0
94,31,7,3,15,20,81,80,2,0.0125
94,32,0,4,20,14,69,70,0,0.0
94,33,1,4,25,21,101,101,1,0.00625
94,34,2,4,17,17,105,104,2,0.0125
94,35,3,4,22,20,99,100,2,0.0125
94,36,4,4,26,21,103,104,1,0.00625
94,37,5,4,21,21,104,104,1,0.00625
94,38,6,4,20,15,89,91,2,0.0125
94,39,7,4,14,27,79,79,2,0.0125
94,40,0,5,21,18,78,77,2,0.0125
94,41,1,5,16,20,102,103,0,0.0
94,42,2,5,25,26,117,115,3,0.01875
94,43,3,5,19,17,106,105,0,0.0
94,44,4,5,20,20,107,105,2,0.0125
94,45,5,5,19,26,110,111,0,0.0
94,46,6,5,17,19,99,100,0,0.0
94,47,7,5,25,18,74,75,0,0.0
94,48,0,6,20,25,76,79,0,0.0
94,49,1,6,19,22,93,94,2,0.0125
94,50,2,6,20,17,95,95,0,0.0
94,51,3,6,26,19,103,102,1,0.00625
94,52,4,6,13,15,87,89,1,0.00625
94,53,5,6,15,21,80,80,1,0.00625
94,54,6,6,22,21,86,88,1,0.00625
94,55,7,6,11,19,65,69,0,0.0
94,56,0,7,16,17,50,50,0,0.0
94,57,1,7,24,19,80,79,3,0.01875
94,58,2,7,19,20,83,83,2,0.0125
94,59,3,7,23,21,86,86,1,0.00625
94,60,4,7,20,24,87,86,2,0.0125
94,61,5,7,14,13,64,69,0,0.0
94,62,6,7,17,18,67,71,0,0.0
94,63,7,7,20,22,60,60,0,0.0
95,0,0,0,31,21,77,75,1,0.00625
95,1,1,0,23,19,98,97,1,0.00625
95,2,2,0,19,22,87,89,0,0.0
95,3,3,0,20,21,84,85,0,0.0
95,4,4,0,17,23,83,85,0,0.0
95,5,5,0,28,17,85,85,2,0.0125
95,6,6,0,14,22,84,85,1,0.00625
95,7,7,0,18,16,52,52,0,0.0
95,8,0,1,21,24,89,88,0,0.0
95,9,1,1,31,29,124,123,1,0.00625
95,10,2,1,19,22,113,114,2,0.0125
95,11,3,1,18,21,96,101,0,0.0
95,12,4,1,20,21,99,98,0,0.0
95,13,5,1,27,18,100,100,1,0.00625
95,14,6,1,26,27,120,119,2,0.0125
95,15,7,1,18,15,78,78,0,0.0
95,16,0,2,18,25,83,83,0,0.0
95,17,1,2,19,19,98,93,3,0.01875
95,18,2,2,19,30,110,110,1,0.00625
95,19,3,2,22,21,99,98,0,0.0
95,20,4,2,17,16,96,95,2,0.0125
95,21,5,2,22,20,91,95,0,0.0
95,22,6,2,25,25,108,108,2,0.0125
95,23,7,2,16,25,85,87,0,0.0
95,24,0,3,20,19,79,79,1,0.00625
95,25,1,3,20,18,96,95,1,0.00625
95,26,2,3,18,19,101,101,0,0.0
95,27,3,3,22,21,101,101,1,0.00625
95,28,4,3,19,20,101,104,1,0.00625
95,29,5,3,19,19,91,93,0,0.0
95,30,6,3,15,21,96,94,1,0.00625
95,31,7,3,19,26,77,78,1,0.00625
95,32,0,4,21,18,70,69,0,0.0
95,33,1,4,22,19,95,96,0,0.0
95,34,2,4,20,20,96,99,0,0.0
95,35,3,4,19,18,89,89,1,0.00625
95,36,4,4,14,25,88,89,0,0.0
95,37,5,4,18,20,76,75,0,0.0
95,38,6,4,19,19,89,91,1,0.00625
95,39,7,4,12,16,65,68,0,0.0
95,40,0,5,18,11,68,67,2,0.0125
95,41,1,5,18,21,91,90,0,0.0
95,42,2,5,20,24,96,97,2,0.0125
95,43,3,5,20,21,96,95,3,0.01875
95,44,4,5,24,21,99,96,2,0.0125
95,45,5,5,22,14,89,86,2,0.0125
95,46,6,5,20,21,97,96,0,0.0
95,47,7,5,16,21,80,79,1,0.00625
95,48,0,6,17,16,71,70,1,0.00625
95,49,1,6,23,17,93,94,1,0.00625
95,50,2,6,20,16,96,94,3,0.01875
95,51,3,6,21,22,96,96,1,0.00625
95,52,4,6,18,20,94,93,0,0.0
95,53,5,6,25,19,101,99,2,0.0125
95,54,6,6,17,18,103,103,0,0.0
95,55,7,6,20,20,78,77,0,0.0
95,56,0,7,22,14,58,58,0,0.0
95,57,1,7,21,19,81,82,1,0.00625
95,58,2,7,21,25,88,91,1,0.00625
95,59,3,7,18,18,76,76,0,0.0
95,60,4,7,12,19,71,72,0,0.0
95,61,5,7,20,20,77,75,0,0.0
95,62,6,7,20,27,90,87,2,0.0125
95,63,7,7,22,18,57,56,0,0.0
96,0,0,0,26,24,64,67,0,0.0
96,1,1,0,18,19,78,80,1,0.00625
96,2,2,0,31,24,91,89,1,0.00625
96,3,3,0,22,21,90,89,1,0.00625
96,4,4,0,19,16,76,74,1,0.00625
96,5,5,0,20,16,75,77,0,0.0
96,6,6,0,22,10,71,71,0,0.0
96,7,7,0,19,25,63,64,0,0.0
96,8,0,1,16,19,72,71,1,0.00625
96,9,1,1,18,26,93,95,1,0.00625
96,10,2,1,20,19,95,96,1,0.00625
96,11,3,1,15,29,103,103,1,0.00625
96,12,4,1,18,20,89,88,1,0.00625
96,13,5,1,22,20,91,94,0,0.0
96,14,6,1,14,23,85,86,1,0.00625
96,15,7,1,17,22,74,76,0,0.0
96,16,0,2,22,19,75,77,0,0.0
96,17,1,2,19,17,92,96,2,0.0125
96,18,2,2,20,18,102,103,0,0.0
96,19,3,2,16,19,96,97,0,0.0
96,20,4,2,19,19,86,88,0,0.0
96,21,5,2,22,16,96,94,2,0.0125
96,22,6,2,22,24,96,96,1,0.00625
96,23,7,2,20,17,79,77,2,0.0125
96,24,0,3,15,14,73,72,1,0.00625
96,25,1,3,27,20,107,107,0,0.0
96,26,2,3,18,22,115,114,2,0.0125
96,27,3,3,21,20,100,100,1,0.00625
96,28,4,3,30,17,106,101,5,0.03125
96,29,5,3,15,19,102,101,1,0.00625
96,30,6,3,18,20,81,83,0,0.0
96,31,7,3,20,22,83,83,1,0.00625
96,32,0,4,16,23,78,77,1,0.00625
96,33,1,4,20,16,91,91,1,0.00625
96,34,2,4,21,27,113,111,1,0.00625
96,35,3,4,23,14,102,101,1,0.00625
96,36,4,4,18,16,97,96,2,0.0125
96,37,5,4,22,25,109,108,2,0.0125
96,38,6,4,23,14,88,88,0,0.0
96,39,7,4,22,19,87,86,1,0.00625
96,40,0,5,20,21,75,75,2,0.0125
96,41,1,5,15,14,93,92,1,0.00625
96,42,2,5,23,19,101,102,0,0.0
96,43,3,5,27,20,111,113,1,0.00625
96,44,4,5,22,22,105,109,0,0.0
96,45,5,5,21,17,100,102,1,0.00625
96,46,6,5,21,22,90,91,0,0.0
96,47,7,5,16,23,82,81,2,0.0125
96,48,0,6,21,16,74,73,0,0.0
96,49,1,6,22,22,107,107,0,0.0
96,50,2,6,19,17,105,106,1,0.00625
96,51,3,6,23,26,111,110,0,0.0
96,52,4,6,27,28,112,111,1,0.00625
96,53,5,6,20,26,103,106,1,0.00625
96,54,6,6,18,24,88,90,0,0.0
96,55,7,6,19,20,81,81,0,0.0
96,56,0,7,18,21,55,56,0,0.0
96,57,1,7,23,20,79,81,0,0.0
96,58,2,7,22,21,83,84,0,0.0
96,59,3,7,17,19,73,71,1,0.00625
96,60,4,7,23,24,76,75,1,0.00625
96,61,5,7,11,21,69,69,1,0.00625
96,62,6,7,24,18,67,68,0,0.0
96,63,7,7,15,18,58,58,0,0.0
97,0,0,0,13,15,51,52,0,0.0
97,1,1,0,20,23,81,82,0,0.0
97,2,2,0,18,13,71,71,1,0.00625
97,3,3,0,14,18,73,74,1,0.00625
97,4,4,0,22,19,78,80,0,0.0
97,5,5,0,22,17,80,79,0,0.0
97,6,6,0,16,13,72,70,2,0.0125
97,7,7,0,23,20,62,59,2,0.0125
97,8,0,1,21,23,82,83,1,0.00625
97,9,1,1,21,17,104,104,1,0.00625
97,10,2,1,15,20,91,91,0,0.0
97,11,3,1,17,20,92,91,1,0.00625
97,12,4,1,23,17,102,103,2,0.0125
97,13,5,1,20,23,111,109,1,0.00625
97,14,6,1,19,20,95,94,2,0.0125
97,15,7,1,24,15,81,80,1,0.00625
97,16,0,2,24,23,86,84,1,0.00625
97,17,1,2,22,21,117,116,2,0.0125
97,18,2,2,22,20,103,99,3,0.01875
97,19,3,2,14,11,93,91,0,0.0
97,20,4,2,18,17,98,97,0,0.0
97,21,5,2,22,26,112,114,1,0.00625
97,22,6,2,25,18,110,111,0,0.0
97,23,7,2,28,17,95,95,2,0.0125
97,24,0,3,15,24,77,77,0,0.0
97,25,1,3,16,25,100,101,0,0.0
97,26,2,3,17,21,89,91,0,0.0
97,27,3,3,16,21,95,97,0,0.0
97,28,4,3,21,13,94,98,1,0.00625
97,29,5,3,21,20,106,105,0,0.0
97,30,6,3,21,28,110,107,2,0.0125
97,31,7,3,27,24,95,97,1,0.00625
97,32,0,4,18,22,79,80,1,0.00625
97,33,1,4,25,14,102,101,2,0.0125
97,34,2,4,19,16,93,92,2,0.0125
97,35,3,4,16,20,89,92,0,0.0
97,36,4,4,19,18,93,93,1,0.00625
97,37,5,4,23,23,98,99,0,0.0
97,38,6,4,18,20,93,92,1,0.00625
97,39,7,4,18,19,80,79,1,0.00625
97,40,0,5,25,22,80,83,1,0.00625
97,41,1,5,22,20,101,103,1,0.00625
97,42,2,5,20,24,100,99,3,0.01875
97,43,3,5,18,16,94,95,0,0.0
97,44,4,5,19,18,93,92,0,0.0
97,45,5,5,19,20,90,89,1,0.00625
97,46,6,5,18,22,95,93,1,0.00625
97,47,7,5,20,17,80,82,0,0.0
97,48,0,6,14,19,70,72,0,0.0
97,49,1,6,17,24,98,98,0,0.0
97,50,2,6,19,21,92,90,2,0.0125
97,51,3,6,19,20,101,100,3,0.01875
97,52,4,6,24,21,110,111,2,0.0125
97,53,5,6,23,18,103,105,0,0.0
97,54,6,6,23,18,101,96,1,0.00625
97,55,7,6,20,20,85,84,2,0.0125
97,56,0,7,25,21,63,61,1,0.00625
97,57,1,7,13,14,67,64,2,0.0125
97,58,2,7,18,17,61,61,0,0.0
97,59,3,7,24,18,76,78,0,0.0
97,60,4,7,13,21,73,74,1,0.00625
97,61,5,7,17,25,71,70,1,0.00625
97,62,6,7,23,23,77,76,1,0.00625
97,63,7,7,15,18,57,57,1,0.00625
98,0,0,0,20,13,54,52,1,0.00625
98,1,1,0,22,18,80,79,0,0.0
98,2,2,0,24,14,86,87,1,0.00625
98,3,3,0,19,19,84,83,0,0.0
98,4,4,0,22,24,85,83,1,0.00625
98,5,5,0,16,16,76,77,0,0.0
98,6,6,0,19,23,82,84,0,0.0
98,7,7,0,21,31,70,72,0,0.0
98,8,0,1,22,20,80,81,0,0.0
98,9,1,1,23,21,106,105,1,0.00625
98,10,2,1,20,24,107,108,0,0.0
98,11,3,1,19,25,103,106,0,0.0
98,12,4,1,31,15,110,109,2,0.0125
98,13,5,1,25,19,108,109,1,0.00625
98,14,6,1,26,19,114,115,0,0.0
98,15,7,1,22,19,99,97,3,0.01875
98,16,0,2,16,21,78,79,1,0.00625
98,17,1,2,22,23,101,100,0,0.0
98,18,2,2,17,23,101,102,1,0.00625
98,19,3,2,25,22,103,103,2,0.0125
98,20,4,2,18,16,109,104,2,0.0125
98,21,5,2,17,28,97,97,1,0.00625
98,22,6,2,24,24,113,112,1,0.00625
98,23,7,2,23,28,105,106,1,0.00625
98,24,0,3,23,26,92,91,3,0.01875
98,25,1,3,22,16,107,106,1,0.00625
98,26,2,3,22,20,109,108,1,0.00625
98,27,3,3,27,17,112,106,4,0.025
98,28,4,3,21,24,123,124,1,0.00625
98,29,5,3,17,17,94,93,1,0.00625
98,30,6,3,12,15,96,98,1,0.00625
98,31,7,3,28,25,97,95,2,0.0125
98,32,0,4,19,27,80,78,1,0.00625
98,33,1,4,16,23,92,92,1,0.00625
98,34,2,4,20,25,91,93,0,0.0
98,35,3,4,14,20,89,87,2,0.0125
98,36,4,4,22,25,100,97,2,0.0125
98,37,5,4,29,23,102,102,1,0.00625
98,38,6,4,22,18,108,108,1,0.00625
98,39,7,4,16,14,81,82,0,0.0
98,40,0,5,19,13,69,69,0,0.0
98,41,1,5,21,21,101,102,0,0.0
98,42,2,5,15,17,87,89,1,0.00625
98,43,3,5,13,24,83,81,2,0.0125
98,44,4,5,16,11,82,82,1,0.00625
98,45,5,5,20,21,89,88,1,0.00625
98,46,6,5,16,27,102,100,1,0.00625
98,47,7,5,15,24,84,84,0,0.0
98,48,0,6,21,17,76,76,0,0.0
98,49,1,6,19,19,95,94,0,0.0
98,50,2,6,19,22,90,91,1,0.00625
98,51,3,6,19,13,81,84,0,0.0
98,52,4,6,29,11,102,100,3,0.01875
98,53,5,6,19,15,99,94,2,0.0125
98,54,6,6,24,18,105,106,2,0.0125
98,55,7,6,19,16,90,89,1,0.00625
98,56,0,7,18,19,57,59,0,0.0
98,57,1,7,16,19,74,75,2,0.0125
98,58,2,7,17,17,73,72,1,0.00625
98,59,3,7,22,18,79,80,0,0.0
98,60,4,7,13,17,74,75,0,0.0
98,61,5,7,21,30,84,86,0,0.0
98,62,6,7,30,22,94,96,1,0.00625
98,63,7,7,21,28,78,79,0,0.0
99,0,0,0,21,22,63,63,1,0.00625
99,1,1,0,17,19,78,77,0,0.0
99,2,2,0,19,24,78,78,1,0.00625
99,3,3,0,23,20,82,83,0,0.0
99,4,4,0,21,25,92,93,1,0.00625
99,5,5,0,17,14,75,75,0,0.0
99,6,6,0,21,20,80,79,1,0.00625
99,7,7,0,22,21,64,64,0,0.0
99,8,0,1,21,21,82,83,0,0.0
99,9,1,1,14,19,99,100,0,0.0
99,10,2,1,19,17,95,95,1,0.00625
99,11,3,1,23,16,101,99,2,0.0125
99,12,4,1,23,27,117,118,2,0.0125
99,13,5,1,19,21,102,100,0,0.0
99,14,6,1,32,16,108,107,1,0.00625
99,15,7,1,23,22,98,99,1,0.00625
99,16,0,2,16,20,80,80,0,0.0
99,17,1,2,19,21,102,103,1,0.00625
99,18,2,2,16,16,98,101,0,0.0
99,19,3,2,28,22,108,109,1,0.00625
99,20,4,2,15,24,108,113,1,0.00625
99,21,5,2,15,23,92,90,1,0.00625
99,22,6,2,17,20,89,89,0,0.0
99,23,7,2,20,29,89,89,1,0.00625
99,24,0,3,22,22,93,93,2,0.0125
99,25,1,3,22,14,106,105,0,0.0
99,26,2,3,16,21,104,104,0,0.0
99,27,3,3,21,19,105,110,1,0.00625
99,28,4,3,17,26,116,117,0,0.0
99,29,5,3,22,15,97,98,1,0.00625
99,30,6,3,22,15,104,103,0,0.0
99,31,7,3,25,18,83,84,0,0.0
99,32,0,4,25,31,89,88,3,0.01875
99,33,1,4,22,19,103,105,0,0.0
99,34,2,4,26,18,106,106,1,0.00625
99,35,3,4,12,20,93,95,0,0.0
99,36,4,4,23,23,99,99,2,0.0125
99,37,5,4,23,18,97,97,1,0.00625
99,38,6,4,22,23,104,106,0,0.0
99,39,7,4,17,21,81,80,1,0.00625
99,40,0,5,20,16,71,71,0,0.0
99,41,1,5,17,22,95,94,1,0.00625
99,42,2,5,24,23,106,106,1,0.00625
99,43,3,5,22,25,111,112,2,0.0125
99,44,4,5,16,14,93,94,1,0.00625
99,45,5,5,18,23,94,96,1,0.00625
99,46,6,5,28,26,110,111,1,0.00625
99,47,7,5,20,21,89,90,0,0.0
99,48,0,6,16,17,70,69,1,0.00625
99,49,1,6,22,21,97,96,2,0.0125
99,50,2,6,17,19,104,107,0,0.0
99,51,3,6,26,26,114,112,1,0.00625
99,52,4,6,26,23,114,118,0,0.0
99,53,5,6,24,19,105,108,1,0.00625
99,54,6,6,14,23,94,96,1,0.00625
99,55,7,6,19,23,78,79,0,0.0
99,56,0,7,20,19,55,55,0,0.0
99,57,1,7,26,16,77,76,2,0.0125
99,58,2,7,20,24,85,84,1,0.00625
99,59,3,7,21,21,77,77,0,0.0
99,60,4,7,22,26,88,83,3,0.01875
99,61,5,7,15,27,80,79,1,0.00625
99,62,6,7,19,22,73,73,1,0.00625
99,63,7,7,16,16,51,51,0,0.0
100,0,0,0,23,12,55,55,1,0.00625
100,1,1,0,19,25,85,86,0,0.0
100,2,2,0,29,17,80,79,2,0.0125
100,3,3,0,13,16,74,72,1,0.00625
100,4,4,0,15,19,64,64,1,0.00625
100,5,5,0,18,24,72,72,1,0.00625
100,6,6,0,17,14,64,65,0,0.0
100,7,7,0,14,16,45,46,0,0.0
100,8,0,1,25,17,74,73,0,0.0
100,9,1,1,17,24,110,108,2,0.0125
100,10,2,1,25,18,94,94,0,0.0
100,11,3,1,18,26,107,106,0,0.0
100,12,4,1,19,12,87,88,1,0.00625
100,13,5,1,24,17,101,101,2,0.0125
100,14,6,1,25,21,104,105,2,0.0125
100,15,7,1,19,17,75,75,1,0.00625
100,16,0,2,16,18,68,68,0,0.0
100,17,1,2,17,24,102,101,0,0.0
100,18,2,2,17,17,85,83,0,0.0
100,19,3,2,20,25,99,98,0,0.0
100,20,4,2,22,15,97,95,1,0.00625
100,21,5,2,21,21,106,108,0,0.0
100,22,6,2,17,23,96,97,1,0.00625
100,23,7,2,19,28,77,77,0,0.0
100,24,0,3,20,21,76,78,1,0.00625
100,25,1,3,19,20,107,107,1,0.00625
100,26,2,3,20,14,98,96,2,0.0125
100,27,3,3,18,15,89,87,2,0.0125
100,28,4,3,17,20,96,94,1,0.00625
100,29,5,3,19,20,101,102,0,0.0
100,30,6,3,26,19,97,97,2,0.0125
100,31,7,3,21,15,75,75,2,0.0125
100,32,0,4,30,21,77,79,2,0.0125
100,33,1,4,19,20,108,104,2,0.0125
100,34,2,4,19,20,88,87,1,0.00625
100,35,3,4,29,17,96,95,0,0.0
100,36,4,4,22,19,100,103,1,0.00625
100,37,5,4,16,13,93,92,1,0.00625
100,38,6,4,16,19,82,82,0,0.0
100,39,7,4,16,24,72,72,2,0.0125
100,40,0,5,20,16,80,81,0,0.0
100,41,1,5,11,26,116,114,2,0.0125
100,42,2,5,19,20,91,92,0,0.0
100,43,3,5,20,18,102,102,2,0.0125
100,44,4,5,31,25,124,125,0,0.0
100,45,5,5,19,21,122,121,2,0.0125
100,46,6,5,27,14,103,103,3,0.01875
100,47,7,5,29,16,88,86,2,0.0125
100,48,0,6,22,30,81,81,1,0.00625
100,49,1,6,22,19,105,108,0,0.0
100,50,2,6,25,8,83,81,1,0.00625
100,51,3,6,20,20,92,91,1,0.00625
100,52,4,6,21,18,93,91,0,0.0
100,53,5,6,34,27,117,114,2,0.0125
100,54,6,6,25,16,100,97,1,0.00625
100,55,7,6,11,32,78,79,1,0.00625
100,56,0,7,26,13,54,52,1,0.00625
100,57,1,7,14,22,77,79,1,0.00625
100,58,2,7,18,23,69,70,0,0.0
100,59,3,7,20,22,75,74,0,0.0
100,60,4,7,20,21,75,79,0,0.0
100,61,5,7,16,24,74,76,0,0.0
100,62,6,7,16,30,78,78,1,0.00625
100,63,7,7,15,19,51,50,0,0.0
101,0,0,0,13,19,49,50,1,0.00625
101,1,1,0,23,27,82,81,2,0.0125
101,2,2,0,25,19,89,89,2,0.0125
101,3,3,0,18,22,88,89,1,0.00625
101,4,4,0,21,19,80,79,2,0.0125
101,5,5,0,30,24,99,99,1,0.00625
101,6,6,0,19,21,93,93,0,0.0
101,7,7,0,25,16,62,61,0,0.0
101,8,0,1,19,21,74,73,0,0.0
101,9,1,1,21,11,91,92,1,0.00625
101,10,2,1,21,21,98,98,1,0.00625
101,11,3,1,16,32,101,104,0,0.0
101,12,4,1,23,18,94,91,2,0.0125
101,13,5,1,21,22,106,107,1,0.00625
101,14,6,1,18,26,103,103,1,0.00625
101,15,7,1,18,21,73,74,1,0.00625
101,16,0,2,26,17,86,84,0,0.0
101,17,1,2,15,19,108,111,0,0.0
101,18,2,2,19,20,100,101,1,0.00625
101,19,3,2,17,20,103,104,1,0.00625
101,20,4,2,16,20,99,98,2,0.0125
101,21,5,2,21,23,110,109,0,0.0
101,22,6,2,23,19,115,114,2,0.0125
101,23,7,2,32,18,90,89,1,0.00625
101,24,0,3,17,25,77,77,1,0.00625
101,25,1,3,27,23,108,108,2,0.0125
101,26,2,3,20,19,98,98,2,0.0125
101,27,3,3,16,21,96,97,1,0.00625
101,28,4,3,13,19,85,85,1,0.00625
101,29,5,3,19,15,88,88,0,0.0
101,30,6,3,21,23,102,102,0,0.0
101,31,7,3,18,25,82,81,2,0.0125
101,32,0,4,30,17,94,95,1,0.00625
101,33,1,4,23,19,122,122,1,0.00625
101,34,2,4,23,26,116,116,2,0.0125
101,35,3,4,22,18,111,108,1,0.00625
101,36,4,4,25,17,114,112,3,0.01875
101,37,5,4,22,17,104,106,0,0.0
101,38,6,4,20,19,107,105,1,0.00625
101,39,7,4,23,22,79,80,0,0.0
101,40,0,5,20,25,86,83,2,0.0125
101,41,1,5,15,36,112,115,0,0.0
101,42,2,5,24,23,104,101,2,0.0125
101,43,3,5,23,23,109,108,2,0.0125
101,44,4,5,23,26,117,114,0,0.0
101,45,5,5,23,21,111,111,1,0.00625
101,46,6,5,18,25,110,112,1,0.00625
101,47,7,5,21,16,72,72,1,0.00625
101,48,0,6,26,22,82,81,1,0.00625
101,49,1,6,16,21,102,101,1,0.00625
101,50,2,6,16,18,85,86,0,0.0
101,51,3,6,18,23,93,95,1,0.00625
101,52,4,6,25,23,106,106,2,0.0125
101,53,5,6,17,24,107,106,4,0.025
101,54,6,6,25,22,108,112,0,0.0
101,55,7,6,18,16,79,79,0,0.0
101,56,0,7,22,16,57,58,0,0.0
101,57,1,7,20,28,92,92,0,0.0
101,58,2,7,19,15,79,76,2,0.0125
101,59,3,7,21,16,81,81,1,0.00625
101,60,4,7,21,19,82,82,0,0.0
101,61,5,7,26,22,92,89,1,0.00625
101,62,6,7,15,22,82,83,0,0.0
101,63,7,7,24,29,69,67,2,0.0125
102,0,0,0,25,21,69,70,0,0.0
102,1,1,0,28,17,93,93,1,0.00625
102,2,2,0,13,19,83,84,0,0.0
102,3,3,0,19,19,74,73,0,0.0
102,4,4,0,21,19,82,81,2,0.0125
102,5,5,0,16,18,77,78,0,0.0
102,6,6,0,22,24,82,82,0,0.0
102,7,7,0,21,19,63,61,1,0.00625
102,8,0,1,26,23,92,93,0,0.0
102,9,1,1,17,24,106,107,0,0.0
102,10,2,1,18,29,104,103,2,0.0125
102,11,3,1,17,11,89,86,2,0.0125
102,12,4,1,16,15,88,89,1,0.00625
102,13,5,1,25,19,97,97,2,0.0125
102,14,6,1,24,16,108,109,0,0.0
102,15,7,1,18,21,83,84,0,0.0
102,16,0,2,25,21,91,92,1,0.00625
102,17,1,2,27,27,122,120,2,0.0125
102,18,2,2,19,18,104,103,1,0.00625
102,19,3,2,23,17,104,101,3,0.01875
102,20,4,2,22,17,101,103,0,0.0
102,21,5,2,15,14,92,93,1,0.00625
102,22,6,2,17,28,101,101,1,0.00625
102,23,7,2,17,23,79,79,1,0.00625
102,24,0,3,18,24,81,81,0,0.0
102,25,1,3,27,26,108,110,0,0.0
102,26,2,3,17,24,105,108,0,0.0
102,27,3,3,17,18,92,92,2,0.0125
102,28,4,3,20,21,93,95,0,0.0
102,29,5,3,22,26,105,103,2,0.0125
102,30,6,3,36,14,116,113,4,0.025
102,31,7,3,19,18,93,94,0,0.0
102,32,0,4,21,19,76,75,1,0.00625
102,33,1,4,15,21,90,94,0,0.0
102,34,2,4,19,28,101,100,2,0.0125
102,35,3,4,27,20,111,112,3,0.01875
102,36,4,4,14,16,95,97,0,0.0
102,37,5,4,23,17,101,99,3,0.01875
102,38,6,4,23,23,116,115,1,0.00625
102,39,7,4,22,34,101,101,1,0.00625
102,40,0,5,19,19,77,79,1,0.00625
102,41,1,5,11,20,87,87,0,0.0
102,42,2,5,20,13,84,86,0,0.0
102,43,3,5,23,22,112,113,1,0.00625
102,44,4,5,29,25,112,115,0,0.0
102,45,5,5,25,20,112,113,0,0.0
102,46,6,5,16,19,104,103,2,0.0125
102,47,7,5,20,26,82,82,0,0.0
102,48,0,6,25,20,87,86,1,0.00625
102,49,1,6,18,17,100,98,1,0.00625
102,50,2,6,19,9,87,88,0,0.0
102,51,3,6,21,23,109,109,1,0.00625
102,52,4,6,20,22,95,97,0,0.0
102,53,5,6,31,30,117,118,3,0.01875
102,54,6,6,18,26,117,115,2,0.0125
102,55,7,6,21,15,76,74,0,0.0
102,56,0,7,20,23,62,61,0,0.0
102,57,1,7,16,24,75,76,0,0.0
102,58,2,7,23,18,75,75,2,0.0125
102,59,3,7,18,20,77,76,1,0.00625
102,60,4,7,23,19,77,74,2,0.0125
102,61,5,7,21,20,78,79,0,0.0
102,62,6,7,22,26,90,88,1,0.00625
102,63,7,7,16,20,56,59,0,0.0
103,0,0,0,24,18,58,58,0,0.0
103,1,1,0,14,18,71,73,0,0.0
103,2,2,0,17,14,61,58,3,0.01875
103,3,3,0,19,19,69,70,0,0.0
103,4,4,0,21,18,70,71,2,0.0125
103,5,5,0,27,23,86,84,1,0.00625
103,6,6,0,19,23,87,87,1,0.00625
103,7,7,0,16,22,56,59,0,0.0
103,8,0,1,22,16,68,66,2,0.0125
103,9,1,1,22,24,101,97,2,0.0125
103,10,2,1,24,14,91,89,0,0.0
103,11,3,1,23,17,99,99,2,0.0125
103,12,4,1,17,22,92,94,0,0.0
103,13,5,1,27,19,106,107,1,0.00625
103,14,6,1,22,28,118,118,1,0.00625
103,15,7,1,14,18,75,73,1,0.00625
103,16,0,2,25,14,80,78,0,0.0
103,17,1,2,22,19,104,105,1,0.00625
103,18,2,2,19,20,101,99,0,0.0
103,19,3,2,14,24,95,97,2,0.0125
103,20,4,2,25,23,104,103,2,0.0125
103,21,5,2,23,19,112,112,0,0.0
103,22,6,2,20,30,120,120,1,0.00625
103,23,7,2,25,20,82,83,0,0.0
103,24,0,3,23,23,85,83,1,0.00625
103,25,1,3,20,24,101,100,1,0.00625
103,26,2,3,17,22,94,93,0,0.0
103,27,3,3,19,17,91,90,1,0.00625
103,28,4,3,18,17,92,90,0,0.0
103,29,5,3,17,22,100,101,1,0.00625
103,30,6,3,22,25,104,108,1,0.00625
103,31,7,3,18,20,77,78,1,0.00625
103,32,0,4,15,18,79,79,2,0.0125
103,33,1,4,24,18,102,99,0,0.0
103,34,2,4,21,18,106,107,1,0.00625
103,35,3,4,25,16,100,101,0,0.0
103,36,4,4,19,19,104,106,0,0.0
103,37,5,4,26,21,109,111,1,0.00625
103,38,6,4,15,16,99,99,1,0.00625
103,39,7,4,23,24,81,81,1,0.00625
103,40,0,5,17,24,81,81,0,0.0
103,41,1,5,20,15,88,87,0,0.0
103,42,2,5,29,25,109,109,0,0.0
103,43,3,5,23,20,109,109,0,0.0
103,44,4,5,23,27,114,111,1,0.00625
103,45,5,5,16,20,102,99,2,0.0125
103,46,6,5,17,26,103,103,0,0.0
103,47,7,5,22,16,75,75,2,0.0125
103,48,0,6,20,19,76,76,0,0.0
103,49,1,6,21,18,91,92,2,0.0125
103,50,2,6,20,21,94,94,0,0.0
103,51,3,6,11,26,95,92,1,0.00625
103,52,4,6,18,26,96,94,1,0.00625
103,53,5,6,21,22,103,105,2,0.0125
103,54,6,6,23,16,104,106,1,0.00625
103,55,7,6,21,19,82,81,3,0.01875
103,56,0,7,18,13,56,55,2,0.0125
103,57,1,7,19,18,83,79,2,0.0125
103,58,2,7,19,17,80,81,1,0.00625
103,59,3,7,21,23,86,87,0,0.0
103,60,4,7,17,13,75,78,1,0.00625
103,61,5,7,22,18,85,87,0,0.0
103,62,6,7,21,25,91,91,2,0.0125
103,63,7,7,24,20,65,63,1,0.00625
104,0,0,0,14,27,59,57,0,0.0
104,1,1,0,16,20,69,68,0,0.0
104,2,2,0,13,22,73,75,1,0.00625
104,3,3,0,17,21,71,73,0,0.0
104,4,4,0,27,24,87,88,0,0.0
104,5,5,0,18,14,79,77,2,0.0125
104,6,6,0,24,16,76,76,0,0.0
104,7,7,0,19,23,66,65,0,0.0
104,8,0,1,19,17,90,91,1,0.00625
104,9,1,1,24,17,100,104,0,0.0
104,10,2,1,17,19,103,105,1,0.00625
104,11,3,1,13,16,91,91,2,0.0125
104,12,4,1,19,19,101,101,0,0.0
104,13,5,1,20,27,102,103,0,0.0
104,14,6,1,22,17,99,98,2,0.0125
104,15,7,1,26,23,95,94,1,0.00625
104,16,0,2,14,26,84,87,1,0.00625
104,17,1,2,11,21,86,86,2,0.0125
104,18,2,2,20,24,96,97,1,0.00625
104,19,3,2,18,17,91,92,0,0.0
104,20,4,2,19,14,91,91,2,0.0125
104,21,5,2,30,20,101,100,0,0.0
104,22,6,2,19,18,101,100,2,0.0125
104,23,7,2,13,23,78,78,1,0.00625
104,24,0,3,25,18,94,96,0,0.0
104,25,1,3,22,16,110,110,1,0.00625
104,26,2,3,22,14,107,105,2,0.0125
104,27,3,3,19,19,107,105,2,0.0125
104,28,4,3,16,17,105,106,1,0.00625
104,29,5,3,20,21,101,102,1,0.00625
104,30,6,3,22,29,118,116,2,0.0125
104,31,7,3,26,17,91,90,0,0.0
104,32,0,4,15,25,88,88,1,0.00625
104,33,1,4,11,27,95,98,0,0.0
104,34,2,4,16,23,94,92,2,0.0125
104,35,3,4,22,21,99,100,0,0.0
104,36,4,4,21,21,108,107,1,0.00625
104,37,5,4,23,17,99,99,1,0.00625
104,38,6,4,21,20,105,107,0,0.0
104,39,7,4,23,23,91,90,1,0.00625
104,40,0,5,22,20,83,81,1,0.00625
104,41,1,5,20,15,98,97,1,0.00625
104,42,2,5,17,12,93,91,1,0.00625
104,43,3,5,22,16,89,89,2,0.0125
104,44,4,5,20,21,104,103,3,0.01875
104,45,5,5,24,18,98,98,2,0.0125
104,46,6,5,18,26,102,101,1,0.00625
104,47,7,5,15,18,76,75,2,0.0125
104,48,0,6,19,17,78,79,0,0.0
104,49,1,6,17,22,99,99,1,0.00625
104,50,2,6,22,19,104,102,1,0.00625
104,51,3,6,16,18,92,95,0,0.0
104,52,4,6,24,20,103,104,0,0.0
104,53,5,6,21,20,102,104,1,0.00625
104,54,6,6,22,23,103,103,0,0.0
104,55,7,6,16,17,76,78,2,0.0125
104,56,0,7,21,20,65,65,1,0.00625
104,57,1,7,26,22,87,90,1,0.00625
104,58,2,7,17,19,79,81,0,0.0
104,59,3,7,19,20,80,79,0,0.0
104,60,4,7,17,14,76,75,1,0.00625
104,61,5,7,19,26,84,83,0,0.0
104,62,6,7,22,21,85,84,2,0.0125
104,63,7,7,23,22,68,67,2,0.0125
105,0,0,0,14,23,68,69,1,0.00625
105,1,1,0,16,20,78,79,0,0.0
105,2,2,0,21,26,89,91,0,0.0
105,3,3,0,8,17,73,71,1,0.00625
105,4,4,0,22,13,73,72,1,0.00625
105,5,5,0,19,19,82,85,0,0.0
105,6,6,0,22,26,93,92,0,0.0
105,7,7,0,25,22,70,71,0,0.0
105,8,0,1,22,29,89,89,1,0.00625
105,9,1,1,16,13,88,85,1,0.00625
105,10,2,1,15,12,83,82,0,0.0
105,11,3,1,25,18,88,89,1,0.00625
105,12,4,1,15,9,76,75,2,0.0125
105,13,5,1,21,21,87,86,1,0.00625
105,14,6,1,15,21,92,91,1,0.00625
105,15,7,1,12,25,72,74,0,0.0
105,16,0,2,24,13,75,73,0,0.0
105,17,1,2,10,22,86,88,0,0.0
105,18,2,2,28,16,88,89,2,0.0125
105,19,3,2,18,16,93,93,1,0.00625
105,20,4,2,23,21,89,92,0,0.0
105,21,5,2,17,14,85,85,0,0.0
105,22,6,2,22,19,95,95,2,0.0125
105,23,7,2,16,16,78,77,1,0.00625
105,24,0,3,17,12,76,75,1,0.00625
105,25,1,3,15,20,99,96,2,0.0125
105,26,2,3,21,7,88,89,1,0.00625
105,27,3,3,24,29,108,113,0,0.0
105,28,4,3,18,19,93,93,0,0.0
105,29,5,3,20,23,95,93,2,0.0125
105,30,6,3,21,17,100,100,2,0.0125
105,31,7,3,20,21,87,86,0,0.0
105,32,0,4,15,23,84,84,1,0.00625
105,33,1,4,20,16,96,93,1,0.00625
105,34,2,4,20,17,98,101,1,0.00625
105,35,3,4,20,21,103,100,2,0.0125
105,36,4,4,24,24,103,104,0,0.0
105,37,5,4,17,16,99,97,2,0.0125
105,38,6,4,21,16,98,98,0,0.0
105,39,7,4,21,20,86,86,2,0.0125
105,40,0,5,25,20,94,96,1,0.00625
105,41,1,5,20,17,104,105,1,0.00625
105,42,2,5,19,18,98,100,0,0.0
105,43,3,5,15,21,96,98,0,0.0
105,44,4,5,32,20,101,101,2,0.0125
105,45,5,5,21,24,113,116,1,0.00625
105,46,6,5,15,17,96,97,0,0.0
105,47,7,5,21,23,80,81,1,0.00625
105,48,0,6,22,23,88,89,0,0.0
105,49,1,6,23,26,110,109,1,0.00625
105,50,2,6,18,21,98,99,1,0.00625
105,51,3,6,16,21,89,89,1,0.00625
105,52,4,6,14,16,79,79,0,0.0
105,53,5,6,14,29,91,91,1,0.00625
105,54,6,6,24,22,98,97,1,0.00625
105,55,7,6,16,17,81,82,0,0.0
105,56,0,7,17,19,57,60,0,0.0
105,57,1,7,16,22,84,82,1,0.00625
105,58,2,7,20,25,88,88,1,0.00625
105,59,3,7,17,18,76,76,1,0.00625
105,60,4,7,17,17,74,74,1,0.00625
105,61,5,7,23,14,82,82,1,0.00625
105,62,6,7,27,14,89,89,1,0.00625
105,63,7,7,27,22,75,73,3,0.01875
106,0,0,0,20,23,56,56,0,0.0
106,1,1,0,20,14,71,69,2,0.0125
106,2,2,0,21,20,76,75,1,0.00625
106,3,3,0,26,19,83,81,1,0.00625
106,4,4,0,19,24,84,85,1,0.00625
106,5,5,0,21,16,74,75,0,0.0
106,6,6,0,14,20,73,73,2,0.0125
106,7,7,0,16,21,52,50,1,0.00625
106,8,0,1,17,16,85,83,3,0.01875
106,9,1,1,16,21,98,99,1,0.00625
106,10,2,1,25,24,115,114,3,0.01875
106,11,3,1,29,22,124,123,2,0.0125
106,12,4,1,28,22,133,133,2,0.0125
106,13,5,1,28,23,125,122,2,0.0125
106,14,6,1,20,22,122,123,0,0.0
106,15,7,1,32,13,89,89,1,0.00625
106,16,0,2,29,29,102,104,1,0.00625
106,17,1,2,13,16,98,93,3,0.01875
106,18,2,2,18,15,91,91,0,0.0
106,19,3,2,25,21,110,107,3,0.01875
106,20,4,2,26,30,130,128,1,0.00625
106,21,5,2,22,24,115,113,2,0.0125
106,22,6,2,12,27,106,107,1,0.00625
106,23,7,2,22,22,79,80,1,0.00625
106,24,0,3,16,22,78,78,1,0.00625
106,25,1,3,16,30,97,99,3,0.01875
106,26,2,3,20,15,94,93,2,0.0125
106,27,3,3,22,17,103,101,0,0.0
106,28,4,3,22,21,113,113,0,0.0
106,29,5,3,19,23,105,106,2,0.0125
106,30,6,3,24,20,108,109,1,0.00625
106,31,7,3,23,13,84,85,2,0.0125
106,32,0,4,17,19,76,75,2,0.0125
106,33,1,4,21,19,91,93,1,0.00625
106,34,2,4,23,17,101,101,0,0.0
106,35,3,4,21,20,103,100,4,0.025
106,36,4,4,13,19,100,99,1,0.00625
106,37,5,4,18,22,89,92,0,0.0
106,38,6,4,26,25,111,111,1,0.00625
106,39,7,4,20,27,93,92,2,0.0125
106,40,0,5,20,23,77,76,0,0.0
106,41,1,5,17,14,83,82,1,0.00625
106,42,2,5,16,21,92,90,1,0.00625
106,43,3,5,15,20,85,84,0,0.0
106,44,4,5,20,22,94,96,1,0.00625
106,45,5,5,16,17,87,86,2,0.0125
106,46,6,5,14,17,87,86,1,0.00625
106,47,7,5,17,26,81,82,1,0.00625
106,48,0,6,19,16,74,73,1,0.00625
106,49,1,6,22,18,93,93,0,0.0
106,50,2,6,18,16,99,99,1,0.00625
106,51,3,6,20,14,90,87,3,0.01875
106,52,4,6,17,14,90,91,0,0.0
106,53,5,6,18,24,97,97,1,0.00625
106,54,6,6,24,16,102,102,1,0.00625
106,55,7,6,21,14,80,80,1,0.00625
106,56,0,7,17,20,57,56,0,0.0
106,57,1,7,27,19,80,80,2,0.0125
106,58,2,7,16,21,84,82,1,0.00625
106,59,3,7,23,19,78,79,0,0.0
106,60,4,7,20,21,81,81,1,0.00625
106,61,5,7,24,15,75,75,0,0.0
106,62,6,7,18,17,76,76,1,0.00625
106,63,7,7,14,26,60,63,1,0.00625
107,0,0,0,22,17,64,63,0,0.0
107,1,1,0,18,18,82,81,1,0.00625
107,2,2,0,20,22,85,82,1,0.00625
107,3,3,0,16,14,72,74,1,0.00625
107,4,4,0,16,21,77,77,1,0.00625
107,5,5,0,19,15,77,76,0,0.0
107,6,6,0,17,20,78,77,1,0.00625
107,7,7,0,26,22,61,62,0,0.0
107,8,0,1,16,20,76,79,0,0.0
107,9,1,1,22,22,100,103,0,0.0
107,10,2,1,19,15,105,107,2,0.0125
107,11,3,1,19,16,91,94,0,0.0
107,12,4,1,22,20,102,104,0,0.0
107,13,5,1,22,15,104,105,1,0.00625
107,14,6,1,21,17,107,108,1,0.00625
107,15,7,1,25,15,82,81,0,0.0
107,16,0,2,16,25,77,77,0,0.0
107,17,1,2,25,20,98,101,2,0.0125
107,18,2,2,16,24,110,109,2,0.0125
107,19,3,2,24,23,99,98,4,0.025
107,20,4,2,20,20,101,100,2,0.0125
107,21,5,2,21,27,101,105,0,0.0
107,22,6,2,22,25,110,111,0,0.0
107,23,7,2,20,21,82,83,0,0.0
107,24,0,3,18,22,81,82,1,0.00625
107,25,1,3,21,18,95,97,0,0.0
107,26,2,3,17,23,107,109,0,0.0
107,27,3,3,29,16,100,100,2,0.0125
107,28,4,3,14,23,109,107,1,0.00625
107,29,5,3,17,22,91,90,0,0.0
107,30,6,3,21,23,103,102,2,0.0125
107,31,7,3,22,23,83,80,3,0.01875
107,32,0,4,20,26,83,85,1,0.00625
107,33,1,4,17,17,95,94,0,0.0
107,34,2,4,13,20,100,100,1,0.00625
107,35,3,4,20,17,86,91,0,0.0
107,36,4,4,18,29,110,108,2,0.0125
107,37,5,4,19,16,90,90,0,0.0
107,38,6,4,17,15,95,95,0,0.0
107,39,7,4,21,16,76,76,3,0.01875
107,40,0,5,23,22,86,86,2,0.0125
107,41,1,5,25,22,110,110,1,0.00625
107,42,2,5,15,19,103,104,1,0.00625
107,43,3,5,17,17,89,90,0,0.0
107,44,4,5,20,18,102,102,2,0.0125
107,45,5,5,23,16,99,99,1,0.00625
107,46,6,5,17,20,105,108,0,0.0
107,47,7,5,26,18,80,81,0,0.0
107,48,0,6,25,22,82,83,1,0.00625
107,49,1,6,23,23,107,107,2,0.0125
107,50,2,6,20,21,108,107,2,0.0125
107,51,3,6,35,16,103,105,1,0.00625
107,52,4,6,26,17,118,116,1,0.00625
107,53,5,6,13,19,95,95,0,0.0
107,54,6,6,18,24,97,98,1,0.00625
107,55,7,6,22,18,80,79,0,0.0
107,56,0,7,16,20,49,49,1,0.00625
107,57,1,7,22,24,74,74,1,0.00625
107,58,2,7,14,24,72,73,1,0.00625
107,59,3,7,20,16,68,68,1,0.00625
107,60,4,7,15,30,81,81,1,0.00625
107,61,5,7,19,28,77,77,0,0.0
107,62,6,7,24,16,75,74,2,0.0125
107,63,7,7,17,19,56,56,0,0.0
108,0,0,0,15,18,49,48,3,0.01875
108,1,1,0,23,23,75,76,2,0.0125
108,2,2,0,24,29,87,90,1,0.00625
108,3,3,0,22,14,77,77,0,0.0
108,4,4,0,20,18,76,76,0,0.0
108,5,5,0,14,19,68,68,1,0.00625
108,6,6,0,22,17,69,70,1,0.00625
108,7,7,0,14,26,63,64,0,0.0
108,8,0,1,23,19,85,84,0,0.0
108,9,1,1,14,14,102,102,0,0.0
108,10,2,1,19,21,109,109,2,0.0125
108,11,3,1,18,28,108,106,1,0.00625
108,12,4,1,18,19,105,102,2,0.0125
108,13,5,1,14,21,94,96,0,0.0
108,14,6,1,29,17,97,98,0,0.0
108,15,7,1,22,22,98,98,2,0.0125
108,16,0,2,17,26,82,80,0,0.0
108,17,1,2,19,21,101,102,0,0.0
108,18,2,2,16,15,100,99,2,0.0125
108,19,3,2,17,19,87,88,1,0.00625
108,20,4,2,19,18,98,99,1,0.00625
108,21,5,2,15,18,93,91,1,0.00625
108,22,6,2,23,14,87,88,0,0.0
108,23,7,2,24,25,100,98,1,0.00625
108,24,0,3,19,20,80,80,1,0.00625
108,25,1,3,18,17,99,98,1,0.00625
108,26,2,3,12,20,101,100,1,0.00625
108,27,3,3,15,20,85,86,1,0.00625
108,28,4,3,19,21,99,101,0,0.0
108,29,5,3,26,19,106,109,0,0.0
108,30,6,3,28,15,110,110,2,0.0125
108,31,7,3,25,24,104,107,0,0.0
108,32,0,4,27,23,85,85,0,0.0
108,33,1,4,25,19,104,104,1,0.00625
108,34,2,4,12,16,91,91,0,0.0
108,35,3,4,16,14,68,68,2,0.0125
108,36,4,4,20,19,86,85,3,0.01875
108,37,5,4,23,16,91,87,2,0.0125
108,38,6,4,24,26,98,93,4,0.025
108,39,7,4,10,31,85,88,0,0.0
108,40,0,5,20,16,76,78,0,0.0
108,41,1,5,11,25,100,99,2,0.0125
108,42,2,5,16,24,99,100,1,0.00625
108,43,3,5,24,11,82,82,0,0.0
108,44,4,5,21,16,103,101,2,0.0125
108,45,5,5,25,18,104,104,1,0.00625
108,46,6,5,20,21,100,99,0,0.0
108,47,7,5,18,18,81,77,2,0.0125
108,48,0,6,20,24,75,74,2,0.0125
108,49,1,6,18,22,95,93,4,0.025
108,50,2,6,23,14,91,90,2,0.0125
108,51,3,6,18,14,78,79,0,0.0
108,52,4,6,19,23,96,96,2,0.0125
108,53,5,6,18,21,87,87,0,0.0
108,54,6,6,23,24,90,88,2,0.0125
108,55,7,6,10,16,74,75,0,0.0
108,56,0,7,23,10,57,58,0,0.0
108,57,1,7,27,20,95,98,0,0.0
108,58,2,7,16,17,80,81,0,0.0
108,59,3,7,21,23,78,77,1,0.00625
108,60,4,7,18,24,81,82,0,0.0
108,61,5,7,16,20,72,72,0,0.0
108,62,6,7,21,15,72,75,1,0.00625
108,63,7,7,19,26,69,70,1,0.00625
109,0,0,0,24,20,58,60,0,0.0
109,1,1,0,21,15,80,78,2,0.0125
109,2,2,0,25,19,85,85,0,0.0
109,3,3,0,15,21,78,78,1,0.00625
109,4,4,0,22,21,73,73,1,0.00625
109,5,5,0,10,19,65,65,1,0.00625
109,6,6,0,18,16,59,60,0,0.0
109,7,7,0,16,17,49,48,1,0.00625
109,8,0,1,19,15,70,70,1,0.00625
109,9,1,1,22,21,96,91,3,0.01875
109,10,2,1,21,26,100,101,0,0.0
109,11,3,1,21,23,99,99,1,0.00625
109,12,4,1,16,16,85,87,0,0.0
109,13,5,1,24,21,93,94,0,0.0
109,14,6,1,26,10,94,92,1,0.00625
109,15,7,1,17,17,74,75,0,0.0
109,16,0,2,25,13,82,84,0,0.0
109,17,1,2,24,18,105,103,3,0.01875
109,18,2,2,17,23,102,104,1,0.00625
109,19,3,2,18,19,95,96,2,0.0125
109,20,4,2,14,21,98,100,0,0.0
109,21,5,2,19,14,87,87,1,0.00625
109,22,6,2,12,21,92,90,0,0.0
109,23,7,2,20,26,76,75,2,0.0125
109,24,0,3,23,26,87,88,0,0.0
109,25,1,3,20,22,103,103,1,0.00625
109,26,2,3,14,24,93,93,1,0.00625
109,27,3,3,13,13,78,76,3,0.01875
109,28,4,3,17,17,86,85,1,0.00625
109,29,5,3,15,15,85,83,1,0.00625
109,30,6,3,23,17,92,92,1,0.00625
109,31,7,3,18,11,68,69,0,0.0
109,32,0,4,20,20,68,68,0,0.0
109,33,1,4,20,24,91,92,0,0.0
109,34,2,4,15,23,85,86,0,0.0
109,35,3,4,15,12,75,76,1,0.00625
109,36,4,4,21,12,78,82,0,0.0
109,37,5,4,25,16,89,92,1,0.00625
109,38,6,4,24,14,94,96,1,0.00625
109,39,7,4,14,24,80,79,0,0.0
109,40,0,5,16,9,58,58,0,0.0
109,41,1,5,18,21,86,88,1,0.00625
109,42,2,5,18,18,87,85,2,0.0125
109,43,3,5,16,15,85,84,1,0.00625
109,44,4,5,21,18,85,87,0,0.0
109,45,5,5,19,19,90,91,0,0.0
109,46,6,5,18,26,93,91,2,0.0125
109,47,7,5,12,30,76,78,1,0.00625
109,48,0,6,13,13,62,62,1,0.00625
109,49,1,6,12,18,73,77,1,0.00625
109,50,2,6,25,19,90,91,1,0.00625
109,51,3,6,18,18,102,102,0,0.0
109,52,4,6,17,17,85,86,0,0.0
109,53,5,6,17,23,88,87,2,0.0125
109,54,6,6,19,19,86,87,1,0.00625
109,55,7,6,12,19,67,67,0,0.0
109,56,0,7,17,16,52,50,1,0.00625
109,57,1,7,17,14,68,67,0,0.0
109,58,2,7,21,14,74,74,0,0.0
109,59,3,7,19,29,90,92,0,0.0
109,60,4,7,17,17,75,75,0,0.0
109,61,5,7,17,17,74,73,1,0.00625
109,62,6,7,18,20,73,74,0,0.0
109,63,7,7,21,17,56,55,2,0.0125
110,0,0,0,22,18,58,57,1,0.00625
110,1,1,0,23,22,79,79,3,0.01875
110,2,2,0,21,20,78,77,1,0.00625
110,3,3,0,15,17,69,71,0,0.0
110,4,4,0,24,18,78,75,2,0.0125
110,5,5,0,19,19,82,80,2,0.0125
110,6,6,0,18,27,81,82,0,0.0
110,7,7,0,20,21,63,62,1,0.00625
110,8,0,1,16,19,72,70,3,0.01875
110,9,1,1,17,22,92,95,1,0.00625
110,10,2,1,19,19,97,95,2,0.0125
110,11,3,1,22,21,102,102,1,0.00625
110,12,4,1,24,14,103,103,1,0.00625
110,13,5,1,20,24,114,111,1,0.00625
110,14,6,1,19,14,100,102,0,0.0
110,15,7,1,21,20,83,84,0,0.0
110,16,0,2,21,21,72,72,0,0.0
110,17,1,2,27,15,97,98,1,0.00625
110,18,2,2,20,18,95,96,0,0.0
110,19,3,2,22,19,90,91,2,0.0125
110,20,4,2,26,23,100,98,1,0.00625
110,21,5,2,19,24,102,103,0,0.0
110,22,6,2,15,20,92,92,2,0.0125
110,23,7,2,13,20,68,70,0,0.0
110,24,0,3,15,11,63,59,3,0.01875
110,25,1,3,16,22,86,87,0,0.0
110,26,2,3,17,26,93,94,1,0.00625
110,27,3,3,19,23,90,88,4,0.025
110,28,4,3,18,23,89,90,1,0.00625
110,29,5,3,19,24,93,94,0,0.0
110,30,6,3,21,19,97,98,0,0.0
110,31,7,3,12,14,68,67,1,0.00625
110,32,0,4,15,12,65,63,2,0.0125
110,33,1,4,17,14,83,81,2,0.0125
110,34,2,4,25,15,95,90,2,0.0125
110,35,3,4,20,18,97,96,1,0.00625
110,36,4,4,18,17,91,89,2,0.0125
110,37,5,4,15,22,93,93,1,0.00625
110,38,6,4,12,21,92,93,1,0.00625
110,39,7,4,16,19,71,72,0,0.0
110,40,0,5,22,17,80,80,0,0.0
110,41,1,5,23,14,101,100,0,0.0
110,42,2,5,20,18,101,103,1,0.00625
110,43,3,5,19,22,102,100,1,0.00625
110,44,4,5,19,18,97,99,0,0.0
110,45,5,5,12,21,95,91,4,0.025
110,46,6,5,21,16,96,98,0,0.0
110,47,7,5,24,13,80,79,1,0.00625
110,48,0,6,20,21,78,79,1,0.00625
110,49,1,6,20,20,101,99,2,0.0125
110,50,2,6,15,22,91,90,2,0.0125
110,51,3,6,25,19,93,89,2,0.0125
110,52,4,6,14,21,90,91,0,0.0
110,53,5,6,22,19,90,90,0,0.0
110,54,6,6,21,13,91,91,2,0.0125
110,55,7,6,16,20,77,77,1,0.00625
110,56,0,7,24,18,62,64,0,0.0
110,57,1,7,21,18,82,82,1,0.00625
110,58,2,7,22,18,81,80,0,0.0
110,59,3,7,18,11,68,67,1,0.00625
110,60,4,7,23,24,83,82,1,0.00625
110,61,5,7,27,15,80,79,1,0.00625
110,62,6,7,21,20,85,83,1,0.00625
110,63,7,7,21,18,59,58,1,0.00625
111,0,0,0,18,21,60,59,1,0.00625
111,1,1,0,17,22,77,81,0,0.0
111,2,2,0,23,18,79,81,0,0.0
111,3,3,0,23,24,91,90,1,0.00625
111,4,4,0,17,20,75,78,0,0.0
111,5,5,0,18,21,74,76,1,0.00625
111,6,6,0,21,26,85,83,1,0.00625
111,7,7,0,17,16,51,53,0,0.0
111,8,0,1,20,17,80,82,1,0.00625
111,9,1,1,16,20,100,100,2,0.0125
111,10,2,1,19,19,91,92,1,0.00625
111,11,3,1,23,23,108,108,1,0.00625
111,12,4,1,23,23,105,105,1,0.00625
111,13,5,1,26,18,102,103,2,0.0125
111,14,6,1,19,21,111,110,1,0.00625
111,15,7,1,16,21,74,74,0,0.0
111,16,0,2,24,21,87,87,1,0.00625
111,17,1,2,25,23,112,113,0,0.0
111,18,2,2,16,14,96,94,1,0.00625
111,19,3,2,27,21,104,105,0,0.0
111,20,4,2,19,22,109,108,3,0.01875
111,21,5,2,13,22,94,90,1,0.00625
111,22,6,2,20,27,106,106,1,0.00625
111,23,7,2,20,21,76,75,1,0.00625
111,24,0,3,23,19,82,84,0,0.0
111,25,1,3,21,24,109,108,0,0.0
111,26,2,3,14,26,103,103,1,0.00625
111,27,3,3,20,14,89,94,0,0.0
111,28,4,3,23,28,110,111,0,0.0
111,29,5,3,17,19,97,95,0,0.0
111,30,6,3,10,15,84,86,0,0.0
111,31,7,3,19,19,67,66,1,0.00625
111,32,0,4,21,21,84,85,2,0.0125
111,33,1,4,14,22,103,101,2,0.0125
111,34,2,4,13,21,88,91,2,0.0125
111,35,3,4,18,16,87,89,0,0.0
111,36,4,4,16,21,94,96,0,0.0
111,37,5,4,21,19,99,97,1,0.00625
111,38,6,4,24,15,101,104,0,0.0
111,39,7,4,21,11,70,67,1,0.00625
111,40,0,5,13,19,76,74,1,0.00625
111,41,1,5,18,24,96,98,0,0.0
111,42,2,5,23,16,97,97,1,0.00625
111,43,3,5,17,15,97,99,1,0.00625
111,44,4,5,25,18,102,102,0,0.0
111,45,5,5,16,18,101,105,1,0.00625
111,46,6,5,14,19,97,96,2,0.0125
111,47,7,5,22,21,72,73,1,0.00625
111,48,0,6,15,18,69,70,0,0.0
111,49,1,6,22,15,84,87,0,0.0
111,50,2,6,24,20,101,99,3,0.01875
111,51,3,6,20,25,104,107,1,0.00625
111,52,4,6,18,17,93,90,2,0.0125
111,53,5,6,21,24,99,99,1,0.00625
111,54,6,6,18,15,100,101,1,0.00625
111,55,7,6,17,16,70,69,2,0.0125
111,56,0,7,17,12,49,47,2,0.0125
111,57,1,7,19,18,69,70,0,0.0
111,58,2,7,19,23,77,77,1,0.00625
111,59,3,7,18,25,83,80,3,0.01875
111,60,4,7,20,20,78,79,1,0.00625
111,61,5,7,23,16,82,85,0,0.0
111,62,6,7,21,20,90,87,3,0.01875
111,63,7,7,20,21,59,61,0,0.0
112,0,0,0,19,26,64,66,0,0.0
112,1,1,0,16,18,75,74,1,0.00625
112,2,2,0,24,17,77,77,0,0.0
112,3,3,0,20,22,84,83,1,0.00625
112,4,4,0,18,18,78,77,2,0.0125
112,5,5,0,17,22,75,75,1,0.00625
112,6,6,0,9,20,64,66,0,0.0
112,7,7,0,16,25,51,51,0,0.0
112,8,0,1,30,23,100,98,3,0.01875
112,9,1,1,14,21,99,101,0,0.0
112,10,2,1,19,18,91,90,1,0.00625
112,11,3,1,17,22,102,103,1,0.00625
112,12,4,1,16,20,94,93,1,0.00625
112,13,5,1,17,19,96,97,1,0.00625
112,14,6,1,21,17,99,99,0,0.0
112,15,7,1,24,9,79,78,0,0.0
112,16,0,2,11,20,77,75,1,0.00625
112,17,1,2,18,23,92,92,1,0.00625
112,18,2,2,22,14,91,93,1,0.00625
112,19,3,2,18,19,106,104,1,0.00625
112,20,4,2,26,17,97,98,2,0.0125
112,21,5,2,18,15,102,102,2,0.0125
112,22,6,2,17,18,93,92,2,0.0125
112,23,7,2,20,18,82,82,1,0.00625
112,24,0,3,21,18,87,87,1,0.00625
112,25,1,3,7,14,82,84,0,0.0
112,26,2,3,19,19,83,82,2,0.0125
112,27,3,3,11,22,99,98,0,0.0
112,28,4,3,17,18,87,86,1,0.00625
112,29,5,3,21,24,109,111,1,0.00625
112,30,6,3,19,14,97,94,0,0.0
112,31,7,3,20,20,80,82,1,0.00625
112,32,0,4,23,20,88,87,2,0.0125
112,33,1,4,20,21,95,98,1,0.00625
112,34,2,4,21,7,83,84,0,0.0
112,35,3,4,23,19,106,105,1,0.00625
112,36,4,4,25,12,94,90,1,0.00625
112,37,5,4,29,20,110,109,2,0.0125
112,38,6,4,23,19,112,108,4,0.025
112,39,7,4,15,19,81,83,1,0.00625
112,40,0,5,18,16,81,82,1,0.00625
112,41,1,5,14,20,87,84,2,0.0125
112,42,2,5,17,18,90,87,1,0.00625
112,43,3,5,28,23,109,107,1,0.00625
112,44,4,5,12,21,99,97,0,0.0
112,45,5,5,19,20,94,94,1,0.00625
112,46,6,5,13,29,100,99,1,0.00625
112,47,7,5,17,24,75,76,0,0.0
112,48,0,6,25,20,96,94,2,0.0125
112,49,1,6,14,13,93,91,1,0.00625
112,50,2,6,22,15,90,94,1,0.00625
112,51,3,6,21,16,106,105,2,0.0125
112,52,4,6,12,27,100,98,3,0.01875
112,53,5,6,21,13,94,95,0,0.0
112,54,6,6,28,18,114,112,1,0.00625
112,55,7,6,26,12,86,85,1,0.00625
112,56,0,7,18,20,69,69,1,0.00625
112,57,1,7,17,24,96,95,1,0.00625
112,58,2,7,23,13,88,89,1,0.00625
112,59,3,7,20,23,97,99,1,0.00625
112,60,4,7,24,19,95,95,1,0.00625
112,61,5,7,20,12,86,84,2,0.0125
112,62,6,7,18,23,89,93,1,0.00625
112,63,7,7,28,24,74,74,0,0.0
113,0,0,0,20,23,56,55,1,0.00625
113,1,1,0,17,19,67,68,0,0.0
113,2,2,0,23,23,79,75,2,0.0125
113,3,3,0,13,25,71,71,2,0.0125
113,4,4,0,14,18,56,56,2,0.0125
113,5,5,0,25,22,74,73,1,0.00625
113,6,6,0,17,20,75,73,1,0.00625
113,7,7,0,16,13,45,43,0,0.0
113,8,0,1,12,12,72,75,0,0.0
113,9,1,1,13,20,93,93,0,0.0
113,10,2,1,22,16,100,101,2,0.0125
113,11,3,1,21,23,113,113,1,0.00625
113,12,4,1,22,15,100,100,2,0.0125
113,13,5,1,26,13,107,108,0,0.0
113,14,6,1,21,22,117,114,1,0.00625
113,15,7,1,29,15,79,75,2,0.0125
113,16,0,2,25,24,98,99,2,0.0125
113,17,1,2,23,19,108,106,2,0.0125
113,18,2,2,24,15,111,110,1,0.00625
113,19,3,2,14,20,105,105,2,0.0125
113,20,4,2,18,20,98,99,1,0.00625
113,21,5,2,19,24,104,107,2,0.0125
113,22,6,2,17,24,104,107,0,0.0
113,23,7,2,21,22,74,75,1,0.00625
113,24,0,3,22,27,86,87,0,0.0
113,25,1,3,24,24,103,103,0,0.0
113,26,2,3,24,23,114,115,1,0.00625
113,27,3,3,18,24,104,104,0,0.0
113,28,4,3,21,16,92,91,1,0.00625
113,29,5,3,18,23,101,101,0,0.0
113,30,6,3,19,21,102,103,1,0.00625
113,31,7,3,21,15,73,71,1,0.00625
113,32,0,4,20,19,73,75,1,0.00625
113,33,1,4,17,22,92,90,3,0.01875
113,34,2,4,25,25,109,110,0,0.0
113,35,3,4,15,21,105,103,1,0.00625
113,36,4,4,17,16,89,93,0,0.0
113,37,5,4,21,22,99,102,0,0.0
113,38,6,4,15,22,98,100,1,0.00625
113,39,7,4,19,20,70,69,1,0.00625
113,40,0,5,23,19,77,78,0,0.0
113,41,1,5,24,20,104,104,1,0.00625
113,42,2,5,19,17,101,102,2,0.0125
113,43,3,5,9,24,97,98,1,0.00625
113,44,4,5,16,19,83,84,1,0.00625
113,45,5,5,31,19,102,99,2,0.0125
113,46,6,5,19,22,114,115,1,0.00625
113,47,7,5,18,16,70,70,1,0.00625
113,48,0,6,15,20,83,82,2,0.0125
113,49,1,6,20,25,108,108,0,0.0
113,50,2,6,17,22,117,115,2,0.0125
113,51,3,6,22,19,115,117,1,0.00625
113,52,4,6,17,11,103,103,3,0.01875
113,53,5,6,29,15,110,110,1,0.00625
113,54,6,6,16,31,127,127,2,0.0125
113,55,7,6,30,18,80,81,1,0.00625
113,56,0,7,17,31,66,66,1,0.00625
113,57,1,7,23,14,70,70,0,0.0
113,58,2,7,24,18,83,82,0,0.0
113,59,3,7,19,19,80,81,0,0.0
113,60,4,7,17,22,78,79,0,0.0
113,61,5,7,25,15,80,79,2,0.0125
113,62,6,7,12,26,86,86,1,0.00625
113,63,7,7,22,19,53,54,0,0.0
114,0,0,0,22,20,62,63,0,0.0
114,1,1,0,18,18,80,80,0,0.0
114,2,2,0,20,24,79,83,0,0.0
114,3,3,0,20,20,84,82,1,0.00625
114,4,4,0,16,22,79,78,2,0.0125
114,5,5,0,26,21,84,86,0,0.0
114,6,6,0,23,22,97,94,1,0.00625
114,7,7,0,23,14,60,62,0,0.0
114,8,0,1,19,20,80,81,0,0.0
114,9,1,1,12,22,94,91,1,0.00625
114,10,2,1,16,18,89,91,0,0.0
114,11,3,1,23,24,107,106,2,0.0125
114,12,4,1,20,16,105,105,1,0.00625
114,13,5,1,17,15,98,97,0,0.0
114,14,6,1,22,28,109,113,0,0.0
114,15,7,1,18,22,77,79,2,0.0125
114,16,0,2,24,26,77,77,1,0.00625
114,17,1,2,25,17,96,97,2,0.0125
114,18,2,2,13,9,80,81,0,0.0
114,19,3,2,19,17,80,79,3,0.01875
114,20,4,2,13,24,82,80,1,0.00625
114,21,5,2,21,22,87,88,1,0.00625
114,22,6,2,26,22,101,99,1,0.00625
114,23,7,2,13,24,70,69,0,0.0
114,24,0,3,20,11,75,76,0,0.0
114,25,1,3,20,22,106,105,0,0.0
114,26,2,3,24,26,111,110,1,0.00625
114,27,3,3,18,13,97,96,1,0.00625
114,28,4,3,23,15,93,95,0,0.0
114,29,5,3,23,12,95,94,0,0.0
114,30,6,3,23,24,107,106,1,0.00625
114,31,7,3,20,25,78,79,1,0.00625
114,32,0,4,16,20,81,79,3,0.01875
114,33,1,4,19,22,102,104,2,0.0125
114,34,2,4,27,18,109,105,2,0.0125
114,35,3,4,26,27,118,120,0,0.0
114,36,4,4,13,18,96,94,1,0.00625
114,37,5,4,20,21,94,93,0,0.0
114,38,6,4,18,21,100,102,0,0.0
114,39,7,4,24,22,78,79,1,0.00625
114,40,0,5,24,21,89,87,1,0.00625
114,41,1,5,20,17,103,104,0,0.0
114,42,2,5,22,20,108,109,2,0.0125
114,43,3,5,25,26,115,113,2,0.0125
114,44,4,5,16,22,106,105,1,0.00625
114,45,5,5,18,15,90,91,1,0.00625
114,46,6,5,22,18,102,102,0,0.0
114,47,7,5,23,18,76,76,0,0.0
114,48,0,6,21,23,83,84,0,0.0
114,49,1,6,21,22,105,105,0,0.0
114,50,2,6,10,22,94,97,0,0.0
114,51,3,6,19,22,90,90,0,0.0
114,52,4,6,21,25,101,105,0,0.0
114,53,5,6,13,17,85,84,0,0.0
114,54,6,6,18,21,89,88,3,0.01875
114,55,7,6,14,22,68,70,0,0.0
114,56,0,7,22,20,61,63,0,0.0
114,57,1,7,26,21,90,91,0,0.0
114,58,2,7,21,24,91,90,1,0.00625
114,59,3,7,21,10,72,73,0,0.0
114,60,4,7,21,21,82,80,2,0.0125
114,61,5,7,21,22,79,80,2,0.0125
114,62,6,7,15,14,65,62,1,0.00625
114,63,7,7,16,20,50,49,1,0.00625
115,0,0,0,23,19,60,61,0,0.0
115,1,1,0,22,20,83,80,0,0.0
115,2,2,0,15,27,83,82,1,0.00625
115,3,3,0,18,24,76,79,1,0.00625
115,4,4,0,15,20,73,76,0,0.0
115,5,5,0,24,21,80,78,1,0.00625
115,6,6,0,18,21,80,84,1,0.00625
115,7,7,0,20,16,55,54,0,0.0
115,8,0,1,12,19,68,67,1,0.00625
115,9,1,1,17,22,89,91,1,0.00625
115,10,2,1,22,20,108,105,1,0.00625
115,11,3,1,20,16,100,100,1,0.00625
115,12,4,1,19,22,98,97,0,0.0
115,13,5,1,20,16,97,95,3,0.01875
115,14,6,1,21,24,106,105,1,0.00625
115,15,7,1,23,21,76,78,0,0.0
115,16,0,2,25,16,83,84,0,0.0
115,17,1,2,15,15,98,98,1,0.00625
115,18,2,2,18,19,103,102,1,0.00625
115,19,3,2,29,22,115,118,1,0.00625
115,20,4,2,23,18,115,115,0,0.0
115,21,5,2,22,17,106,107,0,0.0
115,22,6,2,25,18,107,107,1,0.00625
115,23,7,2,23,20,83,85,0,0.0
115,24,0,3,26,23,87,84,1,0.00625
115,25,1,3,19,25,107,107,1,0.00625
115,26,2,3,20,14,100,102,0,0.0
115,27,3,3,23,16,106,104,3,0.01875
115,28,4,3,20,29,118,113,3,0.01875
115,29,5,3,14,21,96,95,2,0.0125
115,30,6,3,18,21,93,93,3,0.01875
115,31,7,3,21,24,80,80,0,0.0
115,32,0,4,19,21,84,86,0,0.0
115,33,1,4,20,24,106,106,1,0.00625
115,34,2,4,19,19,110,112,0,0.0
115,35,3,4,19,19,105,101,2,0.0125
115,36,4,4,17,21,102,101,1,0.00625
115,37,5,4,25,17,107,107,1,0.00625
115,38,6,4,17,12,101,100,1,0.00625
115,39,7,4,23,19,75,76,0,0.0
115,40,0,5,14,27,74,76,0,0.0
115,41,1,5,16,19,85,86,0,0.0
115,42,2,5,22,20,102,102,1,0.00625
115,43,3,5,19,18,96,98,1,0.00625
115,44,4,5,14,21,87,88,0,0.0
115,45,5,5,17,14,87,87,1,0.00625
115,46,6,5,27,26,109,109,0,0.0
115,47,7,5,22,17,79,79,1,0.00625
115,48,0,6,20,14,72,73,0,0.0
115,49,1,6,23,19,98,98,0,0.0
115,50,2,6,25,13,109,106,2,0.0125
115,51,3,6,20,21,105,106,0,0.0
115,52,4,6,20,18,94,95,0,0.0
115,53,5,6,17,14,98,98,0,0.0
115,54,6,6,25,15,96,98,1,0.00625
115,55,7,6,21,27,87,85,1,0.00625
115,56,0,7,21,19,60,56,1,0.00625
115,57,1,7,27,20,84,83,0,0.0
115,58,2,7,22,19,88,88,2,0.0125
115,59,3,7,19,23,82,79,2,0.0125
115,60,4,7,22,19,77,79,0,0.0
115,61,5,7,20,21,83,84,0,0.0
115,62,6,7,18,19,76,79,0,0.0
115,63,7,7,20,21,61,60,0,0.0
116,0,0,0,12,20,54,53,1,0.00625
116,1,1,0,15,28,76,77,1,0.00625
116,2,2,0,20,25,82,81,1,0.00625
116,3,3,0,19,22,86,84,1,0.00625
116,4,4,0,20,22,84,83,1,0.00625
116,5,5,0,21,20,82,83,1,0.00625
116,6,6,0,22,23,86,83,1,0.00625
116,7,7,0,19,22,61,62,0,0.0
116,8,0,1,16,20,86,84,2,0.0125
116,9,1,1,28,11,108,107,2,0.0125
116,10,2,1,20,15,108,110,0,0.0
116,11,3,1,17,18,103,103,1,0.00625
116,12,4,1,16,18,96,97,2,0.0125
116,13,5,1,15,19,93,92,1,0.00625
116,14,6,1,22,21,98,98,1,0.00625
116,15,7,1,18,20,82,83,0,0.0
116,16,0,2,19,25,85,83,2,0.0125
116,17,1,2,24,15,104,105,0,0.0
116,18,2,2,22,24,108,109,1,0.00625
116,19,3,2,23,20,111,109,2,0.0125
116,20,4,2,10,19,90,92,0,0.0
116,21,5,2,11,18,79,77,1,0.00625
116,22,6,2,17,15,83,84,1,0.00625
116,23,7,2,15,23,82,81,1,0.00625
116,24,0,3,22,14,74,75,2,0.0125
116,25,1,3,26,21,117,117,1,0.00625
116,26,2,3,17,21,110,108,2,0.0125
116,27,3,3,29,27,120,122,1,0.00625
116,28,4,3,18,26,117,120,1,0.00625
116,29,5,3,23,13,103,105,1,0.00625
116,30,6,3,17,13,102,103,1,0.00625
116,31,7,3,28,20,86,86,1,0.00625
116,32,0,4,20,18,81,81,1,0.00625
116,33,1,4,23,21,116,116,2,0.0125
116,34,2,4,21,26,113,113,0,0.0
116,35,3,4,18,17,102,104,1,0.00625
116,36,4,4,21,29,114,115,0,0.0
116,37,5,4,14,20,100,100,2,0.0125
116,38,6,4,23,26,105,105,0,0.0
116,39,7,4,22,19,84,83,1,0.00625
116,40,0,5,14,20,88,88,0,0.0
116,41,1,5,21,23,118,117,2,0.0125
116,42,2,5,21,22,113,113,0,0.0
116,43,3,5,20,19,113,114,1,0.00625
116,44,4,5,13,18,102,101,2,0.0125
116,45,5,5,16,22,99,100,0,0.0
116,46,6,5,17,17,94,95,1,0.00625
116,47,7,5,22,22,87,85,2,0.0125
116,48,0,6,18,30,87,87,0,0.0
116,49,1,6,24,13,103,103,1,0.00625
116,50,2,6,17,18,99,99,1,0.00625
116,51,3,6,25,20,103,102,1,0.00625
116,52,4,6,25,20,108,108,0,0.0
116,53,5,6,18,13,94,92,3,0.01875
116,54,6,6,23,17,94,96,0,0.0
116,55,7,6,15,20,81,81,1,0.00625
116,56,0,7,29,17,67,70,0,0.0
116,57,1,7,26,19,97,96,2,0.0125
116,58,2,7,23,26,95,95,2,0.0125
116,59,3,7,23,17,86,89,0,0.0
116,60,4,7,22,24,95,91,3,0.01875
116,61,5,7,19,23,89,89,1,0.00625
116,62,6,7,19,17,78,78,0,0.0
116,63,7,7,22,26,66,67,1,0.00625
117,0,0,0,20,18,59,59,1,0.00625
117,1,1,0,20,23,83,84,1,0.00625
117,2,2,0,22,22,82,83,1,0.00625
117,3,3,0,16,23,76,77,1,0.00625
117,4,4,0,21,18,72,71,2,0.0125
117,5,5,0,19,23,82,82,0,0.0
117,6,6,0,24,16,79,80,1,0.00625
117,7,7,0,19,21,65,65,0,0.0
117,8,0,1,23,22,70,71,1,0.00625
117,9,1,1,18,20,97,98,0,0.0
117,10,2,1,16,20,89,89,0,0.0
117,11,3,1,18,21,90,91,1,0.00625
117,12,4,1,15,16,82,83,0,0.0
117,13,5,1,23,19,93,93,2,0.0125
117,14,6,1,24,17,97,97,0,0.0
117,15,7,1,16,26,90,86,2,0.0125
117,16,0,2,24,15,65,66,1,0.00625
117,17,1,2,19,22,102,102,1,0.00625
117,18,2,2,18,21,94,94,0,0.0
117,19,3,2,27,15,91,92,1,0.00625
117,20,4,2,22,19,97,97,0,0.0
117,21,5,2,23,16,96,97,1,0.00625
117,22,6,2,20,21,96,97,0,0.0
117,23,7,2,18,24,82,80,1,0.00625
117,24,0,3,17,16,79,80,0,0.0
117,25,1,3,16,24,110,110,1,0.00625
117,26,2,3,20,21,110,107,2,0.0125
117,27,3,3,20,15,104,103,2,0.0125
117,28,4,3,21,22,108,109,1,0.00625
117,29,5,3,26,22,118,118,1,0.00625
117,30,6,3,11,18,103,103,1,0.00625
117,31,7,3,26,19,78,78,1,0.00625
117,32,0,4,21,32,86,86,1,0.00625
117,33,1,4,14,19,96,96,0,0.0
117,34,2,4,22,17,99,100,1,0.00625
117,35,3,4,20,20,105,103,2,0.0125
117,36,4,4,22,23,100,99,2,0.0125
117,37,5,4,24,21,108,108,2,0.0125
117,38,6,4,18,27,108,106,3,0.01875
117,39,7,4,23,9,70,69,1,0.00625
117,40,0,5,19,20,68,66,2,0.0125
117,41,1,5,22,16,98,94,4,0.025
117,42,2,5,20,15,98,97,2,0.0125
117,43,3,5,19,23,101,101,0,0.0
117,44,4,5,26,16,94,92,2,0.0125
117,45,5,5,25,23,107,106,2,0.0125
117,46,6,5,20,22,104,103,1,0.00625
117,47,7,5,20,14,75,75,2,0.0125
117,48,0,6,16,16,58,58,1,0.00625
117,49,1,6,15,15,84,84,1,0.00625
117,50,2,6,26,23,99,101,1,0.00625
117,51,3,6,24,24,107,107,1,0.00625
117,52,4,6,12,16,85,84,1,0.00625
117,53,5,6,19,23,85,88,0,0.0
117,54,6,6,16,24,95,95,0,0.0
117,55,7,6,16,18,74,71,3,0.01875
117,56,0,7,23,12,50,50,1,0.00625
117,57,1,7,19,17,73,74,0,0.0
117,58,2,7,22,18,71,73,1,0.00625
117,59,3,7,15,26,75,73,1,0.00625
117,60,4,7,19,26,70,71,2,0.0125
117,61,5,7,19,14,61,61,0,0.0
117,62,6,7,23,20,74,75,0,0.0
117,63,7,7,11,15,50,50,1,0.00625
118,0,0,0,20,15,53,52,2,0.0125
118,1,1,0,20,27,86,86,0,0.0
118,2,2,0,14,20,74,75,0,0.0
118,3,3,0,22,23,78,79,0,0.0
118,4,4,0,23,12,74,73,2,0.0125
118,5,5,0,21,20,81,80,1,0.00625
118,6,6,0,15,25,78,79,1,0.00625
118,7,7,0,19,13,49,48,1,0.00625
118,8,0,1,19,17,70,72,0,0.0
118,9,1,1,19,21,105,103,0,0.0
118,10,2,1,18,22,99,98,1,0.00625
118,11,3,1,17,18,96,96,1,0.00625
118,12,4,1,18,22,90,90,1,0.00625
118,13,5,1,25,22,107,111,0,0.0
118,14,6,1,23,23,119,119,1,0.00625
118,15,7,1,23,16,73,77,0,0.0
118,16,0,2,27,18,78,77,2,0.0125
118,17,1,2,25,20,112,111,0,0.0
118,18,2,2,27,20,111,110,1,0.00625
118,19,3,2,23,21,109,109,2,0.0125
118,20,4,2,17,16,91,87,2,0.0125
118,21,5,2,20,17,94,93,1,0.00625
118,22,6,2,23,24,108,106,1,0.00625
118,23,7,2,15,22,70,72,1,0.00625
118,24,0,3,21,15,79,75,3,0.01875
118,25,1,3,18,23,112,111,1,0.00625
118,26,2,3,29,26,114,115,1,0.00625
118,27,3,3,21,25,114,116,0,0.0
118,28,4,3,24,24,102,99,2,0.0125
118,29,5,3,24,15,108,106,1,0.00625
118,30,6,3,21,21,111,110,2,0.0125
118,31,7,3,21,22,74,75,1,0.00625
118,32,0,4,17,21,77,77,1,0.00625
118,33,1,4,24,20,110,110,0,0.0
118,34,2,4,28,19,111,110,1,0.00625
118,35,3,4,24,24,122,123,2,0.0125
118,36,4,4,22,19,100,102,1,0.00625
118,37,5,4,23,26,115,114,2,0.0125
118,38,6,4,22,23,117,118,2,0.0125
118,39,7,4,23,18,78,79,1,0.00625
118,40,0,5,13,20,77,78,0,0.0
118,41,1,5,17,18,90,94,0,0.0
118,42,2,5,19,23,101,104,0,0.0
118,43,3,5,22,27,112,112,0,0.0
118,44,4,5,21,28,105,106,1,0.00625
118,45,5,5,19,22,106,108,0,0.0
118,46,6,5,20,21,104,105,1,0.00625
118,47,7,5,21,26,77,76,2,0.0125
118,48,0,6,18,26,84,83,0,0.0
118,49,1,6,21,13,89,90,0,0.0
118,50,2,6,17,18,93,91,2,0.0125
118,51,3,6,27,20,106,103,3,0.01875
118,52,4,6,16,24,99,98,1,0.00625
118,53,5,6,12,22,92,92,1,0.00625
118,54,6,6,12,19,88,86,0,0.0
118,55,7,6,23,18,61,64,0,0.0
118,56,0,7,20,20,60,61,0,0.0
118,57,1,7,17,15,73,73,1,0.00625
118,58,2,7,23,21,81,80,2,0.0125
118,59,3,7,13,18,73,74,1,0.00625
118,60,4,7,23,24,81,80,1,0.00625
118,61,5,7,24,15,80,80,1,0.00625
118,62,6,7,10,13,67,67,0,0.0
118,63,7,7,22,12,44,43,1,0.00625
119,0,0,0,26,21,74,75,1,0.00625
119,1,1,0,21,17,94,94,1,0.00625
119,2,2,0,19,12,83,80,1,0.00625
119,3,3,0,22,21,93,93,0,0.0
119,4,4,0,23,14,89,92,0,0.0
119,5,5,0,21,20,97,99,0,0.0
119,6,6,0,17,18,85,86,0,0.0
119,7,7,0,29,15,62,60,2,0.0125
119,8,0,1,24,26,101,98,2,0.0125
119,9,1,1,21,28,115,115,1,0.00625
119,10,2,1,17,18,95,95,0,0.0
119,11,3,1,22,18,105,101,2,0.0125
119,12,4,1,25,22,106,106,0,0.0
119,13,5,1,17,28,113,111,1,0.00625
119,14,6,1,15,21,91,90,2,0.0125
119,15,7,1,21,16,69,69,0,0.0
119,16,0,2,14,25,84,85,2,0.0125
119,17,1,2,25,22,101,100,1,0.00625
119,18,2,2,20,19,97,98,1,0.00625
119,19,3,2,25,16,105,105,1,0.00625
119,20,4,2,18,22,97,101,1,0.00625
119,21,5,2,21,25,106,107,1,0.00625
119,22,6,2,16,20,96,97,1,0.00625
119,23,7,2,22,15,69,69,0,0.0
119,24,0,3,25,20,85,89,0,0.0
119,25,1,3,25,18,104,103,1,0.00625
119,26,2,3,17,25,97,99,1,0.00625
119,27,3,3,18,23,104,102,1,0.00625
119,28,4,3,20,26,99,99,2,0.0125
119,29,5,3,16,19,96,95,2,0.0125
119,30,6,3,24,23,96,98,1,0.00625
119,31,7,3,18,18,77,77,1,0.00625
119,32,0,4,19,20,87,87,1,0.00625
119,33,1,4,14,24,99,100,0,0.0
119,34,2,4,18,22,91,92,0,0.0
119,35,3,4,21,22,108,112,0,0.0
119,36,4,4,24,20,103,101,1,0.00625
119,37,5,4,20,18,106,106,0,0.0
119,38,6,4,21,17,92,92,1,0.00625
119,39,7,4,18,28,84,82,2,0.0125
119,40,0,5,16,26,83,83,0,0.0
119,41,1,5,19,21,101,101,1,0.00625
119,42,2,5,18,16,89,88,0,0.0
119,43,3,5,27,21,119,117,1,0.00625
119,44,4,5,25,21,120,118,4,0.025
119,45,5,5,28,22,131,130,0,0.0
119,46,6,5,15,20,112,112,0,0.0
119,47,7,5,26,21,81,83,1,0.00625
119,48,0,6,23,20,81,80,2,0.0125
119,49,1,6,24,19,106,105,1,0.00625
119,50,2,6,28,19,107,107,2,0.0125
119,51,3,6,15,15,106,109,0,0.0
119,52,4,6,18,26,96,95,1,0.00625
119,53,5,6,24,27,113,112,2,0.0125
119,54,6,6,19,29,108,109,0,0.0
119,55,7,6,14,17,70,70,1,0.00625
119,56,0,7,20,20,58,57,0,0.0
119,57,1,7,15,22,78,77,1,0.00625
119,58,2,7,27,23,87,87,1,0.00625
119,59,3,7,19,27,96,94,1,0.00625
119,60,4,7,24,17,82,84,2,0.0125
119,61,5,7,21,19,88,89,0,0.0
119,62,6,7,22,23,89,86,2,0.0125
119,63,7,7,22,20,61,63,0,0.0
120,0,0,0,25,22,64,64,1,0.00625
120,1,1,0,23,19,82,83,0,0.0
120,2,2,0,21,17,77,76,2,0.0125
120,3,3,0,20,22,77,78,0,0.0
120,4,4,0,16,19,75,70,2,0.0125
120,5,5,0,21,22,73,73,0,0.0
120,6,6,0,19,21,82,80,3,0.01875
120,7,7,0,18,24,60,63,0,0.0
120,8,0,1,23,20,78,81,0,0.0
120,9,1,1,21,24,109,109,3,0.01875
120,10,2,1,20,25,103,104,1,0.00625
120,11,3,1,14,18,91,95,0,0.0
120,12,4,1,14,19,89,87,1,0.00625
120,13,5,1,27,12,90,91,1,0.00625
120,14,6,1,21,20,111,110,2,0.0125
120,15,7,1,18,19,81,79,0,0.0
120,16,0,2,17,18,74,75,0,0.0
120,17,1,2,13,24,98,99,1,0.00625
120,18,2,2,21,22,93,91,3,0.01875
120,19,3,2,14,21,100,99,1,0.00625
120,20,4,2,21,17,94,94,1,0.00625
120,21,5,2,22,13,95,93,2,0.0125
120,22,6,2,18,26,109,109,0,0.0
120,23,7,2,22,19,88,87,1,0.00625
120,24,0,3,15,22,76,75,2,0.0125
120,25,1,3,20,16,97,97,1,0.00625
120,26,2,3,18,11,92,92,0,0.0
120,27,3,3,22,18,102,104,0,0.0
120,28,4,3,20,16,96,98,0,0.0
120,29,5,3,18,19,95,96,2,0.0125
120,30,6,3,23,20,106,104,2,0.0125
120,31,7,3,21,20,87,88,0,0.0
120,32,0,4,28,20,85,83,3,0.01875
120,33,1,4,20,17,105,104,2,0.0125
120,34,2,4,16,21,98,97,2,0.0125
120,35,3,4,17,17,94,90,2,0.0125
120,36,4,4,23,21,101,100,2,0.0125
120,37,5,4,23,20,107,109,1,0.00625
120,38,6,4,28,17,113,113,1,0.00625
120,39,7,4,23,20,95,97,1,0.00625
120,40,0,5,18,20,78,78,1,0.00625
120,41,1,5,15,25,102,101,2,0.0125
120,42,2,5,18,19,92,92,1,0.00625
120,43,3,5,19,17,92,92,2,0.0125
120,44,4,5,10,15,77,79,1,0.00625
120,45,5,5,12,28,79,81,0,0.0
120,46,6,5,24,21,92,91,1,0.00625
120,47,7,5,15,29,90,91,1,0.00625
120,48,0,6,15,20,77,79,0,0.0
120,49,1,6,17,19,94,96,0,0.0
120,50,2,6,17,17,88,88,1,0.00625
120,51,3,6,18,18,89,87,1,0.00625
120,52,4,6,30,19,102,103,1,0.00625
120,53,5,6,26,9,99,98,2,0.0125
120,54,6,6,20,11,92,89,2,0.0125
120,55,7,6,21,23,88,85,2,0.0125
120,56,0,7,22,22,65,64,2,0.0125
120,57,1,7,17,19,77,78,1,0.00625
120,58,2,7,15,18,70,71,0,0.0
120,59,3,7,17,18,71,74,0,0.0
120,60,4,7,18,16,71,70,1,0.00625
120,61,5,7,19,30,85,82,2,0.0125
120,62,6,7,21,21,78,78,1,0.00625
120,63,7,7,20,17,61,59,1,0.00625
121,0,0,0,22,21,66,66,0,0.0
121,1,1,0,13,21,79,76,2,0.0125
121,2,2,0,18,24,74,75,2,0.0125
121,3,3,0,15,18,71,70,0,0.0
121,4,4,0,18,22,73,75,1,0.00625
121,5,5,0,20,24,87,85,1,0.00625
121,6,6,0,19,20,77,79,1,0.00625
121,7,7,0,21,19,57,54,1,0.00625
121,8,0,1,23,19,83,82,0,0.0
121,9,1,1,16,24,96,98,1,0.00625
121,10,2,1,17,13,84,82,3,0.01875
121,11,3,1,20,18,88,87,1,0.00625
121,12,4,1,13,12,82,84,1,0.00625
121,13,5,1,24,23,103,102,1,0.00625
121,14,6,1,17,24,103,104,1,0.00625
121,15,7,1,19,18,75,76,0,0.0
121,16,0,2,10,15,66,65,0,0.0
121,17,1,2,19,22,85,85,1,0.00625
121,18,2,2,17,17,93,92,2,0.0125
121,19,3,2,20,15,82,84,0,0.0
121,20,4,2,21,19,95,94,2,0.0125
121,21,5,2,20,13,93,94,1,0.00625
121,22,6,2,13,23,91,90,2,0.0125
121,23,7,2,12,21,61,63,0,0.0
121,24,0,3,18,17,80,81,1,0.00625
121,25,1,3,14,12,80,81,1,0.00625
121,26,2,3,14,21,91,92,0,0.0
121,27,3,3,20,18,92,92,0,0.0
121,28,4,3,14,20,100,100,1,0.00625
121,29,5,3,18,21,100,103,0,0.0
121,30,6,3,16,22,100,101,0,0.0
121,31,7,3,24,12,70,69,1,0.00625
121,32,0,4,24,22,95,96,2,0.0125
121,33,1,4,16,17,99,97,4,0.025
121,34,2,4,19,16,91,93,0,0.0
121,35,3,4,14,16,88,90,0,0.0
121,36,4,4,21,20,103,104,2,0.0125
121,37,5,4,29,14,114,114,0,0.0
121,38,6,4,20,18,114,113,2,0.0125
121,39,7,4,24,18,80,80,0,0.0
121,40,0,5,19,24,84,84,1,0.00625
121,41,1,5,26,23,99,100,2,0.0125
121,42,2,5,15,15,91,91,0,0.0
121,43,3,5,25,19,90,91,2,0.0125
121,44,4,5,16,19,90,93,0,0.0
121,45,5,5,15,16,88,87,1,0.00625
121,46,6,5,16,29,94,93,2,0.0125
121,47,7,5,14,20,70,69,1,0.00625
121,48,0,6,16,14,77,76,0,0.0
121,49,1,6,12,18,86,86,0,0.0
121,50,2,6,20,27,99,101,0,0.0
121,51,3,6,18,16,94,96,0,0.0
121,52,4,6,17,26,100,101,0,0.0
121,53,5,6,18,18,98,98,1,0.00625
121,54,6,6,24,16,103,106,0,0.0
121,55,7,6,21,17,78,81,1,0.00625
121,56,0,7,19,22,66,66,1,0.00625
121,57,1,7,21,16,81,80,0,0.0
121,58,2,7,18,10,76,76,1,0.00625
121,59,3,7,17,20,83,82,1,0.00625
121,60,4,7,21,18,82,84,1,0.00625
121,61,5,7,21,18,85,88,0,0.0
121,62,6,7,16,23,86,89,0,0.0
121,63,7,7,24,26,67,67,2,0.0125
122,0,0,0,26,21,70,68,2,0.0125
122,1,1,0,21,22,91,92,1,0.00625
122,2,2,0,14,22,82,81,1,0.00625
122,3,3,0,15,23,75,76,0,0.0
122,4,4,0,16,15,67,69,0,0.0
122,5,5,0,19,15,70,70,1,0.00625
122,6,6,0,18,22,83,83,0,0.0
122,7,7,0,22,17,60,62,1,0.00625
122,8,0,1,20,22,82,81,1,0.00625
122,9,1,1,21,23,104,104,1,0.00625
122,10,2,1,18,20,101,101,0,0.0
122,11,3,1,24,15,98,98,2,0.0125
122,12,4,1,20,19,94,93,1,0.00625
122,13,5,1,24,14,91,93,0,0.0
122,14,6,1,23,19,107,107,2,0.0125
122,15,7,1,18,19,78,77,2,0.0125
122,16,0,2,18,20,77,76,2,0.0125
122,17,1,2,25,18,102,104,0,0.0
122,18,2,2,17,20,106,108,0,0.0
122,19,3,2,19,17,98,98,0,0.0
122,20,4,2,21,22,99,98,0,0.0
122,21,5,2,21,19,97,97,1,0.00625
122,22,6,2,19,26,111,111,1,0.00625
122,23,7,2,20,21,82,81,0,0.0
122,24,0,3,23,18,83,82,1,0.00625
122,25,1,3,21,17,108,106,2,0.0125
122,26,2,3,23,23,112,110,2,0.0125
122,27,3,3,17,19,102,101,0,0.0
122,28,4,3,16,19,90,90,0,0.0
122,29,5,3,24,21,97,95,2,0.0125
122,30,6,3,17,21,102,104,0,0.0
122,31,7,3,18,19,76,75,2,0.0125
122,32,0,4,20,20,81,80,1,0.00625
122,33,1,4,14,22,103,105,0,0.0
122,34,2,4,24,20,105,103,1,0.00625
122,35,3,4,20,20,106,106,1,0.00625
122,36,4,4,24,17,94,96,0,0.0
122,37,5,4,16,17,89,90,0,0.0
122,38,6,4,26,24,108,108,2,0.0125
122,39,7,4,21,17,82,79,2,0.0125
122,40,0,5,14,20,72,72,0,0.0
122,41,1,5,18,25,100,99,2,0.0125
122,42,2,5,15,14,91,92,0,0.0
122,43,3,5,14,22,97,98,0,0.0
122,44,4,5,21,15,94,92,1,0.00625
122,45,5,5,19,26,102,102,1,0.00625
122,46,6,5,26,18,109,110,0,0.0
122,47,7,5,25,24,95,96,1,0.00625
122,48,0,6,19,22,80,80,0,0.0
122,49,1,6,20,15,103,97,3,0.01875
122,50,2,6,19,16,105,104,0,0.0
122,51,3,6,25,14,106,106,0,0.0
122,52,4,6,24,14,109,108,1,0.00625
122,53,5,6,19,18,102,104,0,0.0
122,54,6,6,15,19,100,97,2,0.0125
122,55,7,6,21,28,82,83,1,0.00625
122,56,0,7,24,20,62,63,1,0.00625
122,57,1,7,28,16,87,87,1,0.00625
122,58,2,7,25,16,87,86,2,0.0125
122,59,3,7,24,19,82,79,3,0.01875
122,60,4,7,20,27,86,84,2,0.0125
122,61,5,7,23,23,88,85,3,0.01875
122,62,6,7,21,17,83,81,2,0.0125
122,63,7,7,23,14,55,55,1,0.00625
123,0,0,0,15,26,58,61,0,0.0
123,1,1,0,17,24,72,72,0,0.0
123,2,2,0,21,19,72,74,1,0.00625
123,3,3,0,20,22,81,80,0,0.0
123,4,4,0,13,30,81,81,1,0.00625
123,5,5,0,20,25,74,76,0,0.0
123,6,6,0,24,23,82,81,1,0.00625
123,7,7,0,15,20,57,55,2,0.0125
123,8,0,1,25,20,85,85,1,0.00625
123,9,1,1,16,14,96,95,2,0.0125
123,10,2,1,28,16,94,95,1,0.00625
123,11,3,1,18,21,105,104,3,0.01875
123,12,4,1,14,20,95,95,0,0.0
123,13,5,1,16,13,81,81,0,0.0
123,14,6,1,20,17,89,89,1,0.00625
123,15,7,1,14,22,74,74,1,0.00625
123,16,0,2,18,16,72,75,0,0.0
123,17,1,2,16,29,98,97,0,0.0
123,18,2,2,16,14,80,79,2,0.0125
123,19,3,2,19,27,95,95,1,0.00625
123,20,4,2,18,18,92,93,2,0.0125
123,21,5,2,26,15,95,95,1,0.00625
123,22,6,2,17,16,89,90,0,0.0
123,23,7,2,12,19,65,64,1,0.00625
123,24,0,3,19,16,77,77,1,0.00625
123,25,1,3,22,19,96,100,0,0.0
123,26,2,3,15,17,93,94,1,0.00625
123,27,3,3,19,14,87,87,0,0.0
123,28,4,3,18,17,97,96,1,0.00625
123,29,5,3,19,18,100,101,1,0.00625
123,30,6,3,17,23,102,100,1,0.00625
123,31,7,3,17,15,65,66,0,0.0
123,32,0,4,23,19,94,93,1,0.00625
123,33,1,4,14,20,101,102,1,0.00625
123,34,2,4,27,22,109,109,2,0.0125
123,35,3,4,26,15,117,118,1,0.00625
123,36,4,4,14,19,111,110,0,0.0
123,37,5,4,23,18,107,104,2,0.0125
123,38,6,4,23,21,114,116,0,0.0
123,39,7,4,23,17,85,87,1,0.00625
123,40,0,5,22,28,91,90,0,0.0
123,41,1,5,24,22,105,106,1,0.00625
123,42,2,5,23,14,98,95,3,0.01875
123,43,3,5,21,29,108,109,0,0.0
123,44,4,5,17,29,102,103,0,0.0
123,45,5,5,23,15,97,94,1,0.00625
123,46,6,5,17,24,100,100,1,0.00625
123,47,7,5,12,25,69,69,1,0.00625
123,48,0,6,30,17,90,90,2,0.0125
123,49,1,6,21,18,110,113,2,0.0125
123,50,2,6,16,23,98,98,1,0.00625
123,51,3,6,17,24,99,99,0,0.0
123,52,4,6,24,19,104,103,2,0.0125
123,53,5,6,20,19,107,107,1,0.00625
123,54,6,6,21,23,106,109,0,0.0
123,55,7,6,23,13,76,76,1,0.00625
123,56,0,7,22,19,66,66,0,0.0
123,57,1,7,21,32,98,98,1,0.00625
123,58,2,7,24,27,91,92,1,0.00625
123,59,3,7,22,14,87,88,2,0.0125
123,60,4,7,26,18,91,90,3,0.01875
123,61,5,7,23,22,91,93,0,0.0
123,62,6,7,18,20,84,84,2,0.0125
123,63,7,7,24,21,65,65,1,0.00625
124,0,0,0,22,26,63,61,1,0.00625
124,1,1,0,21,18,77,76,3,0.01875
124,2,2,0,22,22,80,79,1,0.00625
124,3,3,0,23,18,74,75,0,0.0
124,4,4,0,20,16,73,73,0,0.0
124,5,5,0,29,17,81,78,1,0.00625
124,6,6,0,21,21,85,87,0,0.0
124,7,7,0,14,27,63,66,0,0.0
124,8,0,1,19,14,82,82,2,0.0125
124,9,1,1,19,23,102,102,1,0.00625
124,10,2,1,21,22,105,106,1,0.00625
124,11,3,1,18,22,101,104,0,0.0
124,12,4,1,23,21,104,104,1,0.00625
124,13,5,1,17,17,102,101,1,0.00625
124,14,6,1,21,29,112,113,1,0.00625
124,15,7,1,23,25,94,95,0,0.0
124,16,0,2,20,24,97,93,1,0.00625
124,17,1,2,22,17,104,103,1,0.00625
124,18,2,2,20,20,105,106,1,0.00625
124,19,3,2,20,23,105,106,0,0.0
124,20,4,2,25,20,109,110,1,0.00625
124,21,5,2,25,22,116,116,1,0.00625
124,22,6,2,25,17,115,114,1,0.00625
124,23,7,2,28,21,101,100,2,0.0125
124,24,0,3,17,24,86,88,0,0.0
124,25,1,3,21,16,95,94,0,0.0
124,26,2,3,18,22,96,95,3,0.01875
124,27,3,3,14,22,87,89,0,0.0
124,28,4,3,16,20,86,89,0,0.0
124,29,5,3,20,28,93,94,0,0.0
124,30,6,3,20,25,99,99,2,0.0125
124,31,7,3,16,25,88,87,1,0.00625
124,32,0,4,20,18,80,82,1,0.00625
124,33,1,4,18,19,91,91,1,0.00625
124,34,2,4,10,21,82,82,2,0.0125
124,35,3,4,26,21,87,88,0,0.0
124,36,4,4,23,15,97,97,1,0.00625
124,37,5,4,14,14,82,82,0,0.0
124,38,6,4,22,19,86,86,1,0.00625
124,39,7,4,15,19,78,79,1,0.00625
124,40,0,5,20,14,82,82,1,0.00625
124,41,1,5,21,20,99,99,2,0.0125
124,42,2,5,23,19,101,99,4,0.025
124,43,3,5,16,10,85,84,1,0.00625
124,44,4,5,15,25,97,96,1,0.00625
124,45,5,5,19,24,91,93,1,0.00625
124,46,6,5,16,15,86,85,2,0.0125
124,47,7,5,17,19,81,81,0,0.0
124,48,0,6,22,17,90,90,2,0.0125
124,49,1,6,21,23,99,100,1,0.00625
124,50,2,6,18,21,97,97,1,0.00625
124,51,3,6,22,21,96,94,2,0.0125
124,52,4,6,17,19,94,93,3,0.01875
124,53,5,6,18,15,87,87,1,0.00625
124,54,6,6,29,18,105,104,0,0.0
124,55,7,6,21,17,93,92,1,0.00625
124,56,0,7,15,21,67,67,0,0.0
124,57,1,7,13,20,80,82,0,0.0
124,58,2,7,18,18,83,82,1,0.00625
124,59,3,7,21,19,84,84,1,0.00625
124,60,4,7,12,18,80,83,0,0.0
124,61,5,7,17,18,80,80,1,0.00625
124,62,6,7,26,20,90,91,0,0.0
124,63,7,7,24,29,78,80,0,0.0
125,0,0,0,21,24,62,62,0,0.0
125,1,1,0,29,17,83,84,1,0.00625
125,2,2,0,21,18,80,82,1,0.00625
125,3,3,0,21,20,78,75,2,0.0125
125,4,4,0,17,24,77,77,1,0.00625
125,5,5,0,17,22,69,72,0,0.0
125,6,6,0,21,18,70,67,1,0.00625
125,7,7,0,17,17,53,51,1,0.00625
125,8,0,1,14,17,80,82,0,0.0
125,9,1,1,19,21,94,92,2,0.0125
125,10,2,1,19,28,105,105,0,0.0
125,11,3,1,12,17,91,88,2,0.0125
125,12,4,1,17,22,95,95,0,0.0
125,13,5,1,24,19,101,99,2,0.0125
125,14,6,1,18,18,97,95,1,0.00625
125,15,7,1,22,17,75,74,1,0.00625
125,16,0,2,21,22,90,90,2,0.0125
125,17,1,2,27,15,101,101,2,0.0125
125,18,2,2,21,16,102,102,2,0.0125
125,19,3,2,25,19,111,110,1,0.00625
125,20,4,2,18,11,101,101,0,0.0
125,21,5,2,28,17,106,107,0,0.0
125,22,6,2,27,22,118,117,2,0.0125
125,23,7,2,20,19,84,86,1,0.00625
125,24,0,3,14,21,75,75,0,0.0
125,25,1,3,27,23,95,94,2,0.0125
125,26,2,3,18,25,100,101,0,0.0
125,27,3,3,17,19,91,91,0,0.0
125,28,4,3,27,27,108,106,1,0.00625
125,29,5,3,22,17,106,104,1,0.00625
125,30,6,3,19,28,104,106,0,0.0
125,31,7,3,19,29,84,84,1,0.00625
125,32,0,4,20,17,79,81,0,0.0
125,33,1,4,18,15,94,93,1,0.00625
125,34,2,4,14,22,95,96,1,0.00625
125,35,3,4,18,14,93,90,1,0.00625
125,36,4,4,17,15,97,97,2,0.0125
125,37,5,4,22,27,111,113,0,0.0
125,38,6,4,19,22,110,109,0,0.0
125,39,7,4,25,20,79,79,1,0.00625
125,40,0,5,22,20,74,75,0,0.0
125,41,1,5,15,21,86,87,0,0.0
125,42,2,5,19,18,79,81,3,0.01875
125,43,3,5,17,13,84,81,2,0.0125
125,44,4,5,24,18,98,98,1,0.00625
125,45,5,5,19,17,95,94,0,0.0
125,46,6,5,20,23,101,103,1,0.00625
125,47,7,5,17,19,72,72,0,0.0
125,48,0,6,24,14,82,82,1,0.00625
125,49,1,6,23,19,110,112,0,0.0
125,50,2,6,28,17,109,109,0,0.0
125,51,3,6,24,20,118,118,1,0.00625
125,52,4,6,22,18,109,111,1,0.00625
125,53,5,6,17,24,102,100,1,0.00625
125,54,6,6,23,17,100,100,2,0.0125
125,55,7,6,18,23,79,80,1,0.00625
125,56,0,7,19,24,61,62,0,0.0
125,57,1,7,18,26,83,81,2,0.0125
125,58,2,7,19,26,80,81,1,0.00625
125,59,3,7,18,27,86,87,1,0.00625
125,60,4,7,18,26,84,84,1,0.00625
125,61,5,7,20,19,78,78,1,0.00625
125,62,6,7,14,18,74,74,0,0.0
125,63,7,7,23,25,60,59,0,0.0
126,0,0,0,18,22,50,51,1,0.00625
126,1,1,0,21,18,68,68,1,0.00625
126,2,2,0,16,21,73,72,1,0.00625
126,3,3,0,19,19,70,73,0,0.0
126,4,4,0,23,13,71,72,0,0.0
126,5,5,0,13,13,67,64,2,0.0125
126,6,6,0,15,15,61,63,0,0.0
126,7,7,0,14,17,50,48,1,0.00625
126,8,0,1,24,11,78,74,1,0.00625
126,9,1,1,17,18,96,98,1,0.00625
126,10,2,1,14,19,91,91,0,0.0
126,11,3,1,19,22,93,96,0,0.0
126,12,4,1,11,20,85,86,1,0.00625
126,13,5,1,17,23,83,84,1,0.00625
126,14,6,1,17,15,86,88,1,0.00625
126,15,7,1,20,17,73,73,0,0.0
126,16,0,2,21,19,79,82,0,0.0
126,17,1,2,18,23,103,102,3,0.01875
126,18,2,2,19,18,96,96,0,0.0
126,19,3,2,20,15,89,88,2,0.0125
126,20,4,2,9,19,77,78,0,0.0
126,21,5,2,17,13,69,68,1,0.00625
126,22,6,2,22,20,92,92,2,0.0125
126,23,7,2,17,19,74,74,1,0.00625
126,24,0,3,24,17,84,79,3,0.01875
126,25,1,3,21,22,107,107,1,0.00625
126,26,2,3,19,20,103,102,0,0.0
126,27,3,3,23,21,101,100,0,0.0
126,28,4,3,24,18,103,103,1,0.00625
126,29,5,3,16,10,79,79,1,0.00625
126,30,6,3,22,21,90,89,1,0.00625
126,31,7,3,17,20,78,78,2,0.0125
126,32,0,4,16,19,88,84,2,0.0125
126,33,1,4,19,20,105,103,1,0.00625
126,34,2,4,14,25,110,110,1,0.00625
126,35,3,4,13,20,93,95,0,0.0
126,36,4,4,24,25,110,111,1,0.00625
126,37,5,4,15,23,105,102,1,0.00625
126,38,6,4,14,16,88,86,2,0.0125
126,39,7,4,27,21,85,84,1,0.00625
126,40,0,5,25,28,103,104,0,0.0
126,41,1,5,17,16,108,107,1,0.00625
126,42,2,5,17,19,103,104,2,0.0125
126,43,3,5,22,16,95,95,3,0.01875
126,44,4,5,20,13,97,92,3,0.01875
126,45,5,5,15,23,96,98,1,0.00625
126,46,6,5,21,13,86,83,1,0.00625
126,47,7,5,22,17,81,80,0,0.0
126,48,0,6,25,21,89,87,1,0.00625
126,49,1,6,17,28,111,109,2,0.0125
126,50,2,6,19,19,101,102,1,0.00625
126,51,3,6,21,17,97,98,1,0.00625
126,52,4,6,23,15,103,102,1,0.00625
126,53,5,6,20,17,100,102,1,0.00625
126,54,6,6,23,18,99,97,1,0.00625
126,55,7,6,24,19,90,90,0,0.0
126,56,0,7,26,20,71,70,0,0.0
126,57,1,7,27,19,98,96,1,0.00625
126,58,2,7,19,17,92,91,1,0.00625
126,59,3,7,22,22,89,91,0,0.0
126,60,4,7,19,21,85,85,0,0.0
126,61,5,7,18,26,88,87,1,0.00625
126,62,6,7,27,17,85,84,2,0.0125
126,63,7,7,23,21,72,72,1,0.00625
127,0,0,0,17,22,59,60,0,0.0
127,1,1,0,22,28,90,89,2,0.0125
127,2,2,0,19,26,92,92,1,0.00625
127,3,3,0,16,24,82,80,0,0.0
127,4,4,0,26,24,87,86,1,0.00625
127,5,5,0,23,21,91,91,1,0.00625
127,6,6,0,20,17,82,82,1,0.00625
127,7,7,0,24,27,68,71,1,0.00625
127,8,0,1,19,23,80,84,0,0.0
127,9,1,1,25,15,110,109,2,0.0125
127,10,2,1,15,27,117,115,1,0.00625
127,11,3,1,24,16,108,104,2,0.0125
127,12,4,1,16,17,101,100,2,0.0125
127,13,5,1,26,25,111,109,2,0.0125
127,14,6,1,22,21,108,108,1,0.00625
127,15,7,1,23,21,91,93,0,0.0
127,16,0,2,15,23,69,69,0,0.0
127,17,1,2,18,20,92,94,1,0.00625
127,18,2,2,19,24,102,102,1,0.00625
127,19,3,2,24,14,99,97,3,0.01875
127,20,4,2,23,24,109,108,0,0.0
127,21,5,2,26,11,96,97,1,0.00625
127,22,6,2,18,23,101,100,3,0.01875
127,23,7,2,14,21,81,81,0,0.0
127,24,0,3,15,15,67,68,2,0.0125
127,25,1,3,23,16,99,98,1,0.00625
127,26,2,3,29,17,114,114,2,0.0125
127,27,3,3,14,19,111,108,2,0.0125
127,28,4,3,17,23,95,97,0,0.0
127,29,5,3,24,24,110,112,0,0.0
127,30,6,3,23,25,116,116,0,0.0
127,31,7,3,22,20,93,95,0,0.0
127,32,0,4,21,17,81,85,0,0.0
127,33,1,4,21,17,107,110,0,0.0
127,34,2,4,19,23,107,107,1,0.00625
127,35,3,4,18,29,115,114,0,0.0
127,36,4,4,20,16,95,94,2,0.0125
127,37,5,4,14,20,96,99,0,0.0
127,38,6,4,21,24,98,100,1,0.00625
127,39,7,4,21,24,93,92,2,0.0125
127,40,0,5,19,24,79,77,1,0.00625
127,41,1,5,21,20,99,99,0,0.0
127,42,2,5,15,20,93,93,1,0.00625
127,43,3,5,17,17,94,97,0,0.0
127,44,4,5,21,20,96,98,3,0.01875
127,45,5,5,24,20,105,105,0,0.0
127,46,6,5,26,16,98,101,0,0.0
127,47,7,5,18,18,87,86,1,0.00625
127,48,0,6,17,18,69,71,2,0.0125
127,49,1,6,20,18,93,93,1,0.00625
127,50,2,6,26,17,96,94,1,0.00625
127,51,3,6,20,15,102,101,1,0.00625
127,52,4,6,20,23,96,95,1,0.00625
127,53,5,6,22,25,101,100,2,0.0125
127,54,6,6,23,24,99,103,0,0.0
127,55,7,6,14,27,90,90,1,0.00625
127,56,0,7,22,14,54,55,0,0.0
127,57,1,7,19,21,75,78,1,0.00625
127,58,2,7,26,18,79,80,0,0.0
127,59,3,7,23,23,89,87,2,0.0125
127,60,4,7,22,19,82,80,1,0.00625
127,61,5,7,15,19,71,72,1,0.00625
127,62,6,7,22,25,83,84,0,0.0
127,63,7,7,20,26,69,69,1,0.00625
128,0,0,0,23,20,70,68,1,0.00625
128,1,1,0,21,17,86,89,0,0.0
128,2,2,0,21,14,79,80,0,0.0
128,3,3,0,19,19,83,82,0,0.0
128,4,4,0,23,25,92,92,0,0.0
128,5,5,0,16,20,86,87,1,0.00625
128,6,6,0,27,21,89,88,1,0.00625
128,7,7,0,25,22,76,76,1,0.00625
128,8,0,1,22,24,85,83,0,0.0
128,9,1,1,19,27,102,102,2,0.0125
128,10,2,1,23,18,95,95,1,0.00625
128,11,3,1,22,19,99,99,2,0.0125
128,12,4,1,20,15,101,101,1,0.00625
128,13,5,1,15,26,100,103,0,0.0
128,14,6,1,22,16,91,91,0,0.0
128,15,7,1,20,27,92,90,1,0.00625
128,16,0,2,20,16,71,70,1,0.00625
128,17,1,2,22,21,94,92,2,0.0125
128,18,2,2,20,19,91,89,2,0.0125
128,19,3,2,20,23,94,94,3,0.01875
128,20,4,2,19,22,100,101,0,0.0
128,21,5,2,29,23,104,100,2,0.0125
128,22,6,2,23,17,99,99,1,0.00625
128,23,7,2,18,23,83,83,1,0.00625
128,24,0,3,21,12,72,73,3,0.01875
128,25,1,3,18,20,92,92,2,0.0125
128,26,2,3,22,21,95,96,2,0.0125
128,27,3,3,19,20,92,93,1,0.00625
128,28,4,3,22,21,103,100,1,0.00625
128,29,5,3,24,16,99,97,0,0.0
128,30,6,3,18,25,107,103,1,0.00625
128,31,7,3,18,19,79,78,0,0.0
128,32,0,4,18,18,75,74,0,0.0
128,33,1,4,20,19,92,90,1,0.00625
128,34,2,4,24,18,97,96,2,0.0125
128,35,3,4,22,20,100,99,0,0.0
128,36,4,4,23,15,101,100,1,0.00625
128,37,5,4,12,22,91,91,1,0.00625
128,38,6,4,26,21,102,100,2,0.0125
128,39,7,4,23,16,90,89,3,0.01875
128,40,0,5,17,20,75,76,1,0.00625
128,41,1,5,20,18,93,93,1,0.00625
128,42,2,5,22,19,102,102,1,0.00625
128,43,3,5,21,20,99,96,2,0.0125
128,44,4,5,17,19,92,96,1,0.00625
128,45,5,5,17,19,91,88,4,0.025
128,46,6,5,21,11,91,90,1,0.00625
128,47,7,5,18,28,93,92,2,0.0125
128,48,0,6,17,18,79,78,1,0.00625
128,49,1,6,20,18,96,96,1,0.00625
128,50,2,6,13,23,100,101,2,0.0125
128,51,3,6,20,22,92,95,0,0.0
128,52,4,6,17,20,100,102,2,0.0125
128,53,5,6,21,16,97,98,0,0.0
128,54,6,6,17,17,103,100,1,0.00625
128,55,7,6,25,19,85,85,1,0.00625
128,56,0,7,19,20,63,61,1,0.00625
128,57,1,7,20,17,81,81,0,0.0
128,58,2,7,16,21,78,78,0,0.0
128,59,3,7,18,17,72,74,0,0.0
128,60,4,7,15,22,75,77,1,0.00625
128,61,5,7,24,19,82,81,2,0.0125
128,62,6,7,29,19,89,89,1,0.00625
128,63,7,7,21,16,64,63,0,0.0
129,0,0,0,22,22,71,71,2,0.0125
129,1,1,0,17,28,92,92,0,0.0
129,2,2,0,21,14,77,78,0,0.0
129,3,3,0,19,20,85,88,0,0.0
129,4,4,0,20,16,81,81,1,0.00625
129,5,5,0,19,19,82,82,0,0.0
129,6,6,0,22,26,93,92,1,0.00625
129,7,7,0,25,36,81,81,0,0.0
129,8,0,1,17,24,85,85,1,0.00625
129,9,1,1,27,22,113,113,2,0.0125
129,10,2,1,23,19,99,101,1,0.00625
129,11,3,1,10,25,98,100,1,0.00625
129,12,4,1,20,22,89,90,0,0.0
129,13,5,1,23,19,101,100,2,0.0125
129,14,6,1,18,17,107,107,0,0.0
129,15,7,1,19,18,94,93,2,0.0125
129,16,0,2,13,21,77,78,0,0.0
129,17,1,2,24,19,101,102,0,0.0
129,18,2,2,21,27,102,103,0,0.0
129,19,3,2,21,24,107,109,0,0.0
129,20,4,2,14,10,82,82,0,0.0
129,21,5,2,23,21,99,104,0,0.0
129,22,6,2,32,22,123,124,1,0.00625
129,23,7,2,16,17,102,100,2,0.0125
129,24,0,3,18,21,79,79,2,0.0125
129,25,1,3,24,11,102,101,1,0.00625
129,26,2,3,18,24,96,95,1,0.00625
129,27,3,3,24,22,103,105,0,0.0
129,28,4,3,23,22,104,106,0,0.0
129,29,5,3,22,15,96,96,1,0.00625
129,30,6,3,20,26,108,110,3,0.01875
129,31,7,3,16,29,100,99,1,0.00625
129,32,0,4,20,19,83,82,2,0.0125
129,33,1,4,29,18,117,115,2,0.0125
129,34,2,4,20,23,107,106,0,0.0
129,35,3,4,16,21,97,97,1,0.00625
129,36,4,4,24,25,106,106,2,0.0125
129,37,5,4,20,21,110,109,2,0.0125
129,38,6,4,17,21,105,108,0,0.0
129,39,7,4,23,22,94,95,2,0.0125
129,40,0,5,19,20,89,88,1,0.00625
129,41,1,5,25,20,121,120,2,0.0125
129,42,2,5,21,25,110,109,1,0.00625
129,43,3,5,20,24,110,112,0,0.0
129,44,4,5,22,15,104,104,1,0.00625
129,45,5,5,26,26,118,118,4,0.025
129,46,6,5,19,20,117,116,1,0.00625
129,47,7,5,31,17,97,100,1,0.00625
129,48,0,6,23,25,93,92,1,0.00625
129,49,1,6,25,21,124,125,1,0.00625
129,50,2,6,21,24,103,104,1,0.00625
129,51,3,6,28,21,108,104,2,0.0125
129,52,4,6,25,17,114,114,1,0.00625
129,53,5,6,16,21,101,100,0,0.0
129,54,6,6,22,23,104,102,2,0.0125
129,55,7,6,22,22,95,93,1,0.00625
129,56,0,7,30,23,74,76,0,0.0
129,57,1,7,14,26,92,90,3,0.01875
129,58,2,7,17,25,79,78,1,0.00625
129,59,3,7,20,16,74,74,0,0.0
129,60,4,7,19,26,88,88,1,0.00625
129,61,5,7,21,23,83,84,0,0.0
129,62,6,7,30,17,91,91,1,0.00625
129,63,7,7,20,19,70,70,1,0.00625
130,0,0,0,19,17,51,53,0,0.0
130,1,1,0,24,27,83,82,0,0.0
130,2,2,0,15,21,74,73,0,0.0
130,3,3,0,15,16,61,61,0,0.0
130,4,4,0,24,21,76,77,0,0.0
130,5,5,0,18,23,78,78,0,0.0
130,6,6,0,19,20,66,68,1,0.00625
130,7,7,0,12,15,47,48,0,0.0
130,8,0,1,24,17,79,79,2,0.0125
130,9,1,1,20,18,106,106,2,0.0125
130,10,2,1,20,20,105,104,1,0.00625
130,11,3,1,23,15,90,91,0,0.0
130,12,4,1,20,17,102,99,2,0.0125
130,13,5,1,20,25,110,108,1,0.00625
130,14,6,1,19,17,94,94,0,0.0
130,15,7,1,20,24,76,78,0,0.0
130,16,0,2,13,22,72,72,0,0.0
130,17,1,2,14,19,94,91,2,0.0125
130,18,2,2,15,21,95,96,2,0.0125
130,19,3,2,16,21,83,85,0,0.0
130,20,4,2,19,22,101,97,2,0.0125
130,21,5,2,21,19,97,96,0,0.0
130,22,6,2,20,19,99,101,1,0.00625
130,23,7,2,22,20,77,79,0,0.0
130,24,0,3,17,18,77,78,1,0.00625
130,25,1,3,19,13,94,95,2,0.0125
130,26,2,3,16,19,97,97,1,0.00625
130,27,3,3,22,14,90,88,2,0.0125
130,28,4,3,21,17,105,104,1,0.00625
130,29,5,3,23,17,106,107,0,0.0
130,30,6,3,21,21,107,106,1,0.00625
130,31,7,3,24,26,83,85,0,0.0
130,32,0,4,18,22,88,89,0,0.0
130,33,1,4,20,18,108,111,2,0.0125
130,34,2,4,17,19,104,104,1,0.00625
130,35,3,4,25,16,100,103,0,0.0
130,36,4,4,17,22,114,115,1,0.00625
130,37,5,4,21,23,107,106,1,0.00625
130,38,6,4,19,24,100,98,2,0.0125
130,39,7,4,20,18,71,72,2,0.0125
130,40,0,5,19,28,97,97,1,0.00625
130,41,1,5,22,17,109,109,2,0.0125
130,42,2,5,18,26,109,110,1,0.00625
130,43,3,5,11,16,91,88,2,0.0125
130,44,4,5,19,28,112,113,0,0.0
130,45,5,5,21,16,108,109,2,0.0125
130,46,6,5,19,21,104,107,0,0.0
130,47,7,5,24,17,77,78,0,0.0
130,48,0,6,33,32,104,106,1,0.00625
130,49,1,6,26,16,112,111,0,0.0
130,50,2,6,23,22,107,106,1,0.00625
130,51,3,6,18,19,97,101,0,0.0
130,52,4,6,21,15,95,97,0,0.0
130,53,5,6,18,19,101,102,0,0.0
130,54,6,6,21,23,97,101,1,0.00625
130,55,7,6,16,18,73,75,1,0.00625
130,56,0,7,21,20,61,61,0,0.0
130,57,1,7,15,28,88,87,3,0.01875
130,58,2,7,18,24,80,82,0,0.0
130,59,3,7,21,25,88,86,2,0.0125
130,60,4,7,24,21,89,90,0,0.0
130,61,5,7,20,24,91,91,1,0.00625
130,62,6,7,14,18,75,73,1,0.00625
130,63,7,7,24,24,61,62,0,0.0
131,0,0,0,17,25,58,58,0,0.0
131,1,1,0,21,18,78,79,0,0.0
131,2,2,0,25,17,85,83,2,0.0125
131,3,3,0,21,15,82,80,1,0.00625
131,4,4,0,17,21,76,73,1,0.00625
131,5,5,0,21,21,77,78,0,0.0
131,6,6,0,30,25,98,97,1,0.00625
131,7,7,0,20,22,71,71,0,0.0
131,8,0,1,17,18,75,76,0,0.0
131,9,1,1,20,18,94,95,0,0.0
131,10,2,1,22,25,96,97,0,0.0
131,11,3,1,17,23,95,95,1,0.00625
131,12,4,1,24,17,95,95,1,0.00625
131,13,5,1,19,14,91,93,0,0.0
131,14,6,1,24,23,111,109,3,0.01875
131,15,7,1,15,26,86,84,2,0.0125
131,16,0,2,17,15,78,77,2,0.0125
131,17,1,2,19,19,95,97,3,0.01875
131,18,2,2,21,21,98,100,0,0.0
131,19,3,2,18,19,97,94,3,0.01875
131,20,4,2,22,16,96,98,2,0.0125
131,21,5,2,20,21,111,110,2,0.0125
131,22,6,2,19,21,107,107,1,0.00625
131,23,7,2,17,22,79,78,1,0.00625
131,24,0,3,25,23,87,86,1,0.00625
131,25,1,3,26,16,102,103,1,0.00625
131,26,2,3,26,16,103,106,0,0.0
131,27,3,3,20,21,98,98,1,0.00625
131,28,4,3,14,15,83,84,0,0.0
131,29,5,3,22,25,98,94,3,0.01875
131,30,6,3,20,20,101,102,2,0.0125
131,31,7,3,13,16,72,70,2,0.0125
131,32,0,4,21,17,76,75,1,0.00625
131,33,1,4,18,23,96,96,2,0.0125
131,34,2,4,26,25,105,107,1,0.00625
131,35,3,4,15,27,96,95,0,0.0
131,36,4,4,19,21,91,91,1,0.00625
131,37,5,4,26,12,99,101,1,0.00625
131,38,6,4,17,19,119,118,1,0.00625
131,39,7,4,22,21,81,82,1,0.00625
131,40,0,5,12,17,70,71,1,0.00625
131,41,1,5,18,21,93,95,0,0.0
131,42,2,5,27,19,110,110,0,0.0
131,43,3,5,21,27,111,113,2,0.0125
131,44,4,5,18,15,95,92,1,0.00625
131,45,5,5,18,20,100,99,1,0.00625
131,46,6,5,16,25,113,111,2,0.0125
131,47,7,5,21,20,77,76,0,0.0
131,48,0,6,21,21,82,83,0,0.0
131,49,1,6,18,14,92,94,0,0.0
131,50,2,6,13,17,90,90,1,0.00625
131,51,3,6,24,26,100,97,2,0.0125
131,52,4,6,25,21,108,106,1,0.00625
131,53,5,6,22,16,106,107,0,0.0
131,54,6,6,12,19,104,103,2,0.0125
131,55,7,6,20,14,69,69,1,0.00625
131,56,0,7,20,22,61,60,1,0.00625
131,57,1,7,23,23,79,83,0,0.0
131,58,2,7,18,20,78,75,2,0.0125
131,59,3,7,22,15,70,71,1,0.00625
131,60,4,7,25,22,89,86,1,0.00625
131,61,5,7,31,23,97,96,1,0.00625
131,62,6,7,22,20,90,92,0,0.0
131,63,7,7,18,11,53,54,0,0.0
132,0,0,0,27,20,71,68,2,0.0125
132,1,1,0,18,20,84,83,1,0.00625
132,2,2,0,13,18,69,70,1,0.00625
132,3,3,0,19,19,71,69,2,0.0125
132,4,4,0,19,21,80,82,0,0.0
132,5,5,0,15,25,79,79,1,0.00625
132,6,6,0,19,23,75,77,0,0.0
132,7,7,0,17,20,57,56,1,0.00625
132,8,0,1,18,21,81,81,0,0.0
132,9,1,1,17,25,98,100,0,0.0
132,10,2,1,22,19,98,96,1,0.00625
132,11,3,1,22,13,97,93,1,0.00625
132,12,4,1,13,22,98,100,1,0.00625
132,13,5,1,15,20,94,94,0,0.0
132,14,6,1,19,16,90,92,0,0.0
132,15,7,1,23,22,83,85,0,0.0
132,16,0,2,15,17,69,71,0,0.0
132,17,1,2,22,20,93,93,1,0.00625
132,18,2,2,16,20,91,89,1,0.00625
132,19,3,2,13,22,83,86,0,0.0
132,20,4,2,19,21,89,90,1,0.00625
132,21,5,2,19,19,93,93,2,0.0125
132,22,6,2,25,15,93,92,2,0.0125
132,23,7,2,18,20,84,84,1,0.00625
132,24,0,3,20,15,70,71,1,0.00625
132,25,1,3,14,17,87,88,0,0.0
132,26,2,3,19,24,93,89,2,0.0125
132,27,3,3,20,16,85,87,0,0.0
132,28,4,3,17,17,89,88,1,0.00625
132,29,5,3,20,18,97,100,0,0.0
132,30,6,3,14,17,92,92,1,0.00625
132,31,7,3,18,25,81,83,0,0.0
132,32,0,4,23,12,77,79,0,0.0
132,33,1,4,23,23,113,112,2,0.0125
132,34,2,4,20,19,103,102,1,0.00625
132,35,3,4,17,17,96,94,3,0.01875
132,36,4,4,27,18,103,102,2,0.0125
132,37,5,4,23,20,116,116,0,0.0
132,38,6,4,20,25,102,102,2,0.0125
132,39,7,4,20,17,79,78,2,0.0125
132,40,0,5,19,19,81,79,1,0.00625
132,41,1,5,16,24,96,95,1,0.00625
132,42,2,5,21,20,95,96,1,0.00625
132,43,3,5,26,18,101,104,0,0.0
132,44,4,5,21,15,99,98,2,0.0125
132,45,5,5,16,29,111,113,2,0.0125
132,46,6,5,25,21,96,95,1,0.00625
132,47,7,5,20,17,84,84,1,0.00625
132,48,0,6,27,18,88,87,0,0.0
132,49,1,6,17,17,103,101,1,0.00625
132,50,2,6,16,18,91,92,0,0.0
132,51,3,6,21,24,98,100,0,0.0
132,52,4,6,24,25,111,109,3,0.01875
132,53,5,6,23,23,117,114,2,0.0125
132,54,6,6,16,14,88,88,1,0.00625
132,55,7,6,20,26,84,83,0,0.0
132,56,0,7,21,16,64,62,1,0.00625
132,57,1,7,20,26,94,93,0,0.0
132,58,2,7,15,16,77,78,1,0.00625
132,59,3,7,15,13,71,70,1,0.00625
132,60,4,7,27,23,89,92,0,0.0
132,61,5,7,16,21,90,88,2,0.0125
132,62,6,7,20,21,81,80,1,0.00625
132,63,7,7,25,17,62,60,1,0.00625
133,0,0,0,25,21,64,66,0,0.0
133,1,1,0,21,19,88,86,2,0.0125
133,2,2,0,24,28,94,95,1,0.00625
133,3,3,0,21,13,78,81,0,0.0
133,4,4,0,20,18,79,80,0,0.0
133,5,5,0,22,26,93,92,1,0.00625
133,6,6,0,19,21,87,87,0,0.0
133,7,7,0,23,21,62,63,0,0.0
133,8,0,1,18,19,84,84,0,0.0
133,9,1,1,22,26,118,115,2,0.0125
133,10,2,1,14,20,114,116,1,0.00625
133,11,3,1,27,26,109,112,0,0.0
133,12,4,1,23,18,113,113,2,0.0125
133,13,5,1,20,20,119,119,1,0.00625
133,14,6,1,25,23,116,117,0,0.0
133,15,7,1,24,19,89,89,0,0.0
133,16,0,2,28,33,95,95,0,0.0
133,17,1,2,22,17,103,105,1,0.00625
133,18,2,2,19,19,103,104,0,0.0
133,19,3,2,13,16,78,77,1,0.00625
133,20,4,2,21,29,95,94,1,0.00625
133,21,5,2,14,21,95,96,1,0.00625
133,22,6,2,23,20,98,96,2,0.0125
133,23,7,2,15,26,82,82,2,0.0125
133,24,0,3,18,17,77,79,0,0.0
133,25,1,3,18,28,106,106,1,0.00625
133,26,2,3,16,21,102,105,0,0.0
133,27,3,3,19,16,91,89,1,0.00625
133,28,4,3,19,12,90,89,0,0.0
133,29,5,3,26,17,106,103,3,0.01875
133,30,6,3,19,18,102,102,1,0.00625
133,31,7,3,23,22,81,79,2,0.0125
133,32,0,4,19,24,86,85,1,0.00625
133,33,1,4,18,18,98,99,1,0.00625
133,34,2,4,27,16,114,114,1,0.00625
133,35,3,4,21,18,107,109,1,0.00625
133,36,4,4,22,21,107,108,1,0.00625
133,37,5,4,23,18,111,110,1,0.00625
133,38,6,4,21,23,110,111,1,0.00625
133,39,7,4,22,20,77,79,0,0.0
133,40,0,5,9,27,70,72,1,0.00625
133,41,1,5,21,17,86,86,1,0.00625
133,42,2,5,22,21,102,102,0,0.0
133,43,3,5,22,26,101,100,0,0.0
133,44,4,5,19,22,97,101,0,0.0
133,45,5,5,23,22,103,104,1,0.00625
133,46,6,5,21,24,111,110,0,0.0
133,47,7,5,17,19,76,73,2,0.0125
133,48,0,6,23,17,82,80,2,0.0125
133,49,1,6,16,11,97,96,3,0.01875
133,50,2,6,25,19,111,111,1,0.00625
133,51,3,6,17,18,99,98,1,0.00625
133,52,4,6,14,21,91,94,0,0.0
133,53,5,6,18,21,93,95,1,0.00625
133,54,6,6,12,24,100,101,1,0.00625
133,55,7,6,22,20,71,72,1,0.00625
133,56,0,7,20,24,62,63,0,0.0
133,57,1,7,26,25,90,89,1,0.00625
133,58,2,7,13,18,73,74,0,0.0
133,59,3,7,22,25,78,78,0,0.0
133,60,4,7,21,18,75,73,0,0.0
133,61,5,7,24,15,76,77,2,0.0125
133,62,6,7,18,23,84,84,0,0.0
133,63,7,7,16,13,47,49,0,0.0
134,0,0,0,25,16,62,62,1,0.00625
134,1,1,0,22,30,97,98,0,0.0
134,2,2,0,25,27,91,91,1,0.00625
134,3,3,0,19,16,79,80,0,0.0
134,4,4,0,25,19,85,81,3,0.01875
134,5,5,0,21,14,77,77,1,0.00625
134,6,6,0,20,21,82,79,2,0.0125
134,7,7,0,23,18,59,59,0,0.0
134,8,0,1,20,21,67,66,1,0.00625
134,9,1,1,24,26,106,105,3,0.01875
134,10,2,1,20,20,103,101,1,0.00625
134,11,3,1,21,24,90,90,1,0.00625
134,12,4,1,13,20,86,86,1,0.00625
134,13,5,1,18,23,82,82,2,0.0125
134,14,6,1,17,19,89,88,1,0.00625
134,15,7,1,17,18,70,68,1,0.00625
134,16,0,2,19,8,70,68,2,0.0125
134,17,1,2,19,19,106,105,1,0.00625
134,18,2,2,24,26,118,118,0,0.0
134,19,3,2,19,19,103,101,1,0.00625
134,20,4,2,19,20,104,104,1,0.00625
134,21,5,2,25,14,102,101,1,0.00625
134,22,6,2,14,16,104,106,0,0.0
134,23,7,2,26,16,74,75,0,0.0
134,24,0,3,18,22,83,81,2,0.0125
134,25,1,3,11,17,99,96,1,0.00625
134,26,2,3,19,19,99,98,1,0.00625
134,27,3,3,15,28,96,99,0,0.0
134,28,4,3,18,19,98,98,1,0.00625
134,29,5,3,21,23,101,105,0,0.0
134,30,6,3,14,24,104,105,1,0.00625
134,31,7,3,20,17,66,65,2,0.0125
134,32,0,4,19,21,83,80,1,0.00625
134,33,1,4,14,18,98,100,0,0.0
134,34,2,4,22,10,91,91,1,0.00625
134,35,3,4,27,18,98,96,1,0.00625
134,36,4,4,23,16,103,105,0,0.0
134,37,5,4,20,19,100,100,1,0.00625
134,38,6,4,20,24,111,112,1,0.00625
134,39,7,4,24,10,75,73,0,0.0
134,40,0,5,18,18,82,78,4,0.025
134,41,1,5,19,19,106,105,2,0.0125
134,42,2,5,24,14,110,111,0,0.0
134,43,3,5,20,21,102,102,1,0.00625
134,44,4,5,19,26,109,108,1,0.00625
134,45,5,5,22,22,101,102,0,0.0
134,46,6,5,26,23,114,115,2,0.0125
134,47,7,5,23,24,89,91,1,0.00625
134,48,0,6,15,23,79,80,3,0.01875
134,49,1,6,19,15,94,96,0,0.0
134,50,2,6,14,19,97,96,1,0.00625
134,51,3,6,19,23,87,88,0,0.0
134,52,4,6,18,21,101,98,1,0.00625
134,53,5,6,21,19,96,95,1,0.00625
134,54,6,6,21,23,106,105,1,0.00625
134,55,7,6,21,25,84,84,1,0.00625
134,56,0,7,26,21,65,66,0,0.0
134,57,1,7,27,15,88,89,0,0.0
134,58,2,7,14,16,78,78,0,0.0
134,59,3,7,17,14,64,65,1,0.00625
134,60,4,7,13,17,70,72,0,0.0
134,61,5,7,19,20,70,72,1,0.00625
134,62,6,7,19,18,75,75,1,0.00625
134,63,7,7,18,20,57,55,1,0.00625
135,0,0,0,27,21,65,63,0,0.0
135,1,1,0,23,18,84,84,1,0.00625
135,2,2,0,26,25,94,94,0,0.0
135,3,3,0,29,15,87,86,0,0.0
135,4,4,0,17,13,74,77,1,0.00625
135,5,5,0,18,17,70,72,0,0.0
135,6,6,0,19,14,69,68,3,0.01875
135,7,7,0,15,16,51,50,0,0.0
135,8,0,1,27,17,92,92,1,0.00625
135,9,1,1,16,24,111,114,0,0.0
135,10,2,1,20,25,106,107,2,0.0125
135,11,3,1,15,27,100,100,2,0.0125
135,12,4,1,25,28,105,106,1,0.00625
135,13,5,1,19,20,102,101,2,0.0125
135,14,6,1,15,20,91,92,0,0.0
135,15,7,1,20,19,71,73,1,0.00625
135,16,0,2,17,28,90,90,1,0.00625
135,17,1,2,22,25,113,113,1,0.00625
135,18,2,2,14,14,102,102,1,0.00625
135,19,3,2,24,20,96,98,0,0.0
135,20,4,2,14,17,92,93,1,0.00625
135,21,5,2,19,23,94,93,2,0.0125
135,22,6,2,27,19,101,100,1,0.00625
135,23,7,2,24,17,85,85,0,0.0
135,24,0,3,24,26,85,84,1,0.00625
135,25,1,3,20,21,96,98,1,0.00625
135,26,2,3,16,23,97,99,0,0.0
135,27,3,3,22,11,82,79,1,0.00625
135,28,4,3,14,22,84,86,0,0.0
135,29,5,3,21,14,80,78,2,0.0125
135,30,6,3,16,19,82,83,0,0.0
135,31,7,3,13,25,70,70,3,0.01875
135,32,0,4,22,18,80,83,0,0.0
135,33,1,4,22,23,111,107,2,0.0125
135,34,2,4,14,21,106,105,1,0.00625
135,35,3,4,17,16,91,92,2,0.0125
135,36,4,4,21,20,97,96,1,0.00625
135,37,5,4,23,14,96,96,2,0.0125
135,38,6,4,27,21,108,108,0,0.0
135,39,7,4,21,16,82,82,0,0.0
135,40,0,5,21,23,78,81,2,0.0125
135,41,1,5,22,24,96,96,2,0.0125
135,42,2,5,24,22,107,106,0,0.0
135,43,3,5,16,17,89,89,1,0.00625
135,44,4,5,20,19,82,83,0,0.0
135,45,5,5,21,21,90,88,1,0.00625
135,46,6,5,19,22,87,89,1,0.00625
135,47,7,5,11,27,78,79,0,0.0
135,48,0,6,25,17,84,84,3,0.01875
135,49,1,6,21,21,108,105,2,0.0125
135,50,2,6,14,23,105,105,1,0.00625
135,51,3,6,20,28,106,105,0,0.0
135,52,4,6,27,18,103,106,1,0.00625
135,53,5,6,22,18,111,109,2,0.0125
135,54,6,6,23,17,103,102,1,0.00625
135,55,7,6,26,24,92,89,3,0.01875
135,56,0,7,19,22,63,62,1,0.00625
135,57,1,7,24,24,88,87,2,0.0125
135,58,2,7,16,21,83,83,0,0.0
135,59,3,7,17,17,73,74,0,0.0
135,60,4,7,19,21,80,79,0,0.0
135,61,5,7,17,28,89,88,1,0.00625
135,62,6,7,21,20,87,83,4,0.025
135,63,7,7,28,20,69,68,1,0.00625
136,0,0,0,19,23,65,67,0,0.0
136,1,1,0,22,16,80,82,0,0.0
136,2,2,0,16,20,83,81,1,0.00625
136,3,3,0,11,16,72,70,3,0.01875
136,4,4,0,23,23,84,83,1,0.00625
136,5,5,0,18,20,85,83,1,0.00625
136,6,6,0,22,26,86,90,0,0.0
136,7,7,0,24,26,74,73,1,0.00625
136,8,0,1,21,23,87,86,2,0.0125
136,9,1,1,15,21,91,92,0,0.0
136,10,2,1,29,20,105,105,1,0.00625
136,11,3,1,15,18,99,100,1,0.00625
136,12,4,1,22,14,98,94,1,0.00625
136,13,5,1,13,21,96,97,0,0.0
136,14,6,1,24,17,103,100,2,0.0125
136,15,7,1,24,22,95,94,1,0.00625
136,16,0,2,19,15,82,81,1,0.00625
136,17,1,2,19,24,98,97,2,0.0125
136,18,2,2,16,18,96,94,0,0.0
136,19,3,2,21,27,112,110,2,0.0125
136,20,4,2,14,14,100,99,1,0.00625
136,21,5,2,19,23,105,106,0,0.0
136,22,6,2,21,15,108,109,2,0.0125
136,23,7,2,27,22,96,96,0,0.0
136,24,0,3,24,24,87,90,0,0.0
136,25,1,3,20,14,94,95,1,0.00625
136,26,2,3,20,16,96,93,2,0.0125
136,27,3,3,23,19,103,105,0,0.0
136,28,4,3,16,19,105,104,2,0.0125
136,29,5,3,21,13,92,92,1,0.00625
136,30,6,3,19,20,109,109,0,0.0
136,31,7,3,23,22,92,95,0,0.0
136,32,0,4,27,16,84,83,1,0.00625
136,33,1,4,23,25,110,110,3,0.01875
136,34,2,4,26,17,104,101,2,0.0125
136,35,3,4,26,20,106,106,2,0.0125
136,36,4,4,21,23,113,108,4,0.025
136,37,5,4,21,14,92,92,1,0.00625
136,38,6,4,28,20,109,108,2,0.0125
136,39,7,4,15,21,91,91,2,0.0125
136,40,0,5,23,18,69,70,0,0.0
136,41,1,5,23,26,103,104,0,0.0
136,42,2,5,18,22,91,89,3,0.01875
136,43,3,5,20,22,93,90,3,0.01875
136,44,4,5,16,25,98,97,1,0.00625
136,45,5,5,17,21,87,86,2,0.0125
136,46,6,5,17,20,89,89,1,0.00625
136,47,7,5,11,27,80,80,0,0.0
136,48,0,6,16,9,67,67,2,0.0125
136,49,1,6,13,24,94,96,1,0.00625
136,50,2,6,13,21,91,92,0,0.0
136,51,3,6,22,13,87,87,1,0.00625
136,52,4,6,16,18,98,97,2,0.0125
136,53,5,6,26,16,100,101,2,0.0125
136,54,6,6,23,18,107,109,0,0.0
136,55,7,6,18,15,80,83,1,0.00625
136,56,0,7,22,22,62,62,1,0.00625
136,57,1,7,20,18,78,78,2,0.0125
136,58,2,7,23,16,78,79,0,0.0
136,59,3,7,25,13,79,77,0,0.0
136,60,4,7,23,21,86,85,1,0.00625
136,61,5,7,25,17,81,82,0,0.0
136,62,6,7,20,27,84,90,0,0.0
136,63,7,7,14,24,60,61,1,0.00625
137,0,0,0,12,15,46,47,0,0.0
137,1,1,0,19,23,76,74,1,0.00625
137,2,2,0,14,24,77,79,1,0.00625
137,3,3,0,11,19,63,65,1,0.00625
137,4,4,0,20,22,71,72,0,0.0
137,5,5,0,30,18,88,88,0,0.0
137,6,6,0,17,22,90,89,1,0.00625
137,7,7,0,21,26,61,62,0,0.0
137,8,0,1,20,21,75,76,0,0.0
137,9,1,1,21,14,102,101,0,0.0
137,10,2,1,18,22,111,113,0,0.0
137,11,3,1,20,13,94,92,1,0.00625
137,12,4,1,20,10,88,93,0,0.0
137,13,5,1,27,22,107,108,1,0.00625
137,14,6,1,27,28,125,124,2,0.0125
137,15,7,1,19,17,87,89,0,0.0
137,16,0,2,25,26,88,90,0,0.0
137,17,1,2,18,19,112,114,1,0.00625
137,18,2,2,18,22,110,112,1,0.00625
137,19,3,2,21,21,100,101,1,0.00625
137,20,4,2,21,21,109,108,2,0.0125
137,21,5,2,19,19,101,102,0,0.0
137,22,6,2,28,25,118,116,2,0.0125
137,23,7,2,23,25,104,102,3,0.01875
137,24,0,3,16,27,79,78,0,0.0
137,25,1,3,18,26,104,100,2,0.0125
137,26,2,3,13,22,102,102,1,0.00625
137,27,3,3,12,16,78,78,1,0.00625
137,28,4,3,14,24,87,87,1,0.00625
137,29,5,3,23,22,96,97,1,0.00625
137,30,6,3,24,19,108,107,1,0.00625
137,31,7,3,19,26,93,91,0,0.0
137,32,0,4,15,22,66,65,0,0.0
137,33,1,4,15,14,80,81,1,0.00625
137,34,2,4,14,20,90,96,0,0.0
137,35,3,4,15,15,83,82,1,0.00625
137,36,4,4,21,12,83,87,2,0.0125
137,37,5,4,24,16,98,99,1,0.00625
137,38,6,4,21,26,113,114,2,0.0125
137,39,7,4,19,21,86,86,0,0.0
137,40,0,5,22,19,74,74,1,0.00625
137,41,1,5,21,13,96,97,0,0.0
137,42,2,5,21,16,105,106,1,0.00625
137,43,3,5,24,20,97,99,2,0.0125
137,44,4,5,18,16,96,95,2,0.0125
137,45,5,5,17,24,99,99,2,0.0125
137,46,6,5,18,25,106,107,0,0.0
137,47,7,5,23,23,86,86,1,0.00625
137,48,0,6,24,20,80,81,1,0.00625
137,49,1,6,17,20,105,105,1,0.00625
137,50,2,6,16,21,103,102,0,0.0
137,51,3,6,20,21,100,100,1,0.00625
137,52,4,6,22,24,111,108,4,0.025
137,53,5,6,18,17,97,98,1,0.00625
137,54,6,6,21,19,110,109,2,0.0125
137,55,7,6,26,17,86,87,0,0.0
137,56,0,7,17,24,55,55,0,0.0
137,57,1,7,25,22,77,79,0,0.0
137,58,2,7,16,15,67,66,1,0.00625
137,59,3,7,19,15,62,61,2,0.0125
137,60,4,7,18,22,71,69,3,0.01875
137,61,5,7,22,18,73,70,4,0.025
137,62,6,7,23,21,79,78,1,0.00625
137,63,7,7,16,21,56,57,1,0.00625
138,0,0,0,23,14,59,58,1,0.00625
138,1,1,0,17,20,76,78,0,0.0
138,2,2,0,11,23,70,69,2,0.0125
138,3,3,0,21,21,71,68,1,0.00625
138,4,4,0,20,20,81,81,0,0.0
138,5,5,0,20,27,87,87,1,0.00625
138,6,6,0,22,19,82,80,2,0.0125
138,7,7,0,21,14,57,58,0,0.0
138,8,0,1,16,22,76,76,1,0.00625
138,9,1,1,16,20,94,94,1,0.00625
138,10,2,1,22,16,95,95,0,0.0
138,11,3,1,18,10,91,94,0,0.0
138,12,4,1,15,19,97,94,2,0.0125
138,13,5,1,20,20,105,105,1,0.00625
138,14,6,1,19,21,100,102,0,0.0
138,15,7,1,21,22,79,79,0,0.0
138,16,0,2,16,22,68,68,1,0.00625
138,17,1,2,19,19,87,85,0,0.0
138,18,2,2,22,14,90,91,0,0.0
138,19,3,2,14,21,93,94,0,0.0
138,20,4,2,14,18,83,84,1,0.00625
138,21,5,2,22,15,96,96,1,0.00625
138,22,6,2,30,23,107,109,1,0.00625
138,23,7,2,16,20,80,81,0,0.0
138,24,0,3,22,15,72,72,0,0.0
138,25,1,3,20,19,98,98,2,0.0125
138,26,2,3,20,15,95,94,2,0.0125
138,27,3,3,14,21,97,98,0,0.0
138,28,4,3,17,14,87,87,1,0.00625
138,29,5,3,21,15,99,99,0,0.0
138,30,6,3,21,20,98,97,2,0.0125
138,31,7,3,20,31,88,88,1,0.00625
138,32,0,4,25,21,82,84,1,0.00625
138,33,1,4,21,21,109,110,1,0.00625
138,34,2,4,17,18,96,95,0,0.0
138,35,3,4,12,20,86,88,1,0.00625
138,36,4,4,21,14,88,90,0,0.0
138,37,5,4,15,14,101,100,2,0.0125
138,38,6,4,18,17,89,91,0,0.0
138,39,7,4,21,21,76,75,1,0.00625
138,40,0,5,24,19,81,79,2,0.0125
138,41,1,5,15,27,109,104,3,0.01875
138,42,2,5,20,19,100,100,1,0.00625
138,43,3,5,19,16,102,102,1,0.00625
138,44,4,5,19,12,96,96,1,0.00625
138,45,5,5,19,17,108,108,0,0.0
138,46,6,5,21,15,96,96,0,0.0
138,47,7,5,24,17,79,79,0,0.0
138,48,0,6,22,20,82,83,0,0.0
138,49,1,6,18,24,104,106,0,0.0
138,50,2,6,16,16,95,93,1,0.00625
138,51,3,6,19,24,99,100,1,0.00625
138,52,4,6,24,19,107,109,1,0.00625
138,53,5,6,18,20,114,115,0,0.0
138,54,6,6,20,19,95,95,0,0.0
138,55,7,6,19,24,81,81,0,0.0
138,56,0,7,18,22,58,58,1,0.00625
138,57,1,7,21,24,83,82,1,0.00625
138,58,2,7,25,20,87,86,1,0.00625
138,59,3,7,19,16,75,78,0,0.0
138,60,4,7,26,17,81,85,0,0.0
138,61,5,7,16,28,88,90,1,0.00625
138,62,6,7,17,17,68,68,1,0.00625
138,63,7,7,18,23,59,59,1,0.00625
139,0,0,0,10,24,54,53,1,0.00625
139,1,1,0,14,18,64,62,1,0.00625
139,2,2,0,18,20,72,71,1,0.00625
139,3,3,0,19,30,86,89,1,0.00625
139,4,4,0,22,23,83,81,3,0.01875
139,5,5,0,18,22,80,81,0,0.0
139,6,6,0,20,20,79,80,2,0.0125
139,7,7,0,18,17,56,56,0,0.0
139,8,0,1,30,17,92,91,1,0.00625
139,9,1,1,23,11,101,100,2,0.0125
139,10,2,1,27,12,107,104,2,0.0125
139,11,3,1,23,16,116,114,0,0.0
139,12,4,1,20,19,102,103,2,0.0125
139,13,5,1,12,20,92,92,1,0.00625
139,14,6,1,20,20,92,92,1,0.00625
139,15,7,1,20,22,77,76,0,0.0
139,16,0,2,22,20,81,80,2,0.0125
139,17,1,2,21,26,100,98,1,0.00625
139,18,2,2,23,20,98,96,0,0.0
139,19,3,2,24,26,114,113,1,0.00625
139,20,4,2,20,21,95,95,1,0.00625
139,21,5,2,28,21,100,99,2,0.0125
139,22,6,2,23,11,94,95,1,0.00625
139,23,7,2,12,21,69,70,1,0.00625
139,24,0,3,19,13,75,75,1,0.00625
139,25,1,3,20,19,99,103,1,0.00625
139,26,2,3,26,19,107,109,1,0.00625
139,27,3,3,14,26,116,112,0,0.0
139,28,4,3,22,22,96,96,1,0.00625
139,29,5,3,21,17,103,104,1,0.00625
139,30,6,3,22,26,114,114,1,0.00625
139,31,7,3,22,25,84,85,0,0.0
139,32,0,4,21,20,87,87,0,0.0
139,33,1,4,17,21,97,98,0,0.0
139,34,2,4,15,23,98,98,0,0.0
139,35,3,4,17,25,110,110,1,0.00625
139,36,4,4,22,13,94,90,2,0.0125
139,37,5,4,19,22,101,102,0,0.0
139,38,6,4,24,23,110,108,1,0.00625
139,39,7,4,24,25,84,85,1,0.00625
139,40,0,5,22,22,92,93,0,0.0
139,41,1,5,19,21,101,105,1,0.00625
139,42,2,5,18,19,101,99,2,0.0125
139,43,3,5,21,14,108,107,1,0.00625
139,44,4,5,21,16,102,102,1,0.00625
139,45,5,5,17,19,102,103,1,0.00625
139,46,6,5,18,18,99,98,1,0.00625
139,47,7,5,25,23,79,77,2,0.0125
139,48,0,6,20,25,84,83,0,0.0
139,49,1,6,20,24,98,98,0,0.0
139,50,2,6,16,19,87,89,1,0.00625
139,51,3,6,22,19,100,100,1,0.00625
139,52,4,6,24,22,97,96,2,0.0125
139,53,5,6,10,22,85,83,3,0.01875
139,54,6,6,16,19,81,82,0,0.0
139,55,7,6,14,14,61,58,0,0.0
139,56,0,7,20,16,57,58,1,0.00625
139,57,1,7,21,20,81,80,2,0.0125
139,58,2,7,25,19,85,85,0,0.0
139,59,3,7,19,18,89,86,2,0.0125
139,60,4,7,15,21,78,77,1,0.00625
139,61,5,7,23,20,80,82,0,0.0
139,62,6,7,17,11,74,74,1,0.00625
139,63,7,7,21,16,54,54,1,0.00625
140,0,0,0,22,15,53,54,1,0.00625
140,1,1,0,16,25,80,77,3,0.01875
140,2,2,0,16,19,67,70,0,0.0
140,3,3,0,24,23,80,80,1,0.00625
140,4,4,0,13,17,71,73,0,0.0
140,5,5,0,17,14,64,65,0,0.0
140,6,6,0,17,23,74,74,1,0.00625
140,7,7,0,17,23,61,58,2,0.0125
140,8,0,1,24,19,77,78,2,0.0125
140,9,1,1,20,20,111,110,2,0.0125
140,10,2,1,26,17,98,98,3,0.01875
140,11,3,1,20,20,104,105,1,0.00625
140,12,4,1,24,24,106,106,1,0.00625
140,13,5,1,24,17,102,103,0,0.0
140,14,6,1,15,18,100,100,0,0.0
140,15,7,1,21,14,78,77,2,0.0125
140,16,0,2,27,18,75,74,0,0.0
140,17,1,2,21,26,118,122,1,0.00625
140,18,2,2,21,21,97,96,3,0.01875
140,19,3,2,31,26,115,115,1,0.00625
140,20,4,2,14,20,100,99,1,0.00625
140,21,5,2,18,24,89,89,2,0.0125
140,22,6,2,28,23,117,113,2,0.0125
140,23,7,2,19,17,91,90,1,0.00625
140,24,0,3,21,16,74,73,2,0.0125
140,25,1,3,23,28,118,117,1,0.00625
140,26,2,3,20,24,102,101,1,0.00625
140,27,3,3,17,16,92,94,1,0.00625
140,28,4,3,22,32,113,112,3,0.01875
140,29,5,3,26,14,98,97,0,0.0
140,30,6,3,18,20,110,109,2,0.0125
140,31,7,3,19,27,92,91,1,0.00625
140,32,0,4,19,18,76,73,2,0.0125
140,33,1,4,24,21,116,114,3,0.01875
140,34,2,4,18,22,104,105,0,0.0
140,35,3,4,19,18,97,94,1,0.00625
140,36,4,4,18,19,95,96,3,0.01875
140,37,5,4,26,23,105,103,2,0.0125
140,38,6,4,22,23,118,117,2,0.0125
140,39,7,4,19,18,89,90,0,0.0
140,40,0,5,23,20,84,83,2,0.0125
140,41,1,5,31,21,127,127,1,0.00625
140,42,2,5,19,23,109,113,0,0.0
140,43,3,5,19,20,99,99,1,0.00625
140,44,4,5,19,18,96,96,0,0.0
140,45,5,5,25,20,101,100,2,0.0125
140,46,6,5,24,27,125,125,1,0.00625
140,47,7,5,21,24,97,99,0,0.0
140,48,0,6,17,23,73,75,0,0.0
140,49,1,6,19,22,108,103,3,0.01875
140,50,2,6,19,28,105,105,0,0.0
140,51,3,6,16,19,93,93,1,0.00625
140,52,4,6,17,16,95,92,3,0.01875
140,53,5,6,19,19,93,94,1,0.00625
140,54,6,6,18,23,109,108,1,0.00625
140,55,7,6,23,24,91,93,0,0.0
140,56,0,7,29,19,64,65,0,0.0
140,57,1,7,16,17,80,81,0,0.0
140,58,2,7,19,18,72,71,1,0.00625
140,59,3,7,25,14,74,76,1,0.00625
140,60,4,7,17,18,74,74,1,0.00625
140,61,5,7,26,19,79,78,0,0.0
140,62,6,7,28,18,87,87,1,0.00625
140,63,7,7,16,17,59,60,0,0.0
141,0,0,0,20,26,65,65,1,0.00625
141,1,1,0,24,26,89,93,1,0.00625
141,2,2,0,22,17,79,77,1,0.00625
141,3,3,0,19,15,70,71,0,0.0
141,4,4,0,23,33,92,92,0,0.0
141,5,5,0,12,13,62,61,0,0.0
141,6,6,0,22,22,70,70,0,0.0
141,7,7,0,16,23,57,58,2,0.0125
141,8,0,1,22,16,90,89,1,0.00625
141,9,1,1,22,23,114,116,1,0.00625
141,10,2,1,17,22,103,103,1,0.00625
141,11,3,1,26,18,105,103,3,0.01875
141,12,4,1,19,20,117,117,0,0.0
141,13,5,1,16,20,86,85,0,0.0
141,14,6,1,23,11,92,92,1,0.00625
141,15,7,1,20,22,84,84,0,0.0
141,16,0,2,20,23,97,99,0,0.0
141,17,1,2,22,23,113,112,0,0.0
141,18,2,2,20,23,107,107,1,0.00625
141,19,3,2,16,19,96,97,1,0.00625
141,20,4,2,18,26,116,117,0,0.0
141,21,5,2,15,19,84,85,0,0.0
141,22,6,2,23,17,94,97,1,0.00625
141,23,7,2,19,20,84,86,0,0.0
141,24,0,3,17,23,85,86,1,0.00625
141,25,1,3,25,21,106,105,1,0.00625
141,26,2,3,25,22,110,111,1,0.00625
141,27,3,3,17,25,104,103,3,0.01875
141,28,4,3,19,20,107,107,2,0.0125
141,29,5,3,18,21,87,87,2,0.0125
141,30,6,3,18,17,92,94,2,0.0125
141,31,7,3,24,24,86,87,1,0.00625
141,32,0,4,25,18,93,93,3,0.01875
141,33,1,4,19,19,102,104,1,0.00625
141,34,2,4,22,24,105,102,1,0.00625
141,35,3,4,18,27,108,107,3,0.01875
141,36,4,4,22,17,113,114,0,0.0
141,37,5,4,20,18,93,93,2,0.0125
141,38,6,4,22,20,101,103,1,0.00625
141,39,7,4,23,19,84,83,1,0.00625
141,40,0,5,26,24,98,101,0,0.0
141,41,1,5,22,20,114,114,0,0.0
141,42,2,5,28,18,109,107,1,0.00625
141,43,3,5,20,21,103,105,1,0.00625
141,44,4,5,17,20,104,105,1,0.00625
141,45,5,5,26,22,92,92,2,0.0125
141,46,6,5,18,19,100,100,1,0.00625
141,47,7,5,20,19,83,82,2,0.0125
141,48,0,6,24,23,98,97,1,0.00625
141,49,1,6,18,28,111,114,2,0.0125
141,50,2,6,17,26,100,100,0,0.0
141,51,3,6,11,26,97,96,1,0.00625
141,52,4,6,14,20,95,99,0,0.0
141,53,5,6,19,15,81,82,0,0.0
141,54,6,6,33,27,118,115,3,0.01875
141,55,7,6,25,22,97,93,2,0.0125
141,56,0,7,19,20,66,64,1,0.00625
141,57,1,7,18,24,86,86,0,0.0
141,58,2,7,19,18,80,83,0,0.0
141,59,3,7,26,19,88,89,0,0.0
141,60,4,7,11,12,80,78,2,0.0125
141,61,5,7,15,15,68,67,1,0.00625
141,62,6,7,21,21,85,85,1,0.00625
141,63,7,7,27,28,78,76,1,0.00625
142,0,0,0,24,28,67,67,1,0.00625
142,1,1,0,16,23,78,77,2,0.0125
142,2,2,0,19,17,70,70,1,0.00625
142,3,3,0,22,20,84,82,1,0.00625
142,4,4,0,20,22,84,83,2,0.0125
142,5,5,0,17,20,76,75,1,0.00625
142,6,6,0,19,18,73,72,3,0.01875
142,7,7,0,20,17,57,59,0,0.0
142,8,0,1,16,18,82,84,1,0.00625
142,9,1,1,18,19,99,96,2,0.0125
142,10,2,1,25,18,94,96,0,0.0
142,11,3,1,17,20,100,100,1,0.00625
142,12,4,1,20,22,105,104,1,0.00625
142,13,5,1,23,18,104,102,2,0.0125
142,14,6,1,16,14,88,88,1,0.00625
142,15,7,1,20,20,73,75,0,0.0
142,16,0,2,19,20,79,78,2,0.0125
142,17,1,2,18,16,90,88,2,0.0125
142,18,2,2,19,19,87,87,2,0.0125
142,19,3,2,19,23,96,94,3,0.01875
142,20,4,2,15,18,89,88,2,0.0125
142,21,5,2,19,21,89,90,0,0.0
142,22,6,2,19,21,87,86,2,0.0125
142,23,7,2,14,15,65,63,1,0.00625
142,24,0,3,28,12,93,92,1,0.00625
142,25,1,3,22,16,115,115,2,0.0125
142,26,2,3,15,21,100,102,0,0.0
142,27,3,3,18,18,98,99,1,0.00625
142,28,4,3,14,16,96,96,0,0.0
142,29,5,3,17,15,91,93,0,0.0
142,30,6,3,22,17,97,96,0,0.0
142,31,7,3,21,18,77,75,2,0.0125
142,32,0,4,11,27,91,93,2,0.0125
142,33,1,4,21,26,112,111,0,0.0
142,34,2,4,22,24,111,111,0,0.0
142,35,3,4,21,14,102,104,1,0.00625
142,36,4,4,22,19,105,104,1,0.00625
142,37,5,4,23,16,108,107,3,0.01875
142,38,6,4,19,15,101,100,1,0.00625
142,39,7,4,25,21,82,84,0,0.0
142,40,0,5,19,24,90,86,2,0.0125
142,41,1,5,20,15,96,96,2,0.0125
142,42,2,5,17,22,96,96,1,0.00625
142,43,3,5,28,22,110,110,0,0.0
142,44,4,5,20,17,112,112,0,0.0
142,45,5,5,16,26,105,103,4,0.025
142,46,6,5,23,20,99,99,0,0.0
142,47,7,5,20,23,77,79,0,0.0
142,48,0,6,14,15,85,86,0,0.0
142,49,1,6,22,18,109,106,3,0.01875
142,50,2,6,20,21,108,108,0,0.0
142,51,3,6,21,16,107,104,3,0.01875
142,52,4,6,21,30,119,122,0,0.0
142,53,5,6,23,19,116,117,0,0.0
142,54,6,6,19,15,106,108,1,0.00625
142,55,7,6,26,21,83,87,0,0.0
142,56,0,7,25,33,84,86,0,0.0
142,57,1,7,23,14,88,87,1,0.00625
142,58,2,7,25,20,92,88,3,0.01875
142,59,3,7,23,20,95,92,1,0.00625
142,60,4,7,23,15,86,87,0,0.0
142,61,5,7,22,19,93,92,2,0.0125
142,62,6,7,14,23,88,87,1,0.00625
142,63,7,7,27,23,64,64,1,0.00625
143,0,0,0,16,25,65,64,1,0.00625
143,1,1,0,13,19,71,72,0,0.0
143,2,2,0,19,25,83,82,2,0.0125
143,3,3,0,23,20,80,81,1,0.00625
143,4,4,0,22,17,81,81,1,0.00625
143,5,5,0,14,15,76,78,0,0.0
143,6,6,0,29,20,87,87,1,0.00625
143,7,7,0,22,14,64,64,0,0.0
143,8,0,1,23,22,85,86,0,0.0
143,9,1,1,27,20,106,110,0,0.0
143,10,2,1,17,16,106,103,2,0.0125
143,11,3,1,16,18,88,89,1,0.00625
143,12,4,1,21,20,90,90,2,0.0125
143,13,5,1,21,26,99,101,1,0.00625
143,14,6,1,23,16,101,101,2,0.0125
143,15,7,1,18,28,84,83,1,0.00625
143,16,0,2,23,21,81,83,0,0.0
143,17,1,2,14,22,96,97,0,0.0
143,18,2,2,22,25,104,104,3,0.01875
143,19,3,2,20,17,91,92,2,0.0125
143,20,4,2,26,17,92,91,2,0.0125
143,21,5,2,16,16,88,88,0,0.0
143,22,6,2,22,23,98,101,0,0.0
143,23,7,2,14,25,76,76,1,0.00625
143,24,0,3,20,19,81,82,1,0.00625
143,25,1,3,17,28,102,104,1,0.00625
143,26,2,3,20,13,96,96,0,0.0
143,27,3,3,15,21,91,91,1,0.00625
143,28,4,3,18,20,85,88,0,0.0
143,29,5,3,19,22,94,92,1,0.00625
143,30,6,3,22,19,96,98,0,0.0
143,31,7,3,16,24,75,77,0,0.0
143,32,0,4,21,22,78,80,0,0.0
143,33,1,4,15,20,90,92,0,0.0
143,34,2,4,22,19,97,97,1,0.00625
143,35,3,4,16,20,93,91,3,0.01875
143,36,4,4,20,15,89,91,0,0.0
143,37,5,4,14,20,85,87,2,0.0125
143,38,6,4,15,23,87,88,1,0.00625
143,39,7,4,15,21,65,65,0,0.0
143,40,0,5,20,18,75,77,1,0.00625
143,41,1,5,22,18,98,98,2,0.0125
143,42,2,5,14,13,98,94,3,0.01875
143,43,3,5,14,21,85,83,2,0.0125
143,44,4,5,27,20,95,96,0,0.0
143,45,5,5,28,17,103,107,1,0.00625
143,46,6,5,15,17,93,94,0,0.0
143,47,7,5,17,16,60,60,0,0.0
143,48,0,6,19,20,77,76,1,0.00625
143,49,1,6,22,20,95,100,0,0.0
143,50,2,6,20,21,108,108,1,0.00625
143,51,3,6,14,14,81,84,2,0.0125
143,52,4,6,14,15,81,77,2,0.0125
143,53,5,6,19,29,90,88,2,0.0125
143,54,6,6,16,26,94,96,1,0.00625
143,55,7,6,15,16,62,62,1,0.00625
143,56,0,7,18,17,57,57,0,0.0
143,57,1,7,25,16,86,84,2,0.0125
143,58,2,7,14,23,84,88,0,0.0
143,59,3,7,16,17,72,73,1,0.00625
143,60,4,7,15,20,70,72,0,0.0
143,61,5,7,17,14,64,65,1,0.00625
143,62,6,7,14,17,68,69,0,0.0
143,63,7,7,21,18,55,54,1,0.00625
144,0,0,0,15,14,50,51,1,0.00625
144,1,1,0,18,20,73,74,0,0.0
144,2,2,0,21,27,82,85,0,0.0
144,3,3,0,21,21,86,85,0,0.0
144,4,4,0,14,21,80,79,1,0.00625
144,5,5,0,17,29,78,76,1,0.00625
144,6,6,0,15,14,62,65,0,0.0
144,7,7,0,18,20,53,53,0,0.0
144,8,0,1,17,22,79,77,1,0.00625
144,9,1,1,11,15,86,86,0,0.0
144,10,2,1,15,16,91,93,2,0.0125
144,11,3,1,21,21,105,106,0,0.0
144,12,4,1,16,24,110,113,0,0.0
144,13,5,1,17,12,100,99,1,0.00625
144,14,6,1,27,17,94,96,0,0.0
144,15,7,1,26,16,87,86,0,0.0
144,16,0,2,21,20,77,75,1,0.00625
144,17,1,2,19,19,93,95,0,0.0
144,18,2,2,25,14,99,99,0,0.0
144,19,3,2,19,18,104,103,1,0.00625
144,20,4,2,21,22,109,112,0,0.0
144,21,5,2,23,21,115,114,0,0.0
144,22,6,2,24,17,97,96,1,0.00625
144,23,7,2,26,25,94,95,1,0.00625
144,24,0,3,25,18,79,79,0,0.0
144,25,1,3,17,17,102,101,2,0.0125
144,26,2,3,20,18,96,95,1,0.00625
144,27,3,3,22,26,106,106,1,0.00625
144,28,4,3,21,21,111,109,2,0.0125
144,29,5,3,23,25,117,116,0,0.0
144,30,6,3,20,20,99,98,1,0.00625
144,31,7,3,24,21,90,87,1,0.00625
144,32,0,4,21,17,77,74,3,0.01875
144,33,1,4,17,25,105,104,0,0.0
144,34,2,4,16,17,93,93,1,0.00625
144,35,3,4,17,17,90,92,3,0.01875
144,36,4,4,24,21,107,106,0,0.0
144,37,5,4,17,18,106,106,1,0.00625
144,38,6,4,23,19,92,89,0,0.0
144,39,7,4,23,19,84,82,1,0.00625
144,40,0,5,20,21,75,75,1,0.00625
144,41,1,5,15,23,92,93,1,0.00625
144,42,2,5,20,19,90,95,0,0.0
144,43,3,5,14,15,87,86,2,0.0125
144,44,4,5,16,15,87,85,0,0.0
144,45,5,5,21,26,109,108,2,0.0125
144,46,6,5,15,18,85,83,0,0.0
144,47,7,5,15,20,74,73,1,0.00625
144,48,0,6,19,16,74,73,2,0.0125
144,49,1,6,24,19,106,105,1,0.00625
144,50,2,6,20,16,105,105,0,0.0
144,51,3,6,15,22,99,100,1,0.00625
144,52,4,6,15,12,91,91,4,0.025
144,53,5,6,19,18,101,102,0,0.0
144,54,6,6,26,24,101,101,1,0.00625
144,55,7,6,22,14,81,82,0,0.0
144,56,0,7,24,18,61,60,1,0.00625
144,57,1,7,23,23,82,84,1,0.00625
144,58,2,7,24,26,89,88,1,0.00625
144,59,3,7,25,25,86,88,0,0.0
144,60,4,7,29,14,90,86,2,0.0125
144,61,5,7,12,15,74,75,1,0.00625
144,62,6,7,21,19,72,72,1,0.00625
144,63,7,7,20,24,64,66,0,0.0
145,0,0,0,20,21,63,62,2,0.0125
145,1,1,0,28,20,89,86,2,0.0125
145,2,2,0,26,22,98,96,2,0.0125
145,3,3,0,25,25,98,98,1,0.00625
145,4,4,0,21,20,85,87,1,0.00625
145,5,5,0,20,18,82,84,0,0.0
145,6,6,0,18,12,79,75,3,0.01875
145,7,7,0,26,19,64,63,0,0.0
145,8,0,1,22,22,85,85,1,0.00625
145,9,1,1,21,19,101,101,0,0.0
145,10,2,1,13,23,104,104,1,0.00625
145,11,3,1,16,28,103,102,1,0.00625
145,12,4,1,18,25,97,96,1,0.00625
145,13,5,1,19,21,100,100,1,0.00625
145,14,6,1,22,20,104,102,2,0.0125
145,15,7,1,22,18,84,84,1,0.00625
145,16,0,2,18,23,86,86,0,0.0
145,17,1,2,22,20,107,104,3,0.01875
145,18,2,2,22,19,112,111,2,0.0125
145,19,3,2,18,12,103,105,0,0.0
145,20,4,2,15,14,87,88,0,0.0
145,21,5,2,16,18,93,93,1,0.00625
145,22,6,2,16,19,93,92,1,0.00625
145,23,7,2,19,25,79,79,0,0.0
145,24,0,3,20,25,92,90,1,0.00625
145,25,1,3,19,18,102,103,0,0.0
145,26,2,3,24,20,118,116,1,0.00625
145,27,3,3,27,20,125,124,2,0.0125
145,28,4,3,16,19,103,104,0,0.0
145,29,5,3,23,14,99,100,1,0.00625
145,30,6,3,26,18,110,110,2,0.0125
145,31,7,3,28,17,87,90,1,0.00625
145,32,0,4,16,27,84,85,1,0.00625
145,33,1,4,22,20,102,102,1,0.00625
145,34,2,4,15,16,104,103,3,0.01875
145,35,3,4,19,28,112,114,0,0.0
145,36,4,4,20,25,105,104,1,0.00625
145,37,5,4,16,17,99,100,0,0.0
145,38,6,4,19,23,102,103,2,0.0125
145,39,7,4,25,28,91,92,1,0.00625
145,40,0,5,19,23,80,81,1,0.00625
145,41,1,5,18,16,94,92,2,0.0125
145,42,2,5,20,20,101,101,1,0.00625
145,43,3,5,20,18,105,107,0,0.0
145,44,4,5,13,20,90,89,2,0.0125
145,45,5,5,18,19,92,90,0,0.0
145,46,6,5,22,18,94,94,0,0.0
145,47,7,5,22,17,78,78,1,0.00625
145,48,0,6,19,19,80,82,0,0.0
145,49,1,6,20,19,101,101,0,0.0
145,50,2,6,24,17,109,110,1,0.00625
145,51,3,6,19,21,115,115,0,0.0
145,52,4,6,18,21,96,96,3,0.01875
145,53,5,6,19,12,96,92,3,0.01875
145,54,6,6,14,16,95,95,0,0.0
145,55,7,6,25,22,83,81,1,0.00625
145,56,0,7,18,23,60,57,3,0.01875
145,57,1,7,21,18,77,78,0,0.0
145,58,2,7,23,21,87,87,1,0.00625
145,59,3,7,15,22,84,83,1,0.00625
145,60,4,7,19,19,71,74,0,0.0
145,61,5,7,16,17,71,72,0,0.0
145,62,6,7,19,20,73,73,1,0.00625
145,63,7,7,16,15,51,49,1,0.00625
146,0,0,0,14,15,51,52,0,0.0
146,1,1,0,22,24,82,85,0,0.0
146,2,2,0,21,13,81,80,2,0.0125
146,3,3,0,16,23,81,81,2,0.0125
146,4,4,0,20,14,72,72,1,0.00625
146,5,5,0,28,19,90,87,3,0.01875
146,6,6,0,17,23,86,89,1,0.00625
146,7,7,0,20,17,55,55,0,0.0
146,8,0,1,25,23,86,86,1,0.00625
146,9,1,1,25,15,118,113,2,0.0125
146,10,2,1,19,24,105,105,0,0.0
146,11,3,1,20,19,103,104,1,0.00625
146,12,4,1,17,15,92,91,1,0.00625
146,13,5,1,26,19,105,106,0,0.0
146,14,6,1,20,28,119,118,1,0.00625
146,15,7,1,22,18,76,76,0,0.0
146,16,0,2,24,25,80,78,2,0.0125
146,17,1,2,17,25,108,110,0,0.0
146,18,2,2,21,24,99,100,1,0.00625
146,19,3,2,12,19,95,95,0,0.0
146,20,4,2,13,23,82,81,1,0.00625
146,21,5,2,14,17,85,84,1,0.00625
146,22,6,2,23,27,106,105,1,0.00625
146,23,7,2,23,20,83,83,1,0.00625
146,24,0,3,17,18,70,71,1,0.00625
146,25,1,3,14,22,97,95,1,0.00625
146,26,2,3,25,20,90,90,0,0.0
146,27,3,3,24,22,114,114,2,0.0125
146,28,4,3,17,12,83,82,0,0.0
146,29,5,3,23,11,90,91,1,0.00625
146,30,6,3,17,10,94,94,2,0.0125
146,31,7,3,18,25,73,73,1,0.00625
146,32,0,4,29,21,87,89,0,0.0
146,33,1,4,24,17,112,111,2,0.0125
146,34,2,4,25,15,96,98,1,0.00625
146,35,3,4,21,23,112,112,0,0.0
146,36,4,4,23,23,99,101,1,0.00625
146,37,5,4,24,14,104,99,3,0.01875
146,38,6,4,22,27,115,116,1,0.00625
146,39,7,4,19,14,75,74,0,0.0
146,40,0,5,22,23,84,84,1,0.00625
146,41,1,5,16,30,114,116,0,0.0
146,42,2,5,19,24,94,92,1,0.00625
146,43,3,5,20,23,103,103,1,0.00625
146,44,4,5,15,20,88,88,2,0.0125
146,45,5,5,23,21,96,99,1,0.00625
146,46,6,5,22,22,110,112,0,0.0
146,47,7,5,19,26,87,87,1,0.00625
146,48,0,6,24,23,87,87,0,0.0
146,49,1,6,20,25,113,113,0,0.0
146,50,2,6,9,15,83,83,0,0.0
146,51,3,6,16,16,89,86,2,0.0125
146,52,4,6,20,19,90,92,0,0.0
146,53,5,6,25,14,104,108,0,0.0
146,54,6,6,8,24,100,101,0,0.0
146,55,7,6,24,23,73,72,1,0.00625
146,56,0,7,22,27,62,66,0,0.0
146,57,1,7,20,24,79,77,2,0.0125
146,58,2,7,19,19,68,68,1,0.00625
146,59,3,7,13,10,57,56,1,0.00625
146,60,4,7,23,15,63,63,0,0.0
146,61,5,7,27,22,86,84,0,0.0
146,62,6,7,17,24,78,78,0,0.0
146,63,7,7,13,9,37,40,0,0.0
