sample_idx,router_id,x,y,injected,ejected,received_total,sent_total,stored_total,buffer_occupancy_norm
0,0,0,0,26,14,51,47,4,0.025
0,1,1,0,18,16,70,60,9,0.05625
0,2,2,0,16,12,77,70,6,0.0375
0,3,3,0,36,16,105,98,6,0.0375
0,4,4,0,38,12,107,101,4,0.025
0,5,5,0,30,17,96,88,8,0.05
0,6,6,0,19,14,76,67,9,0.05625
0,7,7,0,24,13,53,48,5,0.03125
0,8,0,1,21,17,73,68,5,0.03125
0,9,1,1,17,20,98,89,8,0.05
0,10,2,1,24,15,116,104,10,0.0625
0,11,3,1,33,13,125,117,7,0.04375
0,12,4,1,31,19,129,120,8,0.05
0,13,5,1,26,17,111,104,6,0.0375
0,14,6,1,22,10,95,88,7,0.04375
0,15,7,1,20,13,77,69,8,0.05
0,16,0,2,24,8,83,77,6,0.0375
0,17,1,2,23,16,113,103,8,0.05
0,18,2,2,33,18,141,133,8,0.05
0,19,3,2,36,14,135,125,7,0.04375
0,20,4,2,35,17,147,138,7,0.04375
0,21,5,2,21,12,110,102,6,0.0375
0,22,6,2,20,11,111,100,10,0.0625
0,23,7,2,18,13,86,78,7,0.04375
0,24,0,3,24,23,105,99,4,0.025
0,25,1,3,24,12,127,118,9,0.05625
0,26,2,3,28,16,151,143,6,0.0375
0,27,3,3,35,22,134,125,7,0.04375
0,28,4,3,33,13,151,140,10,0.0625
0,29,5,3,26,7,119,112,6,0.0375
0,30,6,3,15,15,117,106,11,0.06875
0,31,7,3,17,21,101,94,5,0.03125
0,32,0,4,26,17,101,94,6,0.0375
0,33,1,4,17,17,120,109,9,0.05625
0,34,2,4,24,20,146,137,6,0.0375
0,35,3,4,29,9,122,116,5,0.03125
0,36,4,4,34,15,148,139,8,0.05
0,37,5,4,31,16,139,128,9,0.05625
0,38,6,4,20,20,120,110,9,0.05625
0,39,7,4,21,18,100,91,7,0.04375
0,40,0,5,22,14,87,79,8,0.05
0,41,1,5,15,17,107,99,7,0.04375
0,42,2,5,18,15,122,111,10,0.0625
0,43,3,5,29,8,116,106,7,0.04375
0,44,4,5,39,11,140,131,8,0.05
0,45,5,5,23,11,120,111,8,0.05
0,46,6,5,23,12,100,87,12,0.075
0,47,7,5,20,18,86,80,5,0.03125
0,48,0,6,29,18,87,79,8,0.05
0,49,1,6,23,15,104,95,9,0.05625
0,50,2,6,31,13,122,115,7,0.04375
0,51,3,6,39,12,123,116,7,0.04375
0,52,4,6,29,14,127,116,10,0.0625
0,53,5,6,22,17,110,102,7,0.04375
0,54,6,6,18,9,88,77,10,0.0625
0,55,7,6,19,15,69,65,4,0.025
0,56,0,7,27,17,59,55,4,0.025
0,57,1,7,25,18,81,73,8,0.05
0,58,2,7,26,16,98,91,6,0.0375
0,59,3,7,26,12,100,97,3,0.01875
0,60,4,7,38,16,111,105,5,0.03125
0,61,5,7,21,13,86,80,5,0.03125
0,62,6,7,17,13,65,56,7,0.04375
0,63,7,7,18,13,41,38,3,0.01875
1,0,0,0,3,17,34,33,5,0.03125
1,1,1,0,12,19,60,62,8,0.05
1,2,2,0,23,15,87,85,9,0.05625
1,3,3,0,43,16,112,111,7,0.04375
1,4,4,0,32,20,104,100,8,0.05
1,5,5,0,13,19,76,77,7,0.04375
1,6,6,0,6,17,53,53,8,0.05
1,7,7,0,5,17,37,36,6,0.0375
1,8,0,1,3,17,56,57,4,0.025
1,9,1,1,9,17,87,86,8,0.05
1,10,2,1,16,12,94,97,7,0.04375
1,11,3,1,27,18,119,118,8,0.05
1,12,4,1,33,21,122,123,6,0.0375
1,13,5,1,21,15,105,102,8,0.05
1,14,6,1,11,23,87,84,9,0.05625
1,15,7,1,8,18,69,68,8,0.05
1,16,0,2,9,23,82,82,5,0.03125
1,17,1,2,12,11,96,98,8,0.05
1,18,2,2,11,12,104,106,5,0.03125
1,19,3,2,33,16,147,150,6,0.0375
1,20,4,2,39,18,158,160,5,0.03125
1,21,5,2,27,15,133,130,10,0.0625
1,22,6,2,7,20,101,102,8,0.05
1,23,7,2,8,16,86,88,6,0.0375
1,24,0,3,6,17,89,88,6,0.0375
1,25,1,3,11,18,108,109,7,0.04375
1,26,2,3,23,23,138,137,8,0.05
1,27,3,3,29,20,160,156,11,0.06875
1,28,4,3,36,18,164,169,5,0.03125
1,29,5,3,23,11,137,135,8,0.05
1,30,6,3,14,15,112,114,8,0.05
1,31,7,3,3,15,92,92,3,0.01875
1,32,0,4,2,10,82,82,5,0.03125
1,33,1,4,13,16,100,104,7,0.04375
1,34,2,4,9,18,124,123,9,0.05625
1,35,3,4,27,21,149,148,7,0.04375
1,36,4,4,37,18,165,164,7,0.04375
1,37,5,4,20,22,140,141,7,0.04375
1,38,6,4,16,19,110,112,8,0.05
1,39,7,4,7,20,88,91,6,0.0375
1,40,0,5,4,22,76,80,3,0.01875
1,41,1,5,6,12,93,93,6,0.0375
1,42,2,5,13,13,106,113,4,0.025
1,43,3,5,22,17,135,135,8,0.05
1,44,4,5,39,20,153,156,6,0.0375
1,45,5,5,21,20,134,134,8,0.05
1,46,6,5,8,15,100,103,9,0.05625
1,47,7,5,20,18,90,90,5,0.03125
1,48,0,6,10,21,65,65,7,0.04375
1,49,1,6,4,25,87,87,8,0.05
1,50,2,6,15,19,103,101,8,0.05
1,51,3,6,33,17,133,133,6,0.0375
1,52,4,6,34,13,130,129,11,0.06875
1,53,5,6,18,12,103,102,9,0.05625
1,54,6,6,11,19,74,75,8,0.05
1,55,7,6,7,17,61,59,6,0.0375
1,56,0,7,10,12,35,36,3,0.01875
1,57,1,7,11,10,57,57,7,0.04375
1,58,2,7,15,14,82,81,8,0.05
1,59,3,7,39,15,113,109,6,0.0375
1,60,4,7,35,24,113,113,6,0.0375
1,61,5,7,14,18,81,79,7,0.04375
1,62,6,7,8,14,50,54,4,0.025
1,63,7,7,6,16,38,37,3,0.01875
2,0,0,0,10,17,42,44,3,0.01875
2,1,1,0,8,10,51,52,6,0.0375
2,2,2,0,17,18,85,87,7,0.04375
2,3,3,0,32,21,108,110,5,0.03125
2,4,4,0,31,17,101,105,5,0.03125
2,5,5,0,19,16,88,87,6,0.0375
2,6,6,0,3,23,69,66,12,0.075
2,7,7,0,9,19,43,42,7,0.04375
2,8,0,1,4,13,65,63,5,0.03125
2,9,1,1,5,13,62,66,5,0.03125
2,10,2,1,11,11,106,105,9,0.05625
2,11,3,1,32,19,129,131,6,0.0375
2,12,4,1,37,17,127,126,7,0.04375
2,13,5,1,19,16,104,106,7,0.04375
2,14,6,1,9,18,89,92,7,0.04375
2,15,7,1,9,14,62,64,7,0.04375
2,16,0,2,4,20,84,83,5,0.03125
2,17,1,2,6,8,63,60,8,0.05
2,18,2,2,13,16,120,113,11,0.06875
2,19,3,2,31,10,139,137,9,0.05625
2,20,4,2,35,15,142,139,8,0.05
2,21,5,2,22,19,130,132,9,0.05625
2,22,6,2,17,27,122,123,8,0.05
2,23,7,2,12,13,92,89,8,0.05
2,24,0,3,8,17,95,97,4,0.025
2,25,1,3,7,11,83,82,8,0.05
2,26,2,3,18,14,130,131,7,0.04375
2,27,3,3,30,16,148,148,10,0.0625
2,28,4,3,30,11,146,142,8,0.05
2,29,5,3,15,20,134,134,8,0.05
2,30,6,3,7,11,101,100,8,0.05
2,31,7,3,15,15,92,94,4,0.025
2,32,0,4,6,18,87,89,5,0.03125
2,33,1,4,3,15,90,87,7,0.04375
2,34,2,4,19,19,129,127,12,0.075
2,35,3,4,20,16,146,143,8,0.05
2,36,4,4,40,8,152,152,8,0.05
2,37,5,4,12,12,134,136,7,0.04375
2,38,6,4,5,18,102,102,6,0.0375
2,39,7,4,7,17,92,91,6,0.0375
2,40,0,5,11,17,89,88,4,0.025
2,41,1,5,11,17,101,98,10,0.0625
2,42,2,5,21,16,131,124,10,0.0625
2,43,3,5,38,20,150,151,7,0.04375
2,44,4,5,26,20,136,133,7,0.04375
2,45,5,5,12,18,124,122,10,0.0625
2,46,6,5,7,12,83,86,7,0.04375
2,47,7,5,5,18,74,76,4,0.025
2,48,0,6,6,17,66,68,5,0.03125
2,49,1,6,7,14,79,80,7,0.04375
2,50,2,6,23,19,106,104,10,0.0625
2,51,3,6,19,17,121,118,8,0.05
2,52,4,6,37,13,124,129,6,0.0375
2,53,5,6,23,14,114,114,8,0.05
2,54,6,6,5,20,78,79,8,0.05
2,55,7,6,6,13,58,58,5,0.03125
2,56,0,7,9,13,41,38,4,0.025
2,57,1,7,10,20,64,65,7,0.04375
2,58,2,7,18,18,90,88,9,0.05625
2,59,3,7,37,18,115,116,4,0.025
2,60,4,7,34,11,97,96,7,0.04375
2,61,5,7,12,18,71,71,8,0.05
2,62,6,7,9,12,53,49,8,0.05
2,63,7,7,7,17,36,36,4,0.025
3,0,0,0,5,14,34,32,5,0.03125
3,1,1,0,11,16,62,61,7,0.04375
3,2,2,0,15,17,84,83,8,0.05
3,3,3,0,34,11,90,86,10,0.0625
3,4,4,0,22,13,82,78,10,0.0625
3,5,5,0,14,10,59,59,8,0.05
3,6,6,0,7,15,49,49,10,0.0625
3,7,7,0,8,13,37,38,6,0.0375
3,8,0,1,12,15,65,66,3,0.01875
3,9,1,1,4,15,75,72,8,0.05
3,10,2,1,13,16,91,91,8,0.05
3,11,3,1,20,14,93,92,7,0.04375
3,12,4,1,34,15,118,119,5,0.03125
3,13,5,1,14,14,97,94,10,0.0625
3,14,6,1,5,23,86,84,9,0.05625
3,15,7,1,12,8,59,57,9,0.05625
3,16,0,2,6,24,80,82,5,0.03125
3,17,1,2,6,21,84,86,8,0.05
3,18,2,2,10,15,106,108,10,0.0625
3,19,3,2,32,13,118,118,8,0.05
3,20,4,2,30,13,125,129,5,0.03125
3,21,5,2,16,15,105,106,7,0.04375
3,22,6,2,4,18,100,100,7,0.04375
3,23,7,2,4,15,70,72,6,0.0375
3,24,0,3,7,17,84,84,5,0.03125
3,25,1,3,4,15,91,89,9,0.05625
3,26,2,3,15,12,127,126,8,0.05
3,27,3,3,25,13,131,133,9,0.05625
3,28,4,3,37,21,141,145,6,0.0375
3,29,5,3,18,20,130,129,10,0.0625
3,30,6,3,4,7,104,106,7,0.04375
3,31,7,3,11,12,95,92,6,0.0375
3,32,0,4,6,9,79,77,6,0.0375
3,33,1,4,8,17,103,105,8,0.05
3,34,2,4,20,19,138,140,7,0.04375
3,35,3,4,33,18,147,150,5,0.03125
3,36,4,4,36,10,139,141,8,0.05
3,37,5,4,22,20,141,140,7,0.04375
3,38,6,4,10,22,110,106,10,0.0625
3,39,7,4,13,20,96,97,5,0.03125
3,40,0,5,9,15,69,68,4,0.025
3,41,1,5,4,16,94,96,8,0.05
3,42,2,5,17,15,123,123,9,0.05625
3,43,3,5,23,13,134,133,10,0.0625
3,44,4,5,34,12,131,131,7,0.04375
3,45,5,5,25,18,131,131,10,0.0625
3,46,6,5,8,19,100,97,10,0.0625
3,47,7,5,12,19,89,85,7,0.04375
3,48,0,6,8,11,57,57,4,0.025
3,49,1,6,10,18,85,84,7,0.04375
3,50,2,6,16,17,114,120,5,0.03125
3,51,3,6,39,23,141,141,9,0.05625
3,52,4,6,17,10,110,109,7,0.04375
3,53,5,6,14,14,91,90,9,0.05625
3,54,6,6,3,12,69,70,7,0.04375
3,55,7,6,5,25,69,69,6,0.0375
3,56,0,7,5,23,39,41,4,0.025
3,57,1,7,7,13,51,51,7,0.04375
3,58,2,7,19,22,87,89,7,0.04375
3,59,3,7,38,12,106,107,5,0.03125
3,60,4,7,37,19,112,112,5,0.03125
3,61,5,7,18,12,77,79,6,0.0375
3,62,6,7,6,16,57,57,7,0.04375
3,63,7,7,6,18,41,41,4,0.025
4,0,0,0,6,13,29,30,3,0.01875
4,1,1,0,5,17,56,56,8,0.05
4,2,2,0,9,13,65,67,5,0.03125
4,3,3,0,24,21,92,95,6,0.0375
4,4,4,0,34,17,99,102,5,0.03125
4,5,5,0,18,19,77,76,9,0.05625
4,6,6,0,8,16,53,56,8,0.05
4,7,7,0,4,18,38,39,4,0.025
4,8,0,1,3,19,51,50,4,0.025
4,9,1,1,14,21,87,88,7,0.04375
4,10,2,1,19,8,97,100,6,0.0375
4,11,3,1,38,14,138,139,7,0.04375
4,12,4,1,24,18,129,129,6,0.0375
4,13,5,1,11,17,99,101,7,0.04375
4,14,6,1,9,21,77,77,8,0.05
4,15,7,1,3,18,66,68,6,0.0375
4,16,0,2,10,17,78,77,5,0.03125
4,17,1,2,8,17,100,101,8,0.05
4,18,2,2,19,12,120,123,7,0.04375
4,19,3,2,39,14,150,153,5,0.03125
4,20,4,2,23,10,131,129,7,0.04375
4,21,5,2,16,15,114,113,6,0.0375
4,22,6,2,12,16,90,90,8,0.05
4,23,7,2,4,14,82,82,7,0.04375
4,24,0,3,8,16,88,87,4,0.025
4,25,1,3,12,15,104,105,8,0.05
4,26,2,3,17,21,126,129,5,0.03125
4,27,3,3,35,14,154,157,5,0.03125
4,28,4,3,30,15,151,148,9,0.05625
4,29,5,3,17,13,129,129,8,0.05
4,30,6,3,9,15,109,106,9,0.05625
4,31,7,3,7,17,86,85,6,0.0375
4,32,0,4,4,18,84,84,6,0.0375
4,33,1,4,11,19,106,104,8,0.05
4,34,2,4,14,19,114,115,8,0.05
4,35,3,4,29,16,146,145,6,0.0375
4,36,4,4,37,17,150,152,5,0.03125
4,37,5,4,20,16,136,133,9,0.05625
4,38,6,4,10,10,108,112,8,0.05
4,39,7,4,10,18,90,89,6,0.0375
4,40,0,5,1,15,70,68,7,0.04375
4,41,1,5,8,13,92,90,10,0.0625
4,42,2,5,11,14,99,101,7,0.04375
4,43,3,5,34,17,143,142,10,0.0625
4,44,4,5,31,19,137,139,5,0.03125
4,45,5,5,17,17,124,125,10,0.0625
4,46,6,5,9,21,98,97,10,0.0625
4,47,7,5,5,17,76,77,5,0.03125
4,48,0,6,3,15,53,53,5,0.03125
4,49,1,6,5,22,72,73,8,0.05
4,50,2,6,15,16,85,81,8,0.05
4,51,3,6,24,17,119,119,8,0.05
4,52,4,6,42,13,127,130,5,0.03125
4,53,5,6,27,13,120,121,8,0.05
4,54,6,6,12,11,84,85,7,0.04375
4,55,7,6,9,22,69,69,5,0.03125
4,56,0,7,12,14,38,38,4,0.025
4,57,1,7,4,6,51,50,7,0.04375
4,58,2,7,15,13,75,76,7,0.04375
4,59,3,7,39,21,114,114,4,0.025
4,60,4,7,39,21,112,112,5,0.03125
4,61,5,7,12,12,80,79,7,0.04375
4,62,6,7,9,19,61,60,9,0.05625
4,63,7,7,13,20,45,45,4,0.025
5,0,0,0,21,17,56,55,5,0.03125
5,1,1,0,22,23,101,100,9,0.05625
5,2,2,0,29,27,135,133,7,0.04375
5,3,3,0,38,29,153,155,5,0.03125
5,4,4,0,34,23,147,147,5,0.03125
5,5,5,0,22,30,125,127,7,0.04375
5,6,6,0,14,21,97,95,9,0.05625
5,7,7,0,24,22,69,69,4,0.025
5,8,0,1,27,26,93,94,4,0.025
5,9,1,1,15,27,137,136,7,0.04375
5,10,2,1,27,25,181,181,5,0.03125
5,11,3,1,30,24,194,197,4,0.025
5,12,4,1,30,26,184,184,7,0.04375
5,13,5,1,21,28,157,160,5,0.03125
5,14,6,1,22,24,137,139,7,0.04375
5,15,7,1,22,25,111,108,10,0.0625
5,16,0,2,23,24,112,112,6,0.0375
5,17,1,2,22,18,163,163,7,0.04375
5,18,2,2,28,22,202,203,6,0.0375
5,19,3,2,33,24,231,228,8,0.05
5,20,4,2,26,30,214,213,9,0.05625
5,21,5,2,23,22,180,181,7,0.04375
5,22,6,2,17,22,155,152,10,0.0625
5,23,7,2,20,29,142,139,8,0.05
5,24,0,3,23,37,140,141,3,0.01875
5,25,1,3,19,20,182,181,10,0.0625
5,26,2,3,29,24,213,211,7,0.04375
5,27,3,3,34,27,244,243,6,0.0375
5,28,4,3,31,19,222,220,9,0.05625
5,29,5,3,20,28,190,191,8,0.05
5,30,6,3,21,23,155,158,8,0.05
5,31,7,3,17,20,143,146,5,0.03125
5,32,0,4,15,20,132,131,7,0.04375
5,33,1,4,25,29,181,181,10,0.0625
5,34,2,4,26,32,195,196,7,0.04375
5,35,3,4,36,27,234,231,8,0.05
5,36,4,4,43,25,228,226,7,0.04375
5,37,5,4,28,21,195,198,8,0.05
5,38,6,4,20,25,175,174,8,0.05
5,39,7,4,23,27,162,160,7,0.04375
5,40,0,5,25,23,133,132,7,0.04375
5,41,1,5,12,23,165,167,8,0.05
5,42,2,5,22,28,193,194,7,0.04375
5,43,3,5,26,26,224,223,11,0.06875
5,44,4,5,38,27,217,216,6,0.0375
5,45,5,5,30,18,188,191,6,0.0375
5,46,6,5,17,24,160,161,8,0.05
5,47,7,5,26,24,143,142,8,0.05
5,48,0,6,18,24,109,104,9,0.05625
5,49,1,6,19,29,138,138,7,0.04375
5,50,2,6,23,20,155,155,9,0.05625
5,51,3,6,34,30,188,187,11,0.06875
5,52,4,6,40,23,180,177,6,0.0375
5,53,5,6,26,24,158,156,9,0.05625
5,54,6,6,15,23,117,114,9,0.05625
5,55,7,6,18,23,106,105,6,0.0375
5,56,0,7,18,25,76,74,5,0.03125
5,57,1,7,24,27,119,119,8,0.05
5,58,2,7,36,27,146,144,8,0.05
5,59,3,7,33,23,149,148,6,0.0375
5,60,4,7,31,18,136,138,5,0.03125
5,61,5,7,23,21,127,125,6,0.0375
5,62,6,7,18,15,90,92,8,0.05
5,63,7,7,16,25,68,67,4,0.025
6,0,0,0,15,20,49,48,5,0.03125
6,1,1,0,9,17,75,75,7,0.04375
6,2,2,0,25,13,91,93,6,0.0375
6,3,3,0,37,22,119,116,7,0.04375
6,4,4,0,36,9,101,102,6,0.0375
6,5,5,0,10,14,76,74,8,0.05
6,6,6,0,16,19,64,65,9,0.05625
6,7,7,0,4,17,37,37,4,0.025
6,8,0,1,15,16,73,71,7,0.04375
6,9,1,1,15,26,103,104,8,0.05
6,10,2,1,28,19,113,111,9,0.05625
6,11,3,1,26,21,129,123,7,0.04375
6,12,4,1,28,18,120,118,9,0.05625
6,13,5,1,17,9,92,90,7,0.04375
6,14,6,1,6,24,78,77,7,0.04375
6,15,7,1,11,17,62,66,5,0.03125
6,16,0,2,17,21,93,91,6,0.0375
6,17,1,2,12,19,117,118,6,0.0375
6,18,2,2,30,11,130,124,12,0.075
6,19,3,2,31,15,144,143,9,0.05625
6,20,4,2,23,15,134,131,9,0.05625
6,21,5,2,15,9,100,97,9,0.05625
6,22,6,2,9,7,80,83,8,0.05
6,23,7,2,1,21,77,84,3,0.01875
6,24,0,3,13,18,91,88,7,0.04375
6,25,1,3,7,16,114,115,9,0.05625
6,26,2,3,14,11,119,116,8,0.05
6,27,3,3,28,12,151,152,7,0.04375
6,28,4,3,24,26,147,150,6,0.0375
6,29,5,3,16,13,123,123,8,0.05
6,30,6,3,6,21,108,108,8,0.05
6,31,7,3,8,24,98,97,6,0.0375
6,32,0,4,11,14,88,90,5,0.03125
6,33,1,4,11,22,124,122,10,0.0625
6,34,2,4,21,17,127,130,5,0.03125
6,35,3,4,41,15,164,166,8,0.05
6,36,4,4,27,11,144,143,7,0.04375
6,37,5,4,11,17,119,118,10,0.0625
6,38,6,4,6,18,109,110,8,0.05
6,39,7,4,2,10,82,85,5,0.03125
6,40,0,5,14,18,91,91,8,0.05
6,41,1,5,12,19,115,113,11,0.06875
6,42,2,5,16,22,126,124,9,0.05625
6,43,3,5,37,20,163,165,7,0.04375
6,44,4,5,34,18,144,143,8,0.05
6,45,5,5,19,16,128,126,9,0.05625
6,46,6,5,13,17,108,108,9,0.05625
6,47,7,5,7,11,83,86,4,0.025
6,48,0,6,15,15,68,68,9,0.05625
6,49,1,6,2,10,77,74,11,0.06875
6,50,2,6,14,18,93,95,6,0.0375
6,51,3,6,34,21,140,144,6,0.0375
6,52,4,6,34,13,123,123,6,0.0375
6,53,5,6,15,12,105,107,8,0.05
6,54,6,6,6,16,85,85,9,0.05625
6,55,7,6,11,25,75,75,6,0.0375
6,56,0,7,12,21,49,49,5,0.03125
6,57,1,7,4,17,67,65,9,0.05625
6,58,2,7,16,16,86,86,9,0.05625
6,59,3,7,39,28,118,120,4,0.025
6,60,4,7,32,14,100,101,4,0.025
6,61,5,7,12,16,79,78,8,0.05
6,62,6,7,6,16,56,56,8,0.05
6,63,7,7,12,20,45,46,4,0.025
7,0,0,0,8,20,33,34,5,0.03125
7,1,1,0,17,20,62,63,8,0.05
7,2,2,0,30,20,93,89,9,0.05625
7,3,3,0,28,12,94,93,7,0.04375
7,4,4,0,14,17,85,85,6,0.0375
7,5,5,0,10,19,69,72,6,0.0375
7,6,6,0,2,14,41,42,7,0.04375
7,7,7,0,5,11,32,32,4,0.025
7,8,0,1,8,16,53,55,4,0.025
7,9,1,1,11,10,71,72,7,0.04375
7,10,2,1,22,12,102,97,12,0.075
7,11,3,1,29,16,106,108,8,0.05
7,12,4,1,20,14,102,101,10,0.0625
7,13,5,1,14,14,101,99,9,0.05625
7,14,6,1,6,18,69,68,9,0.05625
7,15,7,1,4,16,51,51,5,0.03125
7,16,0,2,14,21,85,88,4,0.025
7,17,1,2,6,21,105,103,9,0.05625
7,18,2,2,24,14,126,126,11,0.06875
7,19,3,2,27,21,130,133,7,0.04375
7,20,4,2,23,18,123,125,8,0.05
7,21,5,2,14,15,111,113,9,0.05625
7,22,6,2,7,13,80,79,9,0.05625
7,23,7,2,4,19,68,66,5,0.03125
7,24,0,3,8,16,86,89,5,0.03125
7,25,1,3,8,18,109,110,8,0.05
7,26,2,3,21,13,125,128,8,0.05
7,27,3,3,44,14,156,156,5,0.03125
7,28,4,3,28,18,147,147,8,0.05
7,29,5,3,18,19,133,133,8,0.05
7,30,6,3,14,10,93,91,9,0.05625
7,31,7,3,6,21,78,80,5,0.03125
7,32,0,4,9,16,97,98,4,0.025
7,33,1,4,8,19,119,123,8,0.05
7,34,2,4,24,15,135,131,7,0.04375
7,35,3,4,36,13,153,151,11,0.06875
7,36,4,4,20,16,143,143,7,0.04375
7,37,5,4,12,20,131,132,7,0.04375
7,38,6,4,7,19,94,92,9,0.05625
7,39,7,4,16,17,79,80,4,0.025
7,40,0,5,6,13,77,76,9,0.05625
7,41,1,5,11,14,102,101,12,0.075
7,42,2,5,25,13,121,122,7,0.04375
7,43,3,5,33,20,149,146,11,0.06875
7,44,4,5,26,20,133,132,8,0.05
7,45,5,5,10,14,110,106,11,0.06875
7,46,6,5,5,13,75,75,9,0.05625
7,47,7,5,5,21,69,69,5,0.03125
7,48,0,6,8,16,62,64,9,0.05625
7,49,1,6,12,13,86,88,8,0.05
7,50,2,6,23,19,105,103,7,0.04375
7,51,3,6,34,11,125,124,7,0.04375
7,52,4,6,24,14,111,111,7,0.04375
7,53,5,6,15,18,110,108,9,0.05625
7,54,6,6,8,17,77,76,9,0.05625
7,55,7,6,8,12,56,58,4,0.025
7,56,0,7,8,23,42,41,7,0.04375
7,57,1,7,10,16,61,62,8,0.05
7,58,2,7,15,17,72,75,6,0.0375
7,59,3,7,37,21,109,106,6,0.0375
7,60,4,7,29,12,100,98,4,0.025
7,61,5,7,21,16,85,88,6,0.0375
7,62,6,7,9,11,55,54,9,0.05625
7,63,7,7,3,18,34,34,4,0.025
8,0,0,0,9,20,34,36,3,0.01875
8,1,1,0,12,18,62,61,8,0.05
8,2,2,0,35,24,98,101,7,0.04375
8,3,3,0,32,21,98,100,6,0.0375
8,4,4,0,12,11,68,67,7,0.04375
8,5,5,0,9,11,60,59,7,0.04375
8,6,6,0,2,15,50,49,9,0.05625
8,7,7,0,8,14,35,35,5,0.03125
8,8,0,1,12,19,58,58,3,0.01875
8,9,1,1,10,15,87,85,8,0.05
8,10,2,1,25,14,111,118,7,0.04375
8,11,3,1,31,15,124,124,5,0.03125
8,12,4,1,26,17,100,103,5,0.03125
8,13,5,1,8,20,92,93,8,0.05
8,14,6,1,2,23,79,80,8,0.05
8,15,7,1,6,20,60,61,4,0.025
8,16,0,2,4,18,71,71,4,0.025
8,17,1,2,12,13,103,102,9,0.05625
8,18,2,2,14,18,128,134,7,0.04375
8,19,3,2,32,23,142,142,6,0.0375
8,20,4,2,37,10,128,128,9,0.05625
8,21,5,2,17,15,126,121,12,0.075
8,22,6,2,2,9,91,92,8,0.05
8,23,7,2,12,13,85,83,6,0.0375
8,24,0,3,7,10,83,83,5,0.03125
8,25,1,3,8,14,101,100,8,0.05
8,26,2,3,14,24,143,143,6,0.0375
8,27,3,3,38,18,157,157,6,0.0375
8,28,4,3,37,11,139,138,8,0.05
8,29,5,3,18,16,131,129,9,0.05625
8,30,6,3,5,19,105,106,9,0.05625
8,31,7,3,10,11,90,91,3,0.01875
8,32,0,4,5,18,94,91,6,0.0375
8,33,1,4,22,12,111,110,8,0.05
8,34,2,4,22,13,139,141,7,0.04375
8,35,3,4,33,17,144,145,8,0.05
8,36,4,4,26,13,132,131,9,0.05625
8,37,5,4,28,20,142,140,8,0.05
8,38,6,4,13,20,121,122,8,0.05
8,39,7,4,5,25,90,90,4,0.025
8,40,0,5,10,16,87,90,6,0.0375
8,41,1,5,11,12,96,98,9,0.05625
8,42,2,5,19,20,135,135,7,0.04375
8,43,3,5,31,16,131,133,9,0.05625
8,44,4,5,24,12,130,131,8,0.05
8,45,5,5,20,12,121,126,7,0.04375
8,46,6,5,5,17,98,100,8,0.05
8,47,7,5,4,21,70,71,4,0.025
8,48,0,6,8,15,71,70,10,0.0625
8,49,1,6,6,17,81,82,7,0.04375
8,50,2,6,17,18,111,109,9,0.05625
8,51,3,6,36,13,117,118,6,0.0375
8,52,4,6,31,12,122,122,7,0.04375
8,53,5,6,12,19,102,104,9,0.05625
8,54,6,6,7,20,76,79,7,0.04375
8,55,7,6,8,20,62,63,4,0.025
8,56,0,7,9,18,48,51,4,0.025
8,57,1,7,8,7,59,58,8,0.05
8,58,2,7,16,22,89,87,7,0.04375
8,59,3,7,36,13,101,97,8,0.05
8,60,4,7,35,18,105,101,8,0.05
8,61,5,7,11,11,75,76,6,0.0375
8,62,6,7,3,12,48,49,8,0.05
8,63,7,7,8,14,35,35,4,0.025
9,0,0,0,5,19,44,43,4,0.025
9,1,1,0,11,18,71,67,12,0.075
9,2,2,0,38,12,97,96,7,0.04375
9,3,3,0,41,16,109,108,8,0.05
9,4,4,0,19,17,87,86,8,0.05
9,5,5,0,8,18,70,68,8,0.05
9,6,6,0,14,19,61,62,8,0.05
9,7,7,0,5,15,32,32,5,0.03125
9,8,0,1,17,23,84,83,6,0.0375
9,9,1,1,9,19,98,97,9,0.05625
9,10,2,1,24,15,105,104,5,0.03125
9,11,3,1,30,13,118,118,7,0.04375
9,12,4,1,25,17,114,117,4,0.025
9,13,5,1,18,15,103,101,10,0.0625
9,14,6,1,13,13,94,89,13,0.08125
9,15,7,1,10,10,62,60,7,0.04375
9,16,0,2,14,16,93,89,8,0.05
9,17,1,2,8,20,110,111,8,0.05
9,18,2,2,22,20,123,124,6,0.0375
9,19,3,2,35,20,147,143,8,0.05
9,20,4,2,25,20,136,138,6,0.0375
9,21,5,2,17,18,115,119,7,0.04375
9,22,6,2,8,17,96,96,7,0.04375
9,23,7,2,2,24,78,79,6,0.0375
9,24,0,3,11,17,101,98,6,0.0375
9,25,1,3,19,12,121,121,10,0.0625
9,26,2,3,29,16,145,144,6,0.0375
9,27,3,3,41,19,167,166,7,0.04375
9,28,4,3,23,19,142,145,5,0.03125
9,29,5,3,16,13,124,126,8,0.05
9,30,6,3,7,11,105,107,7,0.04375
9,31,7,3,3,15,91,87,8,0.05
9,32,0,4,10,14,95,99,4,0.025
9,33,1,4,5,16,110,108,10,0.0625
9,34,2,4,17,19,141,137,9,0.05625
9,35,3,4,31,17,159,160,8,0.05
9,36,4,4,34,12,152,153,8,0.05
9,37,5,4,19,26,142,146,7,0.04375
9,38,6,4,7,13,117,113,11,0.06875
9,39,7,4,15,24,102,103,4,0.025
9,40,0,5,10,20,92,91,7,0.04375
9,41,1,5,8,10,104,104,10,0.0625
9,42,2,5,19,20,130,129,9,0.05625
9,43,3,5,31,12,149,152,7,0.04375
9,44,4,5,37,19,144,143,8,0.05
9,45,5,5,13,15,124,123,7,0.04375
9,46,6,5,10,11,99,97,8,0.05
9,47,7,5,8,12,82,78,6,0.0375
9,48,0,6,10,17,73,75,7,0.04375
9,49,1,6,17,21,109,107,9,0.05625
9,50,2,6,15,27,114,118,7,0.04375
9,51,3,6,33,11,142,140,7,0.04375
9,52,4,6,37,19,139,142,5,0.03125
9,53,5,6,21,17,122,122,8,0.05
9,54,6,6,10,20,99,98,9,0.05625
9,55,7,6,6,15,67,66,5,0.03125
9,56,0,7,6,19,42,41,4,0.025
9,57,1,7,8,26,71,72,8,0.05
9,58,2,7,17,13,75,75,8,0.05
9,59,3,7,35,28,111,116,5,0.03125
9,60,4,7,38,19,111,117,4,0.025
9,61,5,7,19,22,96,95,6,0.0375
9,62,6,7,11,26,76,77,7,0.04375
9,63,7,7,7,16,41,40,3,0.01875
10,0,0,0,11,20,49,48,5,0.03125
10,1,1,0,9,22,68,74,7,0.04375
10,2,2,0,21,18,93,93,7,0.04375
10,3,3,0,38,14,109,110,6,0.0375
10,4,4,0,28,7,88,90,5,0.03125
10,5,5,0,19,16,78,79,8,0.05
10,6,6,0,5,17,55,56,8,0.05
10,7,7,0,7,10,28,28,4,0.025
10,8,0,1,9,18,75,72,9,0.05625
10,9,1,1,10,19,90,92,7,0.04375
10,10,2,1,18,18,115,114,7,0.04375
10,11,3,1,28,20,131,129,8,0.05
10,12,4,1,33,24,129,126,7,0.04375
10,13,5,1,18,13,103,106,6,0.0375
10,14,6,1,8,20,87,87,11,0.06875
10,15,7,1,7,17,59,60,5,0.03125
10,16,0,2,5,16,80,81,8,0.05
10,17,1,2,4,20,94,94,8,0.05
10,18,2,2,16,14,117,114,8,0.05
10,19,3,2,23,22,134,138,7,0.04375
10,20,4,2,37,14,148,147,6,0.0375
10,21,5,2,23,17,127,125,11,0.06875
10,22,6,2,7,12,100,103,6,0.0375
10,23,7,2,10,10,74,76,4,0.025
10,24,0,3,10,16,99,100,6,0.0375
10,25,1,3,20,12,121,121,9,0.05625
10,26,2,3,24,18,144,145,7,0.04375
10,27,3,3,37,19,167,166,8,0.05
10,28,4,3,31,14,152,152,5,0.03125
10,29,5,3,17,28,134,135,7,0.04375
10,30,6,3,13,22,120,115,9,0.05625
10,31,7,3,12,23,89,91,5,0.03125
10,32,0,4,14,19,99,97,5,0.03125
10,33,1,4,17,13,119,118,10,0.0625
10,34,2,4,26,13,149,148,8,0.05
10,35,3,4,32,13,159,160,8,0.05
10,36,4,4,25,12,135,136,8,0.05
10,37,5,4,10,13,118,113,11,0.06875
10,38,6,4,7,21,102,104,9,0.05625
10,39,7,4,5,14,80,78,5,0.03125
10,40,0,5,9,14,80,85,2,0.0125
10,41,1,5,13,17,109,107,10,0.0625
10,42,2,5,17,14,130,132,7,0.04375
10,43,3,5,34,17,155,151,10,0.0625
10,44,4,5,21,15,131,135,6,0.0375
10,45,5,5,17,20,124,122,10,0.0625
10,46,6,5,7,13,94,93,11,0.06875
10,47,7,5,11,17,65,69,4,0.025
10,48,0,6,9,19,66,70,2,0.0125
10,49,1,6,6,11,83,79,14,0.0875
10,50,2,6,18,22,119,118,8,0.05
10,51,3,6,45,21,135,132,10,0.0625
10,52,4,6,19,15,111,106,8,0.05
10,53,5,6,13,16,96,96,7,0.04375
10,54,6,6,9,21,73,71,9,0.05625
10,55,7,6,6,17,46,45,4,0.025
10,56,0,7,5,16,36,34,5,0.03125
10,57,1,7,9,19,56,55,10,0.0625
10,58,2,7,18,17,85,84,9,0.05625
10,59,3,7,32,13,101,99,7,0.04375
10,60,4,7,36,21,110,107,5,0.03125
10,61,5,7,14,16,79,78,7,0.04375
10,62,6,7,6,15,52,51,7,0.04375
10,63,7,7,8,18,35,35,4,0.025
11,0,0,0,21,32,68,69,4,0.025
11,1,1,0,19,29,106,105,8,0.05
11,2,2,0,25,23,128,129,7,0.04375
11,3,3,0,35,25,151,152,5,0.03125
11,4,4,0,33,23,139,139,5,0.03125
11,5,5,0,32,22,133,136,4,0.025
11,6,6,0,18,34,119,119,8,0.05
11,7,7,0,30,26,81,83,3,0.01875
11,8,0,1,17,28,98,100,7,0.04375
11,9,1,1,13,29,135,134,8,0.05
11,10,2,1,17,35,158,156,9,0.05625
11,11,3,1,24,24,181,180,11,0.06875
11,12,4,1,33,21,181,178,11,0.06875
11,13,5,1,25,21,170,164,13,0.08125
11,14,6,1,21,23,151,155,8,0.05
11,15,7,1,27,22,114,116,3,0.01875
11,16,0,2,17,22,129,126,10,0.0625
11,17,1,2,24,21,159,160,8,0.05
11,18,2,2,24,27,180,179,10,0.0625
11,19,3,2,21,22,200,197,8,0.05
11,20,4,2,31,13,190,190,8,0.05
11,21,5,2,30,20,176,179,7,0.04375
11,22,6,2,24,19,162,160,7,0.04375
11,23,7,2,16,24,114,114,4,0.025
11,24,0,3,21,23,142,144,5,0.03125
11,25,1,3,9,31,167,167,10,0.0625
11,26,2,3,24,32,201,199,7,0.04375
11,27,3,3,37,24,232,234,8,0.05
11,28,4,3,34,29,216,214,5,0.03125
11,29,5,3,23,22,197,195,10,0.0625
11,30,6,3,30,24,189,192,9,0.05625
11,31,7,3,18,15,120,119,5,0.03125
11,32,0,4,23,30,151,146,9,0.05625
11,33,1,4,23,26,185,190,6,0.0375
11,34,2,4,28,25,205,211,6,0.0375
11,35,3,4,38,26,247,245,7,0.04375
11,36,4,4,36,18,205,206,6,0.0375
11,37,5,4,23,24,188,193,5,0.03125
11,38,6,4,16,27,175,175,11,0.06875
11,39,7,4,16,27,123,125,4,0.025
11,40,0,5,20,32,137,134,5,0.03125
11,41,1,5,18,30,172,174,9,0.05625
11,42,2,5,29,27,193,194,7,0.04375
11,43,3,5,36,23,219,223,6,0.0375
11,44,4,5,34,27,196,197,4,0.025
11,45,5,5,34,26,192,195,6,0.0375
11,46,6,5,16,23,164,164,10,0.0625
11,47,7,5,21,21,115,114,5,0.03125
11,48,0,6,20,29,113,108,9,0.05625
11,49,1,6,19,25,145,150,8,0.05
11,50,2,6,20,22,157,157,8,0.05
11,51,3,6,28,28,189,192,8,0.05
11,52,4,6,41,25,174,175,9,0.05625
11,53,5,6,20,29,155,156,7,0.04375
11,54,6,6,17,26,137,134,13,0.08125
11,55,7,6,22,25,90,92,4,0.025
11,56,0,7,18,26,70,73,4,0.025
11,57,1,7,18,22,105,106,9,0.05625
11,58,2,7,25,25,125,125,9,0.05625
11,59,3,7,23,25,139,139,8,0.05
11,60,4,7,30,22,131,130,8,0.05
11,61,5,7,29,18,115,116,6,0.0375
11,62,6,7,19,26,92,89,11,0.06875
11,63,7,7,22,18,51,53,3,0.01875
12,0,0,0,8,19,40,39,5,0.03125
12,1,1,0,3,17,54,54,8,0.05
12,2,2,0,11,20,77,76,8,0.05
12,3,3,0,18,8,81,78,9,0.05625
12,4,4,0,35,17,99,97,7,0.04375
12,5,5,0,24,14,78,75,7,0.04375
12,6,6,0,12,13,53,55,5,0.03125
12,7,7,0,11,16,40,38,4,0.025
12,8,0,1,2,17,58,61,4,0.025
12,9,1,1,9,16,77,79,7,0.04375
12,10,2,1,12,20,97,98,9,0.05625
12,11,3,1,17,14,97,97,11,0.06875
12,12,4,1,29,22,113,118,6,0.0375
12,13,5,1,24,23,113,114,12,0.075
12,14,6,1,9,22,83,84,7,0.04375
12,15,7,1,5,9,57,57,4,0.025
12,16,0,2,9,10,69,76,4,0.025
12,17,1,2,3,16,92,93,7,0.04375
12,18,2,2,13,10,115,115,8,0.05
12,19,3,2,22,20,132,134,6,0.0375
12,20,4,2,30,15,127,126,8,0.05
12,21,5,2,24,10,133,131,11,0.06875
12,22,6,2,7,15,102,100,9,0.05625
12,23,7,2,13,17,84,83,4,0.025
12,24,0,3,4,16,77,77,5,0.03125
12,25,1,3,9,12,101,102,8,0.05
12,26,2,3,12,12,122,124,7,0.04375
12,27,3,3,38,20,163,163,6,0.0375
12,28,4,3,28,16,144,143,6,0.0375
12,29,5,3,15,22,139,138,9,0.05625
12,30,6,3,4,13,98,98,9,0.05625
12,31,7,3,10,19,89,90,4,0.025
12,32,0,4,13,17,82,89,4,0.025
12,33,1,4,9,12,105,103,8,0.05
12,34,2,4,26,14,133,131,7,0.04375
12,35,3,4,33,12,153,155,5,0.03125
12,36,4,4,30,21,142,144,4,0.025
12,37,5,4,15,14,134,131,10,0.0625
12,38,6,4,6,15,92,95,7,0.04375
12,39,7,4,13,13,86,84,4,0.025
12,40,0,5,7,15,68,70,4,0.025
12,41,1,5,9,13,91,92,9,0.05625
12,42,2,5,7,9,105,102,9,0.05625
12,43,3,5,26,20,134,135,6,0.0375
12,44,4,5,38,14,137,131,8,0.05
12,45,5,5,22,13,140,139,9,0.05625
12,46,6,5,14,10,106,109,7,0.04375
12,47,7,5,12,16,85,84,6,0.0375
12,48,0,6,1,14,45,47,5,0.03125
12,49,1,6,1,19,65,67,7,0.04375
12,50,2,6,6,17,87,87,8,0.05
12,51,3,6,18,16,98,102,5,0.03125
12,52,4,6,30,10,106,109,5,0.03125
12,53,5,6,19,18,114,113,6,0.0375
12,54,6,6,13,17,83,88,9,0.05625
12,55,7,6,8,9,67,61,8,0.05
12,56,0,7,0,13,21,20,5,0.03125
12,57,1,7,6,13,39,38,10,0.0625
12,58,2,7,4,12,55,57,6,0.0375
12,59,3,7,18,15,78,79,5,0.03125
12,60,4,7,30,11,92,95,5,0.03125
12,61,5,7,31,23,104,103,7,0.04375
12,62,6,7,17,10,70,74,6,0.0375
12,63,7,7,20,21,56,53,5,0.03125
13,0,0,0,3,13,27,28,4,0.025
13,1,1,0,4,14,47,47,8,0.05
13,2,2,0,11,10,66,64,10,0.0625
13,3,3,0,23,18,94,93,8,0.05
13,4,4,0,36,15,109,109,7,0.04375
13,5,5,0,30,12,95,93,9,0.05625
13,6,6,0,18,12,76,72,9,0.05625
13,7,7,0,11,18,44,45,4,0.025
13,8,0,1,7,21,61,57,6,0.0375
13,9,1,1,4,21,82,80,9,0.05625
13,10,2,1,8,26,96,97,9,0.05625
13,11,3,1,19,15,105,109,7,0.04375
13,12,4,1,31,19,122,120,7,0.04375
13,13,5,1,20,15,91,96,7,0.04375
13,14,6,1,9,18,88,86,9,0.05625
13,15,7,1,12,17,63,63,4,0.025
13,16,0,2,6,18,73,71,6,0.0375
13,17,1,2,11,19,107,104,8,0.05
13,18,2,2,22,11,118,119,7,0.04375
13,19,3,2,42,14,144,142,9,0.05625
13,20,4,2,25,17,135,134,10,0.0625
13,21,5,2,17,19,108,109,9,0.05625
13,22,6,2,15,20,105,104,10,0.0625
13,23,7,2,3,22,74,75,3,0.01875
13,24,0,3,16,14,86,85,4,0.025
13,25,1,3,12,13,120,119,8,0.05
13,26,2,3,23,14,131,134,5,0.03125
13,27,3,3,35,12,149,145,9,0.05625
13,28,4,3,29,19,142,140,8,0.05
13,29,5,3,10,21,125,126,8,0.05
13,30,6,3,2,12,97,97,8,0.05
13,31,7,3,4,22,89,88,5,0.03125
13,32,0,4,11,14,84,79,8,0.05
13,33,1,4,9,13,111,109,10,0.0625
13,34,2,4,19,11,120,121,6,0.0375
13,35,3,4,34,15,150,153,4,0.025
13,36,4,4,27,13,144,140,9,0.05625
13,37,5,4,11,25,140,139,9,0.05625
13,38,6,4,17,7,105,103,9,0.05625
13,39,7,4,4,13,85,84,7,0.04375
13,40,0,5,9,11,78,75,7,0.04375
13,41,1,5,9,20,115,115,8,0.05
13,42,2,5,19,8,114,113,10,0.0625
13,43,3,5,37,14,144,141,9,0.05625
13,44,4,5,32,11,141,145,3,0.01875
13,45,5,5,13,20,130,130,9,0.05625
13,46,6,5,9,24,108,108,7,0.04375
13,47,7,5,12,27,100,98,8,0.05
13,48,0,6,10,14,60,61,6,0.0375
13,49,1,6,5,26,92,91,7,0.04375
13,50,2,6,5,16,91,89,8,0.05
13,51,3,6,22,21,118,113,8,0.05
13,52,4,6,36,16,136,134,8,0.05
13,53,5,6,22,20,129,129,8,0.05
13,54,6,6,12,11,91,91,8,0.05
13,55,7,6,14,15,70,74,6,0.0375
13,56,0,7,11,18,42,43,4,0.025
13,57,1,7,8,19,60,62,8,0.05
13,58,2,7,19,10,80,80,7,0.04375
13,59,3,7,33,18,110,111,6,0.0375
13,60,4,7,34,20,121,119,6,0.0375
13,61,5,7,21,20,104,101,9,0.05625
13,62,6,7,20,12,76,75,8,0.05
13,63,7,7,18,16,48,48,5,0.03125
14,0,0,0,5,19,39,39,4,0.025
14,1,1,0,7,23,55,56,7,0.04375
14,2,2,0,9,17,66,67,7,0.04375
14,3,3,0,14,24,91,93,6,0.0375
14,4,4,0,37,15,101,102,5,0.03125
14,5,5,0,19,17,80,86,3,0.01875
14,6,6,0,11,24,65,68,6,0.0375
14,7,7,0,13,11,36,35,5,0.03125
14,8,0,1,4,15,68,69,6,0.0375
14,9,1,1,3,16,79,78,9,0.05625
14,10,2,1,5,20,92,91,9,0.05625
14,11,3,1,24,16,119,117,8,0.05
14,12,4,1,31,18,121,123,5,0.03125
14,13,5,1,26,11,116,117,6,0.0375
14,14,6,1,11,20,100,102,7,0.04375
14,15,7,1,14,16,60,58,5,0.03125
14,16,0,2,13,14,90,88,6,0.0375
14,17,1,2,7,18,98,101,6,0.0375
14,18,2,2,18,14,123,126,5,0.03125
14,19,3,2,37,15,147,149,6,0.0375
14,20,4,2,24,16,134,134,9,0.05625
14,21,5,2,14,22,123,121,12,0.075
14,22,6,2,1,20,105,108,7,0.04375
14,23,7,2,11,16,76,74,5,0.03125
14,24,0,3,9,22,101,101,5,0.03125
14,25,1,3,13,14,106,109,7,0.04375
14,26,2,3,22,14,140,138,6,0.0375
14,27,3,3,38,21,157,161,8,0.05
14,28,4,3,30,11,147,148,9,0.05625
14,29,5,3,13,15,134,133,9,0.05625
14,30,6,3,11,13,116,115,9,0.05625
14,31,7,3,2,19,80,83,4,0.025
14,32,0,4,7,11,87,90,5,0.03125
14,33,1,4,7,16,95,97,8,0.05
14,34,2,4,12,11,128,127,7,0.04375
14,35,3,4,32,9,147,142,6,0.0375
14,36,4,4,38,13,156,153,11,0.06875
14,37,5,4,19,16,142,142,9,0.05625
14,38,6,4,12,22,121,123,7,0.04375
14,39,7,4,11,21,93,95,4,0.025
14,40,0,5,10,19,81,80,7,0.04375
14,41,1,5,9,10,91,91,9,0.05625
14,42,2,5,21,15,130,131,9,0.05625
14,43,3,5,33,13,129,131,6,0.0375
14,44,4,5,37,23,142,139,9,0.05625
14,45,5,5,16,15,126,122,11,0.06875
14,46,6,5,12,20,98,98,7,0.04375
14,47,7,5,4,14,66,71,3,0.01875
14,48,0,6,4,19,60,60,5,0.03125
14,49,1,6,9,16,76,75,8,0.05
14,50,2,6,24,16,113,113,9,0.05625
14,51,3,6,34,19,118,120,6,0.0375
14,52,4,6,21,10,111,111,7,0.04375
14,53,5,6,14,13,102,100,9,0.05625
14,54,6,6,6,19,80,83,6,0.0375
14,55,7,6,8,15,65,66,5,0.03125
14,56,0,7,8,20,40,41,3,0.01875
14,57,1,7,7,15,54,56,6,0.0375
14,58,2,7,15,17,83,83,7,0.04375
14,59,3,7,38,16,107,106,7,0.04375
14,60,4,7,34,18,108,108,7,0.04375
14,61,5,7,18,23,87,92,5,0.03125
14,62,6,7,11,12,54,57,5,0.03125
14,63,7,7,4,17,36,37,4,0.025
15,0,0,0,8,19,39,38,5,0.03125
15,1,1,0,7,10,53,52,7,0.04375
15,2,2,0,24,19,88,91,5,0.03125
15,3,3,0,35,19,116,118,5,0.03125
15,4,4,0,35,19,113,114,6,0.0375
15,5,5,0,29,14,95,93,6,0.0375
15,6,6,0,11,19,71,68,9,0.05625
15,7,7,0,7,11,35,33,6,0.0375
15,8,0,1,4,15,62,63,4,0.025
15,9,1,1,7,11,77,78,7,0.04375
15,10,2,1,14,17,111,111,9,0.05625
15,11,3,1,34,20,138,138,9,0.05625
15,12,4,1,38,15,138,138,6,0.0375
15,13,5,1,22,22,110,109,7,0.04375
15,14,6,1,13,13,91,90,9,0.05625
15,15,7,1,8,15,67,65,7,0.04375
15,16,0,2,5,12,76,78,5,0.03125
15,17,1,2,10,14,91,91,7,0.04375
15,18,2,2,14,18,123,120,9,0.05625
15,19,3,2,24,10,146,143,10,0.0625
15,20,4,2,42,21,162,163,8,0.05
15,21,5,2,23,19,127,131,7,0.04375
15,22,6,2,11,24,105,103,9,0.05625
15,23,7,2,7,13,73,72,6,0.0375
15,24,0,3,4,20,85,87,4,0.025
15,25,1,3,11,12,111,109,8,0.05
15,26,2,3,17,16,137,133,10,0.0625
15,27,3,3,41,12,158,158,8,0.05
15,28,4,3,30,23,164,163,8,0.05
15,29,5,3,15,21,130,132,7,0.04375
15,30,6,3,9,13,112,110,11,0.06875
15,31,7,3,9,20,89,87,5,0.03125
15,32,0,4,5,20,79,80,5,0.03125
15,33,1,4,7,24,107,105,10,0.0625
15,34,2,4,22,16,132,130,9,0.05625
15,35,3,4,32,23,156,159,6,0.0375
15,36,4,4,35,17,160,166,6,0.0375
15,37,5,4,14,19,119,123,6,0.0375
15,38,6,4,7,18,110,109,9,0.05625
15,39,7,4,11,25,99,97,6,0.0375
15,40,0,5,7,17,63,67,4,0.025
15,41,1,5,7,10,93,91,9,0.05625
15,42,2,5,17,17,115,116,8,0.05
15,43,3,5,26,19,145,143,8,0.05
15,44,4,5,42,20,156,155,10,0.0625
15,45,5,5,17,10,121,125,8,0.05
15,46,6,5,10,18,113,112,8,0.05
15,47,7,5,13,16,95,91,6,0.0375
15,48,0,6,9,14,46,47,4,0.025
15,49,1,6,4,12,71,69,9,0.05625
15,50,2,6,12,20,92,95,7,0.04375
15,51,3,6,21,23,131,133,6,0.0375
15,52,4,6,44,17,137,134,9,0.05625
15,53,5,6,22,18,116,118,7,0.04375
15,54,6,6,12,22,100,100,6,0.0375
15,55,7,6,11,26,78,79,4,0.025
15,56,0,7,6,12,31,31,3,0.01875
15,57,1,7,5,15,59,57,8,0.05
15,58,2,7,21,13,73,74,6,0.0375
15,59,3,7,32,19,102,101,7,0.04375
15,60,4,7,36,21,107,107,6,0.0375
15,61,5,7,23,19,95,92,8,0.05
15,62,6,7,6,15,65,62,8,0.05
15,63,7,7,10,15,46,47,4,0.025
16,0,0,0,9,14,38,39,4,0.025
16,1,1,0,9,14,64,65,6,0.0375
16,2,2,0,20,13,86,84,7,0.04375
16,3,3,0,31,13,106,107,5,0.03125
16,4,4,0,35,22,113,111,7,0.04375
16,5,5,0,12,27,91,88,8,0.05
16,6,6,0,7,20,64,65,8,0.05
16,7,7,0,13,18,46,49,4,0.025
16,8,0,1,9,22,67,66,7,0.04375
16,9,1,1,12,12,83,82,9,0.05625
16,10,2,1,18,15,97,100,6,0.0375
16,11,3,1,31,30,137,139,5,0.03125
16,12,4,1,38,13,141,138,7,0.04375
16,13,5,1,21,18,131,126,9,0.05625
16,14,6,1,12,14,91,90,9,0.05625
16,15,7,1,12,13,68,69,7,0.04375
16,16,0,2,7,15,77,75,8,0.05
16,17,1,2,5,17,90,85,10,0.0625
16,18,2,2,17,20,111,113,6,0.0375
16,19,3,2,31,11,145,148,6,0.0375
16,20,4,2,34,19,156,160,5,0.03125
16,21,5,2,20,14,134,136,5,0.03125
16,22,6,2,5,18,100,104,6,0.0375
16,23,7,2,10,17,89,87,7,0.04375
16,24,0,3,8,15,85,82,6,0.0375
16,25,1,3,3,19,97,96,9,0.05625
16,26,2,3,11,17,117,120,6,0.0375
16,27,3,3,27,20,150,149,8,0.05
16,28,4,3,35,16,162,162,9,0.05625
16,29,5,3,20,16,147,145,7,0.04375
16,30,6,3,12,17,113,115,8,0.05
16,31,7,3,9,17,94,93,6,0.0375
16,32,0,4,4,12,77,78,4,0.025
16,33,1,4,7,15,98,99,9,0.05625
16,34,2,4,11,16,125,126,8,0.05
16,35,3,4,27,22,157,154,9,0.05625
16,36,4,4,38,16,165,163,7,0.04375
16,37,5,4,25,13,143,139,9,0.05625
16,38,6,4,10,13,102,100,9,0.05625
16,39,7,4,7,14,84,85,5,0.03125
16,40,0,5,5,10,71,70,4,0.025
16,41,1,5,10,21,87,91,7,0.04375
16,42,2,5,8,17,112,110,10,0.0625
16,43,3,5,22,17,140,142,7,0.04375
16,44,4,5,33,18,152,154,8,0.05
16,45,5,5,25,13,125,125,7,0.04375
16,46,6,5,7,17,92,94,7,0.04375
16,47,7,5,8,23,77,77,5,0.03125
16,48,0,6,5,18,54,54,4,0.025
16,49,1,6,6,19,68,70,8,0.05
16,50,2,6,16,14,96,95,8,0.05
16,51,3,6,26,15,130,126,8,0.05
16,52,4,6,46,13,146,149,6,0.0375
16,53,5,6,25,21,116,113,11,0.06875
16,54,6,6,3,18,82,80,8,0.05
16,55,7,6,9,16,55,54,5,0.03125
16,56,0,7,4,13,30,29,4,0.025
16,57,1,7,5,9,49,48,9,0.05625
16,58,2,7,16,14,79,79,5,0.03125
16,59,3,7,32,21,106,108,6,0.0375
16,60,4,7,36,18,104,102,8,0.05
16,61,5,7,21,16,72,74,7,0.04375
16,62,6,7,8,20,52,50,9,0.05625
16,63,7,7,5,10,23,22,4,0.025
17,0,0,0,19,20,56,55,4,0.025
17,1,1,0,16,28,103,100,9,0.05625
17,2,2,0,32,30,143,142,9,0.05625
17,3,3,0,44,24,157,155,7,0.04375
17,4,4,0,35,35,162,162,7,0.04375
17,5,5,0,20,19,121,120,9,0.05625
17,6,6,0,17,25,100,101,8,0.05
17,7,7,0,22,25,61,63,2,0.0125
17,8,0,1,18,28,96,97,5,0.03125
17,9,1,1,14,23,134,134,9,0.05625
17,10,2,1,24,26,158,155,10,0.0625
17,11,3,1,28,23,174,172,7,0.04375
17,12,4,1,30,19,178,182,4,0.025
17,13,5,1,27,34,164,170,5,0.03125
17,14,6,1,18,25,135,138,6,0.0375
17,15,7,1,23,29,96,98,3,0.01875
17,16,0,2,20,19,116,118,5,0.03125
17,17,1,2,13,21,160,161,9,0.05625
17,18,2,2,21,22,180,176,9,0.05625
17,19,3,2,28,30,214,215,5,0.03125
17,20,4,2,39,24,211,209,6,0.0375
17,21,5,2,23,30,198,196,7,0.04375
17,22,6,2,21,24,165,162,8,0.05
17,23,7,2,28,29,134,137,6,0.0375
17,24,0,3,26,19,121,122,5,0.03125
17,25,1,3,22,34,177,178,9,0.05625
17,26,2,3,21,29,194,192,9,0.05625
17,27,3,3,43,23,233,234,8,0.05
17,28,4,3,33,20,224,228,6,0.0375
17,29,5,3,31,36,225,224,9,0.05625
17,30,6,3,21,28,176,178,7,0.04375
17,31,7,3,20,33,154,155,4,0.025
17,32,0,4,24,25,132,129,5,0.03125
17,33,1,4,19,24,177,179,6,0.0375
17,34,2,4,27,18,199,202,5,0.03125
17,35,3,4,40,25,225,230,5,0.03125
17,36,4,4,36,30,233,230,9,0.05625
17,37,5,4,21,21,203,205,8,0.05
17,38,6,4,24,22,171,171,11,0.06875
17,39,7,4,21,32,145,144,6,0.0375
17,40,0,5,21,23,115,115,4,0.025
17,41,1,5,26,24,170,167,8,0.05
17,42,2,5,23,25,189,191,9,0.05625
17,43,3,5,30,25,207,205,9,0.05625
17,44,4,5,33,27,222,222,8,0.05
17,45,5,5,29,24,198,197,8,0.05
17,46,6,5,21,21,169,166,10,0.0625
17,47,7,5,18,26,127,127,7,0.04375
17,48,0,6,17,19,83,85,3,0.01875
17,49,1,6,18,21,129,128,9,0.05625
17,50,2,6,31,19,159,158,9,0.05625
17,51,3,6,27,23,173,176,7,0.04375
17,52,4,6,27,26,190,187,9,0.05625
17,53,5,6,21,30,169,173,7,0.04375
17,54,6,6,26,25,149,145,11,0.06875
17,55,7,6,18,23,93,90,8,0.05
17,56,0,7,17,23,53,53,4,0.025
17,57,1,7,19,23,90,90,9,0.05625
17,58,2,7,24,23,123,121,6,0.0375
17,59,3,7,39,23,149,146,9,0.05625
17,60,4,7,36,32,155,155,8,0.05
17,61,5,7,25,18,125,122,9,0.05625
17,62,6,7,17,30,102,103,8,0.05
17,63,7,7,21,20,59,60,4,0.025
18,0,0,0,11,17,36,37,4,0.025
18,1,1,0,9,17,58,60,8,0.05
18,2,2,0,18,16,86,86,9,0.05625
18,3,3,0,33,14,106,106,6,0.0375
18,4,4,0,36,26,114,115,6,0.0375
18,5,5,0,18,25,84,87,5,0.03125
18,6,6,0,2,13,53,52,7,0.04375
18,7,7,0,4,21,38,37,3,0.01875
18,8,0,1,8,23,62,65,3,0.01875
18,9,1,1,4,24,92,92,10,0.0625
18,10,2,1,17,15,105,108,7,0.04375
18,11,3,1,30,19,128,125,10,0.0625
18,12,4,1,43,18,149,148,6,0.0375
18,13,5,1,17,12,103,101,7,0.04375
18,14,6,1,9,21,83,82,8,0.05
18,15,7,1,13,12,62,63,4,0.025
18,16,0,2,6,10,73,74,5,0.03125
18,17,1,2,9,12,107,107,11,0.06875
18,18,2,2,15,16,118,122,7,0.04375
18,19,3,2,29,14,139,135,9,0.05625
18,20,4,2,37,17,159,158,8,0.05
18,21,5,2,22,11,122,122,5,0.03125
18,22,6,2,9,14,110,110,7,0.04375
18,23,7,2,4,23,81,83,4,0.025
18,24,0,3,3,13,77,81,2,0.0125
18,25,1,3,8,22,108,106,11,0.06875
18,26,2,3,17,17,135,137,8,0.05
18,27,3,3,32,10,149,147,8,0.05
18,28,4,3,31,11,152,150,7,0.04375
18,29,5,3,12,23,128,132,8,0.05
18,30,6,3,11,24,122,119,9,0.05625
18,31,7,3,5,15,85,86,5,0.03125
18,32,0,4,9,15,78,81,4,0.025
18,33,1,4,10,19,111,110,8,0.05
18,34,2,4,17,23,130,129,6,0.0375
18,35,3,4,28,15,147,143,8,0.05
18,36,4,4,32,20,149,152,6,0.0375
18,37,5,4,19,19,131,133,6,0.0375
18,38,6,4,11,14,119,118,9,0.05625
18,39,7,4,8,14,89,91,5,0.03125
18,40,0,5,7,18,67,66,5,0.03125
18,41,1,5,7,21,99,99,9,0.05625
18,42,2,5,15,11,111,111,6,0.0375
18,43,3,5,27,6,136,140,4,0.025
18,44,4,5,37,15,149,150,5,0.03125
18,45,5,5,14,16,114,115,7,0.04375
18,46,6,5,9,11,103,105,8,0.05
18,47,7,5,9,11,78,79,5,0.03125
18,48,0,6,10,13,58,55,5,0.03125
18,49,1,6,13,13,93,92,10,0.0625
18,50,2,6,25,21,116,115,9,0.05625
18,51,3,6,37,17,132,130,8,0.05
18,52,4,6,25,19,122,122,8,0.05
18,53,5,6,17,22,99,100,7,0.04375
18,54,6,6,6,21,94,96,8,0.05
18,55,7,6,11,16,67,70,5,0.03125
18,56,0,7,7,14,33,32,4,0.025
18,57,1,7,5,12,58,58,7,0.04375
18,58,2,7,20,17,85,88,5,0.03125
18,59,3,7,34,25,113,115,6,0.0375
18,60,4,7,29,19,104,108,4,0.025
18,61,5,7,20,16,81,83,8,0.05
18,62,6,7,7,17,61,62,7,0.04375
18,63,7,7,9,19,40,40,4,0.025
19,0,0,0,6,17,43,43,4,0.025
19,1,1,0,13,22,70,71,7,0.04375
19,2,2,0,25,15,89,92,6,0.0375
19,3,3,0,33,13,108,107,7,0.04375
19,4,4,0,29,12,98,98,7,0.04375
19,5,5,0,11,10,73,72,6,0.0375
19,6,6,0,13,16,60,61,7,0.04375
19,7,7,0,4,24,41,39,4,0.025
19,8,0,1,10,23,78,75,5,0.03125
19,9,1,1,15,18,104,104,8,0.05
19,10,2,1,22,22,123,123,6,0.0375
19,11,3,1,33,20,131,134,8,0.05
19,12,4,1,25,18,108,107,7,0.04375
19,13,5,1,24,21,106,105,10,0.0625
19,14,6,1,4,14,88,88,8,0.05
19,15,7,1,7,13,66,66,4,0.025
19,16,0,2,10,17,85,82,7,0.04375
19,17,1,2,10,15,109,111,8,0.05
19,18,2,2,37,14,150,148,7,0.04375
19,19,3,2,37,17,156,154,12,0.075
19,20,4,2,27,20,124,126,6,0.0375
19,21,5,2,12,13,105,103,7,0.04375
19,22,6,2,5,17,97,95,10,0.0625
19,23,7,2,9,14,80,80,4,0.025
19,24,0,3,8,20,80,76,4,0.025
19,25,1,3,8,17,101,103,9,0.05625
19,26,2,3,10,15,132,132,8,0.05
19,27,3,3,31,18,156,154,10,0.0625
19,28,4,3,30,14,131,134,5,0.03125
19,29,5,3,25,16,126,124,8,0.05
19,30,6,3,4,12,106,108,9,0.05625
19,31,7,3,7,19,93,92,5,0.03125
19,32,0,4,4,13,78,78,4,0.025
19,33,1,4,6,10,100,100,8,0.05
19,34,2,4,19,18,141,136,9,0.05625
19,35,3,4,33,23,166,167,5,0.03125
19,36,4,4,28,17,154,153,6,0.0375
19,37,5,4,25,15,143,139,8,0.05
19,38,6,4,10,18,113,115,8,0.05
19,39,7,4,14,24,95,94,6,0.0375
19,40,0,5,9,14,79,79,5,0.03125
19,41,1,5,5,19,97,100,6,0.0375
19,42,2,5,22,16,126,127,8,0.05
19,43,3,5,35,14,156,153,8,0.05
19,44,4,5,32,15,144,144,8,0.05
19,45,5,5,21,20,135,135,8,0.05
19,46,6,5,6,18,108,107,9,0.05625
19,47,7,5,9,18,84,86,4,0.025
19,48,0,6,11,13,63,65,4,0.025
19,49,1,6,9,20,88,90,8,0.05
19,50,2,6,24,19,120,121,8,0.05
19,51,3,6,39,18,141,141,7,0.04375
19,52,4,6,16,21,105,107,8,0.05
19,53,5,6,18,20,110,108,8,0.05
19,54,6,6,8,21,93,92,10,0.0625
19,55,7,6,11,15,72,71,5,0.03125
19,56,0,7,9,12,36,37,4,0.025
19,57,1,7,6,23,64,64,8,0.05
19,58,2,7,16,15,83,80,6,0.0375
19,59,3,7,39,14,110,111,6,0.0375
19,60,4,7,30,11,99,96,6,0.0375
19,61,5,7,10,16,78,78,7,0.04375
19,62,6,7,13,17,61,62,7,0.04375
19,63,7,7,6,13,36,36,3,0.01875
20,0,0,0,9,21,44,42,5,0.03125
20,1,1,0,9,19,73,72,8,0.05
20,2,2,0,22,31,104,104,5,0.03125
20,3,3,0,35,7,99,100,6,0.0375
20,4,4,0,39,9,106,104,7,0.04375
20,5,5,0,18,14,84,83,7,0.04375
20,6,6,0,6,16,53,53,8,0.05
20,7,7,0,10,17,38,38,5,0.03125
20,8,0,1,12,10,60,60,5,0.03125
20,9,1,1,10,16,97,95,11,0.06875
20,10,2,1,26,21,126,125,7,0.04375
20,11,3,1,38,14,127,128,7,0.04375
20,12,4,1,29,9,113,112,6,0.0375
20,13,5,1,8,11,93,93,10,0.0625
20,14,6,1,5,20,81,79,9,0.05625
20,15,7,1,6,16,62,60,6,0.0375
20,16,0,2,2,12,64,67,5,0.03125
20,17,1,2,11,22,118,116,10,0.0625
20,18,2,2,16,15,129,126,11,0.06875
20,19,3,2,31,22,141,146,6,0.0375
20,20,4,2,32,11,131,131,7,0.04375
20,21,5,2,20,25,136,136,9,0.05625
20,22,6,2,8,14,105,108,8,0.05
20,23,7,2,13,23,91,89,6,0.0375
20,24,0,3,19,17,88,90,3,0.01875
20,25,1,3,5,19,118,117,8,0.05
20,26,2,3,21,21,142,139,8,0.05
20,27,3,3,30,20,163,164,9,0.05625
20,28,4,3,27,19,143,139,6,0.0375
20,29,5,3,14,13,129,130,8,0.05
20,30,6,3,6,19,106,105,9,0.05625
20,31,7,3,7,15,86,86,5,0.03125
20,32,0,4,14,12,85,82,5,0.03125
20,33,1,4,13,19,121,120,9,0.05625
20,34,2,4,12,16,127,131,7,0.04375
20,35,3,4,35,14,160,160,8,0.05
20,36,4,4,37,16,146,146,7,0.04375
20,37,5,4,23,13,132,133,9,0.05625
20,38,6,4,14,19,119,118,10,0.0625
20,39,7,4,8,13,88,89,4,0.025
20,40,0,5,9,24,85,86,4,0.025
20,41,1,5,14,23,114,113,6,0.0375
20,42,2,5,20,14,130,132,6,0.0375
20,43,3,5,43,18,156,154,9,0.05625
20,44,4,5,24,14,128,128,6,0.0375
20,45,5,5,9,15,102,101,8,0.05
20,46,6,5,4,13,91,91,8,0.05
20,47,7,5,5,18,77,75,5,0.03125
20,48,0,6,8,17,72,70,5,0.03125
20,49,1,6,8,17,87,89,6,0.0375
20,50,2,6,22,20,113,114,8,0.05
20,51,3,6,34,28,131,134,3,0.01875
20,52,4,6,32,15,113,114,7,0.04375
20,53,5,6,13,17,90,92,5,0.03125
20,54,6,6,4,21,80,82,7,0.04375
20,55,7,6,3,23,65,67,4,0.025
20,56,0,7,5,21,45,43,4,0.025
20,57,1,7,10,17,64,65,8,0.05
20,58,2,7,23,17,88,88,7,0.04375
20,59,3,7,39,19,107,106,6,0.0375
20,60,4,7,24,13,91,90,7,0.04375
20,61,5,7,20,11,70,71,7,0.04375
20,62,6,7,8,13,57,54,9,0.05625
20,63,7,7,6,16,39,38,5,0.03125
21,0,0,0,9,19,42,44,4,0.025
21,1,1,0,7,16,61,61,7,0.04375
21,2,2,0,18,14,87,83,8,0.05
21,3,3,0,37,21,120,119,7,0.04375
21,4,4,0,29,20,111,112,7,0.04375
21,5,5,0,10,16,73,74,7,0.04375
21,6,6,0,10,21,60,60,8,0.05
21,7,7,0,5,16,34,34,4,0.025
21,8,0,1,7,20,73,74,4,0.025
21,9,1,1,9,18,87,91,7,0.04375
21,10,2,1,16,22,113,110,8,0.05
21,11,3,1,30,11,137,138,6,0.0375
21,12,4,1,37,16,137,137,8,0.05
21,13,5,1,18,21,105,107,6,0.0375
21,14,6,1,7,17,75,76,7,0.04375
21,15,7,1,2,16,51,52,4,0.025
21,16,0,2,9,21,94,92,6,0.0375
21,17,1,2,8,15,107,108,9,0.05625
21,18,2,2,16,12,128,132,6,0.0375
21,19,3,2,41,21,163,165,6,0.0375
21,20,4,2,27,15,144,140,7,0.04375
21,21,5,2,13,9,110,110,9,0.05625
21,22,6,2,6,9,74,74,8,0.05
21,23,7,2,1,18,69,69,6,0.0375
21,24,0,3,6,14,96,94,4,0.025
21,25,1,3,12,14,115,116,6,0.0375
21,26,2,3,29,18,149,149,10,0.0625
21,27,3,3,41,20,162,167,6,0.0375
21,28,4,3,27,19,150,153,6,0.0375
21,29,5,3,13,15,114,118,5,0.03125
21,30,6,3,7,24,98,97,10,0.0625
21,31,7,3,8,15,82,81,6,0.0375
21,32,0,4,7,12,87,87,5,0.03125
21,33,1,4,5,17,99,103,5,0.03125
21,34,2,4,13,13,127,124,9,0.05625
21,35,3,4,33,16,149,149,7,0.04375
21,36,4,4,36,13,157,157,8,0.05
21,37,5,4,16,13,123,124,8,0.05
21,38,6,4,7,16,112,112,9,0.05625
21,39,7,4,12,15,86,84,5,0.03125
21,40,0,5,12,19,89,89,5,0.03125
21,41,1,5,8,16,103,103,7,0.04375
21,42,2,5,20,18,134,129,9,0.05625
21,43,3,5,34,14,143,144,9,0.05625
21,44,4,5,29,21,139,138,9,0.05625
21,45,5,5,12,18,116,117,9,0.05625
21,46,6,5,13,21,105,106,7,0.04375
21,47,7,5,6,12,68,69,5,0.03125
21,48,0,6,8,17,67,67,5,0.03125
21,49,1,6,8,13,84,85,6,0.0375
21,50,2,6,19,17,114,115,7,0.04375
21,51,3,6,36,22,138,138,5,0.03125
21,52,4,6,24,14,124,124,6,0.0375
21,53,5,6,11,13,102,102,7,0.04375
21,54,6,6,12,15,77,78,7,0.04375
21,55,7,6,7,14,55,54,3,0.01875
21,56,0,7,11,16,41,43,4,0.025
21,57,1,7,7,19,67,68,7,0.04375
21,58,2,7,21,17,96,96,7,0.04375
21,59,3,7,43,13,117,116,7,0.04375
21,60,4,7,35,20,112,115,5,0.03125
21,61,5,7,15,18,77,77,6,0.0375
21,62,6,7,5,14,41,45,6,0.0375
21,63,7,7,7,15,32,33,4,0.025
22,0,0,0,11,10,34,33,4,0.025
22,1,1,0,4,20,57,57,8,0.05
22,2,2,0,8,20,77,78,8,0.05
22,3,3,0,31,14,96,97,6,0.0375
22,4,4,0,43,17,118,115,10,0.0625
22,5,5,0,25,13,91,90,9,0.05625
22,6,6,0,7,24,64,65,6,0.0375
22,7,7,0,8,10,35,36,3,0.01875
22,8,0,1,12,15,58,58,5,0.03125
22,9,1,1,10,17,85,85,7,0.04375
22,10,2,1,21,19,110,110,10,0.0625
22,11,3,1,33,15,115,113,8,0.05
22,12,4,1,26,16,124,125,6,0.0375
22,13,5,1,7,18,98,98,8,0.05
22,14,6,1,0,13,74,76,7,0.04375
22,15,7,1,12,13,59,60,4,0.025
22,16,0,2,5,18,73,70,9,0.05625
22,17,1,2,5,14,92,91,10,0.0625
22,18,2,2,24,11,123,121,10,0.0625
22,19,3,2,34,19,136,133,7,0.04375
22,20,4,2,28,18,139,142,6,0.0375
22,21,5,2,6,18,113,114,7,0.04375
22,22,6,2,10,12,97,97,8,0.05
22,23,7,2,4,21,72,72,4,0.025
22,24,0,3,11,16,84,84,6,0.0375
22,25,1,3,9,15,113,114,7,0.04375
22,26,2,3,19,21,142,144,7,0.04375
22,27,3,3,43,10,147,144,7,0.04375
22,28,4,3,36,16,152,152,5,0.03125
22,29,5,3,9,18,123,120,7,0.04375
22,30,6,3,7,16,95,97,6,0.0375
22,31,7,3,5,20,81,81,5,0.03125
22,32,0,4,11,10,83,84,5,0.03125
22,33,1,4,11,13,116,113,9,0.05625
22,34,2,4,17,15,138,138,10,0.0625
22,35,3,4,34,16,155,156,6,0.0375
22,36,4,4,30,15,146,146,7,0.04375
22,37,5,4,15,13,115,114,10,0.0625
22,38,6,4,12,13,84,87,8,0.05
22,39,7,4,4,12,71,74,4,0.025
22,40,0,5,11,16,84,83,5,0.03125
22,41,1,5,10,16,114,111,8,0.05
22,42,2,5,24,20,146,145,10,0.0625
22,43,3,5,33,10,145,144,10,0.0625
22,44,4,5,21,11,127,130,6,0.0375
22,45,5,5,12,15,110,107,9,0.05625
22,46,6,5,4,15,79,78,8,0.05
22,47,7,5,7,19,71,69,5,0.03125
22,48,0,6,10,21,67,69,4,0.025
22,49,1,6,12,23,97,93,9,0.05625
22,50,2,6,28,21,124,125,5,0.03125
22,51,3,6,30,15,131,129,6,0.0375
22,52,4,6,24,20,123,124,6,0.0375
22,53,5,6,16,15,93,90,7,0.04375
22,54,6,6,2,14,56,55,8,0.05
22,55,7,6,2,17,49,49,5,0.03125
22,56,0,7,4,18,31,30,4,0.025
22,57,1,7,12,12,52,52,7,0.04375
22,58,2,7,14,19,81,81,7,0.04375
22,59,3,7,45,19,117,117,7,0.04375
22,60,4,7,30,17,105,104,6,0.0375
22,61,5,7,13,19,80,80,6,0.0375
22,62,6,7,9,7,51,49,7,0.04375
22,63,7,7,7,15,35,37,2,0.0125
23,0,0,0,28,24,73,71,6,0.0375
23,1,1,0,26,27,120,123,5,0.03125
23,2,2,0,33,28,145,149,5,0.03125
23,3,3,0,34,25,153,151,8,0.05
23,4,4,0,32,26,145,148,7,0.04375
23,5,5,0,36,23,131,135,5,0.03125
23,6,6,0,22,32,109,109,6,0.0375
23,7,7,0,23,26,61,62,3,0.01875
23,8,0,1,16,20,101,100,6,0.0375
23,9,1,1,20,27,140,140,7,0.04375
23,10,2,1,24,23,167,168,9,0.05625
23,11,3,1,30,32,192,192,8,0.05
23,12,4,1,22,23,172,172,6,0.0375
23,13,5,1,17,23,156,152,10,0.0625
23,14,6,1,21,15,139,137,9,0.05625
23,15,7,1,20,26,100,98,5,0.03125
23,16,0,2,18,25,127,131,6,0.0375
23,17,1,2,21,25,162,162,10,0.0625
23,18,2,2,23,30,192,195,7,0.04375
23,19,3,2,33,32,215,215,7,0.04375
23,20,4,2,38,25,216,215,9,0.05625
23,21,5,2,30,24,194,194,7,0.04375
23,22,6,2,16,34,171,170,8,0.05
23,23,7,2,22,22,127,128,4,0.025
23,24,0,3,19,20,143,143,5,0.03125
23,25,1,3,16,26,178,175,10,0.0625
23,26,2,3,31,28,222,222,6,0.0375
23,27,3,3,35,32,242,242,8,0.05
23,28,4,3,30,21,216,215,7,0.04375
23,29,5,3,28,30,206,205,8,0.05
23,30,6,3,17,18,161,159,11,0.06875
23,31,7,3,25,21,137,139,4,0.025
23,32,0,4,19,31,138,136,7,0.04375
23,33,1,4,20,16,166,163,9,0.05625
23,34,2,4,27,27,217,219,8,0.05
23,35,3,4,38,23,249,249,6,0.0375
23,36,4,4,39,28,214,215,7,0.04375
23,37,5,4,22,30,197,199,8,0.05
23,38,6,4,16,14,157,152,12,0.075
23,39,7,4,24,23,144,141,5,0.03125
23,40,0,5,28,26,135,135,6,0.0375
23,41,1,5,20,22,154,153,10,0.0625
23,42,2,5,27,24,190,193,8,0.05
23,43,3,5,34,30,238,240,7,0.04375
23,44,4,5,29,16,191,189,8,0.05
23,45,5,5,29,20,193,195,9,0.05625
23,46,6,5,21,20,154,155,7,0.04375
23,47,7,5,24,19,127,125,8,0.05
23,48,0,6,22,22,109,107,4,0.025
23,49,1,6,20,22,124,125,7,0.04375
23,50,2,6,32,22,159,157,8,0.05
23,51,3,6,32,27,197,198,7,0.04375
23,52,4,6,26,21,164,162,8,0.05
23,53,5,6,28,36,172,174,8,0.05
23,54,6,6,20,27,141,139,9,0.05625
23,55,7,6,20,21,111,110,6,0.0375
23,56,0,7,20,36,69,69,5,0.03125
23,57,1,7,19,24,91,91,6,0.0375
23,58,2,7,28,23,122,124,6,0.0375
23,59,3,7,31,30,157,158,7,0.04375
23,60,4,7,42,27,158,158,6,0.0375
23,61,5,7,22,26,137,134,10,0.0625
23,62,6,7,14,25,101,101,8,0.05
23,63,7,7,27,28,79,74,6,0.0375
24,0,0,0,6,14,33,36,4,0.025
24,1,1,0,5,16,56,52,8,0.05
24,2,2,0,9,18,70,67,7,0.04375
24,3,3,0,20,14,86,86,8,0.05
24,4,4,0,35,13,104,106,5,0.03125
24,5,5,0,27,9,95,91,8,0.05
24,6,6,0,19,13,79,79,7,0.04375
24,7,7,0,13,18,51,50,3,0.01875
24,8,0,1,8,30,71,72,5,0.03125
24,9,1,1,7,27,88,87,7,0.04375
24,10,2,1,18,16,102,103,8,0.05
24,11,3,1,25,20,125,126,7,0.04375
24,12,4,1,38,23,137,138,6,0.0375
24,13,5,1,30,21,116,120,7,0.04375
24,14,6,1,6,21,93,91,10,0.0625
24,15,7,1,13,16,71,70,7,0.04375
24,16,0,2,5,16,81,83,4,0.025
24,17,1,2,2,13,89,91,9,0.05625
24,18,2,2,9,9,111,109,9,0.05625
24,19,3,2,19,19,131,129,9,0.05625
24,20,4,2,31,16,145,145,8,0.05
24,21,5,2,29,18,151,152,8,0.05
24,22,6,2,17,22,128,127,8,0.05
24,23,7,2,12,19,96,95,5,0.03125
24,24,0,3,9,15,92,89,7,0.04375
24,25,1,3,11,16,110,112,9,0.05625
24,26,2,3,26,17,143,144,6,0.0375
24,27,3,3,36,13,150,152,6,0.0375
24,28,4,3,16,19,138,137,6,0.0375
24,29,5,3,17,10,128,127,9,0.05625
24,30,6,3,7,15,108,108,9,0.05625
24,31,7,3,0,23,90,88,6,0.0375
24,32,0,4,8,25,96,97,5,0.03125
24,33,1,4,9,21,98,99,10,0.0625
24,34,2,4,16,23,136,134,10,0.0625
24,35,3,4,32,14,148,146,8,0.05
24,36,4,4,32,17,161,157,9,0.05625
24,37,5,4,21,15,139,139,7,0.04375
24,38,6,4,10,11,110,112,11,0.06875
24,39,7,4,4,20,89,90,4,0.025
24,40,0,5,8,21,92,92,6,0.0375
24,41,1,5,13,15,83,86,8,0.05
24,42,2,5,13,14,118,117,7,0.04375
24,43,3,5,30,20,140,142,7,0.04375
24,44,4,5,34,16,157,155,9,0.05625
24,45,5,5,23,13,130,128,9,0.05625
24,46,6,5,14,14,107,105,7,0.04375
24,47,7,5,8,17,79,83,5,0.03125
24,48,0,6,10,18,77,77,6,0.0375
24,49,1,6,6,12,77,78,8,0.05
24,50,2,6,17,20,109,106,9,0.05625
24,51,3,6,41,13,129,129,4,0.025
24,52,4,6,30,18,127,129,5,0.03125
24,53,5,6,15,23,113,112,7,0.04375
24,54,6,6,7,20,91,91,9,0.05625
24,55,7,6,7,17,64,62,8,0.05
24,56,0,7,9,19,43,44,3,0.01875
24,57,1,7,4,12,54,51,10,0.0625
24,58,2,7,18,16,79,79,6,0.0375
24,59,3,7,38,18,107,106,7,0.04375
24,60,4,7,37,12,104,102,9,0.05625
24,61,5,7,21,20,95,97,7,0.04375
24,62,6,7,14,21,73,73,8,0.05
24,63,7,7,8,17,40,43,4,0.025
25,0,0,0,5,21,37,36,5,0.03125
25,1,1,0,7,13,51,52,8,0.05
25,2,2,0,17,14,74,75,7,0.04375
25,3,3,0,31,14,104,107,6,0.0375
25,4,4,0,35,19,113,112,5,0.03125
25,5,5,0,26,20,92,94,7,0.04375
25,6,6,0,7,15,59,60,6,0.0375
25,7,7,0,5,18,34,34,4,0.025
25,8,0,1,4,16,56,56,4,0.025
25,9,1,1,6,19,77,77,9,0.05625
25,10,2,1,16,10,93,92,8,0.05
25,11,3,1,38,19,135,133,8,0.05
25,12,4,1,33,11,129,124,8,0.05
25,13,5,1,23,23,124,124,7,0.04375
25,14,6,1,8,17,84,85,9,0.05625
25,15,7,1,6,15,54,57,4,0.025
25,16,0,2,8,13,78,77,5,0.03125
25,17,1,2,9,15,105,103,10,0.0625
25,18,2,2,11,13,113,113,9,0.05625
25,19,3,2,34,18,151,154,8,0.05
25,20,4,2,38,23,153,155,6,0.0375
25,21,5,2,27,20,148,146,9,0.05625
25,22,6,2,7,19,109,110,9,0.05625
25,23,7,2,13,13,81,82,5,0.03125
25,24,0,3,10,15,101,105,5,0.03125
25,25,1,3,7,13,112,111,8,0.05
25,26,2,3,14,22,136,132,11,0.06875
25,27,3,3,39,18,156,154,8,0.05
25,28,4,3,28,14,141,140,7,0.04375
25,29,5,3,6,8,114,113,11,0.06875
25,30,6,3,8,19,95,97,8,0.05
25,31,7,3,8,14,85,87,4,0.025
25,32,0,4,2,22,92,93,6,0.0375
25,33,1,4,7,18,99,99,10,0.0625
25,34,2,4,15,17,126,127,9,0.05625
25,35,3,4,32,17,141,143,7,0.04375
25,36,4,4,27,17,145,147,8,0.05
25,37,5,4,17,13,122,122,7,0.04375
25,38,6,4,8,14,99,101,8,0.05
25,39,7,4,16,21,88,89,5,0.03125
25,40,0,5,11,15,85,84,6,0.0375
25,41,1,5,10,22,107,107,9,0.05625
25,42,2,5,21,21,130,129,9,0.05625
25,43,3,5,23,15,130,130,6,0.0375
25,44,4,5,33,13,138,142,6,0.0375
25,45,5,5,14,25,116,117,7,0.04375
25,46,6,5,5,23,93,94,7,0.04375
25,47,7,5,7,19,71,70,5,0.03125
25,48,0,6,7,11,58,59,5,0.03125
25,49,1,6,10,14,87,84,10,0.0625
25,50,2,6,12,12,112,114,9,0.05625
25,51,3,6,28,18,116,115,7,0.04375
25,52,4,6,32,17,127,124,7,0.04375
25,53,5,6,21,16,105,104,8,0.05
25,54,6,6,12,15,78,81,6,0.0375
25,55,7,6,7,13,57,59,6,0.0375
25,56,0,7,9,13,38,37,4,0.025
25,57,1,7,7,17,56,58,8,0.05
25,58,2,7,21,20,94,93,6,0.0375
25,59,3,7,37,16,108,108,8,0.05
25,60,4,7,27,16,100,101,6,0.0375
25,61,5,7,15,12,72,72,7,0.04375
25,62,6,7,3,16,54,56,6,0.0375
25,63,7,7,8,19,39,41,2,0.0125
26,0,0,0,11,21,43,44,3,0.01875
26,1,1,0,3,16,49,50,7,0.04375
26,2,2,0,18,17,87,87,6,0.0375
26,3,3,0,43,16,110,110,5,0.03125
26,4,4,0,27,18,107,106,7,0.04375
26,5,5,0,21,13,87,87,6,0.0375
26,6,6,0,8,12,63,61,8,0.05
26,7,7,0,14,19,51,50,4,0.025
26,8,0,1,13,17,70,69,5,0.03125
26,9,1,1,14,15,87,88,8,0.05
26,10,2,1,33,26,136,137,8,0.05
26,11,3,1,31,10,121,124,6,0.0375
26,12,4,1,29,24,139,140,8,0.05
26,13,5,1,16,25,114,117,5,0.03125
26,14,6,1,11,16,83,82,11,0.06875
26,15,7,1,6,14,66,65,4,0.025
26,16,0,2,9,16,81,80,6,0.0375
26,17,1,2,9,7,82,85,8,0.05
26,18,2,2,16,18,126,127,7,0.04375
26,19,3,2,33,14,144,141,10,0.0625
26,20,4,2,28,20,154,153,7,0.04375
26,21,5,2,13,17,131,130,7,0.04375
26,22,6,2,11,19,106,106,9,0.05625
26,23,7,2,6,10,86,83,7,0.04375
26,24,0,3,3,19,85,86,4,0.025
26,25,1,3,15,11,97,96,9,0.05625
26,26,2,3,16,22,127,130,8,0.05
26,27,3,3,30,23,146,150,4,0.025
26,28,4,3,38,7,160,158,9,0.05625
26,29,5,3,13,21,135,140,6,0.0375
26,30,6,3,3,14,104,102,8,0.05
26,31,7,3,8,21,94,93,5,0.03125
26,32,0,4,10,18,83,84,5,0.03125
26,33,1,4,7,12,90,94,7,0.04375
26,34,2,4,22,14,120,119,9,0.05625
26,35,3,4,33,21,149,148,6,0.0375
26,36,4,4,27,15,150,154,6,0.0375
26,37,5,4,17,16,142,138,9,0.05625
26,38,6,4,13,13,115,113,9,0.05625
26,39,7,4,3,14,91,91,3,0.01875
26,40,0,5,3,15,64,65,5,0.03125
26,41,1,5,0,16,88,87,10,0.0625
26,42,2,5,8,17,104,107,7,0.04375
26,43,3,5,22,13,128,127,7,0.04375
26,44,4,5,35,16,152,146,9,0.05625
26,45,5,5,32,23,148,148,9,0.05625
26,46,6,5,14,21,113,108,12,0.075
26,47,7,5,13,24,95,95,5,0.03125
26,48,0,6,3,11,53,53,4,0.025
26,49,1,6,6,19,71,74,8,0.05
26,50,2,6,8,19,81,83,7,0.04375
26,51,3,6,14,18,116,115,9,0.05625
26,52,4,6,35,18,125,127,6,0.0375
26,53,5,6,30,13,121,123,7,0.04375
26,54,6,6,14,18,88,89,7,0.04375
26,55,7,6,12,15,66,67,4,0.025
26,56,0,7,6,22,43,43,3,0.01875
26,57,1,7,12,18,65,64,7,0.04375
26,58,2,7,20,13,79,81,5,0.03125
26,59,3,7,37,15,115,119,3,0.01875
26,60,4,7,29,13,102,102,6,0.0375
26,61,5,7,24,17,89,87,9,0.05625
26,62,6,7,12,12,55,53,7,0.04375
26,63,7,7,9,17,40,38,4,0.025
27,0,0,0,8,15,35,34,5,0.03125
27,1,1,0,14,25,77,76,8,0.05
27,2,2,0,17,18,89,86,8,0.05
27,3,3,0,33,18,114,113,6,0.0375
27,4,4,0,30,19,109,111,5,0.03125
27,5,5,0,20,21,95,93,8,0.05
27,6,6,0,16,12,63,63,8,0.05
27,7,7,0,10,15,44,44,4,0.025
27,8,0,1,10,19,65,66,5,0.03125
27,9,1,1,9,14,96,96,8,0.05
27,10,2,1,21,18,116,117,6,0.0375
27,11,3,1,39,21,136,134,9,0.05625
27,12,4,1,29,18,115,116,8,0.05
27,13,5,1,14,15,102,100,6,0.0375
27,14,6,1,5,20,71,75,6,0.0375
27,15,7,1,5,18,60,60,5,0.03125
27,16,0,2,3,14,70,70,5,0.03125
27,17,1,2,7,11,95,93,9,0.05625
27,18,2,2,19,19,129,128,6,0.0375
27,19,3,2,19,12,122,126,5,0.03125
27,20,4,2,36,20,142,142,5,0.03125
27,21,5,2,22,18,133,134,9,0.05625
27,22,6,2,11,16,117,117,7,0.04375
27,23,7,2,21,12,86,87,6,0.0375
27,24,0,3,10,19,88,87,4,0.025
27,25,1,3,5,13,109,109,10,0.0625
27,26,2,3,16,9,142,142,7,0.04375
27,27,3,3,32,18,156,149,10,0.0625
27,28,4,3,34,10,147,151,6,0.0375
27,29,5,3,19,23,146,142,7,0.04375
27,30,6,3,10,21,118,119,9,0.05625
27,31,7,3,10,22,89,90,4,0.025
27,32,0,4,6,19,80,81,4,0.025
27,33,1,4,11,20,116,110,10,0.0625
27,34,2,4,17,23,144,144,9,0.05625
27,35,3,4,30,16,147,145,8,0.05
27,36,4,4,42,10,150,150,5,0.03125
27,37,5,4,17,18,138,143,7,0.04375
27,38,6,4,5,21,120,124,6,0.0375
27,39,7,4,10,16,87,87,5,0.03125
27,40,0,5,7,9,59,61,4,0.025
27,41,1,5,8,13,90,91,8,0.05
27,42,2,5,16,18,114,112,9,0.05625
27,43,3,5,23,17,131,127,9,0.05625
27,44,4,5,33,22,143,143,11,0.06875
27,45,5,5,15,13,121,122,8,0.05
27,46,6,5,8,14,104,108,8,0.05
27,47,7,5,6,20,72,72,5,0.03125
27,48,0,6,2,10,45,45,5,0.03125
27,49,1,6,6,21,86,84,9,0.05625
27,50,2,6,15,15,97,96,6,0.0375
27,51,3,6,18,19,107,107,8,0.05
27,52,4,6,34,18,141,139,8,0.05
27,53,5,6,23,17,124,123,9,0.05625
27,54,6,6,13,18,101,97,10,0.0625
27,55,7,6,13,18,66,65,5,0.03125
27,56,0,7,11,17,39,39,4,0.025
27,57,1,7,13,18,67,70,6,0.0375
27,58,2,7,33,11,96,96,5,0.03125
27,59,3,7,39,16,106,102,6,0.0375
27,60,4,7,22,18,90,92,4,0.025
27,61,5,7,11,17,65,67,6,0.0375
27,62,6,7,2,28,55,54,8,0.05
27,63,7,7,8,18,36,36,4,0.025
28,0,0,0,10,17,39,40,4,0.025
28,1,1,0,7,15,54,53,9,0.05625
28,2,2,0,17,17,85,88,7,0.04375
28,3,3,0,38,14,107,106,6,0.0375
28,4,4,0,33,8,95,95,3,0.01875
28,5,5,0,9,13,73,75,6,0.0375
28,6,6,0,9,17,60,62,6,0.0375
28,7,7,0,7,23,40,42,3,0.01875
28,8,0,1,3,12,53,53,5,0.03125
28,9,1,1,12,12,62,62,8,0.05
28,10,2,1,18,18,102,97,11,0.06875
28,11,3,1,38,16,125,124,8,0.05
28,12,4,1,21,22,107,108,7,0.04375
28,13,5,1,5,18,93,92,7,0.04375
28,14,6,1,6,26,90,89,8,0.05
28,15,7,1,8,14,52,51,5,0.03125
28,16,0,2,6,17,70,73,2,0.0125
28,17,1,2,10,15,78,80,8,0.05
28,18,2,2,15,13,120,120,7,0.04375
28,19,3,2,27,20,143,140,7,0.04375
28,20,4,2,35,15,132,132,7,0.04375
28,21,5,2,19,9,119,118,9,0.05625
28,22,6,2,13,13,110,107,11,0.06875
28,23,7,2,3,10,58,61,4,0.025
28,24,0,3,6,22,81,80,5,0.03125
28,25,1,3,9,18,97,100,7,0.04375
28,26,2,3,18,14,134,133,9,0.05625
28,27,3,3,29,13,136,141,6,0.0375
28,28,4,3,35,16,140,140,7,0.04375
28,29,5,3,23,8,131,130,9,0.05625
28,30,6,3,10,22,115,116,7,0.04375
28,31,7,3,9,16,74,76,3,0.01875
28,32,0,4,13,11,81,80,4,0.025
28,33,1,4,7,20,108,110,9,0.05625
28,34,2,4,17,16,141,141,9,0.05625
28,35,3,4,28,11,144,144,7,0.04375
28,36,4,4,33,17,137,135,7,0.04375
28,37,5,4,17,23,140,136,9,0.05625
28,38,6,4,11,16,121,115,11,0.06875
28,39,7,4,8,13,79,78,5,0.03125
28,40,0,5,6,8,72,70,3,0.01875
28,41,1,5,6,14,101,100,9,0.05625
28,42,2,5,10,17,117,117,9,0.05625
28,43,3,5,30,8,128,131,7,0.04375
28,44,4,5,30,15,129,132,7,0.04375
28,45,5,5,18,14,124,122,10,0.0625
28,46,6,5,6,16,98,100,7,0.04375
28,47,7,5,7,17,73,73,5,0.03125
28,48,0,6,9,13,67,66,4,0.025
28,49,1,6,5,18,91,91,9,0.05625
28,50,2,6,14,15,100,101,7,0.04375
28,51,3,6,29,21,118,120,7,0.04375
28,52,4,6,33,18,123,124,7,0.04375
28,53,5,6,25,16,119,118,8,0.05
28,54,6,6,11,18,85,88,8,0.05
28,55,7,6,4,16,59,59,3,0.01875
28,56,0,7,9,19,40,40,5,0.03125
28,57,1,7,8,21,69,65,9,0.05625
28,58,2,7,21,17,90,89,5,0.03125
28,59,3,7,34,19,109,109,7,0.04375
28,60,4,7,37,10,102,102,6,0.0375
28,61,5,7,21,17,80,80,8,0.05
28,62,6,7,9,16,52,53,7,0.04375
28,63,7,7,6,17,35,34,4,0.025
29,0,0,0,24,22,56,56,4,0.025
29,1,1,0,21,19,100,99,10,0.0625
29,2,2,0,26,31,134,133,7,0.04375
29,3,3,0,38,32,159,160,5,0.03125
29,4,4,0,39,30,161,161,5,0.03125
29,5,5,0,27,22,127,126,8,0.05
29,6,6,0,25,26,106,103,8,0.05
29,7,7,0,21,21,60,58,4,0.025
29,8,0,1,17,19,84,83,5,0.03125
29,9,1,1,16,33,143,138,12,0.075
29,10,2,1,31,28,172,175,9,0.05625
29,11,3,1,36,28,201,203,7,0.04375
29,12,4,1,33,24,188,187,8,0.05
29,13,5,1,30,21,160,160,8,0.05
29,14,6,1,20,22,141,139,10,0.0625
29,15,7,1,23,26,93,94,5,0.03125
29,16,0,2,20,23,112,110,4,0.025
29,17,1,2,18,24,165,164,9,0.05625
29,18,2,2,30,33,204,206,6,0.0375
29,19,3,2,41,25,235,236,6,0.0375
29,20,4,2,31,21,214,213,7,0.04375
29,21,5,2,23,28,183,185,7,0.04375
29,22,6,2,18,27,161,162,10,0.0625
29,23,7,2,18,23,117,115,5,0.03125
29,24,0,3,22,21,118,118,6,0.0375
29,25,1,3,19,19,168,163,11,0.06875
29,26,2,3,24,23,199,198,11,0.06875
29,27,3,3,33,33,238,236,7,0.04375
29,28,4,3,43,29,232,231,9,0.05625
29,29,5,3,27,28,204,203,9,0.05625
29,30,6,3,21,24,181,179,9,0.05625
29,31,7,3,25,26,145,143,4,0.025
29,32,0,4,21,18,119,119,5,0.03125
29,33,1,4,16,22,163,167,6,0.0375
29,34,2,4,29,26,210,211,9,0.05625
29,35,3,4,31,25,238,242,5,0.03125
29,36,4,4,31,28,225,227,6,0.0375
29,37,5,4,26,25,202,205,7,0.04375
29,38,6,4,27,31,177,181,7,0.04375
29,39,7,4,19,26,138,140,4,0.025
29,40,0,5,22,17,123,122,7,0.04375
29,41,1,5,25,22,177,176,10,0.0625
29,42,2,5,30,24,209,209,7,0.04375
29,43,3,5,32,23,223,221,9,0.05625
29,44,4,5,32,17,204,206,6,0.0375
29,45,5,5,25,29,185,187,10,0.0625
29,46,6,5,17,23,157,157,7,0.04375
29,47,7,5,23,23,132,133,5,0.03125
29,48,0,6,21,29,101,103,3,0.01875
29,49,1,6,15,23,136,137,9,0.05625
29,50,2,6,18,25,167,165,8,0.05
29,51,3,6,27,21,178,175,10,0.0625
29,52,4,6,26,33,175,174,10,0.0625
29,53,5,6,25,22,158,157,10,0.0625
29,54,6,6,20,19,129,128,8,0.05
29,55,7,6,22,18,90,93,3,0.01875
29,56,0,7,29,25,73,73,4,0.025
29,57,1,7,16,34,104,107,7,0.04375
29,58,2,7,36,30,139,137,8,0.05
29,59,3,7,39,29,151,153,5,0.03125
29,60,4,7,25,25,145,143,6,0.0375
29,61,5,7,26,28,137,136,8,0.05
29,62,6,7,15,33,110,108,9,0.05625
29,63,7,7,18,28,64,65,4,0.025
30,0,0,0,11,15,37,37,4,0.025
30,1,1,0,5,15,61,61,9,0.05625
30,2,2,0,22,14,87,86,7,0.04375
30,3,3,0,36,16,105,105,7,0.04375
30,4,4,0,25,17,97,96,5,0.03125
30,5,5,0,16,13,74,74,8,0.05
30,6,6,0,1,21,57,58,8,0.05
30,7,7,0,10,16,35,36,4,0.025
30,8,0,1,11,15,65,64,7,0.04375
30,9,1,1,11,18,99,101,11,0.06875
30,10,2,1,23,25,121,122,8,0.05
30,11,3,1,31,18,126,125,6,0.0375
30,12,4,1,29,15,113,116,4,0.025
30,13,5,1,14,18,106,106,6,0.0375
30,14,6,1,15,14,94,93,10,0.0625
30,15,7,1,4,18,61,60,5,0.03125
30,16,0,2,16,19,93,89,7,0.04375
30,17,1,2,15,13,117,117,9,0.05625
30,18,2,2,25,15,143,140,8,0.05
30,19,3,2,41,20,157,162,3,0.01875
30,20,4,2,27,15,129,128,8,0.05
30,21,5,2,14,16,112,113,7,0.04375
30,22,6,2,5,24,110,112,8,0.05
30,23,7,2,6,12,82,81,6,0.0375
30,24,0,3,9,19,88,90,4,0.025
30,25,1,3,4,25,113,114,11,0.06875
30,26,2,3,19,17,138,139,10,0.0625
30,27,3,3,34,26,163,164,7,0.04375
30,28,4,3,30,11,139,141,5,0.03125
30,29,5,3,21,15,126,127,9,0.05625
30,30,6,3,6,24,117,116,12,0.075
30,31,7,3,3,9,85,84,6,0.0375
30,32,0,4,5,16,83,84,3,0.01875
30,33,1,4,19,19,120,116,9,0.05625
30,34,2,4,23,16,147,147,8,0.05
30,35,3,4,36,15,161,159,7,0.04375
30,36,4,4,28,17,146,141,11,0.06875
30,37,5,4,9,15,124,122,9,0.05625
30,38,6,4,5,18,110,112,7,0.04375
30,39,7,4,16,15,100,99,4,0.025
30,40,0,5,10,14,71,73,5,0.03125
30,41,1,5,2,15,94,91,12,0.075
30,42,2,5,16,18,126,126,9,0.05625
30,43,3,5,37,21,148,150,8,0.05
30,44,4,5,26,17,139,133,11,0.06875
30,45,5,5,11,12,108,108,9,0.05625
30,46,6,5,10,14,97,94,9,0.05625
30,47,7,5,5,19,80,81,3,0.01875
30,48,0,6,6,15,47,46,4,0.025
30,49,1,6,5,9,65,64,10,0.0625
30,50,2,6,18,16,102,102,7,0.04375
30,51,3,6,33,19,125,129,5,0.03125
30,52,4,6,27,13,125,123,10,0.0625
30,53,5,6,28,21,105,109,7,0.04375
30,54,6,6,6,14,86,85,10,0.0625
30,55,7,6,10,19,69,68,3,0.01875
30,56,0,7,6,14,31,31,5,0.03125
30,57,1,7,11,17,59,58,8,0.05
30,58,2,7,15,16,80,80,8,0.05
30,59,3,7,36,12,111,108,7,0.04375
30,60,4,7,32,20,114,117,5,0.03125
30,61,5,7,18,12,80,80,8,0.05
30,62,6,7,8,15,65,66,8,0.05
30,63,7,7,12,16,44,45,3,0.01875
31,0,0,0,12,19,46,47,3,0.01875
31,1,1,0,16,21,69,72,7,0.04375
31,2,2,0,19,15,84,87,5,0.03125
31,3,3,0,36,19,115,116,6,0.0375
31,4,4,0,32,18,107,104,8,0.05
31,5,5,0,13,20,85,84,9,0.05625
31,6,6,0,12,21,62,62,8,0.05
31,7,7,0,6,27,49,48,4,0.025
31,8,0,1,8,18,70,70,7,0.04375
31,9,1,1,5,17,90,91,9,0.05625
31,10,2,1,14,14,98,99,7,0.04375
31,11,3,1,31,22,135,137,6,0.0375
31,12,4,1,37,12,128,125,6,0.0375
31,13,5,1,26,14,116,115,9,0.05625
31,14,6,1,8,18,84,87,8,0.05
31,15,7,1,5,14,75,75,5,0.03125
31,16,0,2,5,21,80,80,7,0.04375
31,17,1,2,8,18,94,95,8,0.05
31,18,2,2,16,9,111,108,10,0.0625
31,19,3,2,33,18,155,148,9,0.05625
31,20,4,2,34,19,151,153,7,0.04375
31,21,5,2,24,15,131,131,7,0.04375
31,22,6,2,18,15,98,100,5,0.03125
31,23,7,2,5,17,88,88,6,0.0375
31,24,0,3,4,22,90,91,3,0.01875
31,25,1,3,5,17,100,103,8,0.05
31,26,2,3,16,19,128,130,6,0.0375
31,27,3,3,37,14,151,151,7,0.04375
31,28,4,3,33,17,156,154,7,0.04375
31,29,5,3,16,12,128,131,8,0.05
31,30,6,3,7,22,112,115,9,0.05625
31,31,7,3,8,19,89,90,5,0.03125
31,32,0,4,11,15,87,85,5,0.03125
31,33,1,4,8,11,105,106,9,0.05625
31,34,2,4,20,17,134,134,8,0.05
31,35,3,4,29,20,145,147,6,0.0375
31,36,4,4,34,21,159,162,7,0.04375
31,37,5,4,18,15,125,128,6,0.0375
31,38,6,4,13,15,123,118,9,0.05625
31,39,7,4,14,16,96,94,5,0.03125
31,40,0,5,4,17,84,77,11,0.06875
31,41,1,5,11,21,109,114,9,0.05625
31,42,2,5,25,21,130,131,9,0.05625
31,43,3,5,28,14,131,132,5,0.03125
31,44,4,5,30,14,145,149,8,0.05
31,45,5,5,17,13,113,113,8,0.05
31,46,6,5,5,14,91,89,13,0.08125
31,47,7,5,9,13,81,80,5,0.03125
31,48,0,6,10,13,69,70,4,0.025
31,49,1,6,11,16,86,88,8,0.05
31,50,2,6,14,14,99,99,8,0.05
31,51,3,6,23,11,104,101,8,0.05
31,52,4,6,29,22,118,121,8,0.05
31,53,5,6,17,15,98,97,7,0.04375
31,54,6,6,7,16,82,78,12,0.075
31,55,7,6,9,20,66,66,2,0.0125
31,56,0,7,10,16,43,44,4,0.025
31,57,1,7,3,20,61,62,6,0.0375
31,58,2,7,18,16,85,86,6,0.0375
31,59,3,7,41,15,107,110,4,0.025
31,60,4,7,30,13,96,93,8,0.05
31,61,5,7,11,21,76,77,6,0.0375
31,62,6,7,10,16,59,59,9,0.05625
31,63,7,7,5,18,39,37,4,0.025
32,0,0,0,7,14,45,42,4,0.025
32,1,1,0,14,17,67,66,8,0.05
32,2,2,0,22,18,96,94,6,0.0375
32,3,3,0,45,24,122,121,6,0.0375
32,4,4,0,29,20,101,105,6,0.0375
32,5,5,0,16,18,80,79,9,0.05625
32,6,6,0,5,16,54,54,8,0.05
32,7,7,0,4,22,36,36,4,0.025
32,8,0,1,5,17,70,72,5,0.03125
32,9,1,1,14,26,93,92,11,0.06875
32,10,2,1,17,18,115,113,8,0.05
32,11,3,1,35,13,128,129,4,0.025
32,12,4,1,31,15,123,123,6,0.0375
32,13,5,1,15,15,100,101,8,0.05
32,14,6,1,3,18,75,75,8,0.05
32,15,7,1,9,17,59,59,5,0.03125
32,16,0,2,6,22,86,90,4,0.025
32,17,1,2,6,11,99,99,8,0.05
32,18,2,2,15,17,125,129,9,0.05625
32,19,3,2,34,22,153,154,9,0.05625
32,20,4,2,36,25,149,151,5,0.03125
32,21,5,2,18,14,128,128,7,0.04375
32,22,6,2,9,18,108,104,9,0.05625
32,23,7,2,10,15,79,81,5,0.03125
32,24,0,3,6,23,100,98,3,0.01875
32,25,1,3,9,14,111,110,7,0.04375
32,26,2,3,21,17,147,146,6,0.0375
32,27,3,3,30,9,151,151,8,0.05
32,28,4,3,39,15,155,156,8,0.05
32,29,5,3,26,19,146,145,9,0.05625
32,30,6,3,15,23,124,122,9,0.05625
32,31,7,3,6,12,81,81,5,0.03125
32,32,0,4,10,18,98,100,3,0.01875
32,33,1,4,8,13,104,104,9,0.05625
32,34,2,4,14,18,133,133,8,0.05
32,35,3,4,30,23,163,157,9,0.05625
32,36,4,4,40,8,156,155,6,0.0375
32,37,5,4,13,19,133,128,9,0.05625
32,38,6,4,7,22,107,107,10,0.0625
32,39,7,4,3,17,70,73,4,0.025
32,40,0,5,8,14,76,83,4,0.025
32,41,1,5,5,10,86,87,8,0.05
32,42,2,5,15,16,124,121,11,0.06875
32,43,3,5,34,12,143,142,8,0.05
32,44,4,5,35,23,151,151,8,0.05
32,45,5,5,14,19,120,122,7,0.04375
32,46,6,5,8,17,107,110,10,0.0625
32,47,7,5,9,20,72,71,6,0.0375
32,48,0,6,4,15,57,56,5,0.03125
32,49,1,6,3,12,70,67,9,0.05625
32,50,2,6,12,15,100,100,8,0.05
32,51,3,6,23,20,117,116,8,0.05
32,52,4,6,32,16,124,124,8,0.05
32,53,5,6,26,17,115,115,6,0.0375
32,54,6,6,16,15,92,99,7,0.04375
32,55,7,6,14,16,67,64,6,0.0375
32,56,0,7,6,19,39,40,2,0.0125
32,57,1,7,13,21,66,67,6,0.0375
32,58,2,7,25,18,98,97,7,0.04375
32,59,3,7,40,14,115,112,7,0.04375
32,60,4,7,26,11,97,97,6,0.0375
32,61,5,7,13,17,78,77,7,0.04375
32,62,6,7,9,12,59,60,7,0.04375
32,63,7,7,10,16,41,40,5,0.03125
33,0,0,0,12,11,38,40,4,0.025
33,1,1,0,13,18,63,63,8,0.05
33,2,2,0,25,17,88,87,9,0.05625
33,3,3,0,33,14,95,96,5,0.03125
33,4,4,0,14,12,78,78,6,0.0375
33,5,5,0,12,16,73,75,7,0.04375
33,6,6,0,7,17,53,53,7,0.04375
33,7,7,0,8,14,28,29,4,0.025
33,8,0,1,9,16,56,58,3,0.01875
33,9,1,1,6,18,81,84,7,0.04375
33,10,2,1,18,16,110,108,12,0.075
33,11,3,1,28,19,121,115,10,0.0625
33,12,4,1,35,12,118,118,7,0.04375
33,13,5,1,16,16,113,109,10,0.0625
33,14,6,1,12,19,82,81,8,0.05
33,15,7,1,4,11,46,46,5,0.03125
33,16,0,2,10,20,74,73,5,0.03125
33,17,1,2,10,16,99,100,6,0.0375
33,18,2,2,18,18,128,127,9,0.05625
33,19,3,2,33,24,143,146,5,0.03125
33,20,4,2,26,17,130,132,4,0.025
33,21,5,2,14,20,125,124,8,0.05
33,22,6,2,8,13,96,99,8,0.05
33,23,7,2,4,17,68,68,4,0.025
33,24,0,3,12,14,83,81,7,0.04375
33,25,1,3,10,19,122,120,10,0.0625
33,26,2,3,22,16,156,152,10,0.0625
33,27,3,3,37,16,165,161,10,0.0625
33,28,4,3,26,17,148,145,9,0.05625
33,29,5,3,14,18,121,120,8,0.05
33,30,6,3,6,14,102,104,9,0.05625
33,31,7,3,6,22,86,84,7,0.04375
33,32,0,4,8,19,90,87,6,0.0375
33,33,1,4,19,17,125,127,8,0.05
33,34,2,4,18,12,156,156,8,0.05
33,35,3,4,38,22,164,170,4,0.025
33,36,4,4,23,14,139,140,7,0.04375
33,37,5,4,20,10,114,114,9,0.05625
33,38,6,4,1,12,94,93,10,0.0625
33,39,7,4,10,16,86,83,6,0.0375
33,40,0,5,8,19,76,76,5,0.03125
33,41,1,5,8,21,100,97,9,0.05625
33,42,2,5,21,22,144,144,11,0.06875
33,43,3,5,35,14,155,154,7,0.04375
33,44,4,5,28,21,145,146,6,0.0375
33,45,5,5,22,16,119,117,8,0.05
33,46,6,5,5,12,89,89,8,0.05
33,47,7,5,7,13,76,76,5,0.03125
33,48,0,6,7,16,64,64,4,0.025
33,49,1,6,13,10,69,71,7,0.04375
33,50,2,6,18,18,124,124,6,0.0375
33,51,3,6,37,18,131,130,9,0.05625
33,52,4,6,30,20,123,124,7,0.04375
33,53,5,6,16,18,102,102,7,0.04375
33,54,6,6,8,17,88,87,7,0.04375
33,55,7,6,10,8,63,63,7,0.04375
33,56,0,7,11,21,51,48,5,0.03125
33,57,1,7,7,13,57,57,6,0.0375
33,58,2,7,29,21,102,103,5,0.03125
33,59,3,7,42,14,108,109,6,0.0375
33,60,4,7,22,15,92,92,7,0.04375
33,61,5,7,14,14,72,73,7,0.04375
33,62,6,7,7,22,52,50,10,0.0625
33,63,7,7,6,16,32,34,4,0.025
34,0,0,0,13,18,42,42,3,0.01875
34,1,1,0,13,21,64,63,8,0.05
34,2,2,0,20,15,83,84,7,0.04375
34,3,3,0,35,19,104,104,5,0.03125
34,4,4,0,22,21,91,87,10,0.0625
34,5,5,0,7,14,63,64,7,0.04375
34,6,6,0,2,15,48,46,9,0.05625
34,7,7,0,4,14,33,33,4,0.025
34,8,0,1,9,13,60,59,4,0.025
34,9,1,1,8,15,83,82,8,0.05
34,10,2,1,15,14,96,98,9,0.05625
34,11,3,1,25,16,112,115,8,0.05
34,12,4,1,28,20,114,118,4,0.025
34,13,5,1,8,15,92,92,10,0.0625
34,14,6,1,7,22,82,82,8,0.05
34,15,7,1,5,18,55,55,5,0.03125
34,16,0,2,7,16,75,76,5,0.03125
34,17,1,2,14,15,104,97,11,0.06875
34,18,2,2,20,13,116,115,10,0.0625
34,19,3,2,25,14,133,131,8,0.05
34,20,4,2,38,15,151,147,6,0.0375
34,21,5,2,22,16,132,134,5,0.03125
34,22,6,2,12,19,121,118,8,0.05
34,23,7,2,17,18,85,83,6,0.0375
34,24,0,3,7,14,89,90,5,0.03125
34,25,1,3,10,17,113,115,7,0.04375
34,26,2,3,12,21,121,127,6,0.0375
34,27,3,3,26,25,149,152,8,0.05
34,28,4,3,43,11,158,162,5,0.03125
34,29,5,3,29,22,156,158,6,0.0375
34,30,6,3,9,18,124,128,5,0.03125
34,31,7,3,8,13,95,94,4,0.025
34,32,0,4,13,14,96,96,7,0.04375
34,33,1,4,12,19,127,126,8,0.05
34,34,2,4,19,16,143,143,8,0.05
34,35,3,4,43,15,167,163,8,0.05
34,36,4,4,32,18,149,147,7,0.04375
34,37,5,4,10,17,136,137,10,0.0625
34,38,6,4,15,19,113,118,7,0.04375
34,39,7,4,8,13,90,89,7,0.04375
34,40,0,5,5,12,76,78,3,0.01875
34,41,1,5,5,16,104,106,7,0.04375
34,42,2,5,17,18,126,129,8,0.05
34,43,3,5,22,23,141,142,7,0.04375
34,44,4,5,39,9,144,141,10,0.0625
34,45,5,5,22,12,132,132,7,0.04375
34,46,6,5,7,9,91,94,6,0.0375
34,47,7,5,9,12,77,78,5,0.03125
34,48,0,6,12,16,65,64,5,0.03125
34,49,1,6,8,15,89,89,9,0.05625
34,50,2,6,22,16,111,112,7,0.04375
34,51,3,6,37,18,134,135,10,0.0625
34,52,4,6,30,15,124,120,12,0.075
34,53,5,6,14,24,101,99,8,0.05
34,54,6,6,9,14,77,77,7,0.04375
34,55,7,6,6,17,56,57,5,0.03125
34,56,0,7,7,23,40,41,5,0.03125
34,57,1,7,7,11,50,49,6,0.0375
34,58,2,7,17,20,79,79,6,0.0375
34,59,3,7,31,20,102,103,7,0.04375
34,60,4,7,28,18,99,97,9,0.05625
34,61,5,7,14,18,76,77,6,0.0375
34,62,6,7,6,21,59,60,8,0.05
34,63,7,7,8,12,33,32,3,0.01875
35,0,0,0,19,24,60,58,4,0.025
35,1,1,0,17,15,90,90,8,0.05
35,2,2,0,21,24,126,127,6,0.0375
35,3,3,0,28,27,149,148,5,0.03125
35,4,4,0,37,25,148,150,7,0.04375
35,5,5,0,35,24,137,136,7,0.04375
35,6,6,0,24,21,101,104,7,0.04375
35,7,7,0,22,25,67,66,4,0.025
35,8,0,1,24,30,107,106,4,0.025
35,9,1,1,18,30,141,140,9,0.05625
35,10,2,1,13,21,151,150,9,0.05625
35,11,3,1,26,27,171,169,9,0.05625
35,12,4,1,35,34,181,180,6,0.0375
35,13,5,1,29,28,167,170,8,0.05
35,14,6,1,19,26,139,142,6,0.0375
35,15,7,1,24,36,112,112,5,0.03125
35,16,0,2,27,21,133,133,5,0.03125
35,17,1,2,24,30,172,176,8,0.05
35,18,2,2,26,21,188,189,9,0.05625
35,19,3,2,37,19,203,200,8,0.05
35,20,4,2,30,23,211,211,5,0.03125
35,21,5,2,28,25,200,197,8,0.05
35,22,6,2,24,27,165,166,8,0.05
35,23,7,2,20,20,127,126,6,0.0375
35,24,0,3,20,26,146,145,6,0.0375
35,25,1,3,16,27,185,188,6,0.0375
35,26,2,3,34,33,214,213,6,0.0375
35,27,3,3,41,24,211,212,7,0.04375
35,28,4,3,28,26,223,221,8,0.05
35,29,5,3,20,25,202,201,8,0.05
35,30,6,3,22,21,171,165,10,0.0625
35,31,7,3,18,28,144,147,5,0.03125
35,32,0,4,25,29,148,149,5,0.03125
35,33,1,4,22,38,198,198,8,0.05
35,34,2,4,31,23,213,215,7,0.04375
35,35,3,4,38,25,223,224,8,0.05
35,36,4,4,28,26,235,238,6,0.0375
35,37,5,4,26,20,200,199,9,0.05625
35,38,6,4,15,24,165,164,9,0.05625
35,39,7,4,24,24,145,146,6,0.0375
35,40,0,5,17,26,125,120,7,0.04375
35,41,1,5,25,16,167,168,7,0.04375
35,42,2,5,33,24,192,189,11,0.06875
35,43,3,5,34,23,204,205,6,0.0375
35,44,4,5,32,23,222,224,8,0.05
35,45,5,5,27,25,188,190,8,0.05
35,46,6,5,19,27,161,159,8,0.05
35,47,7,5,22,22,129,130,4,0.025
35,48,0,6,19,23,100,93,11,0.06875
35,49,1,6,20,37,154,154,8,0.05
35,50,2,6,26,22,161,162,5,0.03125
35,51,3,6,34,20,175,178,6,0.0375
35,52,4,6,36,20,183,184,9,0.05625
35,53,5,6,27,31,158,159,8,0.05
35,54,6,6,18,27,122,120,9,0.05625
35,55,7,6,16,28,103,105,4,0.025
35,56,0,7,25,21,67,65,7,0.04375
35,57,1,7,22,35,122,121,7,0.04375
35,58,2,7,27,21,132,130,7,0.04375
35,59,3,7,34,22,145,143,8,0.05
35,60,4,7,33,29,152,153,9,0.05625
35,61,5,7,19,26,125,125,7,0.04375
35,62,6,7,20,16,88,90,7,0.04375
35,63,7,7,20,32,73,73,5,0.03125
36,0,0,0,2,12,27,28,4,0.025
36,1,1,0,10,16,51,52,8,0.05
36,2,2,0,14,15,76,75,8,0.05
36,3,3,0,30,19,100,99,7,0.04375
36,4,4,0,35,15,97,97,8,0.05
36,5,5,0,20,23,95,94,8,0.05
36,6,6,0,12,18,66,63,9,0.05625
36,7,7,0,12,24,52,54,3,0.01875
36,8,0,1,2,22,55,54,5,0.03125
36,9,1,1,6,19,76,76,8,0.05
36,10,2,1,15,25,112,114,8,0.05
36,11,3,1,33,16,126,130,7,0.04375
36,12,4,1,32,19,126,122,8,0.05
36,13,5,1,32,21,134,133,10,0.0625
36,14,6,1,11,7,78,75,8,0.05
36,15,7,1,10,19,75,75,5,0.03125
36,16,0,2,7,13,72,72,5,0.03125
36,17,1,2,4,19,93,92,11,0.06875
36,18,2,2,17,20,129,130,8,0.05
36,19,3,2,31,14,148,151,9,0.05625
36,20,4,2,36,22,149,150,5,0.03125
36,21,5,2,19,19,137,140,7,0.04375
36,22,6,2,10,16,87,87,9,0.05625
36,23,7,2,6,18,87,88,5,0.03125
36,24,0,3,8,18,88,89,6,0.0375
36,25,1,3,13,24,111,109,9,0.05625
36,26,2,3,30,7,145,147,6,0.0375
36,27,3,3,32,20,158,160,6,0.0375
36,28,4,3,22,12,130,130,6,0.0375
36,29,5,3,13,20,131,131,7,0.04375
36,30,6,3,4,11,76,80,6,0.0375
36,31,7,3,7,17,93,95,3,0.01875
36,32,0,4,11,22,93,89,8,0.05
36,33,1,4,13,20,106,105,8,0.05
36,34,2,4,23,17,132,133,6,0.0375
36,35,3,4,32,12,147,147,6,0.0375
36,36,4,4,30,12,138,135,9,0.05625
36,37,5,4,14,17,132,135,8,0.05
36,38,6,4,13,11,87,86,9,0.05625
36,39,7,4,1,14,90,90,5,0.03125
36,40,0,5,11,19,79,80,7,0.04375
36,41,1,5,7,9,91,91,7,0.04375
36,42,2,5,17,19,119,121,9,0.05625
36,43,3,5,42,11,152,150,8,0.05
36,44,4,5,36,13,141,140,9,0.05625
36,45,5,5,11,17,126,125,8,0.05
36,46,6,5,15,18,95,93,10,0.0625
36,47,7,5,4,18,82,76,9,0.05625
36,48,0,6,7,10,49,52,9,0.05625
36,49,1,6,12,17,77,78,7,0.04375
36,50,2,6,22,22,98,97,7,0.04375
36,51,3,6,31,20,124,123,5,0.03125
36,52,4,6,16,18,113,119,5,0.03125
36,53,5,6,12,24,110,110,9,0.05625
36,54,6,6,4,18,73,73,9,0.05625
36,55,7,6,9,20,67,64,7,0.04375
36,56,0,7,9,13,34,34,7,0.04375
36,57,1,7,15,10,62,60,10,0.0625
36,58,2,7,34,13,86,86,9,0.05625
36,59,3,7,26,20,93,96,4,0.025
36,60,4,7,17,16,89,89,9,0.05625
36,61,5,7,9,16,73,74,6,0.0375
36,62,6,7,14,13,59,57,7,0.04375
36,63,7,7,12,7,36,38,3,0.01875
37,0,0,0,13,28,54,54,4,0.025
37,1,1,0,5,14,53,52,9,0.05625
37,2,2,0,19,22,89,92,5,0.03125
37,3,3,0,39,6,100,101,6,0.0375
37,4,4,0,30,18,105,105,6,0.0375
37,5,5,0,14,20,84,84,7,0.04375
37,6,6,0,4,13,53,57,6,0.0375
37,7,7,0,13,12,36,35,4,0.025
37,8,0,1,7,14,71,72,5,0.03125
37,9,1,1,8,9,67,68,8,0.05
37,10,2,1,16,13,106,105,9,0.05625
37,11,3,1,37,11,127,124,9,0.05625
37,12,4,1,33,22,138,142,5,0.03125
37,13,5,1,14,17,108,111,5,0.03125
37,14,6,1,11,21,88,86,10,0.0625
37,15,7,1,5,18,55,57,4,0.025
37,16,0,2,5,12,80,77,7,0.04375
37,17,1,2,10,11,81,83,8,0.05
37,18,2,2,19,13,110,109,7,0.04375
37,19,3,2,29,24,131,130,9,0.05625
37,20,4,2,31,21,150,147,9,0.05625
37,21,5,2,15,20,119,119,7,0.04375
37,22,6,2,4,26,106,107,9,0.05625
37,23,7,2,12,23,79,82,4,0.025
37,24,0,3,13,20,106,104,8,0.05
37,25,1,3,8,21,116,115,8,0.05
37,26,2,3,20,12,122,119,7,0.04375
37,27,3,3,35,16,148,146,8,0.05
37,28,4,3,35,18,153,154,6,0.0375
37,29,5,3,24,15,128,127,9,0.05625
37,30,6,3,12,11,117,115,8,0.05
37,31,7,3,13,20,93,91,4,0.025
37,32,0,4,11,18,95,101,4,0.025
37,33,1,4,4,18,115,115,9,0.05625
37,34,2,4,21,15,135,131,11,0.06875
37,35,3,4,38,12,152,152,7,0.04375
37,36,4,4,29,21,151,155,5,0.03125
37,37,5,4,15,15,113,112,10,0.0625
37,38,6,4,2,20,100,99,10,0.0625
37,39,7,4,5,14,80,82,5,0.03125
37,40,0,5,5,13,77,78,5,0.03125
37,41,1,5,8,23,105,103,8,0.05
37,42,2,5,23,16,125,128,7,0.04375
37,43,3,5,38,16,147,145,8,0.05
37,44,4,5,35,13,150,152,7,0.04375
37,45,5,5,15,13,117,118,5,0.03125
37,46,6,5,5,18,88,91,7,0.04375
37,47,7,5,7,16,73,77,4,0.025
37,48,0,6,11,16,67,68,7,0.04375
37,49,1,6,12,15,82,80,10,0.0625
37,50,2,6,29,20,106,106,8,0.05
37,51,3,6,34,22,122,119,10,0.0625
37,52,4,6,15,12,113,110,7,0.04375
37,53,5,6,10,16,89,87,10,0.0625
37,54,6,6,0,17,66,66,8,0.05
37,55,7,6,2,19,50,51,4,0.025
37,56,0,7,17,14,43,44,4,0.025
37,57,1,7,11,12,57,59,8,0.05
37,58,2,7,18,19,78,76,9,0.05625
37,59,3,7,37,14,100,100,6,0.0375
37,60,4,7,21,20,100,102,7,0.04375
37,61,5,7,22,14,80,79,7,0.04375
37,62,6,7,9,16,55,55,7,0.04375
37,63,7,7,6,16,29,27,5,0.03125
38,0,0,0,6,19,41,43,3,0.01875
38,1,1,0,16,16,76,77,7,0.04375
38,2,2,0,31,22,107,105,7,0.04375
38,3,3,0,46,21,119,118,6,0.0375
38,4,4,0,30,19,104,103,8,0.05
38,5,5,0,15,13,70,71,8,0.05
38,6,6,0,4,19,63,59,9,0.05625
38,7,7,0,7,18,41,39,5,0.03125
38,8,0,1,7,22,67,67,5,0.03125
38,9,1,1,2,19,76,76,7,0.04375
38,10,2,1,17,18,103,104,7,0.04375
38,11,3,1,26,18,123,123,8,0.05
38,12,4,1,38,17,142,138,7,0.04375
38,13,5,1,25,17,109,112,4,0.025
38,14,6,1,7,18,96,98,9,0.05625
38,15,7,1,11,18,73,71,5,0.03125
38,16,0,2,10,24,90,90,7,0.04375
38,17,1,2,10,16,101,100,10,0.0625
38,18,2,2,16,20,129,131,6,0.0375
38,19,3,2,35,17,150,151,7,0.04375
38,20,4,2,25,12,131,134,6,0.0375
38,21,5,2,18,13,121,117,11,0.06875
38,22,6,2,9,18,113,112,9,0.05625
38,23,7,2,5,10,76,75,5,0.03125
38,24,0,3,13,17,102,103,7,0.04375
38,25,1,3,16,14,121,124,6,0.0375
38,26,2,3,20,13,137,136,8,0.05
38,27,3,3,34,15,158,159,7,0.04375
38,28,4,3,29,10,144,141,10,0.0625
38,29,5,3,16,16,121,123,7,0.04375
38,30,6,3,4,13,114,111,10,0.0625
38,31,7,3,4,14,83,80,6,0.0375
38,32,0,4,5,12,96,92,7,0.04375
38,33,1,4,12,12,116,115,9,0.05625
38,34,2,4,24,15,137,138,10,0.0625
38,35,3,4,38,15,163,164,6,0.0375
38,36,4,4,26,13,144,142,5,0.03125
38,37,5,4,18,12,114,115,8,0.05
38,38,6,4,4,19,109,110,9,0.05625
38,39,7,4,11,13,80,81,4,0.025
38,40,0,5,6,22,91,89,7,0.04375
38,41,1,5,10,17,105,107,5,0.03125
38,42,2,5,20,15,124,120,10,0.0625
38,43,3,5,21,14,135,137,8,0.05
38,44,4,5,27,20,144,139,11,0.06875
38,45,5,5,20,21,118,117,8,0.05
38,46,6,5,9,17,105,104,8,0.05
38,47,7,5,12,15,80,81,4,0.025
38,48,0,6,12,19,80,80,9,0.05625
38,49,1,6,12,11,91,90,10,0.0625
38,50,2,6,29,22,121,121,8,0.05
38,51,3,6,34,26,133,134,9,0.05625
38,52,4,6,20,25,107,110,5,0.03125
38,53,5,6,6,13,78,82,7,0.04375
38,54,6,6,7,14,73,72,10,0.0625
38,55,7,6,5,19,58,60,4,0.025
38,56,0,7,17,24,56,54,8,0.05
38,57,1,7,13,21,72,70,10,0.0625
38,58,2,7,28,18,89,88,12,0.075
38,59,3,7,36,14,102,99,7,0.04375
38,60,4,7,18,9,77,75,8,0.05
38,61,5,7,6,13,54,53,8,0.05
38,62,6,7,6,18,39,39,9,0.05625
38,63,7,7,0,16,24,24,4,0.025
39,0,0,0,14,15,51,50,4,0.025
39,1,1,0,4,17,67,67,8,0.05
39,2,2,0,14,17,85,85,6,0.0375
39,3,3,0,37,16,109,112,5,0.03125
39,4,4,0,41,13,107,109,5,0.03125
39,5,5,0,12,19,78,79,6,0.0375
39,6,6,0,10,8,45,46,7,0.04375
39,7,7,0,4,18,37,39,4,0.025
39,8,0,1,5,24,72,70,7,0.04375
39,9,1,1,12,20,86,86,8,0.05
39,10,2,1,13,18,102,103,7,0.04375
39,11,3,1,32,14,131,131,9,0.05625
39,12,4,1,34,17,129,131,8,0.05
39,13,5,1,19,16,110,107,7,0.04375
39,14,6,1,9,15,79,77,8,0.05
39,15,7,1,12,14,67,66,6,0.0375
39,16,0,2,11,18,89,88,8,0.05
39,17,1,2,9,15,95,94,10,0.0625
39,18,2,2,10,22,118,117,8,0.05
39,19,3,2,29,19,149,145,11,0.06875
39,20,4,2,34,19,151,148,8,0.05
39,21,5,2,22,20,122,122,9,0.05625
39,22,6,2,4,19,88,90,8,0.05
39,23,7,2,6,11,70,71,4,0.025
39,24,0,3,10,17,108,104,9,0.05625
39,25,1,3,18,12,113,112,7,0.04375
39,26,2,3,25,9,142,144,7,0.04375
39,27,3,3,40,7,152,150,7,0.04375
39,28,4,3,26,22,153,154,8,0.05
39,29,5,3,17,16,129,125,10,0.0625
39,30,6,3,5,13,93,95,9,0.05625
39,31,7,3,6,13,77,80,5,0.03125
39,32,0,4,9,15,98,98,7,0.04375
39,33,1,4,11,12,105,106,9,0.05625
39,34,2,4,15,19,134,132,11,0.06875
39,35,3,4,33,16,146,144,8,0.05
39,36,4,4,38,23,171,170,8,0.05
39,37,5,4,21,16,134,133,9,0.05625
39,38,6,4,13,18,104,106,7,0.04375
39,39,7,4,6,16,83,82,5,0.03125
39,40,0,5,14,16,86,88,6,0.0375
39,41,1,5,10,17,95,93,9,0.05625
39,42,2,5,25,6,116,114,11,0.06875
39,43,3,5,29,12,124,127,6,0.0375
39,44,4,5,24,17,125,129,7,0.04375
39,45,5,5,4,9,92,92,9,0.05625
39,46,6,5,5,18,83,84,8,0.05
39,47,7,5,0,24,74,73,5,0.03125
39,48,0,6,12,16,67,67,7,0.04375
39,49,1,6,13,12,82,85,8,0.05
39,50,2,6,26,21,106,103,10,0.0625
39,51,3,6,22,20,110,111,7,0.04375
39,52,4,6,19,12,115,109,10,0.0625
39,53,5,6,13,17,92,90,8,0.05
39,54,6,6,8,15,67,70,7,0.04375
39,55,7,6,5,15,53,54,3,0.01875
39,56,0,7,13,19,42,42,7,0.04375
39,57,1,7,13,17,65,65,10,0.0625
39,58,2,7,31,21,87,89,9,0.05625
39,59,3,7,22,15,85,87,7,0.04375
39,60,4,7,8,20,81,81,8,0.05
39,61,5,7,6,12,59,58,8,0.05
39,62,6,7,4,10,44,45,8,0.05
39,63,7,7,4,8,28,28,5,0.03125
40,0,0,0,13,18,42,42,4,0.025
40,1,1,0,9,20,69,68,9,0.05625
40,2,2,0,28,16,99,99,7,0.04375
40,3,3,0,41,18,112,109,8,0.05
40,4,4,0,24,21,98,97,6,0.0375
40,5,5,0,9,6,63,63,7,0.04375
40,6,6,0,7,8,48,48,8,0.05
40,7,7,0,11,11,35,35,4,0.025
40,8,0,1,8,20,66,69,4,0.025
40,9,1,1,6,7,79,80,7,0.04375
40,10,2,1,13,17,113,111,9,0.05625
40,11,3,1,25,22,116,118,7,0.04375
40,12,4,1,36,10,114,116,5,0.03125
40,13,5,1,11,14,79,79,6,0.0375
40,14,6,1,9,12,61,63,8,0.05
40,15,7,1,8,11,54,54,5,0.03125
40,16,0,2,5,20,85,90,3,0.01875
40,17,1,2,4,20,90,92,9,0.05625
40,18,2,2,23,24,135,133,8,0.05
40,19,3,2,29,15,130,133,8,0.05
40,20,4,2,33,11,131,130,10,0.0625
40,21,5,2,18,22,100,103,8,0.05
40,22,6,2,16,15,92,90,10,0.0625
40,23,7,2,3,20,74,73,5,0.03125
40,24,0,3,12,14,98,104,4,0.025
40,25,1,3,6,22,116,113,9,0.05625
40,26,2,3,13,17,137,136,8,0.05
40,27,3,3,29,13,136,136,8,0.05
40,28,4,3,34,17,152,155,6,0.0375
40,29,5,3,21,13,116,117,10,0.0625
40,30,6,3,7,15,98,100,7,0.04375
40,31,7,3,7,16,81,82,3,0.01875
40,32,0,4,2,17,88,89,5,0.03125
40,33,1,4,12,15,117,118,8,0.05
40,34,2,4,25,10,140,140,11,0.06875
40,35,3,4,35,13,149,148,9,0.05625
40,36,4,4,30,14,160,159,9,0.05625
40,37,5,4,17,15,122,123,7,0.04375
40,38,6,4,6,18,101,98,11,0.06875
40,39,7,4,10,22,85,86,4,0.025
40,40,0,5,4,21,87,87,5,0.03125
40,41,1,5,6,23,114,114,9,0.05625
40,42,2,5,12,11,113,118,8,0.05
40,43,3,5,34,13,143,145,3,0.01875
40,44,4,5,33,15,153,151,10,0.0625
40,45,5,5,12,15,110,110,8,0.05
40,46,6,5,8,13,90,88,9,0.05625
40,47,7,5,10,16,78,80,4,0.025
40,48,0,6,20,28,86,90,4,0.025
40,49,1,6,14,18,109,107,9,0.05625
40,50,2,6,33,19,129,131,8,0.05
40,51,3,6,32,15,136,136,8,0.05
40,52,4,6,23,24,127,126,9,0.05625
40,53,5,6,15,17,90,91,8,0.05
40,54,6,6,10,18,80,78,9,0.05625
40,55,7,6,8,20,61,60,3,0.01875
40,56,0,7,19,12,46,49,3,0.01875
40,57,1,7,20,23,83,85,6,0.0375
40,58,2,7,26,14,90,91,8,0.05
40,59,3,7,21,19,92,91,7,0.04375
40,60,4,7,20,20,84,86,6,0.0375
40,61,5,7,8,14,59,61,6,0.0375
40,62,6,7,3,15,48,47,7,0.04375
40,63,7,7,2,16,26,27,4,0.025
41,0,0,0,21,22,65,65,4,0.025
41,1,1,0,18,29,109,110,7,0.04375
41,2,2,0,26,31,147,149,5,0.03125
41,3,3,0,37,23,163,164,6,0.0375
41,4,4,0,40,22,160,161,6,0.0375
41,5,5,0,26,24,131,129,8,0.05
41,6,6,0,17,22,98,98,9,0.05625
41,7,7,0,20,30,66,65,5,0.03125
41,8,0,1,19,31,110,109,5,0.03125
41,9,1,1,22,26,138,137,9,0.05625
41,10,2,1,18,19,166,165,9,0.05625
41,11,3,1,24,27,179,180,6,0.0375
41,12,4,1,30,27,185,182,9,0.05625
41,13,5,1,27,22,157,156,8,0.05
41,14,6,1,20,31,151,146,13,0.08125
41,15,7,1,21,21,103,103,6,0.0375
41,16,0,2,23,17,136,133,6,0.0375
41,17,1,2,18,22,161,156,12,0.075
41,18,2,2,31,23,197,195,12,0.075
41,19,3,2,35,26,211,209,9,0.05625
41,20,4,2,29,34,223,224,8,0.05
41,21,5,2,27,21,181,180,8,0.05
41,22,6,2,21,23,174,175,9,0.05625
41,23,7,2,28,20,128,125,6,0.0375
41,24,0,3,25,32,155,151,7,0.04375
41,25,1,3,23,20,163,164,9,0.05625
41,26,2,3,35,26,218,219,7,0.04375
41,27,3,3,42,30,222,226,5,0.03125
41,28,4,3,35,26,241,238,7,0.04375
41,29,5,3,26,28,188,189,9,0.05625
41,30,6,3,16,35,183,180,10,0.0625
41,31,7,3,17,16,133,127,8,0.05
41,32,0,4,28,22,158,158,5,0.03125
41,33,1,4,24,22,182,180,10,0.0625
41,34,2,4,40,34,244,246,8,0.05
41,35,3,4,29,25,218,221,8,0.05
41,36,4,4,27,25,224,223,9,0.05625
41,37,5,4,19,21,185,187,7,0.04375
41,38,6,4,24,25,170,174,7,0.04375
41,39,7,4,21,24,133,131,5,0.03125
41,40,0,5,19,32,135,135,6,0.0375
41,41,1,5,23,21,154,154,9,0.05625
41,42,2,5,35,24,203,202,9,0.05625
41,43,3,5,30,19,198,195,8,0.05
41,44,4,5,21,27,197,197,9,0.05625
41,45,5,5,22,26,175,176,8,0.05
41,46,6,5,19,24,150,149,10,0.0625
41,47,7,5,20,21,118,116,5,0.03125
41,48,0,6,14,25,99,99,4,0.025
41,49,1,6,25,27,120,123,7,0.04375
41,50,2,6,29,27,168,166,10,0.0625
41,51,3,6,28,20,169,170,6,0.0375
41,52,4,6,29,26,171,176,6,0.0375
41,53,5,6,15,20,162,159,9,0.05625
41,54,6,6,15,28,135,136,9,0.05625
41,55,7,6,19,25,97,96,5,0.03125
41,56,0,7,21,25,71,72,4,0.025
41,57,1,7,19,23,98,96,9,0.05625
41,58,2,7,30,22,130,129,10,0.0625
41,59,3,7,34,23,141,142,6,0.0375
41,60,4,7,30,21,135,134,7,0.04375
41,61,5,7,19,22,116,116,5,0.03125
41,62,6,7,21,24,92,93,8,0.05
41,63,7,7,18,21,58,57,4,0.025
42,0,0,0,10,15,40,38,4,0.025
42,1,1,0,9,13,57,58,7,0.04375
42,2,2,0,12,21,84,80,7,0.04375
42,3,3,0,30,11,100,99,6,0.0375
42,4,4,0,33,17,108,108,6,0.0375
42,5,5,0,22,18,88,90,6,0.0375
42,6,6,0,4,15,51,52,7,0.04375
42,7,7,0,10,18,40,42,3,0.01875
42,8,0,1,1,9,48,49,4,0.025
42,9,1,1,11,21,79,76,11,0.06875
42,10,2,1,11,18,84,84,10,0.0625
42,11,3,1,19,11,99,96,10,0.0625
42,12,4,1,24,13,113,112,9,0.05625
42,13,5,1,28,18,124,120,10,0.0625
42,14,6,1,19,11,84,88,9,0.05625
42,15,7,1,14,15,67,67,4,0.025
42,16,0,2,7,23,77,79,4,0.025
42,17,1,2,9,10,99,103,9,0.05625
42,18,2,2,11,15,107,112,8,0.05
42,19,3,2,30,25,139,141,9,0.05625
42,20,4,2,27,14,130,130,9,0.05625
42,21,5,2,20,12,123,122,8,0.05
42,22,6,2,9,13,88,88,9,0.05625
42,23,7,2,10,11,76,78,5,0.03125
42,24,0,3,8,22,91,94,4,0.025
42,25,1,3,9,23,122,121,10,0.0625
42,26,2,3,16,16,127,125,10,0.0625
42,27,3,3,28,15,147,144,7,0.04375
42,28,4,3,37,14,151,153,7,0.04375
42,29,5,3,17,21,146,148,7,0.04375
42,30,6,3,8,17,108,110,7,0.04375
42,31,7,3,13,12,87,91,4,0.025
42,32,0,4,13,12,92,93,6,0.0375
42,33,1,4,14,22,126,126,9,0.05625
42,34,2,4,28,22,148,149,8,0.05
42,35,3,4,33,18,150,145,11,0.06875
42,36,4,4,25,23,144,147,7,0.04375
42,37,5,4,17,10,129,124,9,0.05625
42,38,6,4,11,17,102,100,8,0.05
42,39,7,4,4,16,83,81,7,0.04375
42,40,0,5,8,21,87,85,6,0.0375
42,41,1,5,8,18,99,103,6,0.0375
42,42,2,5,29,14,143,144,8,0.05
42,43,3,5,31,15,143,142,7,0.04375
42,44,4,5,20,12,130,133,6,0.0375
42,45,5,5,10,17,103,101,10,0.0625
42,46,6,5,7,9,74,75,8,0.05
42,47,7,5,6,16,74,75,5,0.03125
42,48,0,6,14,23,77,76,4,0.025
42,49,1,6,14,9,90,88,8,0.05
42,50,2,6,27,21,123,124,9,0.05625
42,51,3,6,42,18,132,130,10,0.0625
42,52,4,6,18,23,125,125,5,0.03125
42,53,5,6,12,10,92,92,10,0.0625
42,54,6,6,5,19,81,81,8,0.05
42,55,7,6,7,15,65,65,5,0.03125
42,56,0,7,5,14,36,35,4,0.025
42,57,1,7,10,24,61,63,7,0.04375
42,58,2,7,13,24,89,91,8,0.05
42,59,3,7,37,11,105,105,7,0.04375
42,60,4,7,36,24,112,114,5,0.03125
42,61,5,7,24,19,90,90,6,0.0375
42,62,6,7,3,18,62,61,9,0.05625
42,63,7,7,5,21,42,42,5,0.03125
43,0,0,0,4,15,30,32,4,0.025
43,1,1,0,4,20,53,51,8,0.05
43,2,2,0,16,13,69,69,6,0.0375
43,3,3,0,25,27,96,98,6,0.0375
43,4,4,0,28,10,91,90,7,0.04375
43,5,5,0,27,14,93,92,7,0.04375
43,6,6,0,20,18,81,78,9,0.05625
43,7,7,0,17,17,41,41,3,0.01875
43,8,0,1,5,16,48,48,4,0.025
43,9,1,1,2,15,72,74,9,0.05625
43,10,2,1,10,17,92,95,7,0.04375
43,11,3,1,18,13,110,111,8,0.05
43,12,4,1,33,12,106,107,7,0.04375
43,13,5,1,12,20,96,100,8,0.05
43,14,6,1,8,15,88,90,7,0.04375
43,15,7,1,10,18,64,65,5,0.03125
43,16,0,2,4,12,58,58,4,0.025
43,17,1,2,4,23,97,98,7,0.04375
43,18,2,2,15,18,111,110,6,0.0375
43,19,3,2,19,12,128,131,7,0.04375
43,20,4,2,39,15,137,138,8,0.05
43,21,5,2,26,19,145,145,9,0.05625
43,22,6,2,12,22,123,123,9,0.05625
43,23,7,2,10,22,86,86,5,0.03125
43,24,0,3,6,16,73,73,6,0.0375
43,25,1,3,5,11,109,110,8,0.05
43,26,2,3,20,15,128,129,7,0.04375
43,27,3,3,29,15,147,147,8,0.05
43,28,4,3,39,17,151,151,8,0.05
43,29,5,3,16,18,145,143,8,0.05
43,30,6,3,10,11,114,113,9,0.05625
43,31,7,3,7,18,85,84,6,0.0375
43,32,0,4,9,10,77,77,5,0.03125
43,33,1,4,6,15,113,116,7,0.04375
43,34,2,4,20,13,134,133,8,0.05
43,35,3,4,29,16,140,147,4,0.025
43,36,4,4,38,17,155,153,8,0.05
43,37,5,4,15,24,142,146,8,0.05
43,38,6,4,8,15,122,120,10,0.0625
43,39,7,4,10,17,93,93,7,0.04375
43,40,0,5,8,10,65,67,5,0.03125
43,41,1,5,7,13,100,97,8,0.05
43,42,2,5,13,21,116,116,8,0.05
43,43,3,5,33,19,143,144,6,0.0375
43,44,4,5,25,12,142,142,7,0.04375
43,45,5,5,18,10,121,124,6,0.0375
43,46,6,5,9,19,109,112,6,0.0375
43,47,7,5,9,14,76,75,5,0.03125
43,48,0,6,6,16,54,56,4,0.025
43,49,1,6,4,22,80,80,8,0.05
43,50,2,6,15,10,85,87,7,0.04375
43,51,3,6,25,9,105,107,7,0.04375
43,52,4,6,28,10,118,119,5,0.03125
43,53,5,6,11,11,94,98,7,0.04375
43,54,6,6,7,24,86,86,8,0.05
43,55,7,6,7,14,53,54,4,0.025
43,56,0,7,9,22,38,38,5,0.03125
43,57,1,7,9,15,64,63,8,0.05
43,58,2,7,17,12,81,82,6,0.0375
43,59,3,7,38,15,109,109,6,0.0375
43,60,4,7,30,21,109,109,5,0.03125
43,61,5,7,21,18,84,82,8,0.05
43,62,6,7,9,20,61,61,7,0.04375
43,63,7,7,9,14,33,33,4,0.025
44,0,0,0,6,13,44,42,5,0.03125
44,1,1,0,8,25,71,75,5,0.03125
44,2,2,0,22,12,84,85,6,0.0375
44,3,3,0,32,15,104,101,8,0.05
44,4,4,0,33,15,104,105,6,0.0375
44,5,5,0,20,14,87,88,6,0.0375
44,6,6,0,11,26,66,69,8,0.05
44,7,7,0,6,22,40,37,6,0.0375
44,8,0,1,10,17,79,74,9,0.05625
44,9,1,1,5,11,89,90,8,0.05
44,10,2,1,23,26,108,108,8,0.05
44,11,3,1,34,16,127,128,6,0.0375
44,12,4,1,37,19,135,134,8,0.05
44,13,5,1,18,12,105,105,7,0.04375
44,14,6,1,6,18,90,88,9,0.05625
44,15,7,1,9,16,64,66,4,0.025
44,16,0,2,6,15,86,83,7,0.04375
44,17,1,2,7,18,107,106,9,0.05625
44,18,2,2,15,12,111,108,10,0.0625
44,19,3,2,27,23,138,138,5,0.03125
44,20,4,2,36,16,148,144,12,0.075
44,21,5,2,27,19,127,127,9,0.05625
44,22,6,2,10,17,120,119,8,0.05
44,23,7,2,13,13,83,82,6,0.0375
44,24,0,3,11,13,85,87,4,0.025
44,25,1,3,17,16,124,122,10,0.0625
44,26,2,3,23,16,131,130,10,0.0625
44,27,3,3,28,18,159,160,6,0.0375
44,28,4,3,29,13,154,151,8,0.05
44,29,5,3,19,11,122,122,8,0.05
44,30,6,3,4,21,122,123,8,0.05
44,31,7,3,7,21,89,90,5,0.03125
44,32,0,4,10,21,87,86,6,0.0375
44,33,1,4,7,13,119,117,9,0.05625
44,34,2,4,14,15,119,119,7,0.04375
44,35,3,4,29,22,161,159,6,0.0375
44,36,4,4,41,15,167,167,9,0.05625
44,37,5,4,17,16,125,124,8,0.05
44,38,6,4,11,22,111,112,9,0.05625
44,39,7,4,8,11,83,83,7,0.04375
44,40,0,5,16,16,76,77,5,0.03125
44,41,1,5,9,21,121,120,10,0.0625
44,42,2,5,10,9,111,107,10,0.0625
44,43,3,5,23,12,123,122,9,0.05625
44,44,4,5,32,10,153,152,6,0.0375
44,45,5,5,19,19,119,117,8,0.05
44,46,6,5,10,16,99,96,9,0.05625
44,47,7,5,7,13,79,77,7,0.04375
44,48,0,6,7,17,52,51,4,0.025
44,49,1,6,10,20,98,99,7,0.04375
44,50,2,6,21,12,118,116,9,0.05625
44,51,3,6,31,17,128,127,7,0.04375
44,52,4,6,32,27,146,143,6,0.0375
44,53,5,6,17,16,99,95,9,0.05625
44,54,6,6,5,12,73,75,7,0.04375
44,55,7,6,6,20,67,65,5,0.03125
44,56,0,7,5,17,30,30,4,0.025
44,57,1,7,12,20,61,62,7,0.04375
44,58,2,7,17,24,90,90,7,0.04375
44,59,3,7,30,7,98,101,3,0.01875
44,60,4,7,38,23,120,117,7,0.04375
44,61,5,7,25,15,86,88,7,0.04375
44,62,6,7,9,16,61,63,6,0.0375
44,63,7,7,6,15,36,38,2,0.0125
45,0,0,0,11,12,37,38,5,0.03125
45,1,1,0,6,15,56,53,7,0.04375
45,2,2,0,18,20,87,90,5,0.03125
45,3,3,0,42,13,102,101,8,0.05
45,4,4,0,24,18,97,95,8,0.05
45,5,5,0,27,20,93,93,7,0.04375
45,6,6,0,6,14,67,65,9,0.05625
45,7,7,0,11,12,40,39,6,0.0375
45,8,0,1,8,13,54,59,4,0.025
45,9,1,1,5,14,66,67,7,0.04375
45,10,2,1,13,19,110,109,7,0.04375
45,11,3,1,33,15,119,118,9,0.05625
45,12,4,1,29,15,121,122,8,0.05
45,13,5,1,20,19,105,107,4,0.025
45,14,6,1,11,14,81,80,11,0.06875
45,15,7,1,3,14,55,52,7,0.04375
45,16,0,2,5,20,72,76,3,0.01875
45,17,1,2,4,10,71,73,7,0.04375
45,18,2,2,15,20,113,117,8,0.05
45,19,3,2,28,14,126,124,8,0.05
45,20,4,2,31,17,134,135,10,0.0625
45,21,5,2,14,16,121,117,13,0.08125
45,22,6,2,9,14,101,97,14,0.0875
45,23,7,2,10,17,75,76,5,0.03125
45,24,0,3,15,21,100,97,7,0.04375
45,25,1,3,4,19,88,92,8,0.05
45,26,2,3,12,15,122,121,9,0.05625
45,27,3,3,27,16,145,142,8,0.05
45,28,4,3,37,21,161,165,7,0.04375
45,29,5,3,21,19,130,129,9,0.05625
45,30,6,3,8,15,106,102,10,0.0625
45,31,7,3,4,12,75,76,4,0.025
45,32,0,4,7,13,89,89,5,0.03125
45,33,1,4,13,16,95,97,8,0.05
45,34,2,4,23,12,136,140,5,0.03125
45,35,3,4,34,12,148,147,8,0.05
45,36,4,4,21,20,151,151,7,0.04375
45,37,5,4,19,17,124,122,8,0.05
45,38,6,4,3,8,104,104,10,0.0625
45,39,7,4,9,19,93,93,6,0.0375
45,40,0,5,4,16,75,76,4,0.025
45,41,1,5,4,18,89,87,11,0.06875
45,42,2,5,13,21,114,117,8,0.05
45,43,3,5,31,22,136,137,6,0.0375
45,44,4,5,33,16,141,139,8,0.05
45,45,5,5,24,16,126,126,7,0.04375
45,46,6,5,9,16,114,112,10,0.0625
45,47,7,5,13,18,88,91,5,0.03125
45,48,0,6,16,20,70,71,4,0.025
45,49,1,6,6,23,101,99,8,0.05
45,50,2,6,21,21,116,116,9,0.05625
45,51,3,6,40,11,129,131,6,0.0375
45,52,4,6,28,13,121,121,7,0.04375
45,53,5,6,8,16,88,92,7,0.04375
45,54,6,6,7,17,87,84,9,0.05625
45,55,7,6,4,13,56,58,4,0.025
45,56,0,7,11,15,40,41,4,0.025
45,57,1,7,6,15,67,64,8,0.05
45,58,2,7,14,20,89,88,8,0.05
45,59,3,7,39,16,112,109,6,0.0375
45,60,4,7,40,16,107,110,6,0.0375
45,61,5,7,16,17,83,82,8,0.05
45,62,6,7,11,20,69,66,8,0.05
45,63,7,7,3,19,37,36,4,0.025
46,0,0,0,6,14,34,35,4,0.025
46,1,1,0,12,19,65,64,8,0.05
46,2,2,0,23,8,78,76,7,0.04375
46,3,3,0,35,18,105,106,8,0.05
46,4,4,0,39,20,109,111,7,0.04375
46,5,5,0,10,13,74,71,8,0.05
46,6,6,0,11,9,49,49,10,0.0625
46,7,7,0,3,27,43,46,4,0.025
46,8,0,1,2,24,60,59,4,0.025
46,9,1,1,8,11,79,79,8,0.05
46,10,2,1,12,14,81,82,8,0.05
46,11,3,1,13,12,100,98,9,0.05625
46,12,4,1,31,16,124,122,10,0.0625
46,13,5,1,23,16,109,104,8,0.05
46,14,6,1,6,16,81,85,7,0.04375
46,15,7,1,13,20,80,80,6,0.0375
46,16,0,2,5,10,72,70,5,0.03125
46,17,1,2,3,19,94,93,8,0.05
46,18,2,2,10,12,94,91,11,0.06875
46,19,3,2,15,14,119,116,10,0.0625
46,20,4,2,29,13,140,141,9,0.05625
46,21,5,2,30,13,134,142,5,0.03125
46,22,6,2,9,27,106,112,7,0.04375
46,23,7,2,7,16,80,82,3,0.01875
46,24,0,3,8,19,89,90,6,0.0375
46,25,1,3,15,20,132,128,9,0.05625
46,26,2,3,35,16,139,139,8,0.05
46,27,3,3,39,19,156,155,11,0.06875
46,28,4,3,21,17,141,138,8,0.05
46,29,5,3,9,13,118,120,8,0.05
46,30,6,3,5,19,112,117,8,0.05
46,31,7,3,8,13,89,88,4,0.025
46,32,0,4,8,18,84,87,3,0.01875
46,33,1,4,11,16,109,110,6,0.0375
46,34,2,4,20,20,130,128,7,0.04375
46,35,3,4,28,18,145,147,6,0.0375
46,36,4,4,39,16,155,158,5,0.03125
46,37,5,4,17,21,138,141,6,0.0375
46,38,6,4,10,13,112,113,8,0.05
46,39,7,4,10,16,96,99,4,0.025
46,40,0,5,6,14,77,76,4,0.025
46,41,1,5,3,14,95,97,9,0.05625
46,42,2,5,17,17,127,127,8,0.05
46,43,3,5,34,11,134,130,10,0.0625
46,44,4,5,38,23,134,137,7,0.04375
46,45,5,5,7,14,114,113,7,0.04375
46,46,6,5,7,12,84,86,8,0.05
46,47,7,5,1,13,82,77,9,0.05625
46,48,0,6,10,16,64,65,3,0.01875
46,49,1,6,19,17,102,104,8,0.05
46,50,2,6,34,16,135,140,4,0.025
46,51,3,6,35,11,127,123,9,0.05625
46,52,4,6,20,13,103,104,8,0.05
46,53,5,6,12,20,107,104,9,0.05625
46,54,6,6,2,18,80,80,8,0.05
46,55,7,6,4,20,69,69,4,0.025
46,56,0,7,6,20,41,39,5,0.03125
46,57,1,7,7,22,64,66,8,0.05
46,58,2,7,20,22,90,91,7,0.04375
46,59,3,7,29,13,102,100,7,0.04375
46,60,4,7,41,9,106,106,5,0.03125
46,61,5,7,21,17,93,92,6,0.0375
46,62,6,7,5,18,64,66,8,0.05
46,63,7,7,15,16,50,50,4,0.025
47,0,0,0,25,20,69,70,3,0.01875
47,1,1,0,25,24,106,108,7,0.04375
47,2,2,0,27,22,137,138,6,0.0375
47,3,3,0,43,35,169,171,6,0.0375
47,4,4,0,32,32,159,160,5,0.03125
47,5,5,0,22,25,123,126,6,0.0375
47,6,6,0,16,20,89,91,8,0.05
47,7,7,0,24,27,70,71,3,0.01875
47,8,0,1,21,23,96,95,4,0.025
47,9,1,1,11,19,115,111,10,0.0625
47,10,2,1,18,29,157,154,9,0.05625
47,11,3,1,27,30,185,186,9,0.05625
47,12,4,1,31,26,184,183,9,0.05625
47,13,5,1,16,19,152,153,9,0.05625
47,14,6,1,15,27,120,117,9,0.05625
47,15,7,1,22,34,107,110,3,0.01875
47,16,0,2,17,15,102,103,5,0.03125
47,17,1,2,22,17,149,148,9,0.05625
47,18,2,2,26,21,197,199,8,0.05
47,19,3,2,46,27,228,234,5,0.03125
47,20,4,2,25,24,205,208,8,0.05
47,21,5,2,24,32,193,191,8,0.05
47,22,6,2,21,20,153,149,10,0.0625
47,23,7,2,23,24,127,124,7,0.04375
47,24,0,3,20,16,120,119,6,0.0375
47,25,1,3,19,32,165,168,9,0.05625
47,26,2,3,27,30,225,227,8,0.05
47,27,3,3,35,32,229,234,5,0.03125
47,28,4,3,28,25,226,226,8,0.05
47,29,5,3,35,18,212,209,11,0.06875
47,30,6,3,24,28,183,178,11,0.06875
47,31,7,3,23,17,127,128,4,0.025
47,32,0,4,24,23,122,121,5,0.03125
47,33,1,4,13,26,162,161,7,0.04375
47,34,2,4,23,30,224,222,8,0.05
47,35,3,4,34,22,238,238,6,0.0375
47,36,4,4,36,17,244,240,10,0.0625
47,37,5,4,31,29,224,223,9,0.05625
47,38,6,4,23,27,183,181,9,0.05625
47,39,7,4,20,22,128,126,6,0.0375
47,40,0,5,23,22,118,114,8,0.05
47,41,1,5,20,24,157,158,8,0.05
47,42,2,5,20,23,198,200,6,0.0375
47,43,3,5,28,27,213,219,6,0.0375
47,44,4,5,37,24,225,223,10,0.0625
47,45,5,5,25,24,197,199,6,0.0375
47,46,6,5,18,30,169,171,6,0.0375
47,47,7,5,18,22,110,116,4,0.025
47,48,0,6,29,19,105,101,6,0.0375
47,49,1,6,18,25,142,142,6,0.0375
47,50,2,6,30,22,180,179,6,0.0375
47,51,3,6,34,25,185,188,6,0.0375
47,52,4,6,25,29,175,178,4,0.025
47,53,5,6,26,26,161,161,9,0.05625
47,54,6,6,20,29,142,144,7,0.04375
47,55,7,6,18,29,90,90,4,0.025
47,56,0,7,23,29,65,68,3,0.01875
47,57,1,7,11,33,94,96,7,0.04375
47,58,2,7,23,28,127,125,8,0.05
47,59,3,7,36,27,143,144,8,0.05
47,60,4,7,31,24,140,138,7,0.04375
47,61,5,7,33,27,134,135,8,0.05
47,62,6,7,28,24,109,109,7,0.04375
47,63,7,7,22,19,55,54,5,0.03125
48,0,0,0,12,11,37,34,5,0.03125
48,1,1,0,6,17,61,59,9,0.05625
48,2,2,0,16,16,78,73,10,0.0625
48,3,3,0,33,13,103,101,7,0.04375
48,4,4,0,35,16,114,114,5,0.03125
48,5,5,0,25,24,101,101,6,0.0375
48,6,6,0,13,15,65,66,7,0.04375
48,7,7,0,7,9,35,35,3,0.01875
48,8,0,1,8,16,54,56,4,0.025
48,9,1,1,9,18,87,87,10,0.0625
48,10,2,1,15,22,103,105,7,0.04375
48,11,3,1,35,12,120,121,9,0.05625
48,12,4,1,31,11,123,127,6,0.0375
48,13,5,1,14,15,107,108,7,0.04375
48,14,6,1,7,20,77,78,9,0.05625
48,15,7,1,3,25,63,61,6,0.0375
48,16,0,2,8,16,77,78,3,0.01875
48,17,1,2,4,12,99,97,10,0.0625
48,18,2,2,21,13,126,125,10,0.0625
48,19,3,2,27,15,145,136,13,0.08125
48,20,4,2,33,22,148,147,7,0.04375
48,21,5,2,18,17,127,125,8,0.05
48,22,6,2,6,16,100,102,9,0.05625
48,23,7,2,9,22,87,88,5,0.03125
48,24,0,3,7,15,77,80,3,0.01875
48,25,1,3,8,14,102,100,11,0.06875
48,26,2,3,23,14,132,133,6,0.0375
48,27,3,3,35,17,161,156,9,0.05625
48,28,4,3,33,23,158,160,6,0.0375
48,29,5,3,13,19,137,137,11,0.06875
48,30,6,3,9,14,110,112,10,0.0625
48,31,7,3,12,13,91,89,6,0.0375
48,32,0,4,6,16,83,83,5,0.03125
48,33,1,4,12,12,99,95,12,0.075
48,34,2,4,20,23,137,139,7,0.04375
48,35,3,4,38,14,163,157,11,0.06875
48,36,4,4,33,11,148,151,7,0.04375
48,37,5,4,10,14,126,124,9,0.05625
48,38,6,4,8,14,111,110,10,0.0625
48,39,7,4,11,12,84,85,6,0.0375
48,40,0,5,4,22,78,82,5,0.03125
48,41,1,5,10,16,88,87,10,0.0625
48,42,2,5,19,17,121,118,10,0.0625
48,43,3,5,32,19,150,147,7,0.04375
48,44,4,5,34,24,150,154,6,0.0375
48,45,5,5,18,21,131,132,7,0.04375
48,46,6,5,10,21,106,105,8,0.05
48,47,7,5,5,10,76,73,7,0.04375
48,48,0,6,4,12,58,59,5,0.03125
48,49,1,6,10,25,79,78,8,0.05
48,50,2,6,31,12,112,109,7,0.04375
48,51,3,6,33,23,133,133,7,0.04375
48,52,4,6,24,14,126,122,6,0.0375
48,53,5,6,10,12,97,99,7,0.04375
48,54,6,6,8,15,77,78,7,0.04375
48,55,7,6,8,16,64,61,5,0.03125
48,56,0,7,4,15,33,31,4,0.025
48,57,1,7,7,12,49,47,8,0.05
48,58,2,7,14,15,69,71,6,0.0375
48,59,3,7,27,18,96,97,6,0.0375
48,60,4,7,24,20,102,105,4,0.025
48,61,5,7,25,17,90,89,7,0.04375
48,62,6,7,16,18,63,64,6,0.0375
48,63,7,7,14,14,40,40,4,0.025
49,0,0,0,6,17,41,43,4,0.025
49,1,1,0,5,16,61,62,7,0.04375
49,2,2,0,16,13,77,81,7,0.04375
49,3,3,0,36,18,103,104,7,0.04375
49,4,4,0,42,15,109,108,6,0.0375
49,5,5,0,19,13,82,80,8,0.05
49,6,6,0,6,15,64,64,7,0.04375
49,7,7,0,13,15,42,39,5,0.03125
49,8,0,1,6,12,61,61,4,0.025
49,9,1,1,11,22,88,91,8,0.05
49,10,2,1,16,19,89,91,6,0.0375
49,11,3,1,42,13,120,115,14,0.0875
49,12,4,1,17,23,110,108,9,0.05625
49,13,5,1,4,15,82,82,8,0.05
49,14,6,1,5,16,78,74,12,0.075
49,15,7,1,8,16,52,53,4,0.025
49,16,0,2,9,19,83,81,4,0.025
49,17,1,2,10,17,113,113,10,0.0625
49,18,2,2,8,15,106,106,9,0.05625
49,19,3,2,31,29,144,148,11,0.06875
49,20,4,2,34,18,138,139,7,0.04375
49,21,5,2,26,18,125,126,8,0.05
49,22,6,2,8,16,102,102,9,0.05625
49,23,7,2,6,19,76,75,5,0.03125
49,24,0,3,8,13,89,88,4,0.025
49,25,1,3,9,13,122,123,9,0.05625
49,26,2,3,21,10,121,123,6,0.0375
49,27,3,3,33,11,161,162,9,0.05625
49,28,4,3,29,22,150,150,7,0.04375
49,29,5,3,16,12,111,114,7,0.04375
49,30,6,3,3,14,88,87,11,0.06875
49,31,7,3,3,18,78,79,5,0.03125
49,32,0,4,11,13,85,84,6,0.0375
49,33,1,4,8,17,121,124,9,0.05625
49,34,2,4,23,16,128,128,7,0.04375
49,35,3,4,34,18,167,169,9,0.05625
49,36,4,4,34,12,153,154,5,0.03125
49,37,5,4,17,18,127,129,9,0.05625
49,38,6,4,6,25,106,109,8,0.05
49,39,7,4,7,16,88,85,8,0.05
49,40,0,5,9,16,76,76,5,0.03125
49,41,1,5,8,11,113,111,11,0.06875
49,42,2,5,18,13,118,118,9,0.05625
49,43,3,5,38,20,168,167,9,0.05625
49,44,4,5,28,8,143,141,7,0.04375
49,45,5,5,16,13,116,113,9,0.05625
49,46,6,5,5,15,98,97,9,0.05625
49,47,7,5,10,17,90,90,6,0.0375
49,48,0,6,10,17,60,61,5,0.03125
49,49,1,6,5,23,94,93,10,0.0625
49,50,2,6,20,23,99,99,9,0.05625
49,51,3,6,35,25,140,137,10,0.0625
49,52,4,6,32,23,134,135,8,0.05
49,53,5,6,24,19,108,107,8,0.05
49,54,6,6,6,18,89,85,10,0.0625
49,55,7,6,10,14,70,72,4,0.025
49,56,0,7,7,22,36,38,3,0.01875
49,57,1,7,9,21,65,67,6,0.0375
49,58,2,7,18,15,82,82,6,0.0375
49,59,3,7,34,14,107,106,7,0.04375
49,60,4,7,38,19,114,110,8,0.05
49,61,5,7,15,14,79,80,7,0.04375
49,62,6,7,7,15,59,58,6,0.0375
49,63,7,7,15,13,39,40,3,0.01875
50,0,0,0,10,17,35,34,5,0.03125
50,1,1,0,11,26,58,59,6,0.0375
50,2,2,0,22,16,75,77,4,0.025
50,3,3,0,40,20,104,106,5,0.03125
50,4,4,0,17,21,83,80,9,0.05625
50,5,5,0,3,12,51,52,7,0.04375
50,6,6,0,8,13,41,40,8,0.05
50,7,7,0,2,12,26,28,4,0.025
50,8,0,1,14,19,74,72,5,0.03125
50,9,1,1,10,16,94,94,9,0.05625
50,10,2,1,30,16,117,114,8,0.05
50,11,3,1,35,20,134,139,6,0.0375
50,12,4,1,23,14,113,118,4,0.025
50,13,5,1,10,16,92,92,7,0.04375
50,14,6,1,1,17,64,67,9,0.05625
50,15,7,1,6,11,54,54,5,0.03125
50,16,0,2,10,16,81,82,5,0.03125
50,17,1,2,6,14,97,100,7,0.04375
50,18,2,2,20,17,124,123,11,0.06875
50,19,3,2,35,20,163,165,7,0.04375
50,20,4,2,35,18,141,140,8,0.05
50,21,5,2,13,9,116,115,10,0.0625
50,22,6,2,10,17,98,97,8,0.05
50,23,7,2,7,17,77,79,5,0.03125
50,24,0,3,6,14,76,74,6,0.0375
50,25,1,3,5,19,102,104,7,0.04375
50,26,2,3,17,14,129,125,8,0.05
50,27,3,3,36,21,163,165,8,0.05
50,28,4,3,24,11,143,143,6,0.0375
50,29,5,3,17,23,136,135,9,0.05625
50,30,6,3,9,21,109,114,7,0.04375
50,31,7,3,11,21,95,96,4,0.025
50,32,0,4,8,16,87,85,5,0.03125
50,33,1,4,12,11,122,122,7,0.04375
50,34,2,4,23,7,129,126,9,0.05625
50,35,3,4,31,13,145,149,7,0.04375
50,36,4,4,29,16,145,143,8,0.05
50,37,5,4,17,15,122,121,10,0.0625
50,38,6,4,8,16,102,100,9,0.05625
50,39,7,4,4,17,90,94,5,0.03125
50,40,0,5,13,21,82,82,5,0.03125
50,41,1,5,10,21,118,121,8,0.05
50,42,2,5,19,12,130,131,8,0.05
50,43,3,5,39,16,148,146,11,0.06875
50,44,4,5,38,16,143,144,7,0.04375
50,45,5,5,11,13,110,110,10,0.0625
50,46,6,5,10,14,86,87,8,0.05
50,47,7,5,3,13,81,84,4,0.025
50,48,0,6,12,21,59,57,6,0.0375
50,49,1,6,12,16,93,95,7,0.04375
50,50,2,6,20,19,118,116,8,0.05
50,51,3,6,31,13,121,122,9,0.05625
50,52,4,6,20,20,113,112,8,0.05
50,53,5,6,12,18,91,94,6,0.0375
50,54,6,6,6,11,69,72,8,0.05
50,55,7,6,7,19,72,68,8,0.05
50,56,0,7,8,7,28,23,8,0.05
50,57,1,7,9,23,60,60,6,0.0375
50,58,2,7,10,21,78,78,6,0.0375
50,59,3,7,32,12,101,99,8,0.05
50,60,4,7,42,16,108,111,5,0.03125
50,61,5,7,16,16,80,79,8,0.05
50,62,6,7,7,15,56,55,8,0.05
50,63,7,7,5,22,43,43,4,0.025
51,0,0,0,10,26,49,48,5,0.03125
51,1,1,0,5,18,63,63,7,0.04375
51,2,2,0,14,23,85,84,6,0.0375
51,3,3,0,32,17,102,101,6,0.0375
51,4,4,0,44,18,109,111,7,0.04375
51,5,5,0,14,23,86,86,8,0.05
51,6,6,0,5,17,59,59,8,0.05
51,7,7,0,7,16,36,36,4,0.025
51,8,0,1,10,18,72,74,4,0.025
51,9,1,1,13,12,91,91,9,0.05625
51,10,2,1,19,14,111,113,5,0.03125
51,11,3,1,40,19,131,133,7,0.04375
51,12,4,1,28,13,127,120,10,0.0625
51,13,5,1,10,10,102,103,7,0.04375
51,14,6,1,7,12,80,82,7,0.04375
51,15,7,1,5,23,66,67,4,0.025
51,16,0,2,7,19,79,79,4,0.025
51,17,1,2,11,18,95,96,7,0.04375
51,18,2,2,17,26,136,137,8,0.05
51,19,3,2,38,15,147,147,8,0.05
51,20,4,2,34,10,144,143,8,0.05
51,21,5,2,27,23,132,133,8,0.05
51,22,6,2,7,17,94,95,10,0.0625
51,23,7,2,2,11,72,72,5,0.03125
51,24,0,3,7,12,87,87,5,0.03125
51,25,1,3,13,15,102,99,9,0.05625
51,26,2,3,24,21,145,147,7,0.04375
51,27,3,3,40,22,165,164,7,0.04375
51,28,4,3,32,18,155,154,6,0.0375
51,29,5,3,15,19,131,134,6,0.0375
51,30,6,3,5,11,105,99,12,0.075
51,31,7,3,4,12,80,79,5,0.03125
51,32,0,4,6,19,92,94,6,0.0375
51,33,1,4,6,11,93,92,10,0.0625
51,34,2,4,11,12,124,123,8,0.05
51,35,3,4,27,17,157,155,9,0.05625
51,36,4,4,43,13,162,163,5,0.03125
51,37,5,4,10,13,132,132,8,0.05
51,38,6,4,4,10,107,109,8,0.05
51,39,7,4,11,16,87,86,5,0.03125
51,40,0,5,12,18,87,89,3,0.01875
51,41,1,5,12,11,101,100,9,0.05625
51,42,2,5,30,13,135,134,8,0.05
51,43,3,5,31,19,146,152,6,0.0375
51,44,4,5,26,20,142,139,8,0.05
51,45,5,5,9,21,119,121,6,0.0375
51,46,6,5,6,17,108,106,10,0.0625
51,47,7,5,4,20,79,81,2,0.0125
51,48,0,6,9,18,65,68,4,0.025
51,49,1,6,6,14,86,84,9,0.05625
51,50,2,6,27,9,110,110,11,0.06875
51,51,3,6,41,23,133,130,11,0.06875
51,52,4,6,20,12,119,119,8,0.05
51,53,5,6,13,12,97,91,11,0.06875
51,54,6,6,4,20,80,79,8,0.05
51,55,7,6,0,21,61,65,5,0.03125
51,56,0,7,8,17,38,41,4,0.025
51,57,1,7,6,18,63,62,8,0.05
51,58,2,7,17,30,92,91,7,0.04375
51,59,3,7,31,8,97,100,6,0.0375
51,60,4,7,40,18,118,118,4,0.025
51,61,5,7,29,13,93,95,6,0.0375
51,62,6,7,11,17,71,73,7,0.04375
51,63,7,7,11,16,44,44,4,0.025
52,0,0,0,5,19,39,39,6,0.0375
52,1,1,0,11,20,61,59,8,0.05
52,2,2,0,11,20,81,80,6,0.0375
52,3,3,0,24,19,94,93,7,0.04375
52,4,4,0,44,23,116,113,11,0.06875
52,5,5,0,27,12,92,92,7,0.04375
52,6,6,0,5,9,58,58,8,0.05
52,7,7,0,12,28,58,58,4,0.025
52,8,0,1,4,6,56,54,4,0.025
52,9,1,1,6,16,77,76,9,0.05625
52,10,2,1,13,17,100,100,8,0.05
52,11,3,1,26,9,107,107,5,0.03125
52,12,4,1,42,20,126,130,7,0.04375
52,13,5,1,16,17,103,101,9,0.05625
52,14,6,1,12,17,72,71,7,0.04375
52,15,7,1,3,19,70,68,6,0.0375
52,16,0,2,11,11,78,78,4,0.025
52,17,1,2,9,13,100,99,8,0.05
52,18,2,2,20,16,127,129,5,0.03125
52,19,3,2,32,21,133,136,6,0.0375
52,20,4,2,30,11,136,138,8,0.05
52,21,5,2,11,22,120,121,8,0.05
52,22,6,2,9,15,98,97,9,0.05625
52,23,7,2,10,10,91,86,8,0.05
52,24,0,3,10,24,84,86,5,0.03125
52,25,1,3,4,22,100,103,8,0.05
52,26,2,3,17,14,124,122,10,0.0625
52,27,3,3,20,25,140,140,8,0.05
52,28,4,3,39,11,161,160,8,0.05
52,29,5,3,22,19,143,141,8,0.05
52,30,6,3,8,13,115,115,11,0.06875
52,31,7,3,15,15,104,103,7,0.04375
52,32,0,4,13,16,91,91,6,0.0375
52,33,1,4,4,14,111,110,9,0.05625
52,34,2,4,14,22,135,135,9,0.05625
52,35,3,4,37,19,147,149,6,0.0375
52,36,4,4,36,13,166,162,9,0.05625
52,37,5,4,22,30,149,151,8,0.05
52,38,6,4,14,15,115,115,8,0.05
52,39,7,4,12,19,102,102,5,0.03125
52,40,0,5,11,17,87,84,6,0.0375
52,41,1,5,10,15,107,108,8,0.05
52,42,2,5,25,16,136,137,7,0.04375
52,43,3,5,31,18,134,133,5,0.03125
52,44,4,5,34,13,149,149,9,0.05625
52,45,5,5,22,17,125,124,9,0.05625
52,46,6,5,6,16,100,100,8,0.05
52,47,7,5,10,20,89,86,4,0.025
52,48,0,6,3,18,60,60,3,0.01875
52,49,1,6,10,9,73,76,6,0.0375
52,50,2,6,14,16,107,108,8,0.05
52,51,3,6,39,14,115,121,5,0.03125
52,52,4,6,26,21,128,129,5,0.03125
52,53,5,6,12,14,96,99,8,0.05
52,54,6,6,6,17,87,86,9,0.05625
52,55,7,6,13,14,67,66,5,0.03125
52,56,0,7,4,15,33,34,4,0.025
52,57,1,7,10,19,57,57,8,0.05
52,58,2,7,20,15,78,79,6,0.0375
52,59,3,7,23,9,94,93,7,0.04375
52,60,4,7,44,24,125,124,5,0.03125
52,61,5,7,12,12,86,84,9,0.05625
52,62,6,7,14,22,72,71,7,0.04375
52,63,7,7,8,15,37,37,4,0.025
53,0,0,0,20,26,65,67,4,0.025
53,1,1,0,18,22,95,95,8,0.05
53,2,2,0,24,31,135,134,7,0.04375
53,3,3,0,32,22,146,147,6,0.0375
53,4,4,0,37,21,151,154,6,0.0375
53,5,5,0,27,29,145,144,8,0.05
53,6,6,0,23,29,118,119,7,0.04375
53,7,7,0,20,28,75,74,4,0.025
53,8,0,1,19,27,106,108,4,0.025
53,9,1,1,22,15,123,122,11,0.06875
53,10,2,1,19,26,173,172,9,0.05625
53,11,3,1,30,26,188,183,11,0.06875
53,12,4,1,38,25,183,182,9,0.05625
53,13,5,1,28,16,167,168,8,0.05
53,14,6,1,23,19,147,145,10,0.0625
53,15,7,1,28,33,127,124,8,0.05
53,16,0,2,21,22,128,127,5,0.03125
53,17,1,2,23,30,151,149,9,0.05625
53,18,2,2,25,37,219,219,6,0.0375
53,19,3,2,40,20,218,218,5,0.03125
53,20,4,2,35,32,209,207,8,0.05
53,21,5,2,22,25,190,188,9,0.05625
53,22,6,2,20,27,152,152,11,0.06875
53,23,7,2,19,26,137,139,7,0.04375
53,24,0,3,25,20,142,142,4,0.025
53,25,1,3,21,23,165,164,8,0.05
53,26,2,3,26,18,215,215,9,0.05625
53,27,3,3,37,18,226,226,8,0.05
53,28,4,3,38,24,224,225,8,0.05
53,29,5,3,32,18,213,214,6,0.0375
53,30,6,3,14,27,162,164,10,0.0625
53,31,7,3,26,29,159,160,5,0.03125
53,32,0,4,23,25,144,145,4,0.025
53,33,1,4,9,23,158,157,10,0.0625
53,34,2,4,18,24,202,204,9,0.05625
53,35,3,4,27,35,226,225,6,0.0375
53,36,4,4,35,22,221,229,2,0.0125
53,37,5,4,27,20,211,209,8,0.05
53,38,6,4,23,23,162,160,10,0.0625
53,39,7,4,23,43,157,157,5,0.03125
53,40,0,5,19,20,132,130,7,0.04375
53,41,1,5,18,24,170,168,11,0.06875
53,42,2,5,24,27,206,207,7,0.04375
53,43,3,5,38,22,217,218,4,0.025
53,44,4,5,29,27,214,213,9,0.05625
53,45,5,5,28,33,207,202,12,0.075
53,46,6,5,19,26,147,151,5,0.03125
53,47,7,5,17,27,134,133,6,0.0375
53,48,0,6,21,29,105,103,5,0.03125
53,49,1,6,24,24,149,149,7,0.04375
53,50,2,6,26,28,183,183,8,0.05
53,51,3,6,34,31,194,190,10,0.0625
53,52,4,6,28,22,179,181,6,0.0375
53,53,5,6,21,31,172,172,8,0.05
53,54,6,6,14,15,122,123,9,0.05625
53,55,7,6,23,26,109,111,4,0.025
53,56,0,7,24,21,67,65,5,0.03125
53,57,1,7,24,22,105,104,9,0.05625
53,58,2,7,30,30,144,144,7,0.04375
53,59,3,7,38,26,162,165,5,0.03125
53,60,4,7,36,37,158,156,8,0.05
53,61,5,7,24,22,125,127,7,0.04375
53,62,6,7,15,21,92,91,8,0.05
53,63,7,7,21,21,62,62,4,0.025
54,0,0,0,8,17,42,41,5,0.03125
54,1,1,0,6,15,55,55,9,0.05625
54,2,2,0,20,10,79,76,9,0.05625
54,3,3,0,29,15,107,106,8,0.05
54,4,4,0,34,14,103,103,7,0.04375
54,5,5,0,21,13,89,91,5,0.03125
54,6,6,0,12,17,69,68,8,0.05
54,7,7,0,11,23,46,47,3,0.01875
54,8,0,1,12,18,75,73,6,0.0375
54,9,1,1,6,27,90,92,8,0.05
54,10,2,1,14,13,98,98,8,0.05
54,11,3,1,36,14,121,126,6,0.0375
54,12,4,1,22,18,112,111,7,0.04375
54,13,5,1,14,22,100,101,8,0.05
54,14,6,1,6,15,76,80,7,0.04375
54,15,7,1,4,17,64,66,6,0.0375
54,16,0,2,8,18,87,89,3,0.01875
54,17,1,2,5,14,106,109,7,0.04375
54,18,2,2,18,18,114,115,7,0.04375
54,19,3,2,35,22,149,145,9,0.05625
54,20,4,2,30,10,128,128,9,0.05625
54,21,5,2,16,19,124,126,7,0.04375
54,22,6,2,6,17,100,99,12,0.075
54,23,7,2,8,23,94,96,6,0.0375
54,24,0,3,7,17,95,95,3,0.01875
54,25,1,3,14,15,115,118,6,0.0375
54,26,2,3,20,18,132,133,7,0.04375
54,27,3,3,41,19,165,167,4,0.025
54,28,4,3,30,15,130,132,6,0.0375
54,29,5,3,16,25,134,133,7,0.04375
54,30,6,3,8,17,109,110,10,0.0625
54,31,7,3,11,9,95,94,7,0.04375
54,32,0,4,5,10,85,86,4,0.025
54,33,1,4,9,17,107,108,9,0.05625
54,34,2,4,14,17,125,122,11,0.06875
54,35,3,4,31,18,154,154,6,0.0375
54,36,4,4,35,14,140,135,8,0.05
54,37,5,4,20,19,135,136,9,0.05625
54,38,6,4,14,16,117,116,10,0.0625
54,39,7,4,14,18,98,97,5,0.03125
54,40,0,5,6,16,79,81,5,0.03125
54,41,1,5,3,17,95,94,10,0.0625
54,42,2,5,19,17,117,115,10,0.0625
54,43,3,5,26,15,131,128,8,0.05
54,44,4,5,32,15,122,125,7,0.04375
54,45,5,5,16,15,116,121,8,0.05
54,46,6,5,7,13,99,99,7,0.04375
54,47,7,5,15,12,88,85,7,0.04375
54,48,0,6,14,17,65,65,6,0.0375
54,49,1,6,9,16,83,83,6,0.0375
54,50,2,6,28,15,112,114,7,0.04375
54,51,3,6,22,18,117,119,8,0.05
54,52,4,6,26,15,110,108,7,0.04375
54,53,5,6,8,18,91,91,8,0.05
54,54,6,6,2,15,75,76,8,0.05
54,55,7,6,5,23,60,58,6,0.0375
54,56,0,7,10,19,47,48,4,0.025
54,57,1,7,14,20,74,75,7,0.04375
54,58,2,7,19,21,89,90,6,0.0375
54,59,3,7,37,19,110,109,5,0.03125
54,60,4,7,31,17,107,109,7,0.04375
54,61,5,7,19,15,90,89,8,0.05
54,62,6,7,13,20,74,76,6,0.0375
54,63,7,7,11,13,40,40,3,0.01875
55,0,0,0,12,18,45,46,4,0.025
55,1,1,0,7,17,70,69,9,0.05625
55,2,2,0,17,13,84,88,6,0.0375
55,3,3,0,35,31,108,110,5,0.03125
55,4,4,0,29,19,97,99,5,0.03125
55,5,5,0,20,12,80,79,8,0.05
55,6,6,0,10,9,54,55,7,0.04375
55,7,7,0,7,12,37,35,5,0.03125
55,8,0,1,5,15,56,58,4,0.025
55,9,1,1,7,21,84,82,10,0.0625
55,10,2,1,16,21,105,106,8,0.05
55,11,3,1,28,17,131,130,7,0.04375
55,12,4,1,37,13,128,128,10,0.0625
55,13,5,1,17,14,102,99,11,0.06875
55,14,6,1,6,11,70,62,15,0.09375
55,15,7,1,10,22,66,68,5,0.03125
55,16,0,2,2,13,63,62,4,0.025
55,17,1,2,9,15,93,93,8,0.05
55,18,2,2,12,17,114,111,8,0.05
55,19,3,2,17,14,124,124,9,0.05625
55,20,4,2,24,16,137,138,8,0.05
55,21,5,2,24,12,124,124,6,0.0375
55,22,6,2,11,7,85,87,10,0.0625
55,23,7,2,8,15,83,82,6,0.0375
55,24,0,3,9,15,76,76,3,0.01875
55,25,1,3,5,12,110,106,8,0.05
55,26,2,3,18,17,139,138,6,0.0375
55,27,3,3,39,17,152,151,7,0.04375
55,28,4,3,26,19,152,152,6,0.0375
55,29,5,3,25,20,143,143,7,0.04375
55,30,6,3,7,10,102,101,10,0.0625
55,31,7,3,10,20,99,101,4,0.025
55,32,0,4,8,15,76,73,6,0.0375
55,33,1,4,11,17,109,110,10,0.0625
55,34,2,4,16,19,138,142,9,0.05625
55,35,3,4,41,18,160,161,7,0.04375
55,36,4,4,23,9,137,137,8,0.05
55,37,5,4,19,12,124,123,9,0.05625
55,38,6,4,6,26,103,107,8,0.05
55,39,7,4,4,11,91,93,5,0.03125
55,40,0,5,8,18,76,78,3,0.01875
55,41,1,5,7,17,101,103,9,0.05625
55,42,2,5,15,11,123,123,8,0.05
55,43,3,5,28,20,133,135,7,0.04375
55,44,4,5,29,14,140,138,9,0.05625
55,45,5,5,24,16,126,126,8,0.05
55,46,6,5,11,26,109,107,7,0.04375
55,47,7,5,3,21,84,89,4,0.025
55,48,0,6,5,14,64,66,4,0.025
55,49,1,6,13,11,82,79,9,0.05625
55,50,2,6,22,11,105,102,10,0.0625
55,51,3,6,32,14,114,113,10,0.0625
55,52,4,6,27,14,121,123,5,0.03125
55,53,5,6,12,15,96,96,9,0.05625
55,54,6,6,10,11,75,76,7,0.04375
55,55,7,6,2,21,65,67,4,0.025
55,56,0,7,8,18,48,48,5,0.03125
55,57,1,7,13,16,72,71,9,0.05625
55,58,2,7,33,21,105,104,6,0.0375
55,59,3,7,34,17,108,107,5,0.03125
55,60,4,7,24,17,100,99,7,0.04375
55,61,5,7,16,16,77,76,7,0.04375
55,62,6,7,6,20,61,60,8,0.05
55,63,7,7,9,20,45,44,5,0.03125
56,0,0,0,4,18,36,36,4,0.025
56,1,1,0,8,18,55,56,8,0.05
56,2,2,0,17,23,86,84,8,0.05
56,3,3,0,24,19,100,99,6,0.0375
56,4,4,0,37,14,98,98,4,0.025
56,5,5,0,26,20,89,88,7,0.04375
56,6,6,0,9,18,62,57,11,0.06875
56,7,7,0,13,19,42,44,4,0.025
56,8,0,1,5,18,59,59,4,0.025
56,9,1,1,2,13,70,72,8,0.05
56,10,2,1,2,18,82,82,7,0.04375
56,11,3,1,11,8,99,98,7,0.04375
56,12,4,1,21,15,96,95,9,0.05625
56,13,5,1,8,20,94,95,9,0.05625
56,14,6,1,24,13,81,81,13,0.08125
56,15,7,1,15,14,55,56,3,0.01875
56,16,0,2,4,16,76,75,4,0.025
56,17,1,2,3,22,101,101,8,0.05
56,18,2,2,7,12,99,99,9,0.05625
56,19,3,2,21,12,122,122,9,0.05625
56,20,4,2,37,16,129,129,8,0.05
56,21,5,2,28,18,136,137,6,0.0375
56,22,6,2,12,12,108,107,10,0.0625
56,23,7,2,11,17,77,79,5,0.03125
56,24,0,3,12,12,85,85,4,0.025
56,25,1,3,13,15,118,119,8,0.05
56,26,2,3,21,16,131,134,7,0.04375
56,27,3,3,32,13,143,141,6,0.0375
56,28,4,3,30,14,134,134,4,0.025
56,29,5,3,19,15,131,132,7,0.04375
56,30,6,3,6,9,108,107,11,0.06875
56,31,7,3,9,15,81,80,6,0.0375
56,32,0,4,5,10,77,78,6,0.0375
56,33,1,4,11,21,120,118,10,0.0625
56,34,2,4,17,22,136,136,8,0.05
56,35,3,4,35,10,139,138,7,0.04375
56,36,4,4,34,15,146,145,8,0.05
56,37,5,4,19,17,130,130,9,0.05625
56,38,6,4,5,19,111,110,8,0.05
56,39,7,4,9,15,85,84,5,0.03125
56,40,0,5,9,13,74,74,3,0.01875
56,41,1,5,12,22,113,112,10,0.0625
56,42,2,5,23,16,132,135,6,0.0375
56,43,3,5,34,15,138,132,12,0.075
56,44,4,5,23,17,131,132,7,0.04375
56,45,5,5,14,13,121,123,7,0.04375
56,46,6,5,11,14,110,109,8,0.05
56,47,7,5,12,19,88,84,6,0.0375
56,48,0,6,10,15,53,54,3,0.01875
56,49,1,6,7,17,73,75,8,0.05
56,50,2,6,21,13,106,109,8,0.05
56,51,3,6,37,17,118,119,8,0.05
56,52,4,6,18,11,103,103,5,0.03125
56,53,5,6,13,15,95,96,7,0.04375
56,54,6,6,7,23,84,84,7,0.04375
56,55,7,6,2,22,63,60,7,0.04375
56,56,0,7,12,19,35,35,5,0.03125
56,57,1,7,5,12,47,47,9,0.05625
56,58,2,7,21,14,85,84,7,0.04375
56,59,3,7,40,11,104,104,7,0.04375
56,60,4,7,25,11,96,95,8,0.05
56,61,5,7,18,21,89,90,8,0.05
56,62,6,7,14,16,66,66,8,0.05
56,63,7,7,9,16,41,41,5,0.03125
57,0,0,0,7,14,41,40,4,0.025
57,1,1,0,4,13,53,53,8,0.05
57,2,2,0,1,19,66,66,8,0.05
57,3,3,0,20,14,80,78,8,0.05
57,4,4,0,25,19,88,86,8,0.05
57,5,5,0,24,13,72,72,9,0.05625
57,6,6,0,16,7,48,50,9,0.05625
57,7,7,0,12,15,33,32,5,0.03125
57,8,0,1,6,19,64,63,5,0.03125
57,9,1,1,8,13,69,67,10,0.0625
57,10,2,1,10,10,79,79,8,0.05
57,11,3,1,3,18,85,84,9,0.05625
57,12,4,1,11,16,106,107,7,0.04375
57,13,5,1,28,16,112,111,11,0.06875
57,14,6,1,26,14,98,101,12,0.075
57,15,7,1,21,19,65,65,3,0.01875
57,16,0,2,12,18,84,83,7,0.04375
57,17,1,2,7,11,88,86,8,0.05
57,18,2,2,21,19,125,126,6,0.0375
57,19,3,2,31,11,135,137,7,0.04375
57,20,4,2,33,10,140,140,9,0.05625
57,21,5,2,15,11,102,98,10,0.0625
57,22,6,2,3,11,90,88,11,0.06875
57,23,7,2,5,22,72,72,4,0.025
57,24,0,3,3,16,84,85,4,0.025
57,25,1,3,9,13,97,97,9,0.05625
57,26,2,3,8,16,122,120,8,0.05
57,27,3,3,31,24,149,150,7,0.04375
57,28,4,3,42,22,170,168,8,0.05
57,29,5,3,17,20,128,126,9,0.05625
57,30,6,3,9,16,108,107,11,0.06875
57,31,7,3,5,12,76,76,5,0.03125
57,32,0,4,9,18,87,85,8,0.05
57,33,1,4,6,21,106,107,10,0.0625
57,34,2,4,25,11,131,130,9,0.05625
57,35,3,4,36,16,156,156,7,0.04375
57,36,4,4,31,11,150,151,7,0.04375
57,37,5,4,12,17,126,125,9,0.05625
57,38,6,4,12,17,109,108,9,0.05625
57,39,7,4,5,18,77,77,5,0.03125
57,40,0,5,10,12,80,77,6,0.0375
57,41,1,5,6,23,102,105,8,0.05
57,42,2,5,19,14,126,125,8,0.05
57,43,3,5,36,11,143,149,6,0.0375
57,44,4,5,27,22,132,132,8,0.05
57,45,5,5,14,10,100,96,8,0.05
57,46,6,5,7,18,81,80,10,0.0625
57,47,7,5,2,10,65,64,8,0.05
57,48,0,6,10,18,71,65,7,0.04375
57,49,1,6,14,23,92,90,9,0.05625
57,50,2,6,17,18,114,113,8,0.05
57,51,3,6,39,16,140,141,8,0.05
57,52,4,6,34,11,128,127,6,0.0375
57,53,5,6,12,9,107,106,7,0.04375
57,54,6,6,8,21,87,87,7,0.04375
57,55,7,6,12,9,62,59,9,0.05625
57,56,0,7,11,12,42,41,5,0.03125
57,57,1,7,9,14,57,57,9,0.05625
57,58,2,7,14,15,76,76,7,0.04375
57,59,3,7,29,23,113,114,2,0.0125
57,60,4,7,37,15,106,109,5,0.03125
57,61,5,7,12,20,81,82,6,0.0375
57,62,6,7,4,10,46,46,8,0.05
57,63,7,7,5,12,30,31,4,0.025
58,0,0,0,19,22,59,59,4,0.025
58,1,1,0,21,27,102,102,8,0.05
58,2,2,0,30,31,133,136,5,0.03125
58,3,3,0,35,23,152,153,6,0.0375
58,4,4,0,41,32,167,169,6,0.0375
58,5,5,0,22,31,133,130,11,0.06875
58,6,6,0,16,31,98,100,7,0.04375
58,7,7,0,21,26,63,63,4,0.025
58,8,0,1,21,23,94,94,5,0.03125
58,9,1,1,14,25,123,125,9,0.05625
58,10,2,1,25,20,151,153,5,0.03125
58,11,3,1,29,23,182,182,8,0.05
58,12,4,1,40,24,205,206,8,0.05
58,13,5,1,22,17,167,172,5,0.03125
58,14,6,1,22,33,150,152,10,0.0625
58,15,7,1,19,23,95,93,5,0.03125
58,16,0,2,21,18,117,115,7,0.04375
58,17,1,2,26,23,161,161,10,0.0625
58,18,2,2,26,33,196,195,7,0.04375
58,19,3,2,40,24,215,216,7,0.04375
58,20,4,2,35,28,214,212,9,0.05625
58,21,5,2,20,27,185,187,6,0.0375
58,22,6,2,20,28,173,177,8,0.05
58,23,7,2,20,26,118,119,4,0.025
58,24,0,3,22,21,136,134,6,0.0375
58,25,1,3,17,28,183,181,10,0.0625
58,26,2,3,19,17,191,192,8,0.05
58,27,3,3,37,27,227,225,9,0.05625
58,28,4,3,36,34,225,223,9,0.05625
58,29,5,3,35,21,205,204,10,0.0625
58,30,6,3,19,37,194,199,6,0.0375
58,31,7,3,18,23,133,132,6,0.0375
58,32,0,4,20,22,130,131,5,0.03125
58,33,1,4,17,20,166,169,7,0.04375
58,34,2,4,19,22,190,190,8,0.05
58,35,3,4,29,23,230,229,8,0.05
58,36,4,4,40,20,234,230,10,0.0625
58,37,5,4,26,28,202,205,6,0.0375
58,38,6,4,20,32,206,205,10,0.0625
58,39,7,4,33,20,152,152,6,0.0375
58,40,0,5,26,32,126,127,4,0.025
58,41,1,5,14,22,165,161,9,0.05625
58,42,2,5,30,26,195,195,7,0.04375
58,43,3,5,35,25,217,214,8,0.05
58,44,4,5,28,24,205,205,8,0.05
58,45,5,5,18,21,178,180,7,0.04375
58,46,6,5,13,27,173,172,10,0.0625
58,47,7,5,22,26,133,134,8,0.05
58,48,0,6,17,28,86,89,6,0.0375
58,49,1,6,21,20,136,135,11,0.06875
58,50,2,6,34,31,173,173,7,0.04375
58,51,3,6,37,24,199,201,4,0.025
58,52,4,6,26,16,180,178,8,0.05
58,53,5,6,19,20,152,154,6,0.0375
58,54,6,6,18,29,137,135,8,0.05
58,55,7,6,20,22,102,107,5,0.03125
58,56,0,7,20,21,57,59,3,0.01875
58,57,1,7,23,28,109,107,11,0.06875
58,58,2,7,24,21,125,123,10,0.0625
58,59,3,7,41,28,162,159,7,0.04375
58,60,4,7,35,35,165,163,5,0.03125
58,61,5,7,29,27,140,141,6,0.0375
58,62,6,7,24,18,105,105,7,0.04375
58,63,7,7,22,26,68,68,4,0.025
59,0,0,0,12,21,45,45,4,0.025
59,1,1,0,5,17,64,66,7,0.04375
59,2,2,0,19,21,92,92,5,0.03125
59,3,3,0,36,16,105,105,7,0.04375
59,4,4,0,37,15,101,100,7,0.04375
59,5,5,0,15,17,79,83,7,0.04375
59,6,6,0,5,21,60,60,8,0.05
59,7,7,0,7,14,32,32,5,0.03125
59,8,0,1,13,16,69,70,4,0.025
59,9,1,1,12,21,94,94,9,0.05625
59,10,2,1,11,12,100,98,8,0.05
59,11,3,1,34,18,114,116,7,0.04375
59,12,4,1,36,20,123,125,7,0.04375
59,13,5,1,17,21,110,107,8,0.05
59,14,6,1,11,21,91,93,8,0.05
59,15,7,1,6,25,58,60,4,0.025
59,16,0,2,6,17,76,80,5,0.03125
59,17,1,2,9,20,111,112,7,0.04375
59,18,2,2,21,16,125,126,8,0.05
59,19,3,2,36,19,142,142,6,0.0375
59,20,4,2,28,16,137,140,6,0.0375
59,21,5,2,16,15,121,123,7,0.04375
59,22,6,2,5,10,95,97,7,0.04375
59,23,7,2,5,16,63,61,5,0.03125
59,24,0,3,6,19,83,84,5,0.03125
59,25,1,3,8,19,114,116,8,0.05
59,26,2,3,20,12,128,127,8,0.05
59,27,3,3,35,18,161,163,7,0.04375
59,28,4,3,27,16,153,156,7,0.04375
59,29,5,3,23,17,143,144,8,0.05
59,30,6,3,7,19,115,114,7,0.04375
59,31,7,3,11,14,73,75,4,0.025
59,32,0,4,9,18,80,80,5,0.03125
59,33,1,4,4,19,108,107,9,0.05625
59,34,2,4,13,21,120,119,8,0.05
59,35,3,4,26,14,158,157,9,0.05625
59,36,4,4,44,22,170,176,7,0.04375
59,37,5,4,32,18,156,154,8,0.05
59,38,6,4,10,18,115,118,7,0.04375
59,39,7,4,9,15,77,76,5,0.03125
59,40,0,5,8,16,71,71,5,0.03125
59,41,1,5,10,17,106,108,8,0.05
59,42,2,5,19,18,121,123,4,0.025
59,43,3,5,32,17,144,145,7,0.04375
59,44,4,5,27,13,134,131,11,0.06875
59,45,5,5,21,14,139,135,13,0.08125
59,46,6,5,1,15,103,105,9,0.05625
59,47,7,5,7,8,64,66,6,0.0375
59,48,0,6,12,9,63,64,4,0.025
59,49,1,6,5,13,89,87,12,0.075
59,50,2,6,19,17,103,101,9,0.05625
59,51,3,6,30,15,124,121,7,0.04375
59,52,4,6,27,18,120,120,8,0.05
59,53,5,6,20,24,132,128,10,0.0625
59,54,6,6,6,16,78,81,6,0.0375
59,55,7,6,5,18,48,46,5,0.03125
59,56,0,7,12,19,46,45,4,0.025
59,57,1,7,7,19,62,66,7,0.04375
59,58,2,7,21,14,80,82,6,0.0375
59,59,3,7,32,18,100,105,2,0.0125
59,60,4,7,24,16,95,98,5,0.03125
59,61,5,7,19,23,95,93,6,0.0375
59,62,6,7,10,15,51,51,7,0.04375
59,63,7,7,7,12,26,26,4,0.025
60,0,0,0,6,21,42,43,4,0.025
60,1,1,0,6,17,55,55,7,0.04375
60,2,2,0,11,13,70,68,8,0.05
60,3,3,0,31,14,97,94,10,0.0625
60,4,4,0,26,21,99,99,6,0.0375
60,5,5,0,23,17,81,82,6,0.0375
60,6,6,0,11,17,54,55,6,0.0375
60,7,7,0,4,18,25,26,3,0.01875
60,8,0,1,1,21,66,64,5,0.03125
60,9,1,1,3,12,70,71,8,0.05
60,10,2,1,16,15,93,90,8,0.05
60,11,3,1,27,16,124,123,7,0.04375
60,12,4,1,31,15,124,125,6,0.0375
60,13,5,1,22,20,109,107,9,0.05625
60,14,6,1,7,20,84,84,8,0.05
60,15,7,1,8,14,45,44,5,0.03125
60,16,0,2,12,19,94,92,5,0.03125
60,17,1,2,3,21,97,98,8,0.05
60,18,2,2,19,17,121,118,10,0.0625
60,19,3,2,25,17,143,141,7,0.04375
60,20,4,2,40,20,159,155,10,0.0625
60,21,5,2,23,15,130,126,9,0.05625
60,22,6,2,8,11,95,92,8,0.05
60,23,7,2,8,5,52,54,4,0.025
60,24,0,3,9,17,93,91,7,0.04375
60,25,1,3,5,12,92,92,8,0.05
60,26,2,3,11,12,119,117,9,0.05625
60,27,3,3,21,14,145,145,8,0.05
60,28,4,3,38,19,172,172,8,0.05
60,29,5,3,26,13,147,147,8,0.05
60,30,6,3,13,17,113,114,7,0.04375
60,31,7,3,10,13,66,67,3,0.01875
60,32,0,4,6,10,77,77,6,0.0375
60,33,1,4,12,17,99,96,11,0.06875
60,34,2,4,18,19,131,133,9,0.05625
60,35,3,4,34,18,156,157,7,0.04375
60,36,4,4,36,22,163,162,7,0.04375
60,37,5,4,21,15,141,139,10,0.0625
60,38,6,4,13,21,118,117,8,0.05
60,39,7,4,9,12,64,67,4,0.025
60,40,0,5,9,15,72,74,3,0.01875
60,41,1,5,12,15,103,104,8,0.05
60,42,2,5,17,19,133,129,9,0.05625
60,43,3,5,32,26,153,155,7,0.04375
60,44,4,5,39,9,145,144,12,0.075
60,45,5,5,10,18,120,122,9,0.05625
60,46,6,5,10,15,98,97,10,0.0625
60,47,7,5,3,14,58,57,6,0.0375
60,48,0,6,4,15,51,49,7,0.04375
60,49,1,6,18,15,89,94,7,0.04375
60,50,2,6,19,15,114,117,6,0.0375
60,51,3,6,37,13,131,133,7,0.04375
60,52,4,6,25,20,127,129,5,0.03125
60,53,5,6,16,18,110,109,10,0.0625
60,54,6,6,6,16,86,82,10,0.0625
60,55,7,6,7,18,53,54,6,0.0375
60,56,0,7,5,11,28,29,3,0.01875
60,57,1,7,9,17,57,56,7,0.04375
60,58,2,7,19,20,87,87,7,0.04375
60,59,3,7,35,21,114,109,8,0.05
60,60,4,7,40,25,124,121,6,0.0375
60,61,5,7,20,25,98,99,6,0.0375
60,62,6,7,13,16,65,66,7,0.04375
60,63,7,7,10,12,34,33,4,0.025
61,0,0,0,8,14,30,32,1,0.00625
61,1,1,0,8,21,64,66,5,0.03125
61,2,2,0,25,16,92,89,8,0.05
61,3,3,0,34,18,107,109,7,0.04375
61,4,4,0,33,14,95,95,6,0.0375
61,5,5,0,16,22,83,82,7,0.04375
61,6,6,0,3,18,55,53,8,0.05
61,7,7,0,7,16,36,36,4,0.025
61,8,0,1,7,11,47,46,5,0.03125
61,9,1,1,6,15,81,78,10,0.0625
61,10,2,1,6,16,93,93,11,0.06875
61,11,3,1,26,13,121,119,9,0.05625
61,12,4,1,40,16,135,132,9,0.05625
61,13,5,1,19,14,117,121,6,0.0375
61,14,6,1,11,20,96,94,8,0.05
61,15,7,1,9,16,63,64,3,0.01875
61,16,0,2,1,20,61,63,5,0.03125
61,17,1,2,7,10,84,79,12,0.075
61,18,2,2,10,11,98,102,6,0.0375
61,19,3,2,26,13,134,131,9,0.05625
61,20,4,2,40,15,157,158,11,0.06875
61,21,5,2,17,18,133,135,9,0.05625
61,22,6,2,14,12,103,106,6,0.0375
61,23,7,2,11,15,77,73,6,0.0375
61,24,0,3,6,14,73,74,5,0.03125
61,25,1,3,12,11,102,100,9,0.05625
61,26,2,3,18,20,128,129,8,0.05
61,27,3,3,33,25,160,160,5,0.03125
61,28,4,3,40,19,167,168,6,0.0375
61,29,5,3,19,18,144,145,7,0.04375
61,30,6,3,8,16,116,114,9,0.05625
61,31,7,3,14,21,93,90,6,0.0375
61,32,0,4,8,18,79,82,4,0.025
61,33,1,4,5,16,110,112,9,0.05625
61,34,2,4,16,17,130,128,9,0.05625
61,35,3,4,31,18,152,154,5,0.03125
61,36,4,4,39,19,165,162,8,0.05
61,37,5,4,16,14,131,135,7,0.04375
61,38,6,4,11,17,105,105,8,0.05
61,39,7,4,9,17,89,87,4,0.025
61,40,0,5,6,11,66,63,5,0.03125
61,41,1,5,7,25,97,98,7,0.04375
61,42,2,5,10,15,105,105,9,0.05625
61,43,3,5,27,20,140,138,8,0.05
61,44,4,5,37,24,153,158,7,0.04375
61,45,5,5,24,18,141,140,9,0.05625
61,46,6,5,11,18,107,109,8,0.05
61,47,7,5,16,18,89,89,6,0.0375
61,48,0,6,12,12,69,70,6,0.0375
61,49,1,6,3,22,91,89,8,0.05
61,50,2,6,14,16,96,95,9,0.05625
61,51,3,6,30,16,125,120,11,0.06875
61,52,4,6,29,18,125,121,10,0.0625
61,53,5,6,18,20,116,115,13,0.08125
61,54,6,6,16,15,84,86,8,0.05
61,55,7,6,8,17,65,64,6,0.0375
61,56,0,7,9,16,43,43,4,0.025
61,57,1,7,14,18,76,76,8,0.05
61,58,2,7,21,14,87,87,7,0.04375
61,59,3,7,33,18,106,107,7,0.04375
61,60,4,7,31,20,108,109,7,0.04375
61,61,5,7,19,22,96,97,5,0.03125
61,62,6,7,10,18,58,56,8,0.05
61,63,7,7,12,15,40,40,5,0.03125
62,0,0,0,10,13,46,44,4,0.025
62,1,1,0,12,13,65,62,6,0.0375
62,2,2,0,27,11,86,90,5,0.03125
62,3,3,0,41,17,115,117,6,0.0375
62,4,4,0,28,20,106,106,7,0.04375
62,5,5,0,19,17,85,87,5,0.03125
62,6,6,0,9,21,62,64,6,0.0375
62,7,7,0,5,17,36,35,4,0.025
62,8,0,1,3,12,56,55,7,0.04375
62,9,1,1,2,13,54,57,8,0.05
62,10,2,1,14,30,103,106,7,0.04375
62,11,3,1,24,22,125,123,11,0.06875
62,12,4,1,34,10,120,121,7,0.04375
62,13,5,1,29,20,127,122,12,0.075
62,14,6,1,9,16,90,92,8,0.05
62,15,7,1,14,17,68,67,4,0.025
62,16,0,2,15,18,90,87,8,0.05
62,17,1,2,12,11,95,99,8,0.05
62,18,2,2,23,12,138,139,6,0.0375
62,19,3,2,34,15,152,153,8,0.05
62,20,4,2,24,15,128,132,6,0.0375
62,21,5,2,14,13,124,122,9,0.05625
62,22,6,2,3,13,98,95,10,0.0625
62,23,7,2,5,13,77,81,4,0.025
62,24,0,3,11,17,99,96,9,0.05625
62,25,1,3,13,14,110,113,6,0.0375
62,26,2,3,20,16,143,148,4,0.025
62,27,3,3,43,21,174,175,6,0.0375
62,28,4,3,25,17,149,148,6,0.0375
62,29,5,3,15,25,146,144,8,0.05
62,30,6,3,8,17,120,124,6,0.0375
62,31,7,3,8,17,100,101,5,0.03125
62,32,0,4,4,14,92,86,9,0.05625
62,33,1,4,11,14,103,103,10,0.0625
62,34,2,4,10,14,122,120,10,0.0625
62,35,3,4,28,14,154,149,9,0.05625
62,36,4,4,39,17,155,156,7,0.04375
62,37,5,4,19,15,147,146,7,0.04375
62,38,6,4,6,12,114,113,7,0.04375
62,39,7,4,9,25,98,96,7,0.04375
62,40,0,5,10,15,93,94,5,0.03125
62,41,1,5,5,23,107,108,6,0.0375
62,42,2,5,13,7,114,115,8,0.05
62,43,3,5,31,9,142,140,10,0.0625
62,44,4,5,37,20,149,150,6,0.0375
62,45,5,5,15,19,139,140,9,0.05625
62,46,6,5,12,20,113,111,9,0.05625
62,47,7,5,4,16,77,77,6,0.0375
62,48,0,6,2,17,65,65,5,0.03125
62,49,1,6,10,16,77,78,8,0.05
62,50,2,6,6,17,103,100,10,0.0625
62,51,3,6,31,19,131,135,7,0.04375
62,52,4,6,26,16,122,124,8,0.05
62,53,5,6,17,13,105,110,8,0.05
62,54,6,6,9,15,85,85,7,0.04375
62,55,7,6,7,9,56,58,5,0.03125
62,56,0,7,7,21,40,41,3,0.01875
62,57,1,7,3,16,48,49,7,0.04375
62,58,2,7,19,19,80,83,5,0.03125
62,59,3,7,38,20,111,112,5,0.03125
62,60,4,7,30,23,112,112,6,0.0375
62,61,5,7,21,19,93,92,7,0.04375
62,62,6,7,10,22,68,69,7,0.04375
62,63,7,7,11,15,40,40,5,0.03125
63,0,0,0,10,20,47,46,5,0.03125
63,1,1,0,10,22,66,66,7,0.04375
63,2,2,0,16,15,81,80,7,0.04375
63,3,3,0,37,24,112,113,5,0.03125
63,4,4,0,34,18,108,108,7,0.04375
63,5,5,0,16,20,88,86,6,0.0375
63,6,6,0,11,20,67,64,9,0.05625
63,7,7,0,10,17,42,43,3,0.01875
63,8,0,1,3,16,60,63,5,0.03125
63,9,1,1,11,10,77,77,8,0.05
63,10,2,1,11,13,95,94,7,0.04375
63,11,3,1,27,15,121,127,6,0.0375
63,12,4,1,35,11,126,125,7,0.04375
63,13,5,1,24,13,120,123,7,0.04375
63,14,6,1,12,14,85,85,8,0.05
63,15,7,1,6,29,69,70,4,0.025
63,16,0,2,12,21,90,93,4,0.025
63,17,1,2,13,17,108,108,8,0.05
63,18,2,2,24,20,131,128,9,0.05625
63,19,3,2,38,19,150,155,5,0.03125
63,20,4,2,37,13,136,132,9,0.05625
63,21,5,2,8,19,123,121,11,0.06875
63,22,6,2,4,20,105,105,9,0.05625
63,23,7,2,16,17,89,86,7,0.04375
63,24,0,3,2,12,85,85,7,0.04375
63,25,1,3,3,22,98,97,8,0.05
63,26,2,3,17,19,131,128,8,0.05
63,27,3,3,28,18,152,151,8,0.05
63,28,4,3,39,16,156,154,7,0.04375
63,29,5,3,24,12,146,147,9,0.05625
63,30,6,3,13,15,120,115,9,0.05625
63,31,7,3,9,13,88,89,3,0.01875
63,32,0,4,10,18,89,95,3,0.01875
63,33,1,4,8,16,100,98,10,0.0625
63,34,2,4,19,19,141,146,6,0.0375
63,35,3,4,30,17,156,158,7,0.04375
63,36,4,4,28,18,149,150,6,0.0375
63,37,5,4,25,20,143,140,11,0.06875
63,38,6,4,11,18,112,112,8,0.05
63,39,7,4,5,11,80,80,6,0.0375
63,40,0,5,10,10,84,82,6,0.0375
63,41,1,5,12,15,94,92,9,0.05625
63,42,2,5,12,12,118,117,9,0.05625
63,43,3,5,24,15,138,140,8,0.05
63,44,4,5,35,18,151,150,6,0.0375
63,45,5,5,17,22,132,132,10,0.0625
63,46,6,5,5,12,101,103,8,0.05
63,47,7,5,14,18,79,79,6,0.0375
63,48,0,6,12,28,75,76,5,0.03125
63,49,1,6,4,16,85,83,9,0.05625
63,50,2,6,16,16,103,107,7,0.04375
63,51,3,6,34,19,134,134,7,0.04375
63,52,4,6,35,16,124,128,5,0.03125
63,53,5,6,10,12,108,105,10,0.0625
63,54,6,6,6,19,87,86,8,0.05
63,55,7,6,5,14,59,58,5,0.03125
63,56,0,7,6,16,33,31,3,0.01875
63,57,1,7,9,20,57,58,6,0.0375
63,58,2,7,16,14,81,78,8,0.05
63,59,3,7,30,16,103,103,6,0.0375
63,60,4,7,37,12,105,104,6,0.0375
63,61,5,7,18,14,85,85,7,0.04375
63,62,6,7,7,18,58,59,7,0.04375
63,63,7,7,7,20,38,38,4,0.025
64,0,0,0,21,30,76,78,3,0.01875
64,1,1,0,22,25,109,108,9,0.05625
64,2,2,0,30,26,147,149,6,0.0375
64,3,3,0,34,38,174,176,2,0.0125
64,4,4,0,38,23,155,156,5,0.03125
64,5,5,0,26,24,135,134,8,0.05
64,6,6,0,22,33,116,118,8,0.05
64,7,7,0,21,19,66,64,5,0.03125
64,8,0,1,24,25,113,114,3,0.01875
64,9,1,1,20,28,139,138,7,0.04375
64,10,2,1,30,21,178,177,9,0.05625
64,11,3,1,31,20,196,195,8,0.05
64,12,4,1,31,23,183,180,9,0.05625
64,13,5,1,31,31,172,170,9,0.05625
64,14,6,1,23,20,143,141,9,0.05625
64,15,7,1,23,34,115,111,7,0.04375
64,16,0,2,25,32,142,141,5,0.03125
64,17,1,2,23,25,164,162,11,0.06875
64,18,2,2,28,26,195,193,10,0.0625
64,19,3,2,28,33,223,219,7,0.04375
64,20,4,2,26,29,199,201,6,0.0375
64,21,5,2,23,26,192,192,12,0.075
64,22,6,2,19,15,149,147,11,0.06875
64,23,7,2,26,25,130,130,6,0.0375
64,24,0,3,22,24,148,151,5,0.03125
64,25,1,3,24,21,185,183,10,0.0625
64,26,2,3,21,25,197,197,7,0.04375
64,27,3,3,37,27,232,231,8,0.05
64,28,4,3,42,25,217,220,5,0.03125
64,29,5,3,28,21,204,202,10,0.0625
64,30,6,3,24,30,171,174,8,0.05
64,31,7,3,23,29,146,145,5,0.03125
64,32,0,4,18,20,142,140,5,0.03125
64,33,1,4,14,18,174,177,9,0.05625
64,34,2,4,22,21,184,184,6,0.0375
64,35,3,4,31,21,225,227,6,0.0375
64,36,4,4,42,26,242,239,10,0.0625
64,37,5,4,36,27,221,222,10,0.0625
64,38,6,4,23,29,179,180,8,0.05
64,39,7,4,25,33,164,165,5,0.03125
64,40,0,5,25,33,134,135,7,0.04375
64,41,1,5,22,23,169,168,8,0.05
64,42,2,5,23,23,173,174,8,0.05
64,43,3,5,28,34,212,213,6,0.0375
64,44,4,5,33,22,220,216,12,0.075
64,45,5,5,27,26,196,196,8,0.05
64,46,6,5,14,25,145,146,8,0.05
64,47,7,5,18,19,137,139,4,0.025
64,48,0,6,22,24,111,107,9,0.05625
64,49,1,6,14,26,142,146,7,0.04375
64,50,2,6,23,19,153,154,6,0.0375
64,51,3,6,35,24,187,185,7,0.04375
64,52,4,6,38,32,207,205,6,0.0375
64,53,5,6,35,30,184,185,8,0.05
64,54,6,6,14,20,132,132,7,0.04375
64,55,7,6,20,24,115,116,4,0.025
64,56,0,7,18,27,70,70,5,0.03125
64,57,1,7,18,27,113,110,7,0.04375
64,58,2,7,25,21,131,134,5,0.03125
64,59,3,7,37,22,157,155,7,0.04375
64,60,4,7,39,23,160,161,7,0.04375
64,61,5,7,29,30,141,139,8,0.05
64,62,6,7,15,27,102,102,7,0.04375
64,63,7,7,20,32,77,78,3,0.01875
65,0,0,0,11,19,43,41,5,0.03125
65,1,1,0,2,12,48,50,7,0.04375
65,2,2,0,15,16,80,79,7,0.04375
65,3,3,0,32,13,102,98,7,0.04375
65,4,4,0,33,11,96,94,6,0.0375
65,5,5,0,14,13,69,71,7,0.04375
65,6,6,0,2,13,47,47,8,0.05
65,7,7,0,11,25,43,45,4,0.025
65,8,0,1,1,26,67,65,5,0.03125
65,9,1,1,11,12,69,71,7,0.04375
65,10,2,1,10,13,91,90,9,0.05625
65,11,3,1,21,20,109,109,6,0.0375
65,12,4,1,35,19,112,116,7,0.04375
65,13,5,1,22,17,104,104,10,0.0625
65,14,6,1,9,19,86,85,11,0.06875
65,15,7,1,9,15,63,66,4,0.025
65,16,0,2,4,19,80,77,6,0.0375
65,17,1,2,13,23,92,95,7,0.04375
65,18,2,2,12,20,123,125,9,0.05625
65,19,3,2,32,19,146,145,9,0.05625
65,20,4,2,39,17,153,153,8,0.05
65,21,5,2,24,19,133,138,8,0.05
65,22,6,2,14,16,107,106,12,0.075
65,23,7,2,7,21,86,89,4,0.025
65,24,0,3,9,10,91,91,5,0.03125
65,25,1,3,7,19,109,112,8,0.05
65,26,2,3,24,24,147,146,7,0.04375
65,27,3,3,30,15,158,161,4,0.025
65,28,4,3,36,20,167,165,7,0.04375
65,29,5,3,21,19,140,141,8,0.05
65,30,6,3,7,16,112,109,9,0.05625
65,31,7,3,8,10,86,86,5,0.03125
65,32,0,4,8,10,89,88,7,0.04375
65,33,1,4,4,20,103,104,7,0.04375
65,34,2,4,11,18,127,126,6,0.0375
65,35,3,4,23,15,147,147,6,0.0375
65,36,4,4,33,23,150,157,4,0.025
65,37,5,4,12,13,128,130,7,0.04375
65,38,6,4,17,15,127,129,7,0.04375
65,39,7,4,14,18,95,96,5,0.03125
65,40,0,5,8,11,85,84,8,0.05
65,41,1,5,3,14,96,99,7,0.04375
65,42,2,5,20,18,127,126,8,0.05
65,43,3,5,37,20,154,155,5,0.03125
65,44,4,5,24,13,132,133,10,0.0625
65,45,5,5,15,16,121,123,8,0.05
65,46,6,5,13,20,122,119,9,0.05625
65,47,7,5,7,17,84,83,6,0.0375
65,48,0,6,4,19,63,61,9,0.05625
65,49,1,6,12,14,82,81,7,0.04375
65,50,2,6,14,15,102,100,7,0.04375
65,51,3,6,28,22,125,127,5,0.03125
65,52,4,6,27,10,113,113,5,0.03125
65,53,5,6,25,20,129,129,9,0.05625
65,54,6,6,19,14,109,108,10,0.0625
65,55,7,6,8,15,72,68,8,0.05
65,56,0,7,5,14,31,31,4,0.025
65,57,1,7,10,17,56,58,7,0.04375
65,58,2,7,22,14,84,79,7,0.04375
65,59,3,7,40,14,102,105,6,0.0375
65,60,4,7,30,11,98,96,7,0.04375
65,61,5,7,19,18,91,92,7,0.04375
65,62,6,7,11,23,69,68,8,0.05
65,63,7,7,5,17,39,39,4,0.025
66,0,0,0,12,19,37,38,4,0.025
66,1,1,0,11,14,63,60,9,0.05625
66,2,2,0,15,19,88,86,7,0.04375
66,3,3,0,30,19,101,101,7,0.04375
66,4,4,0,34,19,109,107,9,0.05625
66,5,5,0,20,21,90,88,8,0.05
66,6,6,0,8,6,54,53,8,0.05
66,7,7,0,6,14,36,37,3,0.01875
66,8,0,1,5,19,65,68,2,0.0125
66,9,1,1,10,18,93,88,11,0.06875
66,10,2,1,15,17,113,114,8,0.05
66,11,3,1,31,21,125,124,8,0.05
66,12,4,1,34,16,125,126,7,0.04375
66,13,5,1,19,14,100,100,9,0.05625
66,14,6,1,10,20,79,83,7,0.04375
66,15,7,1,11,20,72,69,8,0.05
66,16,0,2,10,18,82,87,4,0.025
66,17,1,2,10,13,98,96,10,0.0625
66,18,2,2,19,18,125,125,9,0.05625
66,19,3,2,29,15,140,140,10,0.0625
66,20,4,2,28,21,146,146,7,0.04375
66,21,5,2,21,14,124,121,9,0.05625
66,22,6,2,6,10,93,98,8,0.05
66,23,7,2,13,22,98,93,7,0.04375
66,24,0,3,8,15,89,91,4,0.025
66,25,1,3,10,16,111,110,8,0.05
66,26,2,3,20,16,139,137,10,0.0625
66,27,3,3,28,17,146,143,8,0.05
66,28,4,3,27,15,147,146,8,0.05
66,29,5,3,20,10,131,136,6,0.0375
66,30,6,3,17,22,120,120,8,0.05
66,31,7,3,11,20,101,102,2,0.0125
66,32,0,4,7,11,86,86,6,0.0375
66,33,1,4,11,14,106,103,10,0.0625
66,34,2,4,13,15,130,131,7,0.04375
66,35,3,4,29,16,152,149,8,0.05
66,36,4,4,39,16,153,155,2,0.0125
66,37,5,4,15,18,126,125,10,0.0625
66,38,6,4,11,21,109,108,7,0.04375
66,39,7,4,7,22,99,100,5,0.03125
66,40,0,5,8,10,84,86,4,0.025
66,41,1,5,13,13,103,103,7,0.04375
66,42,2,5,15,16,128,129,8,0.05
66,43,3,5,34,20,153,152,7,0.04375
66,44,4,5,33,20,138,139,9,0.05625
66,45,5,5,14,12,117,116,8,0.05
66,46,6,5,8,19,105,109,6,0.0375
66,47,7,5,10,22,98,95,8,0.05
66,48,0,6,7,23,68,70,8,0.05
66,49,1,6,2,14,77,74,9,0.05625
66,50,2,6,4,19,95,95,7,0.04375
66,51,3,6,27,16,118,117,8,0.05
66,52,4,6,32,12,114,116,5,0.03125
66,53,5,6,19,23,108,113,5,0.03125
66,54,6,6,16,14,91,94,7,0.04375
66,55,7,6,14,15,71,71,8,0.05
66,56,0,7,10,15,40,38,6,0.0375
66,57,1,7,6,14,59,56,10,0.0625
66,58,2,7,13,15,77,78,7,0.04375
66,59,3,7,36,16,103,103,5,0.03125
66,60,4,7,41,17,109,109,6,0.0375
66,61,5,7,17,16,88,87,8,0.05
66,62,6,7,5,19,62,62,8,0.05
66,63,7,7,12,16,41,42,3,0.01875
67,0,0,0,12,19,49,48,4,0.025
67,1,1,0,10,18,60,61,9,0.05625
67,2,2,0,25,12,89,90,6,0.0375
67,3,3,0,35,15,106,107,6,0.0375
67,4,4,0,23,20,94,96,6,0.0375
67,5,5,0,11,19,79,80,6,0.0375
67,6,6,0,9,17,58,57,8,0.05
67,7,7,0,5,21,41,40,4,0.025
67,8,0,1,14,14,75,74,4,0.025
67,9,1,1,8,18,84,90,5,0.03125
67,10,2,1,13,13,103,102,11,0.06875
67,11,3,1,26,21,128,127,9,0.05625
67,12,4,1,36,10,119,117,7,0.04375
67,13,5,1,19,12,113,115,8,0.05
67,14,6,1,10,13,90,87,9,0.05625
67,15,7,1,5,25,74,79,3,0.01875
67,16,0,2,9,13,81,81,4,0.025
67,17,1,2,13,16,104,105,7,0.04375
67,18,2,2,24,20,132,130,11,0.06875
67,19,3,2,37,13,148,149,9,0.05625
67,20,4,2,25,16,126,128,6,0.0375
67,21,5,2,10,14,115,119,5,0.03125
67,22,6,2,9,17,105,105,8,0.05
67,23,7,2,5,14,91,91,8,0.05
67,24,0,3,6,18,83,80,7,0.04375
67,25,1,3,11,24,117,115,9,0.05625
67,26,2,3,11,17,136,137,7,0.04375
67,27,3,3,34,25,163,167,5,0.03125
67,28,4,3,39,16,151,151,9,0.05625
67,29,5,3,25,10,138,136,7,0.04375
67,30,6,3,9,14,111,113,7,0.04375
67,31,7,3,6,14,103,101,5,0.03125
67,32,0,4,11,16,93,93,5,0.03125
67,33,1,4,8,16,115,120,5,0.03125
67,34,2,4,17,21,145,142,8,0.05
67,35,3,4,37,22,162,166,4,0.025
67,36,4,4,32,14,151,146,8,0.05
67,37,5,4,19,20,139,140,7,0.04375
67,38,6,4,16,20,122,121,7,0.04375
67,39,7,4,15,14,100,100,5,0.03125
67,40,0,5,9,18,87,87,5,0.03125
67,41,1,5,8,11,97,95,9,0.05625
67,42,2,5,19,19,131,130,9,0.05625
67,43,3,5,30,20,136,138,6,0.0375
67,44,4,5,23,18,133,135,7,0.04375
67,45,5,5,17,12,113,115,6,0.0375
67,46,6,5,9,20,98,97,8,0.05
67,47,7,5,11,15,77,75,9,0.05625
67,48,0,6,8,22,73,77,5,0.03125
67,49,1,6,6,16,78,82,7,0.04375
67,50,2,6,19,18,99,95,11,0.06875
67,51,3,6,25,18,102,103,7,0.04375
67,52,4,6,24,14,109,104,9,0.05625
67,53,5,6,19,25,102,96,10,0.0625
67,54,6,6,4,21,74,69,11,0.06875
67,55,7,6,5,16,53,53,8,0.05
67,56,0,7,12,22,45,48,4,0.025
67,57,1,7,8,23,68,71,7,0.04375
67,58,2,7,22,14,87,88,7,0.04375
67,59,3,7,39,9,103,99,9,0.05625
67,60,4,7,34,17,107,107,7,0.04375
67,61,5,7,13,15,76,79,6,0.0375
67,62,6,7,11,11,53,54,7,0.04375
67,63,7,7,5,12,30,29,4,0.025
68,0,0,0,11,20,44,44,3,0.01875
68,1,1,0,13,16,64,64,8,0.05
68,2,2,0,22,14,86,85,8,0.05
68,3,3,0,32,13,101,102,5,0.03125
68,4,4,0,32,18,104,106,5,0.03125
68,5,5,0,13,16,80,81,7,0.04375
68,6,6,0,2,17,54,55,8,0.05
68,7,7,0,8,17,33,32,3,0.01875
68,8,0,1,8,19,73,71,4,0.025
68,9,1,1,18,20,92,90,7,0.04375
68,10,2,1,20,13,105,107,8,0.05
68,11,3,1,39,10,116,117,8,0.05
68,12,4,1,22,14,111,111,8,0.05
68,13,5,1,7,15,92,91,9,0.05625
68,14,6,1,7,17,76,75,10,0.0625
68,15,7,1,4,16,49,48,4,0.025
68,16,0,2,13,15,95,92,6,0.0375
68,17,1,2,10,21,118,116,9,0.05625
68,18,2,2,17,22,137,136,11,0.06875
68,19,3,2,35,15,134,137,7,0.04375
68,20,4,2,25,21,142,138,10,0.0625
68,21,5,2,26,10,126,126,6,0.0375
68,22,6,2,2,23,110,108,8,0.05
68,23,7,2,16,18,85,90,4,0.025
68,24,0,3,15,18,94,97,4,0.025
68,25,1,3,8,16,110,114,7,0.04375
68,26,2,3,14,19,142,140,12,0.075
68,27,3,3,39,12,143,140,7,0.04375
68,28,4,3,30,16,135,135,9,0.05625
68,29,5,3,13,12,125,122,9,0.05625
68,30,6,3,6,19,122,123,8,0.05
68,31,7,3,12,17,100,101,5,0.03125
68,32,0,4,13,18,102,103,5,0.03125
68,33,1,4,15,22,124,121,8,0.05
68,34,2,4,17,26,149,150,7,0.04375
68,35,3,4,33,21,143,141,7,0.04375
68,36,4,4,31,13,150,149,8,0.05
68,37,5,4,23,10,138,135,10,0.0625
68,38,6,4,5,17,125,122,10,0.0625
68,39,7,4,10,23,106,105,5,0.03125
68,40,0,5,8,12,86,88,3,0.01875
68,41,1,5,6,18,104,105,7,0.04375
68,42,2,5,13,19,135,133,10,0.0625
68,43,3,5,26,8,129,127,8,0.05
68,44,4,5,34,16,141,141,6,0.0375
68,45,5,5,19,28,125,127,5,0.03125
68,46,6,5,5,14,103,105,6,0.0375
68,47,7,5,12,16,88,92,7,0.04375
68,48,0,6,13,17,77,79,3,0.01875
68,49,1,6,17,19,105,101,10,0.0625
68,50,2,6,21,17,123,130,5,0.03125
68,51,3,6,29,17,123,122,8,0.05
68,52,4,6,23,17,109,112,6,0.0375
68,53,5,6,7,15,86,90,7,0.04375
68,54,6,6,4,18,79,83,7,0.04375
68,55,7,6,5,15,68,71,5,0.03125
68,56,0,7,12,25,47,47,4,0.025
68,57,1,7,11,15,61,61,7,0.04375
68,58,2,7,15,13,85,83,9,0.05625
68,59,3,7,41,15,107,111,5,0.03125
68,60,4,7,29,12,96,95,7,0.04375
68,61,5,7,15,8,70,70,5,0.03125
68,62,6,7,0,16,51,51,6,0.0375
68,63,7,7,9,18,39,41,2,0.0125
69,0,0,0,6,19,38,37,6,0.0375
69,1,1,0,6,16,55,56,8,0.05
69,2,2,0,22,19,87,87,9,0.05625
69,3,3,0,39,21,111,111,6,0.0375
69,4,4,0,32,20,106,104,6,0.0375
69,5,5,0,14,22,90,88,9,0.05625
69,6,6,0,15,15,63,65,7,0.04375
69,7,7,0,4,17,39,40,3,0.01875
69,8,0,1,14,16,59,61,4,0.025
69,9,1,1,3,22,77,76,9,0.05625
69,10,2,1,12,17,95,96,7,0.04375
69,11,3,1,29,12,114,117,6,0.0375
69,12,4,1,41,16,128,130,5,0.03125
69,13,5,1,19,19,115,117,8,0.05
69,14,6,1,5,15,79,81,8,0.05
69,15,7,1,8,19,69,65,8,0.05
69,16,0,2,12,15,72,73,5,0.03125
69,17,1,2,16,15,112,111,11,0.06875
69,18,2,2,19,10,119,123,9,0.05625
69,19,3,2,35,19,146,145,8,0.05
69,20,4,2,38,22,142,148,5,0.03125
69,21,5,2,12,20,125,120,8,0.05
69,22,6,2,11,19,92,93,9,0.05625
69,23,7,2,6,21,84,82,5,0.03125
69,24,0,3,8,14,78,75,5,0.03125
69,25,1,3,8,13,107,106,8,0.05
69,26,2,3,18,15,123,124,10,0.0625
69,27,3,3,35,18,160,157,10,0.0625
69,28,4,3,27,14,154,154,7,0.04375
69,29,5,3,14,15,132,134,7,0.04375
69,30,6,3,9,11,102,100,8,0.05
69,31,7,3,10,13,87,87,5,0.03125
69,32,0,4,5,12,73,73,5,0.03125
69,33,1,4,5,17,109,109,9,0.05625
69,34,2,4,12,21,130,128,10,0.0625
69,35,3,4,24,16,145,147,6,0.0375
69,36,4,4,37,14,155,154,9,0.05625
69,37,5,4,22,16,141,143,9,0.05625
69,38,6,4,13,17,109,111,9,0.05625
69,39,7,4,6,14,85,88,3,0.01875
69,40,0,5,3,15,64,63,4,0.025
69,41,1,5,9,13,93,88,12,0.075
69,42,2,5,12,17,111,113,8,0.05
69,43,3,5,27,14,131,131,7,0.04375
69,44,4,5,37,14,146,144,7,0.04375
69,45,5,5,20,9,117,114,8,0.05
69,46,6,5,7,18,96,90,11,0.06875
69,47,7,5,7,19,77,79,5,0.03125
69,48,0,6,10,16,61,61,3,0.01875
69,49,1,6,3,23,82,85,8,0.05
69,50,2,6,11,17,101,96,10,0.0625
69,51,3,6,26,19,115,115,9,0.05625
69,52,4,6,33,14,122,119,9,0.05625
69,53,5,6,24,16,109,105,9,0.05625
69,54,6,6,17,26,87,86,7,0.04375
69,55,7,6,5,17,58,59,4,0.025
69,56,0,7,12,17,41,40,4,0.025
69,57,1,7,8,15,60,57,8,0.05
69,58,2,7,14,13,76,78,8,0.05
69,59,3,7,34,13,106,106,5,0.03125
69,60,4,7,32,17,105,107,7,0.04375
69,61,5,7,19,19,84,81,9,0.05625
69,62,6,7,15,13,54,53,7,0.04375
69,63,7,7,3,13,32,30,4,0.025
70,0,0,0,19,17,54,54,3,0.01875
70,1,1,0,19,37,102,103,7,0.04375
70,2,2,0,22,30,133,134,8,0.05
70,3,3,0,39,25,156,154,7,0.04375
70,4,4,0,35,23,146,146,6,0.0375
70,5,5,0,23,35,139,140,7,0.04375
70,6,6,0,15,19,92,91,8,0.05
70,7,7,0,20,29,68,68,4,0.025
70,8,0,1,18,27,98,96,6,0.0375
70,9,1,1,27,32,147,145,10,0.0625
70,10,2,1,23,26,167,167,7,0.04375
70,11,3,1,36,25,189,184,9,0.05625
70,12,4,1,37,28,181,182,6,0.0375
70,13,5,1,26,23,174,172,9,0.05625
70,14,6,1,29,26,138,136,9,0.05625
70,15,7,1,24,26,107,112,3,0.01875
70,16,0,2,24,26,134,132,7,0.04375
70,17,1,2,19,20,170,165,16,0.1
70,18,2,2,28,27,193,190,12,0.075
70,19,3,2,27,25,204,200,11,0.06875
70,20,4,2,30,26,198,193,8,0.05
70,21,5,2,26,25,195,195,11,0.06875
70,22,6,2,16,20,158,154,11,0.06875
70,23,7,2,26,27,140,141,5,0.03125
70,24,0,3,29,24,152,152,6,0.0375
70,25,1,3,20,24,189,189,8,0.05
70,26,2,3,28,17,212,212,10,0.0625
70,27,3,3,34,26,231,235,6,0.0375
70,28,4,3,26,28,219,219,10,0.0625
70,29,5,3,30,25,212,209,11,0.06875
70,30,6,3,21,22,163,164,8,0.05
70,31,7,3,21,20,146,147,4,0.025
70,32,0,4,30,25,158,158,5,0.03125
70,33,1,4,25,25,183,182,9,0.05625
70,34,2,4,26,21,199,197,11,0.06875
70,35,3,4,38,30,232,232,6,0.0375
70,36,4,4,24,22,219,220,8,0.05
70,37,5,4,20,24,204,207,6,0.0375
70,38,6,4,18,31,163,164,8,0.05
70,39,7,4,28,25,142,141,3,0.01875
70,40,0,5,20,25,134,133,4,0.025
70,41,1,5,20,31,157,163,7,0.04375
70,42,2,5,30,29,187,192,5,0.03125
70,43,3,5,35,23,211,209,8,0.05
70,44,4,5,34,17,216,221,5,0.03125
70,45,5,5,28,28,216,214,9,0.05625
70,46,6,5,18,23,157,161,7,0.04375
70,47,7,5,24,17,124,125,4,0.025
70,48,0,6,21,29,119,118,4,0.025
70,49,1,6,20,22,142,142,8,0.05
70,50,2,6,22,34,169,168,9,0.05625
70,51,3,6,31,18,173,176,5,0.03125
70,52,4,6,41,28,199,199,9,0.05625
70,53,5,6,18,33,169,170,8,0.05
70,54,6,6,21,23,128,131,6,0.0375
70,55,7,6,20,23,103,103,5,0.03125
70,56,0,7,26,39,88,88,5,0.03125
70,57,1,7,21,30,120,120,8,0.05
70,58,2,7,31,16,142,142,6,0.0375
70,59,3,7,31,25,164,165,5,0.03125
70,60,4,7,37,28,167,169,3,0.01875
70,61,5,7,32,29,139,141,6,0.0375
70,62,6,7,20,27,102,102,7,0.04375
70,63,7,7,22,33,74,74,4,0.025
71,0,0,0,13,12,37,38,5,0.03125
71,1,1,0,12,14,61,61,6,0.0375
71,2,2,0,22,19,95,97,5,0.03125
71,3,3,0,38,22,116,115,9,0.05625
71,4,4,0,21,15,89,89,7,0.04375
71,5,5,0,15,15,71,72,7,0.04375
71,6,6,0,13,17,54,53,8,0.05
71,7,7,0,1,14,28,27,4,0.025
71,8,0,1,10,18,63,62,7,0.04375
71,9,1,1,11,18,80,84,7,0.04375
71,10,2,1,17,15,113,109,8,0.05
71,11,3,1,31,16,126,129,8,0.05
71,12,4,1,26,24,119,115,8,0.05
71,13,5,1,16,17,97,97,9,0.05625
71,14,6,1,6,20,69,72,8,0.05
71,15,7,1,5,19,54,52,5,0.03125
71,16,0,2,7,14,80,81,5,0.03125
71,17,1,2,13,18,105,110,11,0.06875
71,18,2,2,23,16,129,132,8,0.05
71,19,3,2,26,19,138,141,8,0.05
71,20,4,2,36,23,145,145,8,0.05
71,21,5,2,17,19,128,132,7,0.04375
71,22,6,2,10,18,100,105,7,0.04375
71,23,7,2,5,15,70,71,4,0.025
71,24,0,3,9,16,86,89,4,0.025
71,25,1,3,13,19,122,122,8,0.05
71,26,2,3,26,13,152,151,10,0.0625
71,27,3,3,35,17,162,159,10,0.0625
71,28,4,3,27,12,140,141,7,0.04375
71,29,5,3,7,15,126,127,10,0.0625
71,30,6,3,4,23,103,103,8,0.05
71,31,7,3,6,22,86,86,4,0.025
71,32,0,4,5,14,82,82,5,0.03125
71,33,1,4,10,21,110,109,9,0.05625
71,34,2,4,19,19,141,147,8,0.05
71,35,3,4,28,16,148,148,5,0.03125
71,36,4,4,33,13,149,147,9,0.05625
71,37,5,4,25,21,151,149,9,0.05625
71,38,6,4,10,13,115,112,11,0.06875
71,39,7,4,7,19,95,94,5,0.03125
71,40,0,5,11,22,85,86,4,0.025
71,41,1,5,9,17,101,99,8,0.05
71,42,2,5,16,19,134,127,11,0.06875
71,43,3,5,29,12,141,143,7,0.04375
71,44,4,5,40,15,153,148,9,0.05625
71,45,5,5,17,19,139,139,9,0.05625
71,46,6,5,10,13,107,104,11,0.06875
71,47,7,5,11,9,83,81,6,0.0375
71,48,0,6,12,17,66,66,4,0.025
71,49,1,6,5,17,87,85,10,0.0625
71,50,2,6,21,23,118,120,10,0.0625
71,51,3,6,34,14,131,128,8,0.05
71,52,4,6,35,14,125,124,9,0.05625
71,53,5,6,24,16,115,115,8,0.05
71,54,6,6,12,16,90,87,8,0.05
71,55,7,6,8,18,68,67,4,0.025
71,56,0,7,5,16,34,35,3,0.01875
71,57,1,7,11,17,60,64,6,0.0375
71,58,2,7,26,19,96,94,8,0.05
71,59,3,7,38,19,119,116,7,0.04375
71,60,4,7,32,21,108,108,6,0.0375
71,61,5,7,15,20,80,79,8,0.05
71,62,6,7,11,25,62,62,8,0.05
71,63,7,7,5,17,33,35,2,0.0125
72,0,0,0,7,19,36,37,4,0.025
72,1,1,0,6,11,53,52,8,0.05
72,2,2,0,21,20,88,87,6,0.0375
72,3,3,0,32,17,102,105,5,0.03125
72,4,4,0,33,16,104,105,6,0.0375
72,5,5,0,19,21,86,87,6,0.0375
72,6,6,0,7,16,58,60,5,0.03125
72,7,7,0,11,17,38,39,3,0.01875
72,8,0,1,6,11,56,58,5,0.03125
72,9,1,1,10,22,89,88,7,0.04375
72,10,2,1,19,16,113,116,9,0.05625
72,11,3,1,36,10,122,121,7,0.04375
72,12,4,1,31,18,131,134,7,0.04375
72,13,5,1,21,18,114,115,9,0.05625
72,14,6,1,8,19,87,85,8,0.05
72,15,7,1,9,16,67,61,11,0.06875
72,16,0,2,9,16,77,77,7,0.04375
72,17,1,2,7,19,105,108,9,0.05625
72,18,2,2,18,18,136,133,9,0.05625
72,19,3,2,29,22,138,139,7,0.04375
72,20,4,2,32,17,150,149,9,0.05625
72,21,5,2,11,21,122,120,8,0.05
72,22,6,2,10,13,87,87,8,0.05
72,23,7,2,11,16,85,79,10,0.0625
72,24,0,3,5,8,82,80,6,0.0375
72,25,1,3,12,15,119,117,9,0.05625
72,26,2,3,14,19,143,145,7,0.04375
72,27,3,3,32,13,138,141,7,0.04375
72,28,4,3,34,16,162,162,6,0.0375
72,29,5,3,16,17,134,137,7,0.04375
72,30,6,3,13,22,103,102,8,0.05
72,31,7,3,9,13,92,90,6,0.0375
72,32,0,4,9,20,83,84,3,0.01875
72,33,1,4,2,23,104,105,8,0.05
72,34,2,4,11,19,132,133,7,0.04375
72,35,3,4,36,17,152,151,6,0.0375
72,36,4,4,36,13,157,159,8,0.05
72,37,5,4,13,14,134,133,8,0.05
72,38,6,4,15,20,101,104,9,0.05625
72,39,7,4,9,15,92,90,5,0.03125
72,40,0,5,9,10,72,73,4,0.025
72,41,1,5,9,9,92,92,9,0.05625
72,42,2,5,16,15,118,122,7,0.04375
72,43,3,5,29,16,140,138,8,0.05
72,44,4,5,38,17,145,146,7,0.04375
72,45,5,5,16,17,131,133,8,0.05
72,46,6,5,12,9,86,89,7,0.04375
72,47,7,5,4,15,73,74,4,0.025
72,48,0,6,2,22,55,53,5,0.03125
72,49,1,6,7,15,67,68,9,0.05625
72,50,2,6,8,23,93,93,9,0.05625
72,51,3,6,19,15,99,98,8,0.05
72,52,4,6,37,10,103,101,12,0.075
72,53,5,6,15,20,88,91,7,0.04375
72,54,6,6,6,15,62,64,7,0.04375
72,55,7,6,11,18,57,59,3,0.01875
72,56,0,7,10,13,36,35,5,0.03125
72,57,1,7,9,15,60,57,8,0.05
72,58,2,7,18,15,87,91,6,0.0375
72,59,3,7,39,15,112,110,7,0.04375
72,60,4,7,26,15,100,99,7,0.04375
72,61,5,7,15,13,77,76,8,0.05
72,62,6,7,8,17,54,52,8,0.05
72,63,7,7,7,15,34,32,4,0.025
73,0,0,0,9,16,40,39,5,0.03125
73,1,1,0,11,19,67,67,8,0.05
73,2,2,0,25,19,96,97,6,0.0375
73,3,3,0,38,4,103,103,5,0.03125
73,4,4,0,34,25,111,113,4,0.025
73,5,5,0,21,17,84,82,8,0.05
73,6,6,0,15,15,55,55,7,0.04375
73,7,7,0,1,14,29,31,2,0.0125
73,8,0,1,8,11,55,55,5,0.03125
73,9,1,1,1,13,77,76,9,0.05625
73,10,2,1,16,14,99,97,9,0.05625
73,11,3,1,18,16,107,105,11,0.06875
73,12,4,1,36,13,130,127,8,0.05
73,13,5,1,23,16,107,106,10,0.0625
73,14,6,1,9,20,79,80,9,0.05625
73,15,7,1,14,20,63,69,4,0.025
73,16,0,2,7,16,80,80,5,0.03125
73,17,1,2,13,14,98,98,9,0.05625
73,18,2,2,16,21,126,130,6,0.0375
73,19,3,2,33,14,142,141,8,0.05
73,20,4,2,28,22,147,149,7,0.04375
73,21,5,2,22,17,127,126,8,0.05
73,22,6,2,5,24,96,96,7,0.04375
73,23,7,2,6,13,75,81,4,0.025
73,24,0,3,12,10,85,85,5,0.03125
73,25,1,3,5,16,96,98,8,0.05
73,26,2,3,9,19,129,129,9,0.05625
73,27,3,3,24,21,149,147,9,0.05625
73,28,4,3,42,18,168,167,8,0.05
73,29,5,3,27,17,145,144,7,0.04375
73,30,6,3,11,15,105,106,8,0.05
73,31,7,3,12,16,97,95,7,0.04375
73,32,0,4,5,17,89,88,5,0.03125
73,33,1,4,7,12,99,98,11,0.06875
73,34,2,4,25,17,135,134,7,0.04375
73,35,3,4,35,18,158,156,9,0.05625
73,36,4,4,24,18,151,152,5,0.03125
73,37,5,4,17,15,120,119,10,0.0625
73,38,6,4,6,18,93,95,6,0.0375
73,39,7,4,2,19,84,85,6,0.0375
73,40,0,5,6,23,92,91,5,0.03125
73,41,1,5,9,16,94,92,9,0.05625
73,42,2,5,25,20,122,121,8,0.05
73,43,3,5,22,11,129,130,8,0.05
73,44,4,5,41,24,151,150,7,0.04375
73,45,5,5,18,11,121,122,7,0.04375
73,46,6,5,5,12,98,97,7,0.04375
73,47,7,5,6,17,80,80,5,0.03125
73,48,0,6,1,16,69,70,4,0.025
73,49,1,6,7,15,68,66,9,0.05625
73,50,2,6,7,12,82,84,8,0.05
73,51,3,6,19,14,111,114,6,0.0375
73,52,4,6,38,5,122,126,7,0.04375
73,53,5,6,28,13,108,106,8,0.05
73,54,6,6,13,17,83,78,10,0.0625
73,55,7,6,9,20,60,59,4,0.025
73,56,0,7,9,29,55,56,4,0.025
73,57,1,7,8,16,65,66,8,0.05
73,58,2,7,17,17,88,87,6,0.0375
73,59,3,7,38,20,106,107,6,0.0375
73,60,4,7,22,17,97,97,6,0.0375
73,61,5,7,19,18,82,82,7,0.04375
73,62,6,7,7,9,50,53,7,0.04375
73,63,7,7,3,16,33,32,5,0.03125
74,0,0,0,8,15,34,34,4,0.025
74,1,1,0,8,18,65,65,7,0.04375
74,2,2,0,21,17,89,87,7,0.04375
74,3,3,0,37,23,113,112,6,0.0375
74,4,4,0,30,18,106,102,7,0.04375
74,5,5,0,15,20,80,79,8,0.05
74,6,6,0,4,15,55,54,8,0.05
74,7,7,0,11,14,37,36,3,0.01875
74,8,0,1,4,18,57,57,5,0.03125
74,9,1,1,10,18,90,88,9,0.05625
74,10,2,1,17,19,107,108,7,0.04375
74,11,3,1,38,18,135,137,7,0.04375
74,12,4,1,33,15,131,135,6,0.0375
74,13,5,1,17,21,108,112,6,0.0375
74,14,6,1,12,18,81,82,7,0.04375
74,15,7,1,5,19,57,56,4,0.025
74,16,0,2,6,12,74,75,6,0.0375
74,17,1,2,8,24,111,112,7,0.04375
74,18,2,2,21,16,126,126,7,0.04375
74,19,3,2,41,17,159,160,6,0.0375
74,20,4,2,27,19,145,146,8,0.05
74,21,5,2,12,22,123,123,8,0.05
74,22,6,2,6,11,89,86,9,0.05625
74,23,7,2,3,8,68,63,8,0.05
74,24,0,3,1,14,77,80,3,0.01875
74,25,1,3,5,15,103,102,8,0.05
74,26,2,3,11,17,111,114,6,0.0375
74,27,3,3,20,14,132,135,7,0.04375
74,28,4,3,38,29,167,169,7,0.04375
74,29,5,3,28,16,156,155,9,0.05625
74,30,6,3,13,21,118,121,5,0.03125
74,31,7,3,17,9,85,85,8,0.05
74,32,0,4,8,15,81,81,5,0.03125
74,33,1,4,10,12,108,109,10,0.0625
74,34,2,4,15,17,130,130,6,0.0375
74,35,3,4,38,16,152,153,7,0.04375
74,36,4,4,29,17,155,155,6,0.0375
74,37,5,4,14,19,130,131,9,0.05625
74,38,6,4,10,18,104,101,9,0.05625
74,39,7,4,12,16,85,83,7,0.04375
74,40,0,5,7,10,69,69,5,0.03125
74,41,1,5,8,22,105,105,11,0.06875
74,42,2,5,13,16,112,111,9,0.05625
74,43,3,5,36,14,143,142,9,0.05625
74,44,4,5,36,17,149,149,8,0.05
74,45,5,5,20,15,117,115,9,0.05625
74,46,6,5,6,15,79,82,5,0.03125
74,47,7,5,7,14,68,68,4,0.025
74,48,0,6,4,20,49,49,5,0.03125
74,49,1,6,3,12,69,71,9,0.05625
74,50,2,6,8,14,89,88,7,0.04375
74,51,3,6,27,20,127,125,7,0.04375
74,52,4,6,37,16,122,124,7,0.04375
74,53,5,6,18,14,104,106,7,0.04375
74,54,6,6,11,9,62,63,8,0.05
74,55,7,6,7,23,65,64,6,0.0375
74,56,0,7,6,12,26,26,4,0.025
74,57,1,7,9,13,58,56,9,0.05625
74,58,2,7,15,16,81,81,6,0.0375
74,59,3,7,32,20,109,108,8,0.05
74,60,4,7,34,14,99,98,6,0.0375
74,61,5,7,21,20,84,85,8,0.05
74,62,6,7,8,11,48,47,8,0.05
74,63,7,7,9,18,40,41,4,0.025
75,0,0,0,19,18,61,62,4,0.025
75,1,1,0,24,26,122,122,8,0.05
75,2,2,0,34,27,145,144,9,0.05625
75,3,3,0,32,23,155,154,8,0.05
75,4,4,0,34,28,145,148,5,0.03125
75,5,5,0,28,28,128,129,7,0.04375
75,6,6,0,17,23,96,97,7,0.04375
75,7,7,0,18,27,70,66,6,0.0375
75,8,0,1,17,27,100,100,4,0.025
75,9,1,1,16,35,151,155,7,0.04375
75,10,2,1,24,21,153,153,9,0.05625
75,11,3,1,31,27,188,189,7,0.04375
75,12,4,1,36,25,188,184,7,0.04375
75,13,5,1,35,17,166,165,6,0.0375
75,14,6,1,27,32,145,144,9,0.05625
75,15,7,1,20,28,106,108,3,0.01875
75,16,0,2,29,19,119,119,6,0.0375
75,17,1,2,21,21,174,174,8,0.05
75,18,2,2,25,26,182,181,9,0.05625
75,19,3,2,29,18,204,201,9,0.05625
75,20,4,2,36,18,215,215,8,0.05
75,21,5,2,29,23,187,188,8,0.05
75,22,6,2,15,23,161,161,11,0.06875
75,23,7,2,18,20,126,128,6,0.0375
75,24,0,3,26,23,135,129,8,0.05
75,25,1,3,17,29,195,193,8,0.05
75,26,2,3,25,26,211,209,6,0.0375
75,27,3,3,37,22,226,222,10,0.0625
75,28,4,3,35,22,228,230,5,0.03125
75,29,5,3,23,21,196,198,6,0.0375
75,30,6,3,25,18,171,168,9,0.05625
75,31,7,3,18,24,146,149,5,0.03125
75,32,0,4,23,30,135,135,6,0.0375
75,33,1,4,22,19,181,181,8,0.05
75,34,2,4,28,20,206,205,8,0.05
75,35,3,4,37,27,233,232,8,0.05
75,36,4,4,33,31,232,234,6,0.0375
75,37,5,4,18,28,191,190,9,0.05625
75,38,6,4,14,18,161,160,8,0.05
75,39,7,4,20,26,143,145,4,0.025
75,40,0,5,21,29,129,127,5,0.03125
75,41,1,5,24,27,171,170,11,0.06875
75,42,2,5,32,22,200,196,10,0.0625
75,43,3,5,38,26,215,217,7,0.04375
75,44,4,5,27,25,201,203,5,0.03125
75,45,5,5,20,24,160,162,7,0.04375
75,46,6,5,17,21,149,145,10,0.0625
75,47,7,5,19,25,130,130,5,0.03125
75,48,0,6,22,23,100,100,5,0.03125
75,49,1,6,18,37,144,144,9,0.05625
75,50,2,6,23,38,180,179,9,0.05625
75,51,3,6,30,26,187,193,3,0.01875
75,52,4,6,34,18,203,201,7,0.04375
75,53,5,6,29,25,165,165,6,0.0375
75,54,6,6,22,24,148,149,9,0.05625
75,55,7,6,20,31,111,112,5,0.03125
75,56,0,7,19,23,65,63,4,0.025
75,57,1,7,21,30,104,107,6,0.0375
75,58,2,7,24,24,131,132,5,0.03125
75,59,3,7,40,23,150,154,4,0.025
75,60,4,7,31,32,157,158,7,0.04375
75,61,5,7,29,20,123,125,6,0.0375
75,62,6,7,27,30,109,108,9,0.05625
75,63,7,7,16,25,58,58,4,0.025
76,0,0,0,8,21,44,45,2,0.0125
76,1,1,0,3,15,57,56,8,0.05
76,2,2,0,17,18,82,84,6,0.0375
76,3,3,0,45,11,102,103,6,0.0375
76,4,4,0,32,16,98,97,6,0.0375
76,5,5,0,11,23,79,81,6,0.0375
76,6,6,0,7,22,60,58,7,0.04375
76,7,7,0,3,21,36,39,4,0.025
76,8,0,1,5,19,69,70,4,0.025
76,9,1,1,11,15,82,78,10,0.0625
76,10,2,1,8,18,96,98,7,0.04375
76,11,3,1,28,14,112,111,7,0.04375
76,12,4,1,33,20,118,123,3,0.01875
76,13,5,1,25,11,105,107,3,0.01875
76,14,6,1,11,18,93,95,7,0.04375
76,15,7,1,11,19,70,68,5,0.03125
76,16,0,2,9,14,91,90,5,0.03125
76,17,1,2,10,22,101,102,7,0.04375
76,18,2,2,14,14,125,128,5,0.03125
76,19,3,2,31,19,142,146,6,0.0375
76,20,4,2,34,15,142,142,6,0.0375
76,21,5,2,16,20,110,112,7,0.04375
76,22,6,2,7,16,99,101,9,0.05625
76,23,7,2,4,12,74,76,5,0.03125
76,24,0,3,6,22,92,97,3,0.01875
76,25,1,3,7,21,107,109,7,0.04375
76,26,2,3,14,20,132,133,7,0.04375
76,27,3,3,29,15,150,152,7,0.04375
76,28,4,3,35,20,162,163,5,0.03125
76,29,5,3,20,15,127,126,7,0.04375
76,30,6,3,8,14,110,109,8,0.05
76,31,7,3,11,16,86,86,5,0.03125
76,32,0,4,12,13,91,91,4,0.025
76,33,1,4,11,10,113,111,12,0.075
76,34,2,4,20,18,151,147,10,0.0625
76,35,3,4,38,21,150,154,4,0.025
76,36,4,4,31,14,153,149,7,0.04375
76,37,5,4,13,18,124,125,9,0.05625
76,38,6,4,7,17,118,119,10,0.0625
76,39,7,4,8,18,84,84,5,0.03125
76,40,0,5,8,16,74,77,3,0.01875
76,41,1,5,8,18,102,106,8,0.05
76,42,2,5,15,19,137,140,10,0.0625
76,43,3,5,36,15,134,133,9,0.05625
76,44,4,5,30,14,142,143,6,0.0375
76,45,5,5,18,14,122,119,11,0.06875
76,46,6,5,10,15,107,106,10,0.0625
76,47,7,5,5,24,72,71,6,0.0375
76,48,0,6,7,12,53,54,4,0.025
76,49,1,6,12,18,83,85,7,0.04375
76,50,2,6,25,22,116,115,8,0.05
76,51,3,6,32,12,117,112,7,0.04375
76,52,4,6,20,15,109,111,7,0.04375
76,53,5,6,22,20,106,103,9,0.05625
76,54,6,6,8,17,82,83,8,0.05
76,55,7,6,3,14,50,51,4,0.025
76,56,0,7,21,22,48,51,3,0.01875
76,57,1,7,11,18,71,69,9,0.05625
76,58,2,7,28,16,101,100,6,0.0375
76,59,3,7,35,19,116,116,5,0.03125
76,60,4,7,19,15,90,91,5,0.03125
76,61,5,7,15,14,70,67,7,0.04375
76,62,6,7,2,20,47,48,7,0.04375
76,63,7,7,6,13,32,31,4,0.025
77,0,0,0,10,13,36,35,4,0.025
77,1,1,0,10,18,64,63,9,0.05625
77,2,2,0,25,16,94,93,8,0.05
77,3,3,0,30,13,109,105,8,0.05
77,4,4,0,39,14,113,111,7,0.04375
77,5,5,0,15,24,91,89,7,0.04375
77,6,6,0,6,17,60,60,7,0.04375
77,7,7,0,15,13,44,43,5,0.03125
77,8,0,1,8,10,54,53,4,0.025
77,9,1,1,4,19,79,79,10,0.0625
77,10,2,1,11,19,96,96,7,0.04375
77,11,3,1,33,18,119,115,12,0.075
77,12,4,1,35,14,129,128,6,0.0375
77,13,5,1,17,18,121,115,10,0.0625
77,14,6,1,10,24,87,87,7,0.04375
77,15,7,1,12,20,63,65,3,0.01875
77,16,0,2,7,16,73,75,4,0.025
77,17,1,2,5,15,93,90,10,0.0625
77,18,2,2,15,22,121,116,10,0.0625
77,19,3,2,30,12,137,134,8,0.05
77,20,4,2,34,23,156,152,9,0.05625
77,21,5,2,24,14,140,139,8,0.05
77,22,6,2,10,11,102,99,9,0.05625
77,23,7,2,7,14,73,73,4,0.025
77,24,0,3,9,18,87,89,2,0.0125
77,25,1,3,4,22,103,104,8,0.05
77,26,2,3,25,18,144,139,10,0.0625
77,27,3,3,24,16,146,145,8,0.05
77,28,4,3,35,12,167,164,6,0.0375
77,29,5,3,24,17,149,149,9,0.05625
77,30,6,3,13,18,108,110,8,0.05
77,31,7,3,11,16,95,95,4,0.025
77,32,0,4,16,11,92,90,6,0.0375
77,33,1,4,6,13,110,111,9,0.05625
77,34,2,4,23,14,141,146,8,0.05
77,35,3,4,39,16,160,159,5,0.03125
77,36,4,4,30,12,150,153,5,0.03125
77,37,5,4,12,14,124,121,10,0.0625
77,38,6,4,5,15,91,94,6,0.0375
77,39,7,4,6,20,92,93,5,0.03125
77,40,0,5,9,14,75,75,3,0.01875
77,41,1,5,8,19,105,102,10,0.0625
77,42,2,5,19,17,133,134,9,0.05625
77,43,3,5,35,21,144,145,6,0.0375
77,44,4,5,30,22,145,142,8,0.05
77,45,5,5,8,14,116,118,9,0.05625
77,46,6,5,4,15,90,92,9,0.05625
77,47,7,5,7,13,83,84,5,0.03125
77,48,0,6,11,21,68,67,5,0.03125
77,49,1,6,8,15,92,93,6,0.0375
77,50,2,6,20,15,111,112,8,0.05
77,51,3,6,40,11,127,126,8,0.05
77,52,4,6,24,18,126,124,8,0.05
77,53,5,6,11,15,100,99,8,0.05
77,54,6,6,10,11,78,78,8,0.05
77,55,7,6,9,17,67,67,4,0.025
77,56,0,7,4,13,38,35,5,0.03125
77,57,1,7,14,21,68,69,7,0.04375
77,58,2,7,17,18,89,88,7,0.04375
77,59,3,7,34,22,113,109,9,0.05625
77,60,4,7,32,20,108,105,8,0.05
77,61,5,7,17,16,82,86,4,0.025
77,62,6,7,7,13,56,57,7,0.04375
77,63,7,7,10,21,42,42,5,0.03125
78,0,0,0,4,16,27,27,4,0.025
78,1,1,0,9,15,52,52,9,0.05625
78,2,2,0,19,13,76,77,6,0.0375
78,3,3,0,27,22,107,112,6,0.0375
78,4,4,0,36,12,102,105,5,0.03125
78,5,5,0,23,12,90,91,6,0.0375
78,6,6,0,16,17,76,77,6,0.0375
78,7,7,0,11,13,38,39,4,0.025
78,8,0,1,6,17,51,51,5,0.03125
78,9,1,1,15,22,95,98,7,0.04375
78,10,2,1,15,10,102,102,6,0.0375
78,11,3,1,36,19,136,139,8,0.05
78,12,4,1,24,14,103,103,6,0.0375
78,13,5,1,16,16,99,102,6,0.0375
78,14,6,1,6,22,89,87,8,0.05
78,15,7,1,1,22,59,55,7,0.04375
78,16,0,2,11,9,67,66,6,0.0375
78,17,1,2,6,13,105,107,7,0.04375
78,18,2,2,12,26,120,119,11,0.06875
78,19,3,2,29,25,150,148,9,0.05625
78,20,4,2,40,20,140,142,8,0.05
78,21,5,2,19,24,138,138,9,0.05625
78,22,6,2,12,18,117,120,8,0.05
78,23,7,2,15,17,89,90,4,0.025
78,24,0,3,4,16,80,77,3,0.01875
78,25,1,3,10,15,115,116,7,0.04375
78,26,2,3,24,16,126,126,13,0.08125
78,27,3,3,32,16,157,157,9,0.05625
78,28,4,3,30,15,144,144,6,0.0375
78,29,5,3,15,20,135,136,6,0.0375
78,30,6,3,12,17,120,120,7,0.04375
78,31,7,3,6,16,88,87,5,0.03125
78,32,0,4,10,17,90,91,6,0.0375
78,33,1,4,13,16,121,123,7,0.04375
78,34,2,4,24,14,138,135,9,0.05625
78,35,3,4,33,12,164,162,8,0.05
78,36,4,4,27,21,150,148,7,0.04375
78,37,5,4,15,26,142,146,8,0.05
78,38,6,4,12,19,110,108,9,0.05625
78,39,7,4,9,11,82,81,5,0.03125
78,40,0,5,8,16,85,84,4,0.025
78,41,1,5,6,15,106,109,6,0.0375
78,42,2,5,26,20,141,142,8,0.05
78,43,3,5,36,23,154,156,6,0.0375
78,44,4,5,31,16,134,134,9,0.05625
78,45,5,5,17,18,127,128,8,0.05
78,46,6,5,4,14,91,89,9,0.05625
78,47,7,5,10,22,83,84,4,0.025
78,48,0,6,10,11,61,62,3,0.01875
78,49,1,6,8,21,87,85,7,0.04375
78,50,2,6,20,17,116,114,10,0.0625
78,51,3,6,29,22,124,124,7,0.04375
78,52,4,6,23,13,112,112,6,0.0375
78,53,5,6,18,23,109,112,8,0.05
78,54,6,6,8,8,74,72,9,0.05625
78,55,7,6,5,15,65,64,4,0.025
78,56,0,7,16,17,49,50,4,0.025
78,57,1,7,12,21,73,73,7,0.04375
78,58,2,7,22,22,96,97,7,0.04375
78,59,3,7,33,16,103,106,5,0.03125
78,60,4,7,29,17,97,101,4,0.025
78,61,5,7,20,16,84,82,6,0.0375
78,62,6,7,8,20,62,59,9,0.05625
78,63,7,7,8,20,41,40,5,0.03125
79,0,0,0,12,14,37,37,4,0.025
79,1,1,0,4,22,64,67,6,0.0375
79,2,2,0,19,17,86,86,7,0.04375
79,3,3,0,35,18,113,113,6,0.0375
79,4,4,0,35,13,110,107,7,0.04375
79,5,5,0,21,20,91,91,5,0.03125
79,6,6,0,12,14,65,66,7,0.04375
79,7,7,0,10,15,41,41,4,0.025
79,8,0,1,11,12,58,59,4,0.025
79,9,1,1,8,21,89,89,7,0.04375
79,10,2,1,24,18,116,113,9,0.05625
79,11,3,1,24,23,122,124,6,0.0375
79,12,4,1,29,12,112,110,7,0.04375
79,13,5,1,13,21,101,100,7,0.04375
79,14,6,1,3,13,70,70,8,0.05
79,15,7,1,4,18,59,60,5,0.03125
79,16,0,2,7,12,67,68,4,0.025
79,17,1,2,7,13,93,91,9,0.05625
79,18,2,2,20,14,128,132,7,0.04375
79,19,3,2,33,11,136,138,9,0.05625
79,20,4,2,25,14,131,132,6,0.0375
79,21,5,2,16,7,118,121,5,0.03125
79,22,6,2,3,16,87,83,11,0.06875
79,23,7,2,4,15,73,71,6,0.0375
79,24,0,3,14,17,86,86,4,0.025
79,25,1,3,15,14,106,104,9,0.05625
79,26,2,3,23,21,149,153,8,0.05
79,27,3,3,37,20,151,151,6,0.0375
79,28,4,3,21,16,133,134,5,0.03125
79,29,5,3,19,14,139,137,7,0.04375
79,30,6,3,9,17,105,106,6,0.0375
79,31,7,3,1,17,77,79,5,0.03125
79,32,0,4,7,20,89,90,5,0.03125
79,33,1,4,11,14,108,108,7,0.04375
79,34,2,4,19,18,150,149,9,0.05625
79,35,3,4,40,10,151,152,7,0.04375
79,36,4,4,30,19,140,141,6,0.0375
79,37,5,4,16,17,136,137,7,0.04375
79,38,6,4,4,15,103,102,10,0.0625
79,39,7,4,9,11,82,81,6,0.0375
79,40,0,5,9,18,80,79,6,0.0375
79,41,1,5,9,22,113,109,11,0.06875
79,42,2,5,19,19,133,134,8,0.05
79,43,3,5,42,14,146,141,9,0.05625
79,44,4,5,27,12,118,116,11,0.06875
79,45,5,5,14,17,119,116,9,0.05625
79,46,6,5,10,18,86,86,9,0.05625
79,47,7,5,4,20,73,72,4,0.025
79,48,0,6,9,15,64,60,7,0.04375
79,49,1,6,9,25,100,95,13,0.08125
79,50,2,6,18,17,106,108,8,0.05
79,51,3,6,24,12,124,124,9,0.05625
79,52,4,6,30,9,114,112,10,0.0625
79,53,5,6,11,21,95,90,12,0.075
79,54,6,6,8,14,65,67,8,0.05
79,55,7,6,5,18,61,62,4,0.025
79,56,0,7,7,13,37,37,5,0.03125
79,57,1,7,14,15,70,70,8,0.05
79,58,2,7,16,19,90,90,7,0.04375
79,59,3,7,38,21,112,110,8,0.05
79,60,4,7,34,16,106,104,5,0.03125
79,61,5,7,20,13,83,80,10,0.0625
79,62,6,7,11,12,55,57,8,0.05
79,63,7,7,9,22,47,49,4,0.025
80,0,0,0,6,13,35,35,4,0.025
80,1,1,0,16,18,64,64,7,0.04375
80,2,2,0,23,18,91,89,8,0.05
80,3,3,0,28,22,111,109,7,0.04375
80,4,4,0,36,19,104,109,3,0.01875
80,5,5,0,19,17,85,87,5,0.03125
80,6,6,0,9,14,60,59,7,0.04375
80,7,7,0,11,14,34,34,4,0.025
80,8,0,1,5,13,51,51,3,0.01875
80,9,1,1,7,22,87,86,8,0.05
80,10,2,1,20,23,114,116,8,0.05
80,11,3,1,41,15,146,147,6,0.0375
80,12,4,1,27,19,126,127,5,0.03125
80,13,5,1,12,23,102,101,9,0.05625
80,14,6,1,5,15,74,74,9,0.05625
80,15,7,1,12,11,49,51,4,0.025
80,16,0,2,5,19,76,74,5,0.03125
80,17,1,2,9,22,113,115,8,0.05
80,18,2,2,14,25,127,124,9,0.05625
80,19,3,2,32,18,149,149,8,0.05
80,20,4,2,35,25,158,159,7,0.04375
80,21,5,2,24,16,139,137,7,0.04375
80,22,6,2,13,16,100,103,10,0.0625
80,23,7,2,7,15,66,66,6,0.0375
80,24,0,3,10,12,76,76,4,0.025
80,25,1,3,4,17,115,115,8,0.05
80,26,2,3,21,10,126,126,8,0.05
80,27,3,3,26,8,143,143,9,0.05625
80,28,4,3,31,18,155,153,8,0.05
80,29,5,3,15,14,135,136,8,0.05
80,30,6,3,8,15,102,103,6,0.0375
80,31,7,3,16,10,76,77,3,0.01875
80,32,0,4,12,14,70,71,4,0.025
80,33,1,4,9,16,116,114,10,0.0625
80,34,2,4,16,13,124,125,9,0.05625
80,35,3,4,35,13,147,148,5,0.03125
80,36,4,4,28,14,145,142,8,0.05
80,37,5,4,15,16,134,129,11,0.06875
80,38,6,4,8,17,102,102,8,0.05
80,39,7,4,9,17,73,75,4,0.025
80,40,0,5,6,7,57,58,4,0.025
80,41,1,5,10,15,102,100,11,0.06875
80,42,2,5,21,11,124,123,9,0.05625
80,43,3,5,34,12,136,137,8,0.05
80,44,4,5,23,13,129,131,7,0.04375
80,45,5,5,14,17,118,117,10,0.0625
80,46,6,5,4,16,88,93,6,0.0375
80,47,7,5,11,10,69,68,4,0.025
80,48,0,6,3,17,45,48,5,0.03125
80,49,1,6,2,13,64,68,9,0.05625
80,50,2,6,2,14,75,76,8,0.05
80,51,3,6,7,16,84,82,9,0.05625
80,52,4,6,23,17,102,103,7,0.04375
80,53,5,6,32,18,106,108,10,0.0625
80,54,6,6,13,20,76,76,9,0.05625
80,55,7,6,10,13,49,47,4,0.025
80,56,0,7,3,14,28,27,6,0.0375
80,57,1,7,6,22,57,57,7,0.04375
80,58,2,7,10,16,73,73,7,0.04375
80,59,3,7,26,16,91,94,5,0.03125
80,60,4,7,29,13,91,92,6,0.0375
80,61,5,7,18,19,77,80,7,0.04375
80,62,6,7,8,15,55,55,8,0.05
80,63,7,7,9,13,32,32,4,0.025
81,0,0,0,18,19,57,56,5,0.03125
81,1,1,0,20,26,97,96,6,0.0375
81,2,2,0,29,23,127,127,7,0.04375
81,3,3,0,42,23,153,154,6,0.0375
81,4,4,0,33,24,151,147,8,0.05
81,5,5,0,26,29,130,126,8,0.05
81,6,6,0,12,32,97,96,8,0.05
81,7,7,0,25,23,63,63,4,0.025
81,8,0,1,21,20,89,89,4,0.025
81,9,1,1,22,19,124,126,7,0.04375
81,10,2,1,26,38,175,175,9,0.05625
81,11,3,1,37,24,190,188,8,0.05
81,12,4,1,33,21,191,189,8,0.05
81,13,5,1,21,31,172,173,8,0.05
81,14,6,1,17,23,137,137,8,0.05
81,15,7,1,22,15,88,89,4,0.025
81,16,0,2,19,30,122,121,7,0.04375
81,17,1,2,19,25,159,155,10,0.0625
81,18,2,2,32,29,203,204,8,0.05
81,19,3,2,33,27,212,212,9,0.05625
81,20,4,2,34,22,210,211,6,0.0375
81,21,5,2,21,37,205,206,7,0.04375
81,22,6,2,18,30,166,162,13,0.08125
81,23,7,2,25,25,114,115,5,0.03125
81,24,0,3,22,23,133,135,3,0.01875
81,25,1,3,21,27,178,178,7,0.04375
81,26,2,3,31,19,211,212,8,0.05
81,27,3,3,36,20,222,227,5,0.03125
81,28,4,3,33,29,229,230,7,0.04375
81,29,5,3,26,22,221,221,7,0.04375
81,30,6,3,19,28,190,185,10,0.0625
81,31,7,3,22,23,126,127,3,0.01875
81,32,0,4,21,25,139,138,5,0.03125
81,33,1,4,21,17,181,182,8,0.05
81,34,2,4,26,27,205,203,11,0.06875
81,35,3,4,28,26,213,209,10,0.0625
81,36,4,4,39,36,235,235,9,0.05625
81,37,5,4,24,29,232,237,7,0.04375
81,38,6,4,20,19,188,186,10,0.0625
81,39,7,4,27,21,130,129,5,0.03125
81,40,0,5,23,19,127,125,6,0.0375
81,41,1,5,22,27,165,170,8,0.05
81,42,2,5,19,24,178,174,12,0.075
81,43,3,5,25,19,193,194,8,0.05
81,44,4,5,35,25,214,214,9,0.05625
81,45,5,5,30,29,216,220,8,0.05
81,46,6,5,20,25,169,164,10,0.0625
81,47,7,5,17,25,110,109,7,0.04375
81,48,0,6,19,27,102,102,5,0.03125
81,49,1,6,17,28,138,139,8,0.05
81,50,2,6,27,27,165,164,9,0.05625
81,51,3,6,37,27,180,184,6,0.0375
81,52,4,6,34,17,188,188,8,0.05
81,53,5,6,21,24,164,165,7,0.04375
81,54,6,6,12,29,138,138,9,0.05625
81,55,7,6,26,27,100,102,4,0.025
81,56,0,7,19,29,64,64,5,0.03125
81,57,1,7,23,26,101,101,7,0.04375
81,58,2,7,25,18,125,125,5,0.03125
81,59,3,7,39,27,150,153,3,0.01875
81,60,4,7,36,29,156,154,7,0.04375
81,61,5,7,29,26,131,130,7,0.04375
81,62,6,7,22,28,105,105,8,0.05
81,63,7,7,21,23,57,57,4,0.025
82,0,0,0,13,9,32,33,4,0.025
82,1,1,0,7,22,66,67,7,0.04375
82,2,2,0,19,23,91,94,6,0.0375
82,3,3,0,30,11,96,95,7,0.04375
82,4,4,0,31,18,102,102,7,0.04375
82,5,5,0,16,10,74,75,7,0.04375
82,6,6,0,5,17,58,58,7,0.04375
82,7,7,0,4,14,29,28,5,0.03125
82,8,0,1,10,14,52,52,3,0.01875
82,9,1,1,8,18,91,90,7,0.04375
82,10,2,1,19,15,107,110,4,0.025
82,11,3,1,35,14,116,116,6,0.0375
82,12,4,1,26,13,118,117,7,0.04375
82,13,5,1,18,20,101,103,6,0.0375
82,14,6,1,10,18,93,93,8,0.05
82,15,7,1,8,12,54,52,5,0.03125
82,16,0,2,5,17,69,69,7,0.04375
82,17,1,2,7,18,95,96,10,0.0625
82,18,2,2,15,23,117,118,9,0.05625
82,19,3,2,25,16,133,134,8,0.05
82,20,4,2,38,17,148,149,5,0.03125
82,21,5,2,12,25,134,129,11,0.06875
82,22,6,2,11,25,111,116,7,0.04375
82,23,7,2,9,18,78,78,4,0.025
82,24,0,3,17,12,96,94,5,0.03125
82,25,1,3,10,18,115,115,9,0.05625
82,26,2,3,26,13,142,144,6,0.0375
82,27,3,3,38,21,162,159,7,0.04375
82,28,4,3,28,14,145,144,9,0.05625
82,29,5,3,19,22,142,143,7,0.04375
82,30,6,3,8,15,111,112,8,0.05
82,31,7,3,8,15,87,84,5,0.03125
82,32,0,4,6,23,91,90,5,0.03125
82,33,1,4,3,18,100,98,11,0.06875
82,34,2,4,18,14,130,133,8,0.05
82,35,3,4,30,18,155,154,10,0.0625
82,36,4,4,33,15,149,151,8,0.05
82,37,5,4,21,11,142,138,10,0.0625
82,38,6,4,20,19,136,138,8,0.05
82,39,7,4,4,14,96,92,8,0.05
82,40,0,5,6,21,82,84,4,0.025
82,41,1,5,1,18,95,93,9,0.05625
82,42,2,5,16,14,121,123,10,0.0625
82,43,3,5,27,18,141,140,8,0.05
82,44,4,5,33,15,135,134,9,0.05625
82,45,5,5,20,9,120,119,6,0.0375
82,46,6,5,7,18,110,109,10,0.0625
82,47,7,5,5,23,88,91,4,0.025
82,48,0,6,10,18,61,60,4,0.025
82,49,1,6,9,19,90,88,9,0.05625
82,50,2,6,22,15,115,118,6,0.0375
82,51,3,6,37,15,137,135,6,0.0375
82,52,4,6,27,15,119,124,5,0.03125
82,53,5,6,16,18,106,107,9,0.05625
82,54,6,6,17,21,99,98,9,0.05625
82,55,7,6,7,20,72,69,6,0.0375
82,56,0,7,9,18,38,42,2,0.0125
82,57,1,7,10,15,64,65,7,0.04375
82,58,2,7,17,13,87,87,6,0.0375
82,59,3,7,35,17,103,99,6,0.0375
82,60,4,7,30,20,98,100,4,0.025
82,61,5,7,13,15,78,78,7,0.04375
82,62,6,7,8,16,63,63,8,0.05
82,63,7,7,12,17,46,44,6,0.0375
83,0,0,0,9,11,33,33,4,0.025
83,1,1,0,13,15,60,57,9,0.05625
83,2,2,0,16,14,81,79,7,0.04375
83,3,3,0,26,13,96,95,7,0.04375
83,4,4,0,38,16,105,105,6,0.0375
83,5,5,0,12,14,76,76,7,0.04375
83,6,6,0,8,17,64,66,6,0.0375
83,7,7,0,10,14,42,41,6,0.0375
83,8,0,1,6,15,62,59,6,0.0375
83,9,1,1,10,21,83,81,9,0.05625
83,10,2,1,15,14,109,106,9,0.05625
83,11,3,1,36,21,133,132,7,0.04375
83,12,4,1,31,19,127,131,6,0.0375
83,13,5,1,15,11,93,93,6,0.0375
83,14,6,1,12,18,87,87,8,0.05
83,15,7,1,7,26,79,77,8,0.05
83,16,0,2,6,21,84,87,4,0.025
83,17,1,2,8,16,87,91,5,0.03125
83,18,2,2,18,16,129,126,10,0.0625
83,19,3,2,39,19,151,154,5,0.03125
83,20,4,2,30,16,149,144,10,0.0625
83,21,5,2,27,15,118,122,8,0.05
83,22,6,2,8,15,103,100,10,0.0625
83,23,7,2,9,16,89,87,7,0.04375
83,24,0,3,10,9,93,90,7,0.04375
83,25,1,3,8,22,108,106,10,0.0625
83,26,2,3,16,11,132,127,10,0.0625
83,27,3,3,23,15,153,153,7,0.04375
83,28,4,3,38,13,157,158,7,0.04375
83,29,5,3,16,12,126,125,7,0.04375
83,30,6,3,9,13,110,110,7,0.04375
83,31,7,3,6,11,88,87,7,0.04375
83,32,0,4,5,18,92,94,4,0.025
83,33,1,4,7,11,104,107,8,0.05
83,34,2,4,22,21,131,134,6,0.0375
83,35,3,4,39,14,156,159,9,0.05625
83,36,4,4,20,14,146,146,5,0.03125
83,37,5,4,18,20,128,132,7,0.04375
83,38,6,4,3,27,111,112,8,0.05
83,39,7,4,7,13,87,90,6,0.0375
83,40,0,5,6,13,86,82,8,0.05
83,41,1,5,8,24,111,113,7,0.04375
83,42,2,5,17,24,122,125,6,0.0375
83,43,3,5,31,19,141,143,8,0.05
83,44,4,5,33,16,148,147,10,0.0625
83,45,5,5,17,16,134,136,6,0.0375
83,46,6,5,10,13,102,102,10,0.0625
83,47,7,5,6,19,90,89,5,0.03125
83,48,0,6,12,16,70,71,5,0.03125
83,49,1,6,5,16,97,99,8,0.05
83,50,2,6,23,16,115,115,7,0.04375
83,51,3,6,39,15,132,133,4,0.025
83,52,4,6,25,15,129,126,8,0.05
83,53,5,6,22,27,122,125,6,0.0375
83,54,6,6,5,11,77,76,11,0.06875
83,55,7,6,7,25,71,73,5,0.03125
83,56,0,7,12,17,46,43,3,0.01875
83,57,1,7,9,21,67,68,6,0.0375
83,58,2,7,14,18,83,83,6,0.0375
83,59,3,7,27,18,102,103,5,0.03125
83,60,4,7,45,15,122,121,7,0.04375
83,61,5,7,23,16,101,101,7,0.04375
83,62,6,7,13,18,66,65,8,0.05
83,63,7,7,9,24,45,47,4,0.025
84,0,0,0,6,19,32,32,4,0.025
84,1,1,0,6,14,47,50,6,0.0375
84,2,2,0,10,16,72,72,8,0.05
84,3,3,0,23,18,91,89,9,0.05625
84,4,4,0,39,16,105,105,8,0.05
84,5,5,0,27,17,92,94,5,0.03125
84,6,6,0,4,20,58,55,10,0.0625
84,7,7,0,6,13,30,33,3,0.01875
84,8,0,1,12,17,61,64,3,0.01875
84,9,1,1,0,19,75,77,6,0.0375
84,10,2,1,18,16,108,109,7,0.04375
84,11,3,1,31,16,118,120,7,0.04375
84,12,4,1,30,18,125,122,8,0.05
84,13,5,1,18,15,106,103,8,0.05
84,14,6,1,9,17,90,90,9,0.05625
84,15,7,1,7,16,60,61,6,0.0375
84,16,0,2,11,22,78,79,4,0.025
84,17,1,2,12,18,108,101,12,0.075
84,18,2,2,14,22,130,132,8,0.05
84,19,3,2,37,14,149,143,11,0.06875
84,20,4,2,29,18,141,143,9,0.05625
84,21,5,2,13,16,122,121,8,0.05
84,22,6,2,16,16,111,114,8,0.05
84,23,7,2,7,17,88,86,9,0.05625
84,24,0,3,5,24,87,89,6,0.0375
84,25,1,3,8,20,111,113,9,0.05625
84,26,2,3,12,17,130,133,8,0.05
84,27,3,3,33,20,145,147,3,0.01875
84,28,4,3,42,22,161,160,7,0.04375
84,29,5,3,17,10,141,139,9,0.05625
84,30,6,3,8,15,120,121,9,0.05625
84,31,7,3,8,19,96,96,6,0.0375
84,32,0,4,10,16,97,93,7,0.04375
84,33,1,4,14,17,122,124,6,0.0375
84,34,2,4,20,16,149,145,10,0.0625
84,35,3,4,29,10,146,149,6,0.0375
84,36,4,4,39,19,159,161,6,0.0375
84,37,5,4,18,13,136,134,9,0.05625
84,38,6,4,10,15,120,119,9,0.05625
84,39,7,4,9,18,93,93,6,0.0375
84,40,0,5,7,14,80,80,8,0.05
84,41,1,5,8,14,103,103,7,0.04375
84,42,2,5,26,22,138,137,9,0.05625
84,43,3,5,39,14,148,146,9,0.05625
84,44,4,5,26,12,135,135,9,0.05625
84,45,5,5,15,18,121,117,9,0.05625
84,46,6,5,8,12,106,106,10,0.0625
84,47,7,5,3,21,81,82,4,0.025
84,48,0,6,11,15,68,69,4,0.025
84,49,1,6,17,24,99,98,7,0.04375
84,50,2,6,16,12,107,106,8,0.05
84,51,3,6,31,18,121,119,8,0.05
84,52,4,6,37,16,126,124,7,0.04375
84,53,5,6,17,15,108,106,7,0.04375
84,54,6,6,9,15,91,92,9,0.05625
84,55,7,6,5,21,61,61,4,0.025
84,56,0,7,7,14,32,32,4,0.025
84,57,1,7,10,15,59,56,8,0.05
84,58,2,7,14,15,79,79,7,0.04375
84,59,3,7,33,12,96,95,5,0.03125
84,60,4,7,32,11,99,102,4,0.025
84,61,5,7,22,22,94,95,6,0.0375
84,62,6,7,5,21,67,67,8,0.05
84,63,7,7,15,16,42,41,4,0.025
85,0,0,0,9,25,56,54,4,0.025
85,1,1,0,10,20,71,71,7,0.04375
85,2,2,0,24,18,87,86,7,0.04375
85,3,3,0,30,15,85,90,5,0.03125
85,4,4,0,33,16,97,97,7,0.04375
85,5,5,0,18,15,90,84,10,0.0625
85,6,6,0,10,15,68,70,8,0.05
85,7,7,0,10,20,52,50,4,0.025
85,8,0,1,3,21,74,69,8,0.05
85,9,1,1,11,8,83,79,10,0.0625
85,10,2,1,13,14,98,97,8,0.05
85,11,3,1,27,17,116,114,9,0.05625
85,12,4,1,31,17,127,125,8,0.05
85,13,5,1,20,22,114,116,8,0.05
85,14,6,1,9,13,79,75,13,0.08125
85,15,7,1,13,20,72,75,4,0.025
85,16,0,2,10,11,87,85,5,0.03125
85,17,1,2,8,19,105,109,9,0.05625
85,18,2,2,20,6,123,119,12,0.075
85,19,3,2,32,21,138,143,7,0.04375
85,20,4,2,25,23,136,136,7,0.04375
85,21,5,2,18,13,113,113,7,0.04375
85,22,6,2,8,20,107,105,11,0.06875
85,23,7,2,10,14,83,86,4,0.025
85,24,0,3,11,14,93,96,3,0.01875
85,25,1,3,5,11,105,105,8,0.05
85,26,2,3,19,22,133,131,9,0.05625
85,27,3,3,35,15,152,150,6,0.0375
85,28,4,3,35,16,162,164,7,0.04375
85,29,5,3,18,15,128,127,11,0.06875
85,30,6,3,9,13,113,111,9,0.05625
85,31,7,3,9,13,86,89,4,0.025
85,32,0,4,7,17,85,87,6,0.0375
85,33,1,4,8,18,103,103,7,0.04375
85,34,2,4,21,18,133,135,8,0.05
85,35,3,4,30,14,144,143,5,0.03125
85,36,4,4,32,14,160,157,8,0.05
85,37,5,4,17,21,131,135,6,0.0375
85,38,6,4,7,23,116,114,11,0.06875
85,39,7,4,5,17,84,86,3,0.01875
85,40,0,5,9,19,77,79,7,0.04375
85,41,1,5,5,18,92,92,9,0.05625
85,42,2,5,9,13,116,114,9,0.05625
85,43,3,5,24,8,125,123,11,0.06875
85,44,4,5,37,16,138,143,6,0.0375
85,45,5,5,20,17,128,127,10,0.0625
85,46,6,5,3,23,108,109,10,0.0625
85,47,7,5,11,11,83,82,4,0.025
85,48,0,6,13,11,68,62,9,0.05625
85,49,1,6,6,18,83,83,8,0.05
85,50,2,6,18,17,109,108,8,0.05
85,51,3,6,19,20,115,118,6,0.0375
85,52,4,6,42,13,127,126,9,0.05625
85,53,5,6,16,19,110,109,8,0.05
85,54,6,6,8,13,83,84,7,0.04375
85,55,7,6,13,24,73,70,6,0.0375
85,56,0,7,9,16,43,42,5,0.03125
85,57,1,7,6,13,58,59,8,0.05
85,58,2,7,26,22,96,94,8,0.05
85,59,3,7,28,17,102,101,6,0.0375
85,60,4,7,27,18,99,97,6,0.0375
85,61,5,7,19,15,79,79,7,0.04375
85,62,6,7,7,18,57,59,7,0.04375
85,63,7,7,11,11,36,38,3,0.01875
86,0,0,0,9,15,40,42,3,0.01875
86,1,1,0,9,14,63,64,6,0.0375
86,2,2,0,29,21,100,102,6,0.0375
86,3,3,0,44,12,113,113,4,0.025
86,4,4,0,18,20,97,98,6,0.0375
86,5,5,0,10,14,65,69,7,0.04375
86,6,6,0,6,28,61,61,6,0.0375
86,7,7,0,5,16,33,34,3,0.01875
86,8,0,1,4,19,61,64,4,0.025
86,9,1,1,6,18,72,76,7,0.04375
86,10,2,1,15,12,99,95,12,0.075
86,11,3,1,31,17,112,116,5,0.03125
86,12,4,1,22,21,119,121,7,0.04375
86,13,5,1,13,14,89,89,7,0.04375
86,14,6,1,7,16,79,83,8,0.05
86,15,7,1,5,14,50,50,4,0.025
86,16,0,2,14,15,83,83,6,0.0375
86,17,1,2,9,14,90,90,9,0.05625
86,18,2,2,13,17,113,120,6,0.0375
86,19,3,2,27,15,138,135,9,0.05625
86,20,4,2,35,15,149,150,7,0.04375
86,21,5,2,30,18,133,133,7,0.04375
86,22,6,2,15,12,105,109,6,0.0375
86,23,7,2,5,12,65,67,3,0.01875
86,24,0,3,5,26,92,89,3,0.01875
86,25,1,3,6,14,101,102,7,0.04375
86,26,2,3,29,11,136,136,9,0.05625
86,27,3,3,36,19,154,151,10,0.0625
86,28,4,3,24,17,150,147,8,0.05
86,29,5,3,13,20,134,136,10,0.0625
86,30,6,3,5,14,108,110,7,0.04375
86,31,7,3,8,16,82,80,4,0.025
86,32,0,4,13,17,92,93,5,0.03125
86,33,1,4,5,19,113,108,11,0.06875
86,34,2,4,19,22,138,140,7,0.04375
86,35,3,4,30,16,153,148,8,0.05
86,36,4,4,31,18,152,152,7,0.04375
86,37,5,4,11,20,139,136,8,0.05
86,38,6,4,11,15,106,109,8,0.05
86,39,7,4,3,19,88,88,5,0.03125
86,40,0,5,7,13,84,85,4,0.025
86,41,1,5,15,13,103,106,6,0.0375
86,42,2,5,15,25,130,132,7,0.04375
86,43,3,5,33,12,138,143,6,0.0375
86,44,4,5,31,14,147,143,9,0.05625
86,45,5,5,20,12,125,129,8,0.05
86,46,6,5,8,23,100,102,7,0.04375
86,47,7,5,10,15,85,83,6,0.0375
86,48,0,6,9,18,73,74,7,0.04375
86,49,1,6,10,15,94,93,9,0.05625
86,50,2,6,14,19,113,110,9,0.05625
86,51,3,6,35,16,137,132,10,0.0625
86,52,4,6,31,10,127,129,8,0.05
86,53,5,6,16,18,105,105,9,0.05625
86,54,6,6,11,15,78,79,7,0.04375
86,55,7,6,7,18,62,65,5,0.03125
86,56,0,7,10,18,42,43,5,0.03125
86,57,1,7,13,21,77,78,6,0.0375
86,58,2,7,21,18,90,93,6,0.0375
86,59,3,7,44,18,112,113,6,0.0375
86,60,4,7,32,23,111,109,8,0.05
86,61,5,7,14,22,82,81,8,0.05
86,62,6,7,10,15,52,51,8,0.05
86,63,7,7,3,15,32,31,4,0.025
87,0,0,0,28,22,70,70,4,0.025
87,1,1,0,20,32,113,110,7,0.04375
87,2,2,0,23,28,129,129,6,0.0375
87,3,3,0,38,27,155,153,7,0.04375
87,4,4,0,40,28,165,165,5,0.03125
87,5,5,0,31,35,150,150,8,0.05
87,6,6,0,21,28,111,111,8,0.05
87,7,7,0,21,25,65,63,5,0.03125
87,8,0,1,20,26,99,97,8,0.05
87,9,1,1,20,30,147,143,12,0.075
87,10,2,1,34,22,165,172,6,0.0375
87,11,3,1,42,39,205,201,8,0.05
87,12,4,1,24,21,191,195,5,0.03125
87,13,5,1,25,18,163,162,8,0.05
87,14,6,1,17,23,141,141,8,0.05
87,15,7,1,19,30,102,102,3,0.01875
87,16,0,2,28,18,118,117,6,0.0375
87,17,1,2,20,28,172,172,10,0.0625
87,18,2,2,32,25,207,209,4,0.025
87,19,3,2,37,25,220,224,5,0.03125
87,20,4,2,31,33,225,223,9,0.05625
87,21,5,2,27,14,173,173,8,0.05
87,22,6,2,25,20,169,165,11,0.06875
87,23,7,2,16,24,125,121,6,0.0375
87,24,0,3,20,23,131,132,5,0.03125
87,25,1,3,16,22,182,177,13,0.08125
87,26,2,3,28,28,212,209,13,0.08125
87,27,3,3,28,22,231,230,10,0.0625
87,28,4,3,37,32,238,240,7,0.04375
87,29,5,3,30,23,196,196,8,0.05
87,30,6,3,25,28,185,185,8,0.05
87,31,7,3,21,25,145,146,4,0.025
87,32,0,4,21,27,138,140,3,0.01875
87,33,1,4,20,23,192,189,14,0.0875
87,34,2,4,28,25,220,217,7,0.04375
87,35,3,4,34,24,228,231,7,0.04375
87,36,4,4,36,26,227,230,6,0.0375
87,37,5,4,29,24,202,198,11,0.06875
87,38,6,4,18,24,176,174,10,0.0625
87,39,7,4,19,22,142,135,10,0.0625
87,40,0,5,18,21,120,121,5,0.03125
87,41,1,5,23,29,172,166,10,0.0625
87,42,2,5,24,33,205,204,9,0.05625
87,43,3,5,38,30,230,228,9,0.05625
87,44,4,5,33,23,211,210,11,0.06875
87,45,5,5,38,31,190,191,7,0.04375
87,46,6,5,20,20,160,159,8,0.05
87,47,7,5,19,18,117,117,7,0.04375
87,48,0,6,20,22,95,100,4,0.025
87,49,1,6,21,14,139,138,10,0.0625
87,50,2,6,24,21,171,173,8,0.05
87,51,3,6,21,20,181,185,7,0.04375
87,52,4,6,32,23,170,169,9,0.05625
87,53,5,6,30,30,157,154,10,0.0625
87,54,6,6,18,30,137,139,5,0.03125
87,55,7,6,25,20,108,102,10,0.0625
87,56,0,7,19,25,58,59,4,0.025
87,57,1,7,23,31,108,107,8,0.05
87,58,2,7,26,25,132,131,6,0.0375
87,59,3,7,29,30,150,150,6,0.0375
87,60,4,7,30,25,142,143,6,0.0375
87,61,5,7,29,24,125,126,5,0.03125
87,62,6,7,18,18,91,93,5,0.03125
87,63,7,7,22,26,73,69,7,0.04375
88,0,0,0,5,16,38,38,4,0.025
88,1,1,0,12,9,52,52,7,0.04375
88,2,2,0,14,17,81,81,6,0.0375
88,3,3,0,31,19,103,104,6,0.0375
88,4,4,0,39,14,112,113,4,0.025
88,5,5,0,18,15,94,95,5,0.03125
88,6,6,0,12,16,77,76,7,0.04375
88,7,7,0,15,24,54,56,4,0.025
88,8,0,1,11,23,75,77,6,0.0375
88,9,1,1,12,22,84,85,10,0.0625
88,10,2,1,7,11,100,95,10,0.0625
88,11,3,1,28,13,117,120,6,0.0375
88,12,4,1,40,13,133,126,12,0.075
88,13,5,1,19,24,114,114,9,0.05625
88,14,6,1,7,21,88,83,13,0.08125
88,15,7,1,10,23,76,76,4,0.025
88,16,0,2,13,17,98,97,8,0.05
88,17,1,2,14,20,114,115,7,0.04375
88,18,2,2,27,19,134,133,6,0.0375
88,19,3,2,34,20,146,141,8,0.05
88,20,4,2,26,14,129,132,5,0.03125
88,21,5,2,10,15,110,112,6,0.0375
88,22,6,2,5,11,93,96,8,0.05
88,23,7,2,5,11,78,81,4,0.025
88,24,0,3,2,17,84,83,5,0.03125
88,25,1,3,5,14,99,102,8,0.05
88,26,2,3,14,12,112,118,7,0.04375
88,27,3,3,20,10,128,133,6,0.0375
88,28,4,3,35,12,147,144,9,0.05625
88,29,5,3,20,11,129,134,4,0.025
88,30,6,3,5,17,111,111,8,0.05
88,31,7,3,7,21,90,91,2,0.0125
88,32,0,4,9,14,76,76,2,0.0125
88,33,1,4,9,18,109,112,10,0.0625
88,34,2,4,14,14,126,128,7,0.04375
88,35,3,4,34,20,149,146,12,0.075
88,36,4,4,33,20,154,151,6,0.0375
88,37,5,4,18,11,126,134,5,0.03125
88,38,6,4,7,7,111,113,9,0.05625
88,39,7,4,5,14,89,94,6,0.0375
88,40,0,5,8,17,74,72,5,0.03125
88,41,1,5,3,15,103,103,10,0.0625
88,42,2,5,18,17,127,127,9,0.05625
88,43,3,5,30,18,144,140,11,0.06875
88,44,4,5,35,15,137,141,6,0.0375
88,45,5,5,14,15,121,119,6,0.0375
88,46,6,5,6,21,107,106,11,0.06875
88,47,7,5,9,14,90,88,9,0.05625
88,48,0,6,4,19,48,48,4,0.025
88,49,1,6,0,20,75,73,12,0.075
88,50,2,6,3,19,78,80,8,0.05
88,51,3,6,12,12,103,102,7,0.04375
88,52,4,6,26,17,112,115,6,0.0375
88,53,5,6,29,22,114,117,7,0.04375
88,54,6,6,13,11,93,90,9,0.05625
88,55,7,6,23,20,84,90,5,0.03125
88,56,0,7,8,10,29,27,4,0.025
88,57,1,7,10,19,64,65,7,0.04375
88,58,2,7,18,24,85,84,6,0.0375
88,59,3,7,27,17,103,102,7,0.04375
88,60,4,7,41,13,110,108,8,0.05
88,61,5,7,25,12,91,90,8,0.05
88,62,6,7,10,22,70,67,8,0.05
88,63,7,7,11,21,46,48,5,0.03125
89,0,0,0,13,10,35,35,4,0.025
89,1,1,0,8,20,67,68,7,0.04375
89,2,2,0,11,15,83,82,7,0.04375
89,3,3,0,33,16,101,100,8,0.05
89,4,4,0,32,16,103,101,7,0.04375
89,5,5,0,14,22,79,77,9,0.05625
89,6,6,0,11,17,51,50,10,0.0625
89,7,7,0,5,15,27,27,4,0.025
89,8,0,1,11,15,58,60,4,0.025
89,9,1,1,7,17,89,92,8,0.05
89,10,2,1,17,11,100,102,7,0.04375
89,11,3,1,29,21,122,120,8,0.05
89,12,4,1,37,15,130,128,11,0.06875
89,13,5,1,10,13,101,102,8,0.05
89,14,6,1,11,21,84,86,12,0.075
89,15,7,1,9,18,60,59,4,0.025
89,16,0,2,4,17,71,73,5,0.03125
89,17,1,2,4,22,95,92,11,0.06875
89,18,2,2,12,17,97,94,9,0.05625
89,19,3,2,23,10,119,121,9,0.05625
89,20,4,2,35,19,150,148,9,0.05625
89,21,5,2,22,12,130,127,9,0.05625
89,22,6,2,13,17,106,103,10,0.0625
89,23,7,2,16,14,85,83,6,0.0375
89,24,0,3,6,9,79,79,5,0.03125
89,25,1,3,7,15,99,98,11,0.06875
89,26,2,3,6,14,107,102,11,0.06875
89,27,3,3,26,16,129,126,8,0.05
89,28,4,3,37,17,158,159,9,0.05625
89,29,5,3,33,17,152,148,7,0.04375
89,30,6,3,15,20,129,129,9,0.05625
89,31,7,3,12,18,96,95,5,0.03125
89,32,0,4,7,15,90,87,6,0.0375
89,33,1,4,8,16,107,107,10,0.0625
89,34,2,4,15,23,127,127,7,0.04375
89,35,3,4,22,11,137,141,7,0.04375
89,36,4,4,34,20,165,166,7,0.04375
89,37,5,4,19,20,143,140,8,0.05
89,38,6,4,15,19,127,128,8,0.05
89,39,7,4,10,17,96,95,6,0.0375
89,40,0,5,7,15,81,82,6,0.0375
89,41,1,5,10,16,101,103,9,0.05625
89,42,2,5,10,13,118,118,9,0.05625
89,43,3,5,24,18,137,138,11,0.06875
89,44,4,5,39,17,154,153,5,0.03125
89,45,5,5,25,20,136,138,7,0.04375
89,46,6,5,11,19,118,117,9,0.05625
89,47,7,5,5,23,85,87,5,0.03125
89,48,0,6,4,23,60,60,4,0.025
89,49,1,6,9,11,65,70,6,0.0375
89,50,2,6,10,15,90,89,8,0.05
89,51,3,6,15,16,114,114,8,0.05
89,52,4,6,40,18,133,130,8,0.05
89,53,5,6,20,17,115,116,7,0.04375
89,54,6,6,11,17,96,94,9,0.05625
89,55,7,6,10,18,71,71,5,0.03125
89,56,0,7,9,15,36,37,4,0.025
89,57,1,7,11,8,54,52,7,0.04375
89,58,2,7,18,11,81,82,7,0.04375
89,59,3,7,25,20,108,107,8,0.05
89,60,4,7,34,17,103,107,4,0.025
89,61,5,7,21,16,88,87,8,0.05
89,62,6,7,13,19,68,69,7,0.04375
89,63,7,7,8,17,42,45,3,0.01875
90,0,0,0,4,14,25,25,4,0.025
90,1,1,0,4,15,38,38,8,0.05
90,2,2,0,9,13,55,55,8,0.05
90,3,3,0,10,11,72,72,8,0.05
90,4,4,0,43,17,105,104,6,0.0375
90,5,5,0,19,16,87,89,7,0.04375
90,6,6,0,9,18,65,67,8,0.05
90,7,7,0,11,18,41,41,4,0.025
90,8,0,1,4,14,52,49,7,0.04375
90,9,1,1,4,17,65,65,8,0.05
90,10,2,1,6,16,81,81,8,0.05
90,11,3,1,23,17,104,105,5,0.03125
90,12,4,1,34,15,117,122,8,0.05
90,13,5,1,19,19,107,105,9,0.05625
90,14,6,1,7,20,88,91,7,0.04375
90,15,7,1,10,21,69,69,5,0.03125
90,16,0,2,5,11,70,69,5,0.03125
90,17,1,2,6,7,80,84,7,0.04375
90,18,2,2,16,18,113,111,8,0.05
90,19,3,2,19,19,122,123,8,0.05
90,20,4,2,40,11,143,143,8,0.05
90,21,5,2,26,19,129,127,11,0.06875
90,22,6,2,8,16,106,108,9,0.05625
90,23,7,2,9,16,81,82,6,0.0375
90,24,0,3,8,15,85,87,4,0.025
90,25,1,3,1,11,93,95,8,0.05
90,26,2,3,20,16,124,128,8,0.05
90,27,3,3,34,16,141,142,7,0.04375
90,28,4,3,32,13,154,155,8,0.05
90,29,5,3,20,19,140,140,7,0.04375
90,30,6,3,9,18,117,116,9,0.05625
90,31,7,3,12,13,85,86,4,0.025
90,32,0,4,7,25,92,93,5,0.03125
90,33,1,4,7,11,91,94,8,0.05
90,34,2,4,18,11,127,122,10,0.0625
90,35,3,4,38,14,154,154,7,0.04375
90,36,4,4,36,17,158,160,6,0.0375
90,37,5,4,23,17,131,129,8,0.05
90,38,6,4,2,17,100,97,9,0.05625
90,39,7,4,7,23,77,80,5,0.03125
90,40,0,5,3,12,68,68,5,0.03125
90,41,1,5,5,21,87,87,9,0.05625
90,42,2,5,9,11,103,103,9,0.05625
90,43,3,5,34,17,145,148,4,0.025
90,44,4,5,38,15,149,151,5,0.03125
90,45,5,5,19,13,125,122,8,0.05
90,46,6,5,6,12,100,102,9,0.05625
90,47,7,5,10,12,74,76,4,0.025
90,48,0,6,4,8,48,47,5,0.03125
90,49,1,6,10,18,80,79,9,0.05625
90,50,2,6,12,17,95,93,9,0.05625
90,51,3,6,20,18,122,119,10,0.0625
90,52,4,6,31,24,126,123,11,0.06875
90,53,5,6,24,12,108,103,11,0.06875
90,54,6,6,15,17,93,90,12,0.075
90,55,7,6,13,18,60,59,5,0.03125
90,56,0,7,5,13,27,27,4,0.025
90,57,1,7,9,18,53,55,7,0.04375
90,58,2,7,16,16,77,79,4,0.025
90,59,3,7,36,13,102,103,6,0.0375
90,60,4,7,35,19,103,101,5,0.03125
90,61,5,7,20,11,82,84,6,0.0375
90,62,6,7,3,14,62,62,7,0.04375
90,63,7,7,15,16,42,41,4,0.025
91,0,0,0,5,13,35,34,5,0.03125
91,1,1,0,5,17,54,51,9,0.05625
91,2,2,0,17,16,79,79,8,0.05
91,3,3,0,39,22,119,120,5,0.03125
91,4,4,0,34,15,111,112,7,0.04375
91,5,5,0,24,11,85,84,7,0.04375
91,6,6,0,9,24,68,68,7,0.04375
91,7,7,0,8,16,36,35,5,0.03125
91,8,0,1,2,19,59,60,5,0.03125
91,9,1,1,6,10,61,61,8,0.05
91,10,2,1,10,10,84,85,7,0.04375
91,11,3,1,18,21,121,119,8,0.05
91,12,4,1,30,17,122,122,8,0.05
91,13,5,1,23,14,103,101,10,0.0625
91,14,6,1,15,14,94,93,9,0.05625
91,15,7,1,14,12,63,63,3,0.01875
91,16,0,2,7,16,78,81,3,0.01875
91,17,1,2,9,16,87,86,8,0.05
91,18,2,2,12,15,101,104,7,0.04375
91,19,3,2,20,14,139,135,9,0.05625
91,20,4,2,39,14,148,149,6,0.0375
91,21,5,2,16,15,117,119,9,0.05625
91,22,6,2,13,18,112,111,9,0.05625
91,23,7,2,11,17,84,85,5,0.03125
91,24,0,3,5,16,91,90,5,0.03125
91,25,1,3,7,18,102,103,6,0.0375
91,26,2,3,4,14,109,108,8,0.05
91,27,3,3,31,11,149,144,11,0.06875
91,28,4,3,37,15,152,151,9,0.05625
91,29,5,3,18,18,130,130,8,0.05
91,30,6,3,13,14,111,110,9,0.05625
91,31,7,3,6,16,87,85,4,0.025
91,32,0,4,6,16,90,88,6,0.0375
91,33,1,4,6,11,107,108,8,0.05
91,34,2,4,14,14,120,124,9,0.05625
91,35,3,4,35,17,163,161,9,0.05625
91,36,4,4,37,19,162,161,5,0.03125
91,37,5,4,16,12,130,129,9,0.05625
91,38,6,4,13,17,112,114,7,0.04375
91,39,7,4,7,23,93,92,4,0.025
91,40,0,5,9,10,79,81,4,0.025
91,41,1,5,11,17,103,104,9,0.05625
91,42,2,5,17,18,123,126,7,0.04375
91,43,3,5,26,20,148,144,11,0.06875
91,44,4,5,36,20,156,156,5,0.03125
91,45,5,5,15,24,125,126,8,0.05
91,46,6,5,10,21,101,101,7,0.04375
91,47,7,5,5,18,87,86,5,0.03125
91,48,0,6,10,18,62,63,4,0.025
91,49,1,6,2,15,59,61,7,0.04375
91,50,2,6,8,21,88,91,7,0.04375
91,51,3,6,19,17,112,115,6,0.0375
91,52,4,6,30,14,114,122,5,0.03125
91,53,5,6,21,15,96,101,7,0.04375
91,54,6,6,7,11,74,78,10,0.0625
91,55,7,6,7,15,75,73,7,0.04375
91,56,0,7,9,15,38,40,3,0.01875
91,57,1,7,11,16,57,56,8,0.05
91,58,2,7,15,15,75,73,6,0.0375
91,59,3,7,31,17,105,104,7,0.04375
91,60,4,7,38,19,118,117,8,0.05
91,61,5,7,19,19,90,89,7,0.04375
91,62,6,7,16,11,61,64,4,0.025
91,63,7,7,5,18,45,45,4,0.025
92,0,0,0,4,13,31,32,4,0.025
92,1,1,0,6,21,55,58,6,0.0375
92,2,2,0,13,20,71,71,7,0.04375
92,3,3,0,27,16,97,97,7,0.04375
92,4,4,0,34,20,113,115,6,0.0375
92,5,5,0,29,21,107,107,6,0.0375
92,6,6,0,12,17,71,71,8,0.05
92,7,7,0,13,11,44,46,3,0.01875
92,8,0,1,7,12,49,52,3,0.01875
92,9,1,1,7,13,75,75,8,0.05
92,10,2,1,17,19,104,106,5,0.03125
92,11,3,1,41,20,138,140,7,0.04375
92,12,4,1,28,18,131,131,6,0.0375
92,13,5,1,24,15,115,119,7,0.04375
92,14,6,1,12,19,88,87,8,0.05
92,15,7,1,9,14,63,61,6,0.0375
92,16,0,2,12,14,66,66,3,0.01875
92,17,1,2,5,15,88,89,7,0.04375
92,18,2,2,21,18,130,129,9,0.05625
92,19,3,2,33,23,156,160,7,0.04375
92,20,4,2,24,19,145,143,9,0.05625
92,21,5,2,16,24,134,135,8,0.05
92,22,6,2,10,18,94,98,6,0.0375
92,23,7,2,4,18,74,72,6,0.0375
92,24,0,3,3,11,66,66,4,0.025
92,25,1,3,7,17,93,93,7,0.04375
92,26,2,3,13,16,124,124,9,0.05625
92,27,3,3,27,13,150,156,8,0.05
92,28,4,3,39,17,160,161,8,0.05
92,29,5,3,17,17,152,150,8,0.05
92,30,6,3,11,22,121,122,8,0.05
92,31,7,3,9,16,87,87,5,0.03125
92,32,0,4,10,18,75,78,5,0.03125
92,33,1,4,12,12,103,104,7,0.04375
92,34,2,4,18,24,141,141,7,0.04375
92,35,3,4,36,23,166,167,7,0.04375
92,36,4,4,30,15,149,149,7,0.04375
92,37,5,4,12,12,135,135,10,0.0625
92,38,6,4,15,16,111,109,10,0.0625
92,39,7,4,10,14,96,94,7,0.04375
92,40,0,5,10,14,69,67,5,0.03125
92,41,1,5,8,19,103,102,8,0.05
92,42,2,5,22,21,132,132,6,0.0375
92,43,3,5,35,22,151,156,7,0.04375
92,44,4,5,39,15,143,145,4,0.025
92,45,5,5,14,15,130,126,11,0.06875
92,46,6,5,5,18,94,96,8,0.05
92,47,7,5,10,22,96,95,7,0.04375
92,48,0,6,3,17,50,49,5,0.03125
92,49,1,6,11,19,83,80,9,0.05625
92,50,2,6,12,14,101,101,7,0.04375
92,51,3,6,28,17,119,116,12,0.075
92,52,4,6,32,22,137,135,6,0.0375
92,53,5,6,29,19,127,124,10,0.0625
92,54,6,6,13,15,85,87,7,0.04375
92,55,7,6,11,26,81,78,10,0.0625
92,56,0,7,9,13,34,32,4,0.025
92,57,1,7,5,19,57,57,8,0.05
92,58,2,7,17,18,86,86,7,0.04375
92,59,3,7,32,17,104,106,6,0.0375
92,60,4,7,39,19,115,114,8,0.05
92,61,5,7,18,25,96,95,7,0.04375
92,62,6,7,7,19,66,63,8,0.05
92,63,7,7,20,16,49,49,4,0.025
93,0,0,0,23,21,57,58,3,0.01875
93,1,1,0,18,32,99,100,6,0.0375
93,2,2,0,22,23,125,125,7,0.04375
93,3,3,0,41,20,150,150,7,0.04375
93,4,4,0,26,29,156,153,8,0.05
93,5,5,0,36,25,139,141,6,0.0375
93,6,6,0,15,33,106,104,8,0.05
93,7,7,0,23,22,63,59,6,0.0375
93,8,0,1,18,28,91,89,5,0.03125
93,9,1,1,20,17,130,130,8,0.05
93,10,2,1,31,23,165,161,10,0.0625
93,11,3,1,38,23,186,181,11,0.06875
93,12,4,1,31,33,187,184,11,0.06875
93,13,5,1,25,23,168,166,8,0.05
93,14,6,1,17,24,142,140,12,0.075
93,15,7,1,17,26,94,97,4,0.025
93,16,0,2,23,19,117,113,6,0.0375
93,17,1,2,22,22,157,154,9,0.05625
93,18,2,2,24,23,181,180,8,0.05
93,19,3,2,36,21,215,213,7,0.04375
93,20,4,2,34,24,219,221,8,0.05
93,21,5,2,27,25,197,197,7,0.04375
93,22,6,2,16,21,172,167,11,0.06875
93,23,7,2,24,24,129,130,6,0.0375
93,24,0,3,20,16,120,121,4,0.025
93,25,1,3,18,20,163,162,9,0.05625
93,26,2,3,21,18,193,191,9,0.05625
93,27,3,3,31,21,222,224,5,0.03125
93,28,4,3,38,22,237,235,9,0.05625
93,29,5,3,26,28,219,217,11,0.06875
93,30,6,3,14,28,183,181,10,0.0625
93,31,7,3,25,22,143,141,7,0.04375
93,32,0,4,19,31,118,118,4,0.025
93,33,1,4,14,26,160,158,9,0.05625
93,34,2,4,37,21,196,192,10,0.0625
93,35,3,4,32,25,224,227,4,0.025
93,36,4,4,40,26,238,236,8,0.05
93,37,5,4,21,24,223,226,8,0.05
93,38,6,4,23,29,197,199,9,0.05625
93,39,7,4,28,34,149,151,5,0.03125
93,40,0,5,22,27,102,104,4,0.025
93,41,1,5,18,28,154,154,10,0.0625
93,42,2,5,21,26,185,183,7,0.04375
93,43,3,5,39,27,230,232,5,0.03125
93,44,4,5,35,24,224,223,5,0.03125
93,45,5,5,32,34,216,219,9,0.05625
93,46,6,5,18,23,172,168,11,0.06875
93,47,7,5,24,29,138,141,3,0.01875
93,48,0,6,21,17,85,86,4,0.025
93,49,1,6,16,24,143,145,8,0.05
93,50,2,6,23,27,168,168,7,0.04375
93,51,3,6,42,29,206,209,8,0.05
93,52,4,6,32,24,191,189,8,0.05
93,53,5,6,29,27,186,188,6,0.0375
93,54,6,6,17,27,144,143,9,0.05625
93,55,7,6,21,29,117,122,5,0.03125
93,56,0,7,21,18,53,55,3,0.01875
93,57,1,7,22,33,108,109,6,0.0375
93,58,2,7,27,30,139,139,7,0.04375
93,59,3,7,46,28,170,170,6,0.0375
93,60,4,7,35,21,155,160,3,0.01875
93,61,5,7,27,31,141,143,6,0.0375
93,62,6,7,18,30,100,99,8,0.05
93,63,7,7,19,32,70,69,5,0.03125
94,0,0,0,14,15,49,47,5,0.03125
94,1,1,0,10,16,68,68,7,0.04375
94,2,2,0,16,15,84,82,9,0.05625
94,3,3,0,37,11,101,100,6,0.0375
94,4,4,0,41,25,113,113,9,0.05625
94,5,5,0,14,15,84,81,8,0.05
94,6,6,0,14,13,60,61,8,0.05
94,7,7,0,8,17,41,44,4,0.025
94,8,0,1,5,13,64,63,6,0.0375
94,9,1,1,5,13,79,75,9,0.05625
94,10,2,1,15,18,100,103,7,0.04375
94,11,3,1,24,13,109,113,7,0.04375
94,12,4,1,29,14,124,126,9,0.05625
94,13,5,1,23,13,112,109,12,0.075
94,14,6,1,10,23,90,90,11,0.06875
94,15,7,1,11,24,75,75,4,0.025
94,16,0,2,8,17,73,75,6,0.0375
94,17,1,2,14,19,98,99,9,0.05625
94,18,2,2,16,17,121,124,6,0.0375
94,19,3,2,21,20,140,140,7,0.04375
94,20,4,2,37,19,152,148,10,0.0625
94,21,5,2,24,16,128,128,7,0.04375
94,22,6,2,7,28,111,109,12,0.075
94,23,7,2,16,17,87,87,5,0.03125
94,24,0,3,9,17,89,85,7,0.04375
94,25,1,3,3,17,108,108,9,0.05625
94,26,2,3,18,20,137,136,10,0.0625
94,27,3,3,28,15,153,149,8,0.05
94,28,4,3,37,20,150,151,9,0.05625
94,29,5,3,17,16,128,133,8,0.05
94,30,6,3,10,14,105,105,10,0.0625
94,31,7,3,7,19,82,85,4,0.025
94,32,0,4,6,13,84,83,4,0.025
94,33,1,4,7,13,100,99,9,0.05625
94,34,2,4,11,21,129,131,8,0.05
94,35,3,4,24,21,153,150,8,0.05
94,36,4,4,38,14,156,158,6,0.0375
94,37,5,4,29,16,152,151,7,0.04375
94,38,6,4,11,19,116,116,7,0.04375
94,39,7,4,10,23,94,94,5,0.03125
94,40,0,5,10,12,78,76,5,0.03125
94,41,1,5,12,16,100,99,9,0.05625
94,42,2,5,20,16,130,131,5,0.03125
94,43,3,5,33,19,148,145,8,0.05
94,44,4,5,37,24,152,150,6,0.0375
94,45,5,5,15,19,125,126,8,0.05
94,46,6,5,5,18,94,97,8,0.05
94,47,7,5,12,8,76,75,4,0.025
94,48,0,6,8,20,61,61,4,0.025
94,49,1,6,9,14,73,72,9,0.05625
94,50,2,6,15,20,102,104,6,0.0375
94,51,3,6,26,11,112,114,5,0.03125
94,52,4,6,31,16,126,127,7,0.04375
94,53,5,6,13,17,107,105,8,0.05
94,54,6,6,7,16,85,85,8,0.05
94,55,7,6,8,16,61,63,4,0.025
94,56,0,7,9,14,39,37,4,0.025
94,57,1,7,4,12,53,52,8,0.05
94,58,2,7,21,16,89,88,7,0.04375
94,59,3,7,35,15,108,108,5,0.03125
94,60,4,7,28,17,108,105,6,0.0375
94,61,5,7,22,19,93,93,6,0.0375
94,62,6,7,10,23,74,75,8,0.05
94,63,7,7,11,22,49,50,3,0.01875
95,0,0,0,11,14,43,44,3,0.01875
95,1,1,0,10,23,72,70,8,0.05
95,2,2,0,12,18,83,85,7,0.04375
95,3,3,0,44,17,113,112,8,0.05
95,4,4,0,37,18,109,109,9,0.05625
95,5,5,0,13,13,81,80,9,0.05625
95,6,6,0,7,20,71,72,8,0.05
95,7,7,0,12,10,38,37,4,0.025
95,8,0,1,3,20,58,59,5,0.03125
95,9,1,1,6,15,75,79,7,0.04375
95,10,2,1,6,16,86,86,6,0.0375
95,11,3,1,13,27,110,112,6,0.0375
95,12,4,1,27,12,113,117,6,0.0375
95,13,5,1,26,12,101,107,4,0.025
95,14,6,1,15,15,93,93,12,0.075
95,15,7,1,11,20,65,60,8,0.05
95,16,0,2,7,8,68,69,4,0.025
95,17,1,2,5,16,99,101,7,0.04375
95,18,2,2,20,17,115,114,6,0.0375
95,19,3,2,23,12,133,137,6,0.0375
95,20,4,2,37,16,146,146,9,0.05625
95,21,5,2,20,11,111,115,4,0.025
95,22,6,2,15,10,109,111,10,0.0625
95,23,7,2,10,17,82,81,7,0.04375
95,24,0,3,5,16,78,81,4,0.025
95,25,1,3,11,18,118,117,9,0.05625
95,26,2,3,15,7,121,122,10,0.0625
95,27,3,3,34,13,159,158,8,0.05
95,28,4,3,36,21,158,157,8,0.05
95,29,5,3,9,16,112,110,8,0.05
95,30,6,3,9,26,117,119,9,0.05625
95,31,7,3,5,15,89,87,6,0.0375
95,32,0,4,10,14,83,84,5,0.03125
95,33,1,4,8,31,119,119,9,0.05625
95,34,2,4,24,16,127,130,6,0.0375
95,35,3,4,37,22,162,165,6,0.0375
95,36,4,4,32,15,164,162,9,0.05625
95,37,5,4,22,16,122,125,6,0.0375
95,38,6,4,16,16,115,116,7,0.04375
95,39,7,4,6,22,94,92,7,0.04375
95,40,0,5,6,22,73,74,5,0.03125
95,41,1,5,8,22,103,107,7,0.04375
95,42,2,5,17,22,117,116,7,0.04375
95,43,3,5,29,13,134,135,8,0.05
95,44,4,5,33,17,141,139,7,0.04375
95,45,5,5,10,16,95,96,7,0.04375
95,46,6,5,8,16,88,87,9,0.05625
95,47,7,5,2,22,76,74,7,0.04375
95,48,0,6,5,13,50,48,5,0.03125
95,49,1,6,10,14,74,75,7,0.04375
95,50,2,6,10,17,86,85,7,0.04375
95,51,3,6,41,12,122,116,12,0.075
95,52,4,6,29,19,123,121,8,0.05
95,53,5,6,7,15,86,89,8,0.05
95,54,6,6,9,21,80,81,8,0.05
95,55,7,6,6,20,68,68,4,0.025
95,56,0,7,8,21,41,42,4,0.025
95,57,1,7,10,15,58,57,8,0.05
95,58,2,7,12,10,71,70,7,0.04375
95,59,3,7,36,16,107,107,6,0.0375
95,60,4,7,36,13,105,104,6,0.0375
95,61,5,7,14,13,78,76,8,0.05
95,62,6,7,5,12,62,61,8,0.05
95,63,7,7,16,13,48,48,4,0.025
96,0,0,0,8,19,36,36,3,0.01875
96,1,1,0,7,17,54,52,10,0.0625
96,2,2,0,15,9,75,74,7,0.04375
96,3,3,0,33,19,111,115,5,0.03125
96,4,4,0,39,18,111,114,4,0.025
96,5,5,0,20,14,83,86,7,0.04375
96,6,6,0,5,17,63,62,8,0.05
96,7,7,0,9,19,44,45,4,0.025
96,8,0,1,2,17,52,52,5,0.03125
96,9,1,1,1,19,63,62,9,0.05625
96,10,2,1,10,13,82,80,8,0.05
96,11,3,1,17,20,115,115,7,0.04375
96,12,4,1,28,17,124,122,7,0.04375
96,13,5,1,21,26,124,121,9,0.05625
96,14,6,1,21,21,108,111,10,0.0625
96,15,7,1,18,19,78,81,6,0.0375
96,16,0,2,4,11,70,71,4,0.025
96,17,1,2,6,16,90,89,8,0.05
96,18,2,2,14,21,120,121,7,0.04375
96,19,3,2,28,19,150,147,8,0.05
96,20,4,2,33,14,145,147,8,0.05
96,21,5,2,30,17,150,148,7,0.04375
96,22,6,2,12,9,119,120,8,0.05
96,23,7,2,10,10,90,86,9,0.05625
96,24,0,3,12,8,77,79,3,0.01875
96,25,1,3,3,21,108,109,8,0.05
96,26,2,3,23,10,140,142,6,0.0375
96,27,3,3,43,8,163,165,8,0.05
96,28,4,3,21,21,144,146,7,0.04375
96,29,5,3,20,15,135,135,7,0.04375
96,30,6,3,8,20,118,120,7,0.04375
96,31,7,3,9,21,96,97,5,0.03125
96,32,0,4,11,14,80,79,4,0.025
96,33,1,4,11,12,110,110,8,0.05
96,34,2,4,17,21,139,139,6,0.0375
96,35,3,4,33,18,156,154,8,0.05
96,36,4,4,39,11,153,154,7,0.04375
96,37,5,4,16,9,116,113,7,0.04375
96,38,6,4,6,14,107,104,9,0.05625
96,39,7,4,11,11,96,98,5,0.03125
96,40,0,5,10,22,79,77,6,0.0375
96,41,1,5,12,11,99,97,9,0.05625
96,42,2,5,23,22,139,137,9,0.05625
96,43,3,5,37,19,152,149,8,0.05
96,44,4,5,19,15,134,134,10,0.0625
96,45,5,5,11,12,104,103,7,0.04375
96,46,6,5,6,15,91,92,9,0.05625
96,47,7,5,8,17,85,85,6,0.0375
96,48,0,6,12,17,64,65,5,0.03125
96,49,1,6,3,21,83,82,7,0.04375
96,50,2,6,19,16,105,105,5,0.03125
96,51,3,6,39,18,124,124,10,0.0625
96,52,4,6,23,20,111,113,8,0.05
96,53,5,6,15,16,90,87,8,0.05
96,54,6,6,5,26,79,76,10,0.0625
96,55,7,6,9,15,71,69,5,0.03125
96,56,0,7,12,16,38,39,3,0.01875
96,57,1,7,7,20,57,58,7,0.04375
96,58,2,7,15,15,68,69,8,0.05
96,59,3,7,32,16,97,93,10,0.0625
96,60,4,7,32,10,102,103,7,0.04375
96,61,5,7,19,13,81,83,5,0.03125
96,62,6,7,13,16,59,60,7,0.04375
96,63,7,7,6,25,47,46,4,0.025
97,0,0,0,10,14,39,39,3,0.01875
97,1,1,0,5,15,52,56,7,0.04375
97,2,2,0,15,17,80,80,7,0.04375
97,3,3,0,32,16,106,105,4,0.025
97,4,4,0,36,18,119,117,7,0.04375
97,5,5,0,19,15,88,86,9,0.05625
97,6,6,0,15,16,62,65,6,0.0375
97,7,7,0,6,21,46,46,3,0.01875
97,8,0,1,5,12,58,59,4,0.025
97,9,1,1,3,17,71,71,6,0.0375
97,10,2,1,8,9,85,85,8,0.05
97,11,3,1,20,14,102,100,7,0.04375
97,12,4,1,30,15,120,117,10,0.0625
97,13,5,1,21,7,85,87,7,0.04375
97,14,6,1,4,22,71,70,9,0.05625
97,15,7,1,9,16,68,67,6,0.0375
97,16,0,2,5,15,82,78,7,0.04375
97,17,1,2,4,20,93,92,9,0.05625
97,18,2,2,10,18,110,109,7,0.04375
97,19,3,2,32,20,140,140,7,0.04375
97,20,4,2,34,13,148,147,10,0.0625
97,21,5,2,23,19,130,128,6,0.0375
97,22,6,2,10,13,100,100,10,0.0625
97,23,7,2,10,20,88,93,5,0.03125
97,24,0,3,12,17,99,96,6,0.0375
97,25,1,3,8,12,99,101,6,0.0375
97,26,2,3,20,11,128,129,6,0.0375
97,27,3,3,37,22,164,168,4,0.025
97,28,4,3,28,25,164,163,7,0.04375
97,29,5,3,18,17,130,133,6,0.0375
97,30,6,3,8,13,109,107,8,0.05
97,31,7,3,8,17,101,100,5,0.03125
97,32,0,4,12,16,100,101,4,0.025
97,33,1,4,6,9,105,106,8,0.05
97,34,2,4,23,11,138,137,9,0.05625
97,35,3,4,32,24,167,166,8,0.05
97,36,4,4,40,25,159,164,4,0.025
97,37,5,4,19,13,130,128,9,0.05625
97,38,6,4,14,10,103,104,7,0.04375
97,39,7,4,5,18,95,94,6,0.0375
97,40,0,5,10,23,87,87,6,0.0375
97,41,1,5,5,27,105,106,7,0.04375
97,42,2,5,17,15,120,122,6,0.0375
97,43,3,5,31,11,151,153,9,0.05625
97,44,4,5,33,14,147,146,8,0.05
97,45,5,5,18,11,106,107,6,0.0375
97,46,6,5,4,14,86,87,7,0.04375
97,47,7,5,9,17,84,84,6,0.0375
97,48,0,6,7,9,62,62,5,0.03125
97,49,1,6,10,17,89,91,7,0.04375
97,50,2,6,25,15,115,115,7,0.04375
97,51,3,6,39,18,141,143,8,0.05
97,52,4,6,26,23,123,124,6,0.0375
97,53,5,6,13,15,86,88,7,0.04375
97,54,6,6,7,23,76,79,7,0.04375
97,55,7,6,5,19,61,60,6,0.0375
97,56,0,7,6,17,40,38,5,0.03125
97,57,1,7,9,14,59,60,7,0.04375
97,58,2,7,23,20,89,88,8,0.05
97,59,3,7,32,19,101,103,8,0.05
97,60,4,7,28,16,95,95,6,0.0375
97,61,5,7,20,17,79,79,6,0.0375
97,62,6,7,6,19,62,61,8,0.05
97,63,7,7,8,13,32,33,4,0.025
98,0,0,0,31,27,78,74,8,0.05
98,1,1,0,21,28,112,109,9,0.05625
98,2,2,0,32,26,136,137,6,0.0375
98,3,3,0,32,22,143,141,6,0.0375
98,4,4,0,28,27,141,140,9,0.05625
98,5,5,0,35,20,125,127,6,0.0375
98,6,6,0,14,29,104,102,7,0.04375
98,7,7,0,20,27,71,71,4,0.025
98,8,0,1,22,29,109,101,12,0.075
98,9,1,1,22,22,136,134,11,0.06875
98,10,2,1,31,29,172,173,8,0.05
98,11,3,1,29,19,170,168,8,0.05
98,12,4,1,32,23,177,181,6,0.0375
98,13,5,1,23,27,165,163,8,0.05
98,14,6,1,19,29,148,151,8,0.05
98,15,7,1,19,31,114,112,7,0.04375
98,16,0,2,22,25,127,126,7,0.04375
98,17,1,2,21,27,161,162,9,0.05625
98,18,2,2,21,25,203,201,9,0.05625
98,19,3,2,39,23,208,206,9,0.05625
98,20,4,2,38,30,210,212,8,0.05
98,21,5,2,16,18,174,173,7,0.04375
98,22,6,2,16,24,167,164,11,0.06875
98,23,7,2,19,26,134,134,5,0.03125
98,24,0,3,22,26,144,143,7,0.04375
98,25,1,3,23,23,175,175,6,0.0375
98,26,2,3,29,25,214,214,6,0.0375
98,27,3,3,33,38,232,228,8,0.05
98,28,4,3,34,31,227,230,6,0.0375
98,29,5,3,19,26,193,191,8,0.05
98,30,6,3,15,23,167,166,10,0.0625
98,31,7,3,20,21,135,137,4,0.025
98,32,0,4,18,27,145,140,9,0.05625
98,33,1,4,23,21,176,177,8,0.05
98,34,2,4,33,20,216,217,7,0.04375
98,35,3,4,32,33,233,232,9,0.05625
98,36,4,4,34,23,237,230,10,0.0625
98,37,5,4,34,25,203,206,7,0.04375
98,38,6,4,20,17,168,166,11,0.06875
98,39,7,4,19,19,123,123,5,0.03125
98,40,0,5,27,21,124,128,2,0.0125
98,41,1,5,18,24,167,167,6,0.0375
98,42,2,5,26,25,191,189,8,0.05
98,43,3,5,31,16,203,205,6,0.0375
98,44,4,5,40,24,236,238,7,0.04375
98,45,5,5,26,21,188,189,7,0.04375
98,46,6,5,21,20,161,158,9,0.05625
98,47,7,5,21,16,113,116,4,0.025
98,48,0,6,21,22,96,96,5,0.03125
98,49,1,6,15,33,137,137,5,0.03125
98,50,2,6,24,24,164,161,8,0.05
98,51,3,6,46,25,193,192,10,0.0625
98,52,4,6,35,26,188,190,4,0.025
98,53,5,6,21,24,145,145,9,0.05625
98,54,6,6,9,28,124,124,7,0.04375
98,55,7,6,16,29,92,93,5,0.03125
98,56,0,7,20,23,62,64,3,0.01875
98,57,1,7,24,22,98,98,7,0.04375
98,58,2,7,20,32,124,126,6,0.0375
98,59,3,7,35,21,140,144,4,0.025
98,60,4,7,30,31,147,147,7,0.04375
98,61,5,7,30,27,131,131,7,0.04375
98,62,6,7,24,29,104,105,8,0.05
98,63,7,7,18,26,63,63,3,0.01875
99,0,0,0,13,12,33,34,6,0.0375
99,1,1,0,16,18,58,58,10,0.0625
99,2,2,0,32,17,86,83,8,0.05
99,3,3,0,28,17,86,86,7,0.04375
99,4,4,0,11,19,73,74,7,0.04375
99,5,5,0,3,14,55,54,8,0.05
99,6,6,0,7,16,54,54,8,0.05
99,7,7,0,5,17,38,37,4,0.025
99,8,0,1,11,15,59,63,8,0.05
99,9,1,1,14,18,84,85,8,0.05
99,10,2,1,30,12,117,119,5,0.03125
99,11,3,1,25,15,120,123,7,0.04375
99,12,4,1,22,15,107,105,9,0.05625
99,13,5,1,13,8,80,79,9,0.05625
99,14,6,1,8,17,71,69,9,0.05625
99,15,7,1,4,17,57,61,4,0.025
99,16,0,2,4,16,72,76,4,0.025
99,17,1,2,11,13,88,90,7,0.04375
99,18,2,2,18,13,121,121,9,0.05625
99,19,3,2,35,18,146,150,4,0.025
99,20,4,2,24,13,117,116,9,0.05625
99,21,5,2,15,18,105,107,8,0.05
99,22,6,2,7,15,83,88,7,0.04375
99,23,7,2,3,21,82,84,3,0.01875
99,24,0,3,12,24,97,99,4,0.025
99,25,1,3,14,12,101,100,7,0.04375
99,26,2,3,18,17,131,132,7,0.04375
99,27,3,3,34,24,166,168,7,0.04375
99,28,4,3,32,13,133,132,6,0.0375
99,29,5,3,17,11,123,122,9,0.05625
99,30,6,3,15,21,117,119,8,0.05
99,31,7,3,8,14,94,91,6,0.0375
99,32,0,4,9,20,90,94,4,0.025
99,33,1,4,10,13,97,97,7,0.04375
99,34,2,4,20,16,131,129,8,0.05
99,35,3,4,29,16,148,148,9,0.05625
99,36,4,4,41,10,133,137,6,0.0375
99,37,5,4,16,11,116,118,6,0.0375
99,38,6,4,7,11,106,111,7,0.04375
99,39,7,4,4,19,90,90,7,0.04375
99,40,0,5,8,18,83,81,4,0.025
99,41,1,5,5,10,79,78,8,0.05
99,42,2,5,7,18,107,109,7,0.04375
99,43,3,5,29,15,137,136,7,0.04375
99,44,4,5,35,15,134,133,9,0.05625
99,45,5,5,21,9,113,108,10,0.0625
99,46,6,5,11,12,104,106,8,0.05
99,47,7,5,6,15,85,83,6,0.0375
99,48,0,6,11,19,58,58,5,0.03125
99,49,1,6,13,8,68,66,7,0.04375
99,50,2,6,23,20,103,106,7,0.04375
99,51,3,6,45,20,125,125,9,0.05625
99,52,4,6,23,16,101,98,7,0.04375
99,53,5,6,4,14,76,74,8,0.05
99,54,6,6,1,20,78,77,9,0.05625
99,55,7,6,4,25,65,66,5,0.03125
99,56,0,7,7,14,25,24,4,0.025
99,57,1,7,4,14,39,37,9,0.05625
99,58,2,7,7,16,55,56,6,0.0375
99,59,3,7,39,16,86,81,9,0.05625
99,60,4,7,20,20,83,83,7,0.04375
99,61,5,7,9,14,64,63,6,0.0375
99,62,6,7,4,21,55,54,8,0.05
99,63,7,7,5,13,34,32,5,0.03125
100,0,0,0,15,14,42,41,7,0.04375
100,1,1,0,15,28,76,76,9,0.05625
100,2,2,0,27,12,80,82,9,0.05625
100,3,3,0,26,19,87,88,7,0.04375
100,4,4,0,8,13,68,69,6,0.0375
100,5,5,0,6,18,62,61,8,0.05
100,6,6,0,2,11,41,40,9,0.05625
100,7,7,0,6,23,37,38,3,0.01875
100,8,0,1,8,12,59,60,7,0.04375
100,9,1,1,9,18,91,92,7,0.04375
100,10,2,1,24,20,107,106,7,0.04375
100,11,3,1,34,14,122,122,7,0.04375
100,12,4,1,22,16,110,112,6,0.0375
100,13,5,1,13,16,93,96,8,0.05
100,14,6,1,2,17,64,66,8,0.05
100,15,7,1,2,12,57,57,4,0.025
100,16,0,2,18,15,93,90,7,0.04375
100,17,1,2,11,10,112,109,9,0.05625
100,18,2,2,24,12,133,133,8,0.05
100,19,3,2,41,11,146,142,9,0.05625
100,20,4,2,22,15,127,132,4,0.025
100,21,5,2,12,15,104,105,5,0.03125
100,22,6,2,4,8,72,70,9,0.05625
100,23,7,2,5,16,75,73,5,0.03125
100,24,0,3,11,20,95,93,5,0.03125
100,25,1,3,7,11,101,99,10,0.0625
100,26,2,3,14,14,122,121,7,0.04375
100,27,3,3,30,16,146,145,6,0.0375
100,28,4,3,37,22,156,160,3,0.01875
100,29,5,3,23,14,132,133,7,0.04375
100,30,6,3,6,12,94,94,9,0.05625
100,31,7,3,9,15,90,92,5,0.03125
100,32,0,4,4,25,98,99,4,0.025
100,33,1,4,8,16,112,110,9,0.05625
100,34,2,4,21,18,133,136,6,0.0375
100,35,3,4,37,20,151,155,5,0.03125
100,36,4,4,36,21,158,156,7,0.04375
100,37,5,4,28,12,135,131,9,0.05625
100,38,6,4,6,24,110,111,6,0.0375
100,39,7,4,9,14,91,89,7,0.04375
100,40,0,5,2,13,77,77,4,0.025
100,41,1,5,7,13,80,80,9,0.05625
100,42,2,5,16,11,111,110,9,0.05625
100,43,3,5,25,14,138,133,11,0.06875
100,44,4,5,38,20,153,154,7,0.04375
100,45,5,5,15,17,118,118,10,0.0625
100,46,6,5,6,7,87,90,6,0.0375
100,47,7,5,8,12,71,73,4,0.025
100,48,0,6,9,19,72,72,5,0.03125
100,49,1,6,8,14,74,73,8,0.05
100,50,2,6,23,14,111,110,6,0.0375
100,51,3,6,33,10,129,133,8,0.05
100,52,4,6,23,21,120,121,6,0.0375
100,53,5,6,15,16,88,93,6,0.0375
100,54,6,6,13,17,70,70,9,0.05625
100,55,7,6,3,12,50,49,6,0.0375
100,56,0,7,10,19,43,44,3,0.01875
100,57,1,7,7,18,54,56,6,0.0375
100,58,2,7,26,23,80,80,6,0.0375
100,59,3,7,30,23,99,99,9,0.05625
100,60,4,7,24,22,89,90,6,0.0375
100,61,5,7,7,13,63,63,6,0.0375
100,62,6,7,5,13,47,47,9,0.05625
100,63,7,7,7,15,33,35,4,0.025
101,0,0,0,8,17,41,45,3,0.01875
101,1,1,0,19,20,69,74,5,0.03125
101,2,2,0,15,13,86,84,9,0.05625
101,3,3,0,37,10,102,103,6,0.0375
101,4,4,0,33,20,104,102,7,0.04375
101,5,5,0,12,18,73,75,7,0.04375
101,6,6,0,13,9,54,53,9,0.05625
101,7,7,0,4,13,30,30,4,0.025
101,8,0,1,9,19,70,71,5,0.03125
101,9,1,1,12,11,82,83,8,0.05
101,10,2,1,18,14,110,109,8,0.05
101,11,3,1,36,14,122,117,9,0.05625
101,12,4,1,26,19,122,119,9,0.05625
101,13,5,1,9,17,88,87,8,0.05
101,14,6,1,2,18,71,62,15,0.09375
101,15,7,1,4,20,55,56,3,0.01875
101,16,0,2,10,14,86,87,5,0.03125
101,17,1,2,10,26,114,114,9,0.05625
101,18,2,2,19,15,131,129,10,0.0625
101,19,3,2,34,11,124,127,7,0.04375
101,20,4,2,25,13,132,130,5,0.03125
101,21,5,2,13,19,111,110,8,0.05
101,22,6,2,8,15,96,93,13,0.08125
101,23,7,2,10,14,76,78,4,0.025
101,24,0,3,6,14,85,87,5,0.03125
101,25,1,3,10,12,111,113,8,0.05
101,26,2,3,14,15,124,126,5,0.03125
101,27,3,3,22,11,129,131,6,0.0375
101,28,4,3,37,14,154,151,6,0.0375
101,29,5,3,21,16,135,137,6,0.0375
101,30,6,3,13,13,115,115,9,0.05625
101,31,7,3,7,13,84,84,6,0.0375
101,32,0,4,13,22,86,85,4,0.025
101,33,1,4,7,14,115,113,9,0.05625
101,34,2,4,23,24,139,139,6,0.0375
101,35,3,4,31,17,149,144,9,0.05625
101,36,4,4,30,17,141,140,8,0.05
101,37,5,4,11,14,125,123,10,0.0625
101,38,6,4,13,19,110,103,12,0.075
101,39,7,4,7,14,78,82,5,0.03125
101,40,0,5,5,14,64,63,5,0.03125
101,41,1,5,6,17,95,92,12,0.075
101,42,2,5,7,20,107,108,7,0.04375
101,43,3,5,23,16,127,132,7,0.04375
101,44,4,5,43,27,148,149,5,0.03125
101,45,5,5,35,21,145,149,7,0.04375
101,46,6,5,10,15,109,107,8,0.05
101,47,7,5,13,22,83,81,5,0.03125
101,48,0,6,10,17,56,56,4,0.025
101,49,1,6,7,18,82,83,9,0.05625
101,50,2,6,13,15,100,100,7,0.04375
101,51,3,6,31,17,135,130,12,0.075
101,52,4,6,39,7,119,118,7,0.04375
101,53,5,6,15,15,101,99,7,0.04375
101,54,6,6,3,18,84,82,10,0.0625
101,55,7,6,17,19,65,68,3,0.01875
101,56,0,7,10,15,39,38,4,0.025
101,57,1,7,18,16,72,69,10,0.0625
101,58,2,7,19,16,89,88,6,0.0375
101,59,3,7,32,19,110,113,6,0.0375
101,60,4,7,31,14,97,96,5,0.03125
101,61,5,7,11,7,60,63,4,0.025
101,62,6,7,5,19,47,49,6,0.0375
101,63,7,7,2,16,29,29,4,0.025
102,0,0,0,10,15,40,40,3,0.01875
102,1,1,0,0,19,52,49,8,0.05
102,2,2,0,7,11,59,64,6,0.0375
102,3,3,0,20,10,83,82,7,0.04375
102,4,4,0,32,18,95,96,7,0.04375
102,5,5,0,19,13,74,73,6,0.0375
102,6,6,0,12,18,64,64,8,0.05
102,7,7,0,12,17,40,39,5,0.03125
102,8,0,1,7,19,60,61,4,0.025
102,9,1,1,8,14,73,71,9,0.05625
102,10,2,1,8,15,83,83,7,0.04375
102,11,3,1,24,13,99,105,5,0.03125
102,12,4,1,32,16,116,121,4,0.025
102,13,5,1,21,15,93,95,7,0.04375
102,14,6,1,7,16,80,88,8,0.05
102,15,7,1,8,12,54,52,6,0.0375
102,16,0,2,10,20,84,85,5,0.03125
102,17,1,2,6,22,96,99,6,0.0375
102,18,2,2,27,14,127,131,7,0.04375
102,19,3,2,29,13,129,129,8,0.05
102,20,4,2,32,18,137,134,9,0.05625
102,21,5,2,15,15,117,116,7,0.04375
102,22,6,2,7,20,104,107,10,0.0625
102,23,7,2,7,10,71,72,3,0.01875
102,24,0,3,12,12,89,88,5,0.03125
102,25,1,3,8,12,101,101,7,0.04375
102,26,2,3,18,20,131,129,6,0.0375
102,27,3,3,34,16,139,136,9,0.05625
102,28,4,3,38,14,161,159,7,0.04375
102,29,5,3,20,11,135,132,9,0.05625
102,30,6,3,14,14,118,116,11,0.06875
102,31,7,3,8,15,86,83,9,0.05625
102,32,0,4,6,19,91,90,6,0.0375
102,33,1,4,12,15,119,120,10,0.0625
102,34,2,4,15,15,135,130,10,0.0625
102,35,3,4,38,9,129,131,8,0.05
102,36,4,4,26,11,143,143,9,0.05625
102,37,5,4,19,17,126,131,6,0.0375
102,38,6,4,8,13,101,106,7,0.04375
102,39,7,4,6,12,78,76,7,0.04375
102,40,0,5,9,12,87,86,6,0.0375
102,41,1,5,9,16,105,108,9,0.05625
102,42,2,5,18,14,127,125,10,0.0625
102,43,3,5,34,20,140,138,7,0.04375
102,44,4,5,22,19,137,134,9,0.05625
102,45,5,5,7,21,119,118,9,0.05625
102,46,6,5,9,23,103,102,8,0.05
102,47,7,5,8,16,73,72,5,0.03125
102,48,0,6,12,12,73,73,3,0.01875
102,49,1,6,7,12,81,82,7,0.04375
102,50,2,6,15,19,107,106,5,0.03125
102,51,3,6,34,13,113,120,5,0.03125
102,52,4,6,15,20,104,102,9,0.05625
102,53,5,6,9,17,95,96,7,0.04375
102,54,6,6,9,25,74,75,10,0.0625
102,55,7,6,2,13,44,42,4,0.025
102,56,0,7,11,28,53,52,5,0.03125
102,57,1,7,7,19,61,61,9,0.05625
102,58,2,7,19,19,88,87,6,0.0375
102,59,3,7,36,16,107,110,3,0.01875
102,60,4,7,30,10,99,99,7,0.04375
102,61,5,7,19,12,87,85,6,0.0375
102,62,6,7,11,11,52,53,6,0.0375
102,63,7,7,9,13,32,31,4,0.025
103,0,0,0,10,11,40,39,4,0.025
103,1,1,0,7,12,55,55,8,0.05
103,2,2,0,21,22,93,92,5,0.03125
103,3,3,0,30,21,101,103,5,0.03125
103,4,4,0,42,17,113,113,6,0.0375
103,5,5,0,22,21,99,101,5,0.03125
103,6,6,0,11,17,66,67,8,0.05
103,7,7,0,9,22,44,45,4,0.025
103,8,0,1,9,19,66,66,5,0.03125
103,9,1,1,9,20,81,84,7,0.04375
103,10,2,1,16,14,111,112,7,0.04375
103,11,3,1,34,13,118,115,8,0.05
103,12,4,1,29,27,134,132,5,0.03125
103,13,5,1,18,18,116,115,7,0.04375
103,14,6,1,9,17,81,80,9,0.05625
103,15,7,1,4,23,62,65,3,0.01875
103,16,0,2,7,16,71,69,8,0.05
103,17,1,2,7,18,96,95,7,0.04375
103,18,2,2,20,16,133,128,12,0.075
103,19,3,2,35,14,133,132,7,0.04375
103,20,4,2,28,14,139,139,10,0.0625
103,21,5,2,20,18,126,124,8,0.05
103,22,6,2,3,17,99,99,10,0.0625
103,23,7,2,9,10,84,81,5,0.03125
103,24,0,3,9,15,79,80,5,0.03125
103,25,1,3,9,11,108,108,8,0.05
103,26,2,3,18,22,150,149,9,0.05625
103,27,3,3,35,13,147,146,9,0.05625
103,28,4,3,30,17,148,151,5,0.03125
103,29,5,3,14,19,136,135,9,0.05625
103,30,6,3,7,13,109,110,9,0.05625
103,31,7,3,19,26,103,104,7,0.04375
103,32,0,4,7,16,79,78,5,0.03125
103,33,1,4,4,19,99,102,8,0.05
103,34,2,4,25,17,150,148,12,0.075
103,35,3,4,34,18,144,146,5,0.03125
103,36,4,4,27,12,148,148,7,0.04375
103,37,5,4,8,24,137,135,8,0.05
103,38,6,4,7,20,110,110,8,0.05
103,39,7,4,10,17,87,88,5,0.03125
103,40,0,5,13,14,74,76,4,0.025
103,41,1,5,10,18,100,101,7,0.04375
103,42,2,5,20,18,134,138,6,0.0375
103,43,3,5,32,18,135,139,5,0.03125
103,44,4,5,32,14,140,139,10,0.0625
103,45,5,5,14,13,119,119,7,0.04375
103,46,6,5,7,9,84,84,7,0.04375
103,47,7,5,5,9,72,69,9,0.05625
103,48,0,6,6,21,56,57,4,0.025
103,49,1,6,8,17,80,80,6,0.0375
103,50,2,6,14,20,117,114,12,0.075
103,51,3,6,37,16,131,127,8,0.05
103,52,4,6,26,15,113,114,9,0.05625
103,53,5,6,13,19,112,110,8,0.05
103,54,6,6,7,16,76,77,8,0.05
103,55,7,6,2,21,63,62,6,0.0375
103,56,0,7,10,16,34,35,4,0.025
103,57,1,7,15,14,61,61,8,0.05
103,58,2,7,21,20,97,99,5,0.03125
103,59,3,7,35,16,110,108,4,0.025
103,60,4,7,30,10,96,98,5,0.03125
103,61,5,7,23,28,104,103,7,0.04375
103,62,6,7,14,17,79,80,5,0.03125
103,63,7,7,16,12,50,50,4,0.025
104,0,0,0,22,26,66,66,4,0.025
104,1,1,0,24,18,105,105,8,0.05
104,2,2,0,24,23,129,129,6,0.0375
104,3,3,0,40,19,148,145,6,0.0375
104,4,4,0,32,36,150,149,9,0.05625
104,5,5,0,32,32,136,136,6,0.0375
104,6,6,0,16,17,86,88,7,0.04375
104,7,7,0,17,26,63,62,4,0.025
104,8,0,1,19,24,101,101,4,0.025
104,9,1,1,18,24,129,127,9,0.05625
104,10,2,1,26,28,159,156,8,0.05
104,11,3,1,28,20,172,173,8,0.05
104,12,4,1,35,18,179,175,10,0.0625
104,13,5,1,24,28,174,172,9,0.05625
104,14,6,1,18,27,129,130,8,0.05
104,15,7,1,19,21,98,97,3,0.01875
104,16,0,2,21,27,132,135,5,0.03125
104,17,1,2,21,25,153,152,8,0.05
104,18,2,2,27,32,188,191,9,0.05625
104,19,3,2,29,29,205,204,9,0.05625
104,20,4,2,37,22,209,210,8,0.05
104,21,5,2,34,14,194,196,7,0.04375
104,22,6,2,27,25,174,171,12,0.075
104,23,7,2,19,27,125,126,5,0.03125
104,24,0,3,27,20,147,144,6,0.0375
104,25,1,3,19,17,165,161,9,0.05625
104,26,2,3,30,32,222,220,10,0.0625
104,27,3,3,30,33,247,249,7,0.04375
104,28,4,3,34,25,241,238,8,0.05
104,29,5,3,28,30,211,212,10,0.0625
104,30,6,3,21,24,183,182,10,0.0625
104,31,7,3,21,29,142,144,5,0.03125
104,32,0,4,13,19,134,137,5,0.03125
104,33,1,4,23,27,177,174,11,0.06875
104,34,2,4,27,34,228,235,7,0.04375
104,35,3,4,34,31,249,249,6,0.0375
104,36,4,4,35,32,243,246,6,0.0375
104,37,5,4,32,29,215,216,8,0.05
104,38,6,4,20,22,173,171,8,0.05
104,39,7,4,25,27,140,139,4,0.025
104,40,0,5,17,31,133,133,3,0.01875
104,41,1,5,21,22,160,160,7,0.04375
104,42,2,5,24,23,213,212,7,0.04375
104,43,3,5,38,32,241,237,9,0.05625
104,44,4,5,28,31,201,202,8,0.05
104,45,5,5,25,33,192,190,10,0.0625
104,46,6,5,21,22,151,150,9,0.05625
104,47,7,5,21,18,120,124,5,0.03125
104,48,0,6,20,27,109,109,4,0.025
104,49,1,6,16,21,134,132,8,0.05
104,50,2,6,30,28,174,181,5,0.03125
104,51,3,6,38,31,212,214,6,0.0375
104,52,4,6,29,20,170,170,7,0.04375
104,53,5,6,31,24,171,170,8,0.05
104,54,6,6,18,19,124,124,8,0.05
104,55,7,6,28,28,109,111,4,0.025
104,56,0,7,25,33,73,73,3,0.01875
104,57,1,7,18,28,102,103,9,0.05625
104,58,2,7,32,26,138,135,9,0.05625
104,59,3,7,26,34,154,154,6,0.0375
104,60,4,7,42,18,136,136,4,0.025
104,61,5,7,29,32,130,131,6,0.0375
104,62,6,7,18,24,94,89,8,0.05
104,63,7,7,26,26,67,66,5,0.03125
105,0,0,0,5,15,36,37,4,0.025
105,1,1,0,8,16,60,60,8,0.05
105,2,2,0,23,16,87,86,7,0.04375
105,3,3,0,34,16,100,99,6,0.0375
105,4,4,0,31,22,98,102,4,0.025
105,5,5,0,13,25,77,74,9,0.05625
105,6,6,0,6,8,43,43,7,0.04375
105,7,7,0,12,25,46,47,4,0.025
105,8,0,1,6,14,55,57,2,0.0125
105,9,1,1,8,12,73,71,9,0.05625
105,10,2,1,17,13,93,96,7,0.04375
105,11,3,1,33,21,124,125,8,0.05
105,12,4,1,25,23,132,136,6,0.0375
105,13,5,1,13,17,102,101,10,0.0625
105,14,6,1,10,16,73,73,9,0.05625
105,15,7,1,8,21,72,71,4,0.025
105,16,0,2,5,13,71,71,4,0.025
105,17,1,2,6,16,95,95,9,0.05625
105,18,2,2,15,16,114,114,7,0.04375
105,19,3,2,38,17,144,146,7,0.04375
105,20,4,2,29,13,152,153,8,0.05
105,21,5,2,15,15,118,122,4,0.025
105,22,6,2,6,13,80,83,8,0.05
105,23,7,2,7,15,84,84,4,0.025
105,24,0,3,6,15,84,85,6,0.0375
105,25,1,3,12,18,105,105,11,0.06875
105,26,2,3,20,16,122,123,9,0.05625
105,27,3,3,28,16,137,133,10,0.0625
105,28,4,3,36,20,165,165,7,0.04375
105,29,5,3,21,11,136,137,8,0.05
105,30,6,3,9,26,102,105,8,0.05
105,31,7,3,10,19,93,94,5,0.03125
105,32,0,4,14,21,96,94,6,0.0375
105,33,1,4,4,23,118,119,10,0.0625
105,34,2,4,32,20,153,150,8,0.05
105,35,3,4,40,15,152,149,7,0.04375
105,36,4,4,30,14,149,145,10,0.0625
105,37,5,4,4,13,119,118,8,0.05
105,38,6,4,11,8,87,89,8,0.05
105,39,7,4,5,21,90,92,4,0.025
105,40,0,5,8,18,84,81,8,0.05
105,41,1,5,11,15,110,109,9,0.05625
105,42,2,5,15,15,124,122,8,0.05
105,43,3,5,36,15,134,136,7,0.04375
105,44,4,5,32,21,150,154,7,0.04375
105,45,5,5,15,21,117,117,9,0.05625
105,46,6,5,5,10,79,81,8,0.05
105,47,7,5,9,19,79,80,5,0.03125
105,48,0,6,4,17,62,59,7,0.04375
105,49,1,6,7,12,86,88,7,0.04375
105,50,2,6,14,21,105,102,7,0.04375
105,51,3,6,25,15,111,112,6,0.0375
105,52,4,6,37,22,143,144,8,0.05
105,53,5,6,19,19,104,104,8,0.05
105,54,6,6,6,19,74,75,7,0.04375
105,55,7,6,12,13,66,63,6,0.0375
105,56,0,7,4,15,36,35,5,0.03125
105,57,1,7,6,19,62,63,8,0.05
105,58,2,7,22,13,80,80,8,0.05
105,59,3,7,39,11,109,106,8,0.05
105,60,4,7,34,13,107,103,8,0.05
105,61,5,7,17,12,74,74,6,0.0375
105,62,6,7,14,12,58,58,8,0.05
105,63,7,7,7,10,33,35,4,0.025
106,0,0,0,11,24,49,49,4,0.025
106,1,1,0,6,22,72,71,8,0.05
106,2,2,0,29,20,103,104,5,0.03125
106,3,3,0,44,13,113,116,5,0.03125
106,4,4,0,24,17,103,102,6,0.0375
106,5,5,0,15,18,78,80,7,0.04375
106,6,6,0,13,23,68,68,7,0.04375
106,7,7,0,5,17,37,36,4,0.025
106,8,0,1,16,15,76,72,6,0.0375
106,9,1,1,16,18,101,102,9,0.05625
106,10,2,1,29,14,130,126,11,0.06875
106,11,3,1,28,20,129,126,10,0.0625
106,12,4,1,16,14,109,107,8,0.05
106,13,5,1,17,19,97,97,9,0.05625
106,14,6,1,2,16,80,79,8,0.05
106,15,7,1,2,17,56,57,4,0.025
106,16,0,2,8,18,77,75,7,0.04375
106,17,1,2,3,11,88,88,6,0.0375
106,18,2,2,14,18,121,121,9,0.05625
106,19,3,2,25,17,132,132,6,0.0375
106,20,4,2,37,21,147,149,6,0.0375
106,21,5,2,23,18,126,122,8,0.05
106,22,6,2,10,11,103,104,8,0.05
106,23,7,2,3,13,74,71,5,0.03125
106,24,0,3,9,13,75,77,4,0.025
106,25,1,3,5,16,99,102,7,0.04375
106,26,2,3,17,20,133,131,9,0.05625
106,27,3,3,24,16,141,147,5,0.03125
106,28,4,3,37,19,159,158,8,0.05
106,29,5,3,14,8,129,129,9,0.05625
106,30,6,3,17,19,130,130,7,0.04375
106,31,7,3,7,13,86,89,2,0.0125
106,32,0,4,2,19,74,74,6,0.0375
106,33,1,4,13,20,107,107,8,0.05
106,34,2,4,15,20,127,129,7,0.04375
106,35,3,4,25,18,142,146,6,0.0375
106,36,4,4,34,18,155,159,6,0.0375
106,37,5,4,16,13,126,126,7,0.04375
106,38,6,4,4,12,114,109,11,0.06875
106,39,7,4,9,19,83,81,7,0.04375
106,40,0,5,10,11,71,72,6,0.0375
106,41,1,5,8,17,99,97,9,0.05625
106,42,2,5,15,18,127,128,7,0.04375
106,43,3,5,36,15,148,147,7,0.04375
106,44,4,5,37,17,154,152,8,0.05
106,45,5,5,25,18,122,124,7,0.04375
106,46,6,5,12,25,113,115,5,0.03125
106,47,7,5,6,12,66,66,4,0.025
106,48,0,6,8,11,58,61,4,0.025
106,49,1,6,9,14,89,89,7,0.04375
106,50,2,6,22,20,125,126,7,0.04375
106,51,3,6,32,27,131,132,5,0.03125
106,52,4,6,34,17,130,130,7,0.04375
106,53,5,6,20,7,95,97,7,0.04375
106,54,6,6,9,18,95,95,8,0.05
106,55,7,6,1,13,49,50,5,0.03125
106,56,0,7,9,13,35,36,3,0.01875
106,57,1,7,9,16,62,64,6,0.0375
106,58,2,7,23,22,98,99,7,0.04375
106,59,3,7,42,15,103,103,7,0.04375
106,60,4,7,18,17,92,92,8,0.05
106,61,5,7,18,21,83,81,8,0.05
106,62,6,7,8,25,75,76,8,0.05
106,63,7,7,10,15,42,41,5,0.03125
107,0,0,0,10,15,42,41,4,0.025
107,1,1,0,8,16,64,64,8,0.05
107,2,2,0,12,14,79,76,8,0.05
107,3,3,0,39,18,110,110,6,0.0375
107,4,4,0,42,20,113,110,8,0.05
107,5,5,0,22,19,97,94,9,0.05625
107,6,6,0,9,22,74,72,9,0.05625
107,7,7,0,14,24,48,49,4,0.025
107,8,0,1,14,14,69,72,4,0.025
107,9,1,1,8,18,90,92,8,0.05
107,10,2,1,16,10,94,96,7,0.04375
107,11,3,1,39,12,129,131,9,0.05625
107,12,4,1,18,10,111,108,9,0.05625
107,13,5,1,8,23,102,105,8,0.05
107,14,6,1,6,7,86,84,11,0.06875
107,15,7,1,7,13,64,64,4,0.025
107,16,0,2,17,20,93,95,4,0.025
107,17,1,2,14,18,111,113,7,0.04375
107,18,2,2,21,16,124,123,9,0.05625
107,19,3,2,41,13,151,153,5,0.03125
107,20,4,2,26,14,132,130,7,0.04375
107,21,5,2,12,18,108,109,6,0.0375
107,22,6,2,5,18,100,99,9,0.05625
107,23,7,2,9,14,85,88,5,0.03125
107,24,0,3,7,24,100,99,6,0.0375
107,25,1,3,10,23,122,121,8,0.05
107,26,2,3,21,27,134,138,7,0.04375
107,27,3,3,39,14,156,151,8,0.05
107,28,4,3,29,22,142,143,8,0.05
107,29,5,3,13,20,121,120,7,0.04375
107,30,6,3,2,9,98,98,7,0.04375
107,31,7,3,11,14,99,93,6,0.0375
107,32,0,4,8,18,97,100,3,0.01875
107,33,1,4,9,22,117,120,7,0.04375
107,34,2,4,17,20,125,128,4,0.025
107,35,3,4,28,28,164,163,6,0.0375
107,36,4,4,37,9,145,145,5,0.03125
107,37,5,4,19,13,134,134,8,0.05
107,38,6,4,15,16,111,115,8,0.05
107,39,7,4,4,18,92,93,6,0.0375
107,40,0,5,8,17,91,93,5,0.03125
107,41,1,5,6,15,93,94,9,0.05625
107,42,2,5,19,14,115,115,7,0.04375
107,43,3,5,35,18,146,148,7,0.04375
107,44,4,5,24,14,129,128,8,0.05
107,45,5,5,16,10,116,116,9,0.05625
107,46,6,5,6,17,99,93,9,0.05625
107,47,7,5,8,14,82,77,8,0.05
107,48,0,6,8,21,84,83,5,0.03125
107,49,1,6,7,18,88,86,9,0.05625
107,50,2,6,20,22,117,117,6,0.0375
107,51,3,6,37,14,132,129,7,0.04375
107,52,4,6,36,18,130,130,6,0.0375
107,53,5,6,16,19,107,107,6,0.0375
107,54,6,6,1,22,82,80,8,0.05
107,55,7,6,10,12,69,67,8,0.05
107,56,0,7,15,21,60,58,6,0.0375
107,57,1,7,18,20,80,77,8,0.05
107,58,2,7,36,16,111,112,6,0.0375
107,59,3,7,31,17,106,111,2,0.0125
107,60,4,7,27,16,86,86,7,0.04375
107,61,5,7,8,15,68,69,8,0.05
107,62,6,7,5,12,50,50,7,0.04375
107,63,7,7,12,19,45,46,3,0.01875
108,0,0,0,8,17,49,49,5,0.03125
108,1,1,0,8,7,64,63,10,0.0625
108,2,2,0,31,17,92,93,8,0.05
108,3,3,0,30,23,108,104,10,0.0625
108,4,4,0,34,10,94,96,7,0.04375
108,5,5,0,22,14,83,86,6,0.0375
108,6,6,0,10,12,56,59,6,0.0375
108,7,7,0,0,16,38,37,3,0.01875
108,8,0,1,4,25,75,69,10,0.0625
108,9,1,1,8,17,74,71,10,0.0625
108,10,2,1,12,14,94,96,7,0.04375
108,11,3,1,27,18,134,136,6,0.0375
108,12,4,1,39,12,112,115,8,0.05
108,13,5,1,17,26,113,110,10,0.0625
108,14,6,1,11,17,78,81,8,0.05
108,15,7,1,5,22,72,69,6,0.0375
108,16,0,2,11,17,90,87,7,0.04375
108,17,1,2,6,13,92,92,6,0.0375
108,18,2,2,21,13,119,122,8,0.05
108,19,3,2,47,19,168,167,7,0.04375
108,20,4,2,24,20,126,129,4,0.025
108,21,5,2,14,14,116,118,6,0.0375
108,22,6,2,11,10,88,91,6,0.0375
108,23,7,2,6,20,88,86,6,0.0375
108,24,0,3,11,17,103,102,5,0.03125
108,25,1,3,7,15,97,100,7,0.04375
108,26,2,3,11,17,116,115,8,0.05
108,27,3,3,29,27,163,164,9,0.05625
108,28,4,3,34,11,140,141,6,0.0375
108,29,5,3,15,14,122,124,8,0.05
108,30,6,3,9,18,107,108,7,0.04375
108,31,7,3,7,11,92,95,5,0.03125
108,32,0,4,10,12,97,93,7,0.04375
108,33,1,4,9,13,94,93,8,0.05
108,34,2,4,11,26,130,128,7,0.04375
108,35,3,4,29,20,161,156,11,0.06875
108,36,4,4,36,17,153,151,8,0.05
108,37,5,4,19,12,125,124,8,0.05
108,38,6,4,7,24,113,111,8,0.05
108,39,7,4,11,24,102,99,7,0.04375
108,40,0,5,9,16,89,83,9,0.05625
108,41,1,5,8,15,91,91,9,0.05625
108,42,2,5,19,16,115,115,7,0.04375
108,43,3,5,27,15,139,136,10,0.0625
108,44,4,5,37,14,142,144,6,0.0375
108,45,5,5,18,13,117,117,9,0.05625
108,46,6,5,10,13,98,100,10,0.0625
108,47,7,5,8,23,94,93,9,0.05625
108,48,0,6,7,19,66,66,4,0.025
108,49,1,6,5,14,76,78,8,0.05
108,50,2,6,17,6,93,90,8,0.05
108,51,3,6,24,20,123,123,9,0.05625
108,52,4,6,36,14,122,121,7,0.04375
108,53,5,6,18,14,109,108,7,0.04375
108,54,6,6,18,23,102,101,10,0.0625
108,55,7,6,5,16,71,70,9,0.05625
108,56,0,7,3,18,38,39,4,0.025
108,57,1,7,7,20,63,63,8,0.05
108,58,2,7,20,17,82,81,7,0.04375
108,59,3,7,25,13,94,90,7,0.04375
108,60,4,7,46,13,112,115,6,0.0375
108,61,5,7,18,11,85,87,6,0.0375
108,62,6,7,8,21,69,71,6,0.0375
108,63,7,7,10,12,41,41,4,0.025
109,0,0,0,8,18,43,43,3,0.01875
109,1,1,0,8,20,61,64,7,0.04375
109,2,2,0,23,19,81,83,5,0.03125
109,3,3,0,25,19,91,95,4,0.025
109,4,4,0,28,27,102,102,7,0.04375
109,5,5,0,15,20,85,81,9,0.05625
109,6,6,0,3,16,56,55,7,0.04375
109,7,7,0,8,23,46,48,3,0.01875
109,8,0,1,10,14,71,75,4,0.025
109,9,1,1,9,11,78,80,8,0.05
109,10,2,1,27,15,114,110,10,0.0625
109,11,3,1,39,9,130,127,9,0.05625
109,12,4,1,23,20,126,126,9,0.05625
109,13,5,1,13,17,104,103,11,0.06875
109,14,6,1,7,17,80,80,8,0.05
109,15,7,1,8,15,73,75,5,0.03125
109,16,0,2,10,14,88,88,6,0.0375
109,17,1,2,11,9,85,79,13,0.08125
109,18,2,2,15,17,126,126,8,0.05
109,19,3,2,36,24,156,155,8,0.05
109,20,4,2,31,15,147,147,5,0.03125
109,21,5,2,14,11,127,125,8,0.05
109,22,6,2,9,23,103,100,9,0.05625
109,23,7,2,8,25,88,91,4,0.025
109,24,0,3,9,19,97,97,7,0.04375
109,25,1,3,8,15,95,92,10,0.0625
109,26,2,3,21,16,131,131,8,0.05
109,27,3,3,40,23,165,168,4,0.025
109,28,4,3,31,12,147,148,7,0.04375
109,29,5,3,15,22,138,137,8,0.05
109,30,6,3,4,13,108,103,11,0.06875
109,31,7,3,10,19,97,98,3,0.01875
109,32,0,4,3,17,88,88,6,0.0375
109,33,1,4,11,10,97,94,9,0.05625
109,34,2,4,22,14,132,129,10,0.0625
109,35,3,4,28,12,142,146,8,0.05
109,36,4,4,34,7,148,148,7,0.04375
109,37,5,4,13,18,133,134,8,0.05
109,38,6,4,11,11,108,109,9,0.05625
109,39,7,4,6,20,93,96,5,0.03125
109,40,0,5,7,19,72,79,4,0.025
109,41,1,5,4,17,88,89,9,0.05625
109,42,2,5,19,14,115,113,9,0.05625
109,43,3,5,19,16,122,122,8,0.05
109,44,4,5,31,18,146,148,5,0.03125
109,45,5,5,23,12,136,139,6,0.0375
109,46,6,5,12,16,107,102,14,0.0875
109,47,7,5,12,20,80,85,6,0.0375
109,48,0,6,8,16,56,57,4,0.025
109,49,1,6,5,17,69,71,6,0.0375
109,50,2,6,14,20,99,101,7,0.04375
109,51,3,6,33,20,121,120,10,0.0625
109,52,4,6,32,17,122,124,6,0.0375
109,53,5,6,18,19,113,114,7,0.04375
109,54,6,6,3,19,75,79,7,0.04375
109,55,7,6,9,14,53,57,5,0.03125
109,56,0,7,9,15,35,36,4,0.025
109,57,1,7,5,13,50,49,9,0.05625
109,58,2,7,16,17,70,69,8,0.05
109,59,3,7,16,12,82,82,7,0.04375
109,60,4,7,39,18,113,112,5,0.03125
109,61,5,7,29,19,107,108,5,0.03125
109,62,6,7,13,17,67,67,7,0.04375
109,63,7,7,12,12,37,36,5,0.03125
110,0,0,0,23,23,69,68,5,0.03125
110,1,1,0,22,21,108,106,8,0.05
110,2,2,0,29,27,145,143,9,0.05625
110,3,3,0,41,34,165,161,7,0.04375
110,4,4,0,26,31,143,145,4,0.025
110,5,5,0,19,28,120,124,7,0.04375
110,6,6,0,21,22,94,95,6,0.0375
110,7,7,0,20,26,67,67,3,0.01875
110,8,0,1,21,28,108,107,6,0.0375
110,9,1,1,18,28,140,143,6,0.0375
110,10,2,1,27,28,174,177,8,0.05
110,11,3,1,32,35,200,202,7,0.04375
110,12,4,1,34,23,179,184,3,0.01875
110,13,5,1,30,18,163,168,6,0.0375
110,14,6,1,19,28,145,144,9,0.05625
110,15,7,1,26,26,109,107,6,0.0375
110,16,0,2,27,27,138,139,7,0.04375
110,17,1,2,17,25,184,188,9,0.05625
110,18,2,2,22,13,197,195,8,0.05
110,19,3,2,35,22,231,231,6,0.0375
110,20,4,2,34,21,211,209,7,0.04375
110,21,5,2,20,26,179,178,6,0.0375
110,22,6,2,21,20,156,154,11,0.06875
110,23,7,2,24,23,119,117,5,0.03125
110,24,0,3,19,25,139,141,5,0.03125
110,25,1,3,20,26,180,183,6,0.0375
110,26,2,3,24,22,203,202,9,0.05625
110,27,3,3,46,29,247,245,7,0.04375
110,28,4,3,33,30,229,229,6,0.0375
110,29,5,3,20,26,194,193,7,0.04375
110,30,6,3,20,20,170,172,10,0.0625
110,31,7,3,21,18,127,123,6,0.0375
110,32,0,4,19,21,139,138,7,0.04375
110,33,1,4,27,23,180,181,9,0.05625
110,34,2,4,22,18,191,192,9,0.05625
110,35,3,4,34,25,234,231,8,0.05
110,36,4,4,32,28,225,226,7,0.04375
110,37,5,4,27,28,208,209,7,0.04375
110,38,6,4,21,28,184,182,11,0.06875
110,39,7,4,27,28,142,143,5,0.03125
110,40,0,5,23,28,131,126,9,0.05625
110,41,1,5,22,25,165,166,8,0.05
110,42,2,5,28,29,182,181,9,0.05625
110,43,3,5,37,21,222,221,10,0.0625
110,44,4,5,36,17,212,207,10,0.0625
110,45,5,5,18,22,183,180,8,0.05
110,46,6,5,17,16,150,150,14,0.0875
110,47,7,5,21,26,126,127,4,0.025
110,48,0,6,19,21,104,98,9,0.05625
110,49,1,6,21,30,148,143,10,0.0625
110,50,2,6,33,21,161,159,8,0.05
110,51,3,6,34,20,192,191,9,0.05625
110,52,4,6,35,22,193,192,7,0.04375
110,53,5,6,27,33,178,176,9,0.05625
110,54,6,6,14,30,136,134,9,0.05625
110,55,7,6,18,23,101,101,5,0.03125
110,56,0,7,22,29,69,66,7,0.04375
110,57,1,7,25,25,105,105,10,0.0625
110,58,2,7,25,32,132,130,9,0.05625
110,59,3,7,31,31,153,154,6,0.0375
110,60,4,7,33,32,157,158,4,0.025
110,61,5,7,30,25,146,142,8,0.05
110,62,6,7,19,24,110,108,8,0.05
110,63,7,7,26,24,73,74,3,0.01875
111,0,0,0,3,22,32,34,4,0.025
111,1,1,0,8,20,52,52,9,0.05625
111,2,2,0,12,11,63,65,7,0.04375
111,3,3,0,20,23,98,98,7,0.04375
111,4,4,0,45,20,119,117,5,0.03125
111,5,5,0,21,9,91,90,6,0.0375
111,6,6,0,11,18,65,65,6,0.0375
111,7,7,0,13,21,42,41,4,0.025
111,8,0,1,8,24,70,74,3,0.01875
111,9,1,1,5,16,78,76,8,0.05
111,10,2,1,16,22,98,96,9,0.05625
111,11,3,1,25,13,127,124,11,0.06875
111,12,4,1,33,11,130,126,7,0.04375
111,13,5,1,22,16,106,103,9,0.05625
111,14,6,1,9,17,83,83,9,0.05625
111,15,7,1,8,19,63,66,4,0.025
111,16,0,2,5,17,87,88,5,0.03125
111,17,1,2,12,12,92,91,8,0.05
111,18,2,2,15,15,115,117,7,0.04375
111,19,3,2,31,18,143,141,8,0.05
111,20,4,2,33,16,145,142,10,0.0625
111,21,5,2,19,16,122,119,10,0.0625
111,22,6,2,6,17,108,108,10,0.0625
111,23,7,2,10,13,80,82,4,0.025
111,24,0,3,13,5,97,95,6,0.0375
111,25,1,3,9,13,100,99,8,0.05
111,26,2,3,19,18,128,128,8,0.05
111,27,3,3,32,18,156,157,7,0.04375
111,28,4,3,30,15,159,156,8,0.05
111,29,5,3,20,15,124,123,11,0.06875
111,30,6,3,10,23,114,115,9,0.05625
111,31,7,3,7,14,87,91,3,0.01875
111,32,0,4,10,16,97,99,7,0.04375
111,33,1,4,7,19,93,94,7,0.04375
111,34,2,4,21,21,131,133,6,0.0375
111,35,3,4,42,18,164,166,8,0.05
111,36,4,4,29,16,152,151,9,0.05625
111,37,5,4,16,13,121,117,11,0.06875
111,38,6,4,8,14,105,108,9,0.05625
111,39,7,4,4,20,87,85,7,0.04375
111,40,0,5,3,22,92,91,7,0.04375
111,41,1,5,6,10,75,75,7,0.04375
111,42,2,5,11,20,105,109,6,0.0375
111,43,3,5,24,13,128,127,10,0.0625
111,44,4,5,34,23,140,143,6,0.0375
111,45,5,5,22,18,118,119,8,0.05
111,46,6,5,11,17,92,99,8,0.05
111,47,7,5,4,11,65,62,6,0.0375
111,48,0,6,10,24,80,78,10,0.0625
111,49,1,6,13,14,78,79,10,0.0625
111,50,2,6,24,12,105,105,9,0.05625
111,51,3,6,34,12,115,119,7,0.04375
111,52,4,6,20,16,106,108,5,0.03125
111,53,5,6,10,16,85,86,8,0.05
111,54,6,6,3,11,69,68,8,0.05
111,55,7,6,5,12,51,51,4,0.025
111,56,0,7,16,18,51,52,6,0.0375
111,57,1,7,11,9,63,65,7,0.04375
111,58,2,7,30,23,98,101,8,0.05
111,59,3,7,33,21,106,105,6,0.0375
111,60,4,7,15,13,86,82,9,0.05625
111,61,5,7,10,21,75,75,9,0.05625
111,62,6,7,8,22,53,54,7,0.04375
111,63,7,7,3,12,26,26,3,0.01875
112,0,0,0,11,18,47,46,5,0.03125
112,1,1,0,16,11,65,67,7,0.04375
112,2,2,0,27,18,99,98,6,0.0375
112,3,3,0,41,24,123,127,4,0.025
112,4,4,0,31,12,103,102,7,0.04375
112,5,5,0,22,14,77,80,5,0.03125
112,6,6,0,8,11,53,49,9,0.05625
112,7,7,0,9,21,42,41,4,0.025
112,8,0,1,7,21,76,72,6,0.0375
112,9,1,1,7,15,75,73,10,0.0625
112,10,2,1,7,17,97,97,8,0.05
112,11,3,1,18,20,114,115,9,0.05625
112,12,4,1,29,16,114,115,6,0.0375
112,13,5,1,24,14,102,102,7,0.04375
112,14,6,1,9,19,81,82,8,0.05
112,15,7,1,10,17,61,59,5,0.03125
112,16,0,2,15,18,98,98,4,0.025
112,17,1,2,7,13,98,99,9,0.05625
112,18,2,2,17,10,123,120,9,0.05625
112,19,3,2,27,9,127,127,6,0.0375
112,20,4,2,35,21,137,137,9,0.05625
112,21,5,2,19,15,112,114,9,0.05625
112,22,6,2,9,14,92,95,9,0.05625
112,23,7,2,5,18,72,70,5,0.03125
112,24,0,3,7,16,94,95,5,0.03125
112,25,1,3,7,22,104,101,9,0.05625
112,26,2,3,14,22,125,126,7,0.04375
112,27,3,3,31,16,143,143,8,0.05
112,28,4,3,37,15,153,154,5,0.03125
112,29,5,3,17,14,124,126,8,0.05
112,30,6,3,7,11,107,104,11,0.06875
112,31,7,3,9,12,84,83,5,0.03125
112,32,0,4,7,17,90,90,6,0.0375
112,33,1,4,11,17,98,97,8,0.05
112,34,2,4,15,12,124,124,7,0.04375
112,35,3,4,37,20,159,161,5,0.03125
112,36,4,4,35,28,162,161,9,0.05625
112,37,5,4,15,20,119,124,5,0.03125
112,38,6,4,11,12,99,102,5,0.03125
112,39,7,4,8,15,81,82,5,0.03125
112,40,0,5,5,14,76,76,9,0.05625
112,41,1,5,9,12,80,77,9,0.05625
112,42,2,5,11,13,103,103,8,0.05
112,43,3,5,27,19,135,139,7,0.04375
112,44,4,5,40,14,155,151,9,0.05625
112,45,5,5,27,13,135,133,8,0.05
112,46,6,5,9,26,105,104,7,0.04375
112,47,7,5,9,17,73,74,6,0.0375
112,48,0,6,21,13,69,75,6,0.0375
112,49,1,6,22,10,84,84,9,0.05625
112,50,2,6,22,11,97,97,8,0.05
112,51,3,6,19,11,104,102,8,0.05
112,52,4,6,7,17,93,90,8,0.05
112,53,5,6,7,22,86,85,9,0.05625
112,54,6,6,6,18,65,66,9,0.05625
112,55,7,6,1,10,44,45,4,0.025
112,56,0,7,4,18,37,35,5,0.03125
112,57,1,7,10,7,53,52,8,0.05
112,58,2,7,18,16,83,81,8,0.05
112,59,3,7,37,19,103,102,8,0.05
112,60,4,7,25,13,90,92,6,0.0375
112,61,5,7,16,19,75,77,7,0.04375
112,62,6,7,3,13,50,48,8,0.05
112,63,7,7,6,13,33,33,4,0.025
113,0,0,0,7,19,42,43,4,0.025
113,1,1,0,13,18,65,66,6,0.0375
113,2,2,0,19,13,82,85,5,0.03125
113,3,3,0,26,16,103,101,6,0.0375
113,4,4,0,37,13,97,98,6,0.0375
113,5,5,0,17,13,87,84,8,0.05
113,6,6,0,10,17,63,62,9,0.05625
113,7,7,0,11,13,42,43,4,0.025
113,8,0,1,0,23,67,69,4,0.025
113,9,1,1,2,13,73,73,9,0.05625
113,10,2,1,11,15,88,90,7,0.04375
113,11,3,1,19,16,113,114,8,0.05
113,12,4,1,35,17,118,119,5,0.03125
113,13,5,1,31,21,126,128,7,0.04375
113,14,6,1,11,14,83,84,7,0.04375
113,15,7,1,12,15,65,63,6,0.0375
113,16,0,2,7,19,87,86,6,0.0375
113,17,1,2,15,21,105,107,7,0.04375
113,18,2,2,15,11,116,118,9,0.05625
113,19,3,2,32,16,146,148,6,0.0375
113,20,4,2,33,12,134,135,8,0.05
113,21,5,2,15,18,128,127,8,0.05
113,22,6,2,12,19,102,103,8,0.05
113,23,7,2,10,15,79,79,5,0.03125
113,24,0,3,8,13,95,95,5,0.03125
113,25,1,3,6,20,111,113,9,0.05625
113,26,2,3,22,20,138,136,10,0.0625
113,27,3,3,37,18,153,155,5,0.03125
113,28,4,3,39,22,147,147,9,0.05625
113,29,5,3,21,17,138,136,9,0.05625
113,30,6,3,5,13,102,107,7,0.04375
113,31,7,3,5,15,87,87,4,0.025
113,32,0,4,11,22,99,100,5,0.03125
113,33,1,4,6,17,106,106,8,0.05
113,34,2,4,19,15,139,134,9,0.05625
113,35,3,4,38,7,153,151,7,0.04375
113,36,4,4,28,16,136,140,5,0.03125
113,37,5,4,14,26,132,134,5,0.03125
113,38,6,4,5,18,96,91,9,0.05625
113,39,7,4,7,15,79,79,4,0.025
113,40,0,5,9,14,79,84,4,0.025
113,41,1,5,4,13,82,83,8,0.05
113,42,2,5,6,14,112,111,8,0.05
113,43,3,5,31,14,131,131,5,0.03125
113,44,4,5,33,18,137,141,5,0.03125
113,45,5,5,18,22,140,142,8,0.05
113,46,6,5,13,19,107,107,9,0.05625
113,47,7,5,14,15,75,79,3,0.01875
113,48,0,6,24,22,80,78,6,0.0375
113,49,1,6,23,18,95,97,7,0.04375
113,50,2,6,22,19,117,118,9,0.05625
113,51,3,6,9,19,90,89,7,0.04375
113,52,4,6,12,17,82,85,5,0.03125
113,53,5,6,1,19,78,79,8,0.05
113,54,6,6,2,21,61,61,8,0.05
113,55,7,6,0,14,53,51,6,0.0375
113,56,0,7,11,18,41,41,7,0.04375
113,57,1,7,11,13,65,64,9,0.05625
113,58,2,7,26,16,91,91,10,0.0625
113,59,3,7,36,12,95,96,6,0.0375
113,60,4,7,25,11,87,87,6,0.0375
113,61,5,7,9,15,77,78,6,0.0375
113,62,6,7,12,17,59,62,7,0.04375
113,63,7,7,5,19,40,40,4,0.025
114,0,0,0,9,15,35,34,4,0.025
114,1,1,0,6,22,62,61,7,0.04375
114,2,2,0,10,14,76,71,10,0.0625
114,3,3,0,26,21,101,99,9,0.05625
114,4,4,0,41,14,109,109,7,0.04375
114,5,5,0,23,16,93,91,7,0.04375
114,6,6,0,15,14,66,70,7,0.04375
114,7,7,0,8,14,38,38,3,0.01875
114,8,0,1,7,20,66,67,4,0.025
114,9,1,1,6,18,85,85,9,0.05625
114,10,2,1,16,17,98,97,8,0.05
114,11,3,1,29,12,119,119,9,0.05625
114,12,4,1,33,16,128,125,6,0.0375
114,13,5,1,20,17,107,105,9,0.05625
114,14,6,1,9,10,80,74,12,0.075
114,15,7,1,12,19,63,66,4,0.025
114,16,0,2,1,16,75,76,5,0.03125
114,17,1,2,4,13,85,87,5,0.03125
114,18,2,2,13,9,103,108,4,0.025
114,19,3,2,21,23,134,133,7,0.04375
114,20,4,2,24,18,136,138,6,0.0375
114,21,5,2,34,16,138,140,8,0.05
114,22,6,2,17,15,113,110,9,0.05625
114,23,7,2,11,14,85,89,2,0.0125
114,24,0,3,6,22,88,90,4,0.025
114,25,1,3,8,22,99,100,7,0.04375
114,26,2,3,14,13,118,118,9,0.05625
114,27,3,3,37,25,165,162,7,0.04375
114,28,4,3,43,14,153,154,8,0.05
114,29,5,3,18,11,139,144,5,0.03125
114,30,6,3,10,16,117,113,8,0.05
114,31,7,3,10,21,102,103,4,0.025
114,32,0,4,9,18,89,91,4,0.025
114,33,1,4,9,21,114,113,9,0.05625
114,34,2,4,21,21,137,140,8,0.05
114,35,3,4,42,24,169,170,7,0.04375
114,36,4,4,23,15,139,135,7,0.04375
114,37,5,4,16,16,127,125,5,0.03125
114,38,6,4,10,11,108,110,8,0.05
114,39,7,4,8,18,91,91,5,0.03125
114,40,0,5,7,21,86,85,5,0.03125
114,41,1,5,7,12,101,101,10,0.0625
114,42,2,5,17,16,123,120,10,0.0625
114,43,3,5,35,20,153,152,7,0.04375
114,44,4,5,37,11,134,135,7,0.04375
114,45,5,5,11,12,114,113,8,0.05
114,46,6,5,8,14,96,96,8,0.05
114,47,7,5,9,17,83,78,6,0.0375
114,48,0,6,11,13,71,74,4,0.025
114,49,1,6,17,18,99,98,7,0.04375
114,50,2,6,26,17,117,117,7,0.04375
114,51,3,6,38,13,133,137,5,0.03125
114,52,4,6,22,19,113,112,6,0.0375
114,53,5,6,6,15,88,87,8,0.05
114,54,6,6,5,22,78,78,7,0.04375
114,55,7,6,2,19,67,64,8,0.05
114,56,0,7,12,17,48,51,5,0.03125
114,57,1,7,19,19,70,72,7,0.04375
114,58,2,7,23,23,92,93,8,0.05
114,59,3,7,29,16,99,98,8,0.05
114,60,4,7,30,14,89,90,7,0.04375
114,61,5,7,12,13,77,75,7,0.04375
114,62,6,7,6,15,59,59,7,0.04375
114,63,7,7,8,17,45,44,4,0.025
115,0,0,0,22,25,72,71,6,0.0375
115,1,1,0,20,24,101,98,10,0.0625
115,2,2,0,30,29,126,129,7,0.04375
115,3,3,0,32,31,156,158,6,0.0375
115,4,4,0,39,25,159,159,7,0.04375
115,5,5,0,25,31,145,147,8,0.05
115,6,6,0,21,27,114,114,7,0.04375
115,7,7,0,24,29,75,73,6,0.0375
115,8,0,1,23,20,107,101,10,0.0625
115,9,1,1,12,36,137,135,11,0.06875
115,10,2,1,24,30,174,175,6,0.0375
115,11,3,1,32,19,193,194,8,0.05
115,12,4,1,29,30,187,191,5,0.03125
115,13,5,1,34,21,183,185,7,0.04375
115,14,6,1,21,22,155,161,8,0.05
115,15,7,1,20,23,115,111,8,0.05
115,16,0,2,28,27,150,148,6,0.0375
115,17,1,2,24,17,170,168,6,0.0375
115,18,2,2,34,17,198,196,6,0.0375
115,19,3,2,40,31,204,206,6,0.0375
115,20,4,2,24,25,190,187,8,0.05
115,21,5,2,17,26,180,178,9,0.05625
115,22,6,2,13,24,167,169,9,0.05625
115,23,7,2,24,29,130,125,6,0.0375
115,24,0,3,20,25,150,146,6,0.0375
115,25,1,3,20,27,171,169,9,0.05625
115,26,2,3,25,22,200,202,8,0.05
115,27,3,3,29,18,216,216,7,0.04375
115,28,4,3,34,14,214,215,6,0.0375
115,29,5,3,27,26,214,211,8,0.05
115,30,6,3,21,21,189,193,7,0.04375
115,31,7,3,24,17,133,130,6,0.0375
115,32,0,4,21,21,150,146,7,0.04375
115,33,1,4,20,22,168,168,10,0.0625
115,34,2,4,23,28,204,203,9,0.05625
115,35,3,4,32,19,227,226,8,0.05
115,36,4,4,37,29,222,223,7,0.04375
115,37,5,4,26,25,211,209,9,0.05625
115,38,6,4,14,23,165,163,10,0.0625
115,39,7,4,21,31,130,130,5,0.03125
115,40,0,5,20,31,139,138,6,0.0375
115,41,1,5,16,19,164,161,10,0.0625
115,42,2,5,25,26,203,206,9,0.05625
115,43,3,5,36,28,212,213,7,0.04375
115,44,4,5,31,27,207,205,8,0.05
115,45,5,5,27,21,208,207,9,0.05625
115,46,6,5,14,32,163,164,8,0.05
115,47,7,5,17,11,111,115,4,0.025
115,48,0,6,22,22,103,101,7,0.04375
115,49,1,6,22,23,147,146,10,0.0625
115,50,2,6,35,25,185,189,4,0.025
115,51,3,6,27,19,180,177,7,0.04375
115,52,4,6,26,29,171,168,10,0.0625
115,53,5,6,25,30,174,175,8,0.05
115,54,6,6,13,31,131,132,8,0.05
115,55,7,6,20,20,86,92,3,0.01875
115,56,0,7,27,27,77,76,4,0.025
115,57,1,7,19,20,104,103,9,0.05625
115,58,2,7,30,23,142,142,8,0.05
115,59,3,7,39,29,169,167,8,0.05
115,60,4,7,42,15,148,149,6,0.0375
115,61,5,7,22,32,134,134,7,0.04375
115,62,6,7,18,31,103,100,9,0.05625
115,63,7,7,18,26,58,58,4,0.025
116,0,0,0,10,20,44,44,5,0.03125
116,1,1,0,10,14,54,54,10,0.0625
116,2,2,0,16,18,81,77,9,0.05625
116,3,3,0,28,16,91,90,8,0.05
116,4,4,0,27,13,88,86,8,0.05
116,5,5,0,16,16,80,78,9,0.05625
116,6,6,0,4,11,50,48,8,0.05
116,7,7,0,5,18,37,38,4,0.025
116,8,0,1,10,12,69,71,8,0.05
116,9,1,1,7,15,71,73,10,0.0625
116,10,2,1,15,21,106,105,8,0.05
116,11,3,1,35,17,120,120,7,0.04375
116,12,4,1,35,13,124,120,7,0.04375
116,13,5,1,22,18,116,115,9,0.05625
116,14,6,1,8,15,80,78,8,0.05
116,15,7,1,13,14,68,68,7,0.04375
116,16,0,2,8,17,88,89,7,0.04375
116,17,1,2,12,22,106,105,6,0.0375
116,18,2,2,28,15,135,136,5,0.03125
116,19,3,2,39,14,136,134,7,0.04375
116,20,4,2,26,22,130,133,5,0.03125
116,21,5,2,13,15,114,116,8,0.05
116,22,6,2,7,22,91,91,8,0.05
116,23,7,2,1,14,71,74,4,0.025
116,24,0,3,8,21,96,99,4,0.025
116,25,1,3,10,16,114,115,8,0.05
116,26,2,3,15,19,143,142,7,0.04375
116,27,3,3,39,7,127,128,7,0.04375
116,28,4,3,21,16,136,135,7,0.04375
116,29,5,3,13,15,124,125,6,0.0375
116,30,6,3,4,19,102,101,7,0.04375
116,31,7,3,4,14,78,78,6,0.0375
116,32,0,4,7,24,96,99,5,0.03125
116,33,1,4,12,16,126,129,7,0.04375
116,34,2,4,25,11,147,148,7,0.04375
116,35,3,4,32,12,121,123,7,0.04375
116,36,4,4,25,8,133,132,9,0.05625
116,37,5,4,11,9,125,125,9,0.05625
116,38,6,4,6,17,106,105,9,0.05625
116,39,7,4,4,24,90,91,5,0.03125
116,40,0,5,8,22,79,81,5,0.03125
116,41,1,5,10,15,114,115,11,0.06875
116,42,2,5,17,11,127,127,7,0.04375
116,43,3,5,32,11,118,119,7,0.04375
116,44,4,5,34,14,135,138,5,0.03125
116,45,5,5,10,16,119,118,10,0.0625
116,46,6,5,11,17,98,94,12,0.075
116,47,7,5,7,12,83,81,5,0.03125
116,48,0,6,12,20,64,67,4,0.025
116,49,1,6,15,29,110,110,10,0.0625
116,50,2,6,30,20,128,122,11,0.06875
116,51,3,6,29,12,109,109,7,0.04375
116,52,4,6,16,15,106,107,9,0.05625
116,53,5,6,9,18,95,95,6,0.0375
116,54,6,6,2,13,74,73,8,0.05
116,55,7,6,7,23,66,64,4,0.025
116,56,0,7,7,14,34,33,5,0.03125
116,57,1,7,10,16,61,63,7,0.04375
116,58,2,7,18,19,88,89,7,0.04375
116,59,3,7,26,11,92,96,6,0.0375
116,60,4,7,40,11,110,109,6,0.0375
116,61,5,7,20,24,94,94,6,0.0375
116,62,6,7,4,12,58,60,7,0.04375
116,63,7,7,10,14,34,35,3,0.01875
117,0,0,0,10,14,44,44,4,0.025
117,1,1,0,11,20,65,69,6,0.0375
117,2,2,0,26,16,80,83,7,0.04375
117,3,3,0,29,14,85,85,7,0.04375
117,4,4,0,16,26,85,83,9,0.05625
117,5,5,0,8,16,57,57,10,0.0625
117,6,6,0,1,12,35,36,8,0.05
117,7,7,0,4,28,41,41,4,0.025
117,8,0,1,0,30,65,67,4,0.025
117,9,1,1,4,17,76,77,9,0.05625
117,10,2,1,11,16,89,90,8,0.05
117,11,3,1,18,18,105,105,8,0.05
117,12,4,1,37,13,127,128,6,0.0375
117,13,5,1,18,12,106,103,10,0.0625
117,14,6,1,12,17,74,78,6,0.0375
117,15,7,1,12,11,67,71,3,0.01875
117,16,0,2,6,10,74,76,4,0.025
117,17,1,2,5,15,96,95,8,0.05
117,18,2,2,16,11,107,105,6,0.0375
117,19,3,2,25,16,128,126,9,0.05625
117,20,4,2,37,10,137,139,5,0.03125
117,21,5,2,24,14,124,121,11,0.06875
117,22,6,2,6,16,97,99,7,0.04375
117,23,7,2,8,17,89,91,2,0.0125
117,24,0,3,8,13,93,91,5,0.03125
117,25,1,3,11,17,118,119,6,0.0375
117,26,2,3,21,18,131,133,7,0.04375
117,27,3,3,40,17,148,148,5,0.03125
117,28,4,3,20,14,132,131,8,0.05
117,29,5,3,16,17,128,127,8,0.05
117,30,6,3,9,13,99,100,7,0.04375
117,31,7,3,7,14,92,93,5,0.03125
117,32,0,4,14,24,94,94,5,0.03125
117,33,1,4,8,17,103,103,8,0.05
117,34,2,4,15,19,128,129,8,0.05
117,35,3,4,35,16,149,142,12,0.075
117,36,4,4,31,21,151,153,7,0.04375
117,37,5,4,20,19,142,142,8,0.05
117,38,6,4,8,5,103,107,8,0.05
117,39,7,4,10,24,98,98,4,0.025
117,40,0,5,12,17,78,76,6,0.0375
117,41,1,5,12,19,98,101,8,0.05
117,42,2,5,24,15,127,126,8,0.05
117,43,3,5,34,15,135,132,10,0.0625
117,44,4,5,31,15,136,133,9,0.05625
117,45,5,5,10,22,123,123,10,0.0625
117,46,6,5,8,21,98,103,7,0.04375
117,47,7,5,8,11,75,76,5,0.03125
117,48,0,6,12,16,59,60,3,0.01875
117,49,1,6,15,16,76,75,10,0.0625
117,50,2,6,31,15,111,113,8,0.05
117,51,3,6,25,15,112,113,8,0.05
117,52,4,6,19,15,102,100,9,0.05625
117,53,5,6,14,14,88,86,10,0.0625
117,54,6,6,6,25,72,71,9,0.05625
117,55,7,6,2,14,56,57,4,0.025
117,56,0,7,9,10,33,35,4,0.025
117,57,1,7,10,13,57,57,7,0.04375
117,58,2,7,21,17,83,83,6,0.0375
117,59,3,7,40,13,110,112,4,0.025
117,60,4,7,26,12,102,102,6,0.0375
117,61,5,7,21,17,86,85,8,0.05
117,62,6,7,17,10,56,56,8,0.05
117,63,7,7,10,18,41,41,4,0.025
118,0,0,0,11,15,43,44,4,0.025
118,1,1,0,8,23,74,72,8,0.05
118,2,2,0,17,23,93,92,7,0.04375
118,3,3,0,33,14,99,104,4,0.025
118,4,4,0,33,17,102,105,7,0.04375
118,5,5,0,14,17,74,77,7,0.04375
118,6,6,0,6,11,40,42,5,0.03125
118,7,7,0,6,12,29,29,4,0.025
118,8,0,1,8,12,56,57,4,0.025
118,9,1,1,8,20,88,88,8,0.05
118,10,2,1,10,17,101,99,9,0.05625
118,11,3,1,26,21,120,115,12,0.075
118,12,4,1,32,20,132,131,8,0.05
118,13,5,1,33,15,126,128,10,0.0625
118,14,6,1,14,17,86,82,10,0.0625
118,15,7,1,10,18,60,61,4,0.025
118,16,0,2,8,19,74,76,3,0.01875
118,17,1,2,12,15,106,106,7,0.04375
118,18,2,2,15,21,131,130,7,0.04375
118,19,3,2,42,15,152,155,7,0.04375
118,20,4,2,27,18,149,146,6,0.0375
118,21,5,2,22,13,126,129,8,0.05
118,22,6,2,9,10,87,85,9,0.05625
118,23,7,2,4,19,77,72,5,0.03125
118,24,0,3,9,15,81,80,6,0.0375
118,25,1,3,15,25,125,125,8,0.05
118,26,2,3,16,19,135,133,9,0.05625
118,27,3,3,36,15,158,158,8,0.05
118,28,4,3,39,15,162,164,5,0.03125
118,29,5,3,11,21,131,129,10,0.0625
118,30,6,3,8,13,89,87,9,0.05625
118,31,7,3,4,12,77,77,5,0.03125
118,32,0,4,4,18,75,76,4,0.025
118,33,1,4,9,14,104,104,8,0.05
118,34,2,4,13,8,121,117,12,0.075
118,35,3,4,36,20,158,158,12,0.075
118,36,4,4,34,15,155,153,9,0.05625
118,37,5,4,13,15,136,135,8,0.05
118,38,6,4,5,19,90,89,8,0.05
118,39,7,4,9,20,90,89,6,0.0375
118,40,0,5,6,15,69,70,5,0.03125
118,41,1,5,7,16,90,93,5,0.03125
118,42,2,5,13,19,113,114,8,0.05
118,43,3,5,24,26,142,145,7,0.04375
118,44,4,5,35,15,149,148,6,0.0375
118,45,5,5,17,20,127,127,10,0.0625
118,46,6,5,8,18,91,88,9,0.05625
118,47,7,5,5,7,76,75,5,0.03125
118,48,0,6,3,15,53,50,5,0.03125
118,49,1,6,10,16,80,81,9,0.05625
118,50,2,6,17,21,106,104,9,0.05625
118,51,3,6,37,14,130,130,7,0.04375
118,52,4,6,26,16,128,130,8,0.05
118,53,5,6,17,21,109,110,9,0.05625
118,54,6,6,9,13,77,79,8,0.05
118,55,7,6,7,20,69,62,10,0.0625
118,56,0,7,9,21,39,40,4,0.025
118,57,1,7,8,12,58,56,8,0.05
118,58,2,7,22,11,79,78,7,0.04375
118,59,3,7,33,13,104,100,8,0.05
118,60,4,7,41,17,114,115,5,0.03125
118,61,5,7,19,18,85,85,9,0.05625
118,62,6,7,6,13,63,62,9,0.05625
118,63,7,7,11,14,49,46,6,0.0375
119,0,0,0,6,13,29,29,5,0.03125
119,1,1,0,7,19,55,55,8,0.05
119,2,2,0,11,19,77,77,8,0.05
119,3,3,0,37,25,112,110,5,0.03125
119,4,4,0,35,15,97,100,5,0.03125
119,5,5,0,18,17,88,89,6,0.0375
119,6,6,0,16,16,70,68,8,0.05
119,7,7,0,10,13,37,38,4,0.025
119,8,0,1,12,18,60,60,4,0.025
119,9,1,1,2,16,84,85,7,0.04375
119,10,2,1,13,21,108,110,7,0.04375
119,11,3,1,33,18,128,134,5,0.03125
119,12,4,1,28,15,112,113,7,0.04375
119,13,5,1,22,12,104,107,6,0.0375
119,14,6,1,4,27,81,80,9,0.05625
119,15,7,1,5,16,59,59,4,0.025
119,16,0,2,11,13,70,68,5,0.03125
119,17,1,2,9,6,98,98,8,0.05
119,18,2,2,15,11,115,113,8,0.05
119,19,3,2,29,20,142,140,7,0.04375
119,20,4,2,35,15,132,133,6,0.0375
119,21,5,2,23,14,129,130,8,0.05
119,22,6,2,11,21,107,103,10,0.0625
119,23,7,2,8,17,79,81,4,0.025
119,24,0,3,4,21,71,74,3,0.01875
119,25,1,3,7,23,107,106,9,0.05625
119,26,2,3,11,21,126,126,9,0.05625
119,27,3,3,36,19,162,163,6,0.0375
119,28,4,3,40,16,151,149,7,0.04375
119,29,5,3,16,21,131,132,8,0.05
119,30,6,3,5,19,107,107,7,0.04375
119,31,7,3,11,16,92,92,5,0.03125
119,32,0,4,6,12,76,75,5,0.03125
119,33,1,4,8,9,109,105,8,0.05
119,34,2,4,18,14,132,134,9,0.05625
119,35,3,4,30,19,156,158,10,0.0625
119,36,4,4,38,13,145,149,6,0.0375
119,37,5,4,21,16,133,133,7,0.04375
119,38,6,4,10,8,119,118,9,0.05625
119,39,7,4,16,16,103,105,4,0.025
119,40,0,5,7,12,73,74,5,0.03125
119,41,1,5,10,17,96,95,7,0.04375
119,42,2,5,18,15,125,124,8,0.05
119,43,3,5,33,17,145,144,7,0.04375
119,44,4,5,33,20,132,134,6,0.0375
119,45,5,5,6,17,116,117,9,0.05625
119,46,6,5,7,14,110,110,8,0.05
119,47,7,5,10,18,96,97,4,0.025
119,48,0,6,13,19,68,69,4,0.025
119,49,1,6,4,16,76,74,10,0.0625
119,50,2,6,16,10,95,96,10,0.0625
119,51,3,6,44,18,125,120,12,0.075
119,52,4,6,16,15,99,101,7,0.04375
119,53,5,6,10,15,90,92,6,0.0375
119,54,6,6,3,24,84,85,6,0.0375
119,55,7,6,8,16,65,72,4,0.025
119,56,0,7,11,19,43,42,4,0.025
119,57,1,7,11,12,63,64,8,0.05
119,58,2,7,14,19,91,91,9,0.05625
119,59,3,7,42,17,108,105,11,0.06875
119,60,4,7,36,12,101,99,7,0.04375
119,61,5,7,15,15,82,83,7,0.04375
119,62,6,7,9,20,57,57,9,0.05625
119,63,7,7,1,24,33,36,4,0.025
120,0,0,0,10,17,37,38,4,0.025
120,1,1,0,3,13,52,54,5,0.03125
120,2,2,0,13,16,71,72,8,0.05
120,3,3,0,27,15,98,97,6,0.0375
120,4,4,0,40,12,106,102,9,0.05625
120,5,5,0,20,15,89,87,7,0.04375
120,6,6,0,9,15,54,54,8,0.05
120,7,7,0,8,15,38,39,3,0.01875
120,8,0,1,6,22,63,63,5,0.03125
120,9,1,1,16,20,91,88,9,0.05625
120,10,2,1,14,8,101,102,7,0.04375
120,11,3,1,32,18,132,127,11,0.06875
120,12,4,1,30,23,123,122,7,0.04375
120,13,5,1,12,22,111,105,12,0.075
120,14,6,1,9,12,69,71,8,0.05
120,15,7,1,11,13,63,62,4,0.025
120,16,0,2,12,17,93,91,6,0.0375
120,17,1,2,13,20,111,108,11,0.06875
120,18,2,2,14,15,122,123,7,0.04375
120,19,3,2,30,15,142,145,7,0.04375
120,20,4,2,32,11,135,134,5,0.03125
120,21,5,2,12,15,124,125,6,0.0375
120,22,6,2,7,17,85,89,8,0.05
120,23,7,2,10,13,80,79,6,0.0375
120,24,0,3,9,18,96,94,5,0.03125
120,25,1,3,4,22,107,104,10,0.0625
120,26,2,3,11,17,121,123,8,0.05
120,27,3,3,37,20,165,164,7,0.04375
120,28,4,3,32,14,149,149,5,0.03125
120,29,5,3,15,28,139,140,8,0.05
120,30,6,3,8,10,91,90,9,0.05625
120,31,7,3,8,20,95,96,5,0.03125
120,32,0,4,13,16,95,93,6,0.0375
120,33,1,4,6,18,108,109,11,0.06875
120,34,2,4,17,19,131,129,10,0.0625
120,35,3,4,32,16,153,155,9,0.05625
120,36,4,4,31,12,147,145,6,0.0375
120,37,5,4,29,8,138,140,6,0.0375
120,38,6,4,17,16,107,108,8,0.05
120,39,7,4,9,19,96,90,9,0.05625
120,40,0,5,10,21,85,85,3,0.01875
120,41,1,5,10,16,97,95,8,0.05
120,42,2,5,17,9,111,113,7,0.04375
120,43,3,5,39,20,145,145,6,0.0375
120,44,4,5,31,17,144,139,12,0.075
120,45,5,5,18,20,118,120,8,0.05
120,46,6,5,9,17,93,92,10,0.0625
120,47,7,5,3,21,76,75,5,0.03125
120,48,0,6,9,14,67,68,4,0.025
120,49,1,6,11,12,83,84,9,0.05625
120,50,2,6,27,17,115,115,9,0.05625
120,51,3,6,35,12,122,123,9,0.05625
120,52,4,6,23,15,119,116,10,0.0625
120,53,5,6,8,14,87,85,10,0.0625
120,54,6,6,7,16,72,70,8,0.05
120,55,7,6,2,19,57,55,6,0.0375
120,56,0,7,10,13,38,39,3,0.01875
120,57,1,7,7,12,59,59,6,0.0375
120,58,2,7,21,19,86,89,6,0.0375
120,59,3,7,29,20,99,101,9,0.05625
120,60,4,7,30,18,105,104,8,0.05
120,61,5,7,17,14,81,81,7,0.04375
120,62,6,7,6,17,56,58,7,0.04375
120,63,7,7,6,15,36,36,3,0.01875
121,0,0,0,16,31,58,58,4,0.025
121,1,1,0,19,30,94,92,7,0.04375
121,2,2,0,36,26,131,131,7,0.04375
121,3,3,0,31,29,148,149,6,0.0375
121,4,4,0,38,28,156,160,4,0.025
121,5,5,0,28,16,125,124,8,0.05
121,6,6,0,18,20,91,92,7,0.04375
121,7,7,0,25,23,62,61,4,0.025
121,8,0,1,22,29,103,104,4,0.025
121,9,1,1,19,22,136,139,7,0.04375
121,10,2,1,29,31,178,174,10,0.0625
121,11,3,1,29,33,200,204,5,0.03125
121,12,4,1,33,22,188,188,9,0.05625
121,13,5,1,22,22,143,148,8,0.05
121,14,6,1,12,33,127,126,9,0.05625
121,15,7,1,22,28,103,103,5,0.03125
121,16,0,2,19,27,128,130,4,0.025
121,17,1,2,22,31,174,176,8,0.05
121,18,2,2,30,21,193,193,8,0.05
121,19,3,2,33,24,232,229,8,0.05
121,20,4,2,33,33,223,224,7,0.04375
121,21,5,2,23,20,177,177,6,0.0375
121,22,6,2,23,25,156,153,10,0.0625
121,23,7,2,18,29,132,132,5,0.03125
121,24,0,3,22,24,142,142,5,0.03125
121,25,1,3,20,24,187,188,9,0.05625
121,26,2,3,31,21,203,202,8,0.05
121,27,3,3,37,32,254,253,7,0.04375
121,28,4,3,39,26,229,232,4,0.025
121,29,5,3,22,27,189,188,9,0.05625
121,30,6,3,16,17,155,157,8,0.05
121,31,7,3,19,29,139,140,4,0.025
121,32,0,4,23,29,143,144,6,0.0375
121,33,1,4,18,22,181,181,9,0.05625
121,34,2,4,23,27,203,206,8,0.05
121,35,3,4,36,28,254,256,7,0.04375
121,36,4,4,34,24,227,228,6,0.0375
121,37,5,4,26,23,201,199,8,0.05
121,38,6,4,22,11,172,170,9,0.05625
121,39,7,4,24,22,138,142,5,0.03125
121,40,0,5,17,20,116,116,4,0.025
121,41,1,5,19,27,167,168,6,0.0375
121,42,2,5,24,23,178,180,6,0.0375
121,43,3,5,33,32,238,237,7,0.04375
121,44,4,5,36,30,219,224,6,0.0375
121,45,5,5,24,36,190,188,10,0.0625
121,46,6,5,16,18,153,150,13,0.08125
121,47,7,5,18,32,124,125,5,0.03125
121,48,0,6,24,23,104,104,3,0.01875
121,49,1,6,25,31,158,162,7,0.04375
121,50,2,6,29,23,172,172,7,0.04375
121,51,3,6,38,31,208,213,5,0.03125
121,52,4,6,31,27,184,187,6,0.0375
121,53,5,6,21,15,147,149,8,0.05
121,54,6,6,16,33,140,139,8,0.05
121,55,7,6,16,21,95,95,5,0.03125
121,56,0,7,24,22,65,65,4,0.025
121,57,1,7,20,23,97,96,9,0.05625
121,58,2,7,21,25,123,120,8,0.05
121,59,3,7,32,23,151,154,5,0.03125
121,60,4,7,37,22,148,150,5,0.03125
121,61,5,7,25,31,131,131,7,0.04375
121,62,6,7,21,27,105,106,6,0.0375
121,63,7,7,22,25,64,63,5,0.03125
122,0,0,0,8,11,31,32,3,0.01875
122,1,1,0,5,17,57,57,7,0.04375
122,2,2,0,16,20,83,81,6,0.0375
122,3,3,0,33,14,104,102,8,0.05
122,4,4,0,47,18,122,119,8,0.05
122,5,5,0,35,20,105,107,6,0.0375
122,6,6,0,13,18,70,69,7,0.04375
122,7,7,0,9,10,32,32,4,0.025
122,8,0,1,12,22,61,62,2,0.0125
122,9,1,1,10,17,89,87,8,0.05
122,10,2,1,15,13,102,104,8,0.05
122,11,3,1,28,21,119,120,6,0.0375
122,12,4,1,33,21,134,134,7,0.04375
122,13,5,1,17,17,109,109,7,0.04375
122,14,6,1,13,23,98,97,10,0.0625
122,15,7,1,7,16,58,56,6,0.0375
122,16,0,2,6,16,72,73,4,0.025
122,17,1,2,5,14,102,102,9,0.05625
122,18,2,2,15,17,119,118,9,0.05625
122,19,3,2,31,17,137,137,7,0.04375
122,20,4,2,35,15,153,153,6,0.0375
122,21,5,2,20,16,130,128,6,0.0375
122,22,6,2,7,15,119,120,10,0.0625
122,23,7,2,11,15,79,78,5,0.03125
122,24,0,3,14,19,91,93,5,0.03125
122,25,1,3,6,17,120,120,9,0.05625
122,26,2,3,25,14,138,140,5,0.03125
122,27,3,3,39,19,151,149,8,0.05
122,28,4,3,25,23,160,156,10,0.0625
122,29,5,3,14,13,121,121,8,0.05
122,30,6,3,7,8,108,107,7,0.04375
122,31,7,3,5,16,77,76,4,0.025
122,32,0,4,9,12,85,87,4,0.025
122,33,1,4,10,15,111,113,9,0.05625
122,34,2,4,19,15,132,132,7,0.04375
122,35,3,4,34,17,141,142,6,0.0375
122,36,4,4,32,16,162,161,8,0.05
122,37,5,4,13,15,128,128,8,0.05
122,38,6,4,8,23,120,122,7,0.04375
122,39,7,4,8,15,74,74,5,0.03125
122,40,0,5,4,19,77,75,7,0.04375
122,41,1,5,6,20,93,93,6,0.0375
122,42,2,5,13,14,117,117,5,0.03125
122,43,3,5,26,13,124,122,10,0.0625
122,44,4,5,28,17,152,149,9,0.05625
122,45,5,5,29,23,138,138,8,0.05
122,46,6,5,11,14,107,112,8,0.05
122,47,7,5,5,13,63,62,4,0.025
122,48,0,6,7,10,50,48,6,0.0375
122,49,1,6,6,12,77,74,9,0.05625
122,50,2,6,15,20,109,110,8,0.05
122,51,3,6,15,12,110,106,10,0.0625
122,52,4,6,43,18,143,138,10,0.0625
122,53,5,6,21,15,104,102,8,0.05
122,54,6,6,5,17,87,83,12,0.075
122,55,7,6,7,12,54,54,5,0.03125
122,56,0,7,6,17,34,32,4,0.025
122,57,1,7,4,15,58,61,5,0.03125
122,58,2,7,26,19,97,99,5,0.03125
122,59,3,7,32,13,103,102,7,0.04375
122,60,4,7,35,21,111,110,7,0.04375
122,61,5,7,19,14,77,79,5,0.03125
122,62,6,7,12,15,61,59,7,0.04375
122,63,7,7,9,19,38,39,4,0.025
123,0,0,0,8,23,49,48,4,0.025
123,1,1,0,12,19,72,73,6,0.0375
123,2,2,0,16,15,82,86,6,0.0375
123,3,3,0,31,17,105,107,4,0.025
123,4,4,0,39,11,111,115,3,0.01875
123,5,5,0,24,17,96,95,6,0.0375
123,6,6,0,6,16,60,60,8,0.05
123,7,7,0,14,14,45,45,4,0.025
123,8,0,1,5,17,75,71,6,0.0375
123,9,1,1,7,13,84,85,8,0.05
123,10,2,1,19,17,100,100,8,0.05
123,11,3,1,22,12,109,108,6,0.0375
123,12,4,1,33,24,130,129,8,0.05
123,13,5,1,17,16,102,102,6,0.0375
123,14,6,1,6,10,77,75,13,0.08125
123,15,7,1,9,21,72,74,4,0.025
123,16,0,2,5,21,92,89,6,0.0375
123,17,1,2,9,21,105,106,8,0.05
123,18,2,2,18,10,120,120,8,0.05
123,19,3,2,23,13,137,135,10,0.0625
123,20,4,2,41,13,156,153,8,0.05
123,21,5,2,18,20,123,124,6,0.0375
123,22,6,2,9,11,91,94,7,0.04375
123,23,7,2,8,9,83,86,4,0.025
123,24,0,3,9,18,103,103,4,0.025
123,25,1,3,13,20,124,126,8,0.05
123,26,2,3,27,13,146,140,10,0.0625
123,27,3,3,32,15,145,149,5,0.03125
123,28,4,3,16,21,138,140,8,0.05
123,29,5,3,12,23,126,126,9,0.05625
123,30,6,3,4,22,102,98,12,0.075
123,31,7,3,9,23,96,98,3,0.01875
123,32,0,4,8,22,102,96,8,0.05
123,33,1,4,11,16,113,112,10,0.0625
123,34,2,4,21,17,137,138,8,0.05
123,35,3,4,38,17,160,159,7,0.04375
123,36,4,4,29,17,154,155,5,0.03125
123,37,5,4,21,18,143,142,10,0.0625
123,38,6,4,8,18,112,107,12,0.075
123,39,7,4,10,15,95,93,5,0.03125
123,40,0,5,5,24,88,87,8,0.05
123,41,1,5,9,10,102,102,8,0.05
123,42,2,5,19,13,126,122,6,0.0375
123,43,3,5,34,12,145,146,7,0.04375
123,44,4,5,37,11,140,143,7,0.04375
123,45,5,5,17,15,123,121,10,0.0625
123,46,6,5,2,19,93,94,7,0.04375
123,47,7,5,11,14,84,85,4,0.025
123,48,0,6,3,14,59,58,6,0.0375
123,49,1,6,6,18,72,74,7,0.04375
123,50,2,6,5,16,87,87,9,0.05625
123,51,3,6,20,20,115,116,8,0.05
123,52,4,6,39,15,128,129,9,0.05625
123,53,5,6,23,17,126,126,9,0.05625
123,54,6,6,12,11,89,92,10,0.0625
123,55,7,6,13,20,75,73,8,0.05
123,56,0,7,8,17,45,47,4,0.025
123,57,1,7,13,22,72,70,7,0.04375
123,58,2,7,17,15,79,80,6,0.0375
123,59,3,7,38,14,108,110,5,0.03125
123,60,4,7,40,11,102,107,3,0.01875
123,61,5,7,11,23,90,85,10,0.0625
123,62,6,7,6,22,65,66,7,0.04375
123,63,7,7,12,18,47,46,4,0.025
124,0,0,0,10,9,35,36,3,0.01875
124,1,1,0,7,23,70,68,8,0.05
124,2,2,0,22,12,86,84,8,0.05
124,3,3,0,39,9,99,97,6,0.0375
124,4,4,0,33,19,107,103,7,0.04375
124,5,5,0,18,17,80,76,12,0.075
124,6,6,0,10,17,56,52,12,0.075
124,7,7,0,4,17,32,32,3,0.01875
124,8,0,1,10,26,72,75,4,0.025
124,9,1,1,7,20,90,89,9,0.05625
124,10,2,1,15,15,100,103,6,0.0375
124,11,3,1,37,16,128,125,10,0.0625
124,12,4,1,33,29,152,152,8,0.05
124,13,5,1,16,15,104,103,8,0.05
124,14,6,1,10,12,74,74,12,0.075
124,15,7,1,13,17,60,60,4,0.025
124,16,0,2,9,18,85,86,5,0.03125
124,17,1,2,3,16,84,81,10,0.0625
124,18,2,2,17,11,96,94,10,0.0625
124,19,3,2,23,13,123,123,11,0.06875
124,20,4,2,32,11,152,152,8,0.05
124,21,5,2,20,16,129,130,6,0.0375
124,22,6,2,13,11,92,90,10,0.0625
124,23,7,2,9,14,69,69,4,0.025
124,24,0,3,12,13,101,100,4,0.025
124,25,1,3,7,8,108,107,8,0.05
124,26,2,3,31,15,132,136,7,0.04375
124,27,3,3,34,19,149,149,7,0.04375
124,28,4,3,31,19,162,161,9,0.05625
124,29,5,3,15,23,139,140,7,0.04375
124,30,6,3,13,13,109,115,7,0.04375
124,31,7,3,10,18,88,86,4,0.025
124,32,0,4,10,20,97,100,5,0.03125
124,33,1,4,5,18,107,108,9,0.05625
124,34,2,4,12,21,133,129,9,0.05625
124,35,3,4,32,14,152,151,7,0.04375
124,36,4,4,32,25,166,161,9,0.05625
124,37,5,4,20,16,139,140,8,0.05
124,38,6,4,6,27,115,117,11,0.06875
124,39,7,4,7,17,92,93,7,0.04375
124,40,0,5,9,20,84,87,4,0.025
124,41,1,5,6,21,98,95,9,0.05625
124,42,2,5,23,14,133,131,9,0.05625
124,43,3,5,31,20,143,144,8,0.05
124,44,4,5,33,18,142,140,9,0.05625
124,45,5,5,14,15,125,127,9,0.05625
124,46,6,5,11,15,102,103,6,0.0375
124,47,7,5,4,13,88,87,5,0.03125
124,48,0,6,3,21,56,57,5,0.03125
124,49,1,6,5,11,62,63,7,0.04375
124,50,2,6,13,19,102,101,7,0.04375
124,51,3,6,20,16,116,118,6,0.0375
124,52,4,6,36,16,129,132,7,0.04375
124,53,5,6,29,17,129,132,6,0.0375
124,54,6,6,14,19,94,93,11,0.06875
124,55,7,6,7,15,71,73,5,0.03125
124,56,0,7,8,14,35,36,3,0.01875
124,57,1,7,9,12,56,54,9,0.05625
124,58,2,7,23,18,93,92,6,0.0375
124,59,3,7,41,21,115,115,4,0.025
124,60,4,7,28,15,106,102,6,0.0375
124,61,5,7,19,18,88,93,5,0.03125
124,62,6,7,17,17,62,61,8,0.05
124,63,7,7,4,28,43,44,4,0.025
125,0,0,0,4,14,31,31,3,0.01875
125,1,1,0,5,19,54,55,8,0.05
125,2,2,0,12,21,78,78,7,0.04375
125,3,3,0,27,18,99,98,8,0.05
125,4,4,0,33,14,101,100,9,0.05625
125,5,5,0,23,15,81,86,7,0.04375
125,6,6,0,4,17,55,59,8,0.05
125,7,7,0,8,13,35,33,5,0.03125
125,8,0,1,3,19,57,56,5,0.03125
125,9,1,1,9,7,82,85,6,0.0375
125,10,2,1,18,15,99,98,6,0.0375
125,11,3,1,28,14,119,120,9,0.05625
125,12,4,1,36,25,137,138,8,0.05
125,13,5,1,23,21,113,110,10,0.0625
125,14,6,1,4,13,83,86,9,0.05625
125,15,7,1,13,20,64,63,4,0.025
125,16,0,2,7,15,77,79,4,0.025
125,17,1,2,12,22,112,114,10,0.0625
125,18,2,2,13,18,121,122,9,0.05625
125,19,3,2,22,12,133,138,7,0.04375
125,20,4,2,32,19,150,152,6,0.0375
125,21,5,2,19,11,122,121,6,0.0375
125,22,6,2,12,21,121,118,12,0.075
125,23,7,2,10,25,86,84,4,0.025
125,24,0,3,11,19,93,95,4,0.025
125,25,1,3,8,19,114,114,9,0.05625
125,26,2,3,10,8,127,123,11,0.06875
125,27,3,3,42,14,164,163,7,0.04375
125,28,4,3,28,18,144,148,3,0.01875
125,29,5,3,13,21,115,116,7,0.04375
125,30,6,3,8,16,109,107,9,0.05625
125,31,7,3,5,13,80,81,4,0.025
125,32,0,4,6,17,95,92,8,0.05
125,33,1,4,7,16,101,100,8,0.05
125,34,2,4,16,16,122,124,7,0.04375
125,35,3,4,38,14,165,165,7,0.04375
125,36,4,4,32,22,154,158,6,0.0375
125,37,5,4,16,13,116,119,6,0.0375
125,38,6,4,9,14,113,114,10,0.0625
125,39,7,4,9,16,90,92,4,0.025
125,40,0,5,7,14,85,83,7,0.04375
125,41,1,5,10,16,102,103,10,0.0625
125,42,2,5,21,16,121,124,8,0.05
125,43,3,5,43,24,156,154,9,0.05625
125,44,4,5,33,18,149,150,8,0.05
125,45,5,5,11,13,109,110,8,0.05
125,46,6,5,6,26,114,110,10,0.0625
125,47,7,5,12,18,83,83,5,0.03125
125,48,0,6,11,23,71,73,4,0.025
125,49,1,6,3,17,79,78,8,0.05
125,50,2,6,6,13,77,80,7,0.04375
125,51,3,6,21,17,112,113,7,0.04375
125,52,4,6,32,15,133,133,6,0.0375
125,53,5,6,39,21,123,119,10,0.0625
125,54,6,6,12,18,103,104,10,0.0625
125,55,7,6,13,14,64,66,4,0.025
125,56,0,7,10,14,40,39,4,0.025
125,57,1,7,4,17,63,64,9,0.05625
125,58,2,7,17,13,77,78,5,0.03125
125,59,3,7,34,16,103,100,7,0.04375
125,60,4,7,36,24,113,113,7,0.04375
125,61,5,7,18,11,85,82,8,0.05
125,62,6,7,9,22,68,70,5,0.03125
125,63,7,7,13,21,45,44,5,0.03125
126,0,0,0,4,23,46,44,5,0.03125
126,1,1,0,10,11,61,59,9,0.05625
126,2,2,0,20,22,88,89,6,0.0375
126,3,3,0,30,12,97,100,5,0.03125
126,4,4,0,37,16,100,105,3,0.01875
126,5,5,0,15,11,77,75,8,0.05
126,6,6,0,7,17,58,58,8,0.05
126,7,7,0,9,22,41,42,4,0.025
126,8,0,1,8,21,77,78,4,0.025
126,9,1,1,7,20,88,87,8,0.05
126,10,2,1,7,13,92,92,7,0.04375
126,11,3,1,27,13,114,115,7,0.04375
126,12,4,1,29,9,109,107,9,0.05625
126,13,5,1,20,12,100,104,8,0.05
126,14,6,1,8,11,77,71,13,0.08125
126,15,7,1,9,11,57,58,5,0.03125
126,16,0,2,9,18,89,87,4,0.025
126,17,1,2,9,16,105,106,8,0.05
126,18,2,2,22,11,110,115,6,0.0375
126,19,3,2,23,24,144,142,8,0.05
126,20,4,2,36,12,122,124,6,0.0375
126,21,5,2,12,21,117,116,7,0.04375
126,22,6,2,8,20,92,97,7,0.04375
126,23,7,2,9,10,74,74,5,0.03125
126,24,0,3,7,17,81,79,6,0.0375
126,25,1,3,6,18,111,110,9,0.05625
126,26,2,3,13,16,112,114,9,0.05625
126,27,3,3,27,13,155,153,9,0.05625
126,28,4,3,35,17,139,133,11,0.06875
126,29,5,3,23,28,145,143,9,0.05625
126,30,6,3,9,17,114,111,11,0.06875
126,31,7,3,7,14,84,81,5,0.03125
126,32,0,4,8,17,67,74,3,0.01875
126,33,1,4,5,19,109,110,8,0.05
126,34,2,4,19,16,113,115,7,0.04375
126,35,3,4,26,16,141,139,8,0.05
126,36,4,4,35,19,138,138,7,0.04375
126,37,5,4,19,15,140,138,7,0.04375
126,38,6,4,9,18,126,127,8,0.05
126,39,7,4,11,10,89,90,3,0.01875
126,40,0,5,4,11,62,65,3,0.01875
126,41,1,5,7,16,99,99,9,0.05625
126,42,2,5,15,13,111,110,7,0.04375
126,43,3,5,38,20,146,144,10,0.0625
126,44,4,5,28,13,120,121,6,0.0375
126,45,5,5,16,19,125,125,8,0.05
126,46,6,5,11,17,110,110,11,0.06875
126,47,7,5,4,20,76,75,6,0.0375
126,48,0,6,6,12,57,55,4,0.025
126,49,1,6,4,15,86,85,9,0.05625
126,50,2,6,12,17,93,91,9,0.05625
126,51,3,6,31,16,125,120,10,0.0625
126,52,4,6,38,15,116,116,7,0.04375
126,53,5,6,18,17,107,109,8,0.05
126,54,6,6,6,21,85,88,7,0.04375
126,55,7,6,9,15,65,64,4,0.025
126,56,0,7,12,12,43,42,4,0.025
126,57,1,7,14,18,76,78,7,0.04375
126,58,2,7,25,10,93,93,6,0.0375
126,59,3,7,39,13,112,113,5,0.03125
126,60,4,7,26,11,86,87,5,0.03125
126,61,5,7,25,15,79,79,7,0.04375
126,62,6,7,3,15,57,56,7,0.04375
126,63,7,7,4,19,39,40,4,0.025
127,0,0,0,24,27,71,69,6,0.0375
127,1,1,0,21,29,116,115,10,0.0625
127,2,2,0,26,29,147,144,9,0.05625
127,3,3,0,33,27,155,154,6,0.0375
127,4,4,0,32,30,151,150,5,0.03125
127,5,5,0,26,29,139,142,6,0.0375
127,6,6,0,22,28,103,102,9,0.05625
127,7,7,0,18,22,67,67,4,0.025
127,8,0,1,22,26,103,98,9,0.05625
127,9,1,1,18,20,131,132,6,0.0375
127,10,2,1,25,26,167,166,8,0.05
127,11,3,1,37,24,185,187,6,0.0375
127,12,4,1,34,23,184,187,7,0.04375
127,13,5,1,23,23,176,174,10,0.0625
127,14,6,1,17,22,133,141,8,0.05
127,15,7,1,20,28,109,104,9,0.05625
127,16,0,2,24,25,122,119,7,0.04375
127,17,1,2,15,22,153,152,9,0.05625
127,18,2,2,25,25,189,187,8,0.05
127,19,3,2,35,28,218,218,8,0.05
127,20,4,2,41,23,217,215,5,0.03125
127,21,5,2,31,19,194,194,8,0.05
127,22,6,2,17,31,168,167,7,0.04375
127,23,7,2,27,26,134,129,9,0.05625
127,24,0,3,22,17,132,131,5,0.03125
127,25,1,3,21,27,178,181,8,0.05
127,26,2,3,32,31,213,215,9,0.05625
127,27,3,3,30,27,216,217,8,0.05
127,28,4,3,30,18,204,204,11,0.06875
127,29,5,3,21,13,197,195,10,0.0625
127,30,6,3,19,30,183,185,8,0.05
127,31,7,3,21,19,147,146,6,0.0375
127,32,0,4,25,16,135,130,6,0.0375
127,33,1,4,25,29,178,178,9,0.05625
127,34,2,4,26,22,210,209,8,0.05
127,35,3,4,43,24,234,237,7,0.04375
127,36,4,4,34,29,215,215,7,0.04375
127,37,5,4,24,30,198,194,12,0.075
127,38,6,4,19,14,167,171,6,0.0375
127,39,7,4,18,27,151,147,5,0.03125
127,40,0,5,19,24,120,119,5,0.03125
127,41,1,5,23,21,165,162,9,0.05625
127,42,2,5,16,30,183,186,7,0.04375
127,43,3,5,35,25,199,201,8,0.05
127,44,4,5,41,30,209,207,9,0.05625
127,45,5,5,29,22,194,191,10,0.0625
127,46,6,5,27,29,179,180,9,0.05625
127,47,7,5,22,30,136,141,2,0.0125
127,48,0,6,22,26,97,98,4,0.025
127,49,1,6,18,22,142,137,14,0.0875
127,50,2,6,34,20,168,164,10,0.0625
127,51,3,6,29,25,164,167,7,0.04375
127,52,4,6,24,25,165,159,14,0.0875
127,53,5,6,30,28,161,159,10,0.0625
127,54,6,6,16,35,159,157,9,0.05625
127,55,7,6,26,26,114,113,5,0.03125
127,56,0,7,25,24,63,63,5,0.03125
127,57,1,7,16,34,107,106,7,0.04375
127,58,2,7,34,27,136,137,4,0.025
127,59,3,7,30,27,142,144,5,0.03125
127,60,4,7,36,22,149,148,6,0.0375
127,61,5,7,29,22,131,133,7,0.04375
127,62,6,7,23,31,114,112,8,0.05
127,63,7,7,23,29,69,69,4,0.025
128,0,0,0,3,14,33,35,3,0.01875
128,1,1,0,12,22,59,64,6,0.0375
128,2,2,0,20,9,71,72,6,0.0375
128,3,3,0,32,11,95,96,5,0.03125
128,4,4,0,28,20,104,101,7,0.04375
128,5,5,0,17,21,85,84,7,0.04375
128,6,6,0,11,19,63,63,8,0.05
128,7,7,0,13,24,48,48,4,0.025
128,8,0,1,9,21,70,74,5,0.03125
128,9,1,1,12,23,97,94,9,0.05625
128,10,2,1,15,13,99,97,9,0.05625
128,11,3,1,28,11,115,114,7,0.04375
128,12,4,1,37,21,139,137,9,0.05625
128,13,5,1,19,25,127,128,9,0.05625
128,14,6,1,7,21,93,92,8,0.05
128,15,7,1,12,11,62,67,4,0.025
128,16,0,2,4,11,77,79,6,0.0375
128,17,1,2,8,14,96,96,10,0.0625
128,18,2,2,13,14,118,116,9,0.05625
128,19,3,2,33,17,138,137,8,0.05
128,20,4,2,40,21,164,162,9,0.05625
128,21,5,2,20,19,141,141,8,0.05
128,22,6,2,12,16,99,98,9,0.05625
128,23,7,2,10,19,82,86,5,0.03125
128,24,0,3,4,10,83,82,8,0.05
128,25,1,3,7,14,103,99,10,0.0625
128,26,2,3,19,21,122,122,8,0.05
128,27,3,3,27,17,141,139,9,0.05625
128,28,4,3,37,17,164,165,9,0.05625
128,29,5,3,25,12,145,145,10,0.0625
128,30,6,3,14,21,114,113,9,0.05625
128,31,7,3,6,23,94,97,5,0.03125
128,32,0,4,9,15,84,85,7,0.04375
128,33,1,4,7,13,101,100,9,0.05625
128,34,2,4,17,16,123,121,11,0.06875
128,35,3,4,36,11,156,155,6,0.0375
128,36,4,4,39,14,167,164,9,0.05625
128,37,5,4,21,22,136,142,6,0.0375
128,38,6,4,8,22,112,109,8,0.05
128,39,7,4,14,14,92,94,5,0.03125
128,40,0,5,9,23,84,82,5,0.03125
128,41,1,5,7,21,98,100,11,0.06875
128,42,2,5,13,16,116,113,8,0.05
128,43,3,5,27,14,150,150,8,0.05
128,44,4,5,38,21,156,158,6,0.0375
128,45,5,5,18,20,120,126,6,0.0375
128,46,6,5,6,12,102,102,7,0.04375
128,47,7,5,14,18,91,87,6,0.0375
128,48,0,6,8,22,63,64,4,0.025
128,49,1,6,13,10,81,83,11,0.06875
128,50,2,6,24,19,106,113,6,0.0375
128,51,3,6,23,22,123,123,8,0.05
128,52,4,6,16,22,98,103,8,0.05
128,53,5,6,5,22,83,84,10,0.0625
128,54,6,6,2,9,68,66,11,0.06875
128,55,7,6,0,16,59,53,10,0.0625
128,56,0,7,5,16,32,33,4,0.025
128,57,1,7,9,15,58,56,8,0.05
128,58,2,7,22,15,90,87,7,0.04375
128,59,3,7,38,20,113,112,6,0.0375
128,60,4,7,30,10,96,93,7,0.04375
128,61,5,7,17,8,79,79,6,0.0375
128,62,6,7,10,18,68,67,9,0.05625
128,63,7,7,10,16,42,42,4,0.025
129,0,0,0,11,17,44,44,4,0.025
129,1,1,0,8,17,63,62,7,0.04375
129,2,2,0,11,14,79,80,8,0.05
129,3,3,0,32,15,99,98,6,0.0375
129,4,4,0,30,22,103,104,4,0.025
129,5,5,0,18,22,84,84,6,0.0375
129,6,6,0,8,15,53,55,6,0.0375
129,7,7,0,8,20,39,41,3,0.01875
129,8,0,1,6,18,68,67,4,0.025
129,9,1,1,9,13,74,77,6,0.0375
129,10,2,1,14,12,96,102,4,0.025
129,11,3,1,30,16,114,115,7,0.04375
129,12,4,1,28,14,119,122,7,0.04375
129,13,5,1,19,14,92,92,9,0.05625
129,14,6,1,7,14,65,66,8,0.05
129,15,7,1,3,15,56,55,5,0.03125
129,16,0,2,7,20,87,91,3,0.01875
129,17,1,2,7,26,111,111,9,0.05625
129,18,2,2,23,14,121,124,6,0.0375
129,19,3,2,31,15,134,135,8,0.05
129,20,4,2,32,11,144,145,8,0.05
129,21,5,2,22,20,119,116,10,0.0625
129,22,6,2,6,12,86,88,8,0.05
129,23,7,2,7,17,70,72,3,0.01875
129,24,0,3,5,20,93,92,6,0.0375
129,25,1,3,9,16,116,118,10,0.0625
129,26,2,3,18,17,124,123,8,0.05
129,27,3,3,25,13,141,143,8,0.05
129,28,4,3,37,21,166,168,6,0.0375
129,29,5,3,21,16,129,132,7,0.04375
129,30,6,3,9,22,111,114,8,0.05
129,31,7,3,11,21,89,87,5,0.03125
129,32,0,4,11,18,95,95,6,0.0375
129,33,1,4,3,10,118,118,7,0.04375
129,34,2,4,20,16,129,131,7,0.04375
129,35,3,4,31,14,154,154,7,0.04375
129,36,4,4,32,21,150,153,6,0.0375
129,37,5,4,15,15,131,128,10,0.0625
129,38,6,4,13,13,112,111,9,0.05625
129,39,7,4,7,27,91,91,5,0.03125
129,40,0,5,10,24,86,86,6,0.0375
129,41,1,5,12,21,117,116,12,0.075
129,42,2,5,21,17,123,124,7,0.04375
129,43,3,5,34,27,153,154,8,0.05
129,44,4,5,34,20,142,142,7,0.04375
129,45,5,5,21,12,127,126,7,0.04375
129,46,6,5,9,13,96,96,8,0.05
129,47,7,5,8,22,81,82,5,0.03125
129,48,0,6,11,15,69,68,4,0.025
129,49,1,6,13,22,93,94,11,0.06875
129,50,2,6,19,19,109,104,10,0.0625
129,51,3,6,28,13,122,122,9,0.05625
129,52,4,6,25,19,113,114,7,0.04375
129,53,5,6,13,14,95,95,9,0.05625
129,54,6,6,7,9,69,72,8,0.05
129,55,7,6,3,13,52,57,6,0.0375
129,56,0,7,8,20,47,46,4,0.025
129,57,1,7,8,13,64,67,7,0.04375
129,58,2,7,21,14,85,84,7,0.04375
129,59,3,7,40,19,114,115,5,0.03125
129,60,4,7,30,14,101,103,8,0.05
129,61,5,7,20,23,90,89,7,0.04375
129,62,6,7,3,18,55,57,7,0.04375
129,63,7,7,10,14,33,34,2,0.0125
130,0,0,0,9,14,36,36,5,0.03125
130,1,1,0,8,14,57,53,8,0.05
130,2,2,0,14,19,81,82,5,0.03125
130,3,3,0,30,22,104,104,6,0.0375
130,4,4,0,40,13,113,113,6,0.0375
130,5,5,0,18,15,88,87,8,0.05
130,6,6,0,13,20,68,66,8,0.05
130,7,7,0,7,14,40,37,5,0.03125
130,8,0,1,8,15,62,61,6,0.0375
130,9,1,1,17,20,96,94,8,0.05
130,10,2,1,20,20,128,120,10,0.0625
130,11,3,1,46,15,132,129,9,0.05625
130,12,4,1,30,19,122,122,7,0.04375
130,13,5,1,4,16,89,88,9,0.05625
130,14,6,1,5,17,68,68,7,0.04375
130,15,7,1,5,14,50,49,5,0.03125
130,16,0,2,6,22,82,78,6,0.0375
130,17,1,2,16,16,104,106,7,0.04375
130,18,2,2,13,15,128,125,9,0.05625
130,19,3,2,34,13,137,138,6,0.0375
130,20,4,2,32,19,145,143,7,0.04375
130,21,5,2,13,23,131,133,7,0.04375
130,22,6,2,10,26,110,109,9,0.05625
130,23,7,2,8,13,71,73,3,0.01875
130,24,0,3,10,25,98,101,4,0.025
130,25,1,3,5,12,107,108,8,0.05
130,26,2,3,17,16,134,134,9,0.05625
130,27,3,3,35,12,148,148,9,0.05625
130,28,4,3,35,14,145,144,8,0.05
130,29,5,3,13,8,125,125,7,0.04375
130,30,6,3,7,13,99,95,11,0.06875
130,31,7,3,9,16,74,76,4,0.025
130,32,0,4,6,17,94,95,5,0.03125
130,33,1,4,9,16,112,112,8,0.05
130,34,2,4,22,23,145,146,7,0.04375
130,35,3,4,35,10,157,156,8,0.05
130,36,4,4,31,15,152,152,7,0.04375
130,37,5,4,23,11,126,127,8,0.05
130,38,6,4,7,13,100,100,10,0.0625
130,39,7,4,4,15,72,72,6,0.0375
130,40,0,5,13,20,91,93,4,0.025
130,41,1,5,6,18,102,106,8,0.05
130,42,2,5,16,20,122,122,9,0.05625
130,43,3,5,33,21,142,143,9,0.05625
130,44,4,5,31,14,141,139,9,0.05625
130,45,5,5,20,21,114,110,11,0.06875
130,46,6,5,6,13,94,94,9,0.05625
130,47,7,5,8,15,63,63,4,0.025
130,48,0,6,12,22,73,74,4,0.025
130,49,1,6,6,22,83,86,7,0.04375
130,50,2,6,26,13,104,105,8,0.05
130,51,3,6,29,13,124,122,8,0.05
130,52,4,6,29,19,125,123,7,0.04375
130,53,5,6,8,14,96,95,9,0.05625
130,54,6,6,10,20,90,92,7,0.04375
130,55,7,6,10,12,54,56,4,0.025
130,56,0,7,10,17,41,43,3,0.01875
130,57,1,7,9,11,58,55,8,0.05
130,58,2,7,18,10,82,83,8,0.05
130,59,3,7,41,13,114,111,7,0.04375
130,60,4,7,27,14,95,96,7,0.04375
130,61,5,7,9,14,72,70,8,0.05
130,62,6,7,11,14,54,53,9,0.05625
130,63,7,7,3,14,33,30,5,0.03125
131,0,0,0,5,18,41,40,6,0.0375
131,1,1,0,13,16,57,61,6,0.0375
131,2,2,0,13,12,73,73,6,0.0375
131,3,3,0,38,14,106,107,6,0.0375
131,4,4,0,37,11,103,104,6,0.0375
131,5,5,0,8,16,75,76,6,0.0375
131,6,6,0,11,19,58,58,9,0.05625
131,7,7,0,9,7,28,29,5,0.03125
131,8,0,1,9,12,65,68,4,0.025
131,9,1,1,8,25,88,85,11,0.06875
131,10,2,1,20,12,96,99,8,0.05
131,11,3,1,34,23,131,132,9,0.05625
131,12,4,1,23,19,116,116,6,0.0375
131,13,5,1,18,19,99,99,10,0.0625
131,14,6,1,5,15,71,71,7,0.04375
131,15,7,1,5,10,42,46,3,0.01875
131,16,0,2,12,19,87,87,6,0.0375
131,17,1,2,5,16,94,96,6,0.0375
131,18,2,2,17,19,120,121,8,0.05
131,19,3,2,26,22,148,147,7,0.04375
131,20,4,2,37,20,147,149,9,0.05625
131,21,5,2,14,15,119,116,12,0.075
131,22,6,2,8,14,87,87,9,0.05625
131,23,7,2,6,22,64,61,4,0.025
131,24,0,3,7,13,91,89,8,0.05
131,25,1,3,1,13,96,95,9,0.05625
131,26,2,3,6,26,120,118,9,0.05625
131,27,3,3,31,18,149,149,8,0.05
131,28,4,3,35,20,159,156,9,0.05625
131,29,5,3,14,14,134,135,7,0.04375
131,30,6,3,11,20,111,113,8,0.05
131,31,7,3,11,6,72,72,4,0.025
131,32,0,4,10,18,91,91,6,0.0375
131,33,1,4,11,16,111,110,10,0.0625
131,34,2,4,22,11,136,136,5,0.03125
131,35,3,4,39,16,159,165,4,0.025
131,36,4,4,30,18,154,152,9,0.05625
131,37,5,4,10,21,141,140,8,0.05
131,38,6,4,10,9,106,105,9,0.05625
131,39,7,4,7,12,69,70,5,0.03125
131,40,0,5,3,15,70,69,5,0.03125
131,41,1,5,9,22,91,87,11,0.06875
131,42,2,5,8,16,105,103,10,0.0625
131,43,3,5,33,20,133,133,9,0.05625
131,44,4,5,33,28,143,143,8,0.05
131,45,5,5,17,20,135,136,8,0.05
131,46,6,5,8,12,105,105,7,0.04375
131,47,7,5,11,17,73,73,4,0.025
131,48,0,6,4,15,55,54,4,0.025
131,49,1,6,13,13,77,75,8,0.05
131,50,2,6,14,16,92,92,8,0.05
131,51,3,6,38,18,117,121,6,0.0375
131,52,4,6,16,16,110,110,10,0.0625
131,53,5,6,17,23,105,108,8,0.05
131,54,6,6,7,21,85,83,9,0.05625
131,55,7,6,8,15,52,52,4,0.025
131,56,0,7,6,18,36,35,4,0.025
131,57,1,7,10,11,55,57,8,0.05
131,58,2,7,18,10,78,78,7,0.04375
131,59,3,7,36,11,103,105,6,0.0375
131,60,4,7,36,5,100,102,4,0.025
131,61,5,7,19,16,80,83,7,0.04375
131,62,6,7,5,16,55,55,9,0.05625
131,63,7,7,6,17,30,32,4,0.025
132,0,0,0,11,13,45,45,5,0.03125
132,1,1,0,6,17,67,66,8,0.05
132,2,2,0,18,16,87,84,9,0.05625
132,3,3,0,36,15,109,105,9,0.05625
132,4,4,0,35,14,108,106,7,0.04375
132,5,5,0,19,16,86,88,4,0.025
132,6,6,0,13,24,69,69,8,0.05
132,7,7,0,8,8,23,24,4,0.025
132,8,0,1,6,20,66,64,5,0.03125
132,9,1,1,7,23,85,88,8,0.05
132,10,2,1,11,16,96,97,8,0.05
132,11,3,1,25,13,119,120,7,0.04375
132,12,4,1,26,23,129,130,6,0.0375
132,13,5,1,17,12,107,102,11,0.06875
132,14,6,1,16,17,100,98,10,0.0625
132,15,7,1,13,20,55,54,4,0.025
132,16,0,2,4,13,64,64,6,0.0375
132,17,1,2,4,12,77,74,9,0.05625
132,18,2,2,13,19,97,97,8,0.05
132,19,3,2,15,18,118,123,4,0.025
132,20,4,2,36,23,150,152,5,0.03125
132,21,5,2,24,15,126,131,6,0.0375
132,22,6,2,9,15,108,109,7,0.04375
132,23,7,2,8,16,70,70,5,0.03125
132,24,0,3,6,18,83,83,7,0.04375
132,25,1,3,11,15,105,107,7,0.04375
132,26,2,3,11,23,114,118,7,0.04375
132,27,3,3,25,25,148,146,10,0.0625
132,28,4,3,39,22,168,169,10,0.0625
132,29,5,3,21,23,140,140,7,0.04375
132,30,6,3,12,17,114,113,10,0.0625
132,31,7,3,4,9,75,73,6,0.0375
132,32,0,4,11,18,91,90,7,0.04375
132,33,1,4,6,7,97,99,7,0.04375
132,34,2,4,13,14,119,117,7,0.04375
132,35,3,4,35,17,165,163,5,0.03125
132,36,4,4,43,16,166,167,8,0.05
132,37,5,4,18,18,125,127,6,0.0375
132,38,6,4,5,18,106,107,9,0.05625
132,39,7,4,7,10,79,77,5,0.03125
132,40,0,5,4,14,76,77,4,0.025
132,41,1,5,8,19,96,99,8,0.05
132,42,2,5,17,14,116,114,12,0.075
132,43,3,5,31,19,150,152,4,0.025
132,44,4,5,35,13,147,149,7,0.04375
132,45,5,5,25,15,124,124,8,0.05
132,46,6,5,6,20,105,106,9,0.05625
132,47,7,5,10,18,74,74,5,0.03125
132,48,0,6,14,12,69,68,6,0.0375
132,49,1,6,5,11,82,81,9,0.05625
132,50,2,6,17,15,109,110,6,0.0375
132,51,3,6,30,14,130,129,7,0.04375
132,52,4,6,38,15,123,126,5,0.03125
132,53,5,6,9,19,106,105,8,0.05
132,54,6,6,7,18,89,89,8,0.05
132,55,7,6,10,15,56,56,5,0.03125
132,56,0,7,11,18,46,43,6,0.0375
132,57,1,7,7,18,59,59,7,0.04375
132,58,2,7,19,11,78,78,8,0.05
132,59,3,7,38,22,111,110,7,0.04375
132,60,4,7,35,19,105,104,5,0.03125
132,61,5,7,10,21,80,80,6,0.0375
132,62,6,7,6,14,48,50,6,0.0375
132,63,7,7,9,14,32,33,3,0.01875
133,0,0,0,23,25,69,69,5,0.03125
133,1,1,0,21,22,110,108,9,0.05625
133,2,2,0,26,17,131,132,8,0.05
133,3,3,0,41,25,154,157,6,0.0375
133,4,4,0,33,22,152,151,8,0.05
133,5,5,0,22,20,129,127,7,0.04375
133,6,6,0,15,22,96,98,6,0.0375
133,7,7,0,20,25,64,64,3,0.01875
133,8,0,1,17,25,99,101,4,0.025
133,9,1,1,20,24,153,152,8,0.05
133,10,2,1,29,26,179,179,8,0.05
133,11,3,1,28,22,174,173,9,0.05625
133,12,4,1,36,23,176,171,10,0.0625
133,13,5,1,16,21,146,152,9,0.05625
133,14,6,1,22,21,123,125,8,0.05
133,15,7,1,18,26,98,98,4,0.025
133,16,0,2,22,29,124,126,5,0.03125
133,17,1,2,23,23,171,170,9,0.05625
133,18,2,2,26,20,181,178,10,0.0625
133,19,3,2,40,29,203,200,6,0.0375
133,20,4,2,25,29,196,194,8,0.05
133,21,5,2,29,27,193,193,8,0.05
133,22,6,2,17,31,156,154,8,0.05
133,23,7,2,22,28,124,123,6,0.0375
133,24,0,3,19,27,144,147,5,0.03125
133,25,1,3,21,28,188,188,8,0.05
133,26,2,3,39,24,205,204,8,0.05
133,27,3,3,35,26,228,228,11,0.06875
133,28,4,3,34,32,228,232,4,0.025
133,29,5,3,23,28,219,217,8,0.05
133,30,6,3,18,21,168,168,10,0.0625
133,31,7,3,18,25,131,134,4,0.025
133,32,0,4,20,25,145,146,4,0.025
133,33,1,4,15,25,182,179,12,0.075
133,34,2,4,27,16,191,192,8,0.05
133,35,3,4,31,18,213,214,3,0.01875
133,36,4,4,37,26,231,229,9,0.05625
133,37,5,4,32,26,238,235,10,0.0625
133,38,6,4,23,15,179,175,12,0.075
133,39,7,4,22,28,136,138,4,0.025
133,40,0,5,20,22,132,131,4,0.025
133,41,1,5,15,25,173,170,10,0.0625
133,42,2,5,20,25,176,179,9,0.05625
133,43,3,5,30,25,201,199,8,0.05
133,44,4,5,35,21,215,216,6,0.0375
133,45,5,5,31,29,215,215,8,0.05
133,46,6,5,24,28,169,164,13,0.08125
133,47,7,5,29,20,123,123,5,0.03125
133,48,0,6,23,28,112,113,4,0.025
133,49,1,6,20,39,151,152,8,0.05
133,50,2,6,18,29,156,157,8,0.05
133,51,3,6,33,25,179,177,9,0.05625
133,52,4,6,28,16,176,180,3,0.01875
133,53,5,6,30,30,174,173,8,0.05
133,54,6,6,20,22,128,125,12,0.075
133,55,7,6,22,21,91,92,4,0.025
133,56,0,7,19,33,71,73,5,0.03125
133,57,1,7,17,21,102,100,8,0.05
133,58,2,7,21,19,118,118,8,0.05
133,59,3,7,29,24,138,137,9,0.05625
133,60,4,7,35,34,160,158,6,0.0375
133,61,5,7,32,28,140,141,6,0.0375
133,62,6,7,15,29,100,99,7,0.04375
133,63,7,7,26,26,65,64,4,0.025
134,0,0,0,2,19,27,30,3,0.01875
134,1,1,0,4,21,54,54,10,0.0625
134,2,2,0,18,14,67,66,10,0.0625
134,3,3,0,28,18,95,94,7,0.04375
134,4,4,0,34,15,103,104,7,0.04375
134,5,5,0,14,22,87,88,5,0.03125
134,6,6,0,12,17,65,65,6,0.0375
134,7,7,0,10,18,40,41,3,0.01875
134,8,0,1,10,11,60,59,5,0.03125
134,9,1,1,11,14,94,93,9,0.05625
134,10,2,1,15,14,99,98,8,0.05
134,11,3,1,32,12,116,117,7,0.04375
134,12,4,1,36,23,128,130,8,0.05
134,13,5,1,23,15,113,114,7,0.04375
134,14,6,1,9,18,93,92,6,0.0375
134,15,7,1,7,19,60,60,4,0.025
134,16,0,2,12,13,76,75,5,0.03125
134,17,1,2,7,24,112,112,9,0.05625
134,18,2,2,25,12,125,128,9,0.05625
134,19,3,2,34,12,135,133,7,0.04375
134,20,4,2,39,18,143,143,8,0.05
134,21,5,2,17,22,130,127,11,0.06875
134,22,6,2,6,21,109,110,7,0.04375
134,23,7,2,6,23,78,79,5,0.03125
134,24,0,3,12,13,74,75,4,0.025
134,25,1,3,12,10,103,102,8,0.05
134,26,2,3,9,21,127,125,11,0.06875
134,27,3,3,24,18,139,142,8,0.05
134,28,4,3,35,19,155,155,7,0.04375
134,29,5,3,28,21,155,154,7,0.04375
134,30,6,3,8,13,122,123,8,0.05
134,31,7,3,8,13,84,82,5,0.03125
134,32,0,4,5,16,70,70,5,0.03125
134,33,1,4,8,20,104,110,5,0.03125
134,34,2,4,15,22,137,139,6,0.0375
134,35,3,4,42,18,160,155,8,0.05
134,36,4,4,23,17,141,143,8,0.05
134,37,5,4,20,14,138,141,7,0.04375
134,38,6,4,10,15,119,123,7,0.04375
134,39,7,4,11,18,90,87,7,0.04375
134,40,0,5,6,16,66,68,4,0.025
134,41,1,5,10,11,104,105,10,0.0625
134,42,2,5,21,20,134,131,11,0.06875
134,43,3,5,32,19,142,145,5,0.03125
134,44,4,5,27,19,133,130,8,0.05
134,45,5,5,25,16,130,129,8,0.05
134,46,6,5,9,16,94,97,9,0.05625
134,47,7,5,3,19,70,70,5,0.03125
134,48,0,6,4,16,47,48,4,0.025
134,49,1,6,9,21,81,82,8,0.05
134,50,2,6,19,11,109,105,12,0.075
134,51,3,6,24,17,116,117,9,0.05625
134,52,4,6,33,14,123,117,8,0.05
134,53,5,6,27,19,116,118,8,0.05
134,54,6,6,7,14,87,87,12,0.075
134,55,7,6,11,17,58,58,4,0.025
134,56,0,7,2,12,26,26,4,0.025
134,57,1,7,7,18,49,51,8,0.05
134,58,2,7,22,16,83,80,10,0.0625
134,59,3,7,31,12,94,94,9,0.05625
134,60,4,7,32,15,103,105,4,0.025
134,61,5,7,24,24,107,103,8,0.05
134,62,6,7,12,14,72,69,11,0.06875
134,63,7,7,9,13,36,36,4,0.025
135,0,0,0,8,20,46,44,4,0.025
135,1,1,0,10,16,62,63,9,0.05625
135,2,2,0,20,20,91,92,8,0.05
135,3,3,0,40,20,120,118,9,0.05625
135,4,4,0,35,13,106,107,6,0.0375
135,5,5,0,21,12,76,75,5,0.03125
135,6,6,0,9,19,64,62,7,0.04375
135,7,7,0,12,18,42,41,4,0.025
135,8,0,1,12,17,76,76,4,0.025
135,9,1,1,10,14,84,85,8,0.05
135,10,2,1,22,22,122,123,6,0.0375
135,11,3,1,37,23,148,147,8,0.05
135,12,4,1,29,18,130,131,7,0.04375
135,13,5,1,16,20,100,100,7,0.04375
135,14,6,1,5,14,84,81,11,0.06875
135,15,7,1,7,13,63,62,4,0.025
135,16,0,2,4,11,85,83,6,0.0375
135,17,1,2,10,18,95,96,9,0.05625
135,18,2,2,19,21,134,132,9,0.05625
135,19,3,2,26,20,147,145,11,0.06875
135,20,4,2,36,18,147,146,8,0.05
135,21,5,2,19,21,125,128,7,0.04375
135,22,6,2,8,13,110,107,11,0.06875
135,23,7,2,7,20,88,84,9,0.05625
135,24,0,3,2,13,88,87,4,0.025
135,25,1,3,4,19,92,93,7,0.04375
135,26,2,3,14,17,131,132,8,0.05
135,27,3,3,36,9,145,144,7,0.04375
135,28,4,3,32,19,151,147,10,0.0625
135,29,5,3,23,16,140,140,10,0.0625
135,30,6,3,8,20,126,126,9,0.05625
135,31,7,3,9,23,102,100,7,0.04375
135,32,0,4,11,13,93,92,6,0.0375
135,33,1,4,13,13,102,100,7,0.04375
135,34,2,4,16,17,146,142,10,0.0625
135,35,3,4,35,18,154,156,8,0.05
135,36,4,4,29,20,143,143,8,0.05
135,37,5,4,12,13,128,126,10,0.0625
135,38,6,4,12,16,121,119,9,0.05625
135,39,7,4,8,24,86,89,4,0.025
135,40,0,5,13,18,86,86,3,0.01875
135,41,1,5,6,19,94,96,7,0.04375
135,42,2,5,19,26,135,136,10,0.0625
135,43,3,5,27,18,140,137,8,0.05
135,44,4,5,38,12,137,135,10,0.0625
135,45,5,5,17,16,125,124,10,0.0625
135,46,6,5,13,15,114,114,11,0.06875
135,47,7,5,12,13,77,75,6,0.0375
135,48,0,6,10,14,67,66,5,0.03125
135,49,1,6,8,15,79,80,8,0.05
135,50,2,6,16,16,103,107,6,0.0375
135,51,3,6,30,10,114,116,6,0.0375
135,52,4,6,24,12,102,103,7,0.04375
135,53,5,6,12,15,93,94,7,0.04375
135,54,6,6,9,18,85,85,10,0.0625
135,55,7,6,13,15,59,59,4,0.025
135,56,0,7,10,16,40,39,4,0.025
135,57,1,7,5,17,56,57,7,0.04375
135,58,2,7,9,15,75,78,8,0.05
135,59,3,7,30,19,108,107,7,0.04375
135,60,4,7,38,16,105,102,6,0.0375
135,61,5,7,7,18,75,78,7,0.04375
135,62,6,7,12,15,56,60,7,0.04375
135,63,7,7,10,15,34,35,2,0.0125
136,0,0,0,12,18,41,41,4,0.025
136,1,1,0,8,20,64,64,9,0.05625
136,2,2,0,22,15,87,89,7,0.04375
136,3,3,0,34,22,107,113,4,0.025
136,4,4,0,40,16,108,108,5,0.03125
136,5,5,0,22,22,92,91,7,0.04375
136,6,6,0,9,15,58,59,7,0.04375
136,7,7,0,6,22,47,46,5,0.03125
136,8,0,1,18,17,74,74,5,0.03125
136,9,1,1,8,18,88,88,8,0.05
136,10,2,1,13,14,108,109,6,0.0375
136,11,3,1,40,17,131,129,9,0.05625
136,12,4,1,28,10,111,113,5,0.03125
136,13,5,1,11,16,100,97,11,0.06875
136,14,6,1,10,18,79,80,10,0.0625
136,15,7,1,12,12,71,68,7,0.04375
136,16,0,2,8,17,80,83,4,0.025
136,17,1,2,6,20,103,102,8,0.05
136,18,2,2,18,16,128,128,8,0.05
136,19,3,2,35,14,145,148,7,0.04375
136,20,4,2,24,12,133,134,7,0.04375
136,21,5,2,13,18,123,122,8,0.05
136,22,6,2,8,18,96,97,11,0.06875
136,23,7,2,4,13,79,83,5,0.03125
136,24,0,3,12,19,95,94,5,0.03125
136,25,1,3,5,13,109,108,8,0.05
136,26,2,3,20,19,133,135,7,0.04375
136,27,3,3,35,15,155,155,8,0.05
136,28,4,3,29,18,149,154,5,0.03125
136,29,5,3,15,14,130,132,8,0.05
136,30,6,3,12,15,116,115,9,0.05625
136,31,7,3,6,18,97,96,7,0.04375
136,32,0,4,6,14,88,86,7,0.04375
136,33,1,4,6,11,103,102,9,0.05625
136,34,2,4,13,18,124,124,10,0.0625
136,35,3,4,22,22,143,142,8,0.05
136,36,4,4,38,21,158,157,7,0.04375
136,37,5,4,24,15,142,143,8,0.05
136,38,6,4,10,14,117,118,8,0.05
136,39,7,4,12,15,103,103,5,0.03125
136,40,0,5,7,13,78,77,5,0.03125
136,41,1,5,7,18,96,96,8,0.05
136,42,2,5,14,12,111,115,7,0.04375
136,43,3,5,28,12,141,140,9,0.05625
136,44,4,5,36,18,141,147,5,0.03125
136,45,5,5,19,19,135,137,8,0.05
136,46,6,5,13,16,121,124,8,0.05
136,47,7,5,12,13,96,98,4,0.025
136,48,0,6,5,14,58,57,4,0.025
136,49,1,6,6,18,79,78,7,0.04375
136,50,2,6,16,20,108,109,6,0.0375
136,51,3,6,34,16,136,134,7,0.04375
136,52,4,6,32,14,115,113,8,0.05
136,53,5,6,16,14,106,101,11,0.06875
136,54,6,6,10,18,87,92,7,0.04375
136,55,7,6,8,25,71,70,5,0.03125
136,56,0,7,7,18,39,41,4,0.025
136,57,1,7,8,16,63,61,9,0.05625
136,58,2,7,22,20,94,94,8,0.05
136,59,3,7,37,25,111,118,3,0.01875
136,60,4,7,24,13,89,90,6,0.0375
136,61,5,7,15,13,72,70,7,0.04375
136,62,6,7,2,24,57,57,7,0.04375
136,63,7,7,12,17,38,38,3,0.01875
137,0,0,0,6,12,36,35,5,0.03125
137,1,1,0,8,19,70,70,9,0.05625
137,2,2,0,19,14,88,86,8,0.05
137,3,3,0,40,9,101,100,5,0.03125
137,4,4,0,28,14,98,96,7,0.04375
137,5,5,0,19,21,92,93,6,0.0375
137,6,6,0,8,14,59,60,7,0.04375
137,7,7,0,9,14,41,40,4,0.025
137,8,0,1,3,17,54,53,5,0.03125
137,9,1,1,12,17,88,90,8,0.05
137,10,2,1,17,24,104,103,8,0.05
137,11,3,1,31,19,118,120,8,0.05
137,12,4,1,26,17,115,109,10,0.0625
137,13,5,1,18,19,109,111,8,0.05
137,14,6,1,12,14,80,83,7,0.04375
137,15,7,1,6,21,68,68,8,0.05
137,16,0,2,12,23,84,83,5,0.03125
137,17,1,2,4,9,103,101,11,0.06875
137,18,2,2,19,11,112,115,7,0.04375
137,19,3,2,32,14,133,130,10,0.0625
137,20,4,2,31,13,121,122,6,0.0375
137,21,5,2,16,6,112,110,8,0.05
137,22,6,2,5,16,93,94,10,0.0625
137,23,7,2,11,24,95,92,7,0.04375
137,24,0,3,8,9,77,77,5,0.03125
137,25,1,3,11,23,115,114,8,0.05
137,26,2,3,7,13,114,117,5,0.03125
137,27,3,3,20,17,131,131,8,0.05
137,28,4,3,46,11,156,154,6,0.0375
137,29,5,3,20,23,139,139,7,0.04375
137,30,6,3,14,22,111,114,7,0.04375
137,31,7,3,11,13,94,98,4,0.025
137,32,0,4,7,15,84,87,5,0.03125
137,33,1,4,6,17,105,105,8,0.05
137,34,2,4,12,12,124,121,10,0.0625
137,35,3,4,29,20,140,144,3,0.01875
137,36,4,4,38,19,160,161,7,0.04375
137,37,5,4,11,9,128,130,6,0.0375
137,38,6,4,6,21,112,113,9,0.05625
137,39,7,4,8,18,89,87,5,0.03125
137,40,0,5,8,15,87,84,6,0.0375
137,41,1,5,8,25,103,103,7,0.04375
137,42,2,5,16,18,130,132,6,0.0375
137,43,3,5,36,17,146,148,7,0.04375
137,44,4,5,31,19,153,146,11,0.06875
137,45,5,5,15,15,132,135,7,0.04375
137,46,6,5,11,18,107,107,8,0.05
137,47,7,5,7,20,78,80,3,0.01875
137,48,0,6,8,21,63,65,4,0.025
137,49,1,6,3,14,68,68,8,0.05
137,50,2,6,13,14,102,99,10,0.0625
137,51,3,6,26,15,119,121,5,0.03125
137,52,4,6,48,21,140,144,6,0.0375
137,53,5,6,24,19,121,127,5,0.03125
137,54,6,6,13,17,87,84,9,0.05625
137,55,7,6,9,19,66,64,6,0.0375
137,56,0,7,3,13,29,29,3,0.01875
137,57,1,7,8,11,47,49,7,0.04375
137,58,2,7,14,19,79,81,6,0.0375
137,59,3,7,34,18,109,106,6,0.0375
137,60,4,7,38,19,113,114,4,0.025
137,61,5,7,18,21,90,92,7,0.04375
137,62,6,7,12,16,55,54,8,0.05
137,63,7,7,4,20,35,34,3,0.01875
138,0,0,0,6,15,35,37,4,0.025
138,1,1,0,6,16,51,51,9,0.05625
138,2,2,0,17,21,77,78,8,0.05
138,3,3,0,21,14,80,75,9,0.05625
138,4,4,0,35,18,91,91,8,0.05
138,5,5,0,10,14,64,63,7,0.04375
138,6,6,0,11,24,63,62,7,0.04375
138,7,7,0,12,15,33,35,4,0.025
138,8,0,1,5,18,60,62,4,0.025
138,9,1,1,6,15,75,74,8,0.05
138,10,2,1,11,18,103,103,7,0.04375
138,11,3,1,33,20,117,117,8,0.05
138,12,4,1,36,15,132,136,7,0.04375
138,13,5,1,16,18,99,99,7,0.04375
138,14,6,1,4,14,83,83,7,0.04375
138,15,7,1,8,16,55,58,5,0.03125
138,16,0,2,6,17,76,76,6,0.0375
138,17,1,2,12,20,102,105,8,0.05
138,18,2,2,15,19,128,128,6,0.0375
138,19,3,2,31,15,127,130,7,0.04375
138,20,4,2,36,20,158,158,7,0.04375
138,21,5,2,18,19,126,128,9,0.05625
138,22,6,2,7,20,110,111,8,0.05
138,23,7,2,13,15,80,84,4,0.025
138,24,0,3,9,21,92,92,6,0.0375
138,25,1,3,9,15,109,110,8,0.05
138,26,2,3,17,17,136,132,8,0.05
138,27,3,3,35,15,143,145,6,0.0375
138,28,4,3,31,14,165,163,9,0.05625
138,29,5,3,20,13,137,137,9,0.05625
138,30,6,3,11,17,118,115,10,0.0625
138,31,7,3,13,21,96,94,6,0.0375
138,32,0,4,8,17,90,92,4,0.025
138,33,1,4,6,21,108,109,8,0.05
138,34,2,4,21,15,138,142,8,0.05
138,35,3,4,33,18,148,143,7,0.04375
138,36,4,4,28,20,159,157,9,0.05625
138,37,5,4,17,8,129,125,9,0.05625
138,38,6,4,6,16,106,102,12,0.075
138,39,7,4,4,16,83,86,4,0.025
138,40,0,5,9,17,77,80,5,0.03125
138,41,1,5,4,20,88,88,9,0.05625
138,42,2,5,21,14,136,134,6,0.0375
138,43,3,5,30,16,134,135,7,0.04375
138,44,4,5,32,19,144,147,8,0.05
138,45,5,5,17,21,128,127,6,0.0375
138,46,6,5,8,15,107,103,11,0.06875
138,47,7,5,5,16,80,77,5,0.03125
138,48,0,6,7,13,62,61,4,0.025
138,49,1,6,6,12,67,65,9,0.05625
138,50,2,6,12,17,106,109,6,0.0375
138,51,3,6,33,14,115,117,4,0.025
138,52,4,6,36,19,133,129,9,0.05625
138,53,5,6,19,18,118,114,7,0.04375
138,54,6,6,13,18,96,97,8,0.05
138,55,7,6,10,19,67,70,3,0.01875
138,56,0,7,13,15,47,46,5,0.03125
138,57,1,7,3,10,60,56,8,0.05
138,58,2,7,21,21,92,91,7,0.04375
138,59,3,7,34,10,98,98,5,0.03125
138,60,4,7,36,12,105,106,5,0.03125
138,61,5,7,24,15,90,90,6,0.0375
138,62,6,7,13,14,65,64,8,0.05
138,63,7,7,8,20,44,45,3,0.01875
139,0,0,0,22,30,70,69,5,0.03125
139,1,1,0,23,21,95,96,8,0.05
139,2,2,0,36,21,131,131,8,0.05
139,3,3,0,38,25,150,155,5,0.03125
139,4,4,0,23,26,145,146,7,0.04375
139,5,5,0,27,37,145,144,9,0.05625
139,6,6,0,17,25,106,104,9,0.05625
139,7,7,0,20,22,60,60,4,0.025
139,8,0,1,24,21,110,108,6,0.0375
139,9,1,1,28,17,139,141,6,0.0375
139,10,2,1,31,26,166,167,6,0.0375
139,11,3,1,29,31,179,183,4,0.025
139,12,4,1,29,18,185,186,5,0.03125
139,13,5,1,26,32,190,190,8,0.05
139,14,6,1,18,17,139,139,8,0.05
139,15,7,1,18,28,100,97,6,0.0375
139,16,0,2,25,27,136,132,8,0.05
139,17,1,2,26,36,170,171,7,0.04375
139,18,2,2,27,29,197,196,8,0.05
139,19,3,2,35,33,219,217,8,0.05
139,20,4,2,24,24,205,205,6,0.0375
139,21,5,2,27,18,193,195,6,0.0375
139,22,6,2,16,29,160,158,11,0.06875
139,23,7,2,21,21,127,125,7,0.04375
139,24,0,3,19,35,145,144,7,0.04375
139,25,1,3,19,26,175,174,9,0.05625
139,26,2,3,26,20,206,207,6,0.0375
139,27,3,3,34,19,235,235,5,0.03125
139,28,4,3,38,33,243,245,7,0.04375
139,29,5,3,23,17,196,196,7,0.04375
139,30,6,3,21,39,171,172,9,0.05625
139,31,7,3,26,25,145,144,7,0.04375
139,32,0,4,22,16,127,125,4,0.025
139,33,1,4,17,17,158,158,8,0.05
139,34,2,4,26,35,194,193,9,0.05625
139,35,3,4,33,22,225,227,8,0.05
139,36,4,4,33,38,245,246,9,0.05625
139,37,5,4,26,15,194,195,10,0.0625
139,38,6,4,20,23,164,171,7,0.04375
139,39,7,4,21,32,148,145,6,0.0375
139,40,0,5,29,12,121,121,4,0.025
139,41,1,5,19,27,172,174,6,0.0375
139,42,2,5,28,26,190,189,8,0.05
139,43,3,5,36,25,222,221,5,0.03125
139,44,4,5,29,27,223,221,10,0.0625
139,45,5,5,21,23,178,175,9,0.05625
139,46,6,5,16,23,154,157,9,0.05625
139,47,7,5,20,14,116,115,6,0.0375
139,48,0,6,24,23,95,94,5,0.03125
139,49,1,6,14,28,134,137,8,0.05
139,50,2,6,27,24,164,165,5,0.03125
139,51,3,6,39,20,189,187,6,0.0375
139,52,4,6,30,30,184,187,6,0.0375
139,53,5,6,29,25,161,163,7,0.04375
139,54,6,6,24,17,136,137,7,0.04375
139,55,7,6,24,27,105,102,6,0.0375
139,56,0,7,17,21,52,52,4,0.025
139,57,1,7,18,26,92,94,8,0.05
139,58,2,7,23,26,125,123,7,0.04375
139,59,3,7,34,27,152,152,6,0.0375
139,60,4,7,39,23,158,157,5,0.03125
139,61,5,7,29,27,138,136,8,0.05
139,62,6,7,18,31,106,106,9,0.05625
139,63,7,7,21,25,70,69,4,0.025
140,0,0,0,14,25,52,54,3,0.01875
140,1,1,0,6,20,67,67,7,0.04375
140,2,2,0,26,16,91,91,7,0.04375
140,3,3,0,34,19,112,111,6,0.0375
140,4,4,0,43,14,112,112,7,0.04375
140,5,5,0,16,21,96,98,6,0.0375
140,6,6,0,13,19,66,68,7,0.04375
140,7,7,0,11,13,40,40,3,0.01875
140,8,0,1,15,19,77,78,4,0.025
140,9,1,1,9,16,90,89,8,0.05
140,10,2,1,15,20,114,113,8,0.05
140,11,3,1,31,17,137,134,7,0.04375
140,12,4,1,30,17,125,125,6,0.0375
140,13,5,1,19,17,121,123,7,0.04375
140,14,6,1,8,18,89,88,7,0.04375
140,15,7,1,15,8,57,61,4,0.025
140,16,0,2,8,15,88,92,5,0.03125
140,17,1,2,17,19,115,114,9,0.05625
140,18,2,2,29,20,141,141,7,0.04375
140,19,3,2,38,13,147,148,7,0.04375
140,20,4,2,20,20,131,132,6,0.0375
140,21,5,2,5,18,125,120,10,0.0625
140,22,6,2,7,22,101,104,7,0.04375
140,23,7,2,4,16,63,64,5,0.03125
140,24,0,3,9,18,97,99,5,0.03125
140,25,1,3,8,19,115,114,10,0.0625
140,26,2,3,23,16,136,134,9,0.05625
140,27,3,3,36,15,151,151,5,0.03125
140,28,4,3,29,22,150,150,8,0.05
140,29,5,3,9,15,126,129,5,0.03125
140,30,6,3,11,19,108,111,6,0.0375
140,31,7,3,5,13,71,73,5,0.03125
140,32,0,4,8,25,100,101,5,0.03125
140,33,1,4,7,19,116,113,10,0.0625
140,34,2,4,18,22,128,130,7,0.04375
140,35,3,4,27,13,139,140,7,0.04375
140,36,4,4,34,18,154,154,7,0.04375
140,37,5,4,18,23,141,142,8,0.05
140,38,6,4,9,20,112,110,8,0.05
140,39,7,4,8,13,78,78,7,0.04375
140,40,0,5,8,22,89,86,8,0.05
140,41,1,5,11,20,113,109,9,0.05625
140,42,2,5,15,14,114,113,8,0.05
140,43,3,5,32,20,135,136,6,0.0375
140,44,4,5,39,14,145,149,6,0.0375
140,45,5,5,26,20,132,134,7,0.04375
140,46,6,5,16,20,108,107,7,0.04375
140,47,7,5,7,15,78,81,4,0.025
140,48,0,6,6,12,60,63,2,0.0125
140,49,1,6,10,9,91,92,7,0.04375
140,50,2,6,18,20,107,104,9,0.05625
140,51,3,6,31,12,115,114,6,0.0375
140,52,4,6,37,13,124,122,9,0.05625
140,53,5,6,17,15,107,106,8,0.05
140,54,6,6,6,13,81,80,8,0.05
140,55,7,6,9,30,72,73,5,0.03125
140,56,0,7,10,19,48,48,5,0.03125
140,57,1,7,5,21,74,73,10,0.0625
140,58,2,7,18,14,84,83,9,0.05625
140,59,3,7,33,14,95,91,9,0.05625
140,60,4,7,32,14,89,87,8,0.05
140,61,5,7,10,14,64,66,6,0.0375
140,62,6,7,7,15,49,50,7,0.04375
140,63,7,7,2,21,37,37,3,0.01875
141,0,0,0,7,14,37,36,4,0.025
141,1,1,0,12,10,55,55,7,0.04375
141,2,2,0,20,13,85,87,6,0.0375
141,3,3,0,34,11,105,104,5,0.03125
141,4,4,0,35,16,105,108,3,0.01875
141,5,5,0,17,18,78,79,6,0.0375
141,6,6,0,7,11,47,47,8,0.05
141,7,7,0,5,18,33,33,3,0.01875
141,8,0,1,9,17,65,64,6,0.0375
141,9,1,1,13,22,91,89,9,0.05625
141,10,2,1,22,7,104,104,7,0.04375
141,11,3,1,34,15,125,125,7,0.04375
141,12,4,1,29,18,131,127,10,0.0625
141,13,5,1,11,10,95,93,9,0.05625
141,14,6,1,5,21,82,81,10,0.0625
141,15,7,1,6,18,66,63,6,0.0375
141,16,0,2,10,19,79,81,3,0.01875
141,17,1,2,5,20,109,109,9,0.05625
141,18,2,2,19,22,119,122,6,0.0375
141,19,3,2,42,18,157,155,11,0.06875
141,20,4,2,27,19,152,149,9,0.05625
141,21,5,2,22,17,118,121,7,0.04375
141,22,6,2,5,19,100,100,7,0.04375
141,23,7,2,5,25,81,81,5,0.03125
141,24,0,3,6,14,79,79,4,0.025
141,25,1,3,5,15,111,110,11,0.06875
141,26,2,3,20,11,119,121,6,0.0375
141,27,3,3,39,27,162,159,9,0.05625
141,28,4,3,34,17,161,162,6,0.0375
141,29,5,3,15,19,132,131,7,0.04375
141,30,6,3,5,11,107,103,9,0.05625
141,31,7,3,16,8,84,84,4,0.025
141,32,0,4,8,20,90,88,5,0.03125
141,33,1,4,4,21,118,120,8,0.05
141,34,2,4,21,11,128,130,7,0.04375
141,35,3,4,34,11,156,152,8,0.05
141,36,4,4,37,21,165,167,7,0.04375
141,37,5,4,24,16,136,136,9,0.05625
141,38,6,4,12,19,108,108,7,0.04375
141,39,7,4,14,16,82,84,5,0.03125
141,40,0,5,4,19,78,82,4,0.025
141,41,1,5,11,25,109,113,6,0.0375
141,42,2,5,22,23,128,131,5,0.03125
141,43,3,5,35,18,145,144,6,0.0375
141,44,4,5,35,19,151,152,6,0.0375
141,45,5,5,15,15,123,122,8,0.05
141,46,6,5,5,20,98,97,9,0.05625
141,47,7,5,14,14,78,77,5,0.03125
141,48,0,6,9,18,69,69,3,0.01875
141,49,1,6,6,20,89,86,10,0.0625
141,50,2,6,22,15,109,112,6,0.0375
141,51,3,6,35,15,132,131,9,0.05625
141,52,4,6,26,13,129,128,8,0.05
141,53,5,6,21,17,103,104,6,0.0375
141,54,6,6,13,10,76,74,9,0.05625
141,55,7,6,9,18,56,58,4,0.025
141,56,0,7,1,21,34,35,4,0.025
141,57,1,7,7,18,53,54,8,0.05
141,58,2,7,5,14,62,64,7,0.04375
141,59,3,7,17,23,85,87,7,0.04375
141,60,4,7,43,18,101,104,5,0.03125
141,61,5,7,13,18,70,70,7,0.04375
141,62,6,7,8,13,48,48,7,0.04375
141,63,7,7,7,18,31,32,3,0.01875
142,0,0,0,6,22,33,32,4,0.025
142,1,1,0,5,13,40,42,5,0.03125
142,2,2,0,17,21,68,66,6,0.0375
142,3,3,0,27,20,92,90,7,0.04375
142,4,4,0,26,22,100,95,9,0.05625
142,5,5,0,23,13,84,80,8,0.05
142,6,6,0,10,14,63,65,6,0.0375
142,7,7,0,11,16,41,39,6,0.0375
142,8,0,1,6,9,53,55,4,0.025
142,9,1,1,12,11,73,74,8,0.05
142,10,2,1,13,14,105,103,9,0.05625
142,11,3,1,38,9,133,131,9,0.05625
142,12,4,1,28,15,129,133,4,0.025
142,13,5,1,13,17,105,104,9,0.05625
142,14,6,1,10,20,90,90,8,0.05
142,15,7,1,6,17,61,62,5,0.03125
142,16,0,2,6,11,66,64,5,0.03125
142,17,1,2,14,18,96,97,6,0.0375
142,18,2,2,21,18,124,122,7,0.04375
142,19,3,2,25,18,140,144,7,0.04375
142,20,4,2,34,27,152,154,7,0.04375
142,21,5,2,15,19,128,128,7,0.04375
142,22,6,2,9,17,104,103,9,0.05625
142,23,7,2,9,12,73,71,6,0.0375
142,24,0,3,6,15,74,75,4,0.025
142,25,1,3,8,14,98,102,8,0.05
142,26,2,3,18,20,130,127,10,0.0625
142,27,3,3,40,13,157,155,9,0.05625
142,28,4,3,29,11,156,154,8,0.05
142,29,5,3,17,12,133,131,8,0.05
142,30,6,3,12,19,113,116,8,0.05
142,31,7,3,3,20,80,81,5,0.03125
142,32,0,4,12,11,80,80,6,0.0375
142,33,1,4,11,18,98,98,8,0.05
142,34,2,4,11,18,123,121,8,0.05
142,35,3,4,24,19,147,147,9,0.05625
142,36,4,4,35,14,162,161,9,0.05625
142,37,5,4,11,17,134,133,10,0.0625
142,38,6,4,12,21,123,121,10,0.0625
142,39,7,4,6,16,89,88,6,0.0375
142,40,0,5,12,10,82,80,5,0.03125
142,41,1,5,10,18,91,91,7,0.04375
142,42,2,5,16,15,122,122,6,0.0375
142,43,3,5,32,17,151,151,7,0.04375
142,44,4,5,33,23,154,149,10,0.0625
142,45,5,5,23,15,133,131,11,0.06875
142,46,6,5,20,18,115,114,11,0.06875
142,47,7,5,15,17,91,88,7,0.04375
142,48,0,6,5,19,64,61,4,0.025
142,49,1,6,6,15,72,73,8,0.05
142,50,2,6,20,14,108,103,10,0.0625
142,51,3,6,34,21,131,134,6,0.0375
142,52,4,6,31,13,116,118,6,0.0375
142,53,5,6,14,16,100,99,8,0.05
142,54,6,6,6,15,81,82,9,0.05625
142,55,7,6,10,14,70,64,10,0.0625
142,56,0,7,7,14,31,31,4,0.025
142,57,1,7,6,16,51,52,6,0.0375
142,58,2,7,15,18,79,80,6,0.0375
142,59,3,7,34,20,109,108,7,0.04375
142,60,4,7,45,16,113,112,7,0.04375
142,61,5,7,28,17,95,93,6,0.0375
142,62,6,7,5,18,65,63,9,0.05625
142,63,7,7,11,15,44,43,4,0.025
143,0,0,0,6,11,31,32,4,0.025
143,1,1,0,11,16,63,60,9,0.05625
143,2,2,0,18,25,92,91,8,0.05
143,3,3,0,42,11,106,106,9,0.05625
143,4,4,0,30,20,103,105,8,0.05
143,5,5,0,9,24,81,83,7,0.04375
143,6,6,0,9,12,53,52,7,0.04375
143,7,7,0,11,19,39,39,3,0.01875
143,8,0,1,5,27,67,66,4,0.025
143,9,1,1,5,19,88,86,10,0.0625
143,10,2,1,27,13,118,118,9,0.05625
143,11,3,1,41,20,132,137,4,0.025
143,12,4,1,22,17,116,116,6,0.0375
143,13,5,1,10,14,106,107,9,0.05625
143,14,6,1,7,12,74,75,8,0.05
143,15,7,1,7,19,61,63,3,0.01875
143,16,0,2,6,18,90,88,7,0.04375
143,17,1,2,9,11,99,96,9,0.05625
143,18,2,2,12,16,124,124,8,0.05
143,19,3,2,46,7,146,144,7,0.04375
143,20,4,2,28,18,140,140,6,0.0375
143,21,5,2,16,26,131,135,5,0.03125
143,22,6,2,9,20,92,90,9,0.05625
143,23,7,2,9,17,78,81,5,0.03125
143,24,0,3,10,17,102,98,7,0.04375
143,25,1,3,14,14,120,119,9,0.05625
143,26,2,3,28,18,148,149,8,0.05
143,27,3,3,31,21,151,153,8,0.05
143,28,4,3,21,13,137,139,7,0.04375
143,29,5,3,12,21,132,128,10,0.0625
143,30,6,3,5,20,92,91,8,0.05
143,31,7,3,8,13,82,82,5,0.03125
143,32,0,4,5,9,83,86,3,0.01875
143,33,1,4,10,17,112,113,7,0.04375
143,34,2,4,15,17,129,129,7,0.04375
143,35,3,4,28,13,147,151,6,0.0375
143,36,4,4,35,11,155,155,8,0.05
143,37,5,4,17,17,135,134,8,0.05
143,38,6,4,5,15,98,100,8,0.05
143,39,7,4,9,19,83,87,1,0.00625
143,40,0,5,0,15,72,72,5,0.03125
143,41,1,5,2,15,98,97,8,0.05
143,42,2,5,12,19,108,106,8,0.05
143,43,3,5,16,17,120,121,6,0.0375
143,44,4,5,33,17,145,146,9,0.05625
143,45,5,5,34,18,139,139,9,0.05625
143,46,6,5,16,13,117,118,8,0.05
143,47,7,5,18,14,88,88,7,0.04375
143,48,0,6,21,23,78,79,4,0.025
143,49,1,6,11,25,108,109,8,0.05
143,50,2,6,25,16,118,120,7,0.04375
143,51,3,6,27,21,120,118,7,0.04375
143,52,4,6,25,18,117,117,6,0.0375
143,53,5,6,20,18,100,98,10,0.0625
143,54,6,6,10,15,78,79,8,0.05
143,55,7,6,7,16,59,62,6,0.0375
143,56,0,7,8,18,34,34,4,0.025
143,57,1,7,5,15,46,46,8,0.05
143,58,2,7,15,15,64,64,7,0.04375
143,59,3,7,14,13,74,74,7,0.04375
143,60,4,7,19,21,90,91,4,0.025
143,61,5,7,27,12,82,81,7,0.04375
143,62,6,7,17,19,60,61,9,0.05625
143,63,7,7,14,15,38,37,4,0.025
144,0,0,0,8,20,43,43,4,0.025
144,1,1,0,10,15,61,64,6,0.0375
144,2,2,0,17,12,82,82,9,0.05625
144,3,3,0,30,12,100,99,9,0.05625
144,4,4,0,38,12,104,105,7,0.04375
144,5,5,0,19,17,81,81,7,0.04375
144,6,6,0,12,16,58,57,7,0.04375
144,7,7,0,3,13,28,29,4,0.025
144,8,0,1,7,23,79,78,5,0.03125
144,9,1,1,9,16,91,94,8,0.05
144,10,2,1,20,24,113,113,9,0.05625
144,11,3,1,35,19,139,135,8,0.05
144,12,4,1,32,19,136,135,8,0.05
144,13,5,1,13,13,103,104,6,0.0375
144,14,6,1,4,15,81,81,7,0.04375
144,15,7,1,10,21,61,61,4,0.025
144,16,0,2,11,17,91,95,4,0.025
144,17,1,2,9,14,100,99,11,0.06875
144,18,2,2,17,19,125,121,10,0.0625
144,19,3,2,30,18,149,149,7,0.04375
144,20,4,2,33,18,148,146,9,0.05625
144,21,5,2,14,10,118,115,8,0.05
144,22,6,2,12,13,105,102,13,0.08125
144,23,7,2,11,21,86,86,4,0.025
144,24,0,3,13,17,99,100,6,0.0375
144,25,1,3,10,7,107,107,7,0.04375
144,26,2,3,18,14,143,144,8,0.05
144,27,3,3,37,19,155,156,9,0.05625
144,28,4,3,28,19,150,147,7,0.04375
144,29,5,3,12,20,123,128,7,0.04375
144,30,6,3,7,16,102,102,8,0.05
144,31,7,3,5,18,87,90,2,0.0125
144,32,0,4,7,15,88,86,6,0.0375
144,33,1,4,9,18,104,104,7,0.04375
144,34,2,4,22,19,135,135,8,0.05
144,35,3,4,29,12,143,142,8,0.05
144,36,4,4,35,11,155,156,6,0.0375
144,37,5,4,17,15,136,138,8,0.05
144,38,6,4,5,13,109,102,14,0.0875
144,39,7,4,7,16,89,86,4,0.025
144,40,0,5,9,15,82,83,5,0.03125
144,41,1,5,6,22,100,98,9,0.05625
144,42,2,5,15,13,125,126,6,0.0375
144,43,3,5,31,21,140,140,6,0.0375
144,44,4,5,30,20,143,146,8,0.05
144,45,5,5,17,14,140,143,8,0.05
144,46,6,5,13,19,115,114,11,0.06875
144,47,7,5,10,19,79,82,4,0.025
144,48,0,6,7,17,62,63,3,0.01875
144,49,1,6,7,19,83,81,8,0.05
144,50,2,6,22,17,104,102,10,0.0625
144,51,3,6,31,13,120,118,8,0.05
144,52,4,6,35,19,117,115,9,0.05625
144,53,5,6,13,27,117,118,8,0.05
144,54,6,6,9,25,92,92,9,0.05625
144,55,7,6,8,13,59,60,4,0.025
144,56,0,7,5,14,29,29,4,0.025
144,57,1,7,7,16,53,52,8,0.05
144,58,2,7,13,14,74,74,7,0.04375
144,59,3,7,26,16,100,100,7,0.04375
144,60,4,7,42,9,106,102,8,0.05
144,61,5,7,30,19,99,102,6,0.0375
144,62,6,7,12,14,67,68,8,0.05
144,63,7,7,14,23,50,50,4,0.025
