sample_idx,router_id,x,y,injected,ejected,received_total,sent_total,stored_total,buffer_occupancy_norm
0,0,0,0,33,19,61,58,3,0.01875
0,1,1,0,28,11,81,72,8,0.05
0,2,2,0,24,13,94,84,7,0.04375
0,3,3,0,27,13,103,94,8,0.05
0,4,4,0,30,9,99,92,7,0.04375
0,5,5,0,22,11,96,89,6,0.0375
0,6,6,0,26,14,83,78,4,0.025
0,7,7,0,24,20,57,55,2,0.0125
0,8,0,1,23,15,77,72,5,0.03125
0,9,1,1,19,12,95,88,7,0.04375
0,10,2,1,22,12,111,98,11,0.06875
0,11,3,1,35,18,127,118,9,0.05625
0,12,4,1,34,14,114,105,9,0.05625
0,13,5,1,19,16,102,92,10,0.0625
0,14,6,1,27,16,107,95,11,0.06875
0,15,7,1,21,14,80,71,9,0.05625
0,16,0,2,26,12,89,80,7,0.04375
0,17,1,2,25,19,110,100,8,0.05
0,18,2,2,29,7,126,119,7,0.04375
0,19,3,2,23,10,140,131,6,0.0375
0,20,4,2,24,20,132,127,4,0.025
0,21,5,2,24,14,126,118,8,0.05
0,22,6,2,22,10,119,105,13,0.08125
0,23,7,2,22,13,87,81,6,0.0375
0,24,0,3,23,19,102,95,7,0.04375
0,25,1,3,16,19,114,107,7,0.04375
0,26,2,3,29,18,142,133,8,0.05
0,27,3,3,34,17,152,143,9,0.05625
0,28,4,3,28,10,138,127,11,0.06875
0,29,5,3,21,14,127,117,8,0.05
0,30,6,3,22,11,121,109,10,0.0625
0,31,7,3,28,19,102,95,5,0.03125
0,32,0,4,19,18,101,93,8,0.05
0,33,1,4,23,15,115,105,8,0.05
0,34,2,4,28,17,140,134,5,0.03125
0,35,3,4,30,12,144,134,8,0.05
0,36,4,4,29,12,136,126,8,0.05
0,37,5,4,19,13,122,112,8,0.05
0,38,6,4,17,17,116,109,7,0.04375
0,39,7,4,24,11,95,91,4,0.025
0,40,0,5,33,11,99,91,7,0.04375
0,41,1,5,17,12,106,99,5,0.03125
0,42,2,5,24,11,135,127,7,0.04375
0,43,3,5,25,11,136,127,7,0.04375
0,44,4,5,20,15,128,119,7,0.04375
0,45,5,5,29,20,137,129,7,0.04375
0,46,6,5,20,11,107,97,9,0.05625
0,47,7,5,20,20,89,82,5,0.03125
0,48,0,6,16,17,71,66,5,0.03125
0,49,1,6,20,18,103,95,7,0.04375
0,50,2,6,27,15,122,113,8,0.05
0,51,3,6,28,23,131,123,6,0.0375
0,52,4,6,29,14,114,107,7,0.04375
0,53,5,6,22,10,98,88,6,0.0375
0,54,6,6,14,15,78,69,9,0.05625
0,55,7,6,17,8,64,59,4,0.025
0,56,0,7,30,13,57,53,4,0.025
0,57,1,7,22,13,83,75,7,0.04375
0,58,2,7,32,15,103,95,5,0.03125
0,59,3,7,30,11,106,101,4,0.025
0,60,4,7,23,12,100,94,5,0.03125
0,61,5,7,20,12,90,88,2,0.0125
0,62,6,7,28,9,79,74,4,0.025
0,63,7,7,25,13,54,48,5,0.03125
1,0,0,0,10,16,46,45,3,0.01875
1,1,1,0,7,21,75,77,7,0.04375
1,2,2,0,30,23,95,97,7,0.04375
1,3,3,0,33,11,97,100,5,0.03125
1,4,4,0,20,18,97,99,3,0.01875
1,5,5,0,21,15,72,75,2,0.0125
1,6,6,0,11,14,65,62,6,0.0375
1,7,7,0,12,18,47,42,5,0.03125
1,8,0,1,6,25,72,70,6,0.0375
1,9,1,1,5,11,81,73,14,0.0875
1,10,2,1,13,11,97,99,9,0.05625
1,11,3,1,24,31,130,128,10,0.0625
1,12,4,1,26,16,119,122,5,0.03125
1,13,5,1,12,14,88,90,5,0.03125
1,14,6,1,6,19,77,82,6,0.0375
1,15,7,1,11,13,61,66,3,0.01875
1,16,0,2,11,24,96,100,4,0.025
1,17,1,2,15,13,109,108,10,0.0625
1,18,2,2,28,22,148,144,9,0.05625
1,19,3,2,21,16,150,154,4,0.025
1,20,4,2,27,14,139,134,8,0.05
1,21,5,2,12,21,111,109,9,0.05625
1,22,6,2,13,15,101,104,9,0.05625
1,23,7,2,10,17,83,85,4,0.025
1,24,0,3,4,19,90,91,5,0.03125
1,25,1,3,15,12,110,110,5,0.03125
1,26,2,3,32,16,150,153,5,0.03125
1,27,3,3,26,18,161,163,6,0.0375
1,28,4,3,30,14,150,155,5,0.03125
1,29,5,3,17,18,126,125,10,0.0625
1,30,6,3,7,19,115,117,9,0.05625
1,31,7,3,4,23,98,99,4,0.025
1,32,0,4,9,20,100,102,6,0.0375
1,33,1,4,18,14,117,116,9,0.05625
1,34,2,4,29,19,155,152,8,0.05
1,35,3,4,26,15,156,158,6,0.0375
1,36,4,4,37,11,152,153,7,0.04375
1,37,5,4,16,7,119,119,8,0.05
1,38,6,4,8,20,116,114,8,0.05
1,39,7,4,5,22,94,95,2,0.0125
1,40,0,5,10,20,90,91,7,0.04375
1,41,1,5,12,19,105,101,10,0.0625
1,42,2,5,25,19,135,132,10,0.0625
1,43,3,5,31,12,144,142,9,0.05625
1,44,4,5,24,21,151,152,6,0.0375
1,45,5,5,24,15,128,128,7,0.04375
1,46,6,5,11,21,121,120,9,0.05625
1,47,7,5,10,13,82,84,4,0.025
1,48,0,6,12,18,71,74,1,0.00625
1,49,1,6,2,18,77,80,5,0.03125
1,50,2,6,13,15,100,102,5,0.03125
1,51,3,6,33,17,122,118,10,0.0625
1,52,4,6,28,17,127,125,8,0.05
1,53,5,6,12,14,96,97,8,0.05
1,54,6,6,12,21,95,94,10,0.0625
1,55,7,6,9,14,70,68,7,0.04375
1,56,0,7,11,18,45,44,5,0.03125
1,57,1,7,11,17,64,64,8,0.05
1,58,2,7,26,19,89,90,6,0.0375
1,59,3,7,28,19,105,103,7,0.04375
1,60,4,7,31,24,112,111,6,0.0375
1,61,5,7,23,15,94,90,6,0.0375
1,62,6,7,8,14,70,66,8,0.05
1,63,7,7,14,16,52,50,7,0.04375
2,0,0,0,4,14,31,29,5,0.03125
2,1,1,0,11,19,61,60,7,0.04375
2,2,2,0,29,21,95,96,5,0.03125
2,3,3,0,26,17,104,103,7,0.04375
2,4,4,0,22,10,99,102,1,0.00625
2,5,5,0,27,16,96,92,7,0.04375
2,6,6,0,15,20,72,72,8,0.05
2,7,7,0,13,18,49,49,6,0.0375
2,8,0,1,12,10,60,61,6,0.0375
2,9,1,1,10,16,87,93,9,0.05625
2,10,2,1,29,11,122,125,7,0.04375
2,11,3,1,39,30,138,143,6,0.0375
2,12,4,1,23,17,117,111,9,0.05625
2,13,5,1,12,25,100,101,6,0.0375
2,14,6,1,9,19,90,89,7,0.04375
2,15,7,1,5,19,62,61,5,0.03125
2,16,0,2,12,13,75,74,6,0.0375
2,17,1,2,14,23,116,117,10,0.0625
2,18,2,2,30,15,143,142,9,0.05625
2,19,3,2,26,19,154,153,6,0.0375
2,20,4,2,23,17,131,132,8,0.05
2,21,5,2,14,14,114,114,9,0.05625
2,22,6,2,6,17,106,106,9,0.05625
2,23,7,2,5,18,79,78,5,0.03125
2,24,0,3,12,25,89,91,4,0.025
2,25,1,3,9,19,114,110,10,0.0625
2,26,2,3,19,16,138,134,8,0.05
2,27,3,3,23,13,151,152,4,0.025
2,28,4,3,26,15,141,142,4,0.025
2,29,5,3,27,21,148,150,7,0.04375
2,30,6,3,13,14,127,127,8,0.05
2,31,7,3,17,12,94,94,4,0.025
2,32,0,4,8,16,82,81,6,0.0375
2,33,1,4,5,10,91,92,10,0.0625
2,34,2,4,22,20,126,124,9,0.05625
2,35,3,4,31,13,149,145,9,0.05625
2,36,4,4,29,13,136,139,5,0.03125
2,37,5,4,21,16,136,135,10,0.0625
2,38,6,4,11,24,128,129,8,0.05
2,39,7,4,10,20,97,94,4,0.025
2,40,0,5,6,18,71,73,5,0.03125
2,41,1,5,11,17,92,93,9,0.05625
2,42,2,5,20,15,121,122,8,0.05
2,43,3,5,29,13,131,135,7,0.04375
2,44,4,5,26,17,126,127,7,0.04375
2,45,5,5,20,12,118,116,9,0.05625
2,46,6,5,13,14,117,117,9,0.05625
2,47,7,5,11,18,88,88,4,0.025
2,48,0,6,6,14,47,44,5,0.03125
2,49,1,6,13,21,70,68,7,0.04375
2,50,2,6,10,16,88,86,9,0.05625
2,51,3,6,18,18,101,99,13,0.08125
2,52,4,6,24,15,106,105,10,0.0625
2,53,5,6,17,12,90,88,10,0.0625
2,54,6,6,7,15,86,84,12,0.075
2,55,7,6,5,11,61,64,4,0.025
2,56,0,7,8,11,26,28,3,0.01875
2,57,1,7,6,8,42,41,8,0.05
2,58,2,7,15,15,71,71,6,0.0375
2,59,3,7,26,19,92,90,8,0.05
2,60,4,7,26,17,94,91,9,0.05625
2,61,5,7,14,10,75,72,9,0.05625
2,62,6,7,13,20,67,67,8,0.05
2,63,7,7,6,24,40,44,4,0.025
3,0,0,0,13,12,45,46,5,0.03125
3,1,1,0,15,10,75,74,9,0.05625
3,2,2,0,27,12,94,95,5,0.03125
3,3,3,0,32,16,106,106,6,0.0375
3,4,4,0,25,10,97,92,6,0.0375
3,5,5,0,18,18,86,87,6,0.0375
3,6,6,0,5,19,61,58,10,0.0625
3,7,7,0,11,15,34,37,4,0.025
3,8,0,1,6,16,58,58,6,0.0375
3,9,1,1,6,19,83,81,9,0.05625
3,10,2,1,12,20,104,103,8,0.05
3,11,3,1,30,36,139,139,5,0.03125
3,12,4,1,36,12,116,120,6,0.0375
3,13,5,1,20,14,116,115,7,0.04375
3,14,6,1,7,23,90,89,7,0.04375
3,15,7,1,9,21,63,63,4,0.025
3,16,0,2,14,16,83,83,6,0.0375
3,17,1,2,11,14,111,112,9,0.05625
3,18,2,2,24,14,134,138,7,0.04375
3,19,3,2,29,12,155,156,5,0.03125
3,20,4,2,29,21,126,128,6,0.0375
3,21,5,2,14,15,113,114,8,0.05
3,22,6,2,5,11,88,88,11,0.06875
3,23,7,2,5,21,72,70,5,0.03125
3,24,0,3,10,19,88,84,8,0.05
3,25,1,3,12,12,120,123,8,0.05
3,26,2,3,31,11,146,147,8,0.05
3,27,3,3,31,13,157,156,7,0.04375
3,28,4,3,28,14,132,128,8,0.05
3,29,5,3,19,17,125,126,7,0.04375
3,30,6,3,8,16,109,108,9,0.05625
3,31,7,3,9,9,79,81,4,0.025
3,32,0,4,8,13,72,74,5,0.03125
3,33,1,4,11,23,109,110,8,0.05
3,34,2,4,22,19,133,135,6,0.0375
3,35,3,4,26,10,132,137,5,0.03125
3,36,4,4,27,9,127,126,5,0.03125
3,37,5,4,15,17,114,116,8,0.05
3,38,6,4,4,20,104,104,7,0.04375
3,39,7,4,12,22,87,89,3,0.01875
3,40,0,5,10,13,70,70,4,0.025
3,41,1,5,10,15,93,96,7,0.04375
3,42,2,5,17,11,104,108,5,0.03125
3,43,3,5,28,12,116,110,12,0.075
3,44,4,5,31,8,107,106,8,0.05
3,45,5,5,8,12,94,97,7,0.04375
3,46,6,5,6,16,85,86,9,0.05625
3,47,7,5,8,15,74,73,5,0.03125
3,48,0,6,6,20,50,51,3,0.01875
3,49,1,6,6,16,64,64,7,0.04375
3,50,2,6,9,17,79,79,8,0.05
3,51,3,6,40,14,100,102,11,0.06875
3,52,4,6,16,10,78,80,8,0.05
3,53,5,6,1,16,70,72,8,0.05
3,54,6,6,6,8,61,65,8,0.05
3,55,7,6,4,22,57,57,4,0.025
3,56,0,7,6,17,28,27,4,0.025
3,57,1,7,11,17,38,40,7,0.04375
3,58,2,7,15,13,44,43,8,0.05
3,59,3,7,4,12,35,33,11,0.06875
3,60,4,7,4,5,24,25,8,0.05
3,61,5,7,0,11,30,31,8,0.05
3,62,6,7,0,17,30,31,8,0.05
3,63,7,7,4,8,21,21,4,0.025
4,0,0,0,6,18,42,39,6,0.0375
4,1,1,0,17,18,69,68,10,0.0625
4,2,2,0,23,18,95,95,6,0.0375
4,3,3,0,25,19,107,109,3,0.01875
4,4,4,0,25,21,105,112,0,0.0
4,5,5,0,28,10,92,95,3,0.01875
4,6,6,0,13,16,62,69,4,0.025
4,7,7,0,10,10,39,38,4,0.025
4,8,0,1,10,17,72,68,10,0.0625
4,9,1,1,9,22,91,92,10,0.0625
4,10,2,1,31,15,122,123,6,0.0375
4,11,3,1,23,34,150,147,8,0.05
4,12,4,1,28,9,126,127,5,0.03125
4,13,5,1,13,14,106,106,8,0.05
4,14,6,1,9,15,72,73,8,0.05
4,15,7,1,5,8,45,45,4,0.025
4,16,0,2,15,11,77,76,5,0.03125
4,17,1,2,13,15,100,101,7,0.04375
4,18,2,2,13,8,116,114,8,0.05
4,19,3,2,31,14,158,156,7,0.04375
4,20,4,2,35,14,145,145,6,0.0375
4,21,5,2,18,13,118,118,7,0.04375
4,22,6,2,7,11,91,90,11,0.06875
4,23,7,2,7,18,65,69,3,0.01875
4,24,0,3,11,11,81,84,5,0.03125
4,25,1,3,16,18,121,121,8,0.05
4,26,2,3,31,13,142,144,6,0.0375
4,27,3,3,28,8,154,151,8,0.05
4,28,4,3,29,17,143,144,6,0.0375
4,29,5,3,14,19,116,114,10,0.0625
4,30,6,3,6,8,94,96,8,0.05
4,31,7,3,7,13,77,75,6,0.0375
4,32,0,4,14,18,84,83,5,0.03125
4,33,1,4,14,8,107,109,7,0.04375
4,34,2,4,24,18,133,136,5,0.03125
4,35,3,4,30,15,149,147,9,0.05625
4,36,4,4,26,11,139,142,4,0.025
4,37,5,4,12,19,117,115,9,0.05625
4,38,6,4,11,16,99,97,9,0.05625
4,39,7,4,9,13,78,78,3,0.01875
4,40,0,5,10,19,65,67,3,0.01875
4,41,1,5,8,7,86,84,9,0.05625
4,42,2,5,18,17,104,104,5,0.03125
4,43,3,5,34,11,119,121,9,0.05625
4,44,4,5,22,16,124,123,7,0.04375
4,45,5,5,11,8,97,94,8,0.05
4,46,6,5,7,17,86,86,8,0.05
4,47,7,5,4,11,62,63,4,0.025
4,48,0,6,10,13,50,49,4,0.025
4,49,1,6,8,14,71,70,8,0.05
4,50,2,6,21,15,87,87,9,0.05625
4,51,3,6,28,12,110,111,11,0.06875
4,52,4,6,29,15,110,110,7,0.04375
4,53,5,6,22,14,91,91,9,0.05625
4,54,6,6,5,17,78,75,9,0.05625
4,55,7,6,7,19,54,53,5,0.03125
4,56,0,7,4,19,25,26,3,0.01875
4,57,1,7,0,24,33,32,8,0.05
4,58,2,7,8,12,28,28,7,0.04375
4,59,3,7,17,20,45,45,10,0.0625
4,60,4,7,0,14,30,31,8,0.05
4,61,5,7,0,11,24,23,9,0.05625
4,62,6,7,0,17,24,24,8,0.05
4,63,7,7,0,19,24,23,5,0.03125
5,0,0,0,10,15,37,41,4,0.025
5,1,1,0,21,9,61,63,7,0.04375
5,2,2,0,27,11,91,88,7,0.04375
5,3,3,0,27,16,110,107,6,0.0375
5,4,4,0,26,15,103,98,3,0.01875
5,5,5,0,25,20,96,94,6,0.0375
5,6,6,0,9,20,64,62,6,0.0375
5,7,7,0,14,15,40,42,3,0.01875
5,8,0,1,13,13,63,68,4,0.025
5,9,1,1,11,13,78,76,12,0.075
5,10,2,1,12,19,103,102,9,0.05625
5,11,3,1,35,37,157,156,9,0.05625
5,12,4,1,31,21,131,133,5,0.03125
5,13,5,1,27,10,120,117,9,0.05625
5,14,6,1,11,19,91,88,10,0.0625
5,15,7,1,11,13,65,64,6,0.0375
5,16,0,2,7,19,81,81,4,0.025
5,17,1,2,9,21,94,91,11,0.06875
5,18,2,2,17,22,126,127,7,0.04375
5,19,3,2,32,24,164,158,11,0.06875
5,20,4,2,36,11,138,136,8,0.05
5,21,5,2,18,18,132,131,10,0.0625
5,22,6,2,9,8,104,103,12,0.075
5,23,7,2,11,18,90,86,7,0.04375
5,24,0,3,8,16,92,88,6,0.0375
5,25,1,3,12,15,98,95,9,0.05625
5,26,2,3,27,7,139,139,6,0.0375
5,27,3,3,31,9,152,156,6,0.0375
5,28,4,3,27,13,143,144,6,0.0375
5,29,5,3,20,18,135,136,7,0.04375
5,30,6,3,10,16,102,103,7,0.04375
5,31,7,3,5,14,84,83,6,0.0375
5,32,0,4,13,14,92,92,6,0.0375
5,33,1,4,15,7,93,91,8,0.05
5,34,2,4,31,17,144,142,7,0.04375
5,35,3,4,20,14,145,148,4,0.025
5,36,4,4,30,18,145,142,4,0.025
5,37,5,4,18,19,130,133,7,0.04375
5,38,6,4,7,12,100,102,7,0.04375
5,39,7,4,13,10,90,85,7,0.04375
5,40,0,5,8,17,86,81,7,0.04375
5,41,1,5,11,14,87,87,8,0.05
5,42,2,5,26,18,120,118,7,0.04375
5,43,3,5,22,19,133,135,8,0.05
5,44,4,5,28,20,128,127,9,0.05625
5,45,5,5,16,12,113,111,10,0.0625
5,46,6,5,8,14,84,84,9,0.05625
5,47,7,5,6,16,73,72,5,0.03125
5,48,0,6,4,15,59,58,6,0.0375
5,49,1,6,13,17,72,72,8,0.05
5,50,2,6,13,10,83,83,8,0.05
5,51,3,6,38,17,112,113,9,0.05625
5,52,4,6,17,15,87,88,7,0.04375
5,53,5,6,11,23,85,85,7,0.04375
5,54,6,6,4,18,62,63,9,0.05625
5,55,7,6,2,9,50,47,7,0.04375
5,56,0,7,11,22,41,40,4,0.025
5,57,1,7,3,15,40,40,8,0.05
5,58,2,7,13,17,50,49,8,0.05
5,59,3,7,20,13,56,56,10,0.0625
5,60,4,7,10,8,47,46,7,0.04375
5,61,5,7,9,6,37,37,8,0.05
5,62,6,7,0,13,27,27,8,0.05
5,63,7,7,1,19,29,29,5,0.03125
6,0,0,0,19,22,58,58,4,0.025
6,1,1,0,27,23,102,102,6,0.0375
6,2,2,0,25,19,119,121,7,0.04375
6,3,3,0,33,18,137,137,7,0.04375
6,4,4,0,23,19,131,130,5,0.03125
6,5,5,0,26,23,135,132,8,0.05
6,6,6,0,22,22,101,100,7,0.04375
6,7,7,0,25,18,63,61,5,0.03125
6,8,0,1,22,21,95,96,4,0.025
6,9,1,1,19,21,136,138,9,0.05625
6,10,2,1,23,19,152,153,6,0.0375
6,11,3,1,39,55,215,219,6,0.0375
6,12,4,1,26,22,166,165,5,0.03125
6,13,5,1,25,22,166,169,6,0.0375
6,14,6,1,16,30,132,135,8,0.05
6,15,7,1,20,20,89,88,6,0.0375
6,16,0,2,21,20,121,123,4,0.025
6,17,1,2,22,25,176,175,12,0.075
6,18,2,2,33,27,194,194,7,0.04375
6,19,3,2,29,24,241,247,6,0.0375
6,20,4,2,30,15,193,197,4,0.025
6,21,5,2,28,29,197,197,8,0.05
6,22,6,2,23,18,147,151,8,0.05
6,23,7,2,17,22,107,110,4,0.025
6,24,0,3,23,33,141,145,5,0.03125
6,25,1,3,25,26,200,198,12,0.075
6,26,2,3,30,23,210,208,8,0.05
6,27,3,3,32,31,262,260,6,0.0375
6,28,4,3,30,25,200,199,7,0.04375
6,29,5,3,20,25,196,193,10,0.0625
6,30,6,3,14,21,156,154,9,0.05625
6,31,7,3,21,22,128,129,5,0.03125
6,32,0,4,26,20,139,138,5,0.03125
6,33,1,4,24,28,189,185,12,0.075
6,34,2,4,27,27,193,192,7,0.04375
6,35,3,4,21,28,247,242,10,0.0625
6,36,4,4,29,18,210,211,6,0.0375
6,37,5,4,29,36,218,217,6,0.0375
6,38,6,4,19,26,170,169,7,0.04375
6,39,7,4,22,28,131,133,6,0.0375
6,40,0,5,21,33,124,127,5,0.03125
6,41,1,5,16,26,167,164,11,0.06875
6,42,2,5,28,20,170,168,9,0.05625
6,43,3,5,30,22,221,223,6,0.0375
6,44,4,5,30,15,188,188,8,0.05
6,45,5,5,21,20,172,177,4,0.025
6,46,6,5,23,25,151,153,8,0.05
6,47,7,5,21,29,115,114,6,0.0375
6,48,0,6,21,28,109,109,4,0.025
6,49,1,6,17,29,142,140,10,0.0625
6,50,2,6,26,21,151,152,8,0.05
6,51,3,6,30,27,203,203,8,0.05
6,52,4,6,29,22,184,184,3,0.01875
6,53,5,6,25,27,167,168,8,0.05
6,54,6,6,16,27,130,131,8,0.05
6,55,7,6,24,24,96,100,4,0.025
6,56,0,7,27,29,74,73,4,0.025
6,57,1,7,19,22,106,106,6,0.0375
6,58,2,7,34,25,145,145,9,0.05625
6,59,3,7,25,32,166,172,4,0.025
6,60,4,7,29,30,152,154,6,0.0375
6,61,5,7,28,24,127,127,8,0.05
6,62,6,7,23,21,99,99,7,0.04375
6,63,7,7,25,22,65,65,5,0.03125
7,0,0,0,13,17,49,47,6,0.0375
7,1,1,0,13,26,78,75,10,0.0625
7,2,2,0,31,15,96,96,6,0.0375
7,3,3,0,27,13,105,105,7,0.04375
7,4,4,0,28,12,98,97,7,0.04375
7,5,5,0,20,11,79,80,7,0.04375
7,6,6,0,17,16,71,70,8,0.05
7,7,7,0,8,21,47,46,5,0.03125
7,8,0,1,12,18,78,76,5,0.03125
7,9,1,1,13,19,102,97,14,0.0875
7,10,2,1,23,20,111,106,11,0.06875
7,11,3,1,34,29,133,131,8,0.05
7,12,4,1,21,19,114,111,9,0.05625
7,13,5,1,11,12,89,87,9,0.05625
7,14,6,1,10,20,84,82,9,0.05625
7,15,7,1,6,18,63,63,6,0.0375
7,16,0,2,16,16,90,89,4,0.025
7,17,1,2,13,7,105,103,13,0.08125
7,18,2,2,25,18,129,128,8,0.05
7,19,3,2,30,17,147,146,5,0.03125
7,20,4,2,19,11,121,120,3,0.01875
7,21,5,2,9,21,106,105,9,0.05625
7,22,6,2,4,9,91,91,8,0.05
7,23,7,2,8,16,78,76,6,0.0375
7,24,0,3,12,15,97,96,5,0.03125
7,25,1,3,8,18,118,118,11,0.06875
7,26,2,3,29,14,139,141,6,0.0375
7,27,3,3,23,15,154,154,6,0.0375
7,28,4,3,30,19,144,144,7,0.04375
7,29,5,3,9,19,120,120,10,0.0625
7,30,6,3,11,20,108,108,10,0.0625
7,31,7,3,5,18,85,84,7,0.04375
7,32,0,4,9,19,88,91,3,0.01875
7,33,1,4,7,9,111,114,10,0.0625
7,34,2,4,17,17,126,126,8,0.05
7,35,3,4,26,24,151,157,3,0.01875
7,36,4,4,23,16,144,141,8,0.05
7,37,5,4,27,16,146,145,7,0.04375
7,38,6,4,17,20,117,117,9,0.05625
7,39,7,4,11,20,95,95,6,0.0375
7,40,0,5,13,18,77,76,5,0.03125
7,41,1,5,5,18,104,104,10,0.0625
7,42,2,5,14,14,108,107,9,0.05625
7,43,3,5,24,9,126,123,8,0.05
7,44,4,5,26,18,131,132,8,0.05
7,45,5,5,28,15,139,138,7,0.04375
7,46,6,5,7,13,93,93,5,0.03125
7,47,7,5,10,21,87,90,4,0.025
7,48,0,6,6,17,56,55,6,0.0375
7,49,1,6,14,17,91,94,5,0.03125
7,50,2,6,13,16,94,94,7,0.04375
7,51,3,6,24,20,113,115,7,0.04375
7,52,4,6,32,16,112,114,3,0.01875
7,53,5,6,13,21,103,105,5,0.03125
7,54,6,6,13,15,72,74,6,0.0375
7,55,7,6,8,12,60,60,4,0.025
7,56,0,7,14,14,46,47,4,0.025
7,57,1,7,10,29,80,81,7,0.04375
7,58,2,7,26,12,82,85,6,0.0375
7,59,3,7,36,12,97,93,9,0.05625
7,60,4,7,21,17,91,89,8,0.05
7,61,5,7,17,14,71,72,8,0.05
7,62,6,7,5,12,49,51,6,0.0375
7,63,7,7,5,16,35,36,3,0.01875
8,0,0,0,16,13,44,46,4,0.025
8,1,1,0,15,14,75,77,7,0.04375
8,2,2,0,36,16,99,100,6,0.0375
8,3,3,0,24,11,88,90,6,0.0375
8,4,4,0,19,13,71,72,5,0.03125
8,5,5,0,7,16,63,62,7,0.04375
8,6,6,0,0,13,42,42,8,0.05
8,7,7,0,5,16,29,31,4,0.025
8,8,0,1,12,11,59,60,4,0.025
8,9,1,1,26,22,90,94,11,0.06875
8,10,2,1,19,21,91,94,10,0.0625
8,11,3,1,6,37,119,114,11,0.06875
8,12,4,1,14,21,93,92,9,0.05625
8,13,5,1,9,15,83,80,10,0.0625
8,14,6,1,0,13,58,58,9,0.05625
8,15,7,1,5,13,49,52,4,0.025
8,16,0,2,14,16,74,76,4,0.025
8,17,1,2,12,20,111,113,10,0.0625
8,18,2,2,23,6,115,117,7,0.04375
8,19,3,2,31,14,154,155,7,0.04375
8,20,4,2,33,11,135,131,10,0.0625
8,21,5,2,13,16,115,116,10,0.0625
8,22,6,2,5,18,83,82,9,0.05625
8,23,7,2,3,18,75,75,6,0.0375
8,24,0,3,14,13,85,82,8,0.05
8,25,1,3,20,21,133,137,8,0.05
8,26,2,3,33,23,147,144,6,0.0375
8,27,3,3,31,17,168,167,8,0.05
8,28,4,3,22,12,132,134,5,0.03125
8,29,5,3,17,15,130,133,9,0.05625
8,30,6,3,7,22,99,103,6,0.0375
8,31,7,3,9,23,89,91,4,0.025
8,32,0,4,14,15,82,80,6,0.0375
8,33,1,4,7,10,109,110,7,0.04375
8,34,2,4,28,19,133,134,7,0.04375
8,35,3,4,31,14,168,160,11,0.06875
8,36,4,4,30,16,152,151,7,0.04375
8,37,5,4,24,20,148,148,8,0.05
8,38,6,4,10,15,114,116,6,0.0375
8,39,7,4,14,13,88,89,6,0.0375
8,40,0,5,4,19,65,66,4,0.025
8,41,1,5,12,16,88,92,8,0.05
8,42,2,5,9,11,93,97,7,0.04375
8,43,3,5,21,14,133,133,9,0.05625
8,44,4,5,30,15,131,133,6,0.0375
8,45,5,5,23,14,125,122,7,0.04375
8,46,6,5,17,16,113,111,8,0.05
8,47,7,5,6,18,76,73,7,0.04375
8,48,0,6,7,15,53,54,5,0.03125
8,49,1,6,3,16,69,66,9,0.05625
8,50,2,6,17,9,81,80,8,0.05
8,51,3,6,25,21,111,104,14,0.0875
8,52,4,6,22,13,103,99,9,0.05625
8,53,5,6,25,23,104,100,8,0.05
8,54,6,6,3,19,85,84,8,0.05
8,55,7,6,13,15,65,62,7,0.04375
8,56,0,7,13,16,40,40,3,0.01875
8,57,1,7,8,20,65,64,6,0.0375
8,58,2,7,22,15,89,88,6,0.0375
8,59,3,7,24,15,103,107,4,0.025
8,60,4,7,32,13,98,99,5,0.03125
8,61,5,7,16,15,79,80,7,0.04375
8,62,6,7,9,14,64,62,7,0.04375
8,63,7,7,10,18,46,44,5,0.03125
9,0,0,0,11,14,34,34,3,0.01875
9,1,1,0,10,16,61,60,8,0.05
9,2,2,0,24,10,83,81,7,0.04375
9,3,3,0,28,20,103,102,6,0.0375
9,4,4,0,15,14,76,74,7,0.04375
9,5,5,0,13,17,60,62,7,0.04375
9,6,6,0,4,17,42,44,6,0.0375
9,7,7,0,1,14,28,27,5,0.03125
9,8,0,1,14,14,55,56,3,0.01875
9,9,1,1,20,14,90,92,8,0.05
9,10,2,1,22,20,100,102,6,0.0375
9,11,3,1,23,25,118,124,6,0.0375
9,12,4,1,15,19,90,92,7,0.04375
9,13,5,1,1,17,71,76,7,0.04375
9,14,6,1,6,14,59,61,6,0.0375
9,15,7,1,4,16,52,50,4,0.025
9,16,0,2,9,21,70,68,4,0.025
9,17,1,2,12,21,114,115,11,0.06875
9,18,2,2,23,12,120,118,9,0.05625
9,19,3,2,29,15,146,145,6,0.0375
9,20,4,2,29,13,133,137,5,0.03125
9,21,5,2,8,25,121,121,8,0.05
9,22,6,2,9,17,89,91,8,0.05
9,23,7,2,7,18,73,74,3,0.01875
9,24,0,3,13,19,83,85,4,0.025
9,25,1,3,5,19,120,116,10,0.0625
9,26,2,3,16,21,130,130,9,0.05625
9,27,3,3,27,16,152,155,5,0.03125
9,28,4,3,35,14,154,155,3,0.01875
9,29,5,3,24,14,139,142,4,0.025
9,30,6,3,6,17,102,96,11,0.06875
9,31,7,3,11,11,84,82,6,0.0375
9,32,0,4,7,13,78,76,8,0.05
9,33,1,4,12,15,109,107,11,0.06875
9,34,2,4,21,8,122,120,8,0.05
9,35,3,4,28,12,160,167,4,0.025
9,36,4,4,29,20,160,163,6,0.0375
9,37,5,4,23,14,136,136,8,0.05
9,38,6,4,10,15,95,92,9,0.05625
9,39,7,4,9,16,86,86,4,0.025
9,40,0,5,9,13,75,73,7,0.04375
9,41,1,5,4,23,105,102,10,0.0625
9,42,2,5,25,13,116,113,9,0.05625
9,43,3,5,39,18,160,159,9,0.05625
9,44,4,5,31,18,148,151,4,0.025
9,45,5,5,16,14,126,128,8,0.05
9,46,6,5,7,15,94,95,8,0.05
9,47,7,5,13,13,87,86,7,0.04375
9,48,0,6,4,11,56,58,4,0.025
9,49,1,6,11,17,86,87,8,0.05
9,50,2,6,12,14,93,96,6,0.0375
9,51,3,6,39,29,137,146,4,0.025
9,52,4,6,28,14,128,130,6,0.0375
9,53,5,6,24,20,121,123,7,0.04375
9,54,6,6,16,13,85,84,8,0.05
9,55,7,6,13,15,75,76,5,0.03125
9,56,0,7,16,20,43,44,3,0.01875
9,57,1,7,5,14,63,62,9,0.05625
9,58,2,7,13,16,76,78,5,0.03125
9,59,3,7,29,20,98,97,4,0.025
9,60,4,7,34,23,106,109,4,0.025
9,61,5,7,25,19,96,95,8,0.05
9,62,6,7,7,12,61,61,8,0.05
9,63,7,7,10,19,50,49,5,0.03125
10,0,0,0,17,12,41,40,4,0.025
10,1,1,0,20,21,78,79,8,0.05
10,2,2,0,30,15,89,90,7,0.04375
10,3,3,0,26,22,94,91,8,0.05
10,4,4,0,16,11,70,71,7,0.04375
10,5,5,0,3,13,57,55,6,0.0375
10,6,6,0,2,19,48,47,7,0.04375
10,7,7,0,3,15,30,31,4,0.025
10,8,0,1,12,16,65,64,4,0.025
10,9,1,1,17,20,104,101,10,0.0625
10,10,2,1,27,18,111,114,5,0.03125
10,11,3,1,36,22,143,141,8,0.05
10,12,4,1,27,16,111,111,6,0.0375
10,13,5,1,16,18,100,100,7,0.04375
10,14,6,1,17,19,107,107,8,0.05
10,15,7,1,12,17,75,75,6,0.0375
10,16,0,2,11,24,86,85,7,0.04375
10,17,1,2,3,16,109,106,13,0.08125
10,18,2,2,23,10,118,115,11,0.06875
10,19,3,2,36,13,166,165,8,0.05
10,20,4,2,27,17,141,138,6,0.0375
10,21,5,2,14,16,116,118,7,0.04375
10,22,6,2,4,18,106,105,8,0.05
10,23,7,2,5,23,86,85,4,0.025
10,24,0,3,6,17,85,86,6,0.0375
10,25,1,3,13,16,120,121,10,0.0625
10,26,2,3,16,17,125,126,6,0.0375
10,27,3,3,29,19,162,160,6,0.0375
10,28,4,3,30,19,151,146,7,0.04375
10,29,5,3,19,17,135,133,7,0.04375
10,30,6,3,15,8,113,116,8,0.05
10,31,7,3,11,16,96,97,6,0.0375
10,32,0,4,9,18,86,89,4,0.025
10,33,1,4,9,13,122,122,10,0.0625
10,34,2,4,22,12,131,133,8,0.05
10,35,3,4,30,19,156,154,5,0.03125
10,36,4,4,25,14,133,132,6,0.0375
10,37,5,4,14,11,126,126,8,0.05
10,38,6,4,5,18,102,102,9,0.05625
10,39,7,4,12,18,99,98,6,0.0375
10,40,0,5,4,15,67,68,5,0.03125
10,41,1,5,7,13,109,109,9,0.05625
10,42,2,5,18,21,126,126,8,0.05
10,43,3,5,35,10,142,144,7,0.04375
10,44,4,5,33,16,143,137,7,0.04375
10,45,5,5,28,17,134,137,6,0.0375
10,46,6,5,6,12,91,93,6,0.0375
10,47,7,5,6,18,89,90,6,0.0375
10,48,0,6,11,13,56,56,4,0.025
10,49,1,6,5,20,99,97,10,0.0625
10,50,2,6,15,18,110,107,9,0.05625
10,51,3,6,31,18,134,127,13,0.08125
10,52,4,6,37,14,125,124,7,0.04375
10,53,5,6,14,17,105,104,9,0.05625
10,54,6,6,7,18,80,80,8,0.05
10,55,7,6,10,24,78,77,6,0.0375
10,56,0,7,5,13,33,32,3,0.01875
10,57,1,7,14,22,76,77,7,0.04375
10,58,2,7,28,16,99,96,7,0.04375
10,59,3,7,31,15,109,110,5,0.03125
10,60,4,7,28,21,106,104,6,0.0375
10,61,5,7,15,15,83,82,8,0.05
10,62,6,7,8,13,59,59,8,0.05
10,63,7,7,8,14,42,43,5,0.03125
11,0,0,0,10,18,50,50,3,0.01875
11,1,1,0,12,25,79,81,7,0.04375
11,2,2,0,26,18,94,93,6,0.0375
11,3,3,0,41,19,115,116,7,0.04375
11,4,4,0,24,23,101,102,5,0.03125
11,5,5,0,14,16,75,76,6,0.0375
11,6,6,0,13,22,67,68,6,0.0375
11,7,7,0,5,16,42,41,4,0.025
11,8,0,1,14,27,89,85,8,0.05
11,9,1,1,17,14,98,101,8,0.05
11,10,2,1,21,14,108,102,8,0.05
11,11,3,1,35,32,143,145,5,0.03125
11,12,4,1,27,22,131,130,8,0.05
11,13,5,1,11,19,96,98,6,0.0375
11,14,6,1,4,18,80,78,8,0.05
11,15,7,1,10,16,68,67,7,0.04375
11,16,0,2,7,11,87,87,7,0.04375
11,17,1,2,15,17,110,113,9,0.05625
11,18,2,2,26,23,127,132,7,0.04375
11,19,3,2,37,12,147,147,8,0.05
11,20,4,2,35,13,147,145,10,0.0625
11,21,5,2,24,14,122,118,10,0.0625
11,22,6,2,5,14,100,102,7,0.04375
11,23,7,2,7,18,81,82,5,0.03125
11,24,0,3,13,13,103,100,8,0.05
11,25,1,3,10,22,135,136,9,0.05625
11,26,2,3,28,12,136,137,6,0.0375
11,27,3,3,31,21,146,148,5,0.03125
11,28,4,3,32,16,149,150,7,0.04375
11,29,5,3,13,16,112,112,7,0.04375
11,30,6,3,2,17,104,101,10,0.0625
11,31,7,3,7,11,82,80,7,0.04375
11,32,0,4,7,15,89,90,4,0.025
11,33,1,4,11,20,123,124,8,0.05
11,34,2,4,22,19,131,131,6,0.0375
11,35,3,4,32,18,147,149,5,0.03125
11,36,4,4,31,15,154,154,8,0.05
11,37,5,4,18,9,112,111,9,0.05625
11,38,6,4,10,10,94,96,7,0.04375
11,39,7,4,8,13,88,88,5,0.03125
11,40,0,5,11,15,83,83,5,0.03125
11,41,1,5,10,24,109,112,7,0.04375
11,42,2,5,22,14,117,121,6,0.0375
11,43,3,5,24,11,141,141,8,0.05
11,44,4,5,29,18,142,146,5,0.03125
11,45,5,5,17,13,109,107,7,0.04375
11,46,6,5,7,15,94,91,7,0.04375
11,47,7,5,6,15,87,89,4,0.025
11,48,0,6,5,23,62,62,3,0.01875
11,49,1,6,9,14,75,77,7,0.04375
11,50,2,6,25,24,109,110,8,0.05
11,51,3,6,31,12,124,127,7,0.04375
11,52,4,6,27,19,119,122,4,0.025
11,53,5,6,14,17,86,87,7,0.04375
11,54,6,6,4,14,71,71,8,0.05
11,55,7,6,1,27,69,70,5,0.03125
11,56,0,7,10,15,35,35,4,0.025
11,57,1,7,11,13,53,53,8,0.05
11,58,2,7,21,16,88,89,6,0.0375
11,59,3,7,30,19,107,111,0,0.0
11,60,4,7,27,19,104,103,7,0.04375
11,61,5,7,13,16,77,78,8,0.05
11,62,6,7,9,8,60,63,5,0.03125
11,63,7,7,10,19,45,47,4,0.025
12,0,0,0,19,17,48,49,4,0.025
12,1,1,0,16,14,83,81,7,0.04375
12,2,2,0,34,29,132,131,8,0.05
12,3,3,0,33,26,142,143,6,0.0375
12,4,4,0,33,27,150,149,6,0.0375
12,5,5,0,26,25,137,135,9,0.05625
12,6,6,0,17,31,115,111,9,0.05625
12,7,7,0,23,32,76,77,4,0.025
12,8,0,1,23,31,102,104,5,0.03125
12,9,1,1,18,23,134,133,9,0.05625
12,10,2,1,25,28,172,175,8,0.05
12,11,3,1,29,46,190,189,5,0.03125
12,12,4,1,28,21,163,166,2,0.0125
12,13,5,1,25,21,162,162,6,0.0375
12,14,6,1,15,27,142,144,6,0.0375
12,15,7,1,25,21,116,116,6,0.0375
12,16,0,2,22,23,124,125,6,0.0375
12,17,1,2,16,18,140,146,5,0.03125
12,18,2,2,20,16,184,183,8,0.05
12,19,3,2,30,29,206,208,5,0.03125
12,20,4,2,37,32,206,208,7,0.04375
12,21,5,2,32,24,194,197,7,0.04375
12,22,6,2,23,26,170,169,7,0.04375
12,23,7,2,26,32,147,146,5,0.03125
12,24,0,3,14,20,134,135,7,0.04375
12,25,1,3,24,31,177,179,7,0.04375
12,26,2,3,23,24,216,217,7,0.04375
12,27,3,3,33,21,211,208,6,0.0375
12,28,4,3,25,21,209,213,4,0.025
12,29,5,3,27,25,205,203,7,0.04375
12,30,6,3,21,18,166,171,7,0.04375
12,31,7,3,17,28,149,150,6,0.0375
12,32,0,4,27,26,142,138,6,0.0375
12,33,1,4,19,21,171,172,9,0.05625
12,34,2,4,31,28,223,219,12,0.075
12,35,3,4,31,21,222,221,7,0.04375
12,36,4,4,22,25,215,216,6,0.0375
12,37,5,4,24,17,194,196,8,0.05
12,38,6,4,21,23,171,166,13,0.08125
12,39,7,4,19,27,142,145,4,0.025
12,40,0,5,31,23,119,119,4,0.025
12,41,1,5,21,25,152,150,8,0.05
12,42,2,5,22,16,185,180,10,0.0625
12,43,3,5,24,24,198,197,8,0.05
12,44,4,5,27,19,202,196,10,0.0625
12,45,5,5,35,23,191,187,11,0.06875
12,46,6,5,17,26,171,171,9,0.05625
12,47,7,5,28,25,144,142,6,0.0375
12,48,0,6,21,24,97,92,9,0.05625
12,49,1,6,15,19,127,124,12,0.075
12,50,2,6,31,25,166,165,8,0.05
12,51,3,6,27,18,173,176,7,0.04375
12,52,4,6,31,23,179,177,7,0.04375
12,53,5,6,27,35,169,169,6,0.0375
12,54,6,6,18,25,150,149,9,0.05625
12,55,7,6,22,26,109,110,4,0.025
12,56,0,7,16,17,52,51,5,0.03125
12,57,1,7,17,26,92,91,9,0.05625
12,58,2,7,26,27,121,121,7,0.04375
12,59,3,7,32,21,137,130,8,0.05
12,60,4,7,33,28,137,137,8,0.05
12,61,5,7,23,16,122,120,9,0.05625
12,62,6,7,17,32,111,106,9,0.05625
12,63,7,7,25,24,70,69,4,0.025
13,0,0,0,13,12,41,42,3,0.01875
13,1,1,0,17,19,78,81,6,0.0375
13,2,2,0,37,18,112,113,7,0.04375
13,3,3,0,29,17,108,112,4,0.025
13,4,4,0,22,13,91,93,3,0.01875
13,5,5,0,19,26,90,93,7,0.04375
13,6,6,0,4,19,54,56,7,0.04375
13,7,7,0,7,17,38,37,4,0.025
13,8,0,1,5,26,61,64,4,0.025
13,9,1,1,8,20,92,94,7,0.04375
13,10,2,1,18,24,124,124,7,0.04375
13,11,3,1,32,24,135,137,5,0.03125
13,12,4,1,27,15,120,117,8,0.05
13,13,5,1,16,18,122,119,8,0.05
13,14,6,1,13,17,84,83,8,0.05
13,15,7,1,8,18,64,66,5,0.03125
13,16,0,2,7,19,84,85,5,0.03125
13,17,1,2,7,24,118,113,8,0.05
13,18,2,2,15,11,123,123,7,0.04375
13,19,3,2,29,17,150,147,8,0.05
13,20,4,2,24,21,147,151,3,0.01875
13,21,5,2,29,19,149,154,2,0.0125
13,22,6,2,18,13,106,106,7,0.04375
13,23,7,2,8,14,87,86,5,0.03125
13,24,0,3,14,15,92,94,5,0.03125
13,25,1,3,11,19,121,121,8,0.05
13,26,2,3,26,19,142,141,7,0.04375
13,27,3,3,29,15,158,160,6,0.0375
13,28,4,3,29,11,154,144,12,0.075
13,29,5,3,23,17,138,139,8,0.05
13,30,6,3,11,17,113,113,5,0.03125
13,31,7,3,12,20,105,107,3,0.01875
13,32,0,4,10,18,85,86,6,0.0375
13,33,1,4,6,23,117,115,8,0.05
13,34,2,4,22,16,133,136,7,0.04375
13,35,3,4,29,11,162,160,6,0.0375
13,36,4,4,25,12,158,158,6,0.0375
13,37,5,4,21,18,134,133,8,0.05
13,38,6,4,10,14,105,110,7,0.04375
13,39,7,4,13,18,104,102,6,0.0375
13,40,0,5,6,17,79,79,6,0.0375
13,41,1,5,4,18,99,100,9,0.05625
13,42,2,5,20,13,113,115,6,0.0375
13,43,3,5,29,15,137,138,8,0.05
13,44,4,5,25,24,140,143,8,0.05
13,45,5,5,19,8,118,123,5,0.03125
13,46,6,5,17,16,106,104,10,0.0625
13,47,7,5,7,16,86,85,7,0.04375
13,48,0,6,11,12,61,66,3,0.01875
13,49,1,6,12,22,101,103,10,0.0625
13,50,2,6,28,15,114,114,8,0.05
13,51,3,6,25,15,125,123,7,0.04375
13,52,4,6,23,16,108,110,4,0.025
13,53,5,6,11,21,97,99,5,0.03125
13,54,6,6,5,20,81,80,9,0.05625
13,55,7,6,5,19,63,64,4,0.025
13,56,0,7,11,13,33,33,4,0.025
13,57,1,7,11,16,65,65,8,0.05
13,58,2,7,24,20,92,89,7,0.04375
13,59,3,7,25,15,103,104,6,0.0375
13,60,4,7,30,13,99,98,7,0.04375
13,61,5,7,24,17,92,92,10,0.0625
13,62,6,7,6,20,67,70,7,0.04375
13,63,7,7,8,18,42,42,3,0.01875
14,0,0,0,13,16,46,44,4,0.025
14,1,1,0,18,22,90,87,9,0.05625
14,2,2,0,31,14,105,105,7,0.04375
14,3,3,0,22,16,105,104,4,0.025
14,4,4,0,24,16,99,97,6,0.0375
14,5,5,0,14,15,76,75,8,0.05
14,6,6,0,11,22,62,62,7,0.04375
14,7,7,0,6,20,40,41,4,0.025
14,8,0,1,9,24,70,69,4,0.025
14,9,1,1,8,14,91,89,10,0.0625
14,10,2,1,21,17,111,111,7,0.04375
14,11,3,1,32,25,126,124,8,0.05
14,12,4,1,30,14,119,119,7,0.04375
14,13,5,1,14,19,102,101,9,0.05625
14,14,6,1,3,7,70,69,8,0.05
14,15,7,1,8,15,63,62,5,0.03125
14,16,0,2,13,14,92,89,8,0.05
14,17,1,2,9,19,116,116,8,0.05
14,18,2,2,28,10,138,138,9,0.05625
14,19,3,2,40,21,149,151,6,0.0375
14,20,4,2,24,9,129,127,5,0.03125
14,21,5,2,17,9,119,114,9,0.05625
14,22,6,2,13,10,99,98,8,0.05
14,23,7,2,11,23,91,92,3,0.01875
14,24,0,3,13,19,94,93,6,0.0375
14,25,1,3,6,18,118,115,10,0.0625
14,26,2,3,25,20,149,144,11,0.06875
14,27,3,3,27,18,154,155,4,0.025
14,28,4,3,28,15,136,143,5,0.03125
14,29,5,3,14,16,115,115,8,0.05
14,30,6,3,6,15,93,93,7,0.04375
14,31,7,3,5,14,88,88,5,0.03125
14,32,0,4,5,14,84,87,3,0.01875
14,33,1,4,11,20,120,121,8,0.05
14,34,2,4,17,16,133,134,8,0.05
14,35,3,4,25,13,138,136,8,0.05
14,36,4,4,35,18,148,148,7,0.04375
14,37,5,4,28,11,139,143,6,0.0375
14,38,6,4,15,16,131,128,11,0.06875
14,39,7,4,13,18,108,107,7,0.04375
14,40,0,5,10,15,89,87,6,0.0375
14,41,1,5,6,17,108,107,10,0.0625
14,42,2,5,17,18,122,120,9,0.05625
14,43,3,5,33,13,144,144,8,0.05
14,44,4,5,35,23,141,140,8,0.05
14,45,5,5,11,18,118,116,8,0.05
14,46,6,5,12,12,102,103,11,0.06875
14,47,7,5,4,27,88,91,4,0.025
14,48,0,6,12,19,78,77,4,0.025
14,49,1,6,15,19,103,102,11,0.06875
14,50,2,6,27,17,118,116,11,0.06875
14,51,3,6,32,13,131,132,8,0.05
14,52,4,6,23,11,121,117,8,0.05
14,53,5,6,15,16,106,104,8,0.05
14,54,6,6,8,22,93,94,9,0.05625
14,55,7,6,5,22,63,62,4,0.025
14,56,0,7,6,21,40,39,5,0.03125
14,57,1,7,12,18,59,60,7,0.04375
14,58,2,7,20,16,82,85,6,0.0375
14,59,3,7,27,15,102,104,3,0.01875
14,60,4,7,31,17,105,111,3,0.01875
14,61,5,7,18,14,76,80,5,0.03125
14,62,6,7,12,18,58,56,8,0.05
14,63,7,7,5,12,29,30,4,0.025
15,0,0,0,18,24,58,59,4,0.025
15,1,1,0,7,15,68,70,7,0.04375
15,2,2,0,29,24,106,106,8,0.05
15,3,3,0,23,19,109,108,5,0.03125
15,4,4,0,42,17,110,111,4,0.025
15,5,5,0,21,20,88,88,7,0.04375
15,6,6,0,10,20,67,66,8,0.05
15,7,7,0,5,11,30,31,3,0.01875
15,8,0,1,8,11,60,60,5,0.03125
15,9,1,1,12,15,88,91,6,0.0375
15,10,2,1,20,12,112,112,7,0.04375
15,11,3,1,26,33,147,146,7,0.04375
15,12,4,1,22,17,127,130,4,0.025
15,13,5,1,24,18,118,121,6,0.0375
15,14,6,1,12,13,96,98,7,0.04375
15,15,7,1,9,21,64,66,4,0.025
15,16,0,2,5,18,72,73,7,0.04375
15,17,1,2,17,16,110,110,9,0.05625
15,18,2,2,19,22,124,122,11,0.06875
15,19,3,2,33,12,156,155,8,0.05
15,20,4,2,27,14,138,134,8,0.05
15,21,5,2,17,16,127,127,8,0.05
15,22,6,2,11,24,112,112,8,0.05
15,23,7,2,6,23,86,85,5,0.03125
15,24,0,3,8,14,88,88,7,0.04375
15,25,1,3,17,11,114,116,8,0.05
15,26,2,3,22,23,140,140,11,0.06875
15,27,3,3,28,18,166,164,7,0.04375
15,28,4,3,33,10,143,142,7,0.04375
15,29,5,3,26,24,150,152,6,0.0375
15,30,6,3,10,20,115,112,9,0.05625
15,31,7,3,9,26,99,99,5,0.03125
15,32,0,4,8,19,95,93,5,0.03125
15,33,1,4,7,18,111,110,10,0.0625
15,34,2,4,23,14,136,137,6,0.0375
15,35,3,4,37,20,167,169,8,0.05
15,36,4,4,26,18,126,126,5,0.03125
15,37,5,4,22,10,133,130,8,0.05
15,38,6,4,7,20,110,111,8,0.05
15,39,7,4,8,13,83,85,4,0.025
15,40,0,5,10,14,83,83,6,0.0375
15,41,1,5,13,24,118,119,7,0.04375
15,42,2,5,23,18,129,130,8,0.05
15,43,3,5,27,18,151,152,7,0.04375
15,44,4,5,22,13,110,113,6,0.0375
15,45,5,5,19,15,116,116,8,0.05
15,46,6,5,4,16,97,99,8,0.05
15,47,7,5,7,15,72,71,5,0.03125
15,48,0,6,10,17,62,62,4,0.025
15,49,1,6,1,20,74,78,6,0.0375
15,50,2,6,20,12,86,90,7,0.04375
15,51,3,6,31,16,123,117,12,0.075
15,52,4,6,22,12,96,95,9,0.05625
15,53,5,6,23,19,100,98,9,0.05625
15,54,6,6,6,21,70,71,7,0.04375
15,55,7,6,6,17,55,56,4,0.025
15,56,0,7,11,20,38,40,3,0.01875
15,57,1,7,5,11,52,52,8,0.05
15,58,2,7,14,17,70,69,6,0.0375
15,59,3,7,27,18,93,90,7,0.04375
15,60,4,7,27,12,92,89,5,0.03125
15,61,5,7,16,15,87,85,8,0.05
15,62,6,7,7,6,55,57,7,0.04375
15,63,7,7,15,18,46,45,4,0.025
16,0,0,0,4,14,33,31,4,0.025
16,1,1,0,6,17,55,54,8,0.05
16,2,2,0,23,17,88,88,6,0.0375
16,3,3,0,33,16,110,108,6,0.0375
16,4,4,0,28,14,101,100,5,0.03125
16,5,5,0,20,11,84,83,9,0.05625
16,6,6,0,9,19,63,65,7,0.04375
16,7,7,0,9,17,44,43,3,0.01875
16,8,0,1,11,23,60,60,4,0.025
16,9,1,1,11,24,83,81,8,0.05
16,10,2,1,14,15,98,96,10,0.0625
16,11,3,1,24,20,124,122,10,0.0625
16,12,4,1,33,17,130,126,9,0.05625
16,13,5,1,18,15,113,112,6,0.0375
16,14,6,1,10,10,87,86,8,0.05
16,15,7,1,15,22,77,76,4,0.025
16,16,0,2,13,11,74,74,6,0.0375
16,17,1,2,10,15,97,99,6,0.0375
16,18,2,2,24,15,121,126,5,0.03125
16,19,3,2,29,20,146,142,9,0.05625
16,20,4,2,21,7,112,114,8,0.05
16,21,5,2,11,23,112,112,8,0.05
16,22,6,2,6,20,84,83,9,0.05625
16,23,7,2,2,17,70,74,3,0.01875
16,24,0,3,13,15,89,89,6,0.0375
16,25,1,3,14,20,125,126,9,0.05625
16,26,2,3,26,14,144,145,10,0.0625
16,27,3,3,36,16,164,166,5,0.03125
16,28,4,3,22,9,127,126,8,0.05
16,29,5,3,16,18,129,127,8,0.05
16,30,6,3,7,18,93,94,8,0.05
16,31,7,3,6,16,86,84,6,0.0375
16,32,0,4,18,14,94,93,5,0.03125
16,33,1,4,14,19,116,119,7,0.04375
16,34,2,4,27,15,141,139,6,0.0375
16,35,3,4,28,11,144,142,9,0.05625
16,36,4,4,24,17,128,123,9,0.05625
16,37,5,4,11,18,124,124,9,0.05625
16,38,6,4,4,17,95,94,9,0.05625
16,39,7,4,8,20,91,88,7,0.04375
16,40,0,5,11,18,80,84,4,0.025
16,41,1,5,10,15,93,87,13,0.08125
16,42,2,5,22,16,122,125,5,0.03125
16,43,3,5,31,9,137,133,12,0.075
16,44,4,5,34,12,136,134,9,0.05625
16,45,5,5,14,17,127,124,10,0.0625
16,46,6,5,8,5,89,90,8,0.05
16,47,7,5,8,13,78,76,8,0.05
16,48,0,6,5,11,57,58,4,0.025
16,49,1,6,12,15,68,67,8,0.05
16,50,2,6,19,17,96,94,8,0.05
16,51,3,6,34,19,121,120,13,0.08125
16,52,4,6,30,16,114,116,6,0.0375
16,53,5,6,13,20,101,104,5,0.03125
16,54,6,6,6,11,78,78,8,0.05
16,55,7,6,8,15,65,65,4,0.025
16,56,0,7,7,25,44,44,3,0.01875
16,57,1,7,4,9,37,38,7,0.04375
16,58,2,7,12,11,58,56,8,0.05
16,59,3,7,27,14,75,75,6,0.0375
16,60,4,7,27,20,89,88,7,0.04375
16,61,5,7,12,14,72,72,6,0.0375
16,62,6,7,5,16,55,53,9,0.05625
16,63,7,7,5,16,36,37,4,0.025
17,0,0,0,10,18,41,43,3,0.01875
17,1,1,0,6,19,58,57,8,0.05
17,2,2,0,10,11,69,70,7,0.04375
17,3,3,0,31,15,102,103,6,0.0375
17,4,4,0,33,23,114,117,3,0.01875
17,5,5,0,22,15,86,89,6,0.0375
17,6,6,0,13,16,65,67,5,0.03125
17,7,7,0,11,23,49,49,3,0.01875
17,8,0,1,8,14,65,67,3,0.01875
17,9,1,1,14,20,95,91,13,0.08125
17,10,2,1,17,23,111,113,8,0.05
17,11,3,1,34,34,142,143,7,0.04375
17,12,4,1,28,12,131,134,5,0.03125
17,13,5,1,13,21,105,105,7,0.04375
17,14,6,1,10,18,87,89,7,0.04375
17,15,7,1,7,19,72,72,5,0.03125
17,16,0,2,10,19,83,86,3,0.01875
17,17,1,2,14,10,113,107,12,0.075
17,18,2,2,27,19,141,137,6,0.0375
17,19,3,2,32,12,144,155,1,0.00625
17,20,4,2,30,19,150,151,6,0.0375
17,21,5,2,21,22,120,118,10,0.0625
17,22,6,2,5,25,105,106,8,0.05
17,23,7,2,9,17,86,85,4,0.025
17,24,0,3,16,17,101,101,7,0.04375
17,25,1,3,13,21,132,133,7,0.04375
17,26,2,3,31,19,157,159,8,0.05
17,27,3,3,27,11,154,149,9,0.05625
17,28,4,3,32,19,149,151,6,0.0375
17,29,5,3,7,11,109,108,8,0.05
17,30,6,3,12,17,107,107,8,0.05
17,31,7,3,2,11,82,81,6,0.0375
17,32,0,4,7,18,80,83,4,0.025
17,33,1,4,9,14,100,100,8,0.05
17,34,2,4,15,17,127,124,9,0.05625
17,35,3,4,31,16,146,151,5,0.03125
17,36,4,4,30,19,150,153,9,0.05625
17,37,5,4,19,17,120,120,6,0.0375
17,38,6,4,12,10,96,99,6,0.0375
17,39,7,4,4,10,78,83,3,0.01875
17,40,0,5,13,16,82,79,6,0.0375
17,41,1,5,8,20,97,102,8,0.05
17,42,2,5,23,17,124,125,6,0.0375
17,43,3,5,20,20,134,137,8,0.05
17,44,4,5,41,20,149,151,5,0.03125
17,45,5,5,19,22,120,124,7,0.04375
17,46,6,5,9,16,97,93,9,0.05625
17,47,7,5,9,17,77,77,7,0.04375
17,48,0,6,8,16,70,69,5,0.03125
17,49,1,6,9,12,79,82,5,0.03125
17,50,2,6,13,23,99,102,5,0.03125
17,51,3,6,30,14,103,106,11,0.06875
17,52,4,6,32,22,118,116,8,0.05
17,53,5,6,8,14,93,92,8,0.05
17,54,6,6,10,10,72,71,10,0.0625
17,55,7,6,4,14,52,52,4,0.025
17,56,0,7,1,17,35,33,5,0.03125
17,57,1,7,12,16,57,55,8,0.05
17,58,2,7,12,17,73,77,6,0.0375
17,59,3,7,40,11,93,91,9,0.05625
17,60,4,7,21,15,79,80,5,0.03125
17,61,5,7,14,17,69,68,8,0.05
17,62,6,7,7,11,40,40,9,0.05625
17,63,7,7,8,10,26,26,4,0.025
18,0,0,0,23,21,54,55,3,0.01875
18,1,1,0,22,24,95,93,10,0.0625
18,2,2,0,27,14,119,116,9,0.05625
18,3,3,0,25,25,139,138,7,0.04375
18,4,4,0,32,23,145,143,6,0.0375
18,5,5,0,30,18,132,130,7,0.04375
18,6,6,0,18,20,106,104,7,0.04375
18,7,7,0,23,36,79,76,6,0.0375
18,8,0,1,28,19,98,98,2,0.0125
18,9,1,1,19,24,139,141,10,0.0625
18,10,2,1,26,30,174,175,6,0.0375
18,11,3,1,29,42,208,211,6,0.0375
18,12,4,1,27,34,197,197,5,0.03125
18,13,5,1,30,30,165,163,8,0.05
18,14,6,1,16,26,130,128,8,0.05
18,15,7,1,23,15,103,99,7,0.04375
18,16,0,2,27,20,123,120,6,0.0375
18,17,1,2,21,30,159,165,7,0.04375
18,18,2,2,23,29,189,190,7,0.04375
18,19,3,2,25,23,222,217,4,0.025
18,20,4,2,30,27,222,222,6,0.0375
18,21,5,2,22,34,196,197,9,0.05625
18,22,6,2,22,27,156,157,7,0.04375
18,23,7,2,25,18,124,120,8,0.05
18,24,0,3,20,30,137,139,5,0.03125
18,25,1,3,24,21,176,174,9,0.05625
18,26,2,3,28,19,199,200,9,0.05625
18,27,3,3,28,35,241,244,6,0.0375
18,28,4,3,27,25,225,226,5,0.03125
18,29,5,3,32,21,213,212,10,0.0625
18,30,6,3,20,22,167,167,9,0.05625
18,31,7,3,21,20,135,136,6,0.0375
18,32,0,4,26,23,132,131,5,0.03125
18,33,1,4,19,28,183,182,7,0.04375
18,34,2,4,24,23,192,195,8,0.05
18,35,3,4,27,26,232,229,6,0.0375
18,36,4,4,29,25,216,219,6,0.0375
18,37,5,4,23,25,203,204,7,0.04375
18,38,6,4,24,21,174,174,7,0.04375
18,39,7,4,30,25,150,144,7,0.04375
18,40,0,5,24,18,119,116,8,0.05
18,41,1,5,17,30,165,168,7,0.04375
18,42,2,5,29,26,186,182,8,0.05
18,43,3,5,36,13,212,212,8,0.05
18,44,4,5,28,27,206,207,5,0.03125
18,45,5,5,30,23,201,201,7,0.04375
18,46,6,5,20,18,160,162,9,0.05625
18,47,7,5,20,27,123,122,9,0.05625
18,48,0,6,23,25,109,108,6,0.0375
18,49,1,6,18,28,151,143,11,0.06875
18,50,2,6,30,21,167,162,9,0.05625
18,51,3,6,28,25,191,192,11,0.06875
18,52,4,6,31,25,179,182,6,0.0375
18,53,5,6,29,20,158,158,7,0.04375
18,54,6,6,16,21,116,119,7,0.04375
18,55,7,6,19,19,86,82,7,0.04375
18,56,0,7,27,30,76,78,3,0.01875
18,57,1,7,23,22,109,110,8,0.05
18,58,2,7,27,22,139,138,7,0.04375
18,59,3,7,30,29,158,160,7,0.04375
18,60,4,7,29,29,153,154,5,0.03125
18,61,5,7,32,27,135,137,6,0.0375
18,62,6,7,22,26,99,99,7,0.04375
18,63,7,7,23,21,61,60,5,0.03125
19,0,0,0,10,16,42,42,3,0.01875
19,1,1,0,8,14,57,61,7,0.04375
19,2,2,0,20,23,86,88,6,0.0375
19,3,3,0,28,15,101,102,5,0.03125
19,4,4,0,36,20,111,110,6,0.0375
19,5,5,0,14,18,75,78,5,0.03125
19,6,6,0,4,15,46,45,8,0.05
19,7,7,0,5,21,34,37,4,0.025
19,8,0,1,7,16,63,60,5,0.03125
19,9,1,1,13,14,81,82,9,0.05625
19,10,2,1,29,23,112,110,8,0.05
19,11,3,1,23,41,147,147,5,0.03125
19,12,4,1,23,17,127,129,4,0.025
19,13,5,1,15,15,98,101,6,0.0375
19,14,6,1,8,20,70,69,9,0.05625
19,15,7,1,6,11,46,51,4,0.025
19,16,0,2,8,17,80,82,4,0.025
19,17,1,2,8,17,99,97,10,0.0625
19,18,2,2,28,19,123,125,5,0.03125
19,19,3,2,24,17,161,158,9,0.05625
19,20,4,2,29,18,157,157,6,0.0375
19,21,5,2,15,21,122,125,6,0.0375
19,22,6,2,10,11,93,91,9,0.05625
19,23,7,2,9,18,80,83,4,0.025
19,24,0,3,9,16,91,90,6,0.0375
19,25,1,3,10,20,115,117,7,0.04375
19,26,2,3,27,10,127,130,5,0.03125
19,27,3,3,26,18,156,157,6,0.0375
19,28,4,3,25,16,157,160,4,0.025
19,29,5,3,32,10,138,140,8,0.05
19,30,6,3,13,13,100,98,10,0.0625
19,31,7,3,6,20,90,94,3,0.01875
19,32,0,4,9,11,90,89,5,0.03125
19,33,1,4,11,16,117,118,8,0.05
19,34,2,4,21,10,129,129,8,0.05
19,35,3,4,25,8,149,147,11,0.06875
19,36,4,4,25,17,143,140,9,0.05625
19,37,5,4,16,18,119,117,9,0.05625
19,38,6,4,10,19,93,93,7,0.04375
19,39,7,4,7,23,82,86,4,0.025
19,40,0,5,4,15,68,73,5,0.03125
19,41,1,5,12,19,102,99,10,0.0625
19,42,2,5,26,14,121,120,8,0.05
19,43,3,5,32,13,141,139,10,0.0625
19,44,4,5,25,12,117,113,8,0.05
19,45,5,5,12,16,101,101,7,0.04375
19,46,6,5,7,17,77,79,7,0.04375
19,47,7,5,7,14,63,68,4,0.025
19,48,0,6,10,16,54,56,4,0.025
19,49,1,6,10,10,71,76,7,0.04375
19,50,2,6,25,12,95,94,10,0.0625
19,51,3,6,29,20,114,114,10,0.0625
19,52,4,6,20,10,92,85,12,0.075
19,53,5,6,9,8,79,78,8,0.05
19,54,6,6,6,7,62,59,9,0.05625
19,55,7,6,5,17,53,54,6,0.0375
19,56,0,7,3,18,32,32,3,0.01875
19,57,1,7,2,19,52,53,6,0.0375
19,58,2,7,10,22,70,69,7,0.04375
19,59,3,7,25,17,88,85,9,0.05625
19,60,4,7,19,12,72,74,3,0.01875
19,61,5,7,20,17,67,66,7,0.04375
19,62,6,7,7,12,44,46,7,0.04375
19,63,7,7,11,16,34,35,4,0.025
20,0,0,0,7,14,38,36,4,0.025
20,1,1,0,9,17,66,63,9,0.05625
20,2,2,0,25,16,82,85,5,0.03125
20,3,3,0,24,14,97,96,6,0.0375
20,4,4,0,33,16,109,108,6,0.0375
20,5,5,0,27,13,89,88,6,0.0375
20,6,6,0,12,20,63,64,5,0.03125
20,7,7,0,7,9,27,27,4,0.025
20,8,0,1,17,12,68,67,7,0.04375
20,9,1,1,7,15,89,92,7,0.04375
20,10,2,1,18,25,117,118,8,0.05
20,11,3,1,28,39,145,144,6,0.0375
20,12,4,1,23,17,128,124,8,0.05
20,13,5,1,25,14,115,114,8,0.05
20,14,6,1,11,15,92,90,11,0.06875
20,15,7,1,9,19,50,50,4,0.025
20,16,0,2,11,20,81,78,8,0.05
20,17,1,2,11,9,98,99,8,0.05
20,18,2,2,17,16,134,134,6,0.0375
20,19,3,2,30,11,158,160,8,0.05
20,20,4,2,25,17,143,142,8,0.05
20,21,5,2,25,15,135,131,9,0.05625
20,22,6,2,10,15,111,108,11,0.06875
20,23,7,2,10,10,63,64,3,0.01875
20,24,0,3,12,15,87,86,4,0.025
20,25,1,3,8,21,115,116,7,0.04375
20,26,2,3,22,9,146,140,9,0.05625
20,27,3,3,28,18,158,156,7,0.04375
20,28,4,3,30,14,150,147,5,0.03125
20,29,5,3,21,15,123,127,5,0.03125
20,30,6,3,9,15,104,107,6,0.0375
20,31,7,3,8,14,71,70,3,0.01875
20,32,0,4,9,17,88,86,7,0.04375
20,33,1,4,7,18,115,113,9,0.05625
20,34,2,4,17,13,139,138,9,0.05625
20,35,3,4,30,19,143,144,9,0.05625
20,36,4,4,27,24,145,145,7,0.04375
20,37,5,4,13,10,115,116,9,0.05625
20,38,6,4,12,9,100,98,8,0.05
20,39,7,4,4,13,68,70,3,0.01875
20,40,0,5,16,20,86,85,4,0.025
20,41,1,5,7,18,106,106,8,0.05
20,42,2,5,21,16,127,131,6,0.0375
20,43,3,5,30,14,130,130,9,0.05625
20,44,4,5,25,11,136,140,6,0.0375
20,45,5,5,17,13,113,115,6,0.0375
20,46,6,5,9,14,100,100,8,0.05
20,47,7,5,8,23,69,69,4,0.025
20,48,0,6,10,12,54,54,4,0.025
20,49,1,6,5,17,66,66,8,0.05
20,50,2,6,14,10,70,74,8,0.05
20,51,3,6,30,11,83,82,12,0.075
20,52,4,6,10,12,78,86,4,0.025
20,53,5,6,2,14,62,63,6,0.0375
20,54,6,6,1,22,60,62,8,0.05
20,55,7,6,2,6,34,37,4,0.025
20,56,0,7,10,12,34,34,4,0.025
20,57,1,7,9,17,57,56,8,0.05
20,58,2,7,21,14,73,75,6,0.0375
20,59,3,7,9,13,67,68,10,0.0625
20,60,4,7,24,16,81,75,8,0.05
20,61,5,7,12,18,67,66,8,0.05
20,62,6,7,9,15,52,50,9,0.05625
20,63,7,7,5,18,34,33,4,0.025
21,0,0,0,6,9,36,35,5,0.03125
21,1,1,0,17,16,66,68,7,0.04375
21,2,2,0,14,17,85,84,5,0.03125
21,3,3,0,28,16,106,110,3,0.01875
21,4,4,0,33,10,102,104,6,0.0375
21,5,5,0,25,11,85,82,8,0.05
21,6,6,0,9,16,65,63,8,0.05
21,7,7,0,9,18,44,41,7,0.04375
21,8,0,1,4,14,54,52,7,0.04375
21,9,1,1,13,19,69,69,7,0.04375
21,10,2,1,19,11,91,89,10,0.0625
21,11,3,1,23,35,135,135,8,0.05
21,12,4,1,31,15,123,124,6,0.0375
21,13,5,1,26,15,103,102,7,0.04375
21,14,6,1,9,22,94,97,8,0.05
21,15,7,1,9,14,68,61,10,0.0625
21,16,0,2,7,12,78,79,7,0.04375
21,17,1,2,7,7,85,83,9,0.05625
21,18,2,2,24,17,126,125,7,0.04375
21,19,3,2,32,17,161,159,9,0.05625
21,20,4,2,28,15,141,144,6,0.0375
21,21,5,2,18,11,107,109,7,0.04375
21,22,6,2,11,16,110,114,8,0.05
21,23,7,2,12,10,82,78,7,0.04375
21,24,0,3,6,20,83,84,6,0.0375
21,25,1,3,10,12,92,89,9,0.05625
21,26,2,3,19,10,118,122,5,0.03125
21,27,3,3,29,14,152,156,5,0.03125
21,28,4,3,37,14,150,149,8,0.05
21,29,5,3,19,15,119,115,8,0.05
21,30,6,3,8,14,105,102,9,0.05625
21,31,7,3,9,22,85,82,5,0.03125
21,32,0,4,12,19,73,76,4,0.025
21,33,1,4,13,11,97,96,8,0.05
21,34,2,4,23,13,125,127,8,0.05
21,35,3,4,26,17,151,154,5,0.03125
21,36,4,4,43,9,146,146,7,0.04375
21,37,5,4,14,7,109,110,8,0.05
21,38,6,4,10,10,94,97,7,0.04375
21,39,7,4,13,10,72,71,3,0.01875
21,40,0,5,6,16,53,54,5,0.03125
21,41,1,5,6,11,72,72,9,0.05625
21,42,2,5,17,12,86,86,6,0.0375
21,43,3,5,20,17,98,102,4,0.025
21,44,4,5,23,12,103,105,4,0.025
21,45,5,5,16,13,89,86,6,0.0375
21,46,6,5,0,12,64,64,7,0.04375
21,47,7,5,4,15,58,56,5,0.03125
21,48,0,6,6,8,38,38,3,0.01875
21,49,1,6,8,17,58,58,8,0.05
21,50,2,6,13,11,60,59,9,0.05625
21,51,3,6,33,10,77,75,12,0.075
21,52,4,6,11,16,84,81,9,0.05625
21,53,5,6,5,17,67,65,9,0.05625
21,54,6,6,3,14,55,55,8,0.05
21,55,7,6,4,12,45,42,5,0.03125
21,56,0,7,7,15,25,25,4,0.025
21,57,1,7,9,13,32,32,8,0.05
21,58,2,7,10,10,32,30,8,0.05
21,59,3,7,7,11,30,28,12,0.075
21,60,4,7,0,17,27,28,8,0.05
21,61,5,7,0,13,21,22,8,0.05
21,62,6,7,0,20,27,28,8,0.05
21,63,7,7,0,16,20,21,4,0.025
22,0,0,0,11,11,33,35,4,0.025
22,1,1,0,7,16,60,56,10,0.0625
22,2,2,0,21,12,87,84,6,0.0375
22,3,3,0,33,16,111,110,5,0.03125
22,4,4,0,30,12,99,100,5,0.03125
22,5,5,0,9,12,68,70,7,0.04375
22,6,6,0,10,15,49,49,7,0.04375
22,7,7,0,5,24,38,39,4,0.025
22,8,0,1,7,11,45,49,5,0.03125
22,9,1,1,10,17,86,86,7,0.04375
22,10,2,1,24,14,113,113,7,0.04375
22,11,3,1,36,29,147,146,6,0.0375
22,12,4,1,24,16,125,125,7,0.04375
22,13,5,1,19,21,114,112,11,0.06875
22,14,6,1,12,19,90,89,9,0.05625
22,15,7,1,11,5,58,64,5,0.03125
22,16,0,2,8,20,68,70,4,0.025
22,17,1,2,8,22,106,107,9,0.05625
22,18,2,2,20,12,123,121,8,0.05
22,19,3,2,24,21,153,156,6,0.0375
22,20,4,2,25,23,139,138,7,0.04375
22,21,5,2,26,9,121,120,9,0.05625
22,22,6,2,7,9,99,98,9,0.05625
22,23,7,2,10,14,75,78,4,0.025
22,24,0,3,13,13,85,83,6,0.0375
22,25,1,3,8,18,127,129,6,0.0375
22,26,2,3,25,13,134,133,7,0.04375
22,27,3,3,33,16,165,161,6,0.0375
22,28,4,3,23,21,128,127,7,0.04375
22,29,5,3,6,12,111,114,5,0.03125
22,30,6,3,9,13,100,102,9,0.05625
22,31,7,3,4,14,78,80,5,0.03125
22,32,0,4,10,12,77,75,6,0.0375
22,33,1,4,17,13,105,107,7,0.04375
22,34,2,4,18,9,116,118,6,0.0375
22,35,3,4,28,18,159,163,2,0.0125
22,36,4,4,35,15,136,139,5,0.03125
22,37,5,4,25,11,137,133,9,0.05625
22,38,6,4,11,22,121,119,9,0.05625
22,39,7,4,20,10,97,94,5,0.03125
22,40,0,5,10,21,73,73,4,0.025
22,41,1,5,13,9,91,91,9,0.05625
22,42,2,5,24,12,108,107,8,0.05
22,43,3,5,34,14,148,145,8,0.05
22,44,4,5,26,17,115,111,8,0.05
22,45,5,5,9,13,106,105,9,0.05625
22,46,6,5,7,13,97,95,10,0.0625
22,47,7,5,12,16,76,77,5,0.03125
22,48,0,6,12,15,48,48,4,0.025
22,49,1,6,9,11,63,62,9,0.05625
22,50,2,6,20,12,80,82,5,0.03125
22,51,3,6,29,16,118,120,11,0.06875
22,52,4,6,15,14,84,85,7,0.04375
22,53,5,6,14,19,83,84,9,0.05625
22,54,6,6,1,19,68,67,8,0.05
22,55,7,6,5,17,48,51,4,0.025
22,56,0,7,4,19,25,24,5,0.03125
22,57,1,7,4,15,26,26,8,0.05
22,58,2,7,12,21,41,42,7,0.04375
22,59,3,7,17,20,50,50,11,0.06875
22,60,4,7,0,5,22,21,8,0.05
22,61,5,7,0,13,27,26,9,0.05625
22,62,6,7,0,15,25,24,8,0.05
22,63,7,7,0,17,21,21,4,0.025
23,0,0,0,24,15,59,59,4,0.025
23,1,1,0,29,26,113,118,7,0.04375
23,2,2,0,26,31,150,150,8,0.05
23,3,3,0,30,25,158,156,6,0.0375
23,4,4,0,22,29,140,142,3,0.01875
23,5,5,0,32,26,131,129,8,0.05
23,6,6,0,19,19,93,96,6,0.0375
23,7,7,0,24,29,70,73,2,0.0125
23,8,0,1,25,24,95,97,3,0.01875
23,9,1,1,27,20,140,136,8,0.05
23,10,2,1,27,24,179,180,8,0.05
23,11,3,1,23,59,212,216,5,0.03125
23,12,4,1,29,21,178,175,11,0.06875
23,13,5,1,29,20,154,156,8,0.05
23,14,6,1,23,38,147,146,10,0.0625
23,15,7,1,26,25,116,113,8,0.05
23,16,0,2,26,19,110,108,6,0.0375
23,17,1,2,17,22,152,149,12,0.075
23,18,2,2,26,26,210,208,11,0.06875
23,19,3,2,26,27,235,235,7,0.04375
23,20,4,2,32,25,205,203,8,0.05
23,21,5,2,21,19,171,169,10,0.0625
23,22,6,2,12,22,144,146,8,0.05
23,23,7,2,22,23,128,127,5,0.03125
23,24,0,3,23,20,119,122,4,0.025
23,25,1,3,25,19,170,167,10,0.0625
23,26,2,3,26,22,210,206,11,0.06875
23,27,3,3,35,38,252,255,6,0.0375
23,28,4,3,29,20,226,225,7,0.04375
23,29,5,3,24,19,187,183,8,0.05
23,30,6,3,25,26,169,168,9,0.05625
23,31,7,3,28,22,146,146,5,0.03125
23,32,0,4,22,18,120,121,6,0.0375
23,33,1,4,21,25,181,178,10,0.0625
23,34,2,4,23,31,220,218,6,0.0375
23,35,3,4,35,21,251,244,9,0.05625
23,36,4,4,32,26,226,222,8,0.05
23,37,5,4,27,18,181,184,7,0.04375
23,38,6,4,22,18,156,155,9,0.05625
23,39,7,4,29,25,142,141,7,0.04375
23,40,0,5,28,23,124,123,6,0.0375
23,41,1,5,22,40,179,177,11,0.06875
23,42,2,5,35,21,208,208,7,0.04375
23,43,3,5,31,22,240,239,8,0.05
23,44,4,5,27,31,215,213,8,0.05
23,45,5,5,27,22,172,172,10,0.0625
23,46,6,5,23,19,137,137,9,0.05625
23,47,7,5,22,22,120,115,9,0.05625
23,48,0,6,20,27,98,97,5,0.03125
23,49,1,6,17,20,117,119,6,0.0375
23,50,2,6,28,24,164,161,9,0.05625
23,51,3,6,28,31,193,196,8,0.05
23,52,4,6,26,27,180,182,3,0.01875
23,53,5,6,26,20,151,149,9,0.05625
23,54,6,6,20,21,112,113,8,0.05
23,55,7,6,24,23,105,99,10,0.0625
23,56,0,7,22,25,65,65,4,0.025
23,57,1,7,20,26,96,97,6,0.0375
23,58,2,7,25,24,130,131,6,0.0375
23,59,3,7,32,28,154,155,8,0.05
23,60,4,7,28,22,138,144,1,0.00625
23,61,5,7,25,25,123,122,8,0.05
23,62,6,7,20,15,86,86,9,0.05625
23,63,7,7,22,24,69,65,5,0.03125
24,0,0,0,6,9,31,30,5,0.03125
24,1,1,0,5,25,63,62,8,0.05
24,2,2,0,18,14,73,73,7,0.04375
24,3,3,0,26,17,92,95,3,0.01875
24,4,4,0,33,11,96,91,6,0.0375
24,5,5,0,26,12,87,88,7,0.04375
24,6,6,0,12,22,76,73,7,0.04375
24,7,7,0,12,13,43,41,5,0.03125
24,8,0,1,8,20,65,63,5,0.03125
24,9,1,1,14,18,100,99,11,0.06875
24,10,2,1,22,14,98,101,6,0.0375
24,11,3,1,29,26,135,130,8,0.05
24,12,4,1,31,12,114,116,7,0.04375
24,13,5,1,22,8,100,100,8,0.05
24,14,6,1,13,17,102,99,11,0.06875
24,15,7,1,9,21,71,72,7,0.04375
24,16,0,2,11,11,77,81,2,0.0125
24,17,1,2,13,13,114,118,8,0.05
24,18,2,2,28,19,132,137,7,0.04375
24,19,3,2,24,9,136,135,8,0.05
24,20,4,2,26,11,115,118,4,0.025
24,21,5,2,15,27,120,122,9,0.05625
24,22,6,2,6,12,110,108,10,0.0625
24,23,7,2,4,13,87,85,6,0.0375
24,24,0,3,5,24,92,89,6,0.0375
24,25,1,3,8,23,125,126,9,0.05625
24,26,2,3,16,22,140,142,10,0.0625
24,27,3,3,32,11,148,144,9,0.05625
24,28,4,3,30,11,135,139,4,0.025
24,29,5,3,15,18,139,142,7,0.04375
24,30,6,3,12,14,122,123,8,0.05
24,31,7,3,10,28,108,107,4,0.025
24,32,0,4,8,16,79,80,5,0.03125
24,33,1,4,9,17,111,113,9,0.05625
24,34,2,4,19,16,136,134,9,0.05625
24,35,3,4,29,7,134,136,8,0.05
24,36,4,4,29,18,140,142,6,0.0375
24,37,5,4,15,22,135,135,9,0.05625
24,38,6,4,11,16,115,117,7,0.04375
24,39,7,4,9,13,97,95,8,0.05
24,40,0,5,8,10,73,76,3,0.01875
24,41,1,5,7,18,110,112,10,0.0625
24,42,2,5,25,16,132,131,8,0.05
24,43,3,5,26,16,138,138,10,0.0625
24,44,4,5,28,15,137,139,7,0.04375
24,45,5,5,16,9,125,127,8,0.05
24,46,6,5,11,18,108,107,10,0.0625
24,47,7,5,10,27,92,92,9,0.05625
24,48,0,6,5,27,63,62,5,0.03125
24,49,1,6,9,17,82,81,8,0.05
24,50,2,6,19,15,103,106,7,0.04375
24,51,3,6,21,20,123,124,8,0.05
24,52,4,6,30,25,135,133,6,0.0375
24,53,5,6,23,24,123,127,6,0.0375
24,54,6,6,11,20,84,81,11,0.06875
24,55,7,6,11,17,60,64,6,0.0375
24,56,0,7,11,13,35,36,4,0.025
24,57,1,7,10,16,65,61,10,0.0625
24,58,2,7,18,18,94,91,7,0.04375
24,59,3,7,37,21,106,112,3,0.01875
24,60,4,7,33,19,103,97,6,0.0375
24,61,5,7,17,14,77,79,7,0.04375
24,62,6,7,10,10,51,52,8,0.05
24,63,7,7,11,16,39,42,4,0.025
25,0,0,0,9,22,44,45,4,0.025
25,1,1,0,9,20,62,61,9,0.05625
25,2,2,0,23,20,84,85,8,0.05
25,3,3,0,27,12,102,101,4,0.025
25,4,4,0,26,18,111,114,3,0.01875
25,5,5,0,24,28,105,106,6,0.0375
25,6,6,0,11,20,72,71,8,0.05
25,7,7,0,15,19,50,50,5,0.03125
25,8,0,1,10,12,69,68,6,0.0375
25,9,1,1,13,19,87,89,10,0.0625
25,10,2,1,15,11,102,101,7,0.04375
25,11,3,1,41,36,147,151,5,0.03125
25,12,4,1,29,20,130,129,7,0.04375
25,13,5,1,12,17,107,106,8,0.05
25,14,6,1,7,16,70,77,7,0.04375
25,15,7,1,2,10,55,58,4,0.025
25,16,0,2,13,17,88,85,5,0.03125
25,17,1,2,9,12,110,111,7,0.04375
25,18,2,2,29,12,135,133,8,0.05
25,19,3,2,35,17,161,160,9,0.05625
25,20,4,2,23,11,133,128,10,0.0625
25,21,5,2,12,19,117,118,9,0.05625
25,22,6,2,7,17,94,92,9,0.05625
25,23,7,2,5,26,78,81,4,0.025
25,24,0,3,10,15,83,85,4,0.025
25,25,1,3,6,20,114,112,11,0.06875
25,26,2,3,27,15,140,142,8,0.05
25,27,3,3,25,16,160,160,9,0.05625
25,28,4,3,33,20,160,159,6,0.0375
25,29,5,3,13,18,127,126,6,0.0375
25,30,6,3,8,15,104,104,9,0.05625
25,31,7,3,2,16,85,84,7,0.04375
25,32,0,4,9,21,88,87,6,0.0375
25,33,1,4,2,25,118,118,9,0.05625
25,34,2,4,25,19,141,139,10,0.0625
25,35,3,4,33,15,154,154,7,0.04375
25,36,4,4,38,10,156,155,7,0.04375
25,37,5,4,13,12,122,122,9,0.05625
25,38,6,4,12,24,117,117,7,0.04375
25,39,7,4,10,9,85,89,5,0.03125
25,40,0,5,7,17,76,74,5,0.03125
25,41,1,5,11,11,102,103,8,0.05
25,42,2,5,15,17,124,127,6,0.0375
25,43,3,5,28,19,148,149,9,0.05625
25,44,4,5,30,15,139,138,6,0.0375
25,45,5,5,24,9,113,111,9,0.05625
25,46,6,5,5,16,95,97,8,0.05
25,47,7,5,5,22,78,82,4,0.025
25,48,0,6,6,15,54,55,5,0.03125
25,49,1,6,6,12,81,79,9,0.05625
25,50,2,6,12,17,102,100,8,0.05
25,51,3,6,19,15,123,124,5,0.03125
25,52,4,6,32,16,120,119,9,0.05625
25,53,5,6,24,26,113,108,11,0.06875
25,54,6,6,7,13,84,86,8,0.05
25,55,7,6,10,18,66,64,7,0.04375
25,56,0,7,7,15,32,32,4,0.025
25,57,1,7,9,17,54,56,8,0.05
25,58,2,7,17,15,77,78,6,0.0375
25,59,3,7,31,17,110,107,6,0.0375
25,60,4,7,32,13,106,106,7,0.04375
25,61,5,7,18,11,81,81,7,0.04375
25,62,6,7,10,13,60,61,7,0.04375
25,63,7,7,13,18,39,40,4,0.025
26,0,0,0,12,27,52,52,3,0.01875
26,1,1,0,17,22,76,77,6,0.0375
26,2,2,0,27,26,106,107,5,0.03125
26,3,3,0,31,17,110,108,6,0.0375
26,4,4,0,35,21,108,108,4,0.025
26,5,5,0,19,18,87,86,7,0.04375
26,6,6,0,7,15,59,61,7,0.04375
26,7,7,0,8,21,44,44,4,0.025
26,8,0,1,13,23,74,74,5,0.03125
26,9,1,1,9,12,91,91,10,0.0625
26,10,2,1,28,18,127,122,9,0.05625
26,11,3,1,27,30,137,135,7,0.04375
26,12,4,1,27,13,125,126,7,0.04375
26,13,5,1,10,13,91,93,7,0.04375
26,14,6,1,4,21,80,77,8,0.05
26,15,7,1,10,22,76,69,10,0.0625
26,16,0,2,6,15,76,77,4,0.025
26,17,1,2,10,6,91,89,9,0.05625
26,18,2,2,12,14,129,128,9,0.05625
26,19,3,2,27,13,140,141,6,0.0375
26,20,4,2,35,11,149,145,12,0.075
26,21,5,2,18,14,120,122,6,0.0375
26,22,6,2,7,16,96,99,9,0.05625
26,23,7,2,12,13,90,85,10,0.0625
26,24,0,3,10,14,83,83,5,0.03125
26,25,1,3,7,14,104,107,8,0.05
26,26,2,3,23,18,151,149,8,0.05
26,27,3,3,28,14,154,156,6,0.0375
26,28,4,3,33,15,156,154,7,0.04375
26,29,5,3,21,20,137,138,6,0.0375
26,30,6,3,6,14,102,104,7,0.04375
26,31,7,3,9,15,92,91,6,0.0375
26,32,0,4,5,11,80,81,3,0.01875
26,33,1,4,14,12,110,108,11,0.06875
26,34,2,4,15,20,136,138,8,0.05
26,35,3,4,36,16,158,158,6,0.0375
26,36,4,4,31,12,157,160,5,0.03125
26,37,5,4,18,13,129,128,8,0.05
26,38,6,4,12,18,105,105,6,0.0375
26,39,7,4,9,14,98,99,4,0.025
26,40,0,5,10,18,84,79,8,0.05
26,41,1,5,9,16,106,107,8,0.05
26,42,2,5,19,13,125,123,7,0.04375
26,43,3,5,30,14,144,145,7,0.04375
26,44,4,5,24,19,144,143,8,0.05
26,45,5,5,18,15,108,111,6,0.0375
26,46,6,5,8,14,90,90,9,0.05625
26,47,7,5,9,20,93,95,4,0.025
26,48,0,6,10,15,64,63,4,0.025
26,49,1,6,6,17,91,92,9,0.05625
26,50,2,6,15,21,109,111,7,0.04375
26,51,3,6,24,14,125,123,8,0.05
26,52,4,6,34,21,138,139,6,0.0375
26,53,5,6,19,13,101,104,8,0.05
26,54,6,6,9,12,87,88,8,0.05
26,55,7,6,7,25,68,70,5,0.03125
26,56,0,7,9,21,43,43,4,0.025
26,57,1,7,8,24,71,72,7,0.04375
26,58,2,7,25,13,90,90,7,0.04375
26,59,3,7,30,19,104,110,2,0.0125
26,60,4,7,26,23,110,109,7,0.04375
26,61,5,7,24,12,91,92,6,0.0375
26,62,6,7,10,16,63,61,8,0.05
26,63,7,7,10,14,33,33,3,0.01875
27,0,0,0,11,17,37,37,4,0.025
27,1,1,0,17,19,68,69,6,0.0375
27,2,2,0,18,17,77,76,8,0.05
27,3,3,0,34,19,101,104,3,0.01875
27,4,4,0,21,11,82,79,8,0.05
27,5,5,0,11,11,63,64,6,0.0375
27,6,6,0,11,9,47,46,8,0.05
27,7,7,0,5,21,35,36,4,0.025
27,8,0,1,4,18,56,54,6,0.0375
27,9,1,1,8,22,89,87,11,0.06875
27,10,2,1,14,15,93,95,8,0.05
27,11,3,1,18,24,115,115,7,0.04375
27,12,4,1,28,13,100,102,7,0.04375
27,13,5,1,21,17,98,98,6,0.0375
27,14,6,1,14,16,75,79,5,0.03125
27,15,7,1,4,13,57,61,6,0.0375
27,16,0,2,5,19,70,68,6,0.0375
27,17,1,2,7,17,94,93,9,0.05625
27,18,2,2,13,18,116,116,8,0.05
27,19,3,2,28,13,136,134,8,0.05
27,20,4,2,25,13,118,122,11,0.06875
27,21,5,2,15,14,108,105,10,0.0625
27,22,6,2,5,18,88,87,9,0.05625
27,23,7,2,8,14,77,81,5,0.03125
27,24,0,3,5,7,79,76,8,0.05
27,25,1,3,13,12,110,108,9,0.05625
27,26,2,3,25,15,145,146,9,0.05625
27,27,3,3,22,8,144,146,6,0.0375
27,28,4,3,29,17,151,152,6,0.0375
27,29,5,3,26,16,135,134,5,0.03125
27,30,6,3,10,18,110,107,9,0.05625
27,31,7,3,9,19,94,96,4,0.025
27,32,0,4,19,14,89,87,6,0.0375
27,33,1,4,7,10,119,120,9,0.05625
27,34,2,4,24,22,160,162,8,0.05
27,35,3,4,35,10,155,152,7,0.04375
27,36,4,4,28,21,153,150,6,0.0375
27,37,5,4,18,10,127,128,8,0.05
27,38,6,4,9,22,113,111,8,0.05
27,39,7,4,14,13,96,95,6,0.0375
27,40,0,5,11,12,69,71,8,0.05
27,41,1,5,14,11,113,106,12,0.075
27,42,2,5,32,18,151,148,8,0.05
27,43,3,5,19,16,141,143,6,0.0375
27,44,4,5,35,14,141,139,9,0.05625
27,45,5,5,16,14,112,108,10,0.0625
27,46,6,5,8,16,91,92,6,0.0375
27,47,7,5,8,16,76,76,4,0.025
27,48,0,6,9,17,57,58,4,0.025
27,49,1,6,12,18,96,95,10,0.0625
27,50,2,6,17,17,107,103,9,0.05625
27,51,3,6,34,17,109,109,9,0.05625
27,52,4,6,25,18,105,104,7,0.04375
27,53,5,6,6,17,78,78,8,0.05
27,54,6,6,4,18,70,69,7,0.04375
27,55,7,6,7,11,57,59,4,0.025
27,56,0,7,12,9,32,33,3,0.01875
27,57,1,7,11,24,71,70,8,0.05
27,58,2,7,23,18,95,97,6,0.0375
27,59,3,7,36,19,111,107,4,0.025
27,60,4,7,24,21,96,99,6,0.0375
27,61,5,7,11,11,62,61,8,0.05
27,62,6,7,2,12,44,46,7,0.04375
27,63,7,7,5,18,36,34,6,0.0375
28,0,0,0,12,17,41,42,3,0.01875
28,1,1,0,7,16,59,59,7,0.04375
28,2,2,0,24,16,92,94,5,0.03125
28,3,3,0,34,19,113,109,7,0.04375
28,4,4,0,36,17,109,112,4,0.025
28,5,5,0,22,22,88,86,9,0.05625
28,6,6,0,2,19,59,59,8,0.05
28,7,7,0,8,18,36,36,4,0.025
28,8,0,1,8,15,60,60,6,0.0375
28,9,1,1,2,21,79,82,9,0.05625
28,10,2,1,7,19,101,102,7,0.04375
28,11,3,1,26,34,130,130,7,0.04375
28,12,4,1,31,23,137,135,7,0.04375
28,13,5,1,25,18,116,116,7,0.04375
28,14,6,1,17,22,113,113,6,0.0375
28,15,7,1,13,15,73,72,7,0.04375
28,16,0,2,5,14,74,77,4,0.025
28,17,1,2,5,17,87,90,8,0.05
28,18,2,2,10,16,115,116,8,0.05
28,19,3,2,26,15,134,133,10,0.0625
28,20,4,2,36,14,147,149,8,0.05
28,21,5,2,24,10,121,122,7,0.04375
28,22,6,2,10,16,108,107,8,0.05
28,23,7,2,8,11,76,77,5,0.03125
28,24,0,3,15,27,96,99,5,0.03125
28,25,1,3,10,19,107,108,9,0.05625
28,26,2,3,17,17,142,142,9,0.05625
28,27,3,3,31,12,162,158,7,0.04375
28,28,4,3,33,16,158,158,7,0.04375
28,29,5,3,16,21,131,132,7,0.04375
28,30,6,3,10,17,108,111,7,0.04375
28,31,7,3,7,14,84,85,5,0.03125
28,32,0,4,9,21,85,88,4,0.025
28,33,1,4,10,16,101,101,10,0.0625
28,34,2,4,18,20,137,136,8,0.05
28,35,3,4,38,16,147,151,6,0.0375
28,36,4,4,27,21,149,152,5,0.03125
28,37,5,4,20,16,131,129,10,0.0625
28,38,6,4,9,21,108,109,9,0.05625
28,39,7,4,8,16,89,88,6,0.0375
28,40,0,5,13,13,80,85,3,0.01875
28,41,1,5,12,20,98,105,7,0.04375
28,42,2,5,21,23,129,131,7,0.04375
28,43,3,5,27,11,124,121,9,0.05625
28,44,4,5,23,15,124,128,6,0.0375
28,45,5,5,18,17,110,111,8,0.05
28,46,6,5,11,12,98,96,8,0.05
28,47,7,5,7,20,77,77,4,0.025
28,48,0,6,10,11,64,64,5,0.03125
28,49,1,6,12,16,80,83,7,0.04375
28,50,2,6,32,18,100,102,7,0.04375
28,51,3,6,29,16,103,101,9,0.05625
28,52,4,6,11,14,93,93,8,0.05
28,53,5,6,4,14,73,73,8,0.05
28,54,6,6,2,15,72,71,8,0.05
28,55,7,6,3,17,53,53,4,0.025
28,56,0,7,6,18,38,37,4,0.025
28,57,1,7,8,20,58,57,9,0.05625
28,58,2,7,31,17,84,82,7,0.04375
28,59,3,7,25,12,88,87,7,0.04375
28,60,4,7,30,13,100,99,7,0.04375
28,61,5,7,16,13,79,80,7,0.04375
28,62,6,7,7,16,62,60,7,0.04375
28,63,7,7,10,15,38,40,4,0.025
29,0,0,0,21,19,58,56,5,0.03125
29,1,1,0,20,26,103,102,8,0.05
29,2,2,0,25,21,130,126,8,0.05
29,3,3,0,27,32,154,160,2,0.0125
29,4,4,0,37,20,145,143,6,0.0375
29,5,5,0,32,17,130,132,6,0.0375
29,6,6,0,18,20,99,97,10,0.0625
29,7,7,0,22,24,67,68,3,0.01875
29,8,0,1,19,11,85,88,4,0.025
29,9,1,1,18,22,137,136,10,0.0625
29,10,2,1,27,34,176,179,6,0.0375
29,11,3,1,33,52,224,225,5,0.03125
29,12,4,1,28,22,174,174,8,0.05
29,13,5,1,24,22,157,156,8,0.05
29,14,6,1,20,23,135,127,11,0.06875
29,15,7,1,31,23,114,117,4,0.025
29,16,0,2,22,24,114,107,10,0.0625
29,17,1,2,25,25,155,153,10,0.0625
29,18,2,2,24,23,192,191,8,0.05
29,19,3,2,22,24,221,222,9,0.05625
29,20,4,2,35,22,203,199,13,0.08125
29,21,5,2,33,18,186,182,11,0.06875
29,22,6,2,17,28,147,146,11,0.06875
29,23,7,2,26,18,125,125,4,0.025
29,24,0,3,20,29,123,121,6,0.0375
29,25,1,3,23,21,162,164,8,0.05
29,26,2,3,24,26,215,215,9,0.05625
29,27,3,3,35,22,238,239,8,0.05
29,28,4,3,34,33,230,228,8,0.05
29,29,5,3,22,24,201,201,7,0.04375
29,30,6,3,24,23,172,166,11,0.06875
29,31,7,3,23,27,137,136,5,0.03125
29,32,0,4,24,16,122,119,5,0.03125
29,33,1,4,23,18,161,163,8,0.05
29,34,2,4,21,24,209,207,9,0.05625
29,35,3,4,28,33,235,231,8,0.05
29,36,4,4,29,26,214,213,6,0.0375
29,37,5,4,28,27,197,198,9,0.05625
29,38,6,4,22,17,160,160,9,0.05625
29,39,7,4,20,22,137,136,7,0.04375
29,40,0,5,20,20,111,109,4,0.025
29,41,1,5,19,28,154,152,9,0.05625
29,42,2,5,22,26,192,190,9,0.05625
29,43,3,5,28,23,220,221,9,0.05625
29,44,4,5,22,24,204,201,10,0.0625
29,45,5,5,25,21,177,177,10,0.0625
29,46,6,5,20,18,147,140,15,0.09375
29,47,7,5,31,18,129,127,5,0.03125
29,48,0,6,25,28,99,98,6,0.0375
29,49,1,6,20,24,131,128,10,0.0625
29,50,2,6,26,23,168,165,11,0.06875
29,51,3,6,24,25,184,183,10,0.0625
29,52,4,6,33,24,171,174,4,0.025
29,53,5,6,30,12,150,149,8,0.05
29,54,6,6,20,27,129,125,14,0.0875
29,55,7,6,22,22,106,98,10,0.0625
29,56,0,7,29,24,67,67,4,0.025
29,57,1,7,18,21,92,95,7,0.04375
29,58,2,7,29,24,133,133,7,0.04375
29,59,3,7,28,19,148,150,4,0.025
29,60,4,7,33,23,142,146,4,0.025
29,61,5,7,19,27,122,123,6,0.0375
29,62,6,7,14,23,96,95,8,0.05
29,63,7,7,24,29,74,74,4,0.025
30,0,0,0,7,15,34,37,2,0.0125
30,1,1,0,11,15,59,60,6,0.0375
30,2,2,0,17,19,84,86,7,0.04375
30,3,3,0,29,11,98,92,7,0.04375
30,4,4,0,20,17,96,96,6,0.0375
30,5,5,0,25,14,83,83,7,0.04375
30,6,6,0,10,15,63,69,5,0.03125
30,7,7,0,15,24,52,52,2,0.0125
30,8,0,1,3,16,58,59,4,0.025
30,9,1,1,6,11,70,71,9,0.05625
30,10,2,1,6,17,90,87,8,0.05
30,11,3,1,25,39,120,118,7,0.04375
30,12,4,1,27,11,102,104,5,0.03125
30,13,5,1,27,14,98,100,6,0.0375
30,14,6,1,15,18,95,101,8,0.05
30,15,7,1,6,14,69,71,3,0.01875
30,16,0,2,1,21,78,85,4,0.025
30,17,1,2,2,15,83,84,8,0.05
30,18,2,2,7,14,97,100,5,0.03125
30,19,3,2,26,12,127,133,4,0.025
30,20,4,2,27,10,116,120,8,0.05
30,21,5,2,18,11,97,99,10,0.0625
30,22,6,2,22,16,114,117,8,0.05
30,23,7,2,9,16,87,86,6,0.0375
30,24,0,3,11,21,99,101,6,0.0375
30,25,1,3,6,17,108,105,10,0.0625
30,26,2,3,29,14,134,135,9,0.05625
30,27,3,3,35,15,160,161,6,0.0375
30,28,4,3,23,12,140,147,2,0.0125
30,29,5,3,19,15,124,123,7,0.04375
30,30,6,3,10,21,116,117,11,0.06875
30,31,7,3,8,20,92,94,4,0.025
30,32,0,4,13,20,94,94,5,0.03125
30,33,1,4,10,16,108,107,8,0.05
30,34,2,4,27,18,143,148,5,0.03125
30,35,3,4,25,19,155,159,4,0.025
30,36,4,4,26,19,149,153,2,0.0125
30,37,5,4,17,18,124,127,6,0.0375
30,38,6,4,5,17,118,119,6,0.0375
30,39,7,4,11,16,96,98,4,0.025
30,40,0,5,4,12,71,72,4,0.025
30,41,1,5,8,15,83,85,8,0.05
30,42,2,5,19,14,122,123,9,0.05625
30,43,3,5,23,20,125,127,5,0.03125
30,44,4,5,29,19,132,135,7,0.04375
30,45,5,5,16,15,104,108,5,0.03125
30,46,6,5,6,16,100,103,14,0.0875
30,47,7,5,12,18,81,83,4,0.025
30,48,0,6,6,19,57,57,5,0.03125
30,49,1,6,3,18,60,60,8,0.05
30,50,2,6,17,15,102,105,9,0.05625
30,51,3,6,19,13,96,101,5,0.03125
30,52,4,6,22,25,118,116,7,0.04375
30,53,5,6,21,17,103,102,10,0.0625
30,54,6,6,13,23,93,95,11,0.06875
30,55,7,6,12,7,59,64,6,0.0375
30,56,0,7,7,17,35,34,5,0.03125
30,57,1,7,8,15,44,42,7,0.04375
30,58,2,7,15,24,76,75,9,0.05625
30,59,3,7,29,12,88,87,4,0.025
30,60,4,7,28,14,82,84,2,0.0125
30,61,5,7,9,14,64,63,6,0.0375
30,62,6,7,8,12,45,45,8,0.05
30,63,7,7,2,16,29,28,4,0.025
31,0,0,0,13,17,47,45,4,0.025
31,1,1,0,10,20,73,72,7,0.04375
31,2,2,0,33,11,101,103,5,0.03125
31,3,3,0,29,19,109,113,3,0.01875
31,4,4,0,22,16,90,91,5,0.03125
31,5,5,0,9,11,60,59,8,0.05
31,6,6,0,7,20,58,55,8,0.05
31,7,7,0,7,8,29,28,4,0.025
31,8,0,1,5,21,69,67,4,0.025
31,9,1,1,11,13,79,82,5,0.03125
31,10,2,1,20,20,111,113,7,0.04375
31,11,3,1,23,28,133,135,5,0.03125
31,12,4,1,27,14,128,128,6,0.0375
31,13,5,1,27,15,118,116,8,0.05
31,14,6,1,14,18,101,101,7,0.04375
31,15,7,1,11,20,63,61,4,0.025
31,16,0,2,11,13,86,83,6,0.0375
31,17,1,2,9,14,94,92,10,0.0625
31,18,2,2,23,11,126,124,8,0.05
31,19,3,2,31,17,155,149,8,0.05
31,20,4,2,27,13,129,131,7,0.04375
31,21,5,2,15,16,114,118,5,0.03125
31,22,6,2,6,18,106,104,9,0.05625
31,23,7,2,7,17,67,67,5,0.03125
31,24,0,3,6,15,88,89,4,0.025
31,25,1,3,10,23,101,104,7,0.04375
31,26,2,3,20,21,132,132,8,0.05
31,27,3,3,28,17,157,156,8,0.05
31,28,4,3,29,16,149,148,3,0.01875
31,29,5,3,26,12,134,130,10,0.0625
31,30,6,3,9,14,116,121,7,0.04375
31,31,7,3,9,13,78,74,6,0.0375
31,32,0,4,10,17,91,95,2,0.0125
31,33,1,4,20,19,116,116,9,0.05625
31,34,2,4,24,17,151,148,7,0.04375
31,35,3,4,35,19,163,159,10,0.0625
31,36,4,4,22,14,142,137,5,0.03125
31,37,5,4,15,18,127,128,6,0.0375
31,38,6,4,13,14,115,114,7,0.04375
31,39,7,4,8,10,76,76,6,0.0375
31,40,0,5,9,16,84,85,3,0.01875
31,41,1,5,6,18,92,91,8,0.05
31,42,2,5,14,14,117,119,6,0.0375
31,43,3,5,25,15,140,137,10,0.0625
31,44,4,5,26,18,135,135,5,0.03125
31,45,5,5,20,17,125,124,5,0.03125
31,46,6,5,7,21,110,116,7,0.04375
31,47,7,5,10,18,88,88,4,0.025
31,48,0,6,4,18,62,64,4,0.025
31,49,1,6,12,13,79,80,7,0.04375
31,50,2,6,9,16,94,94,7,0.04375
31,51,3,6,18,20,114,113,7,0.04375
31,52,4,6,26,18,117,120,4,0.025
31,53,5,6,26,23,118,125,4,0.025
31,54,6,6,19,17,96,96,9,0.05625
31,55,7,6,13,30,81,80,7,0.04375
31,56,0,7,7,19,38,38,4,0.025
31,57,1,7,14,17,60,61,7,0.04375
31,58,2,7,21,22,88,92,4,0.025
31,59,3,7,34,13,106,107,2,0.0125
31,60,4,7,31,13,100,93,8,0.05
31,61,5,7,14,20,83,81,9,0.05625
31,62,6,7,8,16,56,59,7,0.04375
31,63,7,7,8,13,37,38,3,0.01875
32,0,0,0,15,8,39,37,4,0.025
32,1,1,0,14,11,65,65,8,0.05
32,2,2,0,23,15,100,97,8,0.05
32,3,3,0,37,18,114,112,5,0.03125
32,4,4,0,24,15,95,94,7,0.04375
32,5,5,0,15,15,78,79,6,0.0375
32,6,6,0,3,12,50,50,8,0.05
32,7,7,0,6,17,37,38,3,0.01875
32,8,0,1,7,14,59,58,6,0.0375
32,9,1,1,13,14,86,84,8,0.05
32,10,2,1,11,17,107,104,9,0.05625
32,11,3,1,27,26,131,129,8,0.05
32,12,4,1,39,17,125,125,7,0.04375
32,13,5,1,18,15,97,98,7,0.04375
32,14,6,1,7,15,70,71,5,0.03125
32,15,7,1,9,19,63,62,5,0.03125
32,16,0,2,10,16,78,79,6,0.0375
32,17,1,2,7,13,93,95,9,0.05625
32,18,2,2,13,12,122,120,9,0.05625
32,19,3,2,36,18,146,150,3,0.01875
32,20,4,2,25,14,141,135,12,0.075
32,21,5,2,17,18,121,118,9,0.05625
32,22,6,2,14,18,90,93,8,0.05
32,23,7,2,10,14,81,79,6,0.0375
32,24,0,3,8,20,86,85,6,0.0375
32,25,1,3,6,17,97,97,8,0.05
32,26,2,3,20,17,132,131,10,0.0625
32,27,3,3,26,18,145,146,7,0.04375
32,28,4,3,32,23,166,163,7,0.04375
32,29,5,3,26,17,153,157,6,0.0375
32,30,6,3,16,16,118,114,8,0.05
32,31,7,3,11,18,97,100,5,0.03125
32,32,0,4,11,13,92,87,7,0.04375
32,33,1,4,9,17,109,109,8,0.05
32,34,2,4,23,15,144,144,7,0.04375
32,35,3,4,29,12,146,149,5,0.03125
32,36,4,4,33,15,153,154,5,0.03125
32,37,5,4,18,19,145,144,6,0.0375
32,38,6,4,8,15,96,97,6,0.0375
32,39,7,4,6,19,94,93,5,0.03125
32,40,0,5,7,15,76,75,4,0.025
32,41,1,5,6,15,85,85,9,0.05625
32,42,2,5,15,16,111,110,8,0.05
32,43,3,5,25,12,114,115,8,0.05
32,44,4,5,32,20,135,132,9,0.05625
32,45,5,5,33,24,145,141,9,0.05625
32,46,6,5,17,20,102,101,8,0.05
32,47,7,5,7,16,90,88,4,0.025
32,48,0,6,7,20,62,61,3,0.01875
32,49,1,6,6,21,69,70,7,0.04375
32,50,2,6,11,16,88,86,9,0.05625
32,51,3,6,22,9,96,92,12,0.075
32,52,4,6,28,18,110,107,8,0.05
32,53,5,6,23,21,110,107,6,0.0375
32,54,6,6,10,16,75,79,7,0.04375
32,55,7,6,11,23,71,76,2,0.0125
32,56,0,7,7,19,36,37,3,0.01875
32,57,1,7,4,12,45,46,7,0.04375
32,58,2,7,15,14,70,67,7,0.04375
32,59,3,7,31,12,91,86,9,0.05625
32,60,4,7,32,18,98,99,7,0.04375
32,61,5,7,18,16,81,84,6,0.0375
32,62,6,7,7,14,59,58,8,0.05
32,63,7,7,7,16,42,42,4,0.025
33,0,0,0,10,8,32,33,4,0.025
33,1,1,0,11,24,71,70,8,0.05
33,2,2,0,26,19,95,97,6,0.0375
33,3,3,0,25,17,110,113,2,0.0125
33,4,4,0,27,16,101,103,5,0.03125
33,5,5,0,27,24,99,97,7,0.04375
33,6,6,0,6,8,50,51,7,0.04375
33,7,7,0,11,15,42,40,4,0.025
33,8,0,1,11,12,58,60,5,0.03125
33,9,1,1,3,12,83,83,8,0.05
33,10,2,1,17,18,107,105,11,0.06875
33,11,3,1,33,28,141,140,8,0.05
33,12,4,1,31,9,121,122,5,0.03125
33,13,5,1,21,13,110,110,7,0.04375
33,14,6,1,11,20,81,80,8,0.05
33,15,7,1,8,19,63,64,4,0.025
33,16,0,2,6,16,72,74,4,0.025
33,17,1,2,10,18,99,101,5,0.03125
33,18,2,2,35,15,136,138,7,0.04375
33,19,3,2,25,18,145,144,7,0.04375
33,20,4,2,31,18,130,134,8,0.05
33,21,5,2,13,17,109,107,11,0.06875
33,22,6,2,4,16,91,91,8,0.05
33,23,7,2,7,17,76,75,9,0.05625
33,24,0,3,10,16,87,85,6,0.0375
33,25,1,3,19,12,111,110,8,0.05
33,26,2,3,22,16,139,138,10,0.0625
33,27,3,3,26,10,153,148,12,0.075
33,28,4,3,31,18,138,138,6,0.0375
33,29,5,3,21,17,129,129,7,0.04375
33,30,6,3,10,18,110,112,8,0.05
33,31,7,3,8,14,83,79,7,0.04375
33,32,0,4,10,18,83,85,6,0.0375
33,33,1,4,13,16,117,115,9,0.05625
33,34,2,4,23,13,147,149,7,0.04375
33,35,3,4,29,16,167,168,5,0.03125
33,36,4,4,31,17,150,149,7,0.04375
33,37,5,4,17,19,129,125,9,0.05625
33,38,6,4,5,25,109,108,8,0.05
33,39,7,4,8,14,75,76,5,0.03125
33,40,0,5,9,16,62,61,5,0.03125
33,41,1,5,9,11,89,89,9,0.05625
33,42,2,5,15,15,117,117,8,0.05
33,43,3,5,43,8,156,155,8,0.05
33,44,4,5,23,11,128,131,7,0.04375
33,45,5,5,10,14,108,112,7,0.04375
33,46,6,5,8,18,105,104,9,0.05625
33,47,7,5,14,18,75,77,4,0.025
33,48,0,6,6,14,44,45,4,0.025
33,49,1,6,5,17,75,72,11,0.06875
33,50,2,6,13,16,95,97,7,0.04375
33,51,3,6,28,26,125,127,10,0.0625
33,52,4,6,35,13,123,121,7,0.04375
33,53,5,6,14,14,104,102,8,0.05
33,54,6,6,6,16,87,84,10,0.0625
33,55,7,6,10,17,54,52,4,0.025
33,56,0,7,11,15,34,34,4,0.025
33,57,1,7,7,16,54,54,7,0.04375
33,58,2,7,25,23,80,82,6,0.0375
33,59,3,7,30,18,87,87,8,0.05
33,60,4,7,16,21,82,83,6,0.0375
33,61,5,7,15,13,66,64,6,0.0375
33,62,6,7,1,16,41,41,8,0.05
33,63,7,7,1,6,20,20,4,0.025
34,0,0,0,12,18,48,47,5,0.03125
34,1,1,0,10,14,71,72,7,0.04375
34,2,2,0,33,10,96,93,8,0.05
34,3,3,0,24,11,102,100,5,0.03125
34,4,4,0,36,20,109,106,7,0.04375
34,5,5,0,16,14,76,78,7,0.04375
34,6,6,0,7,19,53,52,7,0.04375
34,7,7,0,8,12,32,32,4,0.025
34,8,0,1,8,18,72,70,7,0.04375
34,9,1,1,11,24,99,94,12,0.075
34,10,2,1,21,8,98,102,7,0.04375
34,11,3,1,38,36,137,143,4,0.025
34,12,4,1,25,13,125,123,7,0.04375
34,13,5,1,16,17,98,99,7,0.04375
34,14,6,1,11,12,68,66,10,0.0625
34,15,7,1,1,8,43,43,5,0.03125
34,16,0,2,16,20,92,90,6,0.0375
34,17,1,2,11,14,107,104,9,0.05625
34,18,2,2,21,13,115,116,7,0.04375
34,19,3,2,28,17,156,157,6,0.0375
34,20,4,2,28,14,137,139,6,0.0375
34,21,5,2,16,21,119,123,7,0.04375
34,22,6,2,10,10,84,83,8,0.05
34,23,7,2,7,13,59,64,4,0.025
34,24,0,3,8,24,91,94,4,0.025
34,25,1,3,5,17,105,102,10,0.0625
34,26,2,3,11,13,106,107,9,0.05625
34,27,3,3,28,15,150,158,5,0.03125
34,28,4,3,25,21,157,150,12,0.075
34,29,5,3,28,23,152,153,6,0.0375
34,30,6,3,11,10,104,105,7,0.04375
34,31,7,3,13,14,81,83,6,0.0375
34,32,0,4,14,9,93,91,6,0.0375
34,33,1,4,10,16,125,128,9,0.05625
34,34,2,4,35,7,144,143,5,0.03125
34,35,3,4,24,14,151,154,4,0.025
34,36,4,4,28,10,131,131,7,0.04375
34,37,5,4,13,9,112,114,6,0.0375
34,38,6,4,3,11,88,87,10,0.0625
34,39,7,4,7,13,80,80,5,0.03125
34,40,0,5,7,14,72,72,4,0.025
34,41,1,5,11,12,100,101,8,0.05
34,42,2,5,23,14,116,116,7,0.04375
34,43,3,5,33,13,122,120,10,0.0625
34,44,4,5,18,15,113,113,7,0.04375
34,45,5,5,9,11,100,98,8,0.05
34,46,6,5,3,17,76,79,7,0.04375
34,47,7,5,6,16,71,69,6,0.0375
34,48,0,6,8,16,58,57,4,0.025
34,49,1,6,9,26,97,98,9,0.05625
34,50,2,6,26,26,116,114,10,0.0625
34,51,3,6,38,16,112,110,12,0.075
34,52,4,6,22,13,100,100,7,0.04375
34,53,5,6,8,18,84,85,7,0.04375
34,54,6,6,2,14,55,58,8,0.05
34,55,7,6,1,13,51,52,4,0.025
34,56,0,7,11,10,29,31,2,0.0125
34,57,1,7,6,18,55,55,7,0.04375
34,58,2,7,5,16,59,57,7,0.04375
34,59,3,7,30,14,72,71,11,0.06875
34,60,4,7,11,18,68,69,6,0.0375
34,61,5,7,2,20,57,58,7,0.04375
34,62,6,7,5,12,35,36,7,0.04375
34,63,7,7,4,21,33,31,5,0.03125
35,0,0,0,22,30,75,77,4,0.025
35,1,1,0,19,16,96,94,9,0.05625
35,2,2,0,28,21,130,133,6,0.0375
35,3,3,0,27,34,161,159,6,0.0375
35,4,4,0,29,18,141,146,2,0.0125
35,5,5,0,29,26,136,136,6,0.0375
35,6,6,0,22,28,107,109,5,0.03125
35,7,7,0,19,33,77,78,4,0.025
35,8,0,1,20,30,125,130,2,0.0125
35,9,1,1,20,20,133,139,6,0.0375
35,10,2,1,26,24,171,170,7,0.04375
35,11,3,1,32,41,216,214,5,0.03125
35,12,4,1,26,18,160,158,9,0.05625
35,13,5,1,26,21,158,156,9,0.05625
35,14,6,1,20,21,140,140,9,0.05625
35,15,7,1,23,27,111,108,8,0.05
35,16,0,2,22,25,146,146,5,0.03125
35,17,1,2,17,22,144,143,10,0.0625
35,18,2,2,27,22,181,179,8,0.05
35,19,3,2,30,33,232,231,7,0.04375
35,20,4,2,25,25,200,197,9,0.05625
35,21,5,2,27,17,186,185,8,0.05
35,22,6,2,27,29,179,181,6,0.0375
35,23,7,2,28,22,135,132,6,0.0375
35,24,0,3,24,25,140,138,6,0.0375
35,25,1,3,22,29,168,170,9,0.05625
35,26,2,3,21,21,188,186,10,0.0625
35,27,3,3,29,29,236,236,3,0.01875
35,28,4,3,33,22,212,218,7,0.04375
35,29,5,3,24,27,201,199,8,0.05
35,30,6,3,25,26,187,183,12,0.075
35,31,7,3,25,17,138,138,7,0.04375
35,32,0,4,21,22,129,128,8,0.05
35,33,1,4,18,22,167,165,10,0.0625
35,34,2,4,24,29,191,192,6,0.0375
35,35,3,4,24,27,241,237,7,0.04375
35,36,4,4,27,17,213,212,8,0.05
35,37,5,4,24,28,199,197,10,0.0625
35,38,6,4,25,23,179,178,10,0.0625
35,39,7,4,26,33,142,140,6,0.0375
35,40,0,5,24,19,120,120,5,0.03125
35,41,1,5,21,29,172,172,7,0.04375
35,42,2,5,23,17,176,177,6,0.0375
35,43,3,5,29,24,221,224,7,0.04375
35,44,4,5,27,24,204,207,4,0.025
35,45,5,5,21,22,178,182,4,0.025
35,46,6,5,22,23,166,165,8,0.05
35,47,7,5,22,20,121,123,3,0.01875
35,48,0,6,24,23,102,98,7,0.04375
35,49,1,6,30,16,154,156,7,0.04375
35,50,2,6,24,22,164,165,10,0.0625
35,51,3,6,33,24,182,182,11,0.06875
35,52,4,6,28,34,177,179,7,0.04375
35,53,5,6,16,26,154,150,10,0.0625
35,54,6,6,23,23,142,138,11,0.06875
35,55,7,6,22,26,94,92,6,0.0375
35,56,0,7,22,16,64,59,6,0.0375
35,57,1,7,27,34,119,118,7,0.04375
35,58,2,7,21,35,138,141,4,0.025
35,59,3,7,30,18,143,149,5,0.03125
35,60,4,7,33,29,151,150,5,0.03125
35,61,5,7,35,20,123,125,4,0.025
35,62,6,7,26,31,109,109,6,0.0375
35,63,7,7,23,20,57,58,5,0.03125
36,0,0,0,13,22,49,48,5,0.03125
36,1,1,0,8,16,64,66,8,0.05
36,2,2,0,25,11,89,90,5,0.03125
36,3,3,0,42,16,119,120,6,0.0375
36,4,4,0,33,15,106,102,6,0.0375
36,5,5,0,25,14,86,85,8,0.05
36,6,6,0,7,18,59,56,9,0.05625
36,7,7,0,10,21,41,40,5,0.03125
36,8,0,1,7,19,66,62,5,0.03125
36,9,1,1,9,12,78,75,9,0.05625
36,10,2,1,11,13,82,84,7,0.04375
36,11,3,1,19,33,129,125,9,0.05625
36,12,4,1,29,10,112,114,5,0.03125
36,13,5,1,18,21,108,108,7,0.04375
36,14,6,1,13,18,75,77,8,0.05
36,15,7,1,7,20,63,66,5,0.03125
36,16,0,2,4,16,80,80,5,0.03125
36,17,1,2,10,25,104,106,9,0.05625
36,18,2,2,12,14,109,109,9,0.05625
36,19,3,2,31,17,154,154,6,0.0375
36,20,4,2,24,21,133,133,6,0.0375
36,21,5,2,29,18,137,136,8,0.05
36,22,6,2,8,12,92,89,8,0.05
36,23,7,2,13,13,83,87,3,0.01875
36,24,0,3,5,15,86,89,4,0.025
36,25,1,3,8,13,100,99,9,0.05625
36,26,2,3,21,13,127,133,4,0.025
36,27,3,3,27,17,162,159,7,0.04375
36,28,4,3,30,22,152,154,3,0.01875
36,29,5,3,25,19,150,154,5,0.03125
36,30,6,3,11,18,112,117,4,0.025
36,31,7,3,9,18,96,96,6,0.0375
36,32,0,4,5,18,83,87,5,0.03125
36,33,1,4,9,16,106,109,8,0.05
36,34,2,4,21,14,135,130,10,0.0625
36,35,3,4,26,13,161,159,9,0.05625
36,36,4,4,34,12,137,137,7,0.04375
36,37,5,4,18,13,129,131,9,0.05625
36,38,6,4,5,11,106,108,8,0.05
36,39,7,4,5,25,96,98,5,0.03125
36,40,0,5,12,11,75,75,4,0.025
36,41,1,5,6,16,103,101,7,0.04375
36,42,2,5,27,17,129,130,6,0.0375
36,43,3,5,31,14,147,148,6,0.0375
36,44,4,5,30,13,136,132,8,0.05
36,45,5,5,19,18,135,128,10,0.0625
36,46,6,5,8,20,108,107,9,0.05625
36,47,7,5,12,14,87,87,4,0.025
36,48,0,6,9,23,59,58,9,0.05625
36,49,1,6,8,20,89,85,11,0.06875
36,50,2,6,13,13,99,99,10,0.0625
36,51,3,6,26,16,111,117,6,0.0375
36,52,4,6,30,13,108,109,7,0.04375
36,53,5,6,12,20,96,99,7,0.04375
36,54,6,6,6,18,76,81,7,0.04375
36,55,7,6,4,14,63,65,4,0.025
36,56,0,7,15,9,34,34,6,0.0375
36,57,1,7,11,19,67,66,8,0.05
36,58,2,7,22,22,86,83,7,0.04375
36,59,3,7,23,18,88,88,4,0.025
36,60,4,7,16,13,86,85,7,0.04375
36,61,5,7,27,17,96,93,8,0.05
36,62,6,7,9,18,72,71,8,0.05
36,63,7,7,11,17,48,48,5,0.03125
37,0,0,0,10,19,44,43,5,0.03125
37,1,1,0,15,18,76,75,8,0.05
37,2,2,0,24,10,92,93,5,0.03125
37,3,3,0,37,15,117,117,5,0.03125
37,4,4,0,21,20,104,107,3,0.01875
37,5,5,0,16,14,76,78,6,0.0375
37,6,6,0,6,15,55,56,7,0.04375
37,7,7,0,11,20,41,42,3,0.01875
37,8,0,1,2,14,52,53,3,0.01875
37,9,1,1,4,13,73,73,9,0.05625
37,10,2,1,14,15,89,90,5,0.03125
37,11,3,1,18,32,128,132,6,0.0375
37,12,4,1,40,19,143,141,7,0.04375
37,13,5,1,30,18,128,127,9,0.05625
37,14,6,1,14,10,91,88,9,0.05625
37,15,7,1,14,19,75,76,4,0.025
37,16,0,2,15,17,78,80,3,0.01875
37,17,1,2,6,17,110,111,8,0.05
37,18,2,2,27,15,125,126,8,0.05
37,19,3,2,35,12,157,154,9,0.05625
37,20,4,2,33,10,140,142,6,0.0375
37,21,5,2,18,18,126,126,10,0.0625
37,22,6,2,7,10,87,86,11,0.06875
37,23,7,2,6,16,78,76,5,0.03125
37,24,0,3,5,16,81,80,4,0.025
37,25,1,3,8,22,114,114,10,0.0625
37,26,2,3,16,10,120,117,8,0.05
37,27,3,3,28,21,165,165,6,0.0375
37,28,4,3,31,13,148,142,10,0.0625
37,29,5,3,26,13,138,134,9,0.05625
37,30,6,3,9,12,104,102,9,0.05625
37,31,7,3,10,16,84,87,4,0.025
37,32,0,4,14,14,100,100,4,0.025
37,33,1,4,9,21,133,131,9,0.05625
37,34,2,4,28,13,140,141,9,0.05625
37,35,3,4,24,24,155,155,9,0.05625
37,36,4,4,32,21,150,151,7,0.04375
37,37,5,4,16,6,122,121,8,0.05
37,38,6,4,9,18,96,96,8,0.05
37,39,7,4,4,14,72,72,6,0.0375
37,40,0,5,9,13,92,92,4,0.025
37,41,1,5,16,22,123,121,10,0.0625
37,42,2,5,22,14,129,126,8,0.05
37,43,3,5,28,16,135,135,8,0.05
37,44,4,5,27,11,123,123,8,0.05
37,45,5,5,4,30,110,114,6,0.0375
37,46,6,5,9,12,84,86,6,0.0375
37,47,7,5,6,13,65,64,4,0.025
37,48,0,6,14,24,78,82,5,0.03125
37,49,1,6,10,18,93,95,9,0.05625
37,50,2,6,21,21,114,114,8,0.05
37,51,3,6,25,14,115,110,10,0.0625
37,52,4,6,16,13,94,90,9,0.05625
37,53,5,6,11,15,82,81,9,0.05625
37,54,6,6,5,16,65,65,6,0.0375
37,55,7,6,6,11,48,46,5,0.03125
37,56,0,7,6,15,34,36,4,0.025
37,57,1,7,12,14,56,56,9,0.05625
37,58,2,7,25,18,88,86,10,0.0625
37,59,3,7,27,19,105,102,7,0.04375
37,60,4,7,24,11,86,87,5,0.03125
37,61,5,7,9,12,63,64,6,0.0375
37,62,6,7,5,21,46,48,6,0.0375
37,63,7,7,2,19,28,29,4,0.025
38,0,0,0,14,23,46,49,3,0.01875
38,1,1,0,22,13,75,75,7,0.04375
38,2,2,0,30,19,106,106,4,0.025
38,3,3,0,21,22,113,115,4,0.025
38,4,4,0,31,10,101,101,3,0.01875
38,5,5,0,16,14,81,78,7,0.04375
38,6,6,0,10,12,59,60,7,0.04375
38,7,7,0,7,8,31,31,4,0.025
38,8,0,1,6,10,51,51,5,0.03125
38,9,1,1,10,17,80,81,9,0.05625
38,10,2,1,16,14,105,101,8,0.05
38,11,3,1,19,26,129,127,7,0.04375
38,12,4,1,33,19,120,125,5,0.03125
38,13,5,1,22,12,100,104,5,0.03125
38,14,6,1,10,15,86,87,8,0.05
38,15,7,1,9,26,63,63,3,0.01875
38,16,0,2,3,13,70,69,4,0.025
38,17,1,2,10,14,102,98,10,0.0625
38,18,2,2,23,9,123,123,8,0.05
38,19,3,2,35,20,156,159,6,0.0375
38,20,4,2,28,18,136,135,6,0.0375
38,21,5,2,18,13,97,98,9,0.05625
38,22,6,2,7,13,89,91,6,0.0375
38,23,7,2,5,14,68,64,8,0.05
38,24,0,3,8,15,78,79,4,0.025
38,25,1,3,13,16,102,105,7,0.04375
38,26,2,3,12,16,115,113,9,0.05625
38,27,3,3,29,14,146,145,7,0.04375
38,28,4,3,34,20,150,151,9,0.05625
38,29,5,3,22,15,115,116,7,0.04375
38,30,6,3,5,9,106,106,8,0.05
38,31,7,3,6,5,73,70,6,0.0375
38,32,0,4,13,17,87,86,5,0.03125
38,33,1,4,9,23,111,111,9,0.05625
38,34,2,4,29,16,135,138,7,0.04375
38,35,3,4,29,9,140,147,3,0.01875
38,36,4,4,30,15,143,142,7,0.04375
38,37,5,4,11,20,110,113,6,0.0375
38,38,6,4,3,19,99,98,9,0.05625
38,39,7,4,11,13,78,79,4,0.025
38,40,0,5,9,18,71,70,5,0.03125
38,41,1,5,9,18,93,97,8,0.05
38,42,2,5,22,14,110,113,6,0.0375
38,43,3,5,14,13,111,109,9,0.05625
38,44,4,5,34,13,126,131,3,0.01875
38,45,5,5,19,10,111,111,8,0.05
38,46,6,5,6,19,93,89,10,0.0625
38,47,7,5,10,11,74,75,4,0.025
38,48,0,6,3,11,40,42,4,0.025
38,49,1,6,8,17,64,66,7,0.04375
38,50,2,6,8,18,73,76,7,0.04375
38,51,3,6,26,17,77,74,12,0.075
38,52,4,6,18,13,79,80,9,0.05625
38,53,5,6,6,19,72,74,8,0.05
38,54,6,6,5,13,63,61,9,0.05625
38,55,7,6,4,18,56,58,4,0.025
38,56,0,7,10,15,32,32,4,0.025
38,57,1,7,5,17,47,48,8,0.05
38,58,2,7,13,17,61,63,8,0.05
38,59,3,7,20,12,61,58,11,0.06875
38,60,4,7,17,15,67,66,8,0.05
38,61,5,7,6,18,56,54,9,0.05625
38,62,6,7,5,13,44,41,8,0.05
38,63,7,7,8,14,34,34,4,0.025
39,0,0,0,8,10,32,30,3,0.01875
39,1,1,0,13,9,53,55,7,0.04375
39,2,2,0,28,20,94,93,5,0.03125
39,3,3,0,25,16,100,96,8,0.05
39,4,4,0,28,22,109,108,4,0.025
39,5,5,0,25,17,97,97,8,0.05
39,6,6,0,11,17,62,61,8,0.05
39,7,7,0,16,22,47,46,4,0.025
39,8,0,1,11,22,63,65,3,0.01875
39,9,1,1,6,8,73,72,10,0.0625
39,10,2,1,21,11,108,110,8,0.05
39,11,3,1,29,23,130,126,11,0.06875
39,12,4,1,28,16,125,121,8,0.05
39,13,5,1,24,16,118,117,6,0.0375
39,14,6,1,9,16,77,78,9,0.05625
39,15,7,1,12,13,61,59,4,0.025
39,16,0,2,11,12,78,78,5,0.03125
39,17,1,2,11,20,92,96,7,0.04375
39,18,2,2,18,15,121,118,9,0.05625
39,19,3,2,30,18,147,142,9,0.05625
39,20,4,2,27,13,131,132,7,0.04375
39,21,5,2,13,14,128,125,9,0.05625
39,22,6,2,14,15,102,101,9,0.05625
39,23,7,2,9,18,75,80,4,0.025
39,24,0,3,12,14,90,86,7,0.04375
39,25,1,3,11,17,100,99,8,0.05
39,26,2,3,26,13,142,142,8,0.05
39,27,3,3,26,18,159,162,3,0.01875
39,28,4,3,24,10,137,142,4,0.025
39,29,5,3,17,22,143,145,5,0.03125
39,30,6,3,14,21,109,108,8,0.05
39,31,7,3,11,19,83,86,4,0.025
39,32,0,4,15,11,83,84,5,0.03125
39,33,1,4,8,17,102,102,8,0.05
39,34,2,4,30,26,153,151,10,0.0625
39,35,3,4,35,15,169,165,5,0.03125
39,36,4,4,33,17,145,146,7,0.04375
39,37,5,4,23,17,134,132,8,0.05
39,38,6,4,10,10,94,99,5,0.03125
39,39,7,4,8,12,75,75,5,0.03125
39,40,0,5,10,10,61,63,3,0.01875
39,41,1,5,8,19,77,79,6,0.0375
39,42,2,5,24,18,122,120,7,0.04375
39,43,3,5,27,12,140,140,10,0.0625
39,44,4,5,28,16,131,127,8,0.05
39,45,5,5,16,13,116,116,7,0.04375
39,46,6,5,11,18,81,83,7,0.04375
39,47,7,5,5,12,59,58,5,0.03125
39,48,0,6,9,9,45,42,5,0.03125
39,49,1,6,3,12,49,48,8,0.05
39,50,2,6,14,22,79,80,6,0.0375
39,51,3,6,33,19,105,110,8,0.05
39,52,4,6,14,20,79,83,5,0.03125
39,53,5,6,8,14,78,77,6,0.0375
39,54,6,6,5,14,51,53,7,0.04375
39,55,7,6,5,14,40,38,5,0.03125
39,56,0,7,0,18,23,24,4,0.025
39,57,1,7,0,8,21,21,8,0.05
39,58,2,7,6,8,31,32,7,0.04375
39,59,3,7,30,17,61,63,8,0.05
39,60,4,7,11,15,55,54,9,0.05625
39,61,5,7,6,14,47,49,7,0.04375
39,62,6,7,3,12,28,30,7,0.04375
39,63,7,7,3,9,16,16,4,0.025
40,0,0,0,8,18,36,36,4,0.025
40,1,1,0,6,14,46,46,7,0.04375
40,2,2,0,18,17,75,73,6,0.0375
40,3,3,0,23,21,96,96,8,0.05
40,4,4,0,27,18,94,91,6,0.0375
40,5,5,0,12,13,68,68,9,0.05625
40,6,6,0,7,20,61,62,7,0.04375
40,7,7,0,8,18,37,38,4,0.025
40,8,0,1,9,15,60,59,4,0.025
40,9,1,1,8,17,75,79,6,0.0375
40,10,2,1,19,13,98,98,7,0.04375
40,11,3,1,45,25,144,144,10,0.0625
40,12,4,1,24,18,118,117,8,0.05
40,13,5,1,20,11,91,89,7,0.04375
40,14,6,1,9,17,81,80,7,0.04375
40,15,7,1,6,18,51,53,4,0.025
40,16,0,2,8,15,75,73,7,0.04375
40,17,1,2,8,21,98,96,9,0.05625
40,18,2,2,14,14,114,116,7,0.04375
40,19,3,2,28,14,148,152,8,0.05
40,20,4,2,24,16,134,137,3,0.01875
40,21,5,2,17,25,119,120,11,0.06875
40,22,6,2,6,14,95,96,8,0.05
40,23,7,2,6,11,61,60,5,0.03125
40,24,0,3,11,13,78,79,5,0.03125
40,25,1,3,15,15,113,114,7,0.04375
40,26,2,3,21,9,134,136,9,0.05625
40,27,3,3,31,17,161,156,11,0.06875
40,28,4,3,30,22,156,154,7,0.04375
40,29,5,3,22,15,133,128,10,0.0625
40,30,6,3,9,20,116,120,5,0.03125
40,31,7,3,7,10,66,64,6,0.0375
40,32,0,4,7,16,83,81,6,0.0375
40,33,1,4,16,11,118,118,8,0.05
40,34,2,4,35,18,158,157,9,0.05625
40,35,3,4,25,11,163,162,6,0.0375
40,36,4,4,32,8,151,151,6,0.0375
40,37,5,4,15,27,131,129,10,0.0625
40,38,6,4,12,21,117,112,9,0.05625
40,39,7,4,8,12,64,63,5,0.03125
40,40,0,5,4,17,68,67,5,0.03125
40,41,1,5,16,18,102,99,8,0.05
40,42,2,5,17,18,127,127,9,0.05625
40,43,3,5,38,17,158,158,8,0.05
40,44,4,5,33,15,151,149,8,0.05
40,45,5,5,21,17,125,123,8,0.05
40,46,6,5,4,15,98,98,9,0.05625
40,47,7,5,10,15,63,60,7,0.04375
40,48,0,6,10,18,52,55,4,0.025
40,49,1,6,13,11,80,78,8,0.05
40,50,2,6,27,23,120,117,9,0.05625
40,51,3,6,24,25,130,130,8,0.05
40,52,4,6,34,16,129,127,6,0.0375
40,53,5,6,16,12,96,96,9,0.05625
40,54,6,6,2,21,77,76,7,0.04375
40,55,7,6,9,9,44,45,4,0.025
40,56,0,7,7,12,25,26,3,0.01875
40,57,1,7,9,18,47,47,8,0.05
40,58,2,7,10,14,69,66,8,0.05
40,59,3,7,36,13,94,94,8,0.05
40,60,4,7,22,20,87,89,6,0.0375
40,61,5,7,11,14,59,61,5,0.03125
40,62,6,7,5,13,40,41,5,0.03125
40,63,7,7,8,9,27,28,3,0.01875
41,0,0,0,26,20,70,71,2,0.0125
41,1,1,0,23,24,108,108,7,0.04375
41,2,2,0,26,35,142,142,7,0.04375
41,3,3,0,32,25,155,158,4,0.025
41,4,4,0,28,26,155,157,5,0.03125
41,5,5,0,23,21,119,121,7,0.04375
41,6,6,0,22,29,103,101,8,0.05
41,7,7,0,23,24,63,63,4,0.025
41,8,0,1,23,29,104,106,2,0.0125
41,9,1,1,22,29,137,135,7,0.04375
41,10,2,1,15,21,160,161,7,0.04375
41,11,3,1,31,48,206,211,7,0.04375
41,12,4,1,31,27,199,201,7,0.04375
41,13,5,1,28,34,177,178,7,0.04375
41,14,6,1,22,16,147,145,11,0.06875
41,15,7,1,27,20,106,106,4,0.025
41,16,0,2,24,26,124,126,4,0.025
41,17,1,2,21,22,158,161,7,0.04375
41,18,2,2,26,21,190,194,6,0.0375
41,19,3,2,28,32,228,228,6,0.0375
41,20,4,2,30,13,212,210,7,0.04375
41,21,5,2,18,19,187,187,9,0.05625
41,22,6,2,21,15,149,147,11,0.06875
41,23,7,2,16,25,111,111,5,0.03125
41,24,0,3,21,26,130,131,6,0.0375
41,25,1,3,23,16,162,161,6,0.0375
41,26,2,3,23,33,210,212,6,0.0375
41,27,3,3,27,35,253,254,9,0.05625
41,28,4,3,27,34,235,233,9,0.05625
41,29,5,3,25,21,207,213,5,0.03125
41,30,6,3,26,19,171,165,11,0.06875
41,31,7,3,28,28,129,130,3,0.01875
41,32,0,4,25,20,130,129,7,0.04375
41,33,1,4,19,24,163,165,8,0.05
41,34,2,4,23,28,197,198,9,0.05625
41,35,3,4,35,22,240,238,8,0.05
41,36,4,4,28,22,227,228,5,0.03125
41,37,5,4,27,24,201,202,8,0.05
41,38,6,4,25,19,163,165,8,0.05
41,39,7,4,29,23,135,134,6,0.0375
41,40,0,5,28,25,124,124,4,0.025
41,41,1,5,32,32,182,181,10,0.0625
41,42,2,5,26,19,195,194,9,0.05625
41,43,3,5,29,30,235,235,10,0.0625
41,44,4,5,23,33,214,212,11,0.06875
41,45,5,5,19,23,178,177,9,0.05625
41,46,6,5,17,19,151,148,10,0.0625
41,47,7,5,16,21,122,123,6,0.0375
41,48,0,6,20,16,79,79,4,0.025
41,49,1,6,17,25,131,126,13,0.08125
41,50,2,6,33,17,160,160,9,0.05625
41,51,3,6,39,26,201,201,9,0.05625
41,52,4,6,32,27,184,184,7,0.04375
41,53,5,6,31,31,176,175,9,0.05625
41,54,6,6,20,34,148,147,9,0.05625
41,55,7,6,24,29,116,111,10,0.0625
41,56,0,7,20,17,50,49,4,0.025
41,57,1,7,18,22,91,87,12,0.075
41,58,2,7,25,21,121,121,10,0.0625
41,59,3,7,28,34,149,153,5,0.03125
41,60,4,7,30,27,153,155,3,0.01875
41,61,5,7,29,26,146,145,6,0.0375
41,62,6,7,24,29,121,117,8,0.05
41,63,7,7,26,21,75,70,7,0.04375
42,0,0,0,7,12,37,35,5,0.03125
42,1,1,0,10,12,63,62,8,0.05
42,2,2,0,21,14,87,85,8,0.05
42,3,3,0,33,13,112,111,5,0.03125
42,4,4,0,26,19,106,102,8,0.05
42,5,5,0,20,14,81,80,7,0.04375
42,6,6,0,6,12,55,54,8,0.05
42,7,7,0,8,21,40,42,2,0.0125
42,8,0,1,16,16,62,60,4,0.025
42,9,1,1,12,24,92,86,12,0.075
42,10,2,1,23,12,97,92,10,0.0625
42,11,3,1,28,34,142,139,10,0.0625
42,12,4,1,28,12,118,118,7,0.04375
42,13,5,1,15,14,93,90,9,0.05625
42,14,6,1,6,18,84,84,12,0.075
42,15,7,1,8,16,65,64,4,0.025
42,16,0,2,19,22,88,90,3,0.01875
42,17,1,2,10,16,120,114,12,0.075
42,18,2,2,23,7,118,114,8,0.05
42,19,3,2,27,18,160,158,8,0.05
42,20,4,2,36,15,147,144,7,0.04375
42,21,5,2,27,22,120,125,6,0.0375
42,22,6,2,7,10,100,99,10,0.0625
42,23,7,2,4,18,82,82,5,0.03125
42,24,0,3,11,18,87,88,4,0.025
42,25,1,3,4,10,108,105,11,0.06875
42,26,2,3,11,19,113,111,8,0.05
42,27,3,3,25,18,145,149,4,0.025
42,28,4,3,28,14,156,159,5,0.03125
42,29,5,3,30,15,144,143,4,0.025
42,30,6,3,17,17,119,123,6,0.0375
42,31,7,3,10,15,103,103,5,0.03125
42,32,0,4,8,15,85,87,5,0.03125
42,33,1,4,9,17,117,111,12,0.075
42,34,2,4,13,13,113,115,7,0.04375
42,35,3,4,34,7,140,141,8,0.05
42,36,4,4,27,14,155,151,10,0.0625
42,37,5,4,15,14,134,134,8,0.05
42,38,6,4,8,11,112,112,7,0.04375
42,39,7,4,7,26,101,101,6,0.0375
42,40,0,5,3,17,79,80,3,0.01875
42,41,1,5,13,27,117,119,8,0.05
42,42,2,5,25,11,106,109,6,0.0375
42,43,3,5,22,13,124,123,9,0.05625
42,44,4,5,27,17,138,142,6,0.0375
42,45,5,5,14,15,116,117,8,0.05
42,46,6,5,12,20,100,103,8,0.05
42,47,7,5,6,16,74,76,4,0.025
42,48,0,6,9,22,68,63,9,0.05625
42,49,1,6,14,20,95,103,7,0.04375
42,50,2,6,22,14,97,95,9,0.05625
42,51,3,6,25,19,117,117,7,0.04375
42,52,4,6,28,16,126,123,9,0.05625
42,53,5,6,9,18,96,97,8,0.05
42,54,6,6,8,17,78,77,9,0.05625
42,55,7,6,1,13,54,54,8,0.05
42,56,0,7,12,13,42,40,5,0.03125
42,57,1,7,12,19,72,76,8,0.05
42,58,2,7,20,10,77,80,7,0.04375
42,59,3,7,24,15,96,94,6,0.0375
42,60,4,7,27,19,106,105,4,0.025
42,61,5,7,16,18,87,85,7,0.04375
42,62,6,7,10,18,56,58,7,0.04375
42,63,7,7,11,15,35,39,4,0.025
43,0,0,0,10,19,39,41,4,0.025
43,1,1,0,2,22,56,56,7,0.04375
43,2,2,0,13,15,71,71,9,0.05625
43,3,3,0,30,14,96,93,7,0.04375
43,4,4,0,40,16,105,110,5,0.03125
43,5,5,0,25,27,103,105,5,0.03125
43,6,6,0,8,18,62,64,6,0.0375
43,7,7,0,7,12,36,34,4,0.025
43,8,0,1,3,15,64,64,2,0.0125
43,9,1,1,12,15,91,97,8,0.05
43,10,2,1,21,17,102,106,8,0.05
43,11,3,1,30,30,135,136,8,0.05
43,12,4,1,27,9,108,107,7,0.04375
43,13,5,1,15,18,112,113,9,0.05625
43,14,6,1,5,16,74,78,8,0.05
43,15,7,1,4,23,60,61,4,0.025
43,16,0,2,9,20,84,80,5,0.03125
43,17,1,2,11,12,106,110,9,0.05625
43,18,2,2,19,16,117,120,6,0.0375
43,19,3,2,28,17,145,150,4,0.025
43,20,4,2,25,19,120,121,8,0.05
43,21,5,2,15,14,134,131,8,0.05
43,22,6,2,8,13,89,91,10,0.0625
43,23,7,2,10,16,80,81,4,0.025
43,24,0,3,13,15,87,88,4,0.025
43,25,1,3,11,18,123,121,14,0.0875
43,26,2,3,23,10,128,127,9,0.05625
43,27,3,3,36,12,164,161,6,0.0375
43,28,4,3,26,9,131,137,1,0.00625
43,29,5,3,16,21,149,144,8,0.05
43,30,6,3,16,16,100,101,7,0.04375
43,31,7,3,8,15,83,84,4,0.025
43,32,0,4,7,19,84,83,6,0.0375
43,33,1,4,5,18,103,108,8,0.05
43,34,2,4,16,12,106,108,6,0.0375
43,35,3,4,27,15,139,142,5,0.03125
43,36,4,4,26,15,145,151,3,0.01875
43,37,5,4,25,15,149,150,7,0.04375
43,38,6,4,11,20,103,103,6,0.0375
43,39,7,4,14,19,96,97,5,0.03125
43,40,0,5,10,14,80,78,5,0.03125
43,41,1,5,8,11,93,93,6,0.0375
43,42,2,5,21,8,107,105,8,0.05
43,43,3,5,36,18,139,141,7,0.04375
43,44,4,5,21,17,134,133,8,0.05
43,45,5,5,13,18,117,120,7,0.04375
43,46,6,5,3,15,81,80,9,0.05625
43,47,7,5,4,22,78,77,5,0.03125
43,48,0,6,6,20,62,66,4,0.025
43,49,1,6,9,15,71,70,8,0.05
43,50,2,6,22,14,83,87,7,0.04375
43,51,3,6,20,13,94,96,6,0.0375
43,52,4,6,19,18,103,106,7,0.04375
43,53,5,6,13,16,99,98,9,0.05625
43,54,6,6,6,14,79,77,10,0.0625
43,55,7,6,6,14,57,61,4,0.025
43,56,0,7,13,13,41,43,4,0.025
43,57,1,7,15,22,60,61,7,0.04375
43,58,2,7,13,14,65,66,6,0.0375
43,59,3,7,34,10,83,79,10,0.0625
43,60,4,7,11,15,75,73,8,0.05
43,61,5,7,11,19,70,68,9,0.05625
43,62,6,7,4,24,57,57,8,0.05
43,63,7,7,4,14,34,33,5,0.03125
44,0,0,0,6,18,38,37,5,0.03125
44,1,1,0,14,9,55,56,7,0.04375
44,2,2,0,15,15,77,79,7,0.04375
44,3,3,0,24,16,99,100,8,0.05
44,4,4,0,28,14,103,99,9,0.05625
44,5,5,0,27,16,90,87,8,0.05
44,6,6,0,10,11,54,56,5,0.03125
44,7,7,0,9,14,40,39,3,0.01875
44,8,0,1,9,19,66,66,4,0.025
44,9,1,1,2,14,75,72,8,0.05
44,10,2,1,13,13,94,96,5,0.03125
44,11,3,1,15,27,123,125,6,0.0375
44,12,4,1,31,17,119,121,5,0.03125
44,13,5,1,22,19,106,107,9,0.05625
44,14,6,1,17,10,70,70,7,0.04375
44,15,7,1,5,14,55,55,3,0.01875
44,16,0,2,15,16,86,88,5,0.03125
44,17,1,2,4,15,79,79,7,0.04375
44,18,2,2,16,21,109,110,6,0.0375
44,19,3,2,31,15,150,145,7,0.04375
44,20,4,2,32,19,131,132,7,0.04375
44,21,5,2,26,9,122,121,8,0.05
44,22,6,2,8,17,92,92,9,0.05625
44,23,7,2,10,14,78,76,5,0.03125
44,24,0,3,9,17,91,88,6,0.0375
44,25,1,3,5,8,83,87,9,0.05625
44,26,2,3,13,15,112,113,9,0.05625
44,27,3,3,27,11,146,144,10,0.0625
44,28,4,3,27,15,136,131,4,0.025
44,29,5,3,31,10,134,139,4,0.025
44,30,6,3,5,19,99,98,8,0.05
44,31,7,3,14,23,97,96,4,0.025
44,32,0,4,10,12,83,84,5,0.03125
44,33,1,4,17,18,97,97,7,0.04375
44,34,2,4,14,11,107,104,8,0.05
44,35,3,4,21,10,146,144,7,0.04375
44,36,4,4,33,14,140,138,7,0.04375
44,37,5,4,28,17,145,145,8,0.05
44,38,6,4,14,11,105,101,10,0.0625
44,39,7,4,12,15,100,97,8,0.05
44,40,0,5,10,15,82,80,6,0.0375
44,41,1,5,12,13,100,99,8,0.05
44,42,2,5,17,19,118,119,6,0.0375
44,43,3,5,32,24,154,156,6,0.0375
44,44,4,5,31,9,133,133,8,0.05
44,45,5,5,11,18,119,117,9,0.05625
44,46,6,5,2,6,80,79,10,0.0625
44,47,7,5,10,20,83,79,10,0.0625
44,48,0,6,11,21,65,65,5,0.03125
44,49,1,6,8,16,81,83,7,0.04375
44,50,2,6,19,12,96,96,7,0.04375
44,51,3,6,29,18,122,119,9,0.05625
44,52,4,6,23,14,99,98,8,0.05
44,53,5,6,10,24,88,89,8,0.05
44,54,6,6,6,15,61,64,7,0.04375
44,55,7,6,5,12,57,56,6,0.0375
44,56,0,7,9,15,38,37,5,0.03125
44,57,1,7,9,21,61,58,8,0.05
44,58,2,7,24,10,66,64,7,0.04375
44,59,3,7,24,15,81,85,7,0.04375
44,60,4,7,22,14,84,83,8,0.05
44,61,5,7,12,18,71,73,8,0.05
44,62,6,7,4,19,57,57,8,0.05
44,63,7,7,3,17,41,40,5,0.03125
45,0,0,0,3,16,30,30,4,0.025
45,1,1,0,6,13,44,44,7,0.04375
45,2,2,0,13,15,67,66,8,0.05
45,3,3,0,22,22,95,93,8,0.05
45,4,4,0,38,9,95,97,7,0.04375
45,5,5,0,28,18,90,91,7,0.04375
45,6,6,0,15,13,62,61,7,0.04375
45,7,7,0,9,18,33,34,4,0.025
45,8,0,1,5,21,67,66,4,0.025
45,9,1,1,9,18,81,85,6,0.0375
45,10,2,1,13,12,100,99,5,0.03125
45,11,3,1,33,29,135,132,8,0.05
45,12,4,1,32,12,107,107,7,0.04375
45,13,5,1,17,9,98,97,9,0.05625
45,14,6,1,4,15,82,80,9,0.05625
45,15,7,1,11,18,61,59,5,0.03125
45,16,0,2,3,19,74,74,5,0.03125
45,17,1,2,8,7,82,84,7,0.04375
45,18,2,2,8,15,106,102,8,0.05
45,19,3,2,13,16,126,128,8,0.05
45,20,4,2,35,18,135,136,6,0.0375
45,21,5,2,28,12,127,129,7,0.04375
45,22,6,2,11,9,105,104,7,0.04375
45,23,7,2,15,16,89,88,7,0.04375
45,24,0,3,7,10,75,76,5,0.03125
45,25,1,3,10,12,99,101,7,0.04375
45,26,2,3,22,18,135,136,7,0.04375
45,27,3,3,29,5,148,153,5,0.03125
45,28,4,3,35,15,144,141,8,0.05
45,29,5,3,17,17,130,124,9,0.05625
45,30,6,3,5,13,94,92,8,0.05
45,31,7,3,7,15,93,92,5,0.03125
45,32,0,4,5,12,77,77,5,0.03125
45,33,1,4,2,14,86,84,10,0.0625
45,34,2,4,14,17,110,107,8,0.05
45,35,3,4,29,17,140,140,7,0.04375
45,36,4,4,29,10,142,140,8,0.05
45,37,5,4,13,20,128,128,7,0.04375
45,38,6,4,12,18,102,104,9,0.05625
45,39,7,4,10,23,94,99,4,0.025
45,40,0,5,11,12,76,80,4,0.025
45,41,1,5,9,16,98,98,9,0.05625
45,42,2,5,26,19,122,122,6,0.0375
45,43,3,5,24,15,133,133,7,0.04375
45,44,4,5,35,9,126,127,7,0.04375
45,45,5,5,16,13,115,116,6,0.0375
45,46,6,5,15,16,104,103,10,0.0625
45,47,7,5,6,11,81,86,5,0.03125
45,48,0,6,5,18,52,53,4,0.025
45,49,1,6,5,14,65,63,6,0.0375
45,50,2,6,18,8,75,78,3,0.01875
45,51,3,6,27,11,94,92,10,0.0625
45,52,4,6,30,15,98,100,7,0.04375
45,53,5,6,16,19,83,84,7,0.04375
45,54,6,6,1,15,62,62,7,0.04375
45,55,7,6,4,20,57,57,6,0.0375
45,56,0,7,8,14,32,33,4,0.025
45,57,1,7,10,17,48,52,6,0.0375
45,58,2,7,21,9,64,64,7,0.04375
45,59,3,7,30,12,79,79,6,0.0375
45,60,4,7,7,11,62,62,8,0.05
45,61,5,7,4,17,48,48,8,0.05
45,62,6,7,1,16,37,36,8,0.05
45,63,7,7,2,17,25,27,4,0.025
46,0,0,0,5,10,27,27,4,0.025
46,1,1,0,3,18,57,55,9,0.05625
46,2,2,0,14,12,66,65,9,0.05625
46,3,3,0,18,8,76,78,7,0.04375
46,4,4,0,25,17,89,89,7,0.04375
46,5,5,0,28,16,87,87,6,0.0375
46,6,6,0,12,14,57,58,6,0.0375
46,7,7,0,12,16,36,36,4,0.025
46,8,0,1,3,12,44,45,4,0.025
46,9,1,1,6,13,85,78,11,0.06875
46,10,2,1,12,14,90,88,9,0.05625
46,11,3,1,20,25,112,114,8,0.05
46,12,4,1,26,14,110,111,5,0.03125
46,13,5,1,20,15,105,105,8,0.05
46,14,6,1,12,13,82,81,10,0.0625
46,15,7,1,8,20,61,61,5,0.03125
46,16,0,2,6,13,62,61,5,0.03125
46,17,1,2,4,19,97,94,9,0.05625
46,18,2,2,16,13,101,104,7,0.04375
46,19,3,2,35,15,139,140,6,0.0375
46,20,4,2,33,24,143,142,8,0.05
46,21,5,2,28,14,132,129,9,0.05625
46,22,6,2,18,16,106,107,10,0.0625
46,23,7,2,11,17,82,82,6,0.0375
46,24,0,3,5,17,76,76,5,0.03125
46,25,1,3,5,19,104,101,10,0.0625
46,26,2,3,14,13,115,114,8,0.05
46,27,3,3,35,24,160,153,12,0.075
46,28,4,3,27,13,146,148,5,0.03125
46,29,5,3,19,13,134,140,5,0.03125
46,30,6,3,16,15,114,115,7,0.04375
46,31,7,3,10,11,93,92,7,0.04375
46,32,0,4,5,13,78,79,5,0.03125
46,33,1,4,10,20,99,102,8,0.05
46,34,2,4,21,16,127,127,9,0.05625
46,35,3,4,32,14,159,159,7,0.04375
46,36,4,4,35,19,155,154,8,0.05
46,37,5,4,20,13,122,123,7,0.04375
46,38,6,4,7,14,97,97,10,0.0625
46,39,7,4,6,22,94,89,8,0.05
46,40,0,5,8,11,80,79,5,0.03125
46,41,1,5,10,9,97,97,8,0.05
46,42,2,5,26,25,138,135,10,0.0625
46,43,3,5,28,12,148,142,10,0.0625
46,44,4,5,28,18,145,144,9,0.05625
46,45,5,5,15,20,119,118,8,0.05
46,46,6,5,5,16,90,92,9,0.05625
46,47,7,5,7,13,79,77,7,0.04375
46,48,0,6,7,21,64,64,4,0.025
46,49,1,6,13,20,76,77,8,0.05
46,50,2,6,21,16,103,99,8,0.05
46,51,3,6,26,21,118,124,6,0.0375
46,52,4,6,29,20,121,119,7,0.04375
46,53,5,6,8,23,97,97,7,0.04375
46,54,6,6,12,9,79,79,8,0.05
46,55,7,6,8,14,65,67,5,0.03125
46,56,0,7,9,20,41,40,4,0.025
46,57,1,7,15,12,64,62,7,0.04375
46,58,2,7,29,13,88,88,7,0.04375
46,59,3,7,33,14,104,106,5,0.03125
46,60,4,7,21,16,95,98,5,0.03125
46,61,5,7,14,16,76,76,7,0.04375
46,62,6,7,7,20,57,58,7,0.04375
46,63,7,7,5,20,38,37,5,0.03125
47,0,0,0,27,28,75,75,4,0.025
47,1,1,0,29,30,112,115,5,0.03125
47,2,2,0,26,25,135,141,3,0.01875
47,3,3,0,34,34,159,163,4,0.025
47,4,4,0,31,26,144,146,4,0.025
47,5,5,0,26,28,135,136,6,0.0375
47,6,6,0,21,17,104,99,10,0.0625
47,7,7,0,19,28,70,66,6,0.0375
47,8,0,1,25,28,107,107,4,0.025
47,9,1,1,26,29,146,149,11,0.06875
47,10,2,1,25,31,185,182,12,0.075
47,11,3,1,27,43,212,210,10,0.0625
47,12,4,1,31,22,182,182,6,0.0375
47,13,5,1,29,23,185,190,5,0.03125
47,14,6,1,24,32,151,155,6,0.0375
47,15,7,1,19,21,105,106,3,0.01875
47,16,0,2,25,19,123,125,4,0.025
47,17,1,2,20,22,166,165,11,0.06875
47,18,2,2,24,18,201,200,7,0.04375
47,19,3,2,28,22,228,226,5,0.03125
47,20,4,2,33,26,214,213,8,0.05
47,21,5,2,25,22,204,207,6,0.0375
47,22,6,2,20,26,176,178,7,0.04375
47,23,7,2,26,21,126,128,5,0.03125
47,24,0,3,24,21,135,132,7,0.04375
47,25,1,3,26,25,183,183,10,0.0625
47,26,2,3,24,17,209,209,7,0.04375
47,27,3,3,26,24,229,235,5,0.03125
47,28,4,3,29,22,217,218,4,0.025
47,29,5,3,26,22,209,206,8,0.05
47,30,6,3,21,21,176,176,9,0.05625
47,31,7,3,20,18,129,128,7,0.04375
47,32,0,4,22,19,134,131,7,0.04375
47,33,1,4,20,20,178,176,7,0.04375
47,34,2,4,27,29,206,208,9,0.05625
47,35,3,4,34,33,235,238,4,0.025
47,36,4,4,24,27,217,219,7,0.04375
47,37,5,4,23,22,201,202,5,0.03125
47,38,6,4,17,28,172,169,10,0.0625
47,39,7,4,27,23,139,141,7,0.04375
47,40,0,5,15,27,119,119,4,0.025
47,41,1,5,18,26,151,152,7,0.04375
47,42,2,5,26,25,177,179,9,0.05625
47,43,3,5,28,21,206,207,11,0.06875
47,44,4,5,28,18,204,208,5,0.03125
47,45,5,5,32,30,194,191,8,0.05
47,46,6,5,16,24,156,160,6,0.0375
47,47,7,5,25,21,129,132,2,0.0125
47,48,0,6,19,24,101,100,4,0.025
47,49,1,6,22,20,150,151,7,0.04375
47,50,2,6,22,20,164,162,9,0.05625
47,51,3,6,30,21,186,180,11,0.06875
47,52,4,6,25,29,183,182,8,0.05
47,53,5,6,21,22,144,139,12,0.075
47,54,6,6,17,25,126,127,8,0.05
47,55,7,6,20,27,103,102,4,0.025
47,56,0,7,23,21,59,59,5,0.03125
47,57,1,7,20,32,109,109,7,0.04375
47,58,2,7,24,28,131,132,5,0.03125
47,59,3,7,31,20,142,142,4,0.025
47,60,4,7,36,28,153,151,7,0.04375
47,61,5,7,24,21,123,120,10,0.0625
47,62,6,7,22,20,98,98,8,0.05
47,63,7,7,19,25,65,65,5,0.03125
48,0,0,0,16,16,42,42,3,0.01875
48,1,1,0,10,20,65,64,5,0.03125
48,2,2,0,21,13,83,79,7,0.04375
48,3,3,0,29,13,92,87,8,0.05
48,4,4,0,27,11,91,89,7,0.04375
48,5,5,0,12,29,89,88,7,0.04375
48,6,6,0,3,8,47,49,9,0.05625
48,7,7,0,6,19,37,41,4,0.025
48,8,0,1,9,10,51,52,3,0.01875
48,9,1,1,4,13,75,73,11,0.06875
48,10,2,1,19,11,88,91,9,0.05625
48,11,3,1,31,31,113,113,9,0.05625
48,12,4,1,20,10,96,94,8,0.05
48,13,5,1,10,16,96,91,8,0.05
48,14,6,1,4,15,64,61,9,0.05625
48,15,7,1,5,16,61,60,5,0.03125
48,16,0,2,4,15,65,63,5,0.03125
48,17,1,2,13,13,103,100,12,0.075
48,18,2,2,19,14,116,115,9,0.05625
48,19,3,2,23,16,139,137,9,0.05625
48,20,4,2,30,16,136,139,6,0.0375
48,21,5,2,28,17,143,143,8,0.05
48,22,6,2,18,17,96,94,9,0.05625
48,23,7,2,9,22,86,83,6,0.0375
48,24,0,3,6,15,75,79,4,0.025
48,25,1,3,9,16,114,113,10,0.0625
48,26,2,3,12,9,118,115,11,0.06875
48,27,3,3,26,11,143,142,6,0.0375
48,28,4,3,38,8,137,137,5,0.03125
48,29,5,3,26,19,148,151,6,0.0375
48,30,6,3,10,9,99,98,10,0.0625
48,31,7,3,10,14,85,86,5,0.03125
48,32,0,4,6,12,77,78,4,0.025
48,33,1,4,10,13,110,111,8,0.05
48,34,2,4,25,15,118,122,6,0.0375
48,35,3,4,31,12,146,142,8,0.05
48,36,4,4,30,12,141,139,8,0.05
48,37,5,4,12,15,137,134,8,0.05
48,38,6,4,7,14,99,101,9,0.05625
48,39,7,4,5,22,83,84,5,0.03125
48,40,0,5,6,13,62,62,5,0.03125
48,41,1,5,9,18,100,99,9,0.05625
48,42,2,5,12,14,97,98,7,0.04375
48,43,3,5,31,17,132,136,7,0.04375
48,44,4,5,28,15,145,142,7,0.04375
48,45,5,5,16,13,138,137,11,0.06875
48,46,6,5,13,14,108,106,7,0.04375
48,47,7,5,18,6,80,79,4,0.025
48,48,0,6,9,12,49,48,5,0.03125
48,49,1,6,1,23,68,66,8,0.05
48,50,2,6,10,17,68,69,7,0.04375
48,51,3,6,26,12,96,100,7,0.04375
48,52,4,6,19,14,107,104,12,0.075
48,53,5,6,22,17,106,107,12,0.075
48,54,6,6,7,17,74,75,7,0.04375
48,55,7,6,5,15,49,50,4,0.025
48,56,0,7,7,14,35,35,4,0.025
48,57,1,7,3,15,52,52,8,0.05
48,58,2,7,7,9,60,59,8,0.05
48,59,3,7,19,13,80,79,5,0.03125
48,60,4,7,26,21,90,92,5,0.03125
48,61,5,7,26,19,73,75,9,0.05625
48,62,6,7,7,19,48,49,6,0.0375
48,63,7,7,12,21,37,37,4,0.025
49,0,0,0,10,15,46,48,2,0.0125
49,1,1,0,11,15,69,69,7,0.04375
49,2,2,0,24,9,83,83,5,0.03125
49,3,3,0,30,17,102,105,4,0.025
49,4,4,0,30,10,94,96,4,0.025
49,5,5,0,18,23,85,86,6,0.0375
49,6,6,0,6,9,54,54,8,0.05
49,7,7,0,4,20,41,39,5,0.03125
49,8,0,1,14,27,79,76,5,0.03125
49,9,1,1,14,19,92,95,8,0.05
49,10,2,1,31,14,114,110,13,0.08125
49,11,3,1,18,28,119,123,5,0.03125
49,12,4,1,16,16,101,101,7,0.04375
49,13,5,1,7,24,98,102,6,0.0375
49,14,6,1,4,9,64,65,8,0.05
49,15,7,1,7,16,62,63,4,0.025
49,16,0,2,8,15,72,73,5,0.03125
49,17,1,2,7,15,91,98,6,0.0375
49,18,2,2,13,14,110,108,9,0.05625
49,19,3,2,30,10,132,132,9,0.05625
49,20,4,2,31,10,129,128,6,0.0375
49,21,5,2,16,14,121,122,6,0.0375
49,22,6,2,1,16,81,83,7,0.04375
49,23,7,2,10,7,69,72,5,0.03125
49,24,0,3,11,13,76,76,4,0.025
49,25,1,3,11,11,111,117,6,0.0375
49,26,2,3,21,8,124,128,6,0.0375
49,27,3,3,37,24,154,156,5,0.03125
49,28,4,3,24,21,141,138,8,0.05
49,29,5,3,18,13,135,131,8,0.05
49,30,6,3,7,16,89,90,9,0.05625
49,31,7,3,5,21,81,82,5,0.03125
49,32,0,4,8,18,80,82,5,0.03125
49,33,1,4,9,21,116,116,9,0.05625
49,34,2,4,16,24,124,119,10,0.0625
49,35,3,4,28,10,136,137,4,0.025
49,36,4,4,31,14,146,145,9,0.05625
49,37,5,4,27,12,135,137,8,0.05
49,38,6,4,8,20,92,94,8,0.05
49,39,7,4,5,20,84,85,4,0.025
49,40,0,5,3,15,67,66,4,0.025
49,41,1,5,5,16,92,92,8,0.05
49,42,2,5,21,23,103,105,5,0.03125
49,43,3,5,20,15,110,110,7,0.04375
49,44,4,5,31,13,135,136,5,0.03125
49,45,5,5,24,8,120,122,9,0.05625
49,46,6,5,12,8,82,81,8,0.05
49,47,7,5,10,11,81,78,7,0.04375
49,48,0,6,3,18,44,46,4,0.025
49,49,1,6,3,14,68,67,8,0.05
49,50,2,6,13,13,78,78,9,0.05625
49,51,3,6,15,13,80,74,12,0.075
49,52,4,6,21,11,97,101,8,0.05
49,53,5,6,20,25,93,98,5,0.03125
49,54,6,6,7,18,64,63,8,0.05
49,55,7,6,10,18,64,65,3,0.01875
49,56,0,7,7,11,29,29,4,0.025
49,57,1,7,12,16,60,59,8,0.05
49,58,2,7,13,11,80,78,9,0.05625
49,59,3,7,31,8,86,82,9,0.05625
49,60,4,7,29,22,98,95,9,0.05625
49,61,5,7,23,15,75,74,9,0.05625
49,62,6,7,14,14,55,55,7,0.04375
49,63,7,7,5,18,35,36,4,0.025
50,0,0,0,14,17,43,42,3,0.01875
50,1,1,0,12,16,58,58,6,0.0375
50,2,2,0,17,25,94,97,4,0.025
50,3,3,0,30,12,109,110,4,0.025
50,4,4,0,30,13,106,107,4,0.025
50,5,5,0,22,15,85,85,5,0.03125
50,6,6,0,13,13,55,58,6,0.0375
50,7,7,0,8,23,40,42,3,0.01875
50,8,0,1,11,10,66,67,5,0.03125
50,9,1,1,12,23,97,98,8,0.05
50,10,2,1,39,14,131,136,5,0.03125
50,11,3,1,24,35,145,148,3,0.01875
50,12,4,1,19,13,109,108,8,0.05
50,13,5,1,14,15,95,92,8,0.05
50,14,6,1,6,18,73,73,8,0.05
50,15,7,1,3,13,54,54,5,0.03125
50,16,0,2,8,10,77,75,6,0.0375
50,17,1,2,7,15,93,90,8,0.05
50,18,2,2,22,22,131,135,6,0.0375
50,19,3,2,38,13,160,162,8,0.05
50,20,4,2,27,21,142,140,9,0.05625
50,21,5,2,16,19,126,124,6,0.0375
50,22,6,2,15,22,104,101,10,0.0625
50,23,7,2,5,14,70,69,6,0.0375
50,24,0,3,7,14,87,89,2,0.0125
50,25,1,3,3,21,102,101,7,0.04375
50,26,2,3,17,13,129,129,8,0.05
50,27,3,3,26,12,153,148,8,0.05
50,28,4,3,34,17,151,150,9,0.05625
50,29,5,3,24,20,141,141,9,0.05625
50,30,6,3,9,16,119,118,9,0.05625
50,31,7,3,12,18,91,89,7,0.04375
50,32,0,4,8,12,87,86,5,0.03125
50,33,1,4,7,13,103,100,10,0.0625
50,34,2,4,10,9,120,122,9,0.05625
50,35,3,4,19,29,154,151,10,0.0625
50,36,4,4,35,15,149,150,8,0.05
50,37,5,4,31,14,150,150,8,0.05
50,38,6,4,8,20,120,119,8,0.05
50,39,7,4,15,13,92,89,7,0.04375
50,40,0,5,10,14,79,77,8,0.05
50,41,1,5,10,12,98,96,9,0.05625
50,42,2,5,21,15,122,121,7,0.04375
50,43,3,5,28,18,152,151,8,0.05
50,44,4,5,30,21,143,142,6,0.0375
50,45,5,5,16,17,114,119,6,0.0375
50,46,6,5,9,13,85,84,9,0.05625
50,47,7,5,8,21,73,75,4,0.025
50,48,0,6,1,22,58,58,4,0.025
50,49,1,6,11,17,76,77,8,0.05
50,50,2,6,10,17,88,88,8,0.05
50,51,3,6,35,19,124,128,8,0.05
50,52,4,6,34,16,132,135,4,0.025
50,53,5,6,21,20,118,120,4,0.025
50,54,6,6,6,12,76,76,6,0.0375
50,55,7,6,6,13,63,61,5,0.03125
50,56,0,7,9,16,39,38,5,0.03125
50,57,1,7,5,15,51,54,6,0.0375
50,58,2,7,9,13,58,60,7,0.04375
50,59,3,7,22,10,79,81,6,0.0375
50,60,4,7,22,18,101,106,3,0.01875
50,61,5,7,24,23,98,103,5,0.03125
50,62,6,7,9,13,57,58,5,0.03125
50,63,7,7,17,19,47,46,4,0.025
51,0,0,0,8,21,38,40,1,0.00625
51,1,1,0,13,19,70,72,5,0.03125
51,2,2,0,24,22,99,95,8,0.05
51,3,3,0,34,18,113,113,5,0.03125
51,4,4,0,28,18,112,108,7,0.04375
51,5,5,0,25,18,95,93,7,0.04375
51,6,6,0,8,10,59,57,8,0.05
51,7,7,0,9,20,43,42,5,0.03125
51,8,0,1,10,14,55,58,1,0.00625
51,9,1,1,11,21,88,89,7,0.04375
51,10,2,1,25,17,116,116,6,0.0375
51,11,3,1,32,35,150,148,3,0.01875
51,12,4,1,39,16,135,137,7,0.04375
51,13,5,1,14,12,103,103,9,0.05625
51,14,6,1,10,21,95,90,13,0.08125
51,15,7,1,11,15,67,68,3,0.01875
51,16,0,2,10,17,83,83,6,0.0375
51,17,1,2,8,22,110,112,7,0.04375
51,18,2,2,19,12,125,126,5,0.03125
51,19,3,2,36,16,167,168,6,0.0375
51,20,4,2,25,10,146,148,7,0.04375
51,21,5,2,20,17,121,120,9,0.05625
51,22,6,2,8,20,112,112,10,0.0625
51,23,7,2,11,12,81,82,4,0.025
51,24,0,3,12,25,104,99,7,0.04375
51,25,1,3,9,15,115,112,8,0.05
51,26,2,3,23,17,134,135,6,0.0375
51,27,3,3,22,19,159,164,5,0.03125
51,28,4,3,32,24,152,157,4,0.025
51,29,5,3,14,15,115,117,6,0.0375
51,30,6,3,11,18,107,107,9,0.05625
51,31,7,3,4,16,77,81,4,0.025
51,32,0,4,1,15,82,82,6,0.0375
51,33,1,4,9,7,93,94,11,0.06875
51,34,2,4,12,21,112,115,5,0.03125
51,35,3,4,26,12,155,152,11,0.06875
51,36,4,4,31,25,157,160,6,0.0375
51,37,5,4,25,14,138,135,8,0.05
51,38,6,4,13,19,125,126,8,0.05
51,39,7,4,11,17,90,93,4,0.025
51,40,0,5,7,15,79,82,4,0.025
51,41,1,5,8,21,96,96,9,0.05625
51,42,2,5,20,11,115,114,6,0.0375
51,43,3,5,40,14,160,161,7,0.04375
51,44,4,5,29,18,145,146,7,0.04375
51,45,5,5,20,13,110,106,9,0.05625
51,46,6,5,8,13,94,94,10,0.0625
51,47,7,5,11,20,85,86,4,0.025
51,48,0,6,11,26,74,74,4,0.025
51,49,1,6,11,19,85,85,9,0.05625
51,50,2,6,16,14,101,103,7,0.04375
51,51,3,6,42,23,136,134,10,0.0625
51,52,4,6,23,11,114,112,6,0.0375
51,53,5,6,12,9,88,85,7,0.04375
51,54,6,6,9,17,84,78,10,0.0625
51,55,7,6,7,18,67,69,4,0.025
51,56,0,7,7,11,36,38,4,0.025
51,57,1,7,12,13,64,60,9,0.05625
51,58,2,7,23,17,82,82,7,0.04375
51,59,3,7,36,15,97,97,6,0.0375
51,60,4,7,24,21,93,89,6,0.0375
51,61,5,7,11,13,70,68,6,0.0375
51,62,6,7,10,15,56,56,6,0.0375
51,63,7,7,3,24,40,42,3,0.01875
52,0,0,0,8,9,30,28,4,0.025
52,1,1,0,5,21,59,57,6,0.0375
52,2,2,0,19,19,80,84,5,0.03125
52,3,3,0,29,11,96,96,3,0.01875
52,4,4,0,27,17,109,113,3,0.01875
52,5,5,0,24,17,98,103,3,0.01875
52,6,6,0,9,7,58,60,5,0.03125
52,7,7,0,12,14,43,43,4,0.025
52,8,0,1,15,21,63,58,6,0.0375
52,9,1,1,11,16,92,91,9,0.05625
52,10,2,1,22,20,118,117,7,0.04375
52,11,3,1,30,31,131,130,6,0.0375
52,12,4,1,25,15,120,118,8,0.05
52,13,5,1,21,15,109,108,8,0.05
52,14,6,1,11,14,69,76,6,0.0375
52,15,7,1,5,19,61,60,4,0.025
52,16,0,2,7,18,63,64,6,0.0375
52,17,1,2,13,18,108,106,8,0.05
52,18,2,2,19,12,124,120,8,0.05
52,19,3,2,29,18,144,142,8,0.05
52,20,4,2,28,13,134,131,8,0.05
52,21,5,2,17,22,122,123,7,0.04375
52,22,6,2,7,18,89,91,8,0.05
52,23,7,2,6,15,70,71,4,0.025
52,24,0,3,8,24,78,82,3,0.01875
52,25,1,3,9,16,121,124,6,0.0375
52,26,2,3,27,21,143,143,4,0.025
52,27,3,3,28,7,149,147,5,0.03125
52,28,4,3,30,16,155,152,7,0.04375
52,29,5,3,18,11,132,129,9,0.05625
52,30,6,3,5,25,105,104,10,0.0625
52,31,7,3,7,17,81,79,5,0.03125
52,32,0,4,10,13,79,80,3,0.01875
52,33,1,4,7,8,116,117,10,0.0625
52,34,2,4,18,12,127,125,8,0.05
52,35,3,4,33,14,154,160,8,0.05
52,36,4,4,29,15,161,160,6,0.0375
52,37,5,4,19,17,130,132,9,0.05625
52,38,6,4,8,20,108,107,9,0.05625
52,39,7,4,12,8,81,80,5,0.03125
52,40,0,5,10,17,71,70,5,0.03125
52,41,1,5,5,17,104,103,12,0.075
52,42,2,5,23,15,118,118,7,0.04375
52,43,3,5,34,18,142,137,10,0.0625
52,44,4,5,28,22,141,141,5,0.03125
52,45,5,5,20,18,133,129,12,0.075
52,46,6,5,7,16,109,111,8,0.05
52,47,7,5,8,15,76,75,5,0.03125
52,48,0,6,6,16,56,56,3,0.01875
52,49,1,6,9,24,87,83,12,0.075
52,50,2,6,17,21,103,102,7,0.04375
52,51,3,6,30,16,116,118,9,0.05625
52,52,4,6,29,15,116,114,7,0.04375
52,53,5,6,17,18,107,108,7,0.04375
52,54,6,6,12,22,85,91,8,0.05
52,55,7,6,5,17,60,59,5,0.03125
52,56,0,7,10,13,38,37,3,0.01875
52,57,1,7,0,14,46,48,7,0.04375
52,58,2,7,16,15,71,71,8,0.05
52,59,3,7,34,14,95,94,8,0.05
52,60,4,7,30,16,96,97,7,0.04375
52,61,5,7,16,15,88,88,6,0.0375
52,62,6,7,15,20,70,70,6,0.0375
52,63,7,7,10,19,45,44,4,0.025
53,0,0,0,23,26,66,67,3,0.01875
53,1,1,0,19,23,99,97,8,0.05
53,2,2,0,28,19,133,130,7,0.04375
53,3,3,0,31,21,151,149,6,0.0375
53,4,4,0,27,21,146,146,3,0.01875
53,5,5,0,31,22,139,137,6,0.0375
53,6,6,0,26,23,110,111,4,0.025
53,7,7,0,30,20,74,74,5,0.03125
53,8,0,1,17,21,90,88,6,0.0375
53,9,1,1,19,26,127,129,6,0.0375
53,10,2,1,34,20,162,163,6,0.0375
53,11,3,1,25,54,207,202,9,0.05625
53,12,4,1,32,27,187,190,5,0.03125
53,13,5,1,28,30,179,177,10,0.0625
53,14,6,1,24,30,144,141,9,0.05625
53,15,7,1,21,23,108,102,11,0.06875
53,16,0,2,26,16,127,123,8,0.05
53,17,1,2,19,28,171,171,10,0.0625
53,18,2,2,30,32,199,200,8,0.05
53,19,3,2,32,22,235,239,5,0.03125
53,20,4,2,31,25,212,212,8,0.05
53,21,5,2,28,28,202,200,9,0.05625
53,22,6,2,29,24,173,173,8,0.05
53,23,7,2,24,19,140,135,8,0.05
53,24,0,3,20,27,132,129,5,0.03125
53,25,1,3,25,23,178,174,11,0.06875
53,26,2,3,25,16,195,192,7,0.04375
53,27,3,3,29,22,237,235,8,0.05
53,28,4,3,28,29,218,220,6,0.0375
53,29,5,3,24,27,205,207,8,0.05
53,30,6,3,22,27,160,160,9,0.05625
53,31,7,3,20,26,139,141,4,0.025
53,32,0,4,26,29,141,137,9,0.05625
53,33,1,4,21,15,175,177,6,0.0375
53,34,2,4,23,30,207,207,6,0.0375
53,35,3,4,28,18,240,242,5,0.03125
53,36,4,4,30,24,229,227,9,0.05625
53,37,5,4,23,30,215,213,8,0.05
53,38,6,4,18,22,161,162,9,0.05625
53,39,7,4,24,20,143,143,5,0.03125
53,40,0,5,17,15,111,110,6,0.0375
53,41,1,5,20,23,153,156,8,0.05
53,42,2,5,22,14,181,178,9,0.05625
53,43,3,5,21,31,223,228,8,0.05
53,44,4,5,28,35,221,219,8,0.05
53,45,5,5,32,26,207,212,9,0.05625
53,46,6,5,16,25,157,155,10,0.0625
53,47,7,5,27,32,137,137,6,0.0375
53,48,0,6,17,22,89,89,4,0.025
53,49,1,6,26,28,133,135,10,0.0625
53,50,2,6,27,31,175,174,9,0.05625
53,51,3,6,28,29,199,199,9,0.05625
53,52,4,6,25,20,166,167,7,0.04375
53,53,5,6,32,27,178,173,11,0.06875
53,54,6,6,23,19,132,131,8,0.05
53,55,7,6,17,23,103,102,5,0.03125
53,56,0,7,25,26,64,65,3,0.01875
53,57,1,7,23,20,91,92,7,0.04375
53,58,2,7,30,22,125,126,6,0.0375
53,59,3,7,25,33,154,160,2,0.0125
53,60,4,7,22,16,143,143,5,0.03125
53,61,5,7,29,23,143,147,3,0.01875
53,62,6,7,26,19,110,105,9,0.05625
53,63,7,7,25,26,70,71,2,0.0125
54,0,0,0,12,18,39,38,4,0.025
54,1,1,0,5,13,54,55,8,0.05
54,2,2,0,11,20,73,74,7,0.04375
54,3,3,0,19,21,83,83,5,0.03125
54,4,4,0,23,19,91,88,6,0.0375
54,5,5,0,18,13,77,75,7,0.04375
54,6,6,0,11,10,56,54,6,0.0375
54,7,7,0,12,14,36,37,4,0.025
54,8,0,1,9,17,57,62,4,0.025
54,9,1,1,3,21,86,85,8,0.05
54,10,2,1,9,14,92,91,7,0.04375
54,11,3,1,20,26,113,115,7,0.04375
54,12,4,1,27,16,114,116,3,0.01875
54,13,5,1,26,23,112,114,8,0.05
54,14,6,1,13,16,80,81,8,0.05
54,15,7,1,9,14,61,65,6,0.0375
54,16,0,2,6,15,67,73,4,0.025
54,17,1,2,12,21,110,107,11,0.06875
54,18,2,2,17,17,125,129,5,0.03125
54,19,3,2,24,10,132,128,9,0.05625
54,20,4,2,25,13,130,132,7,0.04375
54,21,5,2,23,13,121,122,8,0.05
54,22,6,2,4,16,80,82,7,0.04375
54,23,7,2,14,20,85,87,6,0.0375
54,24,0,3,11,13,84,87,3,0.01875
54,25,1,3,6,13,119,122,7,0.04375
54,26,2,3,30,27,156,158,7,0.04375
54,27,3,3,32,14,151,153,7,0.04375
54,28,4,3,28,20,151,147,9,0.05625
54,29,5,3,17,17,139,138,8,0.05
54,30,6,3,9,19,94,96,8,0.05
54,31,7,3,10,11,83,81,6,0.0375
54,32,0,4,10,14,81,85,4,0.025
54,33,1,4,11,23,111,108,9,0.05625
54,34,2,4,20,22,136,136,8,0.05
54,35,3,4,26,15,146,143,8,0.05
54,36,4,4,34,21,157,155,9,0.05625
54,37,5,4,23,18,149,153,6,0.0375
54,38,6,4,12,18,96,95,9,0.05625
54,39,7,4,6,12,80,82,3,0.01875
54,40,0,5,9,18,80,81,5,0.03125
54,41,1,5,8,13,95,95,9,0.05625
54,42,2,5,13,16,118,121,7,0.04375
54,43,3,5,31,14,132,128,11,0.06875
54,44,4,5,30,10,140,138,10,0.0625
54,45,5,5,31,17,146,145,10,0.0625
54,46,6,5,16,20,97,96,9,0.05625
54,47,7,5,13,15,85,83,7,0.04375
54,48,0,6,6,18,60,59,4,0.025
54,49,1,6,4,17,74,74,10,0.0625
54,50,2,6,9,14,101,101,8,0.05
54,51,3,6,18,18,109,110,8,0.05
54,52,4,6,27,9,108,104,12,0.075
54,53,5,6,20,22,102,108,5,0.03125
54,54,6,6,15,11,76,78,6,0.0375
54,55,7,6,10,16,64,65,4,0.025
54,56,0,7,9,20,39,40,3,0.01875
54,57,1,7,8,20,55,55,7,0.04375
54,58,2,7,15,20,83,85,4,0.025
54,59,3,7,33,17,107,102,7,0.04375
54,60,4,7,28,19,98,97,6,0.0375
54,61,5,7,25,15,81,77,7,0.04375
54,62,6,7,12,15,65,68,8,0.05
54,63,7,7,18,23,53,54,2,0.0125
55,0,0,0,5,19,36,36,4,0.025
55,1,1,0,9,17,54,54,8,0.05
55,2,2,0,19,20,90,89,7,0.04375
55,3,3,0,41,12,112,113,4,0.025
55,4,4,0,34,11,101,100,7,0.04375
55,5,5,0,15,19,86,84,8,0.05
55,6,6,0,6,14,54,53,8,0.05
55,7,7,0,9,14,38,37,4,0.025
55,8,0,1,8,10,67,65,5,0.03125
55,9,1,1,14,17,92,92,6,0.0375
55,10,2,1,17,15,118,119,7,0.04375
55,11,3,1,39,31,148,149,7,0.04375
55,12,4,1,23,16,119,114,8,0.05
55,13,5,1,29,11,119,121,7,0.04375
55,14,6,1,10,19,97,97,8,0.05
55,15,7,1,12,22,73,76,4,0.025
55,16,0,2,5,21,88,86,4,0.025
55,17,1,2,6,14,94,98,7,0.04375
55,18,2,2,21,13,122,117,9,0.05625
55,19,3,2,31,22,149,151,8,0.05
55,20,4,2,31,12,140,141,5,0.03125
55,21,5,2,16,27,131,132,8,0.05
55,22,6,2,10,16,97,93,10,0.0625
55,23,7,2,9,17,77,79,4,0.025
55,24,0,3,11,19,93,92,4,0.025
55,25,1,3,19,19,122,119,10,0.0625
55,26,2,3,26,16,144,143,9,0.05625
55,27,3,3,32,12,155,155,7,0.04375
55,28,4,3,30,16,152,153,9,0.05625
55,29,5,3,17,27,141,140,9,0.05625
55,30,6,3,7,12,89,90,6,0.0375
55,31,7,3,2,21,79,79,5,0.03125
55,32,0,4,7,15,86,85,5,0.03125
55,33,1,4,9,22,107,109,8,0.05
55,34,2,4,14,17,120,119,8,0.05
55,35,3,4,28,17,138,141,4,0.025
55,36,4,4,30,22,151,155,7,0.04375
55,37,5,4,17,19,135,134,7,0.04375
55,38,6,4,12,14,101,101,7,0.04375
55,39,7,4,7,13,91,86,6,0.0375
55,40,0,5,1,14,73,75,3,0.01875
55,41,1,5,6,10,91,90,10,0.0625
55,42,2,5,12,15,113,113,7,0.04375
55,43,3,5,29,10,120,121,10,0.0625
55,44,4,5,29,17,128,132,7,0.04375
55,45,5,5,16,20,110,113,5,0.03125
55,46,6,5,8,14,78,81,8,0.05
55,47,7,5,13,11,80,81,5,0.03125
55,48,0,6,3,22,62,62,5,0.03125
55,49,1,6,2,17,72,74,8,0.05
55,50,2,6,10,16,94,97,6,0.0375
55,51,3,6,19,19,101,99,11,0.06875
55,52,4,6,22,17,110,117,5,0.03125
55,53,5,6,20,10,93,89,9,0.05625
55,54,6,6,16,16,71,70,7,0.04375
55,55,7,6,12,14,61,59,6,0.0375
55,56,0,7,11,16,44,43,4,0.025
55,57,1,7,14,15,68,67,8,0.05
55,58,2,7,26,15,98,96,5,0.03125
55,59,3,7,29,10,101,99,9,0.05625
55,60,4,7,24,20,99,101,6,0.0375
55,61,5,7,23,13,77,76,7,0.04375
55,62,6,7,11,7,41,41,8,0.05
55,63,7,7,8,16,35,33,4,0.025
56,0,0,0,10,17,47,45,6,0.0375
56,1,1,0,13,14,66,65,9,0.05625
56,2,2,0,23,19,96,97,5,0.03125
56,3,3,0,33,16,110,113,3,0.01875
56,4,4,0,34,14,106,107,6,0.0375
56,5,5,0,13,14,72,74,8,0.05
56,6,6,0,9,21,63,63,7,0.04375
56,7,7,0,8,18,36,37,4,0.025
56,8,0,1,9,13,73,71,8,0.05
56,9,1,1,8,16,79,79,8,0.05
56,10,2,1,16,20,115,115,7,0.04375
56,11,3,1,41,25,143,145,4,0.025
56,12,4,1,31,15,130,129,8,0.05
56,13,5,1,25,20,108,108,8,0.05
56,14,6,1,4,14,84,86,6,0.0375
56,15,7,1,5,21,66,64,6,0.0375
56,16,0,2,9,15,86,85,6,0.0375
56,17,1,2,7,15,93,92,9,0.05625
56,18,2,2,11,18,122,123,8,0.05
56,19,3,2,29,19,146,144,8,0.05
56,20,4,2,31,22,145,144,8,0.05
56,21,5,2,31,22,144,141,10,0.0625
56,22,6,2,11,21,114,115,9,0.05625
56,23,7,2,12,16,92,89,7,0.04375
56,24,0,3,2,18,78,78,5,0.03125
56,25,1,3,4,11,87,88,10,0.0625
56,26,2,3,14,15,127,125,9,0.05625
56,27,3,3,30,12,151,150,8,0.05
56,28,4,3,37,13,146,149,6,0.0375
56,29,5,3,20,11,139,138,9,0.05625
56,30,6,3,15,14,116,116,7,0.04375
56,31,7,3,12,18,96,96,5,0.03125
56,32,0,4,9,19,76,76,5,0.03125
56,33,1,4,11,14,97,96,9,0.05625
56,34,2,4,18,18,138,138,7,0.04375
56,35,3,4,29,18,154,153,6,0.0375
56,36,4,4,33,5,144,142,7,0.04375
56,37,5,4,19,8,137,134,8,0.05
56,38,6,4,10,9,110,109,9,0.05625
56,39,7,4,10,22,94,97,5,0.03125
56,40,0,5,8,19,66,64,4,0.025
56,41,1,5,6,19,79,81,7,0.04375
56,42,2,5,17,18,116,113,10,0.0625
56,43,3,5,29,17,129,130,8,0.05
56,44,4,5,33,16,139,136,10,0.0625
56,45,5,5,22,25,134,133,6,0.0375
56,46,6,5,7,18,105,103,9,0.05625
56,47,7,5,6,17,77,79,4,0.025
56,48,0,6,6,6,55,55,4,0.025
56,49,1,6,2,16,70,72,6,0.0375
56,50,2,6,19,9,97,92,10,0.0625
56,51,3,6,32,13,114,114,11,0.06875
56,52,4,6,26,16,119,117,7,0.04375
56,53,5,6,19,15,107,107,9,0.05625
56,54,6,6,7,22,91,90,9,0.05625
56,55,7,6,7,19,61,63,5,0.03125
56,56,0,7,7,18,36,36,4,0.025
56,57,1,7,4,14,49,49,7,0.04375
56,58,2,7,14,15,70,71,4,0.025
56,59,3,7,24,17,90,94,5,0.03125
56,60,4,7,31,14,100,97,7,0.04375
56,61,5,7,24,22,88,91,5,0.03125
56,62,6,7,7,17,61,61,8,0.05
56,63,7,7,13,17,36,37,3,0.01875
57,0,0,0,8,18,40,41,5,0.03125
57,1,1,0,9,16,63,67,5,0.03125
57,2,2,0,25,13,90,92,5,0.03125
57,3,3,0,27,18,108,103,7,0.04375
57,4,4,0,35,14,108,107,6,0.0375
57,5,5,0,17,18,94,94,6,0.0375
57,6,6,0,12,15,61,60,9,0.05625
57,7,7,0,7,11,38,37,5,0.03125
57,8,0,1,8,19,65,68,4,0.025
57,9,1,1,11,21,90,88,10,0.0625
57,10,2,1,19,16,113,109,12,0.075
57,11,3,1,31,30,143,140,8,0.05
57,12,4,1,37,13,127,126,9,0.05625
57,13,5,1,21,12,114,112,9,0.05625
57,14,6,1,9,17,88,86,8,0.05
57,15,7,1,10,20,68,63,11,0.06875
57,16,0,2,6,12,73,74,4,0.025
57,17,1,2,9,13,89,90,8,0.05
57,18,2,2,17,19,122,121,9,0.05625
57,19,3,2,33,14,147,148,6,0.0375
57,20,4,2,26,12,131,129,10,0.0625
57,21,5,2,21,17,120,120,10,0.0625
57,22,6,2,10,18,102,105,6,0.0375
57,23,7,2,7,20,76,78,5,0.03125
57,24,0,3,12,13,90,90,4,0.025
57,25,1,3,7,19,109,108,9,0.05625
57,26,2,3,12,18,130,130,9,0.05625
57,27,3,3,22,10,142,142,6,0.0375
57,28,4,3,31,16,155,151,8,0.05
57,29,5,3,25,25,145,150,6,0.0375
57,30,6,3,9,17,114,113,8,0.05
57,31,7,3,7,12,93,91,7,0.04375
57,32,0,4,9,21,92,93,5,0.03125
57,33,1,4,10,15,113,113,9,0.05625
57,34,2,4,21,16,146,145,10,0.0625
57,35,3,4,31,22,171,166,10,0.0625
57,36,4,4,26,19,147,152,5,0.03125
57,37,5,4,20,20,141,143,9,0.05625
57,38,6,4,12,14,111,113,8,0.05
57,39,7,4,9,14,98,100,2,0.0125
57,40,0,5,14,15,86,86,5,0.03125
57,41,1,5,7,16,101,102,6,0.0375
57,42,2,5,14,13,124,125,9,0.05625
57,43,3,5,23,16,139,141,5,0.03125
57,44,4,5,31,15,134,132,9,0.05625
57,45,5,5,17,14,124,122,9,0.05625
57,46,6,5,16,12,94,92,10,0.0625
57,47,7,5,8,20,89,86,7,0.04375
57,48,0,6,7,18,63,62,5,0.03125
57,49,1,6,12,16,83,82,8,0.05
57,50,2,6,15,12,106,106,9,0.05625
57,51,3,6,41,18,127,129,7,0.04375
57,52,4,6,30,13,114,116,6,0.0375
57,53,5,6,15,21,106,107,8,0.05
57,54,6,6,6,8,72,74,6,0.0375
57,55,7,6,6,19,70,67,7,0.04375
57,56,0,7,4,18,37,37,4,0.025
57,57,1,7,11,14,58,58,8,0.05
57,58,2,7,15,23,89,89,6,0.0375
57,59,3,7,36,14,101,101,6,0.0375
57,60,4,7,37,15,101,101,7,0.04375
57,61,5,7,11,17,81,78,8,0.05
57,62,6,7,11,17,62,61,9,0.05625
57,63,7,7,10,22,49,47,4,0.025
58,0,0,0,8,17,37,37,4,0.025
58,1,1,0,9,19,60,58,7,0.04375
58,2,2,0,18,14,88,83,9,0.05625
58,3,3,0,30,14,100,103,5,0.03125
58,4,4,0,25,17,105,107,4,0.025
58,5,5,0,23,22,98,100,5,0.03125
58,6,6,0,20,18,67,71,5,0.03125
58,7,7,0,11,21,43,45,3,0.01875
58,8,0,1,15,17,64,64,5,0.03125
58,9,1,1,10,21,79,81,6,0.0375
58,10,2,1,26,12,99,103,6,0.0375
58,11,3,1,19,26,110,111,7,0.04375
58,12,4,1,17,18,98,102,7,0.04375
58,13,5,1,9,19,100,101,8,0.05
58,14,6,1,4,15,73,75,7,0.04375
58,15,7,1,4,15,56,61,5,0.03125
58,16,0,2,9,22,76,77,4,0.025
58,17,1,2,10,14,92,93,8,0.05
58,18,2,2,14,21,121,123,7,0.04375
58,19,3,2,22,14,128,131,4,0.025
58,20,4,2,33,11,136,139,5,0.03125
58,21,5,2,23,15,125,129,7,0.04375
58,22,6,2,11,17,106,105,7,0.04375
58,23,7,2,10,23,88,89,5,0.03125
58,24,0,3,3,13,81,80,5,0.03125
58,25,1,3,9,18,109,108,9,0.05625
58,26,2,3,20,18,140,142,8,0.05
58,27,3,3,36,18,159,159,6,0.0375
58,28,4,3,28,19,156,157,7,0.04375
58,29,5,3,18,17,137,135,8,0.05
58,30,6,3,10,19,114,114,9,0.05625
58,31,7,3,4,15,80,84,4,0.025
58,32,0,4,5,12,80,79,5,0.03125
58,33,1,4,12,14,114,113,11,0.06875
58,34,2,4,22,13,151,149,9,0.05625
58,35,3,4,33,13,159,165,5,0.03125
58,36,4,4,27,20,155,153,7,0.04375
58,37,5,4,15,20,142,141,7,0.04375
58,38,6,4,3,17,109,109,9,0.05625
58,39,7,4,7,21,86,83,6,0.0375
58,40,0,5,9,19,77,78,4,0.025
58,41,1,5,11,9,104,103,6,0.0375
58,42,2,5,22,24,139,141,6,0.0375
58,43,3,5,29,16,144,145,5,0.03125
58,44,4,5,37,15,151,155,5,0.03125
58,45,5,5,22,17,143,147,6,0.0375
58,46,6,5,9,12,108,111,8,0.05
58,47,7,5,13,15,79,82,4,0.025
58,48,0,6,12,16,60,62,4,0.025
58,49,1,6,11,17,83,82,8,0.05
58,50,2,6,13,18,108,110,8,0.05
58,51,3,6,33,16,132,131,10,0.0625
58,52,4,6,29,20,129,126,8,0.05
58,53,5,6,15,18,109,110,6,0.0375
58,54,6,6,13,16,77,76,7,0.04375
58,55,7,6,5,17,54,57,3,0.01875
58,56,0,7,9,14,35,33,5,0.03125
58,57,1,7,6,15,54,53,8,0.05
58,58,2,7,16,17,84,82,8,0.05
58,59,3,7,29,23,112,110,6,0.0375
58,60,4,7,30,19,111,115,4,0.025
58,61,5,7,23,25,101,103,6,0.0375
58,62,6,7,14,22,68,70,6,0.0375
58,63,7,7,6,19,39,39,5,0.03125
59,0,0,0,22,27,65,67,3,0.01875
59,1,1,0,19,32,107,105,8,0.05
59,2,2,0,38,31,146,146,9,0.05625
59,3,3,0,20,26,148,152,0,0.0
59,4,4,0,27,18,136,135,6,0.0375
59,5,5,0,28,21,123,120,9,0.05625
59,6,6,0,20,28,109,107,7,0.04375
59,7,7,0,23,17,63,62,4,0.025
59,8,0,1,22,20,102,102,4,0.025
59,9,1,1,21,19,140,137,9,0.05625
59,10,2,1,22,20,169,168,8,0.05
59,11,3,1,30,41,193,194,7,0.04375
59,12,4,1,29,22,169,162,12,0.075
59,13,5,1,33,24,154,154,8,0.05
59,14,6,1,17,21,135,133,9,0.05625
59,15,7,1,23,24,91,91,6,0.0375
59,16,0,2,20,20,121,121,5,0.03125
59,17,1,2,23,28,163,164,7,0.04375
59,18,2,2,29,23,203,201,9,0.05625
59,19,3,2,35,27,227,225,6,0.0375
59,20,4,2,27,19,186,185,6,0.0375
59,21,5,2,22,29,181,184,4,0.025
59,22,6,2,16,21,160,158,8,0.05
59,23,7,2,20,22,109,104,9,0.05625
59,24,0,3,25,24,142,140,7,0.04375
59,25,1,3,26,15,181,183,9,0.05625
59,26,2,3,30,22,218,218,8,0.05
59,27,3,3,28,15,230,233,6,0.0375
59,28,4,3,33,27,222,219,8,0.05
59,29,5,3,23,22,194,194,7,0.04375
59,30,6,3,24,20,175,175,8,0.05
59,31,7,3,26,28,136,133,7,0.04375
59,32,0,4,27,19,129,129,4,0.025
59,33,1,4,18,19,171,173,9,0.05625
59,34,2,4,28,25,210,213,7,0.04375
59,35,3,4,31,32,236,232,9,0.05625
59,36,4,4,18,25,218,217,7,0.04375
59,37,5,4,23,23,186,184,10,0.0625
59,38,6,4,25,23,174,172,9,0.05625
59,39,7,4,24,21,136,139,4,0.025
59,40,0,5,19,29,118,117,6,0.0375
59,41,1,5,24,23,154,151,9,0.05625
59,42,2,5,21,30,182,183,7,0.04375
59,43,3,5,20,26,201,200,6,0.0375
59,44,4,5,28,30,211,211,8,0.05
59,45,5,5,25,19,183,181,7,0.04375
59,46,6,5,27,28,163,160,11,0.06875
59,47,7,5,26,23,133,130,7,0.04375
59,48,0,6,15,25,95,95,4,0.025
59,49,1,6,23,16,136,134,9,0.05625
59,50,2,6,22,31,166,167,7,0.04375
59,51,3,6,30,22,184,184,10,0.0625
59,52,4,6,30,24,193,191,9,0.05625
59,53,5,6,33,21,174,175,6,0.0375
59,54,6,6,23,24,138,132,13,0.08125
59,55,7,6,30,20,107,103,8,0.05
59,56,0,7,26,17,60,61,5,0.03125
59,57,1,7,21,34,110,111,8,0.05
59,58,2,7,29,25,134,134,7,0.04375
59,59,3,7,27,30,148,151,4,0.025
59,60,4,7,25,31,152,151,5,0.03125
59,61,5,7,27,32,144,142,6,0.0375
59,62,6,7,17,19,101,98,9,0.05625
59,63,7,7,26,24,69,69,5,0.03125
60,0,0,0,9,18,38,38,3,0.01875
60,1,1,0,12,18,68,71,5,0.03125
60,2,2,0,24,15,98,100,6,0.0375
60,3,3,0,30,12,111,107,5,0.03125
60,4,4,0,28,9,96,99,3,0.01875
60,5,5,0,21,21,87,89,6,0.0375
60,6,6,0,9,20,61,62,6,0.0375
60,7,7,0,6,21,35,35,4,0.025
60,8,0,1,12,19,65,65,4,0.025
60,9,1,1,9,19,94,95,9,0.05625
60,10,2,1,25,17,112,112,8,0.05
60,11,3,1,25,34,137,136,7,0.04375
60,12,4,1,28,17,108,117,4,0.025
60,13,5,1,9,19,99,99,9,0.05625
60,14,6,1,12,16,87,84,10,0.0625
60,15,7,1,4,16,58,58,5,0.03125
60,16,0,2,10,12,78,77,6,0.0375
60,17,1,2,10,20,112,110,8,0.05
60,18,2,2,21,14,131,131,9,0.05625
60,19,3,2,34,19,156,156,7,0.04375
60,20,4,2,25,10,126,125,8,0.05
60,21,5,2,13,15,114,110,9,0.05625
60,22,6,2,8,20,98,98,9,0.05625
60,23,7,2,10,17,83,86,5,0.03125
60,24,0,3,6,18,76,79,3,0.01875
60,25,1,3,5,16,100,100,10,0.0625
60,26,2,3,14,13,122,121,9,0.05625
60,27,3,3,25,18,156,153,7,0.04375
60,28,4,3,31,16,149,155,3,0.01875
60,29,5,3,19,16,142,141,7,0.04375
60,30,6,3,17,17,129,128,8,0.05
60,31,7,3,20,16,111,110,7,0.04375
60,32,0,4,13,14,86,86,6,0.0375
60,33,1,4,14,15,118,117,10,0.0625
60,34,2,4,27,12,141,140,7,0.04375
60,35,3,4,21,11,144,150,3,0.01875
60,36,4,4,30,17,145,146,4,0.025
60,37,5,4,17,16,131,134,8,0.05
60,38,6,4,10,16,107,109,8,0.05
60,39,7,4,4,25,101,100,5,0.03125
60,40,0,5,8,9,70,71,4,0.025
60,41,1,5,9,28,97,101,6,0.0375
60,42,2,5,21,21,120,118,8,0.05
60,43,3,5,16,18,118,113,12,0.075
60,44,4,5,26,16,124,123,8,0.05
60,45,5,5,25,15,128,126,7,0.04375
60,46,6,5,12,24,105,103,13,0.08125
60,47,7,5,9,13,84,86,6,0.0375
60,48,0,6,9,16,58,56,5,0.03125
60,49,1,6,2,18,61,64,8,0.05
60,50,2,6,8,14,77,76,7,0.04375
60,51,3,6,18,6,79,81,7,0.04375
60,52,4,6,14,22,88,92,5,0.03125
60,53,5,6,19,15,95,91,10,0.0625
60,54,6,6,11,13,82,85,11,0.06875
60,55,7,6,14,17,69,74,4,0.025
60,56,0,7,9,17,40,41,4,0.025
60,57,1,7,2,8,46,46,7,0.04375
60,58,2,7,13,17,69,71,6,0.0375
60,59,3,7,27,16,95,92,7,0.04375
60,60,4,7,29,12,95,94,7,0.04375
60,61,5,7,14,7,79,79,6,0.0375
60,62,6,7,16,13,70,70,8,0.05
60,63,7,7,14,17,44,45,4,0.025
61,0,0,0,13,20,49,48,4,0.025
61,1,1,0,8,13,57,54,8,0.05
61,2,2,0,21,18,82,81,7,0.04375
61,3,3,0,27,14,95,94,5,0.03125
61,4,4,0,21,21,106,104,5,0.03125
61,5,5,0,29,15,96,99,4,0.025
61,6,6,0,9,17,63,62,6,0.0375
61,7,7,0,11,17,36,35,5,0.03125
61,8,0,1,5,15,65,64,4,0.025
61,9,1,1,7,9,64,67,7,0.04375
61,10,2,1,15,11,96,97,7,0.04375
61,11,3,1,22,30,123,121,9,0.05625
61,12,4,1,27,8,122,114,12,0.075
61,13,5,1,37,15,126,124,11,0.06875
61,14,6,1,10,17,88,89,11,0.06875
61,15,7,1,10,20,54,56,4,0.025
61,16,0,2,11,18,84,84,5,0.03125
61,17,1,2,12,14,86,84,8,0.05
61,18,2,2,15,14,118,119,9,0.05625
61,19,3,2,32,10,139,135,9,0.05625
61,20,4,2,24,12,126,126,9,0.05625
61,21,5,2,17,13,121,122,7,0.04375
61,22,6,2,10,18,106,109,5,0.03125
61,23,7,2,4,14,66,67,6,0.0375
61,24,0,3,13,12,102,101,6,0.0375
61,25,1,3,5,21,100,100,8,0.05
61,26,2,3,17,9,131,131,8,0.05
61,27,3,3,41,13,157,158,6,0.0375
61,28,4,3,35,17,152,149,8,0.05
61,29,5,3,17,22,141,145,5,0.03125
61,30,6,3,10,23,127,127,9,0.05625
61,31,7,3,12,19,84,89,2,0.0125
61,32,0,4,10,22,102,102,5,0.03125
61,33,1,4,11,17,100,100,10,0.0625
61,34,2,4,27,21,142,146,5,0.03125
61,35,3,4,23,15,160,155,7,0.04375
61,36,4,4,37,18,152,153,5,0.03125
61,37,5,4,17,16,138,135,10,0.0625
61,38,6,4,6,19,126,127,7,0.04375
61,39,7,4,14,13,85,84,5,0.03125
61,40,0,5,7,14,75,76,4,0.025
61,41,1,5,10,15,71,69,7,0.04375
61,42,2,5,8,8,82,83,8,0.05
61,43,3,5,24,8,119,121,9,0.05625
61,44,4,5,29,25,143,145,6,0.0375
61,45,5,5,22,20,132,136,5,0.03125
61,46,6,5,5,19,112,116,8,0.05
61,47,7,5,14,17,73,74,5,0.03125
61,48,0,6,3,16,60,60,4,0.025
61,49,1,6,5,13,61,59,8,0.05
61,50,2,6,16,19,84,84,8,0.05
61,51,3,6,30,12,111,109,9,0.05625
61,52,4,6,23,16,112,109,7,0.04375
61,53,5,6,8,23,96,99,7,0.04375
61,54,6,6,7,14,72,72,10,0.0625
61,55,7,6,3,14,50,49,4,0.025
61,56,0,7,10,22,42,41,4,0.025
61,57,1,7,11,13,51,51,8,0.05
61,58,2,7,18,11,72,71,6,0.0375
61,59,3,7,20,18,93,89,10,0.0625
61,60,4,7,33,15,94,94,7,0.04375
61,61,5,7,15,12,75,74,7,0.04375
61,62,6,7,8,16,54,55,9,0.05625
61,63,7,7,7,17,37,37,4,0.025
62,0,0,0,9,18,44,44,4,0.025
62,1,1,0,9,17,57,58,7,0.04375
62,2,2,0,14,15,75,76,7,0.04375
62,3,3,0,28,18,101,98,8,0.05
62,4,4,0,31,19,104,103,6,0.0375
62,5,5,0,25,20,96,94,5,0.03125
62,6,6,0,14,14,68,68,6,0.0375
62,7,7,0,11,18,44,43,6,0.0375
62,8,0,1,12,20,68,70,4,0.025
62,9,1,1,6,9,72,69,10,0.0625
62,10,2,1,15,15,98,98,6,0.0375
62,11,3,1,35,28,137,139,7,0.04375
62,12,4,1,28,17,128,130,10,0.0625
62,13,5,1,28,10,116,120,6,0.0375
62,14,6,1,14,25,99,101,6,0.0375
62,15,7,1,11,16,68,62,10,0.0625
62,16,0,2,7,6,70,72,4,0.025
62,17,1,2,12,18,90,92,9,0.05625
62,18,2,2,17,17,122,121,9,0.05625
62,19,3,2,35,13,149,152,7,0.04375
62,20,4,2,29,18,139,138,8,0.05
62,21,5,2,14,20,119,115,11,0.06875
62,22,6,2,10,16,107,105,8,0.05
62,23,7,2,5,18,81,77,8,0.05
62,24,0,3,6,23,72,73,4,0.025
62,25,1,3,14,15,85,85,9,0.05625
62,26,2,3,17,22,136,138,6,0.0375
62,27,3,3,35,17,158,156,9,0.05625
62,28,4,3,30,15,154,152,9,0.05625
62,29,5,3,18,15,133,132,5,0.03125
62,30,6,3,6,12,117,118,8,0.05
62,31,7,3,11,16,100,98,5,0.03125
62,32,0,4,9,13,80,78,7,0.04375
62,33,1,4,15,13,97,99,7,0.04375
62,34,2,4,26,17,158,154,8,0.05
62,35,3,4,28,20,169,168,7,0.04375
62,36,4,4,32,13,156,155,7,0.04375
62,37,5,4,22,20,138,139,10,0.0625
62,38,6,4,14,16,126,124,9,0.05625
62,39,7,4,12,19,101,98,7,0.04375
62,40,0,5,4,17,70,67,6,0.0375
62,41,1,5,6,13,78,76,9,0.05625
62,42,2,5,8,16,124,121,11,0.06875
62,43,3,5,31,18,149,151,7,0.04375
62,44,4,5,36,14,149,145,9,0.05625
62,45,5,5,21,24,131,131,6,0.0375
62,46,6,5,14,15,111,111,10,0.0625
62,47,7,5,11,15,81,82,4,0.025
62,48,0,6,13,17,59,60,5,0.03125
62,49,1,6,16,10,82,84,7,0.04375
62,50,2,6,29,21,130,132,6,0.0375
62,51,3,6,42,14,142,143,7,0.04375
62,52,4,6,18,19,119,123,6,0.0375
62,53,5,6,14,10,100,100,6,0.0375
62,54,6,6,12,15,92,94,7,0.04375
62,55,7,6,8,13,62,62,4,0.025
62,56,0,7,1,13,20,20,5,0.03125
62,57,1,7,7,16,43,39,10,0.0625
62,58,2,7,16,26,74,74,6,0.0375
62,59,3,7,41,18,91,97,5,0.03125
62,60,4,7,15,20,79,78,6,0.0375
62,61,5,7,7,14,60,60,7,0.04375
62,62,6,7,8,20,50,52,7,0.04375
62,63,7,7,7,18,31,31,3,0.01875
63,0,0,0,8,16,32,32,4,0.025
63,1,1,0,5,13,47,46,9,0.05625
63,2,2,0,18,19,75,75,5,0.03125
63,3,3,0,37,19,103,109,3,0.01875
63,4,4,0,31,10,94,97,3,0.01875
63,5,5,0,17,15,83,79,10,0.0625
63,6,6,0,12,15,67,63,10,0.0625
63,7,7,0,10,13,39,40,5,0.03125
63,8,0,1,6,16,50,49,4,0.025
63,9,1,1,9,20,72,73,9,0.05625
63,10,2,1,6,17,80,79,7,0.04375
63,11,3,1,15,28,118,115,9,0.05625
63,12,4,1,28,20,108,111,7,0.04375
63,13,5,1,21,16,103,100,8,0.05
63,14,6,1,9,13,93,87,13,0.08125
63,15,7,1,15,18,75,77,5,0.03125
63,16,0,2,6,17,67,66,5,0.03125
63,17,1,2,4,17,84,83,8,0.05
63,18,2,2,14,15,105,109,6,0.0375
63,19,3,2,29,12,151,150,8,0.05
63,20,4,2,41,20,155,157,5,0.03125
63,21,5,2,18,17,118,122,7,0.04375
63,22,6,2,5,21,103,104,7,0.04375
63,23,7,2,14,25,97,100,7,0.04375
63,24,0,3,7,20,88,87,6,0.0375
63,25,1,3,14,11,99,101,8,0.05
63,26,2,3,16,22,136,134,8,0.05
63,27,3,3,31,13,154,152,11,0.06875
63,28,4,3,35,18,157,160,6,0.0375
63,29,5,3,18,13,130,127,8,0.05
63,30,6,3,14,13,116,114,9,0.05625
63,31,7,3,5,20,96,97,4,0.025
63,32,0,4,16,15,96,98,5,0.03125
63,33,1,4,4,24,113,110,9,0.05625
63,34,2,4,21,16,139,139,8,0.05
63,35,3,4,31,11,152,156,6,0.0375
63,36,4,4,26,14,150,147,7,0.04375
63,37,5,4,16,14,130,132,8,0.05
63,38,6,4,8,14,115,117,8,0.05
63,39,7,4,7,17,98,99,6,0.0375
63,40,0,5,14,16,85,88,4,0.025
63,41,1,5,9,13,100,101,10,0.0625
63,42,2,5,29,17,131,130,11,0.06875
63,43,3,5,26,15,140,139,9,0.05625
63,44,4,5,31,15,141,145,6,0.0375
63,45,5,5,15,20,134,129,8,0.05
63,46,6,5,7,14,102,100,12,0.075
63,47,7,5,10,22,95,93,5,0.03125
63,48,0,6,7,16,55,56,4,0.025
63,49,1,6,10,14,76,76,8,0.05
63,50,2,6,16,19,97,94,10,0.0625
63,51,3,6,26,20,117,115,9,0.05625
63,52,4,6,32,13,132,131,6,0.0375
63,53,5,6,17,10,108,107,8,0.05
63,54,6,6,15,17,82,82,9,0.05625
63,55,7,6,9,28,71,71,4,0.025
63,56,0,7,14,14,40,40,5,0.03125
63,57,1,7,3,13,55,57,10,0.0625
63,58,2,7,13,11,71,71,7,0.04375
63,59,3,7,27,15,100,97,8,0.05
63,60,4,7,38,30,122,125,4,0.025
63,61,5,7,27,18,95,95,9,0.05625
63,62,6,7,7,15,60,60,7,0.04375
63,63,7,7,6,14,39,39,4,0.025
64,0,0,0,9,15,36,35,5,0.03125
64,1,1,0,7,17,55,57,7,0.04375
64,2,2,0,5,21,72,72,7,0.04375
64,3,3,0,30,17,99,93,7,0.04375
64,4,4,0,36,18,103,96,9,0.05625
64,5,5,0,14,12,70,71,8,0.05
64,6,6,0,11,21,67,69,8,0.05
64,7,7,0,11,14,38,38,5,0.03125
64,8,0,1,2,16,46,46,5,0.03125
64,9,1,1,2,15,61,62,8,0.05
64,10,2,1,7,11,76,75,9,0.05625
64,11,3,1,24,32,122,125,8,0.05
64,12,4,1,30,19,131,131,7,0.04375
64,13,5,1,26,19,105,107,6,0.0375
64,14,6,1,17,13,101,108,6,0.0375
64,15,7,1,14,17,66,70,3,0.01875
64,16,0,2,8,8,65,65,5,0.03125
64,17,1,2,13,18,104,105,9,0.05625
64,18,2,2,27,18,135,133,7,0.04375
64,19,3,2,35,10,148,153,4,0.025
64,20,4,2,23,22,151,150,8,0.05
64,21,5,2,23,16,125,125,7,0.04375
64,22,6,2,9,21,120,116,10,0.0625
64,23,7,2,9,26,85,86,6,0.0375
64,24,0,3,12,13,74,75,5,0.03125
64,25,1,3,6,16,101,101,6,0.0375
64,26,2,3,21,17,138,138,8,0.05
64,27,3,3,30,15,162,167,4,0.025
64,28,4,3,29,14,155,155,8,0.05
64,29,5,3,19,12,119,121,7,0.04375
64,30,6,3,5,19,117,118,10,0.0625
64,31,7,3,8,15,88,87,4,0.025
64,32,0,4,7,15,72,71,5,0.03125
64,33,1,4,16,18,107,110,5,0.03125
64,34,2,4,19,16,140,141,8,0.05
64,35,3,4,30,14,161,161,4,0.025
64,36,4,4,34,16,154,156,6,0.0375
64,37,5,4,24,19,128,126,7,0.04375
64,38,6,4,11,19,122,120,8,0.05
64,39,7,4,8,25,96,97,6,0.0375
64,40,0,5,7,11,62,60,5,0.03125
64,41,1,5,10,18,88,89,8,0.05
64,42,2,5,16,10,111,111,12,0.075
64,43,3,5,29,20,153,151,11,0.06875
64,44,4,5,36,15,146,145,8,0.05
64,45,5,5,14,19,109,112,8,0.05
64,46,6,5,12,21,112,117,7,0.04375
64,47,7,5,8,25,88,88,5,0.03125
64,48,0,6,11,18,55,54,4,0.025
64,49,1,6,6,13,68,68,7,0.04375
64,50,2,6,14,7,90,93,7,0.04375
64,51,3,6,30,18,138,135,13,0.08125
64,52,4,6,36,18,141,139,7,0.04375
64,53,5,6,18,13,98,98,9,0.05625
64,54,6,6,5,12,83,81,11,0.06875
64,55,7,6,9,19,67,66,4,0.025
64,56,0,7,3,12,26,27,4,0.025
64,57,1,7,9,15,46,48,7,0.04375
64,58,2,7,11,20,78,77,6,0.0375
64,59,3,7,31,20,108,110,7,0.04375
64,60,4,7,27,19,113,110,6,0.0375
64,61,5,7,28,20,96,99,6,0.0375
64,62,6,7,17,18,79,79,6,0.0375
64,63,7,7,13,16,47,46,5,0.03125
65,0,0,0,20,26,66,66,4,0.025
65,1,1,0,16,21,99,99,7,0.04375
65,2,2,0,35,18,134,138,4,0.025
65,3,3,0,30,18,152,159,2,0.0125
65,4,4,0,31,21,152,158,3,0.01875
65,5,5,0,28,23,136,141,3,0.01875
65,6,6,0,22,21,102,104,6,0.0375
65,7,7,0,28,26,67,68,4,0.025
65,8,0,1,24,23,99,99,5,0.03125
65,9,1,1,19,22,131,129,9,0.05625
65,10,2,1,24,24,154,156,7,0.04375
65,11,3,1,35,63,210,207,10,0.0625
65,12,4,1,25,24,175,175,8,0.05
65,13,5,1,26,25,160,163,4,0.025
65,14,6,1,19,28,138,135,9,0.05625
65,15,7,1,25,32,102,101,3,0.01875
65,16,0,2,28,24,124,123,5,0.03125
65,17,1,2,14,17,155,151,11,0.06875
65,18,2,2,29,27,190,189,9,0.05625
65,19,3,2,31,30,224,221,7,0.04375
65,20,4,2,25,24,200,202,6,0.0375
65,21,5,2,28,29,186,185,6,0.0375
65,22,6,2,14,27,157,159,9,0.05625
65,23,7,2,20,21,117,118,5,0.03125
65,24,0,3,23,18,132,131,5,0.03125
65,25,1,3,23,22,176,173,11,0.06875
65,26,2,3,29,18,211,212,9,0.05625
65,27,3,3,29,24,235,234,5,0.03125
65,28,4,3,38,37,235,239,3,0.01875
65,29,5,3,25,21,202,203,7,0.04375
65,30,6,3,23,26,188,187,10,0.0625
65,31,7,3,25,20,139,142,1,0.00625
65,32,0,4,24,27,137,139,5,0.03125
65,33,1,4,19,25,173,172,7,0.04375
65,34,2,4,28,27,221,221,8,0.05
65,35,3,4,24,25,230,229,6,0.0375
65,36,4,4,23,22,218,217,6,0.0375
65,37,5,4,26,21,201,202,7,0.04375
65,38,6,4,20,26,192,190,10,0.0625
65,39,7,4,36,24,157,160,4,0.025
65,40,0,5,26,27,131,129,8,0.05
65,41,1,5,24,25,173,169,12,0.075
65,42,2,5,20,28,198,201,8,0.05
65,43,3,5,31,27,213,214,8,0.05
65,44,4,5,28,42,213,215,5,0.03125
65,45,5,5,30,21,188,188,5,0.03125
65,46,6,5,27,25,176,172,8,0.05
65,47,7,5,19,29,136,137,5,0.03125
65,48,0,6,21,25,101,101,4,0.025
65,49,1,6,24,26,141,141,7,0.04375
65,50,2,6,27,29,176,174,8,0.05
65,51,3,6,25,24,187,190,11,0.06875
65,52,4,6,32,24,187,186,8,0.05
65,53,5,6,23,18,163,166,5,0.03125
65,54,6,6,29,35,159,159,10,0.0625
65,55,7,6,31,30,117,118,4,0.025
65,56,0,7,29,29,74,72,5,0.03125
65,57,1,7,21,26,108,106,10,0.0625
65,58,2,7,28,27,137,136,9,0.05625
65,59,3,7,39,29,167,168,6,0.0375
65,60,4,7,31,24,147,148,7,0.04375
65,61,5,7,26,22,123,121,8,0.05
65,62,6,7,16,24,96,93,9,0.05625
65,63,7,7,20,28,65,66,4,0.025
66,0,0,0,15,20,47,48,2,0.0125
66,1,1,0,12,20,74,73,7,0.04375
66,2,2,0,19,12,95,90,7,0.04375
66,3,3,0,33,16,108,106,3,0.01875
66,4,4,0,24,15,101,101,4,0.025
66,5,5,0,20,20,90,87,6,0.0375
66,6,6,0,6,21,54,54,6,0.0375
66,7,7,0,7,16,36,36,3,0.01875
66,8,0,1,7,18,67,66,5,0.03125
66,9,1,1,9,18,83,86,7,0.04375
66,10,2,1,17,17,105,105,8,0.05
66,11,3,1,35,25,131,135,5,0.03125
66,12,4,1,31,20,132,132,6,0.0375
66,13,5,1,19,16,115,113,7,0.04375
66,14,6,1,5,15,81,82,10,0.0625
66,15,7,1,9,19,56,56,4,0.025
66,16,0,2,16,14,97,97,5,0.03125
66,17,1,2,14,19,116,117,11,0.06875
66,18,2,2,24,14,137,133,10,0.0625
66,19,3,2,36,20,151,152,6,0.0375
66,20,4,2,18,15,123,122,7,0.04375
66,21,5,2,4,30,118,119,8,0.05
66,22,6,2,7,16,108,109,9,0.05625
66,23,7,2,2,14,64,64,5,0.03125
66,24,0,3,10,17,96,96,5,0.03125
66,25,1,3,9,17,111,114,7,0.04375
66,26,2,3,15,14,133,131,8,0.05
66,27,3,3,35,10,156,155,7,0.04375
66,28,4,3,37,12,146,143,6,0.0375
66,29,5,3,22,14,134,134,5,0.03125
66,30,6,3,12,18,120,122,8,0.05
66,31,7,3,9,17,82,79,5,0.03125
66,32,0,4,10,14,99,96,7,0.04375
66,33,1,4,12,19,117,117,8,0.05
66,34,2,4,25,21,143,145,7,0.04375
66,35,3,4,28,17,165,161,8,0.05
66,36,4,4,25,22,142,147,1,0.00625
66,37,5,4,19,10,129,133,6,0.0375
66,38,6,4,15,13,123,124,11,0.06875
66,39,7,4,11,15,81,79,6,0.0375
66,40,0,5,6,24,91,92,6,0.0375
66,41,1,5,12,20,105,110,8,0.05
66,42,2,5,31,18,134,135,7,0.04375
66,43,3,5,24,15,147,148,8,0.05
66,44,4,5,30,19,138,136,8,0.05
66,45,5,5,15,15,125,123,9,0.05625
66,46,6,5,10,17,101,102,9,0.05625
66,47,7,5,8,12,66,63,7,0.04375
66,48,0,6,12,18,73,71,6,0.0375
66,49,1,6,2,17,71,72,7,0.04375
66,50,2,6,2,18,83,82,8,0.05
66,51,3,6,19,17,111,109,12,0.075
66,52,4,6,22,10,109,108,10,0.0625
66,53,5,6,30,22,120,118,7,0.04375
66,54,6,6,19,18,96,95,9,0.05625
66,55,7,6,18,16,63,62,5,0.03125
66,56,0,7,5,18,36,39,3,0.01875
66,57,1,7,19,13,57,60,7,0.04375
66,58,2,7,14,17,84,85,6,0.0375
66,59,3,7,37,19,114,113,6,0.0375
66,60,4,7,31,18,105,107,4,0.025
66,61,5,7,16,13,70,70,7,0.04375
66,62,6,7,5,12,54,55,8,0.05
66,63,7,7,9,5,30,30,4,0.025
67,0,0,0,11,20,49,49,4,0.025
67,1,1,0,11,16,64,63,8,0.05
67,2,2,0,22,23,94,97,5,0.03125
67,3,3,0,32,13,109,107,6,0.0375
67,4,4,0,30,14,106,109,2,0.0125
67,5,5,0,23,14,90,88,6,0.0375
67,6,6,0,14,18,70,68,9,0.05625
67,7,7,0,9,17,43,40,6,0.0375
67,8,0,1,14,16,73,73,6,0.0375
67,9,1,1,12,15,85,83,7,0.04375
67,10,2,1,21,17,120,120,8,0.05
67,11,3,1,37,25,137,136,7,0.04375
67,12,4,1,25,13,114,111,9,0.05625
67,13,5,1,21,10,96,94,9,0.05625
67,14,6,1,14,31,99,101,8,0.05
67,15,7,1,5,18,65,65,4,0.025
67,16,0,2,8,8,79,78,7,0.04375
67,17,1,2,15,16,94,98,7,0.04375
67,18,2,2,22,14,136,143,4,0.025
67,19,3,2,27,18,155,158,3,0.01875
67,20,4,2,22,20,131,132,6,0.0375
67,21,5,2,20,17,105,106,7,0.04375
67,22,6,2,4,18,99,99,9,0.05625
67,23,7,2,0,22,76,77,4,0.025
67,24,0,3,10,16,90,90,5,0.03125
67,25,1,3,4,10,83,82,8,0.05
67,26,2,3,16,20,132,133,8,0.05
67,27,3,3,36,23,167,172,2,0.0125
67,28,4,3,24,18,144,145,5,0.03125
67,29,5,3,26,17,133,132,6,0.0375
67,30,6,3,8,15,121,120,9,0.05625
67,31,7,3,13,12,93,92,5,0.03125
67,32,0,4,12,12,96,97,7,0.04375
67,33,1,4,12,13,103,101,10,0.0625
67,34,2,4,21,16,142,138,9,0.05625
67,35,3,4,41,16,166,168,8,0.05
67,36,4,4,26,16,149,145,6,0.0375
67,37,5,4,20,14,127,126,7,0.04375
67,38,6,4,7,13,104,103,10,0.0625
67,39,7,4,8,12,87,86,7,0.04375
67,40,0,5,8,13,78,78,6,0.0375
67,41,1,5,13,21,87,87,8,0.05
67,42,2,5,16,14,118,120,6,0.0375
67,43,3,5,39,11,144,146,6,0.0375
67,44,4,5,27,17,135,134,6,0.0375
67,45,5,5,12,9,95,98,6,0.0375
67,46,6,5,6,15,89,91,7,0.04375
67,47,7,5,3,12,78,79,7,0.04375
67,48,0,6,2,21,59,60,5,0.03125
67,49,1,6,7,17,59,58,7,0.04375
67,50,2,6,12,25,76,78,8,0.05
67,51,3,6,23,17,96,99,9,0.05625
67,52,4,6,31,18,116,119,8,0.05
67,53,5,6,16,15,106,106,8,0.05
67,54,6,6,10,13,87,90,7,0.04375
67,55,7,6,11,16,69,70,5,0.03125
67,56,0,7,12,20,39,37,4,0.025
67,57,1,7,3,13,43,42,8,0.05
67,58,2,7,7,10,50,49,9,0.05625
67,59,3,7,27,16,69,68,8,0.05
67,60,4,7,14,10,52,50,7,0.04375
67,61,5,7,15,18,52,51,9,0.05625
67,62,6,7,1,19,38,38,9,0.05625
67,63,7,7,1,23,32,32,4,0.025
68,0,0,0,10,16,39,39,4,0.025
68,1,1,0,11,20,66,67,8,0.05
68,2,2,0,28,16,96,98,3,0.01875
68,3,3,0,31,23,114,114,5,0.03125
68,4,4,0,32,11,101,97,6,0.0375
68,5,5,0,25,12,86,87,7,0.04375
68,6,6,0,7,19,60,61,8,0.05
68,7,7,0,7,22,38,41,4,0.025
68,8,0,1,9,20,66,65,6,0.0375
68,9,1,1,10,14,87,88,8,0.05
68,10,2,1,23,20,113,110,10,0.0625
68,11,3,1,26,22,130,130,7,0.04375
68,12,4,1,28,13,114,120,5,0.03125
68,13,5,1,18,22,114,115,7,0.04375
68,14,6,1,7,9,88,85,10,0.0625
68,15,7,1,8,8,66,61,9,0.05625
68,16,0,2,13,16,82,84,3,0.01875
68,17,1,2,12,9,108,106,9,0.05625
68,18,2,2,33,14,145,145,3,0.01875
68,19,3,2,25,23,152,149,6,0.0375
68,20,4,2,20,9,122,125,4,0.025
68,21,5,2,7,12,109,109,7,0.04375
68,22,6,2,5,14,91,90,8,0.05
68,23,7,2,10,14,82,77,8,0.05
68,24,0,3,7,13,82,82,4,0.025
68,25,1,3,7,7,102,101,8,0.05
68,26,2,3,13,20,132,130,9,0.05625
68,27,3,3,27,9,150,145,8,0.05
68,28,4,3,28,19,152,151,6,0.0375
68,29,5,3,32,18,148,149,6,0.0375
68,30,6,3,11,9,103,105,8,0.05
68,31,7,3,7,18,84,83,6,0.0375
68,32,0,4,10,25,87,90,4,0.025
68,33,1,4,10,14,118,119,9,0.05625
68,34,2,4,27,17,144,146,8,0.05
68,35,3,4,30,21,155,161,2,0.0125
68,36,4,4,23,18,133,131,8,0.05
68,37,5,4,12,11,119,116,8,0.05
68,38,6,4,4,18,91,95,8,0.05
68,39,7,4,6,15,81,83,4,0.025
68,40,0,5,13,14,80,81,6,0.0375
68,41,1,5,3,17,102,96,13,0.08125
68,42,2,5,23,15,125,120,8,0.05
68,43,3,5,24,26,139,141,5,0.03125
68,44,4,5,32,17,129,132,6,0.0375
68,45,5,5,22,9,124,123,7,0.04375
68,46,6,5,12,13,100,99,8,0.05
68,47,7,5,16,14,78,80,4,0.025
68,48,0,6,7,19,61,61,5,0.03125
68,49,1,6,7,13,76,73,11,0.06875
68,50,2,6,22,13,108,106,10,0.0625
68,51,3,6,45,16,124,123,11,0.06875
68,52,4,6,23,20,104,104,6,0.0375
68,53,5,6,5,17,82,83,7,0.04375
68,54,6,6,6,16,70,69,9,0.05625
68,55,7,6,6,21,52,53,4,0.025
68,56,0,7,4,16,32,33,4,0.025
68,57,1,7,9,18,56,56,7,0.04375
68,58,2,7,28,24,80,84,4,0.025
68,59,3,7,30,11,74,77,5,0.03125
68,60,4,7,14,18,68,68,6,0.0375
68,61,5,7,6,15,54,53,9,0.05625
68,62,6,7,7,21,47,47,9,0.05625
68,63,7,7,2,14,25,24,4,0.025
69,0,0,0,15,17,50,48,6,0.0375
69,1,1,0,6,20,70,70,8,0.05
69,2,2,0,28,17,102,97,7,0.04375
69,3,3,0,32,14,106,106,5,0.03125
69,4,4,0,22,14,100,101,4,0.025
69,5,5,0,22,22,98,98,6,0.0375
69,6,6,0,11,16,59,60,6,0.0375
69,7,7,0,5,14,32,32,4,0.025
69,8,0,1,10,14,69,70,4,0.025
69,9,1,1,11,17,95,92,9,0.05625
69,10,2,1,18,22,124,127,7,0.04375
69,11,3,1,34,31,136,137,6,0.0375
69,12,4,1,30,10,124,123,5,0.03125
69,13,5,1,14,19,116,112,10,0.0625
69,14,6,1,9,17,80,81,10,0.0625
69,15,7,1,6,16,48,52,4,0.025
69,16,0,2,14,13,87,87,5,0.03125
69,17,1,2,13,20,113,114,7,0.04375
69,18,2,2,24,15,138,139,4,0.025
69,19,3,2,23,11,138,139,5,0.03125
69,20,4,2,31,6,125,120,8,0.05
69,21,5,2,22,18,127,125,8,0.05
69,22,6,2,8,10,90,87,13,0.08125
69,23,7,2,8,12,61,65,3,0.01875
69,24,0,3,6,16,86,83,7,0.04375
69,25,1,3,13,18,105,106,8,0.05
69,26,2,3,14,22,121,124,9,0.05625
69,27,3,3,21,21,138,139,8,0.05
69,28,4,3,36,12,141,140,7,0.04375
69,29,5,3,29,14,146,144,8,0.05
69,30,6,3,15,13,109,106,9,0.05625
69,31,7,3,14,14,87,88,5,0.03125
69,32,0,4,9,13,82,79,6,0.0375
69,33,1,4,9,15,97,99,8,0.05
69,34,2,4,23,18,133,132,9,0.05625
69,35,3,4,26,13,143,140,3,0.01875
69,36,4,4,32,13,143,143,6,0.0375
69,37,5,4,19,19,122,122,9,0.05625
69,38,6,4,7,18,91,90,9,0.05625
69,39,7,4,5,19,86,84,6,0.0375
69,40,0,5,9,10,71,71,6,0.0375
69,41,1,5,19,16,93,100,6,0.0375
69,42,2,5,26,15,128,131,6,0.0375
69,43,3,5,23,10,131,127,10,0.0625
69,44,4,5,27,17,124,121,8,0.05
69,45,5,5,13,16,97,95,8,0.05
69,46,6,5,5,15,76,75,9,0.05625
69,47,7,5,1,17,70,70,4,0.025
69,48,0,6,9,21,56,60,2,0.0125
69,49,1,6,5,13,63,67,6,0.0375
69,50,2,6,18,20,100,102,7,0.04375
69,51,3,6,27,9,105,102,12,0.075
69,52,4,6,29,14,98,97,9,0.05625
69,53,5,6,12,9,76,74,8,0.05
69,54,6,6,3,17,54,55,8,0.05
69,55,7,6,4,19,55,54,4,0.025
69,56,0,7,6,19,32,32,4,0.025
69,57,1,7,4,18,43,44,7,0.04375
69,58,2,7,21,14,66,64,7,0.04375
69,59,3,7,35,18,82,79,7,0.04375
69,60,4,7,11,15,58,56,7,0.04375
69,61,5,7,3,12,46,48,8,0.05
69,62,6,7,1,11,35,35,9,0.05625
69,63,7,7,2,16,33,34,4,0.025
70,0,0,0,24,28,73,74,3,0.01875
70,1,1,0,20,23,105,106,7,0.04375
70,2,2,0,30,33,144,146,7,0.04375
70,3,3,0,28,29,161,162,4,0.025
70,4,4,0,25,17,138,137,4,0.025
70,5,5,0,22,26,132,131,8,0.05
70,6,6,0,23,35,116,112,10,0.0625
70,7,7,0,26,23,73,70,7,0.04375
70,8,0,1,30,17,106,105,6,0.0375
70,9,1,1,19,16,131,133,8,0.05
70,10,2,1,26,26,179,183,4,0.025
70,11,3,1,29,50,226,224,7,0.04375
70,12,4,1,31,28,177,179,3,0.01875
70,13,5,1,30,27,175,178,8,0.05
70,14,6,1,19,17,131,134,6,0.0375
70,15,7,1,18,25,101,101,6,0.0375
70,16,0,2,16,19,110,109,5,0.03125
70,17,1,2,23,21,159,158,10,0.0625
70,18,2,2,24,20,196,191,8,0.05
70,19,3,2,25,24,234,230,10,0.0625
70,20,4,2,26,21,191,193,6,0.0375
70,21,5,2,23,24,185,184,10,0.0625
70,22,6,2,24,24,154,160,7,0.04375
70,23,7,2,21,27,129,129,4,0.025
70,24,0,3,19,21,118,122,5,0.03125
70,25,1,3,19,16,162,161,9,0.05625
70,26,2,3,22,22,197,194,10,0.0625
70,27,3,3,28,26,244,243,8,0.05
70,28,4,3,31,23,206,208,5,0.03125
70,29,5,3,26,17,197,197,8,0.05
70,30,6,3,27,18,181,180,11,0.06875
70,31,7,3,24,28,149,148,7,0.04375
70,32,0,4,20,19,124,124,6,0.0375
70,33,1,4,24,26,170,170,7,0.04375
70,34,2,4,31,19,201,201,9,0.05625
70,35,3,4,24,28,244,244,6,0.0375
70,36,4,4,31,19,205,210,5,0.03125
70,37,5,4,26,21,191,193,7,0.04375
70,38,6,4,17,24,166,168,6,0.0375
70,39,7,4,26,22,140,141,5,0.03125
70,40,0,5,19,24,119,119,6,0.0375
70,41,1,5,25,27,162,159,9,0.05625
70,42,2,5,22,24,186,182,10,0.0625
70,43,3,5,24,31,223,224,6,0.0375
70,44,4,5,27,21,187,188,7,0.04375
70,45,5,5,28,29,191,195,5,0.03125
70,46,6,5,16,12,149,149,9,0.05625
70,47,7,5,26,17,126,125,5,0.03125
70,48,0,6,25,26,109,106,4,0.025
70,49,1,6,23,28,141,140,6,0.0375
70,50,2,6,20,27,170,170,8,0.05
70,51,3,6,32,27,196,202,7,0.04375
70,52,4,6,29,21,171,176,4,0.025
70,53,5,6,26,21,169,169,8,0.05
70,54,6,6,17,31,131,129,10,0.0625
70,55,7,6,20,28,99,97,6,0.0375
70,56,0,7,16,32,66,65,4,0.025
70,57,1,7,20,23,95,95,7,0.04375
70,58,2,7,26,27,135,134,7,0.04375
70,59,3,7,33,23,152,156,4,0.025
70,60,4,7,29,19,147,148,7,0.04375
70,61,5,7,26,31,139,139,8,0.05
70,62,6,7,21,23,102,103,8,0.05
70,63,7,7,22,20,64,64,4,0.025
71,0,0,0,8,9,35,34,5,0.03125
71,1,1,0,9,12,51,51,6,0.0375
71,2,2,0,27,21,96,94,7,0.04375
71,3,3,0,32,14,108,109,3,0.01875
71,4,4,0,28,14,104,102,7,0.04375
71,5,5,0,20,11,81,84,6,0.0375
71,6,6,0,12,11,64,70,4,0.025
71,7,7,0,9,16,48,51,4,0.025
71,8,0,1,5,23,65,66,5,0.03125
71,9,1,1,10,16,69,69,9,0.05625
71,10,2,1,19,16,102,94,11,0.06875
71,11,3,1,23,28,130,130,7,0.04375
71,12,4,1,27,14,111,108,7,0.04375
71,13,5,1,21,11,92,94,7,0.04375
71,14,6,1,6,14,73,70,10,0.0625
71,15,7,1,12,19,82,77,10,0.0625
71,16,0,2,4,14,76,76,5,0.03125
71,17,1,2,6,15,80,81,8,0.05
71,18,2,2,14,13,109,112,4,0.025
71,19,3,2,30,23,151,156,4,0.025
71,20,4,2,28,15,139,139,6,0.0375
71,21,5,2,25,13,130,126,12,0.075
71,22,6,2,7,16,96,93,9,0.05625
71,23,7,2,14,17,100,97,8,0.05
71,24,0,3,9,19,88,87,6,0.0375
71,25,1,3,4,13,93,95,8,0.05
71,26,2,3,14,18,126,131,6,0.0375
71,27,3,3,26,17,152,156,5,0.03125
71,28,4,3,28,19,153,152,5,0.03125
71,29,5,3,31,16,144,145,7,0.04375
71,30,6,3,9,20,101,104,8,0.05
71,31,7,3,4,29,105,106,5,0.03125
71,32,0,4,7,18,91,92,5,0.03125
71,33,1,4,16,20,111,109,10,0.0625
71,34,2,4,22,21,141,142,7,0.04375
71,35,3,4,32,25,169,170,4,0.025
71,36,4,4,26,19,149,149,4,0.025
71,37,5,4,12,18,125,123,8,0.05
71,38,6,4,6,13,92,90,8,0.05
71,39,7,4,12,20,99,101,3,0.01875
71,40,0,5,8,18,80,80,5,0.03125
71,41,1,5,5,9,83,82,10,0.0625
71,42,2,5,12,14,116,121,7,0.04375
71,43,3,5,28,25,145,146,5,0.03125
71,44,4,5,27,15,135,139,3,0.01875
71,45,5,5,20,18,123,121,8,0.05
71,46,6,5,7,15,90,91,9,0.05625
71,47,7,5,9,12,85,85,5,0.03125
71,48,0,6,10,12,62,61,5,0.03125
71,49,1,6,9,13,76,75,9,0.05625
71,50,2,6,35,16,112,109,10,0.0625
71,51,3,6,30,15,128,129,6,0.0375
71,52,4,6,27,21,127,122,9,0.05625
71,53,5,6,19,17,106,109,5,0.03125
71,54,6,6,6,13,73,76,8,0.05
71,55,7,6,8,15,66,69,3,0.01875
71,56,0,7,10,21,43,44,4,0.025
71,57,1,7,10,12,65,64,7,0.04375
71,58,2,7,26,14,95,96,5,0.03125
71,59,3,7,23,14,111,108,5,0.03125
71,60,4,7,32,9,94,97,5,0.03125
71,61,5,7,11,17,70,69,7,0.04375
71,62,6,7,7,12,42,41,9,0.05625
71,63,7,7,3,18,29,27,6,0.0375
72,0,0,0,13,22,51,53,4,0.025
72,1,1,0,10,19,69,66,9,0.05625
72,2,2,0,26,15,93,93,8,0.05
72,3,3,0,26,11,99,99,4,0.025
72,4,4,0,27,12,96,96,6,0.0375
72,5,5,0,14,12,74,72,8,0.05
72,6,6,0,9,19,60,58,7,0.04375
72,7,7,0,12,17,43,44,3,0.01875
72,8,0,1,10,9,67,67,6,0.0375
72,9,1,1,6,18,82,84,6,0.0375
72,10,2,1,15,10,109,110,10,0.0625
72,11,3,1,32,29,131,130,7,0.04375
72,12,4,1,30,16,116,115,7,0.04375
72,13,5,1,15,16,92,91,7,0.04375
72,14,6,1,6,17,78,78,7,0.04375
72,15,7,1,2,26,70,75,6,0.0375
72,16,0,2,11,15,84,82,7,0.04375
72,17,1,2,7,18,103,103,8,0.05
72,18,2,2,25,14,132,129,8,0.05
72,19,3,2,34,13,147,142,9,0.05625
72,20,4,2,23,19,128,125,8,0.05
72,21,5,2,9,18,107,109,10,0.0625
72,22,6,2,11,9,88,87,11,0.06875
72,23,7,2,4,17,82,84,5,0.03125
72,24,0,3,3,10,82,80,8,0.05
72,25,1,3,15,13,108,108,8,0.05
72,26,2,3,18,17,132,132,6,0.0375
72,27,3,3,28,15,151,145,9,0.05625
72,28,4,3,28,15,146,143,9,0.05625
72,29,5,3,19,15,145,141,9,0.05625
72,30,6,3,8,21,115,111,12,0.075
72,31,7,3,14,12,98,100,4,0.025
72,32,0,4,6,22,91,90,5,0.03125
72,33,1,4,1,23,96,100,5,0.03125
72,34,2,4,18,21,125,126,7,0.04375
72,35,3,4,31,11,146,142,8,0.05
72,36,4,4,29,12,153,149,8,0.05
72,37,5,4,35,15,161,163,7,0.04375
72,38,6,4,16,10,120,118,9,0.05625
72,39,7,4,11,24,110,108,5,0.03125
72,40,0,5,5,17,79,79,5,0.03125
72,41,1,5,5,14,81,82,10,0.0625
72,42,2,5,20,16,122,118,9,0.05625
72,43,3,5,35,13,136,135,8,0.05
72,44,4,5,24,18,129,122,11,0.06875
72,45,5,5,11,18,134,133,7,0.04375
72,46,6,5,3,17,97,94,9,0.05625
72,47,7,5,12,20,93,94,5,0.03125
72,48,0,6,8,17,62,64,4,0.025
72,49,1,6,9,11,76,77,6,0.0375
72,50,2,6,25,16,111,114,6,0.0375
72,51,3,6,28,16,123,121,9,0.05625
72,52,4,6,22,9,107,111,4,0.025
72,53,5,6,23,18,126,125,5,0.03125
72,54,6,6,15,16,92,95,5,0.03125
72,55,7,6,9,17,69,68,3,0.01875
72,56,0,7,6,13,36,35,5,0.03125
72,57,1,7,13,14,63,64,6,0.0375
72,58,2,7,19,24,88,88,6,0.0375
72,59,3,7,28,15,100,99,7,0.04375
72,60,4,7,29,6,90,88,5,0.03125
72,61,5,7,23,23,91,92,8,0.05
72,62,6,7,8,14,59,60,8,0.05
72,63,7,7,8,19,39,41,4,0.025
73,0,0,0,7,24,49,48,5,0.03125
73,1,1,0,13,19,68,68,7,0.04375
73,2,2,0,32,22,107,110,6,0.0375
73,3,3,0,30,17,121,116,7,0.04375
73,4,4,0,33,26,116,117,5,0.03125
73,5,5,0,17,15,77,77,8,0.05
73,6,6,0,6,18,58,59,6,0.0375
73,7,7,0,9,25,45,44,3,0.01875
73,8,0,1,11,12,75,75,4,0.025
73,9,1,1,13,19,92,93,6,0.0375
73,10,2,1,24,14,120,124,5,0.03125
73,11,3,1,29,29,134,134,10,0.0625
73,12,4,1,27,14,127,126,9,0.05625
73,13,5,1,7,18,94,92,9,0.05625
73,14,6,1,5,19,77,77,10,0.0625
73,15,7,1,7,13,61,61,4,0.025
73,16,0,2,4,17,83,85,5,0.03125
73,17,1,2,8,15,93,96,5,0.03125
73,18,2,2,14,13,125,125,8,0.05
73,19,3,2,39,17,154,157,6,0.0375
73,20,4,2,32,13,150,153,5,0.03125
73,21,5,2,11,14,116,121,7,0.04375
73,22,6,2,6,16,96,99,8,0.05
73,23,7,2,8,20,81,82,5,0.03125
73,24,0,3,12,15,100,102,5,0.03125
73,25,1,3,9,14,116,116,7,0.04375
73,26,2,3,28,16,154,149,11,0.06875
73,27,3,3,32,18,160,160,10,0.0625
73,28,4,3,28,15,153,158,4,0.025
73,29,5,3,11,15,121,126,5,0.03125
73,30,6,3,8,5,94,99,8,0.05
73,31,7,3,4,14,79,76,5,0.03125
73,32,0,4,6,30,90,94,3,0.01875
73,33,1,4,13,17,111,108,7,0.04375
73,34,2,4,16,15,135,135,8,0.05
73,35,3,4,30,16,158,162,4,0.025
73,36,4,4,33,11,156,157,5,0.03125
73,37,5,4,13,19,127,125,10,0.0625
73,38,6,4,7,18,96,98,6,0.0375
73,39,7,4,5,15,78,78,3,0.01875
73,40,0,5,6,26,82,84,4,0.025
73,41,1,5,7,27,101,102,8,0.05
73,42,2,5,17,16,115,118,8,0.05
73,43,3,5,29,15,140,138,9,0.05625
73,44,4,5,33,14,138,141,6,0.0375
73,45,5,5,18,11,114,112,10,0.0625
73,46,6,5,15,12,83,87,8,0.05
73,47,7,5,8,15,77,76,5,0.03125
73,48,0,6,8,15,66,63,4,0.025
73,49,1,6,11,21,87,86,6,0.0375
73,50,2,6,21,9,103,102,8,0.05
73,51,3,6,30,13,126,127,6,0.0375
73,52,4,6,30,16,121,121,4,0.025
73,53,5,6,15,17,103,103,7,0.04375
73,54,6,6,2,16,75,70,10,0.0625
73,55,7,6,9,12,66,66,5,0.03125
73,56,0,7,12,10,41,42,4,0.025
73,57,1,7,7,12,65,67,5,0.03125
73,58,2,7,20,20,94,94,5,0.03125
73,59,3,7,26,15,104,112,0,0.0
73,60,4,7,19,18,104,104,5,0.03125
73,61,5,7,23,18,91,92,7,0.04375
73,62,6,7,8,16,63,62,8,0.05
73,63,7,7,12,15,45,44,4,0.025
74,0,0,0,13,18,40,42,3,0.01875
74,1,1,0,7,17,63,66,7,0.04375
74,2,2,0,26,21,92,93,5,0.03125
74,3,3,0,30,24,114,115,7,0.04375
74,4,4,0,39,22,116,119,4,0.025
74,5,5,0,20,24,98,99,7,0.04375
74,6,6,0,10,15,65,63,7,0.04375
74,7,7,0,9,17,41,41,3,0.01875
74,8,0,1,14,18,64,64,4,0.025
74,9,1,1,13,12,93,90,7,0.04375
74,10,2,1,22,16,120,118,9,0.05625
74,11,3,1,35,24,147,149,6,0.0375
74,12,4,1,21,17,118,121,5,0.03125
74,13,5,1,12,10,94,95,8,0.05
74,14,6,1,4,13,68,71,7,0.04375
74,15,7,1,5,14,55,55,5,0.03125
74,16,0,2,8,11,72,73,4,0.025
74,17,1,2,7,16,96,93,8,0.05
74,18,2,2,12,14,117,117,8,0.05
74,19,3,2,35,12,152,150,8,0.05
74,20,4,2,36,11,145,140,10,0.0625
74,21,5,2,20,18,132,130,8,0.05
74,22,6,2,4,16,100,95,11,0.06875
74,23,7,2,8,23,80,80,4,0.025
74,24,0,3,7,18,82,82,5,0.03125
74,25,1,3,10,16,110,109,7,0.04375
74,26,2,3,21,23,144,148,7,0.04375
74,27,3,3,28,11,159,160,10,0.0625
74,28,4,3,35,13,149,145,8,0.05
74,29,5,3,21,26,147,144,8,0.05
74,30,6,3,10,16,117,116,8,0.05
74,31,7,3,14,15,94,94,5,0.03125
74,32,0,4,6,19,88,86,5,0.03125
74,33,1,4,9,15,104,106,6,0.0375
74,34,2,4,19,23,139,136,8,0.05
74,35,3,4,34,15,156,154,5,0.03125
74,36,4,4,27,11,153,152,9,0.05625
74,37,5,4,19,16,138,139,9,0.05625
74,38,6,4,12,15,114,113,9,0.05625
74,39,7,4,11,16,90,91,4,0.025
74,40,0,5,7,12,83,80,4,0.025
74,41,1,5,6,15,95,94,9,0.05625
74,42,2,5,14,15,123,121,7,0.04375
74,43,3,5,26,15,141,141,9,0.05625
74,44,4,5,30,17,148,147,8,0.05
74,45,5,5,24,8,127,126,11,0.06875
74,46,6,5,7,18,107,107,8,0.05
74,47,7,5,11,20,84,86,4,0.025
74,48,0,6,8,16,62,65,4,0.025
74,49,1,6,10,14,79,79,8,0.05
74,50,2,6,9,11,96,97,6,0.0375
74,51,3,6,32,25,127,130,3,0.01875
74,52,4,6,23,18,140,141,2,0.0125
74,53,5,6,25,17,121,118,7,0.04375
74,54,6,6,20,21,101,103,8,0.05
74,55,7,6,11,16,71,70,5,0.03125
74,56,0,7,5,26,45,44,5,0.03125
74,57,1,7,13,18,66,63,8,0.05
74,58,2,7,20,14,86,85,7,0.04375
74,59,3,7,29,16,106,101,4,0.025
74,60,4,7,32,22,114,115,4,0.025
74,61,5,7,20,16,94,94,5,0.03125
74,62,6,7,17,19,82,81,9,0.05625
74,63,7,7,8,18,47,47,5,0.03125
75,0,0,0,9,14,37,35,5,0.03125
75,1,1,0,9,14,55,51,9,0.05625
75,2,2,0,19,15,85,83,6,0.0375
75,3,3,0,38,20,114,116,6,0.0375
75,4,4,0,31,15,108,103,6,0.0375
75,5,5,0,26,15,92,91,7,0.04375
75,6,6,0,9,16,63,63,8,0.05
75,7,7,0,10,18,45,43,6,0.0375
75,8,0,1,8,21,68,65,7,0.04375
75,9,1,1,14,19,90,90,8,0.05
75,10,2,1,24,19,118,119,8,0.05
75,11,3,1,26,34,155,155,7,0.04375
75,12,4,1,29,18,124,125,4,0.025
75,13,5,1,22,17,113,113,8,0.05
75,14,6,1,14,16,86,84,9,0.05625
75,15,7,1,4,17,62,58,9,0.05625
75,16,0,2,8,15,90,84,10,0.0625
75,17,1,2,8,19,105,108,6,0.0375
75,18,2,2,16,6,117,117,10,0.0625
75,19,3,2,31,12,163,159,10,0.0625
75,20,4,2,28,18,146,150,8,0.05
75,21,5,2,20,20,130,129,9,0.05625
75,22,6,2,9,21,93,99,6,0.0375
75,23,7,2,6,12,76,70,10,0.0625
75,24,0,3,11,16,101,98,7,0.04375
75,25,1,3,12,19,123,123,8,0.05
75,26,2,3,23,15,128,129,5,0.03125
75,27,3,3,28,18,157,159,6,0.0375
75,28,4,3,30,18,156,158,7,0.04375
75,29,5,3,21,17,139,141,7,0.04375
75,30,6,3,12,11,99,101,7,0.04375
75,31,7,3,12,11,88,87,8,0.05
75,32,0,4,12,13,87,85,6,0.0375
75,33,1,4,2,13,96,95,7,0.04375
75,34,2,4,15,13,111,114,7,0.04375
75,35,3,4,20,24,150,149,6,0.0375
75,36,4,4,31,12,156,157,6,0.0375
75,37,5,4,26,14,158,158,8,0.05
75,38,6,4,14,17,114,115,7,0.04375
75,39,7,4,13,21,95,91,8,0.05
75,40,0,5,12,13,79,82,4,0.025
75,41,1,5,11,17,101,102,9,0.05625
75,42,2,5,14,13,112,111,9,0.05625
75,43,3,5,32,13,135,137,9,0.05625
75,44,4,5,25,14,135,137,6,0.0375
75,45,5,5,12,16,114,117,8,0.05
75,46,6,5,15,19,102,100,10,0.0625
75,47,7,5,2,18,69,69,4,0.025
75,48,0,6,5,21,61,60,3,0.01875
75,49,1,6,7,18,68,67,9,0.05625
75,50,2,6,11,19,88,89,7,0.04375
75,51,3,6,31,11,111,105,10,0.0625
75,52,4,6,25,14,117,112,9,0.05625
75,53,5,6,17,24,97,98,9,0.05625
75,54,6,6,4,20,76,74,9,0.05625
75,55,7,6,6,13,52,53,4,0.025
75,56,0,7,12,17,44,44,4,0.025
75,57,1,7,11,12,64,64,7,0.04375
75,58,2,7,24,22,101,101,8,0.05
75,59,3,7,31,19,110,107,8,0.05
75,60,4,7,34,25,113,110,8,0.05
75,61,5,7,28,16,94,95,5,0.03125
75,62,6,7,9,15,66,67,8,0.05
75,63,7,7,10,16,40,41,4,0.025
76,0,0,0,27,29,81,82,3,0.01875
76,1,1,0,14,24,103,104,9,0.05625
76,2,2,0,33,24,136,135,7,0.04375
76,3,3,0,27,29,154,155,3,0.01875
76,4,4,0,17,28,141,146,3,0.01875
76,5,5,0,34,21,128,130,5,0.03125
76,6,6,0,14,18,90,89,8,0.05
76,7,7,0,23,29,71,73,4,0.025
76,8,0,1,26,25,112,116,4,0.025
76,9,1,1,18,27,126,126,8,0.05
76,10,2,1,30,25,171,172,6,0.0375
76,11,3,1,31,50,214,211,7,0.04375
76,12,4,1,32,19,180,177,7,0.04375
76,13,5,1,26,28,176,178,6,0.0375
76,14,6,1,21,21,127,128,7,0.04375
76,15,7,1,26,30,124,127,5,0.03125
76,16,0,2,28,20,139,145,4,0.025
76,17,1,2,20,18,156,151,9,0.05625
76,18,2,2,23,18,194,195,7,0.04375
76,19,3,2,23,31,229,238,3,0.01875
76,20,4,2,29,23,201,201,6,0.0375
76,21,5,2,28,31,211,213,7,0.04375
76,22,6,2,26,21,161,160,7,0.04375
76,23,7,2,24,32,152,160,2,0.0125
76,24,0,3,21,18,144,148,4,0.025
76,25,1,3,21,25,166,169,5,0.03125
76,26,2,3,29,43,232,231,7,0.04375
76,27,3,3,30,22,252,254,4,0.025
76,28,4,3,22,20,211,211,6,0.0375
76,29,5,3,22,27,201,201,6,0.0375
76,30,6,3,16,22,157,155,9,0.05625
76,31,7,3,24,23,154,155,5,0.03125
76,32,0,4,23,26,147,148,5,0.03125
76,33,1,4,22,25,169,165,11,0.06875
76,34,2,4,34,19,213,212,7,0.04375
76,35,3,4,25,26,233,231,10,0.0625
76,36,4,4,20,20,212,210,8,0.05
76,37,5,4,26,27,212,211,9,0.05625
76,38,6,4,23,24,174,173,8,0.05
76,39,7,4,28,28,156,155,9,0.05625
76,40,0,5,24,26,133,130,6,0.0375
76,41,1,5,26,23,163,161,10,0.0625
76,42,2,5,29,25,195,194,11,0.06875
76,43,3,5,26,23,215,215,8,0.05
76,44,4,5,33,28,207,204,8,0.05
76,45,5,5,24,26,195,192,10,0.0625
76,46,6,5,25,29,162,162,9,0.05625
76,47,7,5,35,23,143,138,9,0.05625
76,48,0,6,20,31,99,99,5,0.03125
76,49,1,6,17,22,125,124,11,0.06875
76,50,2,6,20,24,158,155,10,0.0625
76,51,3,6,29,19,186,186,9,0.05625
76,52,4,6,34,25,182,182,9,0.05625
76,53,5,6,23,30,169,167,10,0.0625
76,54,6,6,20,27,130,133,7,0.04375
76,55,7,6,20,32,109,107,7,0.04375
76,56,0,7,26,24,70,72,3,0.01875
76,57,1,7,22,18,101,102,7,0.04375
76,58,2,7,29,21,127,127,7,0.04375
76,59,3,7,35,32,154,156,5,0.03125
76,60,4,7,26,25,141,142,6,0.0375
76,61,5,7,30,25,133,132,7,0.04375
76,62,6,7,16,23,103,104,8,0.05
76,63,7,7,23,25,73,74,3,0.01875
77,0,0,0,4,14,38,39,3,0.01875
77,1,1,0,11,15,62,65,6,0.0375
77,2,2,0,22,22,85,87,5,0.03125
77,3,3,0,27,25,110,106,7,0.04375
77,4,4,0,33,17,106,105,3,0.01875
77,5,5,0,19,11,86,84,7,0.04375
77,6,6,0,15,22,73,74,8,0.05
77,7,7,0,6,21,43,41,5,0.03125
77,8,0,1,7,18,64,63,4,0.025
77,9,1,1,11,25,86,87,7,0.04375
77,10,2,1,24,16,108,106,8,0.05
77,11,3,1,33,27,143,149,3,0.01875
77,12,4,1,34,15,131,132,5,0.03125
77,13,5,1,13,16,99,97,9,0.05625
77,14,6,1,5,21,93,93,8,0.05
77,15,7,1,14,19,67,69,5,0.03125
77,16,0,2,6,14,75,74,6,0.0375
77,17,1,2,12,17,108,109,7,0.04375
77,18,2,2,21,13,119,124,3,0.01875
77,19,3,2,32,14,153,150,7,0.04375
77,20,4,2,25,25,150,151,7,0.04375
77,21,5,2,12,16,117,114,10,0.0625
77,22,6,2,3,18,115,111,10,0.0625
77,23,7,2,17,18,89,86,5,0.03125
77,24,0,3,14,16,99,98,4,0.025
77,25,1,3,16,19,144,138,9,0.05625
77,26,2,3,24,23,145,145,7,0.04375
77,27,3,3,37,17,164,163,5,0.03125
77,28,4,3,32,19,150,152,4,0.025
77,29,5,3,16,20,128,124,10,0.0625
77,30,6,3,13,16,119,120,7,0.04375
77,31,7,3,5,9,84,85,5,0.03125
77,32,0,4,13,19,94,96,4,0.025
77,33,1,4,12,21,123,126,8,0.05
77,34,2,4,26,19,141,141,8,0.05
77,35,3,4,27,13,154,154,8,0.05
77,36,4,4,32,12,140,138,9,0.05625
77,37,5,4,16,21,124,123,9,0.05625
77,38,6,4,9,8,99,97,12,0.075
77,39,7,4,2,18,77,81,6,0.0375
77,40,0,5,8,15,81,84,4,0.025
77,41,1,5,14,12,98,99,9,0.05625
77,42,2,5,17,15,118,122,6,0.0375
77,43,3,5,27,14,134,133,8,0.05
77,44,4,5,25,15,134,139,3,0.01875
77,45,5,5,16,22,121,124,8,0.05
77,46,6,5,11,20,105,105,8,0.05
77,47,7,5,5,16,77,78,7,0.04375
77,48,0,6,8,19,65,65,5,0.03125
77,49,1,6,9,18,76,77,8,0.05
77,50,2,6,11,14,89,91,7,0.04375
77,51,3,6,32,17,110,110,10,0.0625
77,52,4,6,21,13,102,103,7,0.04375
77,53,5,6,15,12,93,96,6,0.0375
77,54,6,6,8,19,81,77,9,0.05625
77,55,7,6,2,11,51,53,5,0.03125
77,56,0,7,8,20,42,41,4,0.025
77,57,1,7,14,14,67,64,8,0.05
77,58,2,7,22,16,95,97,6,0.0375
77,59,3,7,27,15,102,105,2,0.0125
77,60,4,7,27,13,98,99,5,0.03125
77,61,5,7,24,14,84,84,7,0.04375
77,62,6,7,10,15,59,59,7,0.04375
77,63,7,7,9,11,36,34,5,0.03125
78,0,0,0,1,21,34,32,5,0.03125
78,1,1,0,4,12,45,44,8,0.05
78,2,2,0,13,20,71,68,7,0.04375
78,3,3,0,37,15,102,106,5,0.03125
78,4,4,0,26,16,113,115,2,0.0125
78,5,5,0,25,11,95,94,6,0.0375
78,6,6,0,13,21,65,66,7,0.04375
78,7,7,0,9,14,39,41,4,0.025
78,8,0,1,7,17,59,59,5,0.03125
78,9,1,1,4,21,81,80,9,0.05625
78,10,2,1,22,17,106,106,8,0.05
78,11,3,1,34,33,138,135,7,0.04375
78,12,4,1,29,19,130,130,5,0.03125
78,13,5,1,19,12,100,101,5,0.03125
78,14,6,1,11,15,84,83,9,0.05625
78,15,7,1,6,17,60,60,5,0.03125
78,16,0,2,15,16,80,81,5,0.03125
78,17,1,2,7,17,105,108,6,0.0375
78,18,2,2,24,16,131,130,5,0.03125
78,19,3,2,36,24,155,153,6,0.0375
78,20,4,2,33,16,147,149,4,0.025
78,21,5,2,19,20,119,122,5,0.03125
78,22,6,2,11,13,97,99,9,0.05625
78,23,7,2,1,24,73,73,6,0.0375
78,24,0,3,11,17,83,82,7,0.04375
78,25,1,3,12,19,113,117,7,0.04375
78,26,2,3,27,14,132,131,8,0.05
78,27,3,3,34,15,163,164,3,0.01875
78,28,4,3,27,18,151,150,5,0.03125
78,29,5,3,16,11,114,118,8,0.05
78,30,6,3,1,23,112,111,8,0.05
78,31,7,3,11,22,89,89,4,0.025
78,32,0,4,8,18,82,81,4,0.025
78,33,1,4,13,16,117,118,7,0.04375
78,34,2,4,26,19,133,135,6,0.0375
78,35,3,4,25,18,154,159,4,0.025
78,36,4,4,31,17,155,159,7,0.04375
78,37,5,4,20,22,123,122,9,0.05625
78,38,6,4,4,19,103,105,9,0.05625
78,39,7,4,9,12,81,81,5,0.03125
78,40,0,5,8,14,75,75,3,0.01875
78,41,1,5,9,16,110,112,6,0.0375
78,42,2,5,27,21,124,123,7,0.04375
78,43,3,5,23,19,137,138,7,0.04375
78,44,4,5,34,13,150,148,6,0.0375
78,45,5,5,24,15,125,123,10,0.0625
78,46,6,5,10,14,101,103,8,0.05
78,47,7,5,10,14,77,79,6,0.0375
78,48,0,6,8,12,54,54,4,0.025
78,49,1,6,10,25,88,91,7,0.04375
78,50,2,6,23,17,108,106,10,0.0625
78,51,3,6,35,14,123,125,8,0.05
78,52,4,6,31,20,124,125,6,0.0375
78,53,5,6,4,8,81,79,8,0.05
78,54,6,6,4,14,69,72,6,0.0375
78,55,7,6,10,19,62,62,5,0.03125
78,56,0,7,9,14,35,33,5,0.03125
78,57,1,7,11,15,56,57,9,0.05625
78,58,2,7,29,14,87,84,9,0.05625
78,59,3,7,30,16,95,87,10,0.0625
78,60,4,7,21,21,87,84,9,0.05625
78,61,5,7,11,18,72,72,7,0.04375
78,62,6,7,8,18,60,61,7,0.04375
78,63,7,7,8,8,32,33,4,0.025
79,0,0,0,13,15,48,48,3,0.01875
79,1,1,0,13,18,69,69,8,0.05
79,2,2,0,26,20,99,98,8,0.05
79,3,3,0,35,17,114,113,5,0.03125
79,4,4,0,28,17,112,107,6,0.0375
79,5,5,0,16,19,93,95,6,0.0375
79,6,6,0,14,17,66,64,8,0.05
79,7,7,0,9,18,45,44,5,0.03125
79,8,0,1,10,17,71,72,5,0.03125
79,9,1,1,14,16,89,90,8,0.05
79,10,2,1,20,19,126,125,8,0.05
79,11,3,1,30,28,141,142,5,0.03125
79,12,4,1,32,13,130,129,7,0.04375
79,13,5,1,19,14,107,108,6,0.0375
79,14,6,1,5,10,68,67,8,0.05
79,15,7,1,7,21,69,66,7,0.04375
79,16,0,2,11,23,87,87,4,0.025
79,17,1,2,11,14,94,92,7,0.04375
79,18,2,2,21,19,143,139,6,0.0375
79,19,3,2,29,20,156,154,8,0.05
79,20,4,2,27,15,150,149,5,0.03125
79,21,5,2,19,16,129,128,8,0.05
79,22,6,2,5,19,89,90,8,0.05
79,23,7,2,17,10,91,90,5,0.03125
79,24,0,3,9,16,94,94,6,0.0375
79,25,1,3,10,12,95,93,9,0.05625
79,26,2,3,21,23,141,143,5,0.03125
79,27,3,3,20,23,154,154,5,0.03125
79,28,4,3,34,13,154,150,8,0.05
79,29,5,3,23,16,139,139,8,0.05
79,30,6,3,17,19,114,113,9,0.05625
79,31,7,3,9,18,96,96,5,0.03125
79,32,0,4,15,22,104,103,6,0.0375
79,33,1,4,14,16,109,105,12,0.075
79,34,2,4,30,19,146,144,7,0.04375
79,35,3,4,29,9,148,144,8,0.05
79,36,4,4,29,9,138,138,8,0.05
79,37,5,4,10,8,110,112,8,0.05
79,38,6,4,12,14,96,98,8,0.05
79,39,7,4,3,18,90,87,9,0.05625
79,40,0,5,9,16,83,81,5,0.03125
79,41,1,5,7,15,88,86,8,0.05
79,42,2,5,26,16,119,120,7,0.04375
79,43,3,5,26,15,138,135,11,0.06875
79,44,4,5,27,20,142,138,7,0.04375
79,45,5,5,16,20,115,117,8,0.05
79,46,6,5,6,13,95,95,7,0.04375
79,47,7,5,10,7,90,87,8,0.05
79,48,0,6,10,19,63,63,5,0.03125
79,49,1,6,8,15,76,73,8,0.05
79,50,2,6,23,17,99,103,6,0.0375
79,51,3,6,28,17,124,126,6,0.0375
79,52,4,6,30,17,120,120,6,0.0375
79,53,5,6,14,18,87,90,7,0.04375
79,54,6,6,9,14,76,77,6,0.0375
79,55,7,6,7,21,76,75,5,0.03125
79,56,0,7,8,13,31,33,4,0.025
79,57,1,7,2,8,41,43,7,0.04375
79,58,2,7,18,12,61,62,7,0.04375
79,59,3,7,32,15,83,87,7,0.04375
79,60,4,7,22,11,80,81,9,0.05625
79,61,5,7,8,9,62,61,7,0.04375
79,62,6,7,2,16,56,53,9,0.05625
79,63,7,7,7,23,46,45,5,0.03125
80,0,0,0,12,17,43,44,4,0.025
80,1,1,0,10,21,70,69,8,0.05
80,2,2,0,20,13,88,92,5,0.03125
80,3,3,0,34,17,111,112,4,0.025
80,4,4,0,32,21,110,111,6,0.0375
80,5,5,0,18,18,84,82,9,0.05625
80,6,6,0,7,22,62,63,7,0.04375
80,7,7,0,6,17,34,35,4,0.025
80,8,0,1,8,19,63,64,4,0.025
80,9,1,1,7,19,92,90,8,0.05
80,10,2,1,20,15,101,103,7,0.04375
80,11,3,1,33,31,140,136,9,0.05625
80,12,4,1,31,19,130,129,7,0.04375
80,13,5,1,16,13,104,99,10,0.0625
80,14,6,1,5,17,78,79,8,0.05
80,15,7,1,8,26,64,68,4,0.025
80,16,0,2,6,23,87,87,5,0.03125
80,17,1,2,14,17,115,115,7,0.04375
80,18,2,2,24,14,118,117,7,0.04375
80,19,3,2,33,16,149,148,9,0.05625
80,20,4,2,30,16,150,148,6,0.0375
80,21,5,2,27,13,134,132,11,0.06875
80,22,6,2,7,18,108,110,7,0.04375
80,23,7,2,12,14,88,88,5,0.03125
80,24,0,3,12,17,93,94,4,0.025
80,25,1,3,11,13,117,116,10,0.0625
80,26,2,3,22,13,138,135,8,0.05
80,27,3,3,29,19,166,166,5,0.03125
80,28,4,3,40,14,150,152,7,0.04375
80,29,5,3,24,10,141,139,8,0.05
80,30,6,3,10,19,110,110,9,0.05625
80,31,7,3,6,13,93,91,7,0.04375
80,32,0,4,7,22,87,85,7,0.04375
80,33,1,4,6,12,104,103,11,0.06875
80,34,2,4,21,20,132,132,8,0.05
80,35,3,4,32,20,165,166,7,0.04375
80,36,4,4,36,13,158,159,6,0.0375
80,37,5,4,16,14,132,132,7,0.04375
80,38,6,4,1,11,90,93,5,0.03125
80,39,7,4,10,15,95,95,6,0.0375
80,40,0,5,12,14,71,71,5,0.03125
80,41,1,5,9,21,97,98,8,0.05
80,42,2,5,18,16,120,121,5,0.03125
80,43,3,5,37,19,146,151,7,0.04375
80,44,4,5,32,19,146,149,6,0.0375
80,45,5,5,14,23,119,122,5,0.03125
80,46,6,5,4,19,86,86,6,0.0375
80,47,7,5,10,13,84,90,3,0.01875
80,48,0,6,2,12,49,49,4,0.025
80,49,1,6,13,15,72,75,7,0.04375
80,50,2,6,20,12,103,101,6,0.0375
80,51,3,6,32,21,121,119,9,0.05625
80,52,4,6,23,15,117,113,9,0.05625
80,53,5,6,16,13,94,92,8,0.05
80,54,6,6,6,17,70,66,8,0.05
80,55,7,6,2,19,63,60,7,0.04375
80,56,0,7,8,14,35,34,4,0.025
80,57,1,7,13,12,53,54,5,0.03125
80,58,2,7,22,19,83,84,5,0.03125
80,59,3,7,18,16,87,83,10,0.0625
80,60,4,7,30,22,97,99,7,0.04375
80,61,5,7,18,23,84,85,7,0.04375
80,62,6,7,9,10,49,50,8,0.05
80,63,7,7,4,17,34,35,4,0.025
81,0,0,0,10,15,38,37,5,0.03125
81,1,1,0,11,15,65,65,8,0.05
81,2,2,0,25,15,89,89,5,0.03125
81,3,3,0,28,14,104,104,5,0.03125
81,4,4,0,26,18,99,99,5,0.03125
81,5,5,0,18,21,80,81,7,0.04375
81,6,6,0,11,14,51,50,7,0.04375
81,7,7,0,6,15,35,35,4,0.025
81,8,0,1,4,14,50,48,4,0.025
81,9,1,1,6,21,78,79,8,0.05
81,10,2,1,4,16,88,89,5,0.03125
81,11,3,1,31,24,121,125,7,0.04375
81,12,4,1,28,11,110,112,7,0.04375
81,13,5,1,25,10,96,101,5,0.03125
81,14,6,1,10,19,72,72,8,0.05
81,15,7,1,8,10,61,56,7,0.04375
81,16,0,2,7,10,58,58,5,0.03125
81,17,1,2,7,17,97,94,12,0.075
81,18,2,2,28,16,125,124,10,0.0625
81,19,3,2,34,19,150,148,12,0.075
81,20,4,2,28,14,131,124,12,0.075
81,21,5,2,13,13,106,108,8,0.05
81,22,6,2,6,13,82,80,8,0.05
81,23,7,2,4,18,72,73,5,0.03125
81,24,0,3,3,11,70,68,7,0.04375
81,25,1,3,15,9,104,100,13,0.08125
81,26,2,3,21,19,132,132,9,0.05625
81,27,3,3,35,10,161,157,8,0.05
81,28,4,3,28,17,153,153,7,0.04375
81,29,5,3,15,19,131,131,8,0.05
81,30,6,3,10,19,105,106,9,0.05625
81,31,7,3,13,11,88,89,6,0.0375
81,32,0,4,5,11,73,76,4,0.025
81,33,1,4,6,11,90,95,8,0.05
81,34,2,4,16,11,132,132,8,0.05
81,35,3,4,32,14,153,152,7,0.04375
81,36,4,4,27,13,150,146,9,0.05625
81,37,5,4,21,14,133,135,7,0.04375
81,38,6,4,9,8,99,95,9,0.05625
81,39,7,4,9,20,84,84,8,0.05
81,40,0,5,3,13,62,64,4,0.025
81,41,1,5,10,23,94,95,7,0.04375
81,42,2,5,18,17,134,134,7,0.04375
81,43,3,5,35,18,137,134,8,0.05
81,44,4,5,25,15,121,119,7,0.04375
81,45,5,5,12,15,102,101,7,0.04375
81,46,6,5,11,19,79,76,9,0.05625
81,47,7,5,6,14,62,60,4,0.025
81,48,0,6,10,20,54,55,4,0.025
81,49,1,6,3,13,64,62,9,0.05625
81,50,2,6,18,23,107,102,10,0.0625
81,51,3,6,24,12,103,100,11,0.06875
81,52,4,6,29,18,114,115,10,0.0625
81,53,5,6,15,16,102,104,5,0.03125
81,54,6,6,6,11,69,73,6,0.0375
81,55,7,6,8,12,53,59,3,0.01875
81,56,0,7,14,13,38,39,4,0.025
81,57,1,7,8,18,54,52,8,0.05
81,58,2,7,14,17,67,66,7,0.04375
81,59,3,7,26,13,72,74,9,0.05625
81,60,4,7,19,11,68,68,7,0.04375
81,61,5,7,3,19,57,57,7,0.04375
81,62,6,7,4,12,41,43,7,0.04375
81,63,7,7,5,20,32,32,4,0.025
82,0,0,0,30,23,71,71,5,0.03125
82,1,1,0,16,18,100,100,7,0.04375
82,2,2,0,27,28,144,143,6,0.0375
82,3,3,0,25,24,159,161,2,0.0125
82,4,4,0,36,22,154,154,6,0.0375
82,5,5,0,26,28,130,130,8,0.05
82,6,6,0,24,24,102,103,8,0.05
82,7,7,0,22,21,60,58,5,0.03125
82,8,0,1,26,30,109,110,4,0.025
82,9,1,1,23,26,142,143,8,0.05
82,10,2,1,24,35,180,177,10,0.0625
82,11,3,1,27,51,223,221,9,0.05625
82,12,4,1,35,29,188,188,7,0.04375
82,13,5,1,26,24,172,170,8,0.05
82,14,6,1,23,18,135,133,9,0.05625
82,15,7,1,19,29,93,98,4,0.025
82,16,0,2,21,24,121,121,5,0.03125
82,17,1,2,19,26,165,165,10,0.0625
82,18,2,2,27,25,193,192,9,0.05625
82,19,3,2,36,29,249,254,7,0.04375
82,20,4,2,31,26,203,211,7,0.04375
82,21,5,2,15,28,178,181,5,0.03125
82,22,6,2,20,25,140,141,8,0.05
82,23,7,2,17,24,115,115,4,0.025
82,24,0,3,28,36,141,144,5,0.03125
82,25,1,3,18,25,172,178,7,0.04375
82,26,2,3,26,16,203,207,6,0.0375
82,27,3,3,27,39,271,272,7,0.04375
82,28,4,3,30,21,226,226,7,0.04375
82,29,5,3,34,23,207,207,8,0.05
82,30,6,3,20,22,162,160,10,0.0625
82,31,7,3,27,24,140,139,8,0.05
82,32,0,4,25,23,125,125,5,0.03125
82,33,1,4,22,28,167,166,9,0.05625
82,34,2,4,28,30,201,203,7,0.04375
82,35,3,4,26,28,263,262,7,0.04375
82,36,4,4,31,30,238,246,1,0.00625
82,37,5,4,29,20,210,211,5,0.03125
82,38,6,4,20,19,163,161,10,0.0625
82,39,7,4,19,16,124,125,6,0.0375
82,40,0,5,24,26,117,117,3,0.01875
82,41,1,5,22,18,149,148,8,0.05
82,42,2,5,29,21,196,197,4,0.025
82,43,3,5,29,30,225,228,6,0.0375
82,44,4,5,23,29,207,209,6,0.0375
82,45,5,5,22,34,193,193,7,0.04375
82,46,6,5,23,22,155,158,7,0.04375
82,47,7,5,28,31,121,120,6,0.0375
82,48,0,6,21,22,100,99,5,0.03125
82,49,1,6,22,21,130,129,9,0.05625
82,50,2,6,19,34,167,176,3,0.01875
82,51,3,6,30,19,187,190,9,0.05625
82,52,4,6,26,22,173,176,6,0.0375
82,53,5,6,23,28,146,145,7,0.04375
82,54,6,6,16,28,120,117,9,0.05625
82,55,7,6,19,26,86,83,5,0.03125
82,56,0,7,21,22,65,64,5,0.03125
82,57,1,7,20,21,90,89,7,0.04375
82,58,2,7,30,16,119,119,7,0.04375
82,59,3,7,32,22,152,158,2,0.0125
82,60,4,7,22,24,147,149,3,0.01875
82,61,5,7,32,18,134,136,4,0.025
82,62,6,7,19,27,110,108,8,0.05
82,63,7,7,24,12,60,59,5,0.03125
83,0,0,0,3,18,33,34,4,0.025
83,1,1,0,10,13,52,53,8,0.05
83,2,2,0,25,12,81,82,6,0.0375
83,3,3,0,32,11,106,103,5,0.03125
83,4,4,0,29,16,105,105,6,0.0375
83,5,5,0,16,24,91,90,7,0.04375
83,6,6,0,10,13,56,56,6,0.0375
83,7,7,0,11,15,38,40,4,0.025
83,8,0,1,8,20,65,66,4,0.025
83,9,1,1,20,19,99,96,10,0.0625
83,10,2,1,33,21,116,117,7,0.04375
83,11,3,1,25,32,132,134,6,0.0375
83,12,4,1,19,18,106,103,9,0.05625
83,13,5,1,4,19,99,100,7,0.04375
83,14,6,1,2,23,74,76,7,0.04375
83,15,7,1,5,9,49,49,4,0.025
83,16,0,2,3,22,83,82,5,0.03125
83,17,1,2,7,17,109,110,11,0.06875
83,18,2,2,15,13,109,111,9,0.05625
83,19,3,2,23,24,144,144,6,0.0375
83,20,4,2,35,15,138,138,6,0.0375
83,21,5,2,20,13,130,130,6,0.0375
83,22,6,2,8,16,107,106,8,0.05
83,23,7,2,7,15,71,72,4,0.025
83,24,0,3,8,17,90,89,5,0.03125
83,25,1,3,8,27,123,121,7,0.04375
83,26,2,3,19,7,105,102,9,0.05625
83,27,3,3,22,19,151,153,7,0.04375
83,28,4,3,28,14,147,148,5,0.03125
83,29,5,3,28,13,144,147,5,0.03125
83,30,6,3,12,9,118,121,6,0.0375
83,31,7,3,8,19,85,89,3,0.01875
83,32,0,4,9,14,83,83,4,0.025
83,33,1,4,10,18,124,122,10,0.0625
83,34,2,4,22,10,119,118,8,0.05
83,35,3,4,28,14,155,156,7,0.04375
83,36,4,4,29,16,148,145,5,0.03125
83,37,5,4,18,9,137,131,10,0.0625
83,38,6,4,10,18,122,125,7,0.04375
83,39,7,4,15,19,99,99,6,0.0375
83,40,0,5,9,9,77,74,6,0.0375
83,41,1,5,20,24,114,113,9,0.05625
83,42,2,5,23,18,132,127,10,0.0625
83,43,3,5,27,14,140,138,8,0.05
83,44,4,5,30,17,131,133,4,0.025
83,45,5,5,12,13,119,117,8,0.05
83,46,6,5,11,17,114,110,10,0.0625
83,47,7,5,8,16,86,85,5,0.03125
83,48,0,6,14,13,72,71,6,0.0375
83,49,1,6,8,17,86,89,6,0.0375
83,50,2,6,23,21,118,114,6,0.0375
83,51,3,6,22,19,118,121,5,0.03125
83,52,4,6,28,13,114,116,5,0.03125
83,53,5,6,24,15,115,114,6,0.0375
83,54,6,6,5,16,97,96,10,0.0625
83,55,7,6,12,22,71,75,2,0.0125
83,56,0,7,12,16,47,46,5,0.03125
83,57,1,7,12,16,71,73,7,0.04375
83,58,2,7,28,14,98,100,6,0.0375
83,59,3,7,30,14,104,103,3,0.01875
83,60,4,7,29,9,95,92,7,0.04375
83,61,5,7,22,17,93,91,6,0.0375
83,62,6,7,10,21,66,65,10,0.0625
83,63,7,7,8,17,36,37,4,0.025
84,0,0,0,10,11,44,44,4,0.025
84,1,1,0,7,15,66,67,7,0.04375
84,2,2,0,20,15,87,84,7,0.04375
84,3,3,0,31,15,103,100,7,0.04375
84,4,4,0,32,14,100,100,7,0.04375
84,5,5,0,21,18,89,91,6,0.0375
84,6,6,0,12,11,63,63,8,0.05
84,7,7,0,9,19,41,40,5,0.03125
84,8,0,1,11,18,68,66,5,0.03125
84,9,1,1,12,16,87,89,8,0.05
84,10,2,1,25,14,109,109,7,0.04375
84,11,3,1,25,35,137,136,7,0.04375
84,12,4,1,37,22,128,129,7,0.04375
84,13,5,1,16,25,118,116,8,0.05
84,14,6,1,8,16,76,78,7,0.04375
84,15,7,1,7,18,64,63,5,0.03125
84,16,0,2,7,18,67,69,4,0.025
84,17,1,2,5,19,90,90,8,0.05
84,18,2,2,10,16,99,102,6,0.0375
84,19,3,2,26,11,141,142,8,0.05
84,20,4,2,38,13,139,140,5,0.03125
84,21,5,2,12,10,126,124,7,0.04375
84,22,6,2,8,15,92,91,9,0.05625
84,23,7,2,7,19,77,74,7,0.04375
84,24,0,3,11,29,82,83,5,0.03125
84,25,1,3,7,13,107,108,8,0.05
84,26,2,3,7,17,120,120,8,0.05
84,27,3,3,34,17,149,149,6,0.0375
84,28,4,3,35,23,153,151,7,0.04375
84,29,5,3,26,22,155,153,8,0.05
84,30,6,3,15,20,128,124,12,0.075
84,31,7,3,19,18,98,98,4,0.025
84,32,0,4,9,18,93,92,5,0.03125
84,33,1,4,10,24,125,127,9,0.05625
84,34,2,4,21,9,139,139,7,0.04375
84,35,3,4,41,17,161,162,7,0.04375
84,36,4,4,20,18,143,141,7,0.04375
84,37,5,4,19,21,139,139,11,0.06875
84,38,6,4,7,27,119,117,9,0.05625
84,39,7,4,14,17,87,89,5,0.03125
84,40,0,5,11,15,89,91,4,0.025
84,41,1,5,13,14,117,116,9,0.05625
84,42,2,5,20,19,137,139,7,0.04375
84,43,3,5,22,16,141,136,11,0.06875
84,44,4,5,27,18,144,141,9,0.05625
84,45,5,5,15,12,118,116,10,0.0625
84,46,6,5,10,24,107,108,9,0.05625
84,47,7,5,10,13,77,79,5,0.03125
84,48,0,6,4,14,64,64,5,0.03125
84,49,1,6,10,15,81,78,9,0.05625
84,50,2,6,21,14,108,109,7,0.04375
84,51,3,6,36,20,122,118,9,0.05625
84,52,4,6,25,22,119,116,7,0.04375
84,53,5,6,20,14,109,105,12,0.075
84,54,6,6,12,17,87,90,8,0.05
84,55,7,6,11,19,68,66,3,0.01875
84,56,0,7,9,22,47,49,4,0.025
84,57,1,7,23,18,74,74,6,0.0375
84,58,2,7,21,18,94,93,7,0.04375
84,59,3,7,26,11,101,97,7,0.04375
84,60,4,7,34,15,104,106,5,0.03125
84,61,5,7,18,21,89,87,8,0.05
84,62,6,7,11,16,62,64,8,0.05
84,63,7,7,9,13,38,38,4,0.025
85,0,0,0,10,17,44,44,4,0.025
85,1,1,0,6,19,66,65,7,0.04375
85,2,2,0,25,13,84,87,6,0.0375
85,3,3,0,26,20,107,108,6,0.0375
85,4,4,0,33,10,105,105,6,0.0375
85,5,5,0,22,16,90,88,8,0.05
85,6,6,0,6,14,51,52,6,0.0375
85,7,7,0,8,15,36,38,3,0.01875
85,8,0,1,9,22,69,69,5,0.03125
85,9,1,1,10,16,89,87,11,0.06875
85,10,2,1,14,14,96,98,6,0.0375
85,11,3,1,32,33,142,142,6,0.0375
85,12,4,1,32,17,124,124,7,0.04375
85,13,5,1,15,17,106,108,7,0.04375
85,14,6,1,7,11,69,67,8,0.05
85,15,7,1,4,18,58,58,4,0.025
85,16,0,2,6,15,84,84,4,0.025
85,17,1,2,8,15,105,108,8,0.05
85,18,2,2,18,12,117,115,9,0.05625
85,19,3,2,34,13,150,151,6,0.0375
85,20,4,2,31,18,143,136,10,0.0625
85,21,5,2,26,18,142,140,8,0.05
85,22,6,2,18,14,105,107,7,0.04375
85,23,7,2,9,19,85,88,4,0.025
85,24,0,3,1,11,87,84,6,0.0375
85,25,1,3,8,19,109,110,9,0.05625
85,26,2,3,19,13,114,111,10,0.0625
85,27,3,3,28,9,145,142,8,0.05
85,28,4,3,31,17,142,147,4,0.025
85,29,5,3,20,22,143,144,7,0.04375
85,30,6,3,13,11,105,109,6,0.0375
85,31,7,3,8,16,92,91,4,0.025
85,32,0,4,9,13,95,95,5,0.03125
85,33,1,4,15,24,130,131,7,0.04375
85,34,2,4,25,20,132,130,8,0.05
85,35,3,4,35,9,156,156,6,0.0375
85,36,4,4,26,11,138,135,9,0.05625
85,37,5,4,10,13,111,114,9,0.05625
85,38,6,4,10,18,105,106,8,0.05
85,39,7,4,5,10,82,83,5,0.03125
85,40,0,5,9,17,81,78,7,0.04375
85,41,1,5,6,15,101,103,8,0.05
85,42,2,5,18,14,108,108,7,0.04375
85,43,3,5,36,16,127,134,6,0.0375
85,44,4,5,26,12,127,128,6,0.0375
85,45,5,5,15,13,112,114,8,0.05
85,46,6,5,5,23,91,94,7,0.04375
85,47,7,5,10,16,76,77,3,0.01875
85,48,0,6,6,23,64,63,7,0.04375
85,49,1,6,3,14,83,82,8,0.05
85,50,2,6,18,14,94,92,8,0.05
85,51,3,6,23,17,106,102,14,0.0875
85,52,4,6,25,18,112,112,8,0.05
85,53,5,6,12,22,90,94,7,0.04375
85,54,6,6,3,10,68,67,9,0.05625
85,55,7,6,10,13,61,61,4,0.025
85,56,0,7,11,12,39,38,5,0.03125
85,57,1,7,9,16,67,65,8,0.05
85,58,2,7,23,16,89,87,8,0.05
85,59,3,7,28,21,104,105,7,0.04375
85,60,4,7,29,17,108,107,7,0.04375
85,61,5,7,20,13,84,86,6,0.0375
85,62,6,7,8,22,65,63,8,0.05
85,63,7,7,10,19,43,42,5,0.03125
86,0,0,0,6,19,42,41,5,0.03125
86,1,1,0,12,18,65,65,8,0.05
86,2,2,0,20,18,92,88,8,0.05
86,3,3,0,33,10,100,103,4,0.025
86,4,4,0,30,22,110,109,6,0.0375
86,5,5,0,22,12,82,84,6,0.0375
86,6,6,0,8,11,56,54,8,0.05
86,7,7,0,12,18,41,40,4,0.025
86,8,0,1,9,25,79,83,2,0.0125
86,9,1,1,10,19,95,96,10,0.0625
86,10,2,1,16,15,109,113,3,0.01875
86,11,3,1,31,33,141,145,4,0.025
86,12,4,1,27,9,120,123,5,0.03125
86,13,5,1,19,11,104,98,12,0.075
86,14,6,1,7,7,66,68,7,0.04375
86,15,7,1,9,14,62,59,4,0.025
86,16,0,2,9,20,102,100,5,0.03125
86,17,1,2,6,19,100,99,7,0.04375
86,18,2,2,17,8,112,113,7,0.04375
86,19,3,2,32,16,153,150,6,0.0375
86,20,4,2,31,12,140,148,5,0.03125
86,21,5,2,23,19,133,133,9,0.05625
86,22,6,2,16,14,97,95,9,0.05625
86,23,7,2,14,11,78,77,6,0.0375
86,24,0,3,10,9,99,100,6,0.0375
86,25,1,3,8,13,85,85,9,0.05625
86,26,2,3,13,14,102,107,7,0.04375
86,27,3,3,33,14,145,143,8,0.05
86,28,4,3,33,10,152,149,4,0.025
86,29,5,3,26,21,147,146,7,0.04375
86,30,6,3,10,12,105,104,9,0.05625
86,31,7,3,12,8,79,77,6,0.0375
86,32,0,4,11,20,100,100,4,0.025
86,33,1,4,17,13,101,101,6,0.0375
86,34,2,4,22,14,115,118,4,0.025
86,35,3,4,30,21,149,147,9,0.05625
86,36,4,4,16,29,138,142,7,0.04375
86,37,5,4,12,16,119,120,7,0.04375
86,38,6,4,4,16,97,95,10,0.0625
86,39,7,4,5,21,77,78,4,0.025
86,40,0,5,11,18,76,80,3,0.01875
86,41,1,5,10,9,77,78,8,0.05
86,42,2,5,27,10,101,103,7,0.04375
86,43,3,5,26,16,131,127,10,0.0625
86,44,4,5,17,17,119,118,8,0.05
86,45,5,5,16,11,97,96,8,0.05
86,46,6,5,8,16,85,84,9,0.05625
86,47,7,5,4,16,63,62,4,0.025
86,48,0,6,0,16,49,51,5,0.03125
86,49,1,6,0,8,46,49,8,0.05
86,50,2,6,0,14,55,56,8,0.05
86,51,3,6,35,13,87,88,13,0.08125
86,52,4,6,14,15,81,81,7,0.04375
86,53,5,6,9,16,62,65,6,0.0375
86,54,6,6,3,21,54,54,9,0.05625
86,55,7,6,4,15,44,43,5,0.03125
86,56,0,7,5,17,29,30,4,0.025
86,57,1,7,11,15,44,45,7,0.04375
86,58,2,7,13,11,50,51,8,0.05
86,59,3,7,27,14,69,65,11,0.06875
86,60,4,7,8,12,56,54,8,0.05
86,61,5,7,7,15,49,48,8,0.05
86,62,6,7,1,13,36,38,8,0.05
86,63,7,7,5,16,29,30,4,0.025
87,0,0,0,9,12,34,33,5,0.03125
87,1,1,0,11,9,60,63,5,0.03125
87,2,2,0,24,8,83,86,7,0.04375
87,3,3,0,32,14,104,103,5,0.03125
87,4,4,0,30,16,101,104,4,0.025
87,5,5,0,27,19,93,95,5,0.03125
87,6,6,0,9,22,71,72,8,0.05
87,7,7,0,10,18,46,47,3,0.01875
87,8,0,1,5,15,58,55,5,0.03125
87,9,1,1,15,14,88,88,9,0.05625
87,10,2,1,23,14,106,98,9,0.05625
87,11,3,1,31,28,126,122,7,0.04375
87,12,4,1,30,19,122,123,3,0.01875
87,13,5,1,18,18,103,106,9,0.05625
87,14,6,1,5,10,73,73,7,0.04375
87,15,7,1,5,21,63,65,5,0.03125
87,16,0,2,9,14,78,78,4,0.025
87,17,1,2,17,12,95,96,8,0.05
87,18,2,2,19,14,125,125,7,0.04375
87,19,3,2,27,18,149,151,6,0.0375
87,20,4,2,27,21,144,144,4,0.025
87,21,5,2,29,22,135,136,9,0.05625
87,22,6,2,11,15,92,96,6,0.0375
87,23,7,2,7,14,75,73,5,0.03125
87,24,0,3,6,16,77,78,5,0.03125
87,25,1,3,10,17,82,83,6,0.0375
87,26,2,3,23,15,126,124,7,0.04375
87,27,3,3,37,16,156,159,6,0.0375
87,28,4,3,35,14,157,155,6,0.0375
87,29,5,3,28,15,132,132,7,0.04375
87,30,6,3,14,13,102,103,7,0.04375
87,31,7,3,3,14,73,75,5,0.03125
87,32,0,4,14,13,73,74,4,0.025
87,33,1,4,11,15,84,83,8,0.05
87,34,2,4,20,18,118,117,7,0.04375
87,35,3,4,36,12,147,147,9,0.05625
87,36,4,4,42,20,155,151,8,0.05
87,37,5,4,14,8,110,112,5,0.03125
87,38,6,4,12,10,91,93,9,0.05625
87,39,7,4,10,8,66,65,5,0.03125
87,40,0,5,7,9,57,56,4,0.025
87,41,1,5,10,10,69,70,6,0.0375
87,42,2,5,12,15,98,97,8,0.05
87,43,3,5,21,16,112,114,8,0.05
87,44,4,5,20,17,97,98,6,0.0375
87,45,5,5,11,13,77,79,7,0.04375
87,46,6,5,4,13,63,61,10,0.0625
87,47,7,5,1,19,47,46,5,0.03125
87,48,0,6,6,20,41,40,5,0.03125
87,49,1,6,9,9,47,46,7,0.04375
87,50,2,6,13,15,65,65,7,0.04375
87,51,3,6,4,11,67,64,14,0.0875
87,52,4,6,15,12,59,59,6,0.0375
87,53,5,6,14,12,54,52,8,0.05
87,54,6,6,9,13,48,48,9,0.05625
87,55,7,6,3,9,28,29,4,0.025
87,56,0,7,1,11,12,12,4,0.025
87,57,1,7,0,13,13,13,8,0.05
87,58,2,7,0,10,12,12,7,0.04375
87,59,3,7,0,14,15,15,11,0.06875
87,60,4,7,0,9,9,10,8,0.05
87,61,5,7,0,10,11,11,8,0.05
87,62,6,7,0,11,12,12,8,0.05
87,63,7,7,0,7,8,8,4,0.025
88,0,0,0,20,26,64,63,6,0.0375
88,1,1,0,18,20,90,89,6,0.0375
88,2,2,0,24,20,122,121,7,0.04375
88,3,3,0,24,28,148,149,3,0.01875
88,4,4,0,28,32,148,146,6,0.0375
88,5,5,0,25,17,128,123,8,0.05
88,6,6,0,25,16,98,99,7,0.04375
88,7,7,0,23,26,63,63,3,0.01875
88,8,0,1,23,24,103,99,8,0.05
88,9,1,1,24,24,128,131,7,0.04375
88,10,2,1,19,21,147,149,8,0.05
88,11,3,1,30,62,213,212,6,0.0375
88,12,4,1,28,22,170,169,5,0.03125
88,13,5,1,30,22,169,170,10,0.0625
88,14,6,1,20,25,142,141,7,0.04375
88,15,7,1,28,27,99,100,5,0.03125
88,16,0,2,18,21,116,114,8,0.05
88,17,1,2,23,25,138,135,11,0.06875
88,18,2,2,25,14,161,162,7,0.04375
88,19,3,2,33,26,233,234,5,0.03125
88,20,4,2,23,16,179,182,0,0.0
88,21,5,2,25,25,189,190,8,0.05
88,22,6,2,15,23,171,167,9,0.05625
88,23,7,2,24,21,123,123,7,0.04375
88,24,0,3,17,20,125,127,3,0.01875
88,25,1,3,21,26,145,147,6,0.0375
88,26,2,3,24,19,180,180,8,0.05
88,27,3,3,34,28,257,256,10,0.0625
88,28,4,3,26,22,209,209,7,0.04375
88,29,5,3,26,22,200,201,8,0.05
88,30,6,3,20,29,175,174,9,0.05625
88,31,7,3,22,25,127,126,4,0.025
88,32,0,4,19,25,135,134,3,0.01875
88,33,1,4,24,17,147,148,8,0.05
88,34,2,4,25,26,191,192,6,0.0375
88,35,3,4,27,20,244,244,9,0.05625
88,36,4,4,34,21,225,225,8,0.05
88,37,5,4,27,19,219,214,11,0.06875
88,38,6,4,22,20,186,185,7,0.04375
88,39,7,4,27,21,137,134,6,0.0375
88,40,0,5,22,21,122,123,4,0.025
88,41,1,5,19,18,142,139,8,0.05
88,42,2,5,26,25,189,186,9,0.05625
88,43,3,5,30,29,230,231,5,0.03125
88,44,4,5,31,35,188,192,2,0.0125
88,45,5,5,24,25,188,186,8,0.05
88,46,6,5,20,23,161,159,11,0.06875
88,47,7,5,27,28,122,123,4,0.025
88,48,0,6,22,21,93,94,4,0.025
88,49,1,6,18,22,121,123,7,0.04375
88,50,2,6,32,26,171,175,4,0.025
88,51,3,6,33,22,196,204,8,0.05
88,52,4,6,26,23,162,162,8,0.05
88,53,5,6,28,32,167,167,8,0.05
88,54,6,6,24,21,131,129,10,0.0625
88,55,7,6,20,9,90,86,5,0.03125
88,56,0,7,20,22,55,55,4,0.025
88,57,1,7,18,20,89,88,8,0.05
88,58,2,7,23,28,136,135,8,0.05
88,59,3,7,29,24,155,159,6,0.0375
88,60,4,7,32,25,144,146,6,0.0375
88,61,5,7,27,29,140,138,8,0.05
88,62,6,7,24,27,108,107,8,0.05
88,63,7,7,21,28,71,71,4,0.025
89,0,0,0,5,16,37,40,4,0.025
89,1,1,0,16,18,65,62,9,0.05625
89,2,2,0,27,12,85,85,5,0.03125
89,3,3,0,26,22,110,111,3,0.01875
89,4,4,0,31,18,109,114,2,0.0125
89,5,5,0,20,19,89,90,6,0.0375
89,6,6,0,10,19,62,61,6,0.0375
89,7,7,0,12,12,36,36,3,0.01875
89,8,0,1,13,19,66,69,5,0.03125
89,9,1,1,3,20,80,77,9,0.05625
89,10,2,1,12,18,94,96,7,0.04375
89,11,3,1,31,32,146,143,11,0.06875
89,12,4,1,25,23,132,129,6,0.0375
89,13,5,1,23,12,107,105,11,0.06875
89,14,6,1,8,17,80,80,7,0.04375
89,15,7,1,10,18,63,61,7,0.04375
89,16,0,2,15,19,88,90,4,0.025
89,17,1,2,5,17,99,98,10,0.0625
89,18,2,2,20,13,104,105,6,0.0375
89,19,3,2,37,14,159,159,7,0.04375
89,20,4,2,27,10,141,137,4,0.025
89,21,5,2,22,15,132,131,6,0.0375
89,22,6,2,14,7,102,104,8,0.05
89,23,7,2,12,17,84,84,5,0.03125
89,24,0,3,10,8,92,88,7,0.04375
89,25,1,3,8,11,100,95,10,0.0625
89,26,2,3,19,15,116,118,6,0.0375
89,27,3,3,32,14,157,158,9,0.05625
89,28,4,3,38,20,149,151,6,0.0375
89,29,5,3,18,20,140,137,9,0.05625
89,30,6,3,11,19,117,117,9,0.05625
89,31,7,3,8,16,91,89,6,0.0375
89,32,0,4,9,15,101,99,7,0.04375
89,33,1,4,10,9,103,99,9,0.05625
89,34,2,4,26,13,129,129,6,0.0375
89,35,3,4,37,14,160,158,10,0.0625
89,36,4,4,28,12,137,137,10,0.0625
89,37,5,4,15,14,124,125,10,0.0625
89,38,6,4,7,18,101,99,11,0.06875
89,39,7,4,6,20,82,85,4,0.025
89,40,0,5,4,18,92,89,7,0.04375
89,41,1,5,13,17,90,90,9,0.05625
89,42,2,5,22,14,109,113,6,0.0375
89,43,3,5,23,23,136,133,9,0.05625
89,44,4,5,23,18,129,125,7,0.04375
89,45,5,5,9,20,110,112,7,0.04375
89,46,6,5,8,14,89,94,8,0.05
89,47,7,5,6,19,79,80,4,0.025
89,48,0,6,8,25,82,77,9,0.05625
89,49,1,6,15,7,80,76,9,0.05625
89,50,2,6,22,13,101,94,10,0.0625
89,51,3,6,29,22,115,113,9,0.05625
89,52,4,6,23,18,106,105,8,0.05
89,53,5,6,22,21,104,105,7,0.04375
89,54,6,6,4,24,81,83,9,0.05625
89,55,7,6,6,19,63,68,3,0.01875
89,56,0,7,9,17,44,44,4,0.025
89,57,1,7,5,15,56,57,8,0.05
89,58,2,7,21,16,76,76,8,0.05
89,59,3,7,33,12,86,89,4,0.025
89,60,4,7,17,13,80,81,4,0.025
89,61,5,7,13,15,66,69,6,0.0375
89,62,6,7,2,11,47,47,8,0.05
89,63,7,7,8,20,42,42,4,0.025
90,0,0,0,7,27,45,45,4,0.025
90,1,1,0,9,17,57,56,8,0.05
90,2,2,0,17,12,67,69,5,0.03125
90,3,3,0,24,12,85,85,4,0.025
90,4,4,0,34,13,107,102,6,0.0375
90,5,5,0,21,17,89,93,5,0.03125
90,6,6,0,14,17,64,64,6,0.0375
90,7,7,0,18,18,46,46,3,0.01875
90,8,0,1,4,19,69,71,4,0.025
90,9,1,1,7,14,77,79,6,0.0375
90,10,2,1,23,14,92,93,6,0.0375
90,11,3,1,33,27,131,136,6,0.0375
90,12,4,1,31,16,128,128,7,0.04375
90,13,5,1,17,12,100,104,7,0.04375
90,14,6,1,10,20,81,80,9,0.05625
90,15,7,1,4,12,52,55,3,0.01875
90,16,0,2,6,14,85,82,8,0.05
90,17,1,2,9,11,87,90,7,0.04375
90,18,2,2,19,10,107,105,7,0.04375
90,19,3,2,28,19,153,151,8,0.05
90,20,4,2,34,15,144,142,6,0.0375
90,21,5,2,28,19,127,129,6,0.0375
90,22,6,2,11,16,100,101,7,0.04375
90,23,7,2,11,16,75,77,4,0.025
90,24,0,3,10,13,93,96,4,0.025
90,25,1,3,10,19,96,97,9,0.05625
90,26,2,3,24,15,124,124,7,0.04375
90,27,3,3,27,18,169,171,5,0.03125
90,28,4,3,31,19,151,151,7,0.04375
90,29,5,3,15,18,129,130,8,0.05
90,30,6,3,8,13,102,100,9,0.05625
90,31,7,3,4,10,73,73,7,0.04375
90,32,0,4,16,17,103,102,8,0.05
90,33,1,4,11,10,99,100,10,0.0625
90,34,2,4,27,15,121,118,8,0.05
90,35,3,4,32,15,152,152,11,0.06875
90,36,4,4,24,18,138,141,7,0.04375
90,37,5,4,15,15,115,117,8,0.05
90,38,6,4,10,19,101,103,9,0.05625
90,39,7,4,6,21,78,78,4,0.025
90,40,0,5,13,23,80,80,5,0.03125
90,41,1,5,10,17,78,79,7,0.04375
90,42,2,5,30,14,109,108,8,0.05
90,43,3,5,27,14,137,138,9,0.05625
90,44,4,5,32,18,132,131,6,0.0375
90,45,5,5,9,15,100,99,7,0.04375
90,46,6,5,2,18,78,78,7,0.04375
90,47,7,5,7,21,67,65,4,0.025
90,48,0,6,8,12,51,57,4,0.025
90,49,1,6,3,14,50,53,8,0.05
90,50,2,6,11,13,63,67,6,0.0375
90,51,3,6,33,18,96,100,6,0.0375
90,52,4,6,19,11,91,94,5,0.03125
90,53,5,6,7,17,69,67,8,0.05
90,54,6,6,2,10,50,48,10,0.0625
90,55,7,6,5,12,43,42,4,0.025
90,56,0,7,4,17,33,32,4,0.025
90,57,1,7,4,10,40,40,8,0.05
90,58,2,7,12,15,49,50,8,0.05
90,59,3,7,30,20,69,61,12,0.075
90,60,4,7,10,20,57,54,8,0.05
90,61,5,7,3,7,31,29,9,0.05625
90,62,6,7,3,8,29,30,8,0.05
90,63,7,7,3,15,26,26,4,0.025
91,0,0,0,11,13,37,37,4,0.025
91,1,1,0,14,15,68,68,8,0.05
91,2,2,0,31,18,104,102,7,0.04375
91,3,3,0,30,20,115,114,5,0.03125
91,4,4,0,30,14,101,101,5,0.03125
91,5,5,0,17,10,82,79,7,0.04375
91,6,6,0,9,22,63,64,7,0.04375
91,7,7,0,9,12,34,34,3,0.01875
91,8,0,1,10,19,66,65,4,0.025
91,9,1,1,7,18,94,93,8,0.05
91,10,2,1,22,14,117,113,10,0.0625
91,11,3,1,30,24,140,138,7,0.04375
91,12,4,1,26,20,114,115,7,0.04375
91,13,5,1,20,14,107,102,11,0.06875
91,14,6,1,7,14,86,87,8,0.05
91,15,7,1,18,13,66,64,6,0.0375
91,16,0,2,10,19,88,89,7,0.04375
91,17,1,2,14,21,116,116,9,0.05625
91,18,2,2,20,13,131,128,10,0.0625
91,19,3,2,21,21,146,145,7,0.04375
91,20,4,2,32,12,127,125,8,0.05
91,21,5,2,24,15,126,126,6,0.0375
91,22,6,2,11,15,97,97,6,0.0375
91,23,7,2,9,11,69,69,5,0.03125
91,24,0,3,15,24,99,98,5,0.03125
91,25,1,3,11,13,127,125,11,0.06875
91,26,2,3,26,17,155,154,8,0.05
91,27,3,3,30,23,167,164,8,0.05
91,28,4,3,27,20,135,136,4,0.025
91,29,5,3,16,14,119,121,5,0.03125
91,30,6,3,9,10,82,85,8,0.05
91,31,7,3,9,19,74,76,5,0.03125
91,32,0,4,6,17,74,80,3,0.01875
91,33,1,4,15,18,116,119,6,0.0375
91,34,2,4,33,23,149,150,9,0.05625
91,35,3,4,31,13,164,167,6,0.0375
91,36,4,4,28,21,137,137,6,0.0375
91,37,5,4,14,16,118,118,8,0.05
91,38,6,4,7,10,86,87,9,0.05625
91,39,7,4,7,7,70,70,4,0.025
91,40,0,5,12,15,63,66,4,0.025
91,41,1,5,10,14,93,93,8,0.05
91,42,2,5,16,16,109,108,8,0.05
91,43,3,5,32,20,148,147,9,0.05625
91,44,4,5,32,18,130,128,8,0.05
91,45,5,5,15,19,108,108,8,0.05
91,46,6,5,7,15,85,82,10,0.0625
91,47,7,5,6,17,71,72,5,0.03125
91,48,0,6,4,13,44,42,5,0.03125
91,49,1,6,10,21,84,84,8,0.05
91,50,2,6,20,9,96,96,7,0.04375
91,51,3,6,28,19,128,127,5,0.03125
91,52,4,6,34,13,109,109,6,0.0375
91,53,5,6,15,11,99,100,7,0.04375
91,54,6,6,9,17,76,79,8,0.05
91,55,7,6,7,14,56,56,4,0.025
91,56,0,7,1,15,18,19,4,0.025
91,57,1,7,2,14,29,30,7,0.04375
91,58,2,7,10,14,46,46,8,0.05
91,59,3,7,35,20,73,76,8,0.05
91,60,4,7,10,9,55,53,9,0.05625
91,61,5,7,8,27,61,61,9,0.05625
91,62,6,7,3,14,33,32,9,0.05625
91,63,7,7,3,18,29,29,4,0.025
92,0,0,0,12,14,38,38,4,0.025
92,1,1,0,9,15,67,66,8,0.05
92,2,2,0,18,10,81,83,6,0.0375
92,3,3,0,35,17,116,112,8,0.05
92,4,4,0,34,12,102,99,8,0.05
92,5,5,0,21,18,86,86,8,0.05
92,6,6,0,7,18,59,56,8,0.05
92,7,7,0,8,15,41,40,4,0.025
92,8,0,1,3,12,45,45,4,0.025
92,9,1,1,5,15,71,70,9,0.05625
92,10,2,1,7,25,90,90,9,0.05625
92,11,3,1,23,30,130,133,6,0.0375
92,12,4,1,34,11,118,112,11,0.06875
92,13,5,1,28,24,128,133,8,0.05
92,14,6,1,15,12,83,84,7,0.04375
92,15,7,1,12,19,69,71,4,0.025
92,16,0,2,7,13,61,64,4,0.025
92,17,1,2,4,16,84,85,8,0.05
92,18,2,2,7,25,111,113,8,0.05
92,19,3,2,25,21,136,138,6,0.0375
92,20,4,2,36,10,126,129,5,0.03125
92,21,5,2,34,21,155,151,10,0.0625
92,22,6,2,13,17,108,107,8,0.05
92,23,7,2,11,22,91,92,4,0.025
92,24,0,3,9,19,84,83,6,0.0375
92,25,1,3,16,11,98,103,6,0.0375
92,26,2,3,24,18,140,139,8,0.05
92,27,3,3,25,15,156,162,3,0.01875
92,28,4,3,26,18,138,140,2,0.0125
92,29,5,3,31,19,153,152,7,0.04375
92,30,6,3,11,17,104,101,10,0.0625
92,31,7,3,6,15,81,81,4,0.025
92,32,0,4,16,21,98,95,6,0.0375
92,33,1,4,12,16,110,108,9,0.05625
92,34,2,4,24,13,142,141,9,0.05625
92,35,3,4,29,11,158,158,8,0.05
92,36,4,4,34,16,143,143,8,0.05
92,37,5,4,12,13,129,129,8,0.05
92,38,6,4,5,11,87,85,9,0.05625
92,39,7,4,9,8,72,73,4,0.025
92,40,0,5,11,17,84,82,5,0.03125
92,41,1,5,14,10,90,89,8,0.05
92,42,2,5,28,19,119,119,8,0.05
92,43,3,5,26,20,141,141,9,0.05625
92,44,4,5,17,12,114,117,8,0.05
92,45,5,5,3,21,114,114,7,0.04375
92,46,6,5,7,10,78,79,9,0.05625
92,47,7,5,3,16,60,61,4,0.025
92,48,0,6,13,15,67,68,4,0.025
92,49,1,6,6,14,77,78,7,0.04375
92,50,2,6,24,18,97,97,7,0.04375
92,51,3,6,28,18,120,120,6,0.0375
92,52,4,6,27,18,108,106,6,0.0375
92,53,5,6,18,17,112,113,5,0.03125
92,54,6,6,2,23,77,77,8,0.05
92,55,7,6,8,13,52,51,3,0.01875
92,56,0,7,8,19,33,33,4,0.025
92,57,1,7,11,17,50,49,8,0.05
92,58,2,7,12,9,50,52,5,0.03125
92,59,3,7,29,14,81,81,8,0.05
92,60,4,7,14,9,66,70,5,0.03125
92,61,5,7,2,21,63,64,8,0.05
92,62,6,7,7,16,41,42,8,0.05
92,63,7,7,7,11,27,27,4,0.025
93,0,0,0,21,33,74,74,4,0.025
93,1,1,0,16,38,107,111,7,0.04375
93,2,2,0,28,24,138,138,5,0.03125
93,3,3,0,28,28,158,163,4,0.025
93,4,4,0,30,24,150,152,7,0.04375
93,5,5,0,34,26,141,139,10,0.0625
93,6,6,0,18,27,102,101,11,0.06875
93,7,7,0,24,22,62,59,7,0.04375
93,8,0,1,23,19,100,99,5,0.03125
93,9,1,1,23,17,141,145,6,0.0375
93,10,2,1,27,26,168,169,9,0.05625
93,11,3,1,23,43,194,192,6,0.0375
93,12,4,1,34,22,172,179,5,0.03125
93,13,5,1,24,25,170,167,9,0.05625
93,14,6,1,25,18,140,138,8,0.05
93,15,7,1,18,16,88,82,10,0.0625
93,16,0,2,23,26,122,124,2,0.0125
93,17,1,2,24,14,163,164,6,0.0375
93,18,2,2,29,24,192,197,3,0.01875
93,19,3,2,26,24,226,228,5,0.03125
93,20,4,2,31,29,218,215,9,0.05625
93,21,5,2,22,27,191,190,10,0.0625
93,22,6,2,18,21,159,158,7,0.04375
93,23,7,2,21,20,108,103,9,0.05625
93,24,0,3,22,17,119,121,5,0.03125
93,25,1,3,18,20,153,155,4,0.025
93,26,2,3,27,29,188,188,7,0.04375
93,27,3,3,20,18,225,223,3,0.01875
93,28,4,3,27,25,217,214,5,0.03125
93,29,5,3,32,23,213,213,9,0.05625
93,30,6,3,23,25,170,171,9,0.05625
93,31,7,3,22,23,121,121,5,0.03125
93,32,0,4,28,20,132,131,6,0.0375
93,33,1,4,22,33,182,182,9,0.05625
93,34,2,4,30,23,201,205,4,0.025
93,35,3,4,32,31,260,259,8,0.05
93,36,4,4,25,31,221,222,7,0.04375
93,37,5,4,27,27,213,212,8,0.05
93,38,6,4,19,28,151,151,9,0.05625
93,39,7,4,22,21,124,122,4,0.025
93,40,0,5,18,22,109,110,4,0.025
93,41,1,5,19,31,151,152,9,0.05625
93,42,2,5,23,23,177,179,6,0.0375
93,43,3,5,27,29,224,225,10,0.0625
93,44,4,5,26,23,207,208,5,0.03125
93,45,5,5,34,25,197,195,9,0.05625
93,46,6,5,23,28,147,145,11,0.06875
93,47,7,5,19,25,118,118,4,0.025
93,48,0,6,21,17,89,90,4,0.025
93,49,1,6,17,24,121,121,7,0.04375
93,50,2,6,18,28,149,146,9,0.05625
93,51,3,6,26,28,172,170,9,0.05625
93,52,4,6,23,16,160,158,8,0.05
93,53,5,6,27,23,149,143,11,0.06875
93,54,6,6,26,13,121,120,7,0.04375
93,55,7,6,24,28,103,104,4,0.025
93,56,0,7,22,25,63,63,4,0.025
93,57,1,7,19,21,94,92,8,0.05
93,58,2,7,19,26,124,124,6,0.0375
93,59,3,7,33,22,150,150,7,0.04375
93,60,4,7,28,22,146,146,4,0.025
93,61,5,7,30,24,138,136,9,0.05625
93,62,6,7,25,24,115,118,4,0.025
93,63,7,7,33,25,79,79,4,0.025
94,0,0,0,5,17,32,31,4,0.025
94,1,1,0,9,18,62,61,7,0.04375
94,2,2,0,16,12,75,75,5,0.03125
94,3,3,0,25,14,97,94,5,0.03125
94,4,4,0,29,17,98,99,6,0.0375
94,5,5,0,25,15,82,85,6,0.0375
94,6,6,0,11,16,62,67,6,0.0375
94,7,7,0,13,17,44,47,4,0.025
94,8,0,1,9,18,58,60,4,0.025
94,9,1,1,4,15,88,85,8,0.05
94,10,2,1,13,14,96,96,8,0.05
94,11,3,1,28,38,135,135,7,0.04375
94,12,4,1,27,10,126,124,7,0.04375
94,13,5,1,27,22,119,118,9,0.05625
94,14,6,1,9,19,95,95,9,0.05625
94,15,7,1,14,16,71,73,7,0.04375
94,16,0,2,17,18,87,86,3,0.01875
94,17,1,2,14,21,116,112,10,0.0625
94,18,2,2,14,15,114,109,7,0.04375
94,19,3,2,28,15,137,137,5,0.03125
94,20,4,2,26,15,139,141,4,0.025
94,21,5,2,25,19,134,136,8,0.05
94,22,6,2,8,21,107,108,7,0.04375
94,23,7,2,11,19,83,89,3,0.01875
94,24,0,3,12,23,92,89,6,0.0375
94,25,1,3,20,18,129,126,8,0.05
94,26,2,3,29,9,143,143,8,0.05
94,27,3,3,26,19,162,160,6,0.0375
94,28,4,3,37,17,160,161,5,0.03125
94,29,5,3,19,10,136,137,7,0.04375
94,30,6,3,8,23,109,109,8,0.05
94,31,7,3,10,24,95,93,6,0.0375
94,32,0,4,10,14,76,76,5,0.03125
94,33,1,4,8,19,120,119,11,0.06875
94,34,2,4,28,17,138,132,9,0.05625
94,35,3,4,26,18,157,159,7,0.04375
94,36,4,4,26,17,150,151,5,0.03125
94,37,5,4,29,18,143,144,9,0.05625
94,38,6,4,14,15,112,114,8,0.05
94,39,7,4,9,12,84,83,6,0.0375
94,40,0,5,10,17,76,74,7,0.04375
94,41,1,5,7,15,104,105,8,0.05
94,42,2,5,14,17,105,104,6,0.0375
94,43,3,5,25,17,130,129,10,0.0625
94,44,4,5,31,15,136,136,6,0.0375
94,45,5,5,17,16,131,132,8,0.05
94,46,6,5,10,18,116,118,9,0.05625
94,47,7,5,15,16,85,85,4,0.025
94,48,0,6,7,16,57,56,5,0.03125
94,49,1,6,2,19,79,79,6,0.0375
94,50,2,6,16,10,75,77,7,0.04375
94,51,3,6,29,13,107,109,5,0.03125
94,52,4,6,27,13,118,118,10,0.0625
94,53,5,6,24,29,117,122,7,0.04375
94,54,6,6,6,24,95,95,9,0.05625
94,55,7,6,9,15,55,55,4,0.025
94,56,0,7,8,15,38,38,4,0.025
94,57,1,7,9,18,67,68,8,0.05
94,58,2,7,30,12,96,93,9,0.05625
94,59,3,7,22,13,107,106,9,0.05625
94,60,4,7,30,17,105,104,6,0.0375
94,61,5,7,19,16,77,80,7,0.04375
94,62,6,7,13,19,65,60,9,0.05625
94,63,7,7,4,14,25,25,4,0.025
95,0,0,0,17,18,58,57,6,0.0375
95,1,1,0,11,16,75,73,9,0.05625
95,2,2,0,26,22,103,100,9,0.05625
95,3,3,0,43,17,113,112,6,0.0375
95,4,4,0,26,19,96,93,9,0.05625
95,5,5,0,17,25,79,78,8,0.05
95,6,6,0,1,12,49,45,9,0.05625
95,7,7,0,4,16,33,33,4,0.025
95,8,0,1,4,19,72,67,7,0.04375
95,9,1,1,2,14,78,78,8,0.05
95,10,2,1,17,18,103,103,9,0.05625
95,11,3,1,28,25,127,128,5,0.03125
95,12,4,1,27,17,119,125,3,0.01875
95,13,5,1,28,18,120,125,7,0.04375
95,14,6,1,12,14,90,90,8,0.05
95,15,7,1,12,21,67,68,5,0.03125
95,16,0,2,6,15,82,82,4,0.025
95,17,1,2,13,23,106,109,8,0.05
95,18,2,2,20,20,128,130,6,0.0375
95,19,3,2,25,12,143,141,6,0.0375
95,20,4,2,37,22,150,149,6,0.0375
95,21,5,2,24,17,135,138,7,0.04375
95,22,6,2,11,18,112,108,12,0.075
95,23,7,2,12,17,90,87,6,0.0375
95,24,0,3,11,15,90,94,4,0.025
95,25,1,3,7,19,115,115,8,0.05
95,26,2,3,20,14,137,139,7,0.04375
95,27,3,3,35,16,155,156,4,0.025
95,28,4,3,27,23,155,154,5,0.03125
95,29,5,3,25,16,148,149,6,0.0375
95,30,6,3,16,24,133,134,8,0.05
95,31,7,3,12,9,93,97,4,0.025
95,32,0,4,9,21,89,90,5,0.03125
95,33,1,4,9,14,103,104,9,0.05625
95,34,2,4,21,18,131,134,8,0.05
95,35,3,4,24,10,146,146,7,0.04375
95,36,4,4,26,15,147,146,5,0.03125
95,37,5,4,28,21,140,142,6,0.0375
95,38,6,4,7,19,115,113,9,0.05625
95,39,7,4,9,19,92,94,5,0.03125
95,40,0,5,9,16,79,79,6,0.0375
95,41,1,5,9,21,106,103,8,0.05
95,42,2,5,17,15,120,118,9,0.05625
95,43,3,5,26,19,129,131,8,0.05
95,44,4,5,34,11,130,130,5,0.03125
95,45,5,5,19,14,116,118,7,0.04375
95,46,6,5,8,21,101,103,8,0.05
95,47,7,5,4,11,73,74,3,0.01875
95,48,0,6,4,9,52,54,3,0.01875
95,49,1,6,12,14,78,77,7,0.04375
95,50,2,6,12,19,102,102,7,0.04375
95,51,3,6,30,15,112,107,10,0.0625
95,52,4,6,31,13,116,118,6,0.0375
95,53,5,6,14,19,100,100,7,0.04375
95,54,6,6,9,11,86,85,9,0.05625
95,55,7,6,10,17,71,68,6,0.0375
95,56,0,7,13,19,45,45,4,0.025
95,57,1,7,10,16,62,64,7,0.04375
95,58,2,7,22,10,77,80,5,0.03125
95,59,3,7,31,14,88,90,6,0.0375
95,60,4,7,25,15,86,86,6,0.0375
95,61,5,7,12,17,72,70,8,0.05
95,62,6,7,3,17,55,56,8,0.05
95,63,7,7,8,23,44,44,4,0.025
96,0,0,0,2,20,34,36,3,0.01875
96,1,1,0,10,20,52,56,6,0.0375
96,2,2,0,18,20,82,83,7,0.04375
96,3,3,0,31,17,104,108,4,0.025
96,4,4,0,34,15,105,106,7,0.04375
96,5,5,0,10,18,77,78,6,0.0375
96,6,6,0,13,15,62,64,8,0.05
96,7,7,0,7,15,35,34,4,0.025
96,8,0,1,6,16,59,64,4,0.025
96,9,1,1,6,18,73,73,9,0.05625
96,10,2,1,6,14,85,86,8,0.05
96,11,3,1,11,27,115,116,5,0.03125
96,12,4,1,31,15,123,116,8,0.05
96,13,5,1,24,13,115,110,11,0.06875
96,14,6,1,23,16,112,112,7,0.04375
96,15,7,1,19,14,70,69,7,0.04375
96,16,0,2,12,14,81,80,4,0.025
96,17,1,2,12,11,99,96,10,0.0625
96,18,2,2,16,16,113,108,10,0.0625
96,19,3,2,31,15,153,150,9,0.05625
96,20,4,2,26,10,129,129,9,0.05625
96,21,5,2,21,13,125,124,8,0.05
96,22,6,2,11,20,117,121,7,0.04375
96,23,7,2,9,17,78,78,7,0.04375
96,24,0,3,6,9,80,79,4,0.025
96,25,1,3,10,10,110,110,8,0.05
96,26,2,3,25,13,123,121,7,0.04375
96,27,3,3,32,22,155,154,6,0.0375
96,28,4,3,24,12,146,145,8,0.05
96,29,5,3,29,18,144,140,9,0.05625
96,30,6,3,18,24,132,132,8,0.05
96,31,7,3,11,15,88,86,6,0.0375
96,32,0,4,8,18,84,82,6,0.0375
96,33,1,4,5,19,108,110,6,0.0375
96,34,2,4,22,14,115,117,6,0.0375
96,35,3,4,33,14,154,156,5,0.03125
96,36,4,4,33,20,163,164,3,0.01875
96,37,5,4,19,17,138,137,7,0.04375
96,38,6,4,16,21,119,121,8,0.05
96,39,7,4,14,7,84,85,3,0.01875
96,40,0,5,9,18,77,78,5,0.03125
96,41,1,5,9,23,107,108,8,0.05
96,42,2,5,29,20,135,135,9,0.05625
96,43,3,5,35,18,151,154,4,0.025
96,44,4,5,23,24,140,138,7,0.04375
96,45,5,5,12,14,107,107,8,0.05
96,46,6,5,3,16,96,94,8,0.05
96,47,7,5,10,21,87,84,4,0.025
96,48,0,6,10,13,62,59,5,0.03125
96,49,1,6,9,10,86,84,9,0.05625
96,50,2,6,24,20,113,116,5,0.03125
96,51,3,6,40,15,134,133,12,0.075
96,52,4,6,24,18,112,111,9,0.05625
96,53,5,6,7,16,86,85,8,0.05
96,54,6,6,7,13,68,69,8,0.05
96,55,7,6,2,21,58,59,5,0.03125
96,56,0,7,8,21,40,40,3,0.01875
96,57,1,7,11,17,62,63,6,0.0375
96,58,2,7,19,17,86,84,7,0.04375
96,59,3,7,34,18,104,105,5,0.03125
96,60,4,7,20,10,86,84,6,0.0375
96,61,5,7,17,14,69,69,8,0.05
96,62,6,7,7,17,49,50,8,0.05
96,63,7,7,4,16,32,31,4,0.025
97,0,0,0,7,12,30,31,3,0.01875
97,1,1,0,13,12,54,54,6,0.0375
97,2,2,0,16,15,78,78,8,0.05
97,3,3,0,34,18,109,106,6,0.0375
97,4,4,0,32,13,105,108,5,0.03125
97,5,5,0,19,21,88,88,5,0.03125
97,6,6,0,12,14,60,62,5,0.03125
97,7,7,0,9,22,44,44,4,0.025
97,8,0,1,2,16,46,44,5,0.03125
97,9,1,1,4,23,72,72,8,0.05
97,10,2,1,8,12,94,91,9,0.05625
97,11,3,1,26,25,127,126,7,0.04375
97,12,4,1,26,14,126,125,10,0.0625
97,13,5,1,29,21,130,129,12,0.075
97,14,6,1,19,27,112,111,10,0.0625
97,15,7,1,19,13,76,77,7,0.04375
97,16,0,2,10,12,78,76,6,0.0375
97,17,1,2,5,15,105,107,7,0.04375
97,18,2,2,27,11,124,127,8,0.05
97,19,3,2,33,19,152,155,6,0.0375
97,20,4,2,29,28,146,148,7,0.04375
97,21,5,2,20,15,120,119,7,0.04375
97,22,6,2,2,17,99,97,8,0.05
97,23,7,2,6,12,77,72,10,0.0625
97,24,0,3,8,15,87,87,5,0.03125
97,25,1,3,1,16,110,110,8,0.05
97,26,2,3,13,15,108,109,6,0.0375
97,27,3,3,24,22,151,150,6,0.0375
97,28,4,3,33,16,156,156,7,0.04375
97,29,5,3,27,22,141,143,8,0.05
97,30,6,3,13,15,128,126,9,0.05625
97,31,7,3,12,20,98,99,5,0.03125
97,32,0,4,9,17,84,90,2,0.0125
97,33,1,4,14,18,118,117,9,0.05625
97,34,2,4,25,21,133,129,9,0.05625
97,35,3,4,25,13,150,150,6,0.0375
97,36,4,4,26,23,162,162,5,0.03125
97,37,5,4,30,12,139,137,8,0.05
97,38,6,4,13,17,137,136,9,0.05625
97,39,7,4,12,15,98,97,5,0.03125
97,40,0,5,12,15,76,75,6,0.0375
97,41,1,5,12,17,110,110,9,0.05625
97,42,2,5,24,17,124,129,5,0.03125
97,43,3,5,22,14,139,137,6,0.0375
97,44,4,5,30,18,144,145,7,0.04375
97,45,5,5,14,18,113,111,8,0.05
97,46,6,5,10,22,106,106,9,0.05625
97,47,7,5,3,19,74,75,4,0.025
97,48,0,6,12,15,54,54,6,0.0375
97,49,1,6,11,14,78,80,7,0.04375
97,50,2,6,15,12,95,94,6,0.0375
97,51,3,6,29,13,107,111,9,0.05625
97,52,4,6,35,10,123,124,7,0.04375
97,53,5,6,14,11,94,97,6,0.0375
97,54,6,6,3,18,77,78,7,0.04375
97,55,7,6,8,16,58,59,3,0.01875
97,56,0,7,15,20,37,38,3,0.01875
97,57,1,7,4,18,45,44,7,0.04375
97,58,2,7,14,14,53,55,6,0.0375
97,59,3,7,25,8,63,59,10,0.0625
97,60,4,7,22,18,74,74,9,0.05625
97,61,5,7,3,14,56,55,9,0.05625
97,62,6,7,5,15,47,46,9,0.05625
97,63,7,7,0,18,33,33,4,0.025
98,0,0,0,9,10,32,30,4,0.025
98,1,1,0,5,16,58,56,8,0.05
98,2,2,0,11,22,81,80,7,0.04375
98,3,3,0,28,18,101,101,7,0.04375
98,4,4,0,27,15,96,97,4,0.025
98,5,5,0,30,14,90,90,6,0.0375
98,6,6,0,12,12,64,62,8,0.05
98,7,7,0,13,15,41,40,4,0.025
98,8,0,1,9,15,46,48,4,0.025
98,9,1,1,3,19,71,72,8,0.05
98,10,2,1,14,17,89,92,8,0.05
98,11,3,1,17,32,124,119,12,0.075
98,12,4,1,33,12,108,112,6,0.0375
98,13,5,1,21,13,104,107,7,0.04375
98,14,6,1,10,21,91,91,9,0.05625
98,15,7,1,13,22,67,70,4,0.025
98,16,0,2,5,14,60,59,6,0.0375
98,17,1,2,8,11,86,86,9,0.05625
98,18,2,2,8,13,107,105,8,0.05
98,19,3,2,30,9,139,140,7,0.04375
98,20,4,2,29,14,125,121,10,0.0625
98,21,5,2,19,9,115,113,9,0.05625
98,22,6,2,13,16,108,109,7,0.04375
98,23,7,2,5,15,80,86,4,0.025
98,24,0,3,6,10,68,67,6,0.0375
98,25,1,3,17,22,103,101,10,0.0625
98,26,2,3,13,13,117,117,8,0.05
98,27,3,3,29,19,163,162,8,0.05
98,28,4,3,24,15,136,142,1,0.00625
98,29,5,3,17,19,131,131,6,0.0375
98,30,6,3,9,18,108,109,9,0.05625
98,31,7,3,12,16,89,90,4,0.025
98,32,0,4,9,11,80,73,9,0.05625
98,33,1,4,12,12,100,98,10,0.0625
98,34,2,4,16,19,124,124,9,0.05625
98,35,3,4,28,20,162,159,7,0.04375
98,36,4,4,32,13,143,138,10,0.0625
98,37,5,4,18,10,123,123,7,0.04375
98,38,6,4,8,12,105,106,7,0.04375
98,39,7,4,12,19,84,83,4,0.025
98,40,0,5,8,13,76,78,4,0.025
98,41,1,5,11,13,101,101,9,0.05625
98,42,2,5,21,11,127,125,5,0.03125
98,43,3,5,29,22,150,150,6,0.0375
98,44,4,5,34,16,136,138,4,0.025
98,45,5,5,17,10,115,116,9,0.05625
98,46,6,5,6,18,93,91,11,0.06875
98,47,7,5,6,12,64,64,3,0.01875
98,48,0,6,14,14,72,72,4,0.025
98,49,1,6,14,18,95,94,8,0.05
98,50,2,6,19,13,106,104,8,0.05
98,51,3,6,35,17,137,137,8,0.05
98,52,4,6,32,12,116,118,5,0.03125
98,53,5,6,15,22,104,102,5,0.03125
98,54,6,6,10,13,77,78,6,0.0375
98,55,7,6,8,18,56,57,3,0.01875
98,56,0,7,3,17,32,31,4,0.025
98,57,1,7,12,18,53,52,8,0.05
98,58,2,7,20,8,62,60,7,0.04375
98,59,3,7,24,19,79,82,7,0.04375
98,60,4,7,16,13,61,64,5,0.03125
98,61,5,7,14,21,52,53,8,0.05
98,62,6,7,3,17,37,37,9,0.05625
98,63,7,7,5,15,25,26,4,0.025
99,0,0,0,20,25,66,67,4,0.025
99,1,1,0,16,22,89,89,8,0.05
99,2,2,0,29,21,122,124,6,0.0375
99,3,3,0,28,27,156,159,4,0.025
99,4,4,0,24,26,162,161,4,0.025
99,5,5,0,28,20,142,141,7,0.04375
99,6,6,0,20,20,102,101,8,0.05
99,7,7,0,20,17,59,60,5,0.03125
99,8,0,1,24,23,96,95,4,0.025
99,9,1,1,26,26,124,121,11,0.06875
99,10,2,1,23,31,161,163,6,0.0375
99,11,3,1,34,52,220,224,6,0.0375
99,12,4,1,28,23,183,185,3,0.01875
99,13,5,1,22,32,169,168,9,0.05625
99,14,6,1,16,25,137,136,10,0.0625
99,15,7,1,23,26,103,98,8,0.05
99,16,0,2,24,18,109,113,2,0.0125
99,17,1,2,23,18,143,139,12,0.075
99,18,2,2,30,16,175,175,9,0.05625
99,19,3,2,33,33,241,239,9,0.05625
99,20,4,2,24,28,208,213,5,0.03125
99,21,5,2,26,27,192,195,7,0.04375
99,22,6,2,23,28,167,166,9,0.05625
99,23,7,2,30,20,120,119,7,0.04375
99,24,0,3,23,25,137,137,5,0.03125
99,25,1,3,17,26,161,160,10,0.0625
99,26,2,3,25,36,196,192,10,0.0625
99,27,3,3,31,19,232,235,5,0.03125
99,28,4,3,33,28,224,222,4,0.025
99,29,5,3,24,27,200,199,8,0.05
99,30,6,3,21,23,179,178,10,0.0625
99,31,7,3,22,16,129,127,4,0.025
99,32,0,4,26,25,138,142,5,0.03125
99,33,1,4,16,21,162,165,8,0.05
99,34,2,4,23,26,204,203,10,0.0625
99,35,3,4,22,25,238,237,8,0.05
99,36,4,4,32,25,222,231,2,0.0125
99,37,5,4,28,21,204,208,5,0.03125
99,38,6,4,19,22,183,182,10,0.0625
99,39,7,4,22,27,132,134,3,0.01875
99,40,0,5,22,27,128,128,3,0.01875
99,41,1,5,16,19,152,152,9,0.05625
99,42,2,5,30,27,198,195,9,0.05625
99,43,3,5,26,23,219,219,8,0.05
99,44,4,5,26,27,201,197,8,0.05
99,45,5,5,23,19,173,175,6,0.0375
99,46,6,5,22,20,166,166,10,0.0625
99,47,7,5,30,17,125,126,4,0.025
99,48,0,6,29,27,106,107,5,0.03125
99,49,1,6,23,28,139,140,7,0.04375
99,50,2,6,27,18,168,165,10,0.0625
99,51,3,6,30,23,190,192,5,0.03125
99,52,4,6,22,22,169,167,8,0.05
99,53,5,6,20,31,141,139,9,0.05625
99,54,6,6,19,28,134,130,11,0.06875
99,55,7,6,20,20,93,92,4,0.025
99,56,0,7,27,28,70,70,4,0.025
99,57,1,7,23,23,96,96,8,0.05
99,58,2,7,19,20,121,120,8,0.05
99,59,3,7,26,26,144,145,7,0.04375
99,60,4,7,36,20,142,143,4,0.025
99,61,5,7,22,20,116,117,7,0.04375
99,62,6,7,18,27,95,95,9,0.05625
99,63,7,7,22,27,58,59,2,0.0125
100,0,0,0,12,15,39,39,4,0.025
100,1,1,0,11,10,58,57,7,0.04375
100,2,2,0,6,14,73,71,9,0.05625
100,3,3,0,24,19,99,95,8,0.05
100,4,4,0,29,12,93,94,3,0.01875
100,5,5,0,26,12,91,91,7,0.04375
100,6,6,0,18,12,70,70,7,0.04375
100,7,7,0,24,14,43,44,4,0.025
100,8,0,1,10,14,54,52,6,0.0375
100,9,1,1,7,11,71,75,5,0.03125
100,10,2,1,18,13,105,106,4,0.025
100,11,3,1,28,33,135,134,8,0.05
100,12,4,1,26,14,112,108,8,0.05
100,13,5,1,30,17,115,115,10,0.0625
100,14,6,1,10,21,93,93,9,0.05625
100,15,7,1,5,17,59,64,4,0.025
100,16,0,2,14,19,79,77,6,0.0375
100,17,1,2,9,18,103,107,8,0.05
100,18,2,2,23,17,134,133,10,0.0625
100,19,3,2,29,15,152,151,7,0.04375
100,20,4,2,25,14,131,133,2,0.0125
100,21,5,2,18,15,116,121,3,0.01875
100,22,6,2,6,24,105,107,6,0.0375
100,23,7,2,9,14,79,79,6,0.0375
100,24,0,3,3,20,78,77,5,0.03125
100,25,1,3,16,17,110,108,11,0.06875
100,26,2,3,17,24,141,142,9,0.05625
100,27,3,3,23,9,145,145,7,0.04375
100,28,4,3,33,22,159,155,7,0.04375
100,29,5,3,23,19,137,139,7,0.04375
100,30,6,3,4,24,119,121,8,0.05
100,31,7,3,9,18,85,88,3,0.01875
100,32,0,4,5,15,73,73,5,0.03125
100,33,1,4,8,17,94,93,8,0.05
100,34,2,4,19,19,132,136,7,0.04375
100,35,3,4,33,11,141,143,5,0.03125
100,36,4,4,22,14,146,143,4,0.025
100,37,5,4,25,17,138,134,8,0.05
100,38,6,4,16,22,129,132,6,0.0375
100,39,7,4,12,13,88,86,4,0.025
100,40,0,5,2,17,64,65,4,0.025
100,41,1,5,15,14,81,83,8,0.05
100,42,2,5,12,12,110,106,13,0.08125
100,43,3,5,24,13,116,116,6,0.0375
100,44,4,5,27,18,130,134,5,0.03125
100,45,5,5,23,20,124,125,4,0.025
100,46,6,5,11,17,117,120,8,0.05
100,47,7,5,13,15,85,83,4,0.025
100,48,0,6,5,11,54,54,5,0.03125
100,49,1,6,13,22,73,73,8,0.05
100,50,2,6,27,13,92,93,9,0.05625
100,51,3,6,13,13,85,79,13,0.08125
100,52,4,6,22,13,93,91,9,0.05625
100,53,5,6,15,15,79,80,8,0.05
100,54,6,6,2,16,76,77,9,0.05625
100,55,7,6,5,17,59,59,4,0.025
100,56,0,7,3,13,30,29,4,0.025
100,57,1,7,6,16,47,46,9,0.05625
100,58,2,7,18,13,79,77,11,0.06875
100,59,3,7,30,11,90,91,6,0.0375
100,60,4,7,27,15,92,87,9,0.05625
100,61,5,7,20,14,75,77,6,0.0375
100,62,6,7,10,24,71,69,10,0.0625
100,63,7,7,11,24,50,49,3,0.01875
101,0,0,0,9,16,36,35,5,0.03125
101,1,1,0,3,15,52,52,9,0.05625
101,2,2,0,22,13,85,86,8,0.05
101,3,3,0,36,19,113,114,7,0.04375
101,4,4,0,28,15,103,104,3,0.01875
101,5,5,0,24,23,97,94,9,0.05625
101,6,6,0,5,17,63,64,7,0.04375
101,7,7,0,10,16,47,46,4,0.025
101,8,0,1,5,16,55,56,5,0.03125
101,9,1,1,6,18,85,84,6,0.0375
101,10,2,1,12,17,109,104,9,0.05625
101,11,3,1,28,29,137,137,6,0.0375
101,12,4,1,31,8,110,114,5,0.03125
101,13,5,1,18,15,113,116,6,0.0375
101,14,6,1,12,17,101,104,5,0.03125
101,15,7,1,15,21,79,78,5,0.03125
101,16,0,2,7,11,71,72,5,0.03125
101,17,1,2,8,19,105,103,9,0.05625
101,18,2,2,19,13,115,119,8,0.05
101,19,3,2,25,10,146,147,7,0.04375
101,20,4,2,28,18,140,138,3,0.01875
101,21,5,2,29,17,143,137,8,0.05
101,22,6,2,11,24,126,126,8,0.05
101,23,7,2,15,25,99,100,6,0.0375
101,24,0,3,9,18,91,89,8,0.05
101,25,1,3,8,10,114,120,7,0.04375
101,26,2,3,21,15,126,125,11,0.06875
101,27,3,3,33,13,153,151,5,0.03125
101,28,4,3,25,13,139,144,2,0.0125
101,29,5,3,20,16,134,133,7,0.04375
101,30,6,3,13,14,123,122,10,0.0625
101,31,7,3,11,19,100,97,5,0.03125
101,32,0,4,13,16,92,92,4,0.025
101,33,1,4,16,19,124,126,7,0.04375
101,34,2,4,25,18,142,141,8,0.05
101,35,3,4,36,14,155,153,9,0.05625
101,36,4,4,26,20,151,150,5,0.03125
101,37,5,4,28,17,137,135,11,0.06875
101,38,6,4,12,13,116,114,9,0.05625
101,39,7,4,7,17,91,93,4,0.025
101,40,0,5,6,20,77,77,4,0.025
101,41,1,5,3,16,89,87,9,0.05625
101,42,2,5,13,11,105,109,7,0.04375
101,43,3,5,26,14,140,141,7,0.04375
101,44,4,5,37,14,146,143,6,0.0375
101,45,5,5,18,11,118,117,5,0.03125
101,46,6,5,9,21,98,95,10,0.0625
101,47,7,5,9,18,78,80,4,0.025
101,48,0,6,11,15,61,61,4,0.025
101,49,1,6,2,15,64,64,8,0.05
101,50,2,6,6,10,80,81,9,0.05625
101,51,3,6,44,16,123,124,12,0.075
101,52,4,6,15,18,103,106,7,0.04375
101,53,5,6,8,15,87,87,9,0.05625
101,54,6,6,3,10,62,63,8,0.05
101,55,7,6,1,16,55,55,4,0.025
101,56,0,7,11,19,45,47,3,0.01875
101,57,1,7,13,15,62,62,7,0.04375
101,58,2,7,23,20,84,87,7,0.04375
101,59,3,7,25,24,93,91,8,0.05
101,60,4,7,19,19,75,79,6,0.0375
101,61,5,7,13,19,65,62,8,0.05
101,62,6,7,3,11,41,43,9,0.05625
101,63,7,7,1,16,31,30,4,0.025
102,0,0,0,5,12,35,35,4,0.025
102,1,1,0,8,9,48,48,9,0.05625
102,2,2,0,13,12,78,77,8,0.05
102,3,3,0,33,16,105,107,5,0.03125
102,4,4,0,23,15,100,99,3,0.01875
102,5,5,0,29,22,95,99,6,0.0375
102,6,6,0,10,20,66,64,8,0.05
102,7,7,0,8,18,39,39,4,0.025
102,8,0,1,7,16,55,57,4,0.025
102,9,1,1,6,13,63,64,7,0.04375
102,10,2,1,8,20,105,104,10,0.0625
102,11,3,1,33,28,135,136,6,0.0375
102,12,4,1,26,16,120,119,5,0.03125
102,13,5,1,30,8,108,107,8,0.05
102,14,6,1,13,14,77,76,9,0.05625
102,15,7,1,7,17,53,52,5,0.03125
102,16,0,2,15,17,82,82,4,0.025
102,17,1,2,6,15,84,83,9,0.05625
102,18,2,2,21,20,125,126,5,0.03125
102,19,3,2,32,16,139,140,6,0.0375
102,20,4,2,20,13,138,139,3,0.01875
102,21,5,2,29,16,131,131,9,0.05625
102,22,6,2,9,20,104,104,7,0.04375
102,23,7,2,11,11,70,70,5,0.03125
102,24,0,3,11,14,88,92,4,0.025
102,25,1,3,16,13,103,99,8,0.05
102,26,2,3,19,19,140,145,6,0.0375
102,27,3,3,26,12,140,141,6,0.0375
102,28,4,3,29,18,153,149,4,0.025
102,29,5,3,18,11,124,123,9,0.05625
102,30,6,3,6,17,105,106,9,0.05625
102,31,7,3,12,17,81,79,6,0.0375
102,32,0,4,9,17,84,84,5,0.03125
102,33,1,4,9,11,88,86,9,0.05625
102,34,2,4,19,23,131,132,7,0.04375
102,35,3,4,24,23,151,151,8,0.05
102,36,4,4,25,16,152,148,7,0.04375
102,37,5,4,28,11,135,136,9,0.05625
102,38,6,4,11,12,106,108,7,0.04375
102,39,7,4,11,17,78,77,4,0.025
102,40,0,5,12,16,79,79,4,0.025
102,41,1,5,17,12,101,102,8,0.05
102,42,2,5,27,10,132,135,7,0.04375
102,43,3,5,35,18,150,149,7,0.04375
102,44,4,5,28,20,137,140,5,0.03125
102,45,5,5,17,12,119,116,10,0.0625
102,46,6,5,12,18,95,97,10,0.0625
102,47,7,5,8,15,60,59,5,0.03125
102,48,0,6,3,20,58,57,5,0.03125
102,49,1,6,11,19,78,79,7,0.04375
102,50,2,6,25,17,108,107,8,0.05
102,51,3,6,22,14,117,121,5,0.03125
102,52,4,6,33,15,112,111,6,0.0375
102,53,5,6,11,16,94,96,5,0.03125
102,54,6,6,5,13,67,67,9,0.05625
102,55,7,6,3,7,44,43,5,0.03125
102,56,0,7,6,18,29,28,4,0.025
102,57,1,7,4,18,40,40,7,0.04375
102,58,2,7,14,19,57,60,2,0.0125
102,59,3,7,25,16,75,77,5,0.03125
102,60,4,7,17,13,68,68,5,0.03125
102,61,5,7,9,30,65,67,6,0.0375
102,62,6,7,3,21,37,38,7,0.04375
102,63,7,7,2,19,28,28,3,0.01875
103,0,0,0,7,26,43,43,4,0.025
103,1,1,0,7,12,58,59,7,0.04375
103,2,2,0,22,21,87,88,8,0.05
103,3,3,0,40,15,115,111,9,0.05625
103,4,4,0,27,16,107,106,5,0.03125
103,5,5,0,23,10,78,78,6,0.0375
103,6,6,0,11,11,55,56,9,0.05625
103,7,7,0,13,8,36,36,4,0.025
103,8,0,1,4,18,67,66,5,0.03125
103,9,1,1,6,15,84,81,8,0.05
103,10,2,1,15,17,99,102,7,0.04375
103,11,3,1,30,22,135,135,7,0.04375
103,12,4,1,27,17,134,133,6,0.0375
103,13,5,1,20,22,114,117,5,0.03125
103,14,6,1,12,15,83,85,6,0.0375
103,15,7,1,11,16,61,61,5,0.03125
103,16,0,2,3,23,87,86,6,0.0375
103,17,1,2,11,12,103,105,7,0.04375
103,18,2,2,15,17,118,117,6,0.0375
103,19,3,2,23,11,144,143,5,0.03125
103,20,4,2,27,13,139,142,1,0.00625
103,21,5,2,17,21,140,139,8,0.05
103,22,6,2,13,12,98,99,7,0.04375
103,23,7,2,2,19,69,68,5,0.03125
103,24,0,3,8,14,88,87,6,0.0375
103,25,1,3,12,17,109,112,7,0.04375
103,26,2,3,19,18,125,122,9,0.05625
103,27,3,3,30,21,162,165,3,0.01875
103,28,4,3,34,16,150,153,3,0.01875
103,29,5,3,19,20,146,148,7,0.04375
103,30,6,3,12,16,111,112,6,0.0375
103,31,7,3,5,15,81,81,5,0.03125
103,32,0,4,11,23,91,88,7,0.04375
103,33,1,4,9,20,111,113,7,0.04375
103,34,2,4,25,7,126,124,9,0.05625
103,35,3,4,31,24,167,169,8,0.05
103,36,4,4,31,14,142,144,6,0.0375
103,37,5,4,11,14,128,132,5,0.03125
103,38,6,4,7,15,95,94,8,0.05
103,39,7,4,6,15,78,77,6,0.0375
103,40,0,5,13,15,77,77,4,0.025
103,41,1,5,8,23,104,101,10,0.0625
103,42,2,5,16,17,114,113,7,0.04375
103,43,3,5,30,21,161,158,8,0.05
103,44,4,5,39,27,154,151,7,0.04375
103,45,5,5,16,24,130,128,10,0.0625
103,46,6,5,7,23,96,97,8,0.05
103,47,7,5,8,14,79,79,4,0.025
103,48,0,6,13,17,66,68,4,0.025
103,49,1,6,10,20,90,88,8,0.05
103,50,2,6,22,15,102,105,6,0.0375
103,51,3,6,29,21,138,135,8,0.05
103,52,4,6,39,23,131,131,8,0.05
103,53,5,6,17,19,109,108,8,0.05
103,54,6,6,12,20,88,89,7,0.04375
103,55,7,6,8,18,71,73,4,0.025
103,56,0,7,8,13,43,44,3,0.01875
103,57,1,7,15,12,67,71,5,0.03125
103,58,2,7,26,13,96,92,8,0.05
103,59,3,7,30,13,109,111,2,0.0125
103,60,4,7,29,8,94,94,5,0.03125
103,61,5,7,19,15,82,83,6,0.0375
103,62,6,7,9,12,58,58,8,0.05
103,63,7,7,9,20,44,45,4,0.025
104,0,0,0,15,18,45,47,3,0.01875
104,1,1,0,8,21,69,69,8,0.05
104,2,2,0,24,17,86,87,6,0.0375
104,3,3,0,32,13,100,106,2,0.0125
104,4,4,0,31,12,101,98,7,0.04375
104,5,5,0,8,20,80,79,7,0.04375
104,6,6,0,8,16,64,65,7,0.04375
104,7,7,0,11,16,40,41,4,0.025
104,8,0,1,11,16,59,60,3,0.01875
104,9,1,1,6,13,87,86,11,0.06875
104,10,2,1,14,13,101,100,8,0.05
104,11,3,1,27,34,139,140,6,0.0375
104,12,4,1,34,16,124,124,6,0.0375
104,13,5,1,25,14,114,111,8,0.05
104,14,6,1,9,17,93,93,7,0.04375
104,15,7,1,10,18,74,72,8,0.05
104,16,0,2,15,19,83,83,5,0.03125
104,17,1,2,4,15,106,102,13,0.08125
104,18,2,2,22,13,123,123,7,0.04375
104,19,3,2,34,19,166,163,8,0.05
104,20,4,2,21,25,151,147,3,0.01875
104,21,5,2,24,16,131,130,10,0.0625
104,22,6,2,14,21,116,112,10,0.0625
104,23,7,2,16,22,98,96,8,0.05
104,24,0,3,11,18,86,88,3,0.01875
104,25,1,3,10,21,115,115,8,0.05
104,26,2,3,18,19,130,132,7,0.04375
104,27,3,3,27,14,164,160,6,0.0375
104,28,4,3,24,19,159,157,4,0.025
104,29,5,3,27,16,141,139,7,0.04375
104,30,6,3,6,15,98,97,9,0.05625
104,31,7,3,12,20,96,99,4,0.025
104,32,0,4,6,15,79,81,5,0.03125
104,33,1,4,15,23,117,115,9,0.05625
104,34,2,4,18,13,129,129,8,0.05
104,35,3,4,24,7,149,148,8,0.05
104,36,4,4,29,15,154,155,6,0.0375
104,37,5,4,18,16,130,129,7,0.04375
104,38,6,4,9,13,92,93,7,0.04375
104,39,7,4,10,15,97,98,5,0.03125
104,40,0,5,6,12,73,72,5,0.03125
104,41,1,5,8,18,94,99,6,0.0375
104,42,2,5,13,17,107,109,6,0.0375
104,43,3,5,25,19,128,125,14,0.0875
104,44,4,5,34,15,141,139,9,0.05625
104,45,5,5,20,16,109,110,11,0.06875
104,46,6,5,8,10,76,77,5,0.03125
104,47,7,5,10,10,84,83,4,0.025
104,48,0,6,4,7,55,54,5,0.03125
104,49,1,6,7,17,73,75,7,0.04375
104,50,2,6,16,16,87,89,5,0.03125
104,51,3,6,24,16,108,107,11,0.06875
104,52,4,6,29,16,119,119,6,0.0375
104,53,5,6,11,13,86,85,8,0.05
104,54,6,6,8,14,75,75,8,0.05
104,55,7,6,10,20,71,71,4,0.025
104,56,0,7,11,16,41,40,4,0.025
104,57,1,7,11,11,60,55,10,0.0625
104,58,2,7,28,10,82,82,8,0.05
104,59,3,7,34,18,107,102,8,0.05
104,60,4,7,26,22,98,96,8,0.05
104,61,5,7,9,8,61,59,8,0.05
104,62,6,7,2,11,42,41,8,0.05
104,63,7,7,5,17,34,34,4,0.025
105,0,0,0,17,29,66,64,3,0.01875
105,1,1,0,18,26,102,103,7,0.04375
105,2,2,0,25,18,128,126,8,0.05
105,3,3,0,33,27,155,149,8,0.05
105,4,4,0,33,17,147,150,5,0.03125
105,5,5,0,25,18,133,135,5,0.03125
105,6,6,0,24,32,117,118,6,0.0375
105,7,7,0,29,26,73,71,5,0.03125
105,8,0,1,26,22,102,101,4,0.025
105,9,1,1,18,20,135,137,8,0.05
105,10,2,1,23,17,149,146,11,0.06875
105,11,3,1,34,47,203,198,11,0.06875
105,12,4,1,24,22,186,186,7,0.04375
105,13,5,1,36,19,181,181,7,0.04375
105,14,6,1,19,28,156,153,9,0.05625
105,15,7,1,22,20,101,98,11,0.06875
105,16,0,2,22,34,128,130,3,0.01875
105,17,1,2,23,19,155,161,7,0.04375
105,18,2,2,21,24,175,174,8,0.05
105,19,3,2,33,20,206,206,11,0.06875
105,20,4,2,24,25,206,201,9,0.05625
105,21,5,2,27,28,203,207,7,0.04375
105,22,6,2,22,25,174,175,9,0.05625
105,23,7,2,18,24,125,125,9,0.05625
105,24,0,3,25,16,140,138,6,0.0375
105,25,1,3,13,23,164,162,10,0.0625
105,26,2,3,29,17,188,184,10,0.0625
105,27,3,3,26,27,223,224,7,0.04375
105,28,4,3,29,34,230,227,7,0.04375
105,29,5,3,32,34,229,231,6,0.0375
105,30,6,3,20,22,188,188,9,0.05625
105,31,7,3,21,16,132,128,8,0.05
105,32,0,4,28,22,137,138,4,0.025
105,33,1,4,21,17,162,162,8,0.05
105,34,2,4,29,28,189,194,5,0.03125
105,35,3,4,37,19,229,229,6,0.0375
105,36,4,4,22,22,220,218,8,0.05
105,37,5,4,32,28,223,221,8,0.05
105,38,6,4,24,23,190,188,8,0.05
105,39,7,4,24,23,134,132,7,0.04375
105,40,0,5,23,31,127,123,8,0.05
105,41,1,5,18,26,143,142,8,0.05
105,42,2,5,24,22,161,159,6,0.0375
105,43,3,5,32,22,206,211,8,0.05
105,44,4,5,34,25,207,207,9,0.05625
105,45,5,5,28,31,204,204,8,0.05
105,46,6,5,20,29,175,172,9,0.05625
105,47,7,5,20,23,122,122,5,0.03125
105,48,0,6,26,15,100,102,3,0.01875
105,49,1,6,22,30,140,139,7,0.04375
105,50,2,6,25,24,157,152,9,0.05625
105,51,3,6,30,25,183,184,9,0.05625
105,52,4,6,24,18,181,180,8,0.05
105,53,5,6,25,25,176,177,8,0.05
105,54,6,6,24,33,154,151,9,0.05625
105,55,7,6,20,24,105,103,5,0.03125
105,56,0,7,17,22,63,61,4,0.025
105,57,1,7,23,29,100,103,5,0.03125
105,58,2,7,28,22,135,135,8,0.05
105,59,3,7,30,23,156,163,2,0.0125
105,60,4,7,24,32,160,166,2,0.0125
105,61,5,7,28,34,147,147,6,0.0375
105,62,6,7,26,24,105,106,8,0.05
105,63,7,7,23,29,64,65,3,0.01875
106,0,0,0,6,21,36,37,4,0.025
106,1,1,0,9,15,58,55,10,0.0625
106,2,2,0,20,13,78,79,7,0.04375
106,3,3,0,28,15,99,98,9,0.05625
106,4,4,0,29,12,95,95,5,0.03125
106,5,5,0,19,12,72,68,10,0.0625
106,6,6,0,9,8,46,44,8,0.05
106,7,7,0,7,21,36,34,8,0.05
106,8,0,1,2,19,56,55,5,0.03125
106,9,1,1,4,13,65,62,10,0.0625
106,10,2,1,8,13,80,85,7,0.04375
106,11,3,1,22,29,109,114,6,0.0375
106,12,4,1,25,18,112,110,8,0.05
106,13,5,1,21,13,80,83,5,0.03125
106,14,6,1,8,16,69,70,7,0.04375
106,15,7,1,13,12,59,59,9,0.05625
106,16,0,2,12,17,88,87,5,0.03125
106,17,1,2,2,13,86,84,9,0.05625
106,18,2,2,18,17,122,120,8,0.05
106,19,3,2,33,19,144,149,5,0.03125
106,20,4,2,27,21,145,145,8,0.05
106,21,5,2,20,13,101,99,8,0.05
106,22,6,2,10,16,98,97,10,0.0625
106,23,7,2,12,17,84,86,6,0.0375
106,24,0,3,7,20,90,90,6,0.0375
106,25,1,3,12,10,96,95,10,0.0625
106,26,2,3,18,17,131,135,6,0.0375
106,27,3,3,38,12,152,153,4,0.025
106,28,4,3,30,17,163,164,5,0.03125
106,29,5,3,25,11,117,119,5,0.03125
106,30,6,3,5,17,107,105,10,0.0625
106,31,7,3,10,11,91,94,6,0.0375
106,32,0,4,13,19,97,96,4,0.025
106,33,1,4,15,15,111,111,9,0.05625
106,34,2,4,29,16,152,149,6,0.0375
106,35,3,4,31,7,150,154,3,0.01875
106,36,4,4,28,12,161,163,7,0.04375
106,37,5,4,16,11,118,120,8,0.05
106,38,6,4,8,14,103,103,9,0.05625
106,39,7,4,11,22,106,105,7,0.04375
106,40,0,5,8,14,69,73,4,0.025
106,41,1,5,3,17,85,86,6,0.0375
106,42,2,5,11,13,103,104,6,0.0375
106,43,3,5,19,17,119,119,9,0.05625
106,44,4,5,32,19,140,144,5,0.03125
106,45,5,5,18,15,109,110,8,0.05
106,46,6,5,11,20,102,103,7,0.04375
106,47,7,5,13,15,92,91,7,0.04375
106,48,0,6,8,14,58,55,5,0.03125
106,49,1,6,7,15,78,77,9,0.05625
106,50,2,6,19,15,92,93,7,0.04375
106,51,3,6,26,8,103,107,6,0.0375
106,52,4,6,20,20,113,117,5,0.03125
106,53,5,6,13,20,87,89,5,0.03125
106,54,6,6,2,17,68,69,7,0.04375
106,55,7,6,7,15,68,69,4,0.025
106,56,0,7,11,18,40,42,4,0.025
106,57,1,7,3,22,62,62,7,0.04375
106,58,2,7,15,16,70,71,7,0.04375
106,59,3,7,19,16,85,79,8,0.05
106,60,4,7,23,19,84,80,4,0.025
106,61,5,7,17,10,60,61,7,0.04375
106,62,6,7,7,14,46,45,9,0.05625
106,63,7,7,13,23,47,45,4,0.025
107,0,0,0,7,21,37,38,3,0.01875
107,1,1,0,6,19,53,54,8,0.05
107,2,2,0,5,19,60,60,7,0.04375
107,3,3,0,16,17,83,87,5,0.03125
107,4,4,0,31,17,98,99,3,0.01875
107,5,5,0,25,12,85,88,7,0.04375
107,6,6,0,12,11,61,63,5,0.03125
107,7,7,0,8,21,47,49,5,0.03125
107,8,0,1,7,18,60,61,5,0.03125
107,9,1,1,5,14,75,78,9,0.05625
107,10,2,1,11,15,88,88,6,0.0375
107,11,3,1,25,25,127,126,6,0.0375
107,12,4,1,37,17,122,126,3,0.01875
107,13,5,1,16,10,93,91,8,0.05
107,14,6,1,13,16,83,78,12,0.075
107,15,7,1,7,16,66,73,4,0.025
107,16,0,2,7,14,78,79,3,0.01875
107,17,1,2,12,14,100,102,6,0.0375
107,18,2,2,16,13,113,112,9,0.05625
107,19,3,2,29,14,149,144,10,0.0625
107,20,4,2,28,21,149,153,6,0.0375
107,21,5,2,27,9,110,111,6,0.0375
107,22,6,2,10,13,94,98,6,0.0375
107,23,7,2,5,25,91,91,6,0.0375
107,24,0,3,9,13,90,91,5,0.03125
107,25,1,3,10,16,103,105,9,0.05625
107,26,2,3,25,9,125,123,9,0.05625
107,27,3,3,30,18,165,162,7,0.04375
107,28,4,3,23,24,161,162,6,0.0375
107,29,5,3,17,15,118,115,9,0.05625
107,30,6,3,10,20,110,111,9,0.05625
107,31,7,3,12,12,97,98,4,0.025
107,32,0,4,21,17,95,98,3,0.01875
107,33,1,4,15,9,115,115,9,0.05625
107,34,2,4,30,14,143,139,10,0.0625
107,35,3,4,30,14,162,163,4,0.025
107,36,4,4,24,23,159,159,6,0.0375
107,37,5,4,11,10,113,111,8,0.05
107,38,6,4,5,13,103,102,8,0.05
107,39,7,4,9,18,86,90,4,0.025
107,40,0,5,8,15,77,75,4,0.025
107,41,1,5,14,25,107,103,10,0.0625
107,42,2,5,24,15,129,128,8,0.05
107,43,3,5,32,15,145,148,4,0.025
107,44,4,5,21,17,146,143,8,0.05
107,45,5,5,18,22,120,122,7,0.04375
107,46,6,5,10,19,103,104,9,0.05625
107,47,7,5,9,18,79,80,5,0.03125
107,48,0,6,9,19,66,67,3,0.01875
107,49,1,6,7,17,84,88,4,0.025
107,50,2,6,19,17,119,118,9,0.05625
107,51,3,6,26,21,130,131,4,0.025
107,52,4,6,33,11,138,135,8,0.05
107,53,5,6,16,17,100,99,6,0.0375
107,54,6,6,17,17,91,93,6,0.0375
107,55,7,6,6,16,71,71,4,0.025
107,56,0,7,5,18,34,34,4,0.025
107,57,1,7,6,16,50,49,8,0.05
107,58,2,7,18,25,86,85,8,0.05
107,59,3,7,24,16,93,94,7,0.04375
107,60,4,7,29,15,102,101,6,0.0375
107,61,5,7,21,12,72,69,9,0.05625
107,62,6,7,12,12,57,57,8,0.05
107,63,7,7,14,22,51,52,4,0.025
108,0,0,0,14,19,45,43,5,0.03125
108,1,1,0,3,17,66,65,9,0.05625
108,2,2,0,22,18,80,79,8,0.05
108,3,3,0,32,26,92,91,7,0.04375
108,4,4,0,24,12,77,74,7,0.04375
108,5,5,0,16,15,65,66,6,0.0375
108,6,6,0,4,13,48,47,8,0.05
108,7,7,0,13,18,43,45,4,0.025
108,8,0,1,6,15,62,62,5,0.03125
108,9,1,1,10,21,95,96,8,0.05
108,10,2,1,15,15,97,96,8,0.05
108,11,3,1,29,26,137,136,9,0.05625
108,12,4,1,27,11,116,117,3,0.01875
108,13,5,1,19,9,90,89,8,0.05
108,14,6,1,4,20,77,84,6,0.0375
108,15,7,1,13,15,74,74,4,0.025
108,16,0,2,8,11,80,77,5,0.03125
108,17,1,2,9,15,109,107,9,0.05625
108,18,2,2,28,23,134,138,7,0.04375
108,19,3,2,37,9,155,160,5,0.03125
108,20,4,2,21,20,132,134,4,0.025
108,21,5,2,21,11,101,100,9,0.05625
108,22,6,2,5,21,101,99,8,0.05
108,23,7,2,3,19,88,89,4,0.025
108,24,0,3,13,14,89,87,5,0.03125
108,25,1,3,12,19,121,118,10,0.0625
108,26,2,3,19,20,145,146,8,0.05
108,27,3,3,34,9,165,167,8,0.05
108,28,4,3,27,17,149,146,8,0.05
108,29,5,3,16,17,112,111,8,0.05
108,30,6,3,4,13,109,109,9,0.05625
108,31,7,3,7,16,93,92,5,0.03125
108,32,0,4,15,9,89,84,7,0.04375
108,33,1,4,11,14,117,117,8,0.05
108,34,2,4,22,14,146,150,7,0.04375
108,35,3,4,25,16,159,156,5,0.03125
108,36,4,4,31,16,154,153,6,0.0375
108,37,5,4,14,11,111,111,7,0.04375
108,38,6,4,12,14,117,116,10,0.0625
108,39,7,4,3,19,88,87,4,0.025
108,40,0,5,14,11,74,77,4,0.025
108,41,1,5,11,20,100,104,7,0.04375
108,42,2,5,19,18,135,132,7,0.04375
108,43,3,5,30,18,146,145,6,0.0375
108,44,4,5,27,18,150,154,5,0.03125
108,45,5,5,18,14,110,113,4,0.025
108,46,6,5,10,13,115,115,9,0.05625
108,47,7,5,10,19,84,84,5,0.03125
108,48,0,6,11,17,60,60,4,0.025
108,49,1,6,9,21,81,81,5,0.03125
108,50,2,6,14,23,106,108,7,0.04375
108,51,3,6,22,10,107,105,8,0.05
108,52,4,6,28,16,123,124,5,0.03125
108,53,5,6,16,19,109,106,9,0.05625
108,54,6,6,10,22,108,107,9,0.05625
108,55,7,6,12,19,73,72,5,0.03125
108,56,0,7,8,18,36,36,4,0.025
108,57,1,7,9,15,55,53,10,0.0625
108,58,2,7,11,18,78,81,5,0.03125
108,59,3,7,34,18,97,98,4,0.025
108,60,4,7,31,15,104,101,8,0.05
108,61,5,7,23,11,88,90,8,0.05
108,62,6,7,8,23,72,70,9,0.05625
108,63,7,7,10,20,44,43,4,0.025
109,0,0,0,9,22,46,47,3,0.01875
109,1,1,0,16,21,72,75,7,0.04375
109,2,2,0,22,17,84,84,8,0.05
109,3,3,0,38,23,112,112,4,0.025
109,4,4,0,23,15,87,85,8,0.05
109,5,5,0,16,10,66,64,8,0.05
109,6,6,0,11,12,49,49,7,0.04375
109,7,7,0,1,18,33,32,4,0.025
109,8,0,1,9,14,69,68,4,0.025
109,9,1,1,8,15,88,86,8,0.05
109,10,2,1,20,20,109,110,7,0.04375
109,11,3,1,32,29,160,160,9,0.05625
109,12,4,1,26,16,130,129,4,0.025
109,13,5,1,29,21,110,111,8,0.05
109,14,6,1,13,12,84,82,9,0.05625
109,15,7,1,14,16,73,71,5,0.03125
109,16,0,2,10,21,89,89,5,0.03125
109,17,1,2,8,13,107,111,6,0.0375
109,18,2,2,20,15,130,130,7,0.04375
109,19,3,2,25,13,165,165,5,0.03125
109,20,4,2,34,20,153,149,8,0.05
109,21,5,2,18,13,106,109,3,0.01875
109,22,6,2,6,16,94,94,7,0.04375
109,23,7,2,15,15,86,82,10,0.0625
109,24,0,3,12,22,93,95,4,0.025
109,25,1,3,8,16,101,106,7,0.04375
109,26,2,3,19,15,133,135,7,0.04375
109,27,3,3,26,14,163,161,7,0.04375
109,28,4,3,29,13,152,158,3,0.01875
109,29,5,3,22,24,133,136,5,0.03125
109,30,6,3,13,16,112,112,9,0.05625
109,31,7,3,11,18,90,91,4,0.025
109,32,0,4,8,26,94,98,4,0.025
109,33,1,4,13,21,115,113,9,0.05625
109,34,2,4,13,11,125,122,8,0.05
109,35,3,4,34,18,156,155,8,0.05
109,36,4,4,35,20,163,162,7,0.04375
109,37,5,4,18,14,130,132,7,0.04375
109,38,6,4,11,14,109,111,8,0.05
109,39,7,4,10,14,92,89,6,0.0375
109,40,0,5,4,15,71,69,5,0.03125
109,41,1,5,11,13,98,92,11,0.06875
109,42,2,5,21,21,109,109,10,0.0625
109,43,3,5,29,17,141,136,11,0.06875
109,44,4,5,24,17,154,155,3,0.01875
109,45,5,5,23,20,134,133,4,0.025
109,46,6,5,13,14,97,100,6,0.0375
109,47,7,5,12,10,80,81,5,0.03125
109,48,0,6,9,18,58,58,4,0.025
109,49,1,6,6,18,86,80,9,0.05625
109,50,2,6,21,18,99,100,6,0.0375
109,51,3,6,34,17,129,124,11,0.06875
109,52,4,6,33,22,145,144,7,0.04375
109,53,5,6,17,23,111,111,9,0.05625
109,54,6,6,11,15,83,86,6,0.0375
109,55,7,6,8,29,68,69,4,0.025
109,56,0,7,6,13,35,34,4,0.025
109,57,1,7,8,16,57,58,8,0.05
109,58,2,7,17,9,78,75,8,0.05
109,59,3,7,37,17,110,108,7,0.04375
109,60,4,7,35,23,114,117,6,0.0375
109,61,5,7,12,13,78,79,7,0.04375
109,62,6,7,6,24,65,67,8,0.05
109,63,7,7,6,19,38,39,4,0.025
110,0,0,0,7,10,33,33,4,0.025
110,1,1,0,11,15,58,57,7,0.04375
110,2,2,0,17,18,79,80,7,0.04375
110,3,3,0,33,16,108,108,5,0.03125
110,4,4,0,37,22,119,123,5,0.03125
110,5,5,0,23,11,86,85,8,0.05
110,6,6,0,9,15,66,65,7,0.04375
110,7,7,0,16,21,53,53,5,0.03125
110,8,0,1,9,13,62,62,5,0.03125
110,9,1,1,13,23,97,100,7,0.04375
110,10,2,1,19,9,108,108,5,0.03125
110,11,3,1,41,31,149,152,4,0.025
110,12,4,1,28,18,132,132,5,0.03125
110,13,5,1,11,19,98,95,10,0.0625
110,14,6,1,4,13,74,73,9,0.05625
110,15,7,1,14,19,67,67,4,0.025
110,16,0,2,11,20,83,81,9,0.05625
110,17,1,2,10,23,112,110,7,0.04375
110,18,2,2,25,14,124,121,10,0.0625
110,19,3,2,24,9,148,149,5,0.03125
110,20,4,2,33,14,152,155,5,0.03125
110,21,5,2,22,19,137,133,9,0.05625
110,22,6,2,15,17,103,103,8,0.05
110,23,7,2,8,15,84,87,6,0.0375
110,24,0,3,11,21,91,89,6,0.0375
110,25,1,3,7,16,112,110,8,0.05
110,26,2,3,21,13,127,123,11,0.06875
110,27,3,3,24,20,156,156,7,0.04375
110,28,4,3,28,14,153,152,4,0.025
110,29,5,3,29,21,155,152,9,0.05625
110,30,6,3,16,8,120,118,10,0.0625
110,31,7,3,15,26,112,110,7,0.04375
110,32,0,4,6,16,83,82,5,0.03125
110,33,1,4,5,10,96,98,8,0.05
110,34,2,4,13,11,110,114,7,0.04375
110,35,3,4,27,15,154,153,9,0.05625
110,36,4,4,36,20,159,158,7,0.04375
110,37,5,4,25,14,141,139,9,0.05625
110,38,6,4,10,17,119,119,9,0.05625
110,39,7,4,11,20,105,108,4,0.025
110,40,0,5,6,14,81,81,4,0.025
110,41,1,5,8,16,93,101,5,0.03125
110,42,2,5,18,15,116,118,8,0.05
110,43,3,5,23,21,147,151,6,0.0375
110,44,4,5,34,20,152,148,7,0.04375
110,45,5,5,28,25,139,137,8,0.05
110,46,6,5,8,24,112,110,8,0.05
110,47,7,5,9,16,98,97,5,0.03125
110,48,0,6,6,20,65,66,4,0.025
110,49,1,6,8,15,71,74,8,0.05
110,50,2,6,17,19,96,93,7,0.04375
110,51,3,6,39,15,123,126,8,0.05
110,52,4,6,21,14,109,110,7,0.04375
110,53,5,6,11,12,91,92,9,0.05625
110,54,6,6,8,17,75,71,9,0.05625
110,55,7,6,4,23,74,73,6,0.0375
110,56,0,7,10,12,39,40,3,0.01875
110,57,1,7,10,11,53,55,7,0.04375
110,58,2,7,12,16,68,70,7,0.04375
110,59,3,7,32,14,95,94,8,0.05
110,60,4,7,28,21,99,99,7,0.04375
110,61,5,7,17,18,83,82,8,0.05
110,62,6,7,9,13,52,52,8,0.05
110,63,7,7,6,18,41,41,4,0.025
111,0,0,0,16,20,59,59,4,0.025
111,1,1,0,25,32,117,115,9,0.05625
111,2,2,0,31,17,135,134,8,0.05
111,3,3,0,20,27,150,154,3,0.01875
111,4,4,0,27,23,154,156,3,0.01875
111,5,5,0,28,22,137,139,6,0.0375
111,6,6,0,29,23,104,107,5,0.03125
111,7,7,0,24,19,64,66,1,0.00625
111,8,0,1,16,28,95,96,5,0.03125
111,9,1,1,15,21,125,122,9,0.05625
111,10,2,1,26,24,139,138,7,0.04375
111,11,3,1,26,54,191,188,7,0.04375
111,12,4,1,36,22,185,179,10,0.0625
111,13,5,1,37,23,175,172,12,0.075
111,14,6,1,17,24,126,128,7,0.04375
111,15,7,1,23,18,92,95,2,0.0125
111,16,0,2,20,24,119,123,4,0.025
111,17,1,2,24,20,149,149,7,0.04375
111,18,2,2,27,33,174,177,7,0.04375
111,19,3,2,27,19,213,211,8,0.05
111,20,4,2,22,25,199,199,5,0.03125
111,21,5,2,22,26,192,193,8,0.05
111,22,6,2,24,26,161,159,9,0.05625
111,23,7,2,27,26,126,124,9,0.05625
111,24,0,3,23,18,131,133,4,0.025
111,25,1,3,22,24,163,165,7,0.04375
111,26,2,3,27,26,192,196,7,0.04375
111,27,3,3,21,19,216,214,9,0.05625
111,28,4,3,38,21,220,218,6,0.0375
111,29,5,3,27,28,213,213,8,0.05
111,30,6,3,15,22,171,173,9,0.05625
111,31,7,3,19,24,137,139,4,0.025
111,32,0,4,24,30,140,141,4,0.025
111,33,1,4,11,17,158,159,8,0.05
111,34,2,4,27,26,209,206,10,0.0625
111,35,3,4,27,20,221,219,10,0.0625
111,36,4,4,30,26,222,226,5,0.03125
111,37,5,4,21,29,212,218,2,0.0125
111,38,6,4,25,22,172,172,8,0.05
111,39,7,4,24,28,138,138,4,0.025
111,40,0,5,21,26,112,112,4,0.025
111,41,1,5,20,31,145,143,7,0.04375
111,42,2,5,30,25,196,198,5,0.03125
111,43,3,5,23,34,215,215,7,0.04375
111,44,4,5,24,26,196,195,8,0.05
111,45,5,5,24,22,187,190,5,0.03125
111,46,6,5,22,25,168,163,10,0.0625
111,47,7,5,23,25,128,128,5,0.03125
111,48,0,6,23,19,99,99,3,0.01875
111,49,1,6,18,20,123,124,7,0.04375
111,50,2,6,30,31,171,172,8,0.05
111,51,3,6,31,25,187,190,6,0.0375
111,52,4,6,25,28,162,160,8,0.05
111,53,5,6,27,25,152,153,8,0.05
111,54,6,6,18,19,125,122,12,0.075
111,55,7,6,13,28,93,94,5,0.03125
111,56,0,7,29,28,80,80,4,0.025
111,57,1,7,24,15,110,108,8,0.05
111,58,2,7,30,22,140,139,7,0.04375
111,59,3,7,28,28,153,158,4,0.025
111,60,4,7,27,19,137,138,6,0.0375
111,61,5,7,24,29,128,129,6,0.0375
111,62,6,7,25,27,105,106,8,0.05
111,63,7,7,20,24,64,63,4,0.025
112,0,0,0,10,21,46,45,4,0.025
112,1,1,0,7,29,72,72,9,0.05625
112,2,2,0,16,9,71,72,7,0.04375
112,3,3,0,29,16,104,100,7,0.04375
112,4,4,0,31,13,108,109,3,0.01875
112,5,5,0,28,18,95,95,6,0.0375
112,6,6,0,16,15,76,72,9,0.05625
112,7,7,0,17,18,60,55,8,0.05
112,8,0,1,7,11,65,64,4,0.025
112,9,1,1,1,10,83,86,7,0.04375
112,10,2,1,10,22,95,92,9,0.05625
112,11,3,1,20,24,122,122,9,0.05625
112,12,4,1,35,15,113,116,7,0.04375
112,13,5,1,27,17,103,110,6,0.0375
112,14,6,1,11,17,85,84,8,0.05
112,15,7,1,10,9,66,60,8,0.05
112,16,0,2,10,17,79,79,5,0.03125
112,17,1,2,11,9,104,100,11,0.06875
112,18,2,2,19,10,115,112,9,0.05625
112,19,3,2,31,14,150,149,9,0.05625
112,20,4,2,29,14,133,132,5,0.03125
112,21,5,2,25,14,136,134,11,0.06875
112,22,6,2,15,22,120,119,11,0.06875
112,23,7,2,10,16,79,82,6,0.0375
112,24,0,3,16,13,86,86,4,0.025
112,25,1,3,14,18,120,121,6,0.0375
112,26,2,3,26,13,145,145,5,0.03125
112,27,3,3,30,22,158,165,5,0.03125
112,28,4,3,27,23,147,141,10,0.0625
112,29,5,3,16,23,141,141,8,0.05
112,30,6,3,11,14,117,117,8,0.05
112,31,7,3,5,22,91,88,7,0.04375
112,32,0,4,5,17,82,81,4,0.025
112,33,1,4,16,15,103,101,8,0.05
112,34,2,4,17,18,129,129,9,0.05625
112,35,3,4,27,12,140,141,8,0.05
112,36,4,4,27,7,141,137,8,0.05
112,37,5,4,28,20,149,146,6,0.0375
112,38,6,4,16,19,126,126,7,0.04375
112,39,7,4,7,14,84,83,6,0.0375
112,40,0,5,8,14,84,84,4,0.025
112,41,1,5,14,20,107,106,7,0.04375
112,42,2,5,23,19,129,126,8,0.05
112,43,3,5,28,14,129,127,10,0.0625
112,44,4,5,25,15,122,124,7,0.04375
112,45,5,5,17,11,119,113,11,0.06875
112,46,6,5,4,18,107,110,8,0.05
112,47,7,5,12,20,82,81,7,0.04375
112,48,0,6,8,24,64,64,4,0.025
112,49,1,6,7,20,85,83,8,0.05
112,50,2,6,13,18,96,97,7,0.04375
112,51,3,6,28,13,111,105,12,0.075
112,52,4,6,26,13,103,101,10,0.0625
112,53,5,6,20,19,95,92,10,0.0625
112,54,6,6,5,19,76,80,8,0.05
112,55,7,6,6,19,50,50,5,0.03125
112,56,0,7,7,15,37,37,4,0.025
112,57,1,7,14,21,72,72,9,0.05625
112,58,2,7,19,13,82,83,6,0.0375
112,59,3,7,21,16,89,87,6,0.0375
112,60,4,7,26,15,93,93,5,0.03125
112,61,5,7,14,14,76,77,6,0.0375
112,62,6,7,8,13,58,60,6,0.0375
112,63,7,7,14,14,37,37,4,0.025
113,0,0,0,9,21,39,40,4,0.025
113,1,1,0,9,33,71,72,9,0.05625
113,2,2,0,16,16,83,83,8,0.05
113,3,3,0,38,18,111,111,6,0.0375
113,4,4,0,26,12,101,98,5,0.03125
113,5,5,0,30,17,101,100,7,0.04375
113,6,6,0,13,15,72,72,9,0.05625
113,7,7,0,12,8,37,40,5,0.03125
113,8,0,1,9,13,63,65,4,0.025
113,9,1,1,12,22,106,105,7,0.04375
113,10,2,1,16,13,103,105,8,0.05
113,11,3,1,38,28,153,156,5,0.03125
113,12,4,1,25,17,114,116,4,0.025
113,13,5,1,19,18,103,103,4,0.025
113,14,6,1,9,18,92,89,12,0.075
113,15,7,1,9,21,68,68,9,0.05625
113,16,0,2,12,17,76,77,4,0.025
113,17,1,2,7,20,102,102,9,0.05625
113,18,2,2,17,12,109,111,9,0.05625
113,19,3,2,30,18,157,158,6,0.0375
113,20,4,2,35,16,137,137,5,0.03125
113,21,5,2,18,18,121,123,7,0.04375
113,22,6,2,13,20,100,104,7,0.04375
113,23,7,2,7,17,83,81,7,0.04375
113,24,0,3,18,17,94,90,8,0.05
113,25,1,3,15,13,119,117,6,0.0375
113,26,2,3,32,18,148,146,6,0.0375
113,27,3,3,23,15,163,163,3,0.01875
113,28,4,3,25,10,126,129,8,0.05
113,29,5,3,17,19,130,133,6,0.0375
113,30,6,3,5,16,99,99,10,0.0625
113,31,7,3,4,15,87,89,6,0.0375
113,32,0,4,13,16,86,83,6,0.0375
113,33,1,4,9,12,84,86,8,0.05
113,34,2,4,23,12,129,130,5,0.03125
113,35,3,4,40,18,157,157,8,0.05
113,36,4,4,23,10,119,120,7,0.04375
113,37,5,4,14,15,122,119,9,0.05625
113,38,6,4,0,14,88,89,8,0.05
113,39,7,4,9,21,92,92,6,0.0375
113,40,0,5,10,16,70,71,5,0.03125
113,41,1,5,9,13,74,76,6,0.0375
113,42,2,5,19,16,114,115,8,0.05
113,43,3,5,26,15,125,122,12,0.075
113,44,4,5,27,8,108,104,10,0.0625
113,45,5,5,16,16,112,116,7,0.04375
113,46,6,5,6,16,89,91,8,0.05
113,47,7,5,4,18,75,75,5,0.03125
113,48,0,6,6,15,55,53,4,0.025
113,49,1,6,7,8,62,63,7,0.04375
113,50,2,6,13,18,95,93,9,0.05625
113,51,3,6,31,10,102,106,9,0.05625
113,52,4,6,21,12,97,101,7,0.04375
113,53,5,6,12,15,94,97,7,0.04375
113,54,6,6,8,18,79,78,9,0.05625
113,55,7,6,8,14,61,61,5,0.03125
113,56,0,7,4,15,30,29,4,0.025
113,57,1,7,3,13,36,37,8,0.05
113,58,2,7,2,18,52,50,8,0.05
113,59,3,7,35,18,78,75,9,0.05625
113,60,4,7,18,15,60,59,7,0.04375
113,61,5,7,11,14,51,47,9,0.05625
113,62,6,7,3,20,48,45,9,0.05625
113,63,7,7,6,19,34,35,4,0.025
114,0,0,0,4,19,34,33,5,0.03125
114,1,1,0,12,21,54,55,7,0.04375
114,2,2,0,18,15,81,80,8,0.05
114,3,3,0,31,15,99,100,6,0.0375
114,4,4,0,29,8,95,93,7,0.04375
114,5,5,0,20,15,85,85,7,0.04375
114,6,6,0,8,15,61,61,9,0.05625
114,7,7,0,9,11,35,35,5,0.03125
114,8,0,1,6,13,58,57,5,0.03125
114,9,1,1,8,19,77,77,7,0.04375
114,10,2,1,20,21,113,113,9,0.05625
114,11,3,1,41,38,145,143,6,0.0375
114,12,4,1,27,20,118,118,4,0.025
114,13,5,1,19,13,102,101,8,0.05
114,14,6,1,9,18,81,85,8,0.05
114,15,7,1,11,15,66,67,8,0.05
114,16,0,2,7,16,81,81,4,0.025
114,17,1,2,13,12,99,103,7,0.04375
114,18,2,2,20,13,131,128,9,0.05625
114,19,3,2,42,12,153,151,8,0.05
114,20,4,2,26,12,121,119,9,0.05625
114,21,5,2,15,16,111,112,8,0.05
114,22,6,2,4,19,92,88,9,0.05625
114,23,7,2,11,13,77,78,7,0.04375
114,24,0,3,13,12,95,98,6,0.0375
114,25,1,3,12,17,119,118,9,0.05625
114,26,2,3,19,13,137,135,9,0.05625
114,27,3,3,33,18,161,156,8,0.05
114,28,4,3,29,20,146,148,7,0.04375
114,29,5,3,21,20,133,132,6,0.0375
114,30,6,3,7,21,96,99,5,0.03125
114,31,7,3,12,22,87,87,5,0.03125
114,32,0,4,6,16,83,87,4,0.025
114,33,1,4,11,12,102,101,8,0.05
114,34,2,4,14,22,127,126,8,0.05
114,35,3,4,29,17,147,147,8,0.05
114,36,4,4,38,14,143,148,3,0.01875
114,37,5,4,19,10,130,132,7,0.04375
114,38,6,4,15,11,93,91,8,0.05
114,39,7,4,14,13,83,84,5,0.03125
114,40,0,5,8,9,71,70,5,0.03125
114,41,1,5,6,7,86,86,6,0.0375
114,42,2,5,22,13,111,112,8,0.05
114,43,3,5,34,9,131,135,8,0.05
114,44,4,5,27,13,120,122,7,0.04375
114,45,5,5,15,13,110,109,6,0.0375
114,46,6,5,5,8,63,61,9,0.05625
114,47,7,5,2,15,62,64,4,0.025
114,48,0,6,8,16,59,61,4,0.025
114,49,1,6,3,22,68,67,9,0.05625
114,50,2,6,17,12,89,89,9,0.05625
114,51,3,6,42,13,110,108,10,0.0625
114,52,4,6,18,18,92,91,8,0.05
114,53,5,6,6,21,75,75,8,0.05
114,54,6,6,0,6,40,41,9,0.05625
114,55,7,6,2,21,45,45,4,0.025
114,56,0,7,0,23,31,32,4,0.025
114,57,1,7,0,12,31,28,9,0.05625
114,58,2,7,1,17,45,46,8,0.05
114,59,3,7,25,13,59,60,7,0.04375
114,60,4,7,30,8,57,58,6,0.0375
114,61,5,7,5,20,41,44,6,0.0375
114,62,6,7,4,13,27,28,8,0.05
114,63,7,7,2,13,19,18,5,0.03125
115,0,0,0,13,16,52,52,5,0.03125
115,1,1,0,8,9,63,63,8,0.05
115,2,2,0,31,21,98,100,6,0.0375
115,3,3,0,28,20,111,109,7,0.04375
115,4,4,0,24,14,96,99,3,0.01875
115,5,5,0,22,10,88,90,5,0.03125
115,6,6,0,14,14,55,59,6,0.0375
115,7,7,0,8,20,40,41,3,0.01875
115,8,0,1,17,10,74,74,4,0.025
115,9,1,1,3,23,88,85,10,0.0625
115,10,2,1,16,17,107,109,7,0.04375
115,11,3,1,30,32,147,145,9,0.05625
115,12,4,1,29,16,119,117,6,0.0375
115,13,5,1,22,19,114,111,9,0.05625
115,14,6,1,12,16,78,76,10,0.0625
115,15,7,1,6,12,56,55,8,0.05
115,16,0,2,10,12,78,77,5,0.03125
115,17,1,2,10,13,101,99,8,0.05
115,18,2,2,17,25,128,133,6,0.0375
115,19,3,2,36,10,149,149,7,0.04375
115,20,4,2,33,10,135,136,7,0.04375
115,21,5,2,9,14,119,120,7,0.04375
115,22,6,2,6,18,93,94,10,0.0625
115,23,7,2,4,14,81,79,8,0.05
115,24,0,3,10,17,85,85,5,0.03125
115,25,1,3,8,7,100,97,10,0.0625
115,26,2,3,21,16,134,136,8,0.05
115,27,3,3,22,19,152,152,9,0.05625
115,28,4,3,37,14,149,148,6,0.0375
115,29,5,3,19,19,129,128,9,0.05625
115,30,6,3,11,13,102,99,9,0.05625
115,31,7,3,7,19,93,91,8,0.05
115,32,0,4,12,15,85,85,4,0.025
115,33,1,4,7,8,106,105,9,0.05625
115,34,2,4,19,15,138,140,6,0.0375
115,35,3,4,34,18,159,160,8,0.05
115,36,4,4,25,14,137,133,6,0.0375
115,37,5,4,18,20,124,124,7,0.04375
115,38,6,4,5,19,104,106,8,0.05
115,39,7,4,6,16,98,94,7,0.04375
115,40,0,5,8,14,70,71,4,0.025
115,41,1,5,9,19,97,93,9,0.05625
115,42,2,5,23,11,114,114,7,0.04375
115,43,3,5,32,15,141,139,8,0.05
115,44,4,5,29,13,128,132,5,0.03125
115,45,5,5,9,14,109,108,8,0.05
115,46,6,5,5,13,92,93,8,0.05
115,47,7,5,11,16,84,85,3,0.01875
115,48,0,6,9,21,53,53,4,0.025
115,49,1,6,12,16,79,81,7,0.04375
115,50,2,6,22,20,102,106,4,0.025
115,51,3,6,23,12,117,121,7,0.04375
115,52,4,6,28,12,108,107,7,0.04375
115,53,5,6,8,13,89,90,7,0.04375
115,54,6,6,15,14,84,84,8,0.05
115,55,7,6,8,13,60,62,3,0.01875
115,56,0,7,11,13,29,29,4,0.025
115,57,1,7,5,20,45,48,6,0.0375
115,58,2,7,18,20,64,65,6,0.0375
115,59,3,7,23,25,88,89,7,0.04375
115,60,4,7,15,14,71,70,6,0.0375
115,61,5,7,16,14,64,62,7,0.04375
115,62,6,7,9,15,52,51,8,0.05
115,63,7,7,0,19,33,33,5,0.03125
116,0,0,0,7,17,35,36,4,0.025
116,1,1,0,11,16,62,64,5,0.03125
116,2,2,0,20,21,96,95,6,0.0375
116,3,3,0,27,22,107,111,3,0.01875
116,4,4,0,32,13,105,107,2,0.0125
116,5,5,0,15,10,80,79,5,0.03125
116,6,6,0,14,17,67,65,7,0.04375
116,7,7,0,11,18,47,46,5,0.03125
116,8,0,1,3,16,56,55,5,0.03125
116,9,1,1,13,15,82,82,7,0.04375
116,10,2,1,29,16,119,117,8,0.05
116,11,3,1,33,25,137,140,6,0.0375
116,12,4,1,23,15,114,116,5,0.03125
116,13,5,1,13,17,98,101,7,0.04375
116,14,6,1,7,14,81,82,8,0.05
116,15,7,1,5,12,63,67,4,0.025
116,16,0,2,16,13,86,85,5,0.03125
116,17,1,2,10,21,111,112,8,0.05
116,18,2,2,20,15,136,130,10,0.0625
116,19,3,2,33,17,150,150,8,0.05
116,20,4,2,30,12,132,129,10,0.0625
116,21,5,2,17,11,118,116,8,0.05
116,22,6,2,6,16,87,90,8,0.05
116,23,7,2,5,21,76,80,5,0.03125
116,24,0,3,3,6,76,75,5,0.03125
116,25,1,3,12,18,104,107,9,0.05625
116,26,2,3,15,11,129,126,9,0.05625
116,27,3,3,28,16,150,153,5,0.03125
116,28,4,3,36,30,162,163,6,0.0375
116,29,5,3,18,13,134,134,7,0.04375
116,30,6,3,8,16,110,112,8,0.05
116,31,7,3,12,25,100,104,4,0.025
116,32,0,4,5,16,79,79,4,0.025
116,33,1,4,12,15,105,107,8,0.05
116,34,2,4,24,22,129,128,8,0.05
116,35,3,4,23,20,140,140,7,0.04375
116,36,4,4,38,15,156,154,9,0.05625
116,37,5,4,17,10,128,128,8,0.05
116,38,6,4,8,18,112,109,10,0.0625
116,39,7,4,11,16,95,97,5,0.03125
116,40,0,5,11,13,71,70,4,0.025
116,41,1,5,9,15,98,100,7,0.04375
116,42,2,5,25,12,126,127,6,0.0375
116,43,3,5,31,17,135,136,9,0.05625
116,44,4,5,39,16,150,148,8,0.05
116,45,5,5,19,26,126,127,7,0.04375
116,46,6,5,8,16,98,100,7,0.04375
116,47,7,5,8,16,81,81,4,0.025
116,48,0,6,6,18,58,56,5,0.03125
116,49,1,6,10,17,75,74,7,0.04375
116,50,2,6,24,25,116,114,7,0.04375
116,51,3,6,27,17,116,111,10,0.0625
116,52,4,6,32,21,122,121,8,0.05
116,53,5,6,20,18,89,86,9,0.05625
116,54,6,6,4,19,68,66,10,0.0625
116,55,7,6,1,14,56,53,5,0.03125
116,56,0,7,9,16,31,31,4,0.025
116,57,1,7,8,12,43,44,7,0.04375
116,58,2,7,21,20,77,77,7,0.04375
116,59,3,7,27,13,75,74,7,0.04375
116,60,4,7,14,11,64,63,8,0.05
116,61,5,7,16,13,56,57,8,0.05
116,62,6,7,3,14,39,39,9,0.05625
116,63,7,7,7,21,33,33,5,0.03125
117,0,0,0,19,27,71,70,4,0.025
117,1,1,0,20,21,94,91,9,0.05625
117,2,2,0,20,29,123,124,7,0.04375
117,3,3,0,28,30,148,148,3,0.01875
117,4,4,0,32,26,144,142,4,0.025
117,5,5,0,27,21,133,133,5,0.03125
117,6,6,0,16,24,116,115,6,0.0375
117,7,7,0,28,20,75,74,6,0.0375
117,8,0,1,20,22,110,110,5,0.03125
117,9,1,1,21,21,136,139,7,0.04375
117,10,2,1,25,19,161,161,6,0.0375
117,11,3,1,28,51,211,211,6,0.0375
117,12,4,1,33,23,179,177,7,0.04375
117,13,5,1,25,22,159,158,8,0.05
117,14,6,1,18,30,147,147,7,0.04375
117,15,7,1,24,18,100,98,6,0.0375
117,16,0,2,24,27,130,128,8,0.05
117,17,1,2,20,22,166,166,9,0.05625
117,18,2,2,27,27,188,191,8,0.05
117,19,3,2,37,25,230,232,7,0.04375
117,20,4,2,26,25,196,198,7,0.04375
117,21,5,2,22,27,180,181,8,0.05
117,22,6,2,19,27,171,167,10,0.0625
117,23,7,2,24,22,114,113,6,0.0375
117,24,0,3,20,27,128,128,7,0.04375
117,25,1,3,18,25,168,168,8,0.05
117,26,2,3,25,26,198,200,7,0.04375
117,27,3,3,31,28,243,244,5,0.03125
117,28,4,3,23,20,218,219,4,0.025
117,29,5,3,29,21,205,205,7,0.04375
117,30,6,3,25,26,187,185,9,0.05625
117,31,7,3,28,22,126,125,4,0.025
117,32,0,4,25,14,118,115,7,0.04375
117,33,1,4,19,20,162,161,8,0.05
117,34,2,4,26,26,203,203,9,0.05625
117,35,3,4,28,18,229,232,5,0.03125
117,36,4,4,26,19,216,220,5,0.03125
117,37,5,4,27,25,197,197,8,0.05
117,38,6,4,19,26,173,176,6,0.0375
117,39,7,4,25,21,126,129,3,0.01875
117,40,0,5,27,22,121,116,10,0.0625
117,41,1,5,24,24,164,164,8,0.05
117,42,2,5,27,27,196,192,9,0.05625
117,43,3,5,26,18,212,212,8,0.05
117,44,4,5,27,25,202,201,7,0.04375
117,45,5,5,31,22,186,180,11,0.06875
117,46,6,5,24,20,157,154,9,0.05625
117,47,7,5,24,37,132,131,5,0.03125
117,48,0,6,25,24,95,94,7,0.04375
117,49,1,6,22,28,142,140,9,0.05625
117,50,2,6,29,24,169,170,7,0.04375
117,51,3,6,30,22,202,204,8,0.05
117,52,4,6,27,27,191,193,8,0.05
117,53,5,6,26,29,165,162,13,0.08125
117,54,6,6,21,22,128,133,6,0.0375
117,55,7,6,24,22,100,101,5,0.03125
117,56,0,7,32,21,61,60,4,0.025
117,57,1,7,21,22,90,87,9,0.05625
117,58,2,7,31,25,128,129,6,0.0375
117,59,3,7,37,33,160,162,6,0.0375
117,60,4,7,25,31,149,148,8,0.05
117,61,5,7,24,29,121,121,8,0.05
117,62,6,7,19,23,91,90,9,0.05625
117,63,7,7,18,23,58,58,5,0.03125
118,0,0,0,11,17,36,35,5,0.03125
118,1,1,0,4,17,49,50,8,0.05
118,2,2,0,9,20,77,76,7,0.04375
118,3,3,0,27,12,98,94,7,0.04375
118,4,4,0,27,18,106,103,7,0.04375
118,5,5,0,28,18,100,100,6,0.0375
118,6,6,0,14,11,60,61,8,0.05
118,7,7,0,9,11,26,28,2,0.0125
118,8,0,1,8,16,49,51,4,0.025
118,9,1,1,9,14,81,79,9,0.05625
118,10,2,1,22,17,112,113,8,0.05
118,11,3,1,31,28,135,131,10,0.0625
118,12,4,1,28,17,117,118,7,0.04375
118,13,5,1,20,12,102,100,10,0.0625
118,14,6,1,9,19,81,78,12,0.075
118,15,7,1,2,15,45,47,5,0.03125
118,16,0,2,5,22,74,76,5,0.03125
118,17,1,2,7,19,106,104,10,0.0625
118,18,2,2,21,16,122,123,9,0.05625
118,19,3,2,20,18,141,146,2,0.0125
118,20,4,2,30,12,132,134,5,0.03125
118,21,5,2,20,25,139,140,7,0.04375
118,22,6,2,10,17,99,99,12,0.075
118,23,7,2,10,15,69,72,3,0.01875
118,24,0,3,8,16,87,91,3,0.01875
118,25,1,3,15,7,115,113,9,0.05625
118,26,2,3,25,25,130,135,5,0.03125
118,27,3,3,29,17,157,154,6,0.0375
118,28,4,3,33,14,154,153,6,0.0375
118,29,5,3,23,22,151,152,8,0.05
118,30,6,3,14,16,111,107,11,0.06875
118,31,7,3,10,14,77,78,4,0.025
118,32,0,4,4,15,74,76,3,0.01875
118,33,1,4,7,6,91,89,10,0.0625
118,34,2,4,18,14,119,119,7,0.04375
118,35,3,4,29,22,146,141,8,0.05
118,36,4,4,28,13,146,145,5,0.03125
118,37,5,4,27,23,158,158,7,0.04375
118,38,6,4,15,9,119,117,9,0.05625
118,39,7,4,13,9,80,79,5,0.03125
118,40,0,5,8,17,69,74,4,0.025
118,41,1,5,5,16,95,93,9,0.05625
118,42,2,5,19,21,122,126,6,0.0375
118,43,3,5,29,13,130,132,6,0.0375
118,44,4,5,24,18,139,140,6,0.0375
118,45,5,5,23,20,136,142,7,0.04375
118,46,6,5,8,13,102,102,10,0.0625
118,47,7,5,12,14,71,72,3,0.01875
118,48,0,6,12,14,56,57,5,0.03125
118,49,1,6,5,16,75,77,7,0.04375
118,50,2,6,3,9,77,77,7,0.04375
118,51,3,6,14,10,84,84,10,0.0625
118,52,4,6,26,16,113,110,10,0.0625
118,53,5,6,21,17,109,113,7,0.04375
118,54,6,6,13,27,92,89,7,0.04375
118,55,7,6,14,14,57,56,4,0.025
118,56,0,7,4,10,27,28,4,0.025
118,57,1,7,2,24,53,55,8,0.05
118,58,2,7,13,16,66,63,8,0.05
118,59,3,7,10,14,65,64,7,0.04375
118,60,4,7,21,17,81,83,7,0.04375
118,61,5,7,31,17,84,84,6,0.0375
118,62,6,7,14,19,56,60,5,0.03125
118,63,7,7,12,14,34,36,2,0.0125
119,0,0,0,2,20,26,28,4,0.025
119,1,1,0,1,14,35,35,8,0.05
119,2,2,0,4,10,47,46,9,0.05625
119,3,3,0,15,17,72,72,7,0.04375
119,4,4,0,21,17,87,87,8,0.05
119,5,5,0,27,15,92,91,7,0.04375
119,6,6,0,26,17,86,86,7,0.04375
119,7,7,0,19,16,48,48,4,0.025
119,8,0,1,14,15,67,66,3,0.01875
119,9,1,1,10,29,100,102,7,0.04375
119,10,2,1,27,14,109,108,8,0.05
119,11,3,1,25,27,131,133,7,0.04375
119,12,4,1,28,22,116,114,8,0.05
119,13,5,1,18,16,94,99,5,0.03125
119,14,6,1,5,13,90,91,10,0.0625
119,15,7,1,11,16,69,64,9,0.05625
119,16,0,2,16,24,91,93,4,0.025
119,17,1,2,11,13,109,109,10,0.0625
119,18,2,2,17,16,112,116,4,0.025
119,19,3,2,32,19,162,159,3,0.01875
119,20,4,2,33,22,148,152,3,0.01875
119,21,5,2,23,17,131,131,6,0.0375
119,22,6,2,11,18,115,114,13,0.08125
119,23,7,2,12,13,82,75,9,0.05625
119,24,0,3,14,10,93,92,3,0.01875
119,25,1,3,11,19,115,117,8,0.05
119,26,2,3,23,17,125,122,7,0.04375
119,27,3,3,29,14,154,152,8,0.05
119,28,4,3,30,18,147,146,8,0.05
119,29,5,3,17,15,137,138,7,0.04375
119,30,6,3,5,19,114,118,7,0.04375
119,31,7,3,9,21,83,83,4,0.025
119,32,0,4,10,14,97,94,7,0.04375
119,33,1,4,5,20,116,119,7,0.04375
119,34,2,4,23,16,130,129,9,0.05625
119,35,3,4,31,14,148,147,10,0.0625
119,36,4,4,29,9,140,139,7,0.04375
119,37,5,4,23,14,141,138,9,0.05625
119,38,6,4,9,17,112,113,9,0.05625
119,39,7,4,10,12,81,80,5,0.03125
119,40,0,5,10,14,82,78,9,0.05625
119,41,1,5,13,12,111,109,10,0.0625
119,42,2,5,33,13,129,125,10,0.0625
119,43,3,5,26,11,130,124,13,0.08125
119,44,4,5,28,15,128,127,9,0.05625
119,45,5,5,13,16,116,111,12,0.075
119,46,6,5,10,16,95,97,7,0.04375
119,47,7,5,5,16,72,70,4,0.025
119,48,0,6,3,19,60,57,7,0.04375
119,49,1,6,8,17,83,84,5,0.03125
119,50,2,6,13,15,96,96,6,0.0375
119,51,3,6,34,16,121,123,7,0.04375
119,52,4,6,26,14,117,122,5,0.03125
119,53,5,6,25,17,114,110,12,0.075
119,54,6,6,10,22,90,90,9,0.05625
119,55,7,6,19,12,64,65,4,0.025
119,56,0,7,1,16,29,28,5,0.03125
119,57,1,7,3,18,50,49,7,0.04375
119,58,2,7,9,17,65,65,9,0.05625
119,59,3,7,17,18,84,82,7,0.04375
119,60,4,7,33,18,101,97,10,0.0625
119,61,5,7,26,18,87,83,11,0.06875
119,62,6,7,12,18,59,58,7,0.04375
119,63,7,7,12,14,40,38,4,0.025
120,0,0,0,5,18,32,32,3,0.01875
120,1,1,0,9,22,58,60,6,0.0375
120,2,2,0,16,15,81,79,9,0.05625
120,3,3,0,24,16,99,102,4,0.025
120,4,4,0,38,17,111,112,5,0.03125
120,5,5,0,25,20,98,101,5,0.03125
120,6,6,0,13,15,65,66,7,0.04375
120,7,7,0,13,18,41,40,3,0.01875
120,8,0,1,7,15,54,55,4,0.025
120,9,1,1,5,16,74,74,7,0.04375
120,10,2,1,10,16,89,91,6,0.0375
120,11,3,1,23,27,126,126,7,0.04375
120,12,4,1,37,19,136,138,6,0.0375
120,13,5,1,21,11,119,116,7,0.04375
120,14,6,1,11,15,87,87,11,0.06875
120,15,7,1,6,17,58,63,5,0.03125
120,16,0,2,15,17,86,86,4,0.025
120,17,1,2,11,13,103,104,8,0.05
120,18,2,2,28,20,135,134,6,0.0375
120,19,3,2,32,15,156,153,7,0.04375
120,20,4,2,19,16,150,148,4,0.025
120,21,5,2,19,19,133,129,9,0.05625
120,22,6,2,16,21,113,115,10,0.0625
120,23,7,2,11,21,82,87,4,0.025
120,24,0,3,4,21,90,89,3,0.01875
120,25,1,3,9,12,101,101,7,0.04375
120,26,2,3,24,17,133,132,7,0.04375
120,27,3,3,37,17,154,156,8,0.05
120,28,4,3,24,23,156,156,6,0.0375
120,29,5,3,19,27,143,142,8,0.05
120,30,6,3,7,15,113,111,10,0.0625
120,31,7,3,3,14,85,82,7,0.04375
120,32,0,4,7,14,90,92,4,0.025
120,33,1,4,9,25,106,106,8,0.05
120,34,2,4,16,9,125,128,6,0.0375
120,35,3,4,31,15,151,154,7,0.04375
120,36,4,4,26,11,141,141,6,0.0375
120,37,5,4,16,11,131,132,7,0.04375
120,38,6,4,15,16,113,111,9,0.05625
120,39,7,4,6,9,78,77,7,0.04375
120,40,0,5,7,20,85,89,5,0.03125
120,41,1,5,6,11,73,76,8,0.05
120,42,2,5,18,16,108,107,10,0.0625
120,43,3,5,22,15,120,127,6,0.0375
120,44,4,5,35,12,136,135,9,0.05625
120,45,5,5,26,20,137,142,7,0.04375
120,46,6,5,10,19,114,113,9,0.05625
120,47,7,5,7,20,72,72,5,0.03125
120,48,0,6,9,20,67,71,4,0.025
120,49,1,6,7,11,67,67,6,0.0375
120,50,2,6,14,19,96,94,8,0.05
120,51,3,6,26,21,121,123,6,0.0375
120,52,4,6,26,14,126,126,4,0.025
120,53,5,6,23,24,126,127,11,0.06875
120,54,6,6,16,17,100,99,9,0.05625
120,55,7,6,8,11,50,50,3,0.01875
120,56,0,7,5,15,37,36,4,0.025
120,57,1,7,6,14,45,47,6,0.0375
120,58,2,7,11,17,62,64,7,0.04375
120,59,3,7,16,15,71,73,7,0.04375
120,60,4,7,22,14,84,87,6,0.0375
120,61,5,7,29,15,82,87,7,0.04375
120,62,6,7,5,14,51,51,7,0.04375
120,63,7,7,12,16,32,33,4,0.025
121,0,0,0,8,14,33,34,3,0.01875
121,1,1,0,4,17,55,55,6,0.0375
121,2,2,0,17,21,86,92,4,0.025
121,3,3,0,42,14,115,114,5,0.03125
121,4,4,0,35,10,104,104,6,0.0375
121,5,5,0,12,22,81,77,7,0.04375
121,6,6,0,12,13,52,52,7,0.04375
121,7,7,0,10,24,49,50,4,0.025
121,8,0,1,9,12,53,53,4,0.025
121,9,1,1,12,16,90,90,7,0.04375
121,10,2,1,19,18,125,120,10,0.0625
121,11,3,1,31,34,141,142,7,0.04375
121,12,4,1,30,17,129,130,5,0.03125
121,13,5,1,20,18,114,115,6,0.0375
121,14,6,1,17,18,92,94,9,0.05625
121,15,7,1,11,16,81,80,4,0.025
121,16,0,2,10,12,66,65,3,0.01875
121,17,1,2,12,20,108,110,6,0.0375
121,18,2,2,19,12,133,129,8,0.05
121,19,3,2,31,10,143,145,6,0.0375
121,20,4,2,33,10,144,139,8,0.05
121,21,5,2,18,15,123,122,9,0.05625
121,22,6,2,10,22,114,113,9,0.05625
121,23,7,2,8,23,102,100,5,0.03125
121,24,0,3,13,19,85,83,7,0.04375
121,25,1,3,14,14,126,123,10,0.0625
121,26,2,3,30,10,146,146,9,0.05625
121,27,3,3,36,15,155,156,6,0.0375
121,28,4,3,23,12,132,130,9,0.05625
121,29,5,3,9,24,126,124,9,0.05625
121,30,6,3,11,15,112,114,10,0.0625
121,31,7,3,8,12,95,96,5,0.03125
121,32,0,4,7,10,74,73,7,0.04375
121,33,1,4,6,16,110,111,7,0.04375
121,34,2,4,17,20,129,127,7,0.04375
121,35,3,4,22,20,137,136,8,0.05
121,36,4,4,36,15,138,137,8,0.05
121,37,5,4,23,15,132,135,6,0.0375
121,38,6,4,8,10,112,112,10,0.0625
121,39,7,4,10,17,94,95,6,0.0375
121,40,0,5,8,17,68,68,5,0.03125
121,41,1,5,2,16,98,98,8,0.05
121,42,2,5,7,13,102,106,7,0.04375
121,43,3,5,27,14,130,124,13,0.08125
121,44,4,5,30,11,124,127,6,0.0375
121,45,5,5,27,14,139,134,11,0.06875
121,46,6,5,12,21,115,111,12,0.075
121,47,7,5,12,14,86,86,6,0.0375
121,48,0,6,10,20,63,63,5,0.03125
121,49,1,6,7,18,99,96,10,0.0625
121,50,2,6,21,14,108,108,8,0.05
121,51,3,6,33,21,131,125,11,0.06875
121,52,4,6,28,16,119,116,7,0.04375
121,53,5,6,22,19,106,111,7,0.04375
121,54,6,6,11,15,86,84,11,0.06875
121,55,7,6,7,23,73,67,10,0.0625
121,56,0,7,8,19,35,36,5,0.03125
121,57,1,7,5,24,61,59,9,0.05625
121,58,2,7,14,16,72,72,5,0.03125
121,59,3,7,24,14,97,98,5,0.03125
121,60,4,7,34,17,104,106,5,0.03125
121,61,5,7,18,17,87,86,7,0.04375
121,62,6,7,14,23,65,66,6,0.0375
121,63,7,7,6,12,35,36,3,0.01875
122,0,0,0,6,24,45,44,4,0.025
122,1,1,0,13,22,74,72,8,0.05
122,2,2,0,26,13,94,90,8,0.05
122,3,3,0,28,16,104,101,8,0.05
122,4,4,0,37,11,101,103,3,0.01875
122,5,5,0,21,16,86,87,7,0.04375
122,6,6,0,10,23,67,66,8,0.05
122,7,7,0,5,17,34,34,4,0.025
122,8,0,1,15,17,69,68,4,0.025
122,9,1,1,12,20,96,95,9,0.05625
122,10,2,1,17,20,105,107,10,0.0625
122,11,3,1,31,28,139,141,5,0.03125
122,12,4,1,26,15,132,130,6,0.0375
122,13,5,1,24,20,126,126,6,0.0375
122,14,6,1,10,15,90,91,7,0.04375
122,15,7,1,15,17,66,68,4,0.025
122,16,0,2,9,18,80,80,4,0.025
122,17,1,2,12,17,105,107,6,0.0375
122,18,2,2,19,20,121,120,9,0.05625
122,19,3,2,30,19,151,152,3,0.01875
122,20,4,2,33,18,138,142,5,0.03125
122,21,5,2,25,15,139,142,9,0.05625
122,22,6,2,12,22,104,108,7,0.04375
122,23,7,2,5,24,81,83,5,0.03125
122,24,0,3,10,24,95,94,6,0.0375
122,25,1,3,10,16,113,116,9,0.05625
122,26,2,3,27,17,133,130,10,0.0625
122,27,3,3,29,15,156,154,9,0.05625
122,28,4,3,36,23,153,155,7,0.04375
122,29,5,3,19,16,137,138,7,0.04375
122,30,6,3,11,13,108,110,7,0.04375
122,31,7,3,2,14,85,85,5,0.03125
122,32,0,4,12,20,88,89,5,0.03125
122,33,1,4,9,7,101,99,9,0.05625
122,34,2,4,21,6,119,121,7,0.04375
122,35,3,4,31,22,155,154,10,0.0625
122,36,4,4,30,13,150,151,6,0.0375
122,37,5,4,18,29,145,143,8,0.05
122,38,6,4,9,19,119,122,8,0.05
122,39,7,4,17,13,103,104,5,0.03125
122,40,0,5,6,15,65,66,5,0.03125
122,41,1,5,8,22,86,87,7,0.04375
122,42,2,5,11,17,98,97,8,0.05
122,43,3,5,25,12,110,114,8,0.05
122,44,4,5,29,17,141,141,6,0.0375
122,45,5,5,26,20,131,138,4,0.025
122,46,6,5,8,20,100,103,8,0.05
122,47,7,5,12,20,94,93,6,0.0375
122,48,0,6,3,15,46,48,3,0.01875
122,49,1,6,9,21,67,69,7,0.04375
122,50,2,6,14,13,75,76,8,0.05
122,51,3,6,24,10,85,84,12,0.075
122,52,4,6,21,14,95,95,8,0.05
122,53,5,6,5,16,89,86,9,0.05625
122,54,6,6,3,21,67,71,8,0.05
122,55,7,6,2,21,63,69,4,0.025
122,56,0,7,8,11,38,40,3,0.01875
122,57,1,7,15,17,72,73,7,0.04375
122,58,2,7,20,20,90,88,8,0.05
122,59,3,7,36,19,110,108,8,0.05
122,60,4,7,33,19,108,106,7,0.04375
122,61,5,7,21,13,82,83,7,0.04375
122,62,6,7,3,10,54,50,8,0.05
122,63,7,7,11,18,46,45,4,0.025
123,0,0,0,22,20,70,68,4,0.025
123,1,1,0,25,22,114,115,6,0.0375
123,2,2,0,36,29,155,154,8,0.05
123,3,3,0,28,24,149,153,4,0.025
123,4,4,0,32,19,145,143,6,0.0375
123,5,5,0,23,23,133,134,6,0.0375
123,6,6,0,22,24,103,101,9,0.05625
123,7,7,0,23,20,65,62,6,0.0375
123,8,0,1,20,30,105,104,6,0.0375
123,9,1,1,28,23,141,143,7,0.04375
123,10,2,1,24,25,184,183,8,0.05
123,11,3,1,24,53,204,204,6,0.0375
123,12,4,1,30,27,177,177,7,0.04375
123,13,5,1,34,13,159,161,5,0.03125
123,14,6,1,21,25,142,140,9,0.05625
123,15,7,1,25,26,106,101,9,0.05625
123,16,0,2,20,19,119,119,5,0.03125
123,17,1,2,24,21,155,150,9,0.05625
123,18,2,2,25,27,209,210,7,0.04375
123,19,3,2,26,18,201,196,11,0.06875
123,20,4,2,27,24,201,202,4,0.025
123,21,5,2,25,20,181,182,6,0.0375
123,22,6,2,26,22,172,172,7,0.04375
123,23,7,2,26,26,134,131,5,0.03125
123,24,0,3,23,27,141,140,7,0.04375
123,25,1,3,22,31,178,180,6,0.0375
123,26,2,3,29,25,225,227,8,0.05
123,27,3,3,26,24,224,227,4,0.025
123,28,4,3,30,28,233,234,7,0.04375
123,29,5,3,27,40,205,203,10,0.0625
123,30,6,3,17,30,174,173,8,0.05
123,31,7,3,27,21,146,144,7,0.04375
123,32,0,4,21,20,130,129,6,0.0375
123,33,1,4,20,22,173,173,9,0.05625
123,34,2,4,29,22,215,214,8,0.05
123,35,3,4,25,19,216,219,6,0.0375
123,36,4,4,23,23,227,229,5,0.03125
123,37,5,4,26,23,202,202,7,0.04375
123,38,6,4,25,26,179,176,9,0.05625
123,39,7,4,25,26,138,138,5,0.03125
123,40,0,5,22,20,122,120,7,0.04375
123,41,1,5,21,23,167,168,6,0.0375
123,42,2,5,30,25,198,199,6,0.0375
123,43,3,5,26,19,196,199,4,0.025
123,44,4,5,22,32,214,207,11,0.06875
123,45,5,5,22,21,175,174,7,0.04375
123,46,6,5,23,29,166,166,10,0.0625
123,47,7,5,14,24,111,114,3,0.01875
123,48,0,6,35,18,101,100,4,0.025
123,49,1,6,18,29,147,147,6,0.0375
123,50,2,6,28,30,178,179,7,0.04375
123,51,3,6,29,15,183,186,10,0.0625
123,52,4,6,27,32,204,204,8,0.05
123,53,5,6,22,20,153,154,8,0.05
123,54,6,6,11,26,143,142,9,0.05625
123,55,7,6,26,23,99,100,4,0.025
123,56,0,7,20,21,59,57,4,0.025
123,57,1,7,24,23,98,97,8,0.05
123,58,2,7,28,29,133,136,5,0.03125
123,59,3,7,25,21,147,152,2,0.0125
123,60,4,7,29,28,158,160,5,0.03125
123,61,5,7,32,26,136,134,8,0.05
123,62,6,7,26,30,111,113,7,0.04375
123,63,7,7,18,22,59,59,4,0.025
124,0,0,0,18,19,48,48,5,0.03125
124,1,1,0,3,13,55,55,6,0.0375
124,2,2,0,14,17,73,76,7,0.04375
124,3,3,0,31,15,102,101,4,0.025
124,4,4,0,35,16,107,107,7,0.04375
124,5,5,0,23,13,77,79,5,0.03125
124,6,6,0,9,27,67,70,5,0.03125
124,7,7,0,9,19,44,47,4,0.025
124,8,0,1,5,11,63,64,5,0.03125
124,9,1,1,5,20,83,81,9,0.05625
124,10,2,1,19,19,102,104,7,0.04375
124,11,3,1,27,27,127,127,3,0.01875
124,12,4,1,27,14,133,134,5,0.03125
124,13,5,1,23,14,111,109,8,0.05
124,14,6,1,6,12,87,87,8,0.05
124,15,7,1,16,21,81,83,7,0.04375
124,16,0,2,11,15,79,80,4,0.025
124,17,1,2,8,12,94,96,9,0.05625
124,18,2,2,10,17,112,112,9,0.05625
124,19,3,2,20,21,134,138,6,0.0375
124,20,4,2,28,13,146,148,3,0.01875
124,21,5,2,24,7,128,129,6,0.0375
124,22,6,2,15,20,114,115,6,0.0375
124,23,7,2,11,21,96,96,7,0.04375
124,24,0,3,12,15,85,87,6,0.0375
124,25,1,3,8,13,105,101,9,0.05625
124,26,2,3,15,14,130,130,10,0.0625
124,27,3,3,31,16,148,147,6,0.0375
124,28,4,3,29,19,152,155,2,0.0125
124,29,5,3,20,18,133,137,6,0.0375
124,30,6,3,11,15,113,111,9,0.05625
124,31,7,3,6,19,94,96,5,0.03125
124,32,0,4,11,21,91,91,6,0.0375
124,33,1,4,4,11,97,98,7,0.04375
124,34,2,4,21,10,128,124,11,0.06875
124,35,3,4,29,12,139,141,5,0.03125
124,36,4,4,26,21,151,151,6,0.0375
124,37,5,4,25,19,136,137,8,0.05
124,38,6,4,14,19,123,123,10,0.0625
124,39,7,4,13,14,102,101,6,0.0375
124,40,0,5,13,17,74,77,3,0.01875
124,41,1,5,12,18,98,97,6,0.0375
124,42,2,5,27,11,125,121,9,0.05625
124,43,3,5,24,7,125,120,9,0.05625
124,44,4,5,35,12,130,133,10,0.0625
124,45,5,5,11,15,103,101,8,0.05
124,46,6,5,4,13,88,90,7,0.04375
124,47,7,5,7,15,76,74,4,0.025
124,48,0,6,3,18,49,49,4,0.025
124,49,1,6,1,21,61,60,8,0.05
124,50,2,6,8,13,79,79,5,0.03125
124,51,3,6,35,14,91,92,9,0.05625
124,52,4,6,18,17,88,90,7,0.04375
124,53,5,6,7,11,63,64,8,0.05
124,54,6,6,8,16,67,68,8,0.05
124,55,7,6,4,14,56,54,5,0.03125
124,56,0,7,18,9,34,35,3,0.01875
124,57,1,7,7,11,44,46,7,0.04375
124,58,2,7,32,17,79,78,7,0.04375
124,59,3,7,27,12,76,69,9,0.05625
124,60,4,7,2,21,72,70,8,0.05
124,61,5,7,6,13,59,59,8,0.05
124,62,6,7,2,15,51,51,8,0.05
124,63,7,7,7,20,42,42,4,0.025
125,0,0,0,4,14,33,35,4,0.025
125,1,1,0,9,15,53,52,7,0.04375
125,2,2,0,17,12,81,81,7,0.04375
125,3,3,0,33,16,113,113,4,0.025
125,4,4,0,38,10,106,108,5,0.03125
125,5,5,0,21,15,95,90,8,0.05
125,6,6,0,11,14,62,64,5,0.03125
125,7,7,0,8,15,39,37,5,0.03125
125,8,0,1,5,14,62,60,5,0.03125
125,9,1,1,12,12,69,69,8,0.05
125,10,2,1,14,20,103,104,7,0.04375
125,11,3,1,32,32,148,148,5,0.03125
125,12,4,1,29,14,119,116,9,0.05625
125,13,5,1,16,17,97,97,8,0.05
125,14,6,1,12,20,73,76,7,0.04375
125,15,7,1,1,16,50,52,5,0.03125
125,16,0,2,4,13,76,74,4,0.025
125,17,1,2,7,13,80,80,9,0.05625
125,18,2,2,22,16,121,121,9,0.05625
125,19,3,2,28,13,157,153,7,0.04375
125,20,4,2,25,18,139,138,3,0.01875
125,21,5,2,31,16,133,133,6,0.0375
125,22,6,2,15,14,112,108,8,0.05
125,23,7,2,13,11,75,76,6,0.0375
125,24,0,3,5,14,78,81,4,0.025
125,25,1,3,9,18,101,102,8,0.05
125,26,2,3,23,16,133,133,9,0.05625
125,27,3,3,26,14,160,158,9,0.05625
125,28,4,3,30,16,157,156,5,0.03125
125,29,5,3,26,12,140,137,9,0.05625
125,30,6,3,11,19,126,126,11,0.06875
125,31,7,3,14,19,90,88,8,0.05
125,32,0,4,6,17,74,76,4,0.025
125,33,1,4,13,15,104,104,6,0.0375
125,34,2,4,18,14,127,131,6,0.0375
125,35,3,4,33,18,162,156,11,0.06875
125,36,4,4,32,16,151,148,8,0.05
125,37,5,4,14,19,133,135,6,0.0375
125,38,6,4,7,12,108,111,7,0.04375
125,39,7,4,7,13,77,77,5,0.03125
125,40,0,5,6,21,66,66,4,0.025
125,41,1,5,11,11,98,96,10,0.0625
125,42,2,5,26,14,130,132,8,0.05
125,43,3,5,32,14,139,140,9,0.05625
125,44,4,5,23,22,131,132,9,0.05625
125,45,5,5,10,14,106,103,11,0.06875
125,46,6,5,12,9,86,87,7,0.04375
125,47,7,5,5,14,66,66,4,0.025
125,48,0,6,8,11,47,47,4,0.025
125,49,1,6,5,16,62,62,9,0.05625
125,50,2,6,21,19,89,88,8,0.05
125,51,3,6,32,16,94,96,7,0.04375
125,52,4,6,4,14,78,77,7,0.04375
125,53,5,6,8,10,74,75,7,0.04375
125,54,6,6,1,17,69,65,9,0.05625
125,55,7,6,0,22,47,49,4,0.025
125,56,0,7,5,16,30,28,5,0.03125
125,57,1,7,11,18,49,48,8,0.05
125,58,2,7,15,15,70,70,7,0.04375
125,59,3,7,25,13,86,89,7,0.04375
125,60,4,7,29,14,95,96,6,0.0375
125,61,5,7,11,17,73,73,8,0.05
125,62,6,7,5,15,49,48,9,0.05625
125,63,7,7,6,16,30,30,3,0.01875
126,0,0,0,19,18,48,48,4,0.025
126,1,1,0,11,11,72,70,10,0.0625
126,2,2,0,19,23,100,100,7,0.04375
126,3,3,0,24,7,94,95,4,0.025
126,4,4,0,30,19,112,112,4,0.025
126,5,5,0,28,20,104,106,7,0.04375
126,6,6,0,11,15,61,61,4,0.025
126,7,7,0,7,18,41,41,3,0.01875
126,8,0,1,12,19,65,67,4,0.025
126,9,1,1,4,19,80,82,6,0.0375
126,10,2,1,18,18,110,109,8,0.05
126,11,3,1,30,37,137,135,8,0.05
126,12,4,1,31,26,130,131,7,0.04375
126,13,5,1,22,17,110,109,8,0.05
126,14,6,1,7,18,87,82,10,0.0625
126,15,7,1,13,14,64,64,4,0.025
126,16,0,2,7,16,79,81,4,0.025
126,17,1,2,5,17,88,88,7,0.04375
126,18,2,2,15,13,114,113,9,0.05625
126,19,3,2,26,17,141,145,6,0.0375
126,20,4,2,25,10,140,140,4,0.025
126,21,5,2,27,19,132,128,9,0.05625
126,22,6,2,12,14,115,114,11,0.06875
126,23,7,2,13,13,81,81,5,0.03125
126,24,0,3,9,12,83,80,5,0.03125
126,25,1,3,8,14,94,96,7,0.04375
126,26,2,3,14,17,122,122,9,0.05625
126,27,3,3,34,13,159,160,7,0.04375
126,28,4,3,25,17,159,158,7,0.04375
126,29,5,3,27,13,139,140,8,0.05
126,30,6,3,6,18,120,119,11,0.06875
126,31,7,3,9,4,75,80,3,0.01875
126,32,0,4,15,7,72,73,3,0.01875
126,33,1,4,6,12,95,95,7,0.04375
126,34,2,4,26,12,128,127,7,0.04375
126,35,3,4,29,11,142,146,6,0.0375
126,36,4,4,35,4,147,146,7,0.04375
126,37,5,4,13,18,127,124,8,0.05
126,38,6,4,10,11,116,113,10,0.0625
126,39,7,4,7,16,77,77,5,0.03125
126,40,0,5,7,12,56,56,4,0.025
126,41,1,5,3,10,68,69,9,0.05625
126,42,2,5,20,14,89,89,8,0.05
126,43,3,5,30,12,110,110,9,0.05625
126,44,4,5,12,19,113,113,8,0.05
126,45,5,5,14,20,98,102,8,0.05
126,46,6,5,4,18,99,98,8,0.05
126,47,7,5,1,16,52,54,4,0.025
126,48,0,6,3,16,40,40,4,0.025
126,49,1,6,9,15,62,62,8,0.05
126,50,2,6,16,17,77,78,6,0.0375
126,51,3,6,24,19,89,82,14,0.0875
126,52,4,6,22,17,95,94,9,0.05625
126,53,5,6,10,18,79,79,7,0.04375
126,54,6,6,8,23,77,79,9,0.05625
126,55,7,6,3,16,40,40,4,0.025
126,56,0,7,9,7,20,22,4,0.025
126,57,1,7,2,15,34,34,8,0.05
126,58,2,7,14,13,46,45,8,0.05
126,59,3,7,26,14,60,55,11,0.06875
126,60,4,7,17,17,69,68,8,0.05
126,61,5,7,5,8,53,54,8,0.05
126,62,6,7,0,20,46,47,8,0.05
126,63,7,7,6,9,27,27,4,0.025
127,0,0,0,8,15,35,35,4,0.025
127,1,1,0,11,18,60,63,7,0.04375
127,2,2,0,22,7,74,73,8,0.05
127,3,3,0,25,19,108,107,5,0.03125
127,4,4,0,26,11,103,105,1,0.00625
127,5,5,0,33,12,102,104,5,0.03125
127,6,6,0,11,14,71,67,9,0.05625
127,7,7,0,19,21,52,54,4,0.025
127,8,0,1,9,9,56,53,6,0.0375
127,9,1,1,6,14,87,83,9,0.05625
127,10,2,1,16,12,85,84,10,0.0625
127,11,3,1,10,22,113,111,9,0.05625
127,12,4,1,37,16,114,113,9,0.05625
127,13,5,1,24,18,103,106,5,0.03125
127,14,6,1,9,17,82,86,8,0.05
127,15,7,1,10,21,74,74,4,0.025
127,16,0,2,8,12,70,67,6,0.0375
127,17,1,2,12,14,104,104,7,0.04375
127,18,2,2,15,18,116,116,11,0.06875
127,19,3,2,39,24,157,151,10,0.0625
127,20,4,2,25,17,127,124,6,0.0375
127,21,5,2,26,15,113,115,9,0.05625
127,22,6,2,2,16,99,103,8,0.05
127,23,7,2,10,10,77,79,4,0.025
127,24,0,3,10,11,75,75,7,0.04375
127,25,1,3,8,12,103,101,10,0.0625
127,26,2,3,16,17,119,117,10,0.0625
127,27,3,3,33,16,156,156,8,0.05
127,28,4,3,30,14,153,151,7,0.04375
127,29,5,3,25,12,127,128,5,0.03125
127,30,6,3,11,13,105,110,7,0.04375
127,31,7,3,8,13,71,69,3,0.01875
127,32,0,4,4,7,70,69,4,0.025
127,33,1,4,11,11,100,99,8,0.05
127,34,2,4,23,15,116,115,8,0.05
127,35,3,4,32,17,151,149,7,0.04375
127,36,4,4,30,14,148,148,10,0.0625
127,37,5,4,23,20,124,124,7,0.04375
127,38,6,4,4,20,101,102,9,0.05625
127,39,7,4,9,13,65,68,2,0.0125
127,40,0,5,11,16,79,76,5,0.03125
127,41,1,5,14,9,98,98,8,0.05
127,42,2,5,30,15,122,123,8,0.05
127,43,3,5,32,11,143,146,7,0.04375
127,44,4,5,25,15,124,125,9,0.05625
127,45,5,5,10,9,85,84,9,0.05625
127,46,6,5,5,12,73,71,10,0.0625
127,47,7,5,9,10,58,58,4,0.025
127,48,0,6,12,14,57,56,5,0.03125
127,49,1,6,9,10,61,61,9,0.05625
127,50,2,6,15,16,63,62,8,0.05
127,51,3,6,22,17,82,85,11,0.06875
127,52,4,6,8,12,62,63,6,0.0375
127,53,5,6,1,10,44,44,7,0.04375
127,54,6,6,0,16,46,47,9,0.05625
127,55,7,6,1,20,39,38,5,0.03125
127,56,0,7,3,18,31,32,3,0.01875
127,57,1,7,4,21,46,45,7,0.04375
127,58,2,7,4,12,42,43,4,0.025
127,59,3,7,25,15,57,61,8,0.05
127,60,4,7,10,14,43,42,8,0.05
127,61,5,7,5,7,30,30,7,0.04375
127,62,6,7,4,16,34,34,7,0.04375
127,63,7,7,3,9,17,16,5,0.03125
128,0,0,0,23,27,67,69,2,0.0125
128,1,1,0,17,24,101,98,9,0.05625
128,2,2,0,27,14,110,110,7,0.04375
128,3,3,0,27,26,142,141,5,0.03125
128,4,4,0,30,26,150,146,6,0.0375
128,5,5,0,30,28,147,147,5,0.03125
128,6,6,0,22,22,99,104,3,0.01875
128,7,7,0,26,14,59,58,4,0.025
128,8,0,1,22,20,93,97,4,0.025
128,9,1,1,22,20,133,132,12,0.075
128,10,2,1,26,22,145,147,7,0.04375
128,11,3,1,33,54,210,209,9,0.05625
128,12,4,1,28,24,176,176,10,0.0625
128,13,5,1,21,18,167,164,8,0.05
128,14,6,1,21,28,134,129,13,0.08125
128,15,7,1,26,13,86,85,5,0.03125
128,16,0,2,24,25,122,124,3,0.01875
128,17,1,2,18,25,159,157,9,0.05625
128,18,2,2,21,22,168,172,7,0.04375
128,19,3,2,27,28,232,239,5,0.03125
128,20,4,2,34,23,216,213,8,0.05
128,21,5,2,27,25,198,201,5,0.03125
128,22,6,2,17,27,154,150,11,0.06875
128,23,7,2,22,25,109,110,3,0.01875
128,24,0,3,21,23,130,131,5,0.03125
128,25,1,3,18,29,185,184,10,0.0625
128,26,2,3,34,24,201,206,6,0.0375
128,27,3,3,32,37,261,262,8,0.05
128,28,4,3,29,20,216,216,8,0.05
128,29,5,3,28,24,201,200,8,0.05
128,30,6,3,21,25,177,173,9,0.05625
128,31,7,3,22,21,125,123,6,0.0375
128,32,0,4,27,20,134,133,4,0.025
128,33,1,4,29,25,197,194,10,0.0625
128,34,2,4,31,25,210,211,7,0.04375
128,35,3,4,37,31,253,253,9,0.05625
128,36,4,4,33,33,208,211,6,0.0375
128,37,5,4,23,19,182,178,11,0.06875
128,38,6,4,17,17,159,159,9,0.05625
128,39,7,4,21,22,128,124,5,0.03125
128,40,0,5,29,24,120,122,5,0.03125
128,41,1,5,22,25,169,169,8,0.05
128,42,2,5,27,23,189,188,9,0.05625
128,43,3,5,31,32,235,230,10,0.0625
128,44,4,5,33,24,196,197,6,0.0375
128,45,5,5,21,21,167,166,9,0.05625
128,46,6,5,22,26,149,148,9,0.05625
128,47,7,5,21,29,117,116,4,0.025
128,48,0,6,20,22,99,97,6,0.0375
128,49,1,6,26,30,149,146,11,0.06875
128,50,2,6,26,34,174,173,9,0.05625
128,51,3,6,19,26,199,198,10,0.0625
128,52,4,6,28,36,182,182,6,0.0375
128,53,5,6,26,22,154,151,8,0.05
128,54,6,6,23,22,131,130,9,0.05625
128,55,7,6,20,23,88,89,4,0.025
128,56,0,7,25,28,68,67,4,0.025
128,57,1,7,24,26,101,102,8,0.05
128,58,2,7,26,24,124,123,8,0.05
128,59,3,7,33,28,155,155,5,0.03125
128,60,4,7,29,17,143,144,8,0.05
128,61,5,7,28,21,133,133,8,0.05
128,62,6,7,20,29,110,109,7,0.04375
128,63,7,7,24,23,64,66,3,0.01875
129,0,0,0,9,21,43,40,4,0.025
129,1,1,0,7,12,56,57,7,0.04375
129,2,2,0,28,10,84,83,8,0.05
129,3,3,0,36,18,107,107,7,0.04375
129,4,4,0,32,14,99,100,6,0.0375
129,5,5,0,17,18,84,82,7,0.04375
129,6,6,0,11,17,62,58,7,0.04375
129,7,7,0,11,10,31,33,3,0.01875
129,8,0,1,7,16,62,62,4,0.025
129,9,1,1,8,5,67,69,10,0.0625
129,10,2,1,17,17,89,90,6,0.0375
129,11,3,1,25,22,118,119,9,0.05625
129,12,4,1,20,21,98,102,6,0.0375
129,13,5,1,15,13,92,92,7,0.04375
129,14,6,1,5,18,75,75,12,0.075
129,15,7,1,3,23,50,51,5,0.03125
129,16,0,2,11,18,77,79,3,0.01875
129,17,1,2,12,25,102,103,9,0.05625
129,18,2,2,24,11,120,115,8,0.05
129,19,3,2,33,17,157,155,7,0.04375
129,20,4,2,24,16,131,135,5,0.03125
129,21,5,2,19,10,116,113,8,0.05
129,22,6,2,11,13,98,98,10,0.0625
129,23,7,2,9,10,63,62,5,0.03125
129,24,0,3,2,20,85,87,3,0.01875
129,25,1,3,12,20,113,113,9,0.05625
129,26,2,3,22,14,119,119,6,0.0375
129,27,3,3,33,24,165,162,9,0.05625
129,28,4,3,29,24,146,146,9,0.05625
129,29,5,3,15,20,129,129,8,0.05
129,30,6,3,12,17,120,119,11,0.06875
129,31,7,3,8,11,71,74,4,0.025
129,32,0,4,13,16,92,93,5,0.03125
129,33,1,4,7,18,115,119,7,0.04375
129,34,2,4,11,18,119,118,8,0.05
129,35,3,4,34,19,164,164,9,0.05625
129,36,4,4,30,11,147,143,9,0.05625
129,37,5,4,14,17,126,131,7,0.04375
129,38,6,4,8,19,117,117,10,0.0625
129,39,7,4,5,20,73,74,5,0.03125
129,40,0,5,13,11,81,80,6,0.0375
129,41,1,5,10,18,117,114,11,0.06875
129,42,2,5,25,10,120,120,7,0.04375
129,43,3,5,25,21,152,156,6,0.0375
129,44,4,5,35,15,140,139,8,0.05
129,45,5,5,19,20,135,136,8,0.05
129,46,6,5,4,22,107,111,6,0.0375
129,47,7,5,8,11,72,73,3,0.01875
129,48,0,6,5,14,60,60,6,0.0375
129,49,1,6,9,20,85,88,8,0.05
129,50,2,6,12,11,93,90,10,0.0625
129,51,3,6,24,12,120,121,9,0.05625
129,52,4,6,33,12,116,120,3,0.01875
129,53,5,6,31,18,130,130,7,0.04375
129,54,6,6,11,11,92,94,6,0.0375
129,55,7,6,13,23,69,67,5,0.03125
129,56,0,7,8,21,43,42,4,0.025
129,57,1,7,12,20,62,63,6,0.0375
129,58,2,7,24,18,82,82,7,0.04375
129,59,3,7,28,18,91,94,4,0.025
129,60,4,7,15,12,66,66,7,0.04375
129,61,5,7,15,17,66,64,9,0.05625
129,62,6,7,3,17,47,48,7,0.04375
129,63,7,7,2,13,24,23,4,0.025
130,0,0,0,9,11,35,35,5,0.03125
130,1,1,0,9,10,56,56,8,0.05
130,2,2,0,18,9,73,76,6,0.0375
130,3,3,0,36,19,112,111,6,0.0375
130,4,4,0,28,16,103,100,8,0.05
130,5,5,0,22,18,88,87,7,0.04375
130,6,6,0,14,17,63,63,8,0.05
130,7,7,0,4,18,39,37,4,0.025
130,8,0,1,11,18,63,62,5,0.03125
130,9,1,1,9,19,87,87,8,0.05
130,10,2,1,26,18,113,111,9,0.05625
130,11,3,1,37,32,149,150,7,0.04375
130,12,4,1,15,18,103,101,6,0.0375
130,13,5,1,6,16,85,83,9,0.05625
130,14,6,1,4,14,65,68,9,0.05625
130,15,7,1,2,18,51,53,3,0.01875
130,16,0,2,14,18,85,82,4,0.025
130,17,1,2,11,23,104,101,12,0.075
130,18,2,2,20,13,116,115,13,0.08125
130,19,3,2,30,13,160,160,5,0.03125
130,20,4,2,24,13,143,142,5,0.03125
130,21,5,2,27,15,141,143,6,0.0375
130,22,6,2,8,17,104,107,7,0.04375
130,23,7,2,12,10,73,74,4,0.025
130,24,0,3,10,18,88,87,5,0.03125
130,25,1,3,5,25,107,106,10,0.0625
130,26,2,3,12,21,121,118,8,0.05
130,27,3,3,28,11,154,156,6,0.0375
130,28,4,3,37,15,153,152,8,0.05
130,29,5,3,19,27,142,143,6,0.0375
130,30,6,3,10,14,112,113,10,0.0625
130,31,7,3,14,15,96,92,8,0.05
130,32,0,4,7,11,84,83,5,0.03125
130,33,1,4,11,22,104,101,9,0.05625
130,34,2,4,25,8,133,134,8,0.05
130,35,3,4,26,12,148,151,6,0.0375
130,36,4,4,32,18,148,150,8,0.05
130,37,5,4,14,13,125,124,7,0.04375
130,38,6,4,7,16,104,104,10,0.0625
130,39,7,4,5,19,90,87,6,0.0375
130,40,0,5,7,11,80,80,6,0.0375
130,41,1,5,14,10,90,94,8,0.05
130,42,2,5,26,18,137,138,7,0.04375
130,43,3,5,26,24,143,145,5,0.03125
130,44,4,5,28,16,134,137,5,0.03125
130,45,5,5,13,11,110,110,9,0.05625
130,46,6,5,5,19,95,93,8,0.05
130,47,7,5,4,16,80,76,4,0.025
130,48,0,6,1,16,61,64,4,0.025
130,49,1,6,9,11,77,76,7,0.04375
130,50,2,6,16,19,104,109,5,0.03125
130,51,3,6,34,17,115,114,12,0.075
130,52,4,6,34,16,128,125,7,0.04375
130,53,5,6,24,16,117,117,8,0.05
130,54,6,6,9,18,94,93,8,0.05
130,55,7,6,11,18,73,74,5,0.03125
130,56,0,7,12,23,46,47,3,0.01875
130,57,1,7,7,19,64,63,7,0.04375
130,58,2,7,21,23,91,91,8,0.05
130,59,3,7,30,13,94,93,5,0.03125
130,60,4,7,33,14,98,97,8,0.05
130,61,5,7,13,15,75,78,7,0.04375
130,62,6,7,8,17,61,63,6,0.0375
130,63,7,7,10,17,44,44,4,0.025
131,0,0,0,11,17,42,42,4,0.025
131,1,1,0,14,12,59,59,8,0.05
131,2,2,0,13,21,83,82,6,0.0375
131,3,3,0,36,16,109,110,4,0.025
131,4,4,0,29,21,106,109,4,0.025
131,5,5,0,27,24,99,103,3,0.01875
131,6,6,0,6,16,53,52,9,0.05625
131,7,7,0,8,17,38,38,5,0.03125
131,8,0,1,5,15,62,62,4,0.025
131,9,1,1,6,11,81,77,13,0.08125
131,10,2,1,22,16,112,110,11,0.06875
131,11,3,1,30,33,136,132,12,0.075
131,12,4,1,35,13,122,123,6,0.0375
131,13,5,1,19,20,124,126,7,0.04375
131,14,6,1,8,15,80,80,9,0.05625
131,15,7,1,9,18,68,65,5,0.03125
131,16,0,2,12,14,84,85,5,0.03125
131,17,1,2,10,19,99,105,7,0.04375
131,18,2,2,26,16,136,141,7,0.04375
131,19,3,2,30,13,141,142,5,0.03125
131,20,4,2,25,14,128,127,8,0.05
131,21,5,2,21,17,131,126,10,0.0625
131,22,6,2,11,15,90,89,9,0.05625
131,23,7,2,5,15,77,75,5,0.03125
131,24,0,3,6,13,84,82,6,0.0375
131,25,1,3,12,15,103,104,10,0.0625
131,26,2,3,18,12,143,142,9,0.05625
131,27,3,3,31,16,163,163,7,0.04375
131,28,4,3,37,19,150,155,4,0.025
131,29,5,3,19,17,139,140,5,0.03125
131,30,6,3,13,16,111,109,11,0.06875
131,31,7,3,10,19,88,91,4,0.025
131,32,0,4,9,13,85,87,4,0.025
131,33,1,4,14,16,98,101,8,0.05
131,34,2,4,23,14,138,136,9,0.05625
131,35,3,4,35,12,168,159,14,0.0875
131,36,4,4,33,16,155,154,9,0.05625
131,37,5,4,21,20,145,141,9,0.05625
131,38,6,4,2,14,103,102,11,0.06875
131,39,7,4,12,13,80,83,5,0.03125
131,40,0,5,5,17,76,77,4,0.025
131,41,1,5,8,27,93,93,8,0.05
131,42,2,5,7,23,111,112,7,0.04375
131,43,3,5,27,13,140,136,9,0.05625
131,44,4,5,36,19,145,143,7,0.04375
131,45,5,5,14,15,123,123,7,0.04375
131,46,6,5,11,18,99,98,8,0.05
131,47,7,5,8,20,68,70,6,0.0375
131,48,0,6,11,20,63,64,3,0.01875
131,49,1,6,6,11,75,76,8,0.05
131,50,2,6,13,14,100,99,8,0.05
131,51,3,6,40,20,132,134,10,0.0625
131,52,4,6,23,15,115,115,6,0.0375
131,53,5,6,15,20,99,100,9,0.05625
131,54,6,6,12,22,80,82,7,0.04375
131,55,7,6,1,7,44,45,4,0.025
131,56,0,7,5,18,32,31,4,0.025
131,57,1,7,13,17,59,58,8,0.05
131,58,2,7,20,18,80,80,8,0.05
131,59,3,7,34,18,98,94,9,0.05625
131,60,4,7,23,26,94,97,5,0.03125
131,61,5,7,12,13,72,72,7,0.04375
131,62,6,7,8,17,58,58,6,0.0375
131,63,7,7,6,16,35,35,4,0.025
132,0,0,0,10,20,40,40,4,0.025
132,1,1,0,14,11,59,59,8,0.05
132,2,2,0,27,18,98,99,5,0.03125
132,3,3,0,25,20,108,109,6,0.0375
132,4,4,0,25,17,99,97,8,0.05
132,5,5,0,26,17,89,85,8,0.05
132,6,6,0,9,19,73,74,8,0.05
132,7,7,0,17,31,64,64,4,0.025
132,8,0,1,9,14,61,60,4,0.025
132,9,1,1,9,17,80,85,9,0.05625
132,10,2,1,18,13,110,112,8,0.05
132,11,3,1,37,31,137,142,7,0.04375
132,12,4,1,20,6,110,110,7,0.04375
132,13,5,1,10,18,93,95,6,0.0375
132,14,6,1,5,19,85,87,7,0.04375
132,15,7,1,7,11,77,78,5,0.03125
132,16,0,2,9,22,78,76,6,0.0375
132,17,1,2,11,17,106,103,8,0.05
132,18,2,2,30,17,139,137,10,0.0625
132,19,3,2,20,11,139,138,7,0.04375
132,20,4,2,32,13,128,128,5,0.03125
132,21,5,2,12,9,105,107,9,0.05625
132,22,6,2,3,11,94,94,9,0.05625
132,23,7,2,10,20,94,94,5,0.03125
132,24,0,3,14,4,83,84,5,0.03125
132,25,1,3,8,15,110,113,8,0.05
132,26,2,3,31,15,150,150,10,0.0625
132,27,3,3,35,13,160,159,7,0.04375
132,28,4,3,29,21,149,146,7,0.04375
132,29,5,3,17,6,117,115,8,0.05
132,30,6,3,5,9,98,101,8,0.05
132,31,7,3,10,13,94,91,7,0.04375
132,32,0,4,5,11,68,67,5,0.03125
132,33,1,4,9,24,107,104,10,0.0625
132,34,2,4,23,21,135,137,8,0.05
132,35,3,4,31,14,153,162,5,0.03125
132,36,4,4,29,15,148,150,6,0.0375
132,37,5,4,10,21,126,129,9,0.05625
132,38,6,4,13,18,100,102,8,0.05
132,39,7,4,2,11,80,80,4,0.025
132,40,0,5,10,9,69,69,4,0.025
132,41,1,5,6,15,95,93,8,0.05
132,42,2,5,19,14,117,116,7,0.04375
132,43,3,5,22,28,144,144,7,0.04375
132,44,4,5,27,17,137,137,7,0.04375
132,45,5,5,27,21,131,131,8,0.05
132,46,6,5,7,15,90,93,7,0.04375
132,47,7,5,9,21,85,83,6,0.0375
132,48,0,6,8,11,66,62,7,0.04375
132,49,1,6,16,19,87,87,8,0.05
132,50,2,6,24,19,102,102,7,0.04375
132,51,3,6,33,20,123,129,3,0.01875
132,52,4,6,23,21,121,119,7,0.04375
132,53,5,6,16,19,100,99,10,0.0625
132,54,6,6,10,26,83,80,10,0.0625
132,55,7,6,7,16,59,59,4,0.025
132,56,0,7,4,21,40,42,3,0.01875
132,57,1,7,4,15,43,44,8,0.05
132,58,2,7,10,10,56,58,6,0.0375
132,59,3,7,20,10,68,70,7,0.04375
132,60,4,7,29,13,77,78,5,0.03125
132,61,5,7,18,16,70,69,7,0.04375
132,62,6,7,7,9,45,43,7,0.04375
132,63,7,7,7,13,35,33,5,0.03125
133,0,0,0,13,10,39,38,6,0.0375
133,1,1,0,11,14,68,69,8,0.05
133,2,2,0,25,19,95,93,7,0.04375
133,3,3,0,35,12,100,101,4,0.025
133,4,4,0,17,9,81,83,5,0.03125
133,5,5,0,8,9,62,65,5,0.03125
133,6,6,0,11,14,53,53,6,0.0375
133,7,7,0,3,13,25,26,3,0.01875
133,8,0,1,11,18,64,58,12,0.075
133,9,1,1,12,17,92,92,9,0.05625
133,10,2,1,20,18,109,108,10,0.0625
133,11,3,1,36,35,133,130,8,0.05
133,12,4,1,21,19,107,104,8,0.05
133,13,5,1,18,13,94,91,9,0.05625
133,14,6,1,6,13,75,74,8,0.05
133,15,7,1,4,19,54,54,4,0.025
133,16,0,2,18,9,89,87,8,0.05
133,17,1,2,13,26,126,125,10,0.0625
133,18,2,2,31,17,144,141,10,0.0625
133,19,3,2,22,17,147,144,9,0.05625
133,20,4,2,31,17,141,141,6,0.0375
133,21,5,2,17,13,120,123,6,0.0375
133,22,6,2,15,17,105,105,7,0.04375
133,23,7,2,3,15,66,68,4,0.025
133,24,0,3,10,17,88,88,5,0.03125
133,25,1,3,8,21,114,114,7,0.04375
133,26,2,3,15,15,134,134,10,0.0625
133,27,3,3,30,14,150,152,6,0.0375
133,28,4,3,38,13,150,150,6,0.0375
133,29,5,3,16,13,127,128,6,0.0375
133,30,6,3,10,19,107,109,7,0.04375
133,31,7,3,9,14,82,88,1,0.00625
133,32,0,4,14,20,105,104,6,0.0375
133,33,1,4,6,16,109,108,11,0.06875
133,34,2,4,22,19,143,144,8,0.05
133,35,3,4,40,16,161,157,10,0.0625
133,36,4,4,27,16,140,138,7,0.04375
133,37,5,4,17,20,125,125,10,0.0625
133,38,6,4,3,13,95,94,9,0.05625
133,39,7,4,7,18,86,87,5,0.03125
133,40,0,5,1,21,79,79,4,0.025
133,41,1,5,13,14,94,96,8,0.05
133,42,2,5,21,21,130,132,7,0.04375
133,43,3,5,34,13,144,145,6,0.0375
133,44,4,5,29,13,137,141,3,0.01875
133,45,5,5,21,12,129,129,8,0.05
133,46,6,5,11,12,98,94,9,0.05625
133,47,7,5,5,24,76,79,5,0.03125
133,48,0,6,12,19,63,65,4,0.025
133,49,1,6,15,14,83,82,9,0.05625
133,50,2,6,17,17,117,117,6,0.0375
133,51,3,6,31,16,135,129,10,0.0625
133,52,4,6,26,20,122,126,5,0.03125
133,53,5,6,13,19,109,109,8,0.05
133,54,6,6,7,22,75,79,6,0.0375
133,55,7,6,2,13,57,56,4,0.025
133,56,0,7,12,14,34,34,3,0.01875
133,57,1,7,3,15,48,48,8,0.05
133,58,2,7,20,16,80,78,8,0.05
133,59,3,7,35,16,102,102,6,0.0375
133,60,4,7,35,16,106,106,4,0.025
133,61,5,7,22,24,98,98,7,0.04375
133,62,6,7,9,10,60,61,5,0.03125
133,63,7,7,5,21,42,41,4,0.025
134,0,0,0,29,16,59,60,3,0.01875
134,1,1,0,22,21,100,98,9,0.05625
134,2,2,0,30,27,137,135,9,0.05625
134,3,3,0,25,19,148,146,7,0.04375
134,4,4,0,27,29,150,149,7,0.04375
134,5,5,0,29,22,124,124,6,0.0375
134,6,6,0,23,21,97,98,6,0.0375
134,7,7,0,24,21,60,62,2,0.0125
134,8,0,1,23,23,96,100,7,0.04375
134,9,1,1,26,24,139,137,11,0.06875
134,10,2,1,18,26,162,162,9,0.05625
134,11,3,1,25,53,192,192,11,0.06875
134,12,4,1,24,25,177,174,11,0.06875
134,13,5,1,23,26,157,157,9,0.05625
134,14,6,1,19,25,141,135,13,0.08125
134,15,7,1,26,29,105,105,4,0.025
134,16,0,2,27,25,140,145,4,0.025
134,17,1,2,31,33,176,172,13,0.08125
134,18,2,2,20,26,188,188,11,0.06875
134,19,3,2,29,29,224,230,3,0.01875
134,20,4,2,27,25,203,201,9,0.05625
134,21,5,2,27,18,180,176,11,0.06875
134,22,6,2,17,25,145,142,11,0.06875
134,23,7,2,24,26,116,116,3,0.01875
134,24,0,3,20,36,160,158,7,0.04375
134,25,1,3,21,24,163,158,11,0.06875
134,26,2,3,20,17,172,171,11,0.06875
134,27,3,3,27,21,226,225,8,0.05
134,28,4,3,41,15,212,211,8,0.05
134,29,5,3,23,29,208,207,7,0.04375
134,30,6,3,25,19,171,165,12,0.075
134,31,7,3,27,29,128,125,5,0.03125
134,32,0,4,30,27,158,157,5,0.03125
134,33,1,4,24,19,176,178,9,0.05625
134,34,2,4,27,21,192,190,10,0.0625
134,35,3,4,27,18,236,241,4,0.025
134,36,4,4,30,29,218,221,4,0.025
134,37,5,4,31,28,216,216,8,0.05
134,38,6,4,26,15,171,169,10,0.0625
134,39,7,4,23,17,121,123,3,0.01875
134,40,0,5,26,31,137,133,8,0.05
134,41,1,5,20,23,159,156,10,0.0625
134,42,2,5,18,20,159,158,8,0.05
134,43,3,5,28,21,203,203,8,0.05
134,44,4,5,32,28,189,184,8,0.05
134,45,5,5,27,22,171,168,10,0.0625
134,46,6,5,13,24,139,138,12,0.075
134,47,7,5,14,30,113,114,4,0.025
134,48,0,6,22,27,102,100,7,0.04375
134,49,1,6,20,29,142,141,11,0.06875
134,50,2,6,25,20,159,156,9,0.05625
134,51,3,6,23,26,179,178,9,0.05625
134,52,4,6,25,18,168,163,9,0.05625
134,53,5,6,23,18,141,140,11,0.06875
134,54,6,6,16,22,119,110,13,0.08125
134,55,7,6,23,21,96,96,5,0.03125
134,56,0,7,20,23,58,57,3,0.01875
134,57,1,7,27,23,97,96,8,0.05
134,58,2,7,27,22,125,125,7,0.04375
134,59,3,7,26,31,141,142,7,0.04375
134,60,4,7,31,21,137,133,8,0.05
134,61,5,7,22,20,110,110,7,0.04375
134,62,6,7,17,21,85,83,9,0.05625
134,63,7,7,20,21,59,62,4,0.025
135,0,0,0,12,17,40,40,5,0.03125
135,1,1,0,10,12,58,57,10,0.0625
135,2,2,0,30,18,84,85,9,0.05625
135,3,3,0,21,16,95,92,9,0.05625
135,4,4,0,18,12,77,74,9,0.05625
135,5,5,0,10,14,62,61,7,0.04375
135,6,6,0,7,27,54,54,7,0.04375
135,7,7,0,3,17,31,28,5,0.03125
135,8,0,1,13,17,59,63,4,0.025
135,9,1,1,9,16,82,79,13,0.08125
135,10,2,1,26,17,98,101,7,0.04375
135,11,3,1,27,21,119,122,7,0.04375
135,12,4,1,17,18,86,92,6,0.0375
135,13,5,1,11,13,80,81,8,0.05
135,14,6,1,2,14,62,68,8,0.05
135,15,7,1,0,16,53,53,5,0.03125
135,16,0,2,10,16,74,73,5,0.03125
135,17,1,2,17,18,104,107,10,0.0625
135,18,2,2,22,18,117,119,8,0.05
135,19,3,2,26,11,143,142,6,0.0375
135,20,4,2,29,10,118,124,2,0.0125
135,21,5,2,17,19,122,124,7,0.04375
135,22,6,2,12,17,100,107,6,0.0375
135,23,7,2,9,18,83,82,4,0.025
135,24,0,3,8,11,76,78,6,0.0375
135,25,1,3,6,20,113,117,8,0.05
135,26,2,3,20,16,126,128,9,0.05625
135,27,3,3,33,16,163,161,7,0.04375
135,28,4,3,30,18,138,139,8,0.05
135,29,5,3,19,19,131,129,10,0.0625
135,30,6,3,10,12,108,113,8,0.05
135,31,7,3,9,14,88,88,4,0.025
135,32,0,4,11,20,88,88,6,0.0375
135,33,1,4,9,22,125,126,8,0.05
135,34,2,4,23,12,134,135,7,0.04375
135,35,3,4,31,11,159,158,6,0.0375
135,36,4,4,31,13,141,140,5,0.03125
135,37,5,4,17,15,124,123,8,0.05
135,38,6,4,6,14,117,117,8,0.05
135,39,7,4,9,15,85,82,6,0.0375
135,40,0,5,5,25,76,80,5,0.03125
135,41,1,5,9,21,114,116,7,0.04375
135,42,2,5,16,10,119,118,8,0.05
135,43,3,5,31,19,143,142,8,0.05
135,44,4,5,26,15,125,127,5,0.03125
135,45,5,5,18,16,114,117,8,0.05
135,46,6,5,18,19,113,114,11,0.06875
135,47,7,5,7,15,75,73,6,0.0375
135,48,0,6,5,14,52,52,5,0.03125
135,49,1,6,13,20,95,97,8,0.05
135,50,2,6,19,19,105,107,8,0.05
135,51,3,6,33,18,120,123,6,0.0375
135,52,4,6,21,16,109,112,5,0.03125
135,53,5,6,14,14,91,94,8,0.05
135,54,6,6,4,16,67,71,11,0.06875
135,55,7,6,1,11,46,47,4,0.025
135,56,0,7,18,13,45,44,4,0.025
135,57,1,7,13,14,74,75,7,0.04375
135,58,2,7,29,11,96,98,5,0.03125
135,59,3,7,32,13,99,100,5,0.03125
135,60,4,7,17,15,89,93,4,0.025
135,61,5,7,15,22,76,74,9,0.05625
135,62,6,7,5,20,54,55,8,0.05
135,63,7,7,7,11,34,32,5,0.03125
136,0,0,0,4,16,31,32,3,0.01875
136,1,1,0,12,12,52,55,7,0.04375
136,2,2,0,20,15,86,87,7,0.04375
136,3,3,0,34,12,96,99,7,0.04375
136,4,4,0,29,18,94,98,5,0.03125
136,5,5,0,26,16,80,81,6,0.0375
136,6,6,0,14,20,70,69,8,0.05
136,7,7,0,3,19,35,35,5,0.03125
136,8,0,1,8,19,67,65,4,0.025
136,9,1,1,8,19,79,86,7,0.04375
136,10,2,1,19,19,110,107,9,0.05625
136,11,3,1,32,39,141,138,10,0.0625
136,12,4,1,35,17,133,129,10,0.0625
136,13,5,1,20,17,102,102,9,0.05625
136,14,6,1,9,14,94,93,10,0.0625
136,15,7,1,11,19,65,65,4,0.025
136,16,0,2,12,21,89,87,6,0.0375
136,17,1,2,20,18,114,120,6,0.0375
136,18,2,2,28,19,138,140,6,0.0375
136,19,3,2,22,11,143,142,7,0.04375
136,20,4,2,18,16,136,131,9,0.05625
136,21,5,2,21,16,121,121,8,0.05
136,22,6,2,10,22,108,103,10,0.0625
136,23,7,2,7,20,82,83,4,0.025
136,24,0,3,7,12,79,78,5,0.03125
136,25,1,3,12,19,113,113,8,0.05
136,26,2,3,28,21,150,149,10,0.0625
136,27,3,3,29,13,155,156,9,0.05625
136,28,4,3,27,20,147,148,5,0.03125
136,29,5,3,19,16,135,135,9,0.05625
136,30,6,3,4,21,121,118,10,0.0625
136,31,7,3,4,14,89,89,5,0.03125
136,32,0,4,11,20,83,88,2,0.0125
136,33,1,4,14,21,120,122,6,0.0375
136,34,2,4,27,19,159,157,10,0.0625
136,35,3,4,33,23,160,163,3,0.01875
136,36,4,4,24,15,150,152,5,0.03125
136,37,5,4,25,17,145,148,7,0.04375
136,38,6,4,17,23,130,132,9,0.05625
136,39,7,4,10,15,100,99,5,0.03125
136,40,0,5,10,15,79,81,3,0.01875
136,41,1,5,7,22,104,102,9,0.05625
136,42,2,5,15,22,128,130,6,0.0375
136,43,3,5,35,17,130,126,12,0.075
136,44,4,5,28,14,145,143,8,0.05
136,45,5,5,16,11,119,117,9,0.05625
136,46,6,5,3,18,104,106,8,0.05
136,47,7,5,15,14,90,92,4,0.025
136,48,0,6,10,16,58,61,4,0.025
136,49,1,6,4,14,70,70,8,0.05
136,50,2,6,11,14,106,106,9,0.05625
136,51,3,6,33,11,118,113,12,0.075
136,52,4,6,33,14,132,130,7,0.04375
136,53,5,6,17,9,110,112,6,0.0375
136,54,6,6,13,16,93,94,8,0.05
136,55,7,6,9,24,78,73,7,0.04375
136,56,0,7,8,16,36,37,4,0.025
136,57,1,7,16,16,61,61,7,0.04375
136,58,2,7,20,21,94,92,6,0.0375
136,59,3,7,28,14,102,104,3,0.01875
136,60,4,7,33,21,113,108,8,0.05
136,61,5,7,13,23,82,85,7,0.04375
136,62,6,7,8,14,56,56,7,0.04375
136,63,7,7,5,20,38,41,3,0.01875
137,0,0,0,8,21,35,35,4,0.025
137,1,1,0,3,20,57,56,8,0.05
137,2,2,0,12,19,73,75,5,0.03125
137,3,3,0,19,17,91,90,6,0.0375
137,4,4,0,26,22,102,107,1,0.00625
137,5,5,0,29,17,98,97,7,0.04375
137,6,6,0,10,21,74,76,6,0.0375
137,7,7,0,15,17,43,43,4,0.025
137,8,0,1,8,18,61,63,4,0.025
137,9,1,1,14,8,87,85,8,0.05
137,10,2,1,27,17,119,120,8,0.05
137,11,3,1,22,34,138,146,3,0.01875
137,12,4,1,35,17,135,137,8,0.05
137,13,5,1,17,16,111,113,6,0.0375
137,14,6,1,9,15,93,93,10,0.0625
137,15,7,1,7,17,57,57,4,0.025
137,16,0,2,12,14,78,80,4,0.025
137,17,1,2,9,9,99,96,9,0.05625
137,18,2,2,23,14,130,128,10,0.0625
137,19,3,2,35,20,161,157,8,0.05
137,20,4,2,31,15,143,144,7,0.04375
137,21,5,2,14,20,119,120,5,0.03125
137,22,6,2,6,25,112,114,8,0.05
137,23,7,2,6,16,71,70,4,0.025
137,24,0,3,11,13,78,82,3,0.01875
137,25,1,3,9,17,96,100,5,0.03125
137,26,2,3,14,13,127,127,9,0.05625
137,27,3,3,33,15,158,161,6,0.0375
137,28,4,3,33,17,158,156,7,0.04375
137,29,5,3,17,16,129,131,7,0.04375
137,30,6,3,6,11,120,125,7,0.04375
137,31,7,3,14,13,90,90,4,0.025
137,32,0,4,13,10,76,72,5,0.03125
137,33,1,4,11,15,98,97,8,0.05
137,34,2,4,25,15,132,134,7,0.04375
137,35,3,4,27,13,155,150,7,0.04375
137,36,4,4,31,16,154,154,4,0.025
137,37,5,4,12,15,118,115,9,0.05625
137,38,6,4,8,21,109,112,7,0.04375
137,39,7,4,6,23,87,88,5,0.03125
137,40,0,5,5,17,66,63,5,0.03125
137,41,1,5,8,16,88,89,10,0.0625
137,42,2,5,22,15,116,113,8,0.05
137,43,3,5,31,14,133,139,8,0.05
137,44,4,5,32,15,135,138,6,0.0375
137,45,5,5,20,17,120,125,6,0.0375
137,46,6,5,18,9,100,102,7,0.04375
137,47,7,5,9,10,78,76,5,0.03125
137,48,0,6,5,14,46,45,4,0.025
137,49,1,6,9,15,66,66,9,0.05625
137,50,2,6,17,15,81,82,8,0.05
137,51,3,6,30,13,90,91,9,0.05625
137,52,4,6,13,10,81,83,6,0.0375
137,53,5,6,7,16,73,70,7,0.04375
137,54,6,6,5,19,62,64,8,0.05
137,55,7,6,6,18,49,53,5,0.03125
137,56,0,7,7,15,27,27,4,0.025
137,57,1,7,4,16,39,39,8,0.05
137,58,2,7,12,15,45,44,9,0.05625
137,59,3,7,10,12,50,43,11,0.06875
137,60,4,7,18,13,58,58,9,0.05625
137,61,5,7,5,17,52,51,8,0.05
137,62,6,7,4,12,43,42,9,0.05625
137,63,7,7,7,11,29,28,4,0.025
138,0,0,0,5,14,36,36,3,0.01875
138,1,1,0,4,22,60,62,7,0.04375
138,2,2,0,15,15,76,72,9,0.05625
138,3,3,0,37,14,99,100,5,0.03125
138,4,4,0,24,20,109,106,3,0.01875
138,5,5,0,32,14,100,103,4,0.025
138,6,6,0,19,21,82,81,6,0.0375
138,7,7,0,15,16,48,50,3,0.01875
138,8,0,1,10,14,54,54,4,0.025
138,9,1,1,8,19,78,76,9,0.05625
138,10,2,1,15,13,84,84,9,0.05625
138,11,3,1,14,37,128,120,9,0.05625
138,12,4,1,39,18,132,131,8,0.05
138,13,5,1,29,17,117,115,8,0.05
138,14,6,1,17,10,88,83,14,0.0875
138,15,7,1,9,18,67,68,4,0.025
138,16,0,2,9,14,71,70,4,0.025
138,17,1,2,14,14,101,100,9,0.05625
138,18,2,2,18,7,114,117,7,0.04375
138,19,3,2,35,14,154,156,7,0.04375
138,20,4,2,31,15,143,141,8,0.05
138,21,5,2,16,17,113,113,7,0.04375
138,22,6,2,8,13,95,92,11,0.06875
138,23,7,2,8,14,83,79,8,0.05
138,24,0,3,15,14,87,85,4,0.025
138,25,1,3,12,10,112,108,8,0.05
138,26,2,3,35,13,131,138,3,0.01875
138,27,3,3,28,24,159,161,4,0.025
138,28,4,3,26,12,138,139,7,0.04375
138,29,5,3,24,16,129,131,7,0.04375
138,30,6,3,16,14,110,107,8,0.05
138,31,7,3,4,11,84,83,6,0.0375
138,32,0,4,6,25,87,87,6,0.0375
138,33,1,4,14,16,103,103,8,0.05
138,34,2,4,27,19,126,124,9,0.05625
138,35,3,4,33,13,147,146,9,0.05625
138,36,4,4,29,13,129,123,10,0.0625
138,37,5,4,16,11,114,113,9,0.05625
138,38,6,4,4,15,99,98,8,0.05
138,39,7,4,9,27,93,91,6,0.0375
138,40,0,5,12,20,78,78,5,0.03125
138,41,1,5,10,22,93,95,8,0.05
138,42,2,5,24,13,121,121,8,0.05
138,43,3,5,30,14,133,130,9,0.05625
138,44,4,5,27,11,116,113,9,0.05625
138,45,5,5,23,11,110,107,8,0.05
138,46,6,5,5,15,94,92,8,0.05
138,47,7,5,5,11,73,71,7,0.04375
138,48,0,6,4,14,48,47,5,0.03125
138,49,1,6,7,19,70,70,9,0.05625
138,50,2,6,16,16,92,92,8,0.05
138,51,3,6,30,20,113,111,12,0.075
138,52,4,6,24,15,96,98,5,0.03125
138,53,5,6,26,11,90,90,8,0.05
138,54,6,6,8,11,68,68,8,0.05
138,55,7,6,11,16,61,61,4,0.025
138,56,0,7,5,10,20,19,5,0.03125
138,57,1,7,6,12,31,30,8,0.05
138,58,2,7,19,13,42,43,8,0.05
138,59,3,7,2,13,36,35,12,0.075
138,60,4,7,2,12,27,28,8,0.05
138,61,5,7,1,11,24,24,8,0.05
138,62,6,7,0,18,27,28,8,0.05
138,63,7,7,0,20,25,25,4,0.025
139,0,0,0,6,12,32,33,3,0.01875
139,1,1,0,9,13,55,53,8,0.05
139,2,2,0,14,9,68,70,6,0.0375
139,3,3,0,33,24,108,108,6,0.0375
139,4,4,0,33,11,106,104,5,0.03125
139,5,5,0,29,16,94,89,8,0.05
139,6,6,0,14,16,67,65,9,0.05625
139,7,7,0,14,14,42,40,5,0.03125
139,8,0,1,4,11,50,48,5,0.03125
139,9,1,1,6,11,68,70,9,0.05625
139,10,2,1,7,15,80,80,9,0.05625
139,11,3,1,30,26,122,124,6,0.0375
139,12,4,1,28,15,112,118,4,0.025
139,13,5,1,16,15,102,103,7,0.04375
139,14,6,1,6,17,84,87,11,0.06875
139,15,7,1,11,20,70,69,5,0.03125
139,16,0,2,5,19,70,72,4,0.025
139,17,1,2,4,9,87,86,10,0.0625
139,18,2,2,15,19,104,105,6,0.0375
139,19,3,2,19,16,130,133,4,0.025
139,20,4,2,37,14,140,143,6,0.0375
139,21,5,2,25,17,134,133,8,0.05
139,22,6,2,13,12,105,107,9,0.05625
139,23,7,2,8,19,81,84,5,0.03125
139,24,0,3,6,13,77,77,4,0.025
139,25,1,3,13,15,95,96,7,0.04375
139,26,2,3,18,14,120,114,9,0.05625
139,27,3,3,26,10,152,148,6,0.0375
139,28,4,3,29,23,146,149,4,0.025
139,29,5,3,18,16,136,135,7,0.04375
139,30,6,3,7,16,106,107,8,0.05
139,31,7,3,10,9,81,80,6,0.0375
139,32,0,4,12,22,87,87,4,0.025
139,33,1,4,9,16,108,110,6,0.0375
139,34,2,4,21,17,116,120,6,0.0375
139,35,3,4,31,18,153,156,6,0.0375
139,36,4,4,43,22,155,161,6,0.0375
139,37,5,4,11,15,126,128,7,0.04375
139,38,6,4,7,14,100,98,9,0.05625
139,39,7,4,6,12,77,79,5,0.03125
139,40,0,5,6,15,71,70,6,0.0375
139,41,1,5,6,15,94,92,8,0.05
139,42,2,5,14,12,89,92,7,0.04375
139,43,3,5,31,13,126,126,11,0.06875
139,44,4,5,34,13,132,129,8,0.05
139,45,5,5,17,14,115,115,7,0.04375
139,46,6,5,11,11,89,88,9,0.05625
139,47,7,5,9,11,72,75,5,0.03125
139,48,0,6,11,15,58,59,4,0.025
139,49,1,6,7,13,72,74,7,0.04375
139,50,2,6,16,8,73,73,7,0.04375
139,51,3,6,35,16,113,114,11,0.06875
139,52,4,6,17,12,106,101,9,0.05625
139,53,5,6,19,20,99,97,9,0.05625
139,54,6,6,11,15,78,78,8,0.05
139,55,7,6,9,17,53,54,3,0.01875
139,56,0,7,8,18,30,31,4,0.025
139,57,1,7,5,23,41,43,7,0.04375
139,58,2,7,12,7,35,37,6,0.0375
139,59,3,7,23,12,46,48,10,0.0625
139,60,4,7,0,15,34,33,9,0.05625
139,61,5,7,0,16,27,27,8,0.05
139,62,6,7,0,21,25,24,9,0.05625
139,63,7,7,0,17,20,19,4,0.025
140,0,0,0,31,26,77,77,2,0.0125
140,1,1,0,26,22,114,114,8,0.05
140,2,2,0,29,33,141,143,6,0.0375
140,3,3,0,25,27,156,153,8,0.05
140,4,4,0,29,21,138,138,5,0.03125
140,5,5,0,30,23,127,130,6,0.0375
140,6,6,0,30,27,102,104,7,0.04375
140,7,7,0,22,25,63,64,4,0.025
140,8,0,1,21,21,94,96,3,0.01875
140,9,1,1,27,15,139,136,12,0.075
140,10,2,1,32,17,160,159,9,0.05625
140,11,3,1,32,60,214,216,6,0.0375
140,12,4,1,22,28,174,166,10,0.0625
140,13,5,1,22,33,166,164,10,0.0625
140,14,6,1,19,16,129,132,8,0.05
140,15,7,1,23,21,101,100,5,0.03125
140,16,0,2,20,23,120,118,5,0.03125
140,17,1,2,21,26,156,153,13,0.08125
140,18,2,2,22,22,180,180,6,0.0375
140,19,3,2,26,32,241,242,4,0.025
140,20,4,2,29,15,198,201,3,0.01875
140,21,5,2,26,15,192,194,6,0.0375
140,22,6,2,23,19,162,163,8,0.05
140,23,7,2,17,24,127,128,5,0.03125
140,24,0,3,22,18,133,129,7,0.04375
140,25,1,3,16,27,166,163,11,0.06875
140,26,2,3,24,28,189,189,8,0.05
140,27,3,3,28,26,241,239,8,0.05
140,28,4,3,30,23,212,212,4,0.025
140,29,5,3,32,24,208,203,11,0.06875
140,30,6,3,22,27,185,187,7,0.04375
140,31,7,3,25,22,150,149,6,0.0375
140,32,0,4,27,17,138,137,5,0.03125
140,33,1,4,23,22,170,169,7,0.04375
140,34,2,4,32,26,205,202,9,0.05625
140,35,3,4,31,29,257,255,8,0.05
140,36,4,4,23,26,220,216,8,0.05
140,37,5,4,36,23,212,210,10,0.0625
140,38,6,4,21,17,178,180,8,0.05
140,39,7,4,24,31,148,148,5,0.03125
140,40,0,5,27,20,126,128,5,0.03125
140,41,1,5,25,30,174,171,11,0.06875
140,42,2,5,19,18,187,185,8,0.05
140,43,3,5,25,26,236,237,9,0.05625
140,44,4,5,26,26,206,208,8,0.05
140,45,5,5,24,19,193,193,7,0.04375
140,46,6,5,21,31,173,175,7,0.04375
140,47,7,5,25,21,135,133,5,0.03125
140,48,0,6,25,21,102,102,4,0.025
140,49,1,6,23,26,142,137,11,0.06875
140,50,2,6,31,27,171,173,6,0.0375
140,51,3,6,35,21,207,209,10,0.0625
140,52,4,6,29,24,181,182,8,0.05
140,53,5,6,23,27,164,166,7,0.04375
140,54,6,6,24,23,141,141,8,0.05
140,55,7,6,27,25,113,109,6,0.0375
140,56,0,7,25,29,70,70,4,0.025
140,57,1,7,21,29,101,100,8,0.05
140,58,2,7,25,29,130,131,5,0.03125
140,59,3,7,32,31,165,170,4,0.025
140,60,4,7,34,27,156,160,6,0.0375
140,61,5,7,27,27,136,137,6,0.0375
140,62,6,7,20,28,105,104,9,0.05625
140,63,7,7,21,26,67,68,4,0.025
141,0,0,0,3,12,31,30,4,0.025
141,1,1,0,9,16,54,55,8,0.05
141,2,2,0,27,19,94,93,6,0.0375
141,3,3,0,31,13,106,110,4,0.025
141,4,4,0,28,14,107,108,4,0.025
141,5,5,0,23,14,95,93,8,0.05
141,6,6,0,9,13,70,66,10,0.0625
141,7,7,0,12,22,52,52,4,0.025
141,8,0,1,8,19,61,60,5,0.03125
141,9,1,1,5,17,78,80,9,0.05625
141,10,2,1,17,14,107,107,9,0.05625
141,11,3,1,21,27,121,118,8,0.05
141,12,4,1,26,16,109,114,6,0.0375
141,13,5,1,19,19,100,97,10,0.0625
141,14,6,1,13,17,75,76,7,0.04375
141,15,7,1,3,13,61,62,5,0.03125
141,16,0,2,4,18,72,74,4,0.025
141,17,1,2,6,10,76,82,7,0.04375
141,18,2,2,6,16,113,110,9,0.05625
141,19,3,2,14,12,120,116,8,0.05
141,20,4,2,33,16,128,124,6,0.0375
141,21,5,2,31,14,115,115,6,0.0375
141,22,6,2,11,15,94,90,9,0.05625
141,23,7,2,15,11,83,81,6,0.0375
141,24,0,3,6,17,90,94,4,0.025
141,25,1,3,11,26,108,110,7,0.04375
141,26,2,3,17,18,137,135,10,0.0625
141,27,3,3,22,16,144,145,7,0.04375
141,28,4,3,29,18,145,148,2,0.0125
141,29,5,3,23,18,136,139,8,0.05
141,30,6,3,9,15,108,107,7,0.04375
141,31,7,3,14,21,98,99,5,0.03125
141,32,0,4,6,21,92,93,5,0.03125
141,33,1,4,4,15,103,100,10,0.0625
141,34,2,4,23,15,139,139,9,0.05625
141,35,3,4,25,14,145,145,7,0.04375
141,36,4,4,29,19,155,158,5,0.03125
141,37,5,4,25,12,152,155,7,0.04375
141,38,6,4,14,18,122,121,9,0.05625
141,39,7,4,16,26,110,105,9,0.05625
141,40,0,5,2,24,91,89,6,0.0375
141,41,1,5,4,19,91,98,6,0.0375
141,42,2,5,17,6,123,121,9,0.05625
141,43,3,5,35,17,143,142,10,0.0625
141,44,4,5,27,16,133,133,9,0.05625
141,45,5,5,18,16,129,129,9,0.05625
141,46,6,5,11,17,106,103,10,0.0625
141,47,7,5,10,16,84,84,7,0.04375
141,48,0,6,6,17,71,72,4,0.025
141,49,1,6,13,12,83,86,9,0.05625
141,50,2,6,16,20,112,110,8,0.05
141,51,3,6,30,14,123,125,8,0.05
141,52,4,6,32,15,123,123,8,0.05
141,53,5,6,20,24,109,110,8,0.05
141,54,6,6,8,15,78,77,8,0.05
141,55,7,6,4,17,58,57,9,0.05625
141,56,0,7,14,23,53,51,4,0.025
141,57,1,7,10,16,65,66,6,0.0375
141,58,2,7,27,16,86,84,7,0.04375
141,59,3,7,31,13,94,90,9,0.05625
141,60,4,7,30,23,102,100,8,0.05
141,61,5,7,13,16,78,76,8,0.05
141,62,6,7,6,13,56,57,8,0.05
141,63,7,7,7,9,33,33,4,0.025
142,0,0,0,14,21,47,48,3,0.01875
142,1,1,0,6,14,50,51,7,0.04375
142,2,2,0,11,20,82,80,8,0.05
142,3,3,0,38,9,101,99,7,0.04375
142,4,4,0,33,12,102,100,6,0.0375
142,5,5,0,22,17,86,86,8,0.05
142,6,6,0,11,17,64,67,8,0.05
142,7,7,0,14,25,56,53,6,0.0375
142,8,0,1,4,13,63,63,4,0.025
142,9,1,1,3,14,66,66,9,0.05625
142,10,2,1,15,19,103,103,7,0.04375
142,11,3,1,23,31,128,128,9,0.05625
142,12,4,1,41,11,131,128,9,0.05625
142,13,5,1,18,12,105,109,7,0.04375
142,14,6,1,12,17,88,88,8,0.05
142,15,7,1,11,14,76,72,8,0.05
142,16,0,2,4,17,76,74,6,0.0375
142,17,1,2,4,9,78,78,8,0.05
142,18,2,2,13,17,115,114,9,0.05625
142,19,3,2,39,18,155,155,8,0.05
142,20,4,2,32,8,142,138,10,0.0625
142,21,5,2,17,17,135,128,12,0.075
142,22,6,2,13,19,108,113,7,0.04375
142,23,7,2,9,13,88,86,8,0.05
142,24,0,3,9,18,89,87,6,0.0375
142,25,1,3,12,10,103,104,7,0.04375
142,26,2,3,21,11,127,131,6,0.0375
142,27,3,3,32,17,161,162,8,0.05
142,28,4,3,26,20,159,151,6,0.0375
142,29,5,3,15,18,131,133,8,0.05
142,30,6,3,5,16,112,112,7,0.04375
142,31,7,3,15,17,107,107,7,0.04375
142,32,0,4,8,25,87,87,4,0.025
142,33,1,4,11,17,104,106,7,0.04375
142,34,2,4,25,17,131,130,7,0.04375
142,35,3,4,27,16,159,157,9,0.05625
142,36,4,4,25,14,157,155,8,0.05
142,37,5,4,20,12,131,132,7,0.04375
142,38,6,4,19,17,113,112,9,0.05625
142,39,7,4,6,19,99,102,6,0.0375
142,40,0,5,10,9,73,74,5,0.03125
142,41,1,5,7,17,106,101,9,0.05625
142,42,2,5,14,12,109,111,7,0.04375
142,43,3,5,27,12,140,142,8,0.05
142,44,4,5,25,15,153,156,5,0.03125
142,45,5,5,22,10,121,123,7,0.04375
142,46,6,5,9,14,97,99,8,0.05
142,47,7,5,7,15,76,79,3,0.01875
142,48,0,6,13,9,62,60,4,0.025
142,49,1,6,7,19,76,76,8,0.05
142,50,2,6,23,15,88,89,6,0.0375
142,51,3,6,26,10,111,107,11,0.06875
142,52,4,6,27,21,128,128,8,0.05
142,53,5,6,13,21,98,97,8,0.05
142,54,6,6,5,22,83,82,10,0.0625
142,55,7,6,9,17,62,63,7,0.04375
142,56,0,7,5,18,35,36,4,0.025
142,57,1,7,14,12,51,51,6,0.0375
142,58,2,7,19,15,67,67,7,0.04375
142,59,3,7,32,15,84,87,5,0.03125
142,60,4,7,19,18,82,83,5,0.03125
142,61,5,7,6,15,63,63,8,0.05
142,62,6,7,10,11,50,51,7,0.04375
142,63,7,7,2,17,30,29,5,0.03125
143,0,0,0,5,17,31,30,4,0.025
143,1,1,0,5,12,46,44,8,0.05
143,2,2,0,15,12,70,72,7,0.04375
143,3,3,0,20,15,95,97,6,0.0375
143,4,4,0,34,15,107,107,7,0.04375
143,5,5,0,24,14,89,86,8,0.05
143,6,6,0,8,12,59,58,9,0.05625
143,7,7,0,9,23,42,43,5,0.03125
143,8,0,1,7,10,51,52,4,0.025
143,9,1,1,8,13,80,82,8,0.05
143,10,2,1,15,19,101,103,7,0.04375
143,11,3,1,28,37,139,143,6,0.0375
143,12,4,1,31,19,128,134,3,0.01875
143,13,5,1,17,14,99,96,10,0.0625
143,14,6,1,7,24,79,79,7,0.04375
143,15,7,1,8,15,64,69,3,0.01875
143,16,0,2,10,18,74,76,4,0.025
143,17,1,2,3,11,90,89,8,0.05
143,18,2,2,15,13,101,104,7,0.04375
143,19,3,2,31,16,142,141,9,0.05625
143,20,4,2,34,27,146,149,8,0.05
143,21,5,2,20,12,116,118,9,0.05625
143,22,6,2,7,8,89,89,7,0.04375
143,23,7,2,13,21,94,97,5,0.03125
143,24,0,3,5,16,69,72,4,0.025
143,25,1,3,9,11,89,85,10,0.0625
143,26,2,3,19,14,111,108,8,0.05
143,27,3,3,28,16,143,145,6,0.0375
143,28,4,3,34,16,154,154,7,0.04375
143,29,5,3,24,12,138,137,6,0.0375
143,30,6,3,13,18,110,109,9,0.05625
143,31,7,3,10,13,101,101,6,0.0375
143,32,0,4,12,11,72,74,4,0.025
143,33,1,4,15,12,109,107,10,0.0625
143,34,2,4,27,21,129,134,6,0.0375
143,35,3,4,27,15,142,141,10,0.0625
143,36,4,4,36,11,152,153,8,0.05
143,37,5,4,16,9,124,122,8,0.05
143,38,6,4,5,17,105,107,7,0.04375
143,39,7,4,13,18,106,106,6,0.0375
143,40,0,5,2,13,53,54,5,0.03125
143,41,1,5,8,16,78,82,5,0.03125
143,42,2,5,14,15,96,99,5,0.03125
143,43,3,5,40,13,119,117,8,0.05
143,44,4,5,23,18,132,130,8,0.05
143,45,5,5,24,20,131,130,8,0.05
143,46,6,5,9,9,94,97,5,0.03125
143,47,7,5,8,15,86,84,4,0.025
143,48,0,6,5,18,46,47,4,0.025
143,49,1,6,10,17,64,65,8,0.05
143,50,2,6,13,12,71,68,8,0.05
143,51,3,6,35,8,79,78,13,0.08125
143,52,4,6,10,13,79,79,9,0.05625
143,53,5,6,3,12,70,70,9,0.05625
143,54,6,6,1,15,57,57,9,0.05625
143,55,7,6,0,18,49,53,4,0.025
143,56,0,7,8,14,24,26,3,0.01875
143,57,1,7,2,15,40,39,8,0.05
143,58,2,7,9,15,52,52,6,0.0375
143,59,3,7,16,12,62,57,11,0.06875
143,60,4,7,27,20,77,76,8,0.05
143,61,5,7,6,19,58,59,8,0.05
143,62,6,7,6,17,45,44,8,0.05
143,63,7,7,2,16,30,30,5,0.03125
144,0,0,0,4,17,34,32,5,0.03125
144,1,1,0,8,15,57,58,8,0.05
144,2,2,0,18,13,78,78,6,0.0375
144,3,3,0,29,17,99,99,5,0.03125
144,4,4,0,30,11,100,98,7,0.04375
144,5,5,0,16,15,87,89,8,0.05
144,6,6,0,16,14,69,70,8,0.05
144,7,7,0,5,17,41,43,4,0.025
144,8,0,1,2,12,49,47,5,0.03125
144,9,1,1,12,19,75,76,6,0.0375
144,10,2,1,14,16,93,93,6,0.0375
144,11,3,1,26,22,117,116,6,0.0375
144,12,4,1,23,12,109,107,4,0.025
144,13,5,1,31,8,106,112,5,0.03125
144,14,6,1,7,17,85,82,9,0.05625
144,15,7,1,11,8,60,54,8,0.05
144,16,0,2,3,18,67,67,4,0.025
144,17,1,2,10,22,104,103,8,0.05
144,18,2,2,23,14,114,115,6,0.0375
144,19,3,2,27,15,131,135,5,0.03125
144,20,4,2,31,8,124,126,6,0.0375
144,21,5,2,21,15,117,122,7,0.04375
144,22,6,2,15,9,99,98,9,0.05625
144,23,7,2,6,15,68,69,5,0.03125
144,24,0,3,14,10,82,77,7,0.04375
144,25,1,3,5,11,111,114,8,0.05
144,26,2,3,22,16,133,135,8,0.05
144,27,3,3,32,26,150,150,7,0.04375
144,28,4,3,30,11,127,132,5,0.03125
144,29,5,3,14,21,123,125,6,0.0375
144,30,6,3,8,12,102,101,9,0.05625
144,31,7,3,3,19,78,76,7,0.04375
144,32,0,4,6,7,70,68,5,0.03125
144,33,1,4,14,18,118,119,9,0.05625
144,34,2,4,30,20,144,141,7,0.04375
144,35,3,4,32,18,152,153,9,0.05625
144,36,4,4,25,14,130,131,7,0.04375
144,37,5,4,22,16,120,121,8,0.05
144,38,6,4,4,13,94,91,9,0.05625
144,39,7,4,8,18,73,77,4,0.025
144,40,0,5,14,17,66,65,6,0.0375
144,41,1,5,4,12,90,90,7,0.04375
144,42,2,5,24,11,112,110,7,0.04375
144,43,3,5,38,12,132,133,9,0.05625
144,44,4,5,24,12,120,122,5,0.03125
144,45,5,5,13,11,105,108,4,0.025
144,46,6,5,4,10,92,87,10,0.0625
144,47,7,5,14,11,66,66,5,0.03125
144,48,0,6,1,12,31,32,4,0.025
144,49,1,6,3,15,58,57,8,0.05
144,50,2,6,5,13,60,63,6,0.0375
144,51,3,6,28,18,88,93,8,0.05
144,52,4,6,22,15,89,91,5,0.03125
144,53,5,6,5,16,73,75,7,0.04375
144,54,6,6,13,16,67,67,9,0.05625
144,55,7,6,6,13,42,42,4,0.025
144,56,0,7,11,10,24,21,5,0.03125
144,57,1,7,2,16,30,30,8,0.05
144,58,2,7,11,12,29,28,6,0.0375
144,59,3,7,2,8,21,24,8,0.05
144,60,4,7,2,19,31,32,7,0.04375
144,61,5,7,0,12,24,22,10,0.0625
144,62,6,7,0,21,24,25,8,0.05
144,63,7,7,0,19,23,24,4,0.025
