sample_idx,router_id,x,y,injected,ejected,received_total,sent_total,stored_total,buffer_occupancy_norm
0,0,0,0,13,13,42,41,0,0.0
0,1,1,0,15,11,60,59,1,0.00625
0,2,2,0,20,13,79,75,3,0.01875
0,3,3,0,18,15,87,82,4,0.025
0,4,4,0,24,11,93,90,2,0.0125
0,5,5,0,20,13,81,79,2,0.0125
0,6,6,0,20,15,72,64,7,0.04375
0,7,7,0,21,10,41,38,3,0.01875
0,8,0,1,17,10,63,60,2,0.0125
0,9,1,1,18,14,84,82,1,0.00625
0,10,2,1,20,17,108,107,1,0.00625
0,11,3,1,18,7,99,96,2,0.0125
0,12,4,1,14,23,115,113,2,0.0125
0,13,5,1,20,15,106,104,2,0.0125
0,14,6,1,21,9,87,85,0,0.0
0,15,7,1,21,13,63,61,1,0.00625
0,16,0,2,25,10,80,77,2,0.0125
0,17,1,2,23,14,104,97,6,0.0375
0,18,2,2,17,16,122,114,7,0.04375
0,19,3,2,24,11,115,111,3,0.01875
0,20,4,2,20,13,126,119,6,0.0375
0,21,5,2,24,14,113,108,4,0.025
0,22,6,2,12,9,78,76,1,0.00625
0,23,7,2,7,12,65,62,2,0.0125
0,24,0,3,12,16,72,68,2,0.0125
0,25,1,3,17,12,98,93,2,0.0125
0,26,2,3,15,12,117,112,2,0.0125
0,27,3,3,19,15,115,106,8,0.05
0,28,4,3,16,7,125,122,3,0.01875
0,29,5,3,20,7,117,110,7,0.04375
0,30,6,3,17,9,94,88,5,0.03125
0,31,7,3,24,14,82,82,0,0.0
0,32,0,4,20,14,79,78,0,0.0
0,33,1,4,19,13,103,102,1,0.00625
0,34,2,4,20,17,127,121,4,0.025
0,35,3,4,19,9,108,101,5,0.03125
0,36,4,4,12,15,116,112,1,0.00625
0,37,5,4,17,11,108,104,2,0.0125
0,38,6,4,14,13,84,83,1,0.00625
0,39,7,4,11,15,70,66,3,0.01875
0,40,0,5,25,6,81,76,3,0.01875
0,41,1,5,19,10,100,93,6,0.0375
0,42,2,5,20,13,121,114,5,0.03125
0,43,3,5,15,7,118,114,3,0.01875
0,44,4,5,20,11,129,123,5,0.03125
0,45,5,5,18,11,113,108,4,0.025
0,46,6,5,22,11,99,91,7,0.04375
0,47,7,5,22,15,71,66,4,0.025
0,48,0,6,17,15,69,68,0,0.0
0,49,1,6,18,11,84,78,5,0.03125
0,50,2,6,20,13,104,100,3,0.01875
0,51,3,6,17,12,106,101,2,0.0125
0,52,4,6,15,14,107,102,4,0.025
0,53,5,6,12,15,91,88,2,0.0125
0,54,6,6,23,5,70,68,1,0.00625
0,55,7,6,23,9,58,54,4,0.025
0,56,0,7,18,12,49,44,4,0.025
0,57,1,7,26,10,69,60,8,0.05
0,58,2,7,22,10,83,77,6,0.0375
0,59,3,7,13,9,83,79,3,0.01875
0,60,4,7,19,14,94,92,2,0.0125
0,61,5,7,20,11,88,85,2,0.0125
0,62,6,7,21,8,66,65,1,0.00625
0,63,7,7,21,9,45,44,0,0.0
1,0,0,0,17,15,48,47,1,0.00625
1,1,1,0,22,20,86,83,3,0.01875
1,2,2,0,22,15,91,92,3,0.01875
1,3,3,0,18,12,99,101,2,0.0125
1,4,4,0,17,21,113,112,3,0.01875
1,5,5,0,19,21,104,102,3,0.01875
1,6,6,0,24,19,88,88,8,0.05
1,7,7,0,18,18,53,48,8,0.05
1,8,0,1,21,21,76,74,3,0.01875
1,9,1,1,16,19,109,106,5,0.03125
1,10,2,1,19,8,113,106,6,0.0375
1,11,3,1,16,20,127,128,2,0.0125
1,12,4,1,17,17,136,135,2,0.0125
1,13,5,1,24,18,131,128,4,0.025
1,14,6,1,20,22,113,113,1,0.00625
1,15,7,1,22,17,86,81,7,0.04375
1,16,0,2,14,17,88,86,3,0.01875
1,17,1,2,16,15,122,120,7,0.04375
1,18,2,2,17,15,121,121,8,0.05
1,19,3,2,25,12,146,143,6,0.0375
1,20,4,2,25,20,148,148,6,0.0375
1,21,5,2,24,14,142,136,10,0.0625
1,22,6,2,17,15,129,123,7,0.04375
1,23,7,2,23,15,99,97,3,0.01875
1,24,0,3,26,24,105,108,1,0.00625
1,25,1,3,16,16,130,134,1,0.00625
1,26,2,3,11,20,139,141,2,0.0125
1,27,3,3,16,24,149,155,1,0.00625
1,28,4,3,17,20,143,144,0,0.0
1,29,5,3,21,13,135,133,8,0.05
1,30,6,3,16,18,127,124,8,0.05
1,31,7,3,21,20,105,100,4,0.025
1,32,0,4,18,14,100,94,6,0.0375
1,33,1,4,19,17,128,121,7,0.04375
1,34,2,4,15,16,135,135,3,0.01875
1,35,3,4,22,17,152,152,6,0.0375
1,36,4,4,17,16,142,142,2,0.0125
1,37,5,4,14,26,139,138,2,0.0125
1,38,6,4,27,24,139,136,3,0.01875
1,39,7,4,16,23,99,101,1,0.00625
1,40,0,5,13,26,90,90,4,0.025
1,41,1,5,13,16,105,106,5,0.03125
1,42,2,5,20,17,131,131,6,0.0375
1,43,3,5,22,16,144,141,4,0.025
1,44,4,5,19,16,127,129,4,0.025
1,45,5,5,18,16,131,130,5,0.03125
1,46,6,5,19,11,108,106,8,0.05
1,47,7,5,11,20,88,92,1,0.00625
1,48,0,6,20,16,80,75,6,0.0375
1,49,1,6,17,21,99,98,6,0.0375
1,50,2,6,23,13,113,108,9,0.05625
1,51,3,6,17,15,115,111,7,0.04375
1,52,4,6,12,12,102,105,1,0.00625
1,53,5,6,26,7,113,114,1,0.00625
1,54,6,6,25,19,97,97,2,0.0125
1,55,7,6,13,20,73,73,3,0.01875
1,56,0,7,13,17,45,45,5,0.03125
1,57,1,7,12,16,64,65,7,0.04375
1,58,2,7,24,17,85,85,5,0.03125
1,59,3,7,15,14,92,92,2,0.0125
1,60,4,7,12,22,88,89,1,0.00625
1,61,5,7,21,18,84,82,3,0.01875
1,62,6,7,18,16,69,61,9,0.05625
1,63,7,7,20,15,48,46,3,0.01875
2,0,0,0,13,18,43,44,0,0.0
2,1,1,0,16,17,72,73,3,0.01875
2,2,2,0,21,16,91,90,3,0.01875
2,3,3,0,13,23,97,99,0,0.0
2,4,4,0,18,12,98,98,4,0.025
2,5,5,0,17,16,89,91,2,0.0125
2,6,6,0,9,14,71,78,1,0.00625
2,7,7,0,32,17,62,66,3,0.01875
2,8,0,1,11,17,74,76,2,0.0125
2,9,1,1,9,16,95,93,5,0.03125
2,10,2,1,20,15,106,110,4,0.025
2,11,3,1,19,20,131,129,4,0.025
2,12,4,1,27,16,129,125,5,0.03125
2,13,5,1,16,15,106,104,6,0.0375
2,14,6,1,15,17,96,92,5,0.03125
2,15,7,1,18,14,76,75,6,0.0375
2,16,0,2,9,19,84,84,2,0.0125
2,17,1,2,18,8,93,90,9,0.05625
2,18,2,2,19,16,119,118,7,0.04375
2,19,3,2,16,17,139,140,5,0.03125
2,20,4,2,19,17,136,136,6,0.0375
2,21,5,2,13,12,114,113,10,0.0625
2,22,6,2,11,19,103,100,9,0.05625
2,23,7,2,13,16,88,86,6,0.0375
2,24,0,3,16,14,98,97,2,0.0125
2,25,1,3,21,13,119,115,5,0.03125
2,26,2,3,26,18,146,139,7,0.04375
2,27,3,3,22,14,154,150,5,0.03125
2,28,4,3,21,19,148,142,4,0.025
2,29,5,3,14,16,127,131,3,0.01875
2,30,6,3,11,11,95,94,8,0.05
2,31,7,3,12,16,82,83,4,0.025
2,32,0,4,14,15,95,95,5,0.03125
2,33,1,4,15,18,116,116,7,0.04375
2,34,2,4,26,22,141,137,8,0.05
2,35,3,4,24,17,156,155,6,0.0375
2,36,4,4,22,12,149,149,1,0.00625
2,37,5,4,15,11,145,146,4,0.025
2,38,6,4,15,13,118,118,3,0.01875
2,39,7,4,18,23,96,97,0,0.0
2,40,0,5,11,18,86,86,5,0.03125
2,41,1,5,11,16,111,105,10,0.0625
2,42,2,5,26,19,134,135,6,0.0375
2,43,3,5,21,19,157,152,11,0.06875
2,44,4,5,16,20,149,145,6,0.0375
2,45,5,5,23,23,147,146,6,0.0375
2,46,6,5,18,14,115,115,8,0.05
2,47,7,5,19,19,90,86,4,0.025
2,48,0,6,14,18,69,69,6,0.0375
2,49,1,6,10,22,92,93,6,0.0375
2,50,2,6,17,21,119,122,4,0.025
2,51,3,6,26,20,138,136,10,0.0625
2,52,4,6,26,11,127,120,7,0.04375
2,53,5,6,22,17,126,121,5,0.03125
2,54,6,6,14,19,99,93,7,0.04375
2,55,7,6,16,15,73,75,1,0.00625
2,56,0,7,16,15,42,44,3,0.01875
2,57,1,7,11,17,65,67,6,0.0375
2,58,2,7,27,20,101,102,5,0.03125
2,59,3,7,17,19,100,100,3,0.01875
2,60,4,7,23,16,101,100,1,0.00625
2,61,5,7,20,17,92,91,6,0.0375
2,62,6,7,13,12,65,62,12,0.075
2,63,7,7,18,20,51,49,4,0.025
3,0,0,0,18,16,54,54,1,0.00625
3,1,1,0,17,14,75,76,2,0.0125
3,2,2,0,22,16,100,98,4,0.025
3,3,3,0,20,17,108,105,3,0.01875
3,4,4,0,28,15,104,105,2,0.0125
3,5,5,0,10,10,84,85,0,0.0
3,6,6,0,23,14,72,72,0,0.0
3,7,7,0,14,21,50,52,2,0.0125
3,8,0,1,10,18,67,66,4,0.025
3,9,1,1,13,15,84,83,7,0.04375
3,10,2,1,20,13,112,109,6,0.0375
3,11,3,1,19,16,126,124,5,0.03125
3,12,4,1,24,16,125,127,3,0.01875
3,13,5,1,12,13,108,108,5,0.03125
3,14,6,1,17,20,99,104,1,0.00625
3,15,7,1,16,11,73,74,6,0.0375
3,16,0,2,10,26,86,83,7,0.04375
3,17,1,2,10,20,97,101,8,0.05
3,18,2,2,24,14,119,118,8,0.05
3,19,3,2,22,13,136,137,3,0.01875
3,20,4,2,20,11,135,134,6,0.0375
3,21,5,2,17,16,117,120,8,0.05
3,22,6,2,11,30,113,116,8,0.05
3,23,7,2,10,11,84,83,6,0.0375
3,24,0,3,19,18,98,97,3,0.01875
3,25,1,3,13,15,120,117,7,0.04375
3,26,2,3,24,23,138,141,5,0.03125
3,27,3,3,26,23,164,165,4,0.025
3,28,4,3,26,13,151,150,8,0.05
3,29,5,3,20,14,138,132,9,0.05625
3,30,6,3,17,11,129,128,9,0.05625
3,31,7,3,11,15,95,94,5,0.03125
3,32,0,4,19,13,105,107,5,0.03125
3,33,1,4,16,16,129,125,11,0.06875
3,34,2,4,17,18,138,138,8,0.05
3,35,3,4,21,24,160,161,5,0.03125
3,36,4,4,20,14,144,141,6,0.0375
3,37,5,4,17,20,148,145,5,0.03125
3,38,6,4,17,21,139,140,2,0.0125
3,39,7,4,29,14,102,101,1,0.00625
3,40,0,5,11,20,95,96,4,0.025
3,41,1,5,7,15,97,100,9,0.05625
3,42,2,5,11,12,111,109,7,0.04375
3,43,3,5,19,17,128,132,7,0.04375
3,44,4,5,15,18,123,128,3,0.01875
3,45,5,5,17,17,124,129,1,0.00625
3,46,6,5,20,21,117,116,10,0.0625
3,47,7,5,18,13,83,84,4,0.025
3,48,0,6,11,15,72,69,8,0.05
3,49,1,6,10,19,89,87,8,0.05
3,50,2,6,19,18,99,97,7,0.04375
3,51,3,6,19,18,100,106,5,0.03125
3,52,4,6,18,11,104,109,2,0.0125
3,53,5,6,17,15,97,98,5,0.03125
3,54,6,6,22,14,90,84,11,0.06875
3,55,7,6,20,19,69,68,2,0.0125
3,56,0,7,5,22,43,41,4,0.025
3,57,1,7,13,19,67,64,8,0.05
3,58,2,7,17,18,86,82,8,0.05
3,59,3,7,14,16,87,84,4,0.025
3,60,4,7,15,17,87,81,8,0.05
3,61,5,7,20,16,74,72,7,0.04375
3,62,6,7,14,15,50,55,7,0.04375
3,63,7,7,15,18,35,37,3,0.01875
4,0,0,0,20,10,40,37,2,0.0125
4,1,1,0,21,15,76,71,6,0.0375
4,2,2,0,20,16,92,92,5,0.03125
4,3,3,0,20,18,98,98,3,0.01875
4,4,4,0,22,20,98,94,7,0.04375
4,5,5,0,22,17,92,83,9,0.05625
4,6,6,0,13,22,79,72,8,0.05
4,7,7,0,17,14,48,47,3,0.01875
4,8,0,1,10,12,63,61,6,0.0375
4,9,1,1,18,21,112,112,7,0.04375
4,10,2,1,22,10,110,113,4,0.025
4,11,3,1,15,14,122,120,6,0.0375
4,12,4,1,26,18,128,129,4,0.025
4,13,5,1,18,19,123,125,5,0.03125
4,14,6,1,21,20,113,105,9,0.05625
4,15,7,1,26,17,83,80,9,0.05625
4,16,0,2,12,19,79,82,3,0.01875
4,17,1,2,12,18,118,118,8,0.05
4,18,2,2,21,15,126,130,5,0.03125
4,19,3,2,21,21,150,150,3,0.01875
4,20,4,2,20,16,144,146,6,0.0375
4,21,5,2,21,20,129,132,4,0.025
4,22,6,2,10,12,99,97,7,0.04375
4,23,7,2,9,16,77,77,6,0.0375
4,24,0,3,10,20,87,85,5,0.03125
4,25,1,3,10,12,108,105,9,0.05625
4,26,2,3,21,13,120,119,7,0.04375
4,27,3,3,23,11,155,152,8,0.05
4,28,4,3,18,16,154,157,5,0.03125
4,29,5,3,17,19,135,141,5,0.03125
4,30,6,3,11,12,116,117,7,0.04375
4,31,7,3,15,14,94,92,5,0.03125
4,32,0,4,11,14,79,79,4,0.025
4,33,1,4,9,21,101,104,7,0.04375
4,34,2,4,22,22,121,127,4,0.025
4,35,3,4,18,9,153,149,7,0.04375
4,36,4,4,26,10,151,152,5,0.03125
4,37,5,4,14,12,131,134,4,0.025
4,38,6,4,26,19,140,135,6,0.0375
4,39,7,4,21,16,105,103,3,0.01875
4,40,0,5,14,16,74,72,5,0.03125
4,41,1,5,7,15,95,92,12,0.075
4,42,2,5,16,14,113,110,8,0.05
4,43,3,5,24,17,142,140,10,0.0625
4,44,4,5,17,19,141,137,6,0.0375
4,45,5,5,19,13,135,127,8,0.05
4,46,6,5,21,18,130,136,4,0.025
4,47,7,5,19,21,100,101,2,0.0125
4,48,0,6,6,16,47,52,4,0.025
4,49,1,6,3,23,63,59,11,0.06875
4,50,2,6,6,15,82,81,8,0.05
4,51,3,6,20,24,121,118,8,0.05
4,52,4,6,19,17,120,114,9,0.05625
4,53,5,6,24,17,109,109,6,0.0375
4,54,6,6,26,11,100,104,10,0.0625
4,55,7,6,16,22,74,74,2,0.0125
4,56,0,7,7,14,33,34,4,0.025
4,57,1,7,5,8,43,42,9,0.05625
4,58,2,7,10,21,70,70,9,0.05625
4,59,3,7,18,16,88,86,8,0.05
4,60,4,7,23,18,93,94,7,0.04375
4,61,5,7,25,15,86,88,4,0.025
4,62,6,7,14,23,75,74,8,0.05
4,63,7,7,13,19,46,44,5,0.03125
5,0,0,0,17,15,47,48,3,0.01875
5,1,1,0,15,21,74,75,5,0.03125
5,2,2,0,13,15,81,84,3,0.01875
5,3,3,0,16,19,96,97,1,0.00625
5,4,4,0,12,11,78,84,0,0.0
5,5,5,0,19,25,80,85,4,0.025
5,6,6,0,9,15,55,55,7,0.04375
5,7,7,0,12,15,40,39,2,0.0125
5,8,0,1,13,17,70,72,4,0.025
5,9,1,1,18,18,103,102,7,0.04375
5,10,2,1,15,16,115,115,3,0.01875
5,11,3,1,19,16,129,130,6,0.0375
5,12,4,1,21,19,125,122,5,0.03125
5,13,5,1,20,9,115,114,4,0.025
5,14,6,1,12,24,92,91,10,0.0625
5,15,7,1,13,13,63,60,11,0.06875
5,16,0,2,17,21,93,92,5,0.03125
5,17,1,2,23,11,116,118,5,0.03125
5,18,2,2,20,12,130,129,6,0.0375
5,19,3,2,16,13,149,148,5,0.03125
5,20,4,2,16,15,130,131,5,0.03125
5,21,5,2,14,16,128,124,9,0.05625
5,22,6,2,13,21,116,113,12,0.075
5,23,7,2,15,22,90,86,11,0.06875
5,24,0,3,14,24,104,104,4,0.025
5,25,1,3,16,22,133,134,8,0.05
5,26,2,3,27,15,140,140,6,0.0375
5,27,3,3,23,13,151,153,5,0.03125
5,28,4,3,24,15,148,145,9,0.05625
5,29,5,3,21,16,141,138,8,0.05
5,30,6,3,19,15,130,132,8,0.05
5,31,7,3,16,13,106,104,8,0.05
5,32,0,4,15,15,98,98,3,0.01875
5,33,1,4,18,19,138,138,8,0.05
5,34,2,4,19,19,139,139,2,0.0125
5,35,3,4,18,26,156,162,2,0.0125
5,36,4,4,24,18,146,146,5,0.03125
5,37,5,4,19,19,133,131,3,0.01875
5,38,6,4,18,14,121,122,6,0.0375
5,39,7,4,14,15,111,107,7,0.04375
5,40,0,5,2,14,77,75,8,0.05
5,41,1,5,10,15,107,108,9,0.05625
5,42,2,5,25,15,122,124,7,0.04375
5,43,3,5,17,18,150,154,4,0.025
5,44,4,5,24,10,130,133,4,0.025
5,45,5,5,22,11,111,115,6,0.0375
5,46,6,5,19,15,108,105,7,0.04375
5,47,7,5,12,19,98,96,4,0.025
5,48,0,6,6,21,67,62,8,0.05
5,49,1,6,12,21,93,97,7,0.04375
5,50,2,6,17,17,102,104,7,0.04375
5,51,3,6,29,19,134,134,7,0.04375
5,52,4,6,18,13,108,114,3,0.01875
5,53,5,6,18,13,108,103,7,0.04375
5,54,6,6,16,14,89,87,10,0.0625
5,55,7,6,17,19,80,77,5,0.03125
5,56,0,7,6,15,38,37,5,0.03125
5,57,1,7,4,17,53,55,7,0.04375
5,58,2,7,7,17,67,67,8,0.05
5,59,3,7,22,19,94,99,3,0.01875
5,60,4,7,12,13,90,88,9,0.05625
5,61,5,7,15,10,80,81,3,0.01875
5,62,6,7,22,9,62,61,8,0.05
5,63,7,7,14,21,44,45,4,0.025
6,0,0,0,19,20,56,57,1,0.00625
6,1,1,0,20,19,88,89,5,0.03125
6,2,2,0,17,22,115,116,2,0.0125
6,3,3,0,22,23,125,125,1,0.00625
6,4,4,0,21,21,130,126,3,0.01875
6,5,5,0,21,19,111,112,2,0.0125
6,6,6,0,20,20,89,93,3,0.01875
6,7,7,0,24,16,51,54,0,0.0
6,8,0,1,21,28,96,98,2,0.0125
6,9,1,1,24,29,124,129,3,0.01875
6,10,2,1,23,23,148,146,5,0.03125
6,11,3,1,19,29,154,154,7,0.04375
6,12,4,1,23,18,155,153,8,0.05
6,13,5,1,22,25,144,144,6,0.0375
6,14,6,1,13,26,126,126,10,0.0625
6,15,7,1,22,21,84,93,4,0.025
6,16,0,2,23,19,108,106,7,0.04375
6,17,1,2,21,23,135,137,3,0.01875
6,18,2,2,15,13,169,170,6,0.0375
6,19,3,2,22,12,191,187,10,0.0625
6,20,4,2,23,21,183,183,4,0.025
6,21,5,2,23,13,161,163,6,0.0375
6,22,6,2,20,13,141,143,10,0.0625
6,23,7,2,18,24,111,116,6,0.0375
6,24,0,3,21,27,126,129,1,0.00625
6,25,1,3,16,15,142,147,4,0.025
6,26,2,3,18,19,196,196,8,0.05
6,27,3,3,23,18,214,213,7,0.04375
6,28,4,3,26,27,205,208,4,0.025
6,29,5,3,19,24,185,190,2,0.0125
6,30,6,3,15,24,156,160,1,0.00625
6,31,7,3,21,31,134,139,2,0.0125
6,32,0,4,19,18,126,126,3,0.01875
6,33,1,4,16,27,148,149,7,0.04375
6,34,2,4,15,26,186,181,7,0.04375
6,35,3,4,25,18,197,193,7,0.04375
6,36,4,4,25,17,194,193,5,0.03125
6,37,5,4,17,23,193,189,8,0.05
6,38,6,4,21,27,168,166,7,0.04375
6,39,7,4,26,22,136,142,2,0.0125
6,40,0,5,25,15,113,119,2,0.0125
6,41,1,5,21,25,144,147,7,0.04375
6,42,2,5,20,32,172,177,4,0.025
6,43,3,5,18,27,189,192,2,0.0125
6,44,4,5,19,29,194,196,2,0.0125
6,45,5,5,17,24,193,194,4,0.025
6,46,6,5,17,23,158,157,7,0.04375
6,47,7,5,19,17,118,122,0,0.0
6,48,0,6,17,21,93,100,2,0.0125
6,49,1,6,18,14,118,122,3,0.01875
6,50,2,6,24,27,154,160,1,0.00625
6,51,3,6,20,20,172,175,4,0.025
6,52,4,6,14,19,166,164,3,0.01875
6,53,5,6,25,23,164,167,6,0.0375
6,54,6,6,19,24,131,137,4,0.025
6,55,7,6,20,32,98,103,1,0.00625
6,56,0,7,28,25,67,72,0,0.0
6,57,1,7,19,21,99,105,0,0.0
6,58,2,7,20,23,122,128,2,0.0125
6,59,3,7,16,29,137,137,2,0.0125
6,60,4,7,16,21,129,138,0,0.0
6,61,5,7,19,18,118,117,5,0.03125
6,62,6,7,19,16,85,92,1,0.00625
6,63,7,7,17,25,57,60,1,0.00625
7,0,0,0,20,24,58,60,0,0.0
7,1,1,0,15,18,77,80,1,0.00625
7,2,2,0,24,20,107,104,3,0.01875
7,3,3,0,17,23,109,112,0,0.0
7,4,4,0,22,12,98,98,4,0.025
7,5,5,0,16,21,90,89,4,0.025
7,6,6,0,18,19,71,67,8,0.05
7,7,7,0,19,15,47,44,4,0.025
7,8,0,1,17,20,82,79,4,0.025
7,9,1,1,19,18,89,86,7,0.04375
7,10,2,1,18,7,104,101,6,0.0375
7,11,3,1,22,15,127,128,4,0.025
7,12,4,1,25,22,123,130,2,0.0125
7,13,5,1,22,14,115,113,7,0.04375
7,14,6,1,15,23,94,95,8,0.05
7,15,7,1,12,18,67,65,4,0.025
7,16,0,2,15,23,97,102,1,0.00625
7,17,1,2,20,18,117,114,4,0.025
7,18,2,2,14,22,143,139,9,0.05625
7,19,3,2,25,24,152,155,6,0.0375
7,20,4,2,16,15,140,141,2,0.0125
7,21,5,2,23,13,141,139,7,0.04375
7,22,6,2,15,12,116,118,8,0.05
7,23,7,2,18,21,94,95,5,0.03125
7,24,0,3,22,17,115,109,7,0.04375
7,25,1,3,17,12,123,122,5,0.03125
7,26,2,3,25,12,153,152,7,0.04375
7,27,3,3,19,20,157,160,4,0.025
7,28,4,3,21,22,145,145,5,0.03125
7,29,5,3,13,20,137,133,6,0.0375
7,30,6,3,18,19,125,125,4,0.025
7,31,7,3,18,15,100,102,1,0.00625
7,32,0,4,19,19,110,107,7,0.04375
7,33,1,4,14,21,129,126,10,0.0625
7,34,2,4,20,17,154,158,5,0.03125
7,35,3,4,26,16,162,166,4,0.025
7,36,4,4,21,19,139,145,0,0.0
7,37,5,4,21,19,133,134,8,0.05
7,38,6,4,12,17,121,120,9,0.05625
7,39,7,4,12,18,101,96,7,0.04375
7,40,0,5,19,18,99,97,4,0.025
7,41,1,5,18,13,114,111,9,0.05625
7,42,2,5,22,18,140,139,2,0.0125
7,43,3,5,16,19,159,151,8,0.05
7,44,4,5,22,17,145,136,9,0.05625
7,45,5,5,23,15,130,128,6,0.0375
7,46,6,5,15,15,118,117,8,0.05
7,47,7,5,21,18,100,96,4,0.025
7,48,0,6,17,13,72,72,1,0.00625
7,49,1,6,21,14,90,93,1,0.00625
7,50,2,6,17,20,115,108,7,0.04375
7,51,3,6,18,21,138,138,3,0.01875
7,52,4,6,27,14,122,122,6,0.0375
7,53,5,6,19,17,103,102,8,0.05
7,54,6,6,14,17,85,84,6,0.0375
7,55,7,6,15,14,78,72,5,0.03125
7,56,0,7,21,23,57,57,0,0.0
7,57,1,7,21,17,80,80,2,0.0125
7,58,2,7,16,13,93,93,2,0.0125
7,59,3,7,13,23,108,109,2,0.0125
7,60,4,7,16,20,102,99,1,0.00625
7,61,5,7,20,18,85,86,5,0.03125
7,62,6,7,18,14,67,61,7,0.04375
7,63,7,7,23,19,54,50,5,0.03125
8,0,0,0,18,21,59,57,1,0.00625
8,1,1,0,18,20,82,76,7,0.04375
8,2,2,0,22,20,103,98,8,0.05
8,3,3,0,18,20,113,111,2,0.0125
8,4,4,0,24,11,95,95,4,0.025
8,5,5,0,21,14,87,87,3,0.01875
8,6,6,0,9,17,67,68,6,0.0375
8,7,7,0,9,13,40,39,4,0.025
8,8,0,1,21,16,78,78,5,0.03125
8,9,1,1,18,15,101,100,7,0.04375
8,10,2,1,20,17,124,125,8,0.05
8,11,3,1,16,18,133,131,6,0.0375
8,12,4,1,17,13,112,103,10,0.0625
8,13,5,1,20,20,105,102,10,0.0625
8,14,6,1,6,18,86,86,9,0.05625
8,15,7,1,12,23,71,70,6,0.0375
8,16,0,2,19,22,99,93,8,0.05
8,17,1,2,14,16,118,115,7,0.04375
8,18,2,2,22,14,140,144,5,0.03125
8,19,3,2,17,20,150,156,1,0.00625
8,20,4,2,17,20,139,138,3,0.01875
8,21,5,2,26,17,132,135,6,0.0375
8,22,6,2,18,13,120,121,7,0.04375
8,23,7,2,14,17,95,95,5,0.03125
8,24,0,3,12,12,93,95,5,0.03125
8,25,1,3,12,19,119,115,8,0.05
8,26,2,3,23,15,148,148,8,0.05
8,27,3,3,22,19,159,160,3,0.01875
8,28,4,3,20,16,154,153,6,0.0375
8,29,5,3,17,18,138,142,2,0.0125
8,30,6,3,16,14,127,121,8,0.05
8,31,7,3,24,19,115,112,4,0.025
8,32,0,4,12,18,103,102,8,0.05
8,33,1,4,12,16,119,119,10,0.0625
8,34,2,4,17,10,151,146,8,0.05
8,35,3,4,20,14,155,153,5,0.03125
8,36,4,4,17,11,156,152,4,0.025
8,37,5,4,23,18,147,147,9,0.05625
8,38,6,4,21,20,127,129,8,0.05
8,39,7,4,16,24,110,111,5,0.03125
8,40,0,5,17,17,94,95,3,0.01875
8,41,1,5,13,13,104,105,8,0.05
8,42,2,5,12,16,134,125,11,0.06875
8,43,3,5,16,15,129,133,6,0.0375
8,44,4,5,18,24,138,143,4,0.025
8,45,5,5,16,11,127,127,6,0.0375
8,46,6,5,21,20,111,114,6,0.0375
8,47,7,5,13,23,87,86,4,0.025
8,48,0,6,23,22,82,80,4,0.025
8,49,1,6,17,20,107,100,7,0.04375
8,50,2,6,22,13,120,122,6,0.0375
8,51,3,6,21,13,127,125,5,0.03125
8,52,4,6,22,15,126,130,2,0.0125
8,53,5,6,27,15,112,110,10,0.0625
8,54,6,6,8,17,82,81,6,0.0375
8,55,7,6,7,14,54,57,4,0.025
8,56,0,7,20,22,54,52,2,0.0125
8,57,1,7,24,17,84,80,6,0.0375
8,58,2,7,19,24,101,98,5,0.03125
8,59,3,7,22,17,107,102,6,0.0375
8,60,4,7,21,16,106,104,4,0.025
8,61,5,7,16,19,100,101,3,0.01875
8,62,6,7,12,17,74,80,0,0.0
8,63,7,7,13,13,42,46,0,0.0
9,0,0,0,13,23,48,49,1,0.00625
9,1,1,0,16,20,72,75,4,0.025
9,2,2,0,23,17,94,97,4,0.025
9,3,3,0,19,12,102,100,4,0.025
9,4,4,0,19,15,104,105,2,0.0125
9,5,5,0,14,16,81,84,1,0.00625
9,6,6,0,12,16,64,64,7,0.04375
9,7,7,0,15,17,43,45,3,0.01875
9,8,0,1,18,19,72,76,1,0.00625
9,9,1,1,17,19,94,93,8,0.05
9,10,2,1,24,20,114,114,8,0.05
9,11,3,1,24,13,119,116,11,0.06875
9,12,4,1,20,22,111,117,4,0.025
9,13,5,1,10,16,88,89,7,0.04375
9,14,6,1,9,19,77,77,9,0.05625
9,15,7,1,3,12,54,56,5,0.03125
9,16,0,2,11,15,79,82,4,0.025
9,17,1,2,15,16,97,99,7,0.04375
9,18,2,2,22,19,135,130,10,0.0625
9,19,3,2,21,27,150,148,1,0.00625
9,20,4,2,16,16,140,140,4,0.025
9,21,5,2,21,18,132,131,6,0.0375
9,22,6,2,13,13,115,113,8,0.05
9,23,7,2,11,21,89,88,6,0.0375
9,24,0,3,14,16,99,98,4,0.025
9,25,1,3,24,12,119,120,8,0.05
9,26,2,3,24,23,153,154,8,0.05
9,27,3,3,18,21,156,150,8,0.05
9,28,4,3,19,12,148,152,1,0.00625
9,29,5,3,28,11,146,138,10,0.0625
9,30,6,3,16,14,126,126,9,0.05625
9,31,7,3,15,14,95,94,6,0.0375
9,32,0,4,8,19,96,98,5,0.03125
9,33,1,4,18,14,122,123,9,0.05625
9,34,2,4,20,17,150,152,7,0.04375
9,35,3,4,25,22,162,166,2,0.0125
9,36,4,4,22,17,159,157,6,0.0375
9,37,5,4,20,23,145,149,4,0.025
9,38,6,4,15,15,121,122,6,0.0375
9,39,7,4,18,22,98,100,4,0.025
9,40,0,5,9,21,77,74,6,0.0375
9,41,1,5,10,17,97,98,7,0.04375
9,42,2,5,20,17,132,138,8,0.05
9,43,3,5,14,14,133,137,1,0.00625
9,44,4,5,22,14,144,142,6,0.0375
9,45,5,5,20,15,147,142,11,0.06875
9,46,6,5,19,12,129,129,7,0.04375
9,47,7,5,26,12,97,99,4,0.025
9,48,0,6,13,7,64,62,5,0.03125
9,49,1,6,15,21,99,97,9,0.05625
9,50,2,6,15,27,131,129,8,0.05
9,51,3,6,21,13,125,123,7,0.04375
9,52,4,6,16,18,119,120,0,0.0
9,53,5,6,23,20,118,118,9,0.05625
9,54,6,6,16,24,108,109,7,0.04375
9,55,7,6,16,20,69,68,4,0.025
9,56,0,7,15,17,47,45,3,0.01875
9,57,1,7,15,14,70,68,7,0.04375
9,58,2,7,23,18,95,94,6,0.0375
9,59,3,7,20,23,108,110,4,0.025
9,60,4,7,27,20,102,102,4,0.025
9,61,5,7,19,12,75,72,5,0.03125
9,62,6,7,15,19,70,63,7,0.04375
9,63,7,7,11,17,35,32,4,0.025
10,0,0,0,14,16,43,43,1,0.00625
10,1,1,0,21,20,81,79,6,0.0375
10,2,2,0,14,18,97,100,3,0.01875
10,3,3,0,16,21,105,107,1,0.00625
10,4,4,0,17,12,101,103,2,0.0125
10,5,5,0,18,19,100,97,5,0.03125
10,6,6,0,21,19,79,77,8,0.05
10,7,7,0,16,12,42,41,4,0.025
10,8,0,1,20,23,76,74,2,0.0125
10,9,1,1,13,21,97,95,9,0.05625
10,10,2,1,24,15,116,117,5,0.03125
10,11,3,1,20,15,121,130,2,0.0125
10,12,4,1,21,19,131,127,8,0.05
10,13,5,1,29,16,108,106,10,0.0625
10,14,6,1,8,19,83,82,8,0.05
10,15,7,1,6,16,54,54,3,0.01875
10,16,0,2,14,13,82,84,4,0.025
10,17,1,2,9,23,107,106,8,0.05
10,18,2,2,28,15,129,132,6,0.0375
10,19,3,2,21,25,147,140,7,0.04375
10,20,4,2,19,14,139,139,5,0.03125
10,21,5,2,23,16,131,130,8,0.05
10,22,6,2,10,14,109,109,10,0.0625
10,23,7,2,20,16,86,88,4,0.025
10,24,0,3,9,16,90,89,8,0.05
10,25,1,3,13,20,111,110,9,0.05625
10,26,2,3,17,21,138,139,4,0.025
10,27,3,3,23,21,146,152,4,0.025
10,28,4,3,18,19,156,153,5,0.03125
10,29,5,3,15,23,151,156,4,0.025
10,30,6,3,19,16,121,120,9,0.05625
10,31,7,3,20,18,94,94,5,0.03125
10,32,0,4,18,19,102,104,4,0.025
10,33,1,4,24,14,116,116,7,0.04375
10,34,2,4,20,16,147,151,4,0.025
10,35,3,4,19,13,150,148,3,0.01875
10,36,4,4,17,9,148,152,3,0.01875
10,37,5,4,19,15,154,150,9,0.05625
10,38,6,4,18,18,118,117,8,0.05
10,39,7,4,14,18,92,91,5,0.03125
10,40,0,5,10,18,88,89,4,0.025
10,41,1,5,7,13,95,94,9,0.05625
10,42,2,5,28,17,136,137,7,0.04375
10,43,3,5,23,14,141,134,8,0.05
10,44,4,5,26,18,134,134,7,0.04375
10,45,5,5,16,19,135,137,8,0.05
10,46,6,5,15,16,110,108,8,0.05
10,47,7,5,11,16,88,88,4,0.025
10,48,0,6,5,22,71,72,4,0.025
10,49,1,6,9,8,73,75,7,0.04375
10,50,2,6,14,18,98,100,4,0.025
10,51,3,6,33,17,131,134,3,0.01875
10,52,4,6,19,19,118,117,1,0.00625
10,53,5,6,21,16,122,125,8,0.05
10,54,6,6,13,18,97,93,11,0.06875
10,55,7,6,14,18,74,74,5,0.03125
10,56,0,7,13,18,48,46,5,0.03125
10,57,1,7,8,23,66,67,7,0.04375
10,58,2,7,21,13,82,84,4,0.025
10,59,3,7,15,20,104,106,4,0.025
10,60,4,7,17,18,106,108,2,0.0125
10,61,5,7,28,20,111,111,5,0.03125
10,62,6,7,13,22,76,78,6,0.0375
10,63,7,7,15,18,48,48,3,0.01875
11,0,0,0,19,21,57,53,5,0.03125
11,1,1,0,17,22,79,79,7,0.04375
11,2,2,0,18,13,89,86,6,0.0375
11,3,3,0,21,16,98,95,4,0.025
11,4,4,0,15,11,92,91,2,0.0125
11,5,5,0,24,13,87,88,4,0.025
11,6,6,0,11,19,72,72,8,0.05
11,7,7,0,14,19,47,46,4,0.025
11,8,0,1,16,12,81,77,5,0.03125
11,9,1,1,23,21,113,116,7,0.04375
11,10,2,1,17,23,124,127,3,0.01875
11,11,3,1,17,17,126,124,2,0.0125
11,12,4,1,25,15,119,120,7,0.04375
11,13,5,1,18,16,104,109,6,0.0375
11,14,6,1,11,16,87,88,8,0.05
11,15,7,1,11,15,67,67,4,0.025
11,16,0,2,15,21,96,92,6,0.0375
11,17,1,2,15,18,115,116,6,0.0375
11,18,2,2,16,21,132,134,3,0.01875
11,19,3,2,17,10,125,133,1,0.00625
11,20,4,2,14,13,134,135,2,0.0125
11,21,5,2,18,19,133,138,4,0.025
11,22,6,2,14,16,111,117,4,0.025
11,23,7,2,11,11,82,83,3,0.01875
11,24,0,3,24,15,101,102,5,0.03125
11,25,1,3,14,13,127,130,6,0.0375
11,26,2,3,19,13,149,149,4,0.025
11,27,3,3,22,10,146,146,3,0.01875
11,28,4,3,14,20,150,151,3,0.01875
11,29,5,3,18,23,153,155,4,0.025
11,30,6,3,24,25,136,138,8,0.05
11,31,7,3,19,16,94,95,4,0.025
11,32,0,4,20,19,102,102,4,0.025
11,33,1,4,19,16,138,136,10,0.0625
11,34,2,4,19,15,156,151,7,0.04375
11,35,3,4,15,14,144,145,3,0.01875
11,36,4,4,23,13,143,137,6,0.0375
11,37,5,4,14,23,137,139,7,0.04375
11,38,6,4,13,23,118,118,6,0.0375
11,39,7,4,6,18,80,79,6,0.0375
11,40,0,5,9,17,84,77,10,0.0625
11,41,1,5,14,24,113,112,8,0.05
11,42,2,5,27,19,137,136,6,0.0375
11,43,3,5,10,21,131,135,5,0.03125
11,44,4,5,21,13,129,132,4,0.025
11,45,5,5,17,20,133,135,8,0.05
11,46,6,5,13,18,110,109,9,0.05625
11,47,7,5,12,16,74,75,3,0.01875
11,48,0,6,18,16,75,71,9,0.05625
11,49,1,6,18,17,104,99,13,0.08125
11,50,2,6,27,19,122,120,7,0.04375
11,51,3,6,19,20,121,121,6,0.0375
11,52,4,6,13,12,123,119,3,0.01875
11,53,5,6,14,20,120,122,3,0.01875
11,54,6,6,24,23,118,118,10,0.0625
11,55,7,6,20,18,72,72,4,0.025
11,56,0,7,17,15,47,48,3,0.01875
11,57,1,7,22,18,89,88,8,0.05
11,58,2,7,11,14,99,99,4,0.025
11,59,3,7,19,18,103,102,3,0.01875
11,60,4,7,22,11,103,103,2,0.0125
11,61,5,7,19,14,93,96,3,0.01875
11,62,6,7,15,18,76,76,7,0.04375
11,63,7,7,15,15,41,40,4,0.025
12,0,0,0,14,27,64,68,1,0.00625
12,1,1,0,24,24,96,102,1,0.00625
12,2,2,0,22,24,121,128,0,0.0
12,3,3,0,26,14,131,128,8,0.05
12,4,4,0,21,27,143,141,4,0.025
12,5,5,0,22,20,126,124,5,0.03125
12,6,6,0,23,30,108,115,1,0.00625
12,7,7,0,28,21,66,69,1,0.00625
12,8,0,1,21,28,112,116,2,0.0125
12,9,1,1,21,20,123,125,6,0.0375
12,10,2,1,24,34,172,168,8,0.05
12,11,3,1,20,20,163,162,4,0.025
12,12,4,1,16,30,171,175,1,0.00625
12,13,5,1,25,25,147,147,4,0.025
12,14,6,1,21,22,116,121,4,0.025
12,15,7,1,18,17,82,84,2,0.0125
12,16,0,2,22,14,123,126,4,0.025
12,17,1,2,23,18,130,130,7,0.04375
12,18,2,2,19,14,163,160,8,0.05
12,19,3,2,17,26,171,165,6,0.0375
12,20,4,2,24,14,179,178,4,0.025
12,21,5,2,15,15,156,154,5,0.03125
12,22,6,2,23,25,147,145,3,0.01875
12,23,7,2,16,23,107,109,0,0.0
12,24,0,3,21,21,134,137,3,0.01875
12,25,1,3,16,21,143,148,1,0.00625
12,26,2,3,20,35,192,196,2,0.0125
12,27,3,3,23,25,191,191,4,0.025
12,28,4,3,20,26,194,191,4,0.025
12,29,5,3,16,27,179,176,6,0.0375
12,30,6,3,24,18,155,157,7,0.04375
12,31,7,3,15,25,119,120,4,0.025
12,32,0,4,20,20,137,135,6,0.0375
12,33,1,4,24,18,135,139,7,0.04375
12,34,2,4,18,20,177,180,4,0.025
12,35,3,4,23,17,196,194,6,0.0375
12,36,4,4,28,23,199,203,3,0.01875
12,37,5,4,28,23,197,197,6,0.0375
12,38,6,4,17,23,142,147,1,0.00625
12,39,7,4,19,21,124,124,5,0.03125
12,40,0,5,22,26,126,135,2,0.0125
12,41,1,5,17,15,132,140,2,0.0125
12,42,2,5,25,19,185,184,7,0.04375
12,43,3,5,12,22,191,193,3,0.01875
12,44,4,5,23,22,190,187,7,0.04375
12,45,5,5,16,27,179,183,4,0.025
12,46,6,5,27,15,130,136,3,0.01875
12,47,7,5,19,25,115,116,1,0.00625
12,48,0,6,26,25,101,108,1,0.00625
12,49,1,6,23,25,125,130,6,0.0375
12,50,2,6,21,27,157,152,13,0.08125
12,51,3,6,19,25,164,165,5,0.03125
12,52,4,6,16,20,165,166,2,0.0125
12,53,5,6,26,20,173,169,7,0.04375
12,54,6,6,18,21,120,128,0,0.0
12,55,7,6,16,20,92,96,0,0.0
12,56,0,7,16,21,54,58,1,0.00625
12,57,1,7,22,17,87,93,1,0.00625
12,58,2,7,24,27,125,126,2,0.0125
12,59,3,7,17,22,127,127,2,0.0125
12,60,4,7,19,17,126,128,0,0.0
12,61,5,7,19,28,130,130,3,0.01875
12,62,6,7,18,15,95,94,7,0.04375
12,63,7,7,20,20,61,64,1,0.00625
13,0,0,0,21,21,56,53,3,0.01875
13,1,1,0,17,13,79,71,8,0.05
13,2,2,0,25,17,102,98,3,0.01875
13,3,3,0,20,17,99,103,3,0.01875
13,4,4,0,15,18,100,99,5,0.03125
13,5,5,0,24,13,92,95,2,0.0125
13,6,6,0,15,12,66,67,0,0.0
13,7,7,0,16,19,46,47,0,0.0
13,8,0,1,13,21,74,73,4,0.025
13,9,1,1,16,21,96,89,12,0.075
13,10,2,1,16,25,111,110,9,0.05625
13,11,3,1,25,16,121,118,8,0.05
13,12,4,1,24,23,127,123,6,0.0375
13,13,5,1,22,19,112,107,11,0.06875
13,14,6,1,12,20,94,86,11,0.06875
13,15,7,1,16,16,74,72,5,0.03125
13,16,0,2,17,16,97,96,5,0.03125
13,17,1,2,15,18,121,119,8,0.05
13,18,2,2,23,16,130,134,3,0.01875
13,19,3,2,25,12,143,144,5,0.03125
13,20,4,2,18,18,146,147,4,0.025
13,21,5,2,20,21,135,131,8,0.05
13,22,6,2,25,18,118,116,8,0.05
13,23,7,2,17,24,100,96,5,0.03125
13,24,0,3,21,21,112,111,5,0.03125
13,25,1,3,19,14,138,131,8,0.05
13,26,2,3,22,12,141,138,4,0.025
13,27,3,3,20,19,158,154,7,0.04375
13,28,4,3,13,15,152,154,4,0.025
13,29,5,3,13,17,135,135,6,0.0375
13,30,6,3,13,13,107,105,7,0.04375
13,31,7,3,23,16,105,105,3,0.01875
13,32,0,4,16,16,97,99,4,0.025
13,33,1,4,17,16,136,135,7,0.04375
13,34,2,4,17,17,145,142,5,0.03125
13,35,3,4,23,19,153,152,5,0.03125
13,36,4,4,21,14,159,159,4,0.025
13,37,5,4,26,26,162,161,7,0.04375
13,38,6,4,17,12,123,115,9,0.05625
13,39,7,4,22,18,113,113,4,0.025
13,40,0,5,16,13,81,81,2,0.0125
13,41,1,5,22,24,136,126,10,0.0625
13,42,2,5,20,7,129,127,10,0.0625
13,43,3,5,20,19,137,136,2,0.0125
13,44,4,5,20,13,139,143,4,0.025
13,45,5,5,20,17,142,138,6,0.0375
13,46,6,5,17,22,111,105,9,0.05625
13,47,7,5,15,25,102,100,4,0.025
13,48,0,6,15,19,70,68,3,0.01875
13,49,1,6,17,21,109,105,10,0.0625
13,50,2,6,17,15,100,107,5,0.03125
13,51,3,6,15,20,122,123,3,0.01875
13,52,4,6,21,15,139,138,6,0.0375
13,53,5,6,23,24,139,141,5,0.03125
13,54,6,6,21,14,110,106,6,0.0375
13,55,7,6,23,13,89,83,7,0.04375
13,56,0,7,19,20,59,55,4,0.025
13,57,1,7,15,16,81,77,4,0.025
13,58,2,7,26,10,87,84,5,0.03125
13,59,3,7,21,14,100,102,2,0.0125
13,60,4,7,20,24,114,109,5,0.03125
13,61,5,7,23,17,98,97,3,0.01875
13,62,6,7,25,14,82,83,6,0.0375
13,63,7,7,15,21,50,51,1,0.00625
14,0,0,0,11,18,40,40,3,0.01875
14,1,1,0,13,24,66,68,7,0.04375
14,2,2,0,21,17,79,75,7,0.04375
14,3,3,0,22,25,102,101,4,0.025
14,4,4,0,16,18,87,90,2,0.0125
14,5,5,0,16,21,96,97,2,0.0125
14,6,6,0,15,19,90,87,3,0.01875
14,7,7,0,25,15,61,60,1,0.00625
14,8,0,1,10,18,70,68,4,0.025
14,9,1,1,11,15,84,89,7,0.04375
14,10,2,1,26,21,107,110,6,0.0375
14,11,3,1,24,19,131,134,4,0.025
14,12,4,1,13,21,110,112,4,0.025
14,13,5,1,7,11,101,106,7,0.04375
14,14,6,1,13,21,96,101,6,0.0375
14,15,7,1,13,18,72,74,3,0.01875
14,16,0,2,12,18,93,93,5,0.03125
14,17,1,2,11,24,114,114,8,0.05
14,18,2,2,24,15,133,128,7,0.04375
14,19,3,2,25,17,151,150,7,0.04375
14,20,4,2,19,16,133,129,6,0.0375
14,21,5,2,16,18,133,136,6,0.0375
14,22,6,2,19,13,125,126,7,0.04375
14,23,7,2,20,18,99,100,5,0.03125
14,24,0,3,17,22,106,103,7,0.04375
14,25,1,3,17,16,124,125,7,0.04375
14,26,2,3,20,16,139,140,5,0.03125
14,27,3,3,18,15,161,167,1,0.00625
14,28,4,3,19,17,148,151,2,0.0125
14,29,5,3,24,22,155,152,9,0.05625
14,30,6,3,19,17,128,125,12,0.075
14,31,7,3,12,26,106,105,4,0.025
14,32,0,4,13,9,90,92,2,0.0125
14,33,1,4,10,12,116,119,4,0.025
14,34,2,4,17,11,125,129,5,0.03125
14,35,3,4,20,12,155,154,6,0.0375
14,36,4,4,25,16,152,153,3,0.01875
14,37,5,4,23,15,149,146,9,0.05625
14,38,6,4,12,17,119,119,10,0.0625
14,39,7,4,16,23,105,105,4,0.025
14,40,0,5,13,21,93,92,4,0.025
14,41,1,5,9,13,105,108,10,0.0625
14,42,2,5,18,14,108,110,7,0.04375
14,43,3,5,22,14,135,135,3,0.01875
14,44,4,5,21,23,145,138,10,0.0625
14,45,5,5,19,16,144,142,8,0.05
14,46,6,5,13,24,113,113,9,0.05625
14,47,7,5,15,17,92,90,5,0.03125
14,48,0,6,16,19,83,83,3,0.01875
14,49,1,6,15,22,103,109,5,0.03125
14,50,2,6,19,13,104,104,4,0.025
14,51,3,6,15,19,128,123,7,0.04375
14,52,4,6,24,10,126,125,7,0.04375
14,53,5,6,13,19,117,116,8,0.05
14,54,6,6,17,24,94,94,7,0.04375
14,55,7,6,16,20,82,82,6,0.0375
14,56,0,7,18,23,58,56,6,0.0375
14,57,1,7,25,17,86,84,8,0.05
14,58,2,7,20,10,90,93,4,0.025
14,59,3,7,22,20,109,108,3,0.01875
14,60,4,7,21,17,103,106,2,0.0125
14,61,5,7,20,23,96,91,9,0.05625
14,62,6,7,13,9,61,61,7,0.04375
14,63,7,7,15,14,50,46,5,0.03125
15,0,0,0,17,15,49,48,5,0.03125
15,1,1,0,19,11,75,73,8,0.05
15,2,2,0,17,18,91,93,6,0.0375
15,3,3,0,15,21,106,110,0,0.0
15,4,4,0,17,18,108,106,4,0.025
15,5,5,0,18,18,98,97,2,0.0125
15,6,6,0,22,19,78,80,1,0.00625
15,7,7,0,14,10,42,43,0,0.0
15,8,0,1,8,15,57,59,4,0.025
15,9,1,1,9,17,80,80,8,0.05
15,10,2,1,13,21,108,106,7,0.04375
15,11,3,1,18,21,125,125,3,0.01875
15,12,4,1,18,13,116,119,3,0.01875
15,13,5,1,17,17,114,111,8,0.05
15,14,6,1,22,15,91,92,6,0.0375
15,15,7,1,21,16,75,72,6,0.0375
15,16,0,2,14,13,71,72,4,0.025
15,17,1,2,8,14,96,98,6,0.0375
15,18,2,2,18,18,133,134,7,0.04375
15,19,3,2,27,14,146,145,7,0.04375
15,20,4,2,19,20,141,143,4,0.025
15,21,5,2,18,17,130,127,7,0.04375
15,22,6,2,10,24,106,102,8,0.05
15,23,7,2,14,13,82,81,5,0.03125
15,24,0,3,13,19,82,85,2,0.0125
15,25,1,3,18,15,115,116,6,0.0375
15,26,2,3,25,12,147,145,4,0.025
15,27,3,3,17,17,158,155,5,0.03125
15,28,4,3,24,19,163,160,5,0.03125
15,29,5,3,21,22,158,158,9,0.05625
15,30,6,3,18,12,127,130,7,0.04375
15,31,7,3,18,19,99,98,5,0.03125
15,32,0,4,17,21,83,80,6,0.0375
15,33,1,4,13,28,114,111,9,0.05625
15,34,2,4,20,18,142,136,8,0.05
15,35,3,4,25,18,158,158,5,0.03125
15,36,4,4,13,17,156,154,6,0.0375
15,37,5,4,20,20,149,155,4,0.025
15,38,6,4,15,16,122,125,7,0.04375
15,39,7,4,10,14,83,83,5,0.03125
15,40,0,5,17,13,74,73,4,0.025
15,41,1,5,13,12,91,95,5,0.03125
15,42,2,5,14,18,130,134,5,0.03125
15,43,3,5,16,15,146,148,2,0.0125
15,44,4,5,23,22,139,143,6,0.0375
15,45,5,5,27,11,127,130,5,0.03125
15,46,6,5,10,17,119,119,8,0.05
15,47,7,5,14,16,85,86,4,0.025
15,48,0,6,11,17,54,51,6,0.0375
15,49,1,6,21,17,93,89,9,0.05625
15,50,2,6,23,23,123,121,7,0.04375
15,51,3,6,27,25,135,136,7,0.04375
15,52,4,6,23,12,108,111,4,0.025
15,53,5,6,16,15,99,97,10,0.0625
15,54,6,6,16,21,103,100,10,0.0625
15,55,7,6,12,26,70,72,5,0.03125
15,56,0,7,10,11,25,28,3,0.01875
15,57,1,7,9,17,55,56,7,0.04375
15,58,2,7,17,18,85,85,3,0.01875
15,59,3,7,23,16,106,106,2,0.0125
15,60,4,7,20,18,106,105,4,0.025
15,61,5,7,31,19,100,103,7,0.04375
15,62,6,7,13,21,81,78,9,0.05625
15,63,7,7,14,11,42,42,5,0.03125
16,0,0,0,11,14,37,39,3,0.01875
16,1,1,0,12,17,59,61,7,0.04375
16,2,2,0,17,21,84,83,7,0.04375
16,3,3,0,20,20,96,91,5,0.03125
16,4,4,0,18,24,106,108,2,0.0125
16,5,5,0,16,18,96,95,3,0.01875
16,6,6,0,25,20,83,79,5,0.03125
16,7,7,0,20,19,54,50,4,0.025
16,8,0,1,4,19,54,53,5,0.03125
16,9,1,1,11,11,70,70,8,0.05
16,10,2,1,20,12,102,104,4,0.025
16,11,3,1,17,26,121,121,4,0.025
16,12,4,1,30,14,131,126,6,0.0375
16,13,5,1,16,18,110,114,5,0.03125
16,14,6,1,22,19,103,101,8,0.05
16,15,7,1,15,13,71,71,5,0.03125
16,16,0,2,10,11,70,70,5,0.03125
16,17,1,2,12,18,90,92,5,0.03125
16,18,2,2,22,14,116,116,8,0.05
16,19,3,2,14,15,139,139,6,0.0375
16,20,4,2,21,19,151,149,7,0.04375
16,21,5,2,21,16,130,132,6,0.0375
16,22,6,2,11,18,104,106,9,0.05625
16,23,7,2,16,20,93,94,3,0.01875
16,24,0,3,14,15,86,86,4,0.025
16,25,1,3,17,18,120,118,8,0.05
16,26,2,3,20,26,139,140,5,0.03125
16,27,3,3,24,19,164,162,5,0.03125
16,28,4,3,24,17,169,164,10,0.0625
16,29,5,3,25,20,154,154,7,0.04375
16,30,6,3,15,14,116,116,9,0.05625
16,31,7,3,11,18,101,104,3,0.01875
16,32,0,4,12,17,86,89,3,0.01875
16,33,1,4,12,18,115,114,8,0.05
16,34,2,4,30,12,151,154,6,0.0375
16,35,3,4,18,26,165,169,1,0.00625
16,36,4,4,18,15,152,152,5,0.03125
16,37,5,4,22,13,148,146,7,0.04375
16,38,6,4,20,15,121,118,10,0.0625
16,39,7,4,15,23,104,106,4,0.025
16,40,0,5,24,16,87,87,4,0.025
16,41,1,5,30,18,125,123,7,0.04375
16,42,2,5,18,17,148,148,5,0.03125
16,43,3,5,15,17,145,143,5,0.03125
16,44,4,5,20,20,148,151,2,0.0125
16,45,5,5,24,15,147,146,7,0.04375
16,46,6,5,19,16,113,116,6,0.0375
16,47,7,5,19,30,106,104,5,0.03125
16,48,0,6,17,14,57,60,4,0.025
16,49,1,6,3,14,77,78,8,0.05
16,50,2,6,19,14,105,101,11,0.06875
16,51,3,6,22,11,128,128,5,0.03125
16,52,4,6,23,21,132,129,6,0.0375
16,53,5,6,18,21,125,125,10,0.0625
16,54,6,6,25,18,102,104,7,0.04375
16,55,7,6,16,15,77,76,5,0.03125
16,56,0,7,9,15,29,29,4,0.025
16,57,1,7,16,13,60,60,7,0.04375
16,58,2,7,25,14,86,83,5,0.03125
16,59,3,7,21,21,118,117,4,0.025
16,60,4,7,24,28,119,121,1,0.00625
16,61,5,7,27,21,101,102,3,0.01875
16,62,6,7,14,18,62,65,7,0.04375
16,63,7,7,5,17,39,41,3,0.01875
17,0,0,0,8,11,31,30,4,0.025
17,1,1,0,11,20,65,64,6,0.0375
17,2,2,0,20,16,80,82,4,0.025
17,3,3,0,18,9,93,99,0,0.0
17,4,4,0,18,25,118,116,3,0.01875
17,5,5,0,24,19,104,107,1,0.00625
17,6,6,0,24,22,86,90,2,0.0125
17,7,7,0,17,20,50,54,1,0.00625
17,8,0,1,12,26,65,65,4,0.025
17,9,1,1,7,18,93,93,8,0.05
17,10,2,1,22,19,106,103,8,0.05
17,11,3,1,14,20,119,117,3,0.01875
17,12,4,1,21,10,127,130,4,0.025
17,13,5,1,26,26,136,135,5,0.03125
17,14,6,1,14,16,99,99,7,0.04375
17,15,7,1,15,23,80,80,5,0.03125
17,16,0,2,17,13,76,75,6,0.0375
17,17,1,2,19,13,118,116,8,0.05
17,18,2,2,20,17,134,132,8,0.05
17,19,3,2,19,18,139,143,4,0.025
17,20,4,2,25,19,151,150,8,0.05
17,21,5,2,22,22,145,146,6,0.0375
17,22,6,2,11,17,118,114,12,0.075
17,23,7,2,16,20,96,97,3,0.01875
17,24,0,3,12,11,82,83,3,0.01875
17,25,1,3,7,29,125,125,8,0.05
17,26,2,3,18,13,136,134,6,0.0375
17,27,3,3,19,16,150,152,3,0.01875
17,28,4,3,17,9,144,150,5,0.03125
17,29,5,3,23,21,142,142,9,0.05625
17,30,6,3,13,18,120,121,7,0.04375
17,31,7,3,13,18,100,97,5,0.03125
17,32,0,4,11,18,92,85,8,0.05
17,33,1,4,17,19,123,126,6,0.0375
17,34,2,4,19,14,133,134,5,0.03125
17,35,3,4,16,21,156,155,3,0.01875
17,36,4,4,27,26,170,170,3,0.01875
17,37,5,4,20,14,149,150,4,0.025
17,38,6,4,12,15,124,123,10,0.0625
17,39,7,4,13,17,110,105,7,0.04375
17,40,0,5,15,12,90,88,7,0.04375
17,41,1,5,19,20,127,125,10,0.0625
17,42,2,5,29,17,147,144,7,0.04375
17,43,3,5,25,17,156,153,7,0.04375
17,44,4,5,20,19,152,151,3,0.01875
17,45,5,5,17,18,136,133,10,0.0625
17,46,6,5,11,12,109,107,8,0.05
17,47,7,5,15,14,87,86,8,0.05
17,48,0,6,13,16,69,67,5,0.03125
17,49,1,6,13,20,87,86,8,0.05
17,50,2,6,26,16,118,122,6,0.0375
17,51,3,6,19,19,120,125,3,0.01875
17,52,4,6,16,15,124,127,2,0.0125
17,53,5,6,16,25,110,118,2,0.0125
17,54,6,6,11,18,90,92,6,0.0375
17,55,7,6,13,17,65,67,4,0.025
17,56,0,7,23,16,57,57,4,0.025
17,57,1,7,19,12,75,75,5,0.03125
17,58,2,7,24,19,111,111,6,0.0375
17,59,3,7,12,19,108,111,1,0.00625
17,60,4,7,18,21,111,109,2,0.0125
17,61,5,7,20,12,92,93,4,0.025
17,62,6,7,19,17,76,75,8,0.05
17,63,7,7,18,15,48,46,5,0.03125
18,0,0,0,19,23,53,56,1,0.00625
18,1,1,0,28,25,100,102,6,0.0375
18,2,2,0,28,24,126,125,4,0.025
18,3,3,0,15,23,131,127,2,0.0125
18,4,4,0,17,30,128,131,2,0.0125
18,5,5,0,21,21,113,109,5,0.03125
18,6,6,0,22,22,98,92,8,0.05
18,7,7,0,22,20,56,54,3,0.01875
18,8,0,1,20,25,88,90,2,0.0125
18,9,1,1,17,22,127,135,0,0.0
18,10,2,1,20,20,153,156,6,0.0375
18,11,3,1,31,24,165,167,4,0.025
18,12,4,1,22,20,164,163,6,0.0375
18,13,5,1,19,19,140,144,2,0.0125
18,14,6,1,11,27,125,131,2,0.0125
18,15,7,1,19,18,84,89,0,0.0
18,16,0,2,16,18,96,100,1,0.00625
18,17,1,2,20,17,135,134,8,0.05
18,18,2,2,13,24,160,164,5,0.03125
18,19,3,2,21,23,178,175,6,0.0375
18,20,4,2,23,25,195,201,3,0.01875
18,21,5,2,22,20,177,179,4,0.025
18,22,6,2,20,24,164,171,5,0.03125
18,23,7,2,20,27,119,121,1,0.00625
18,24,0,3,21,19,115,116,1,0.00625
18,25,1,3,18,23,149,157,1,0.00625
18,26,2,3,21,20,193,194,4,0.025
18,27,3,3,21,16,191,194,1,0.00625
18,28,4,3,20,20,207,206,5,0.03125
18,29,5,3,14,31,188,194,2,0.0125
18,30,6,3,22,34,180,185,2,0.0125
18,31,7,3,19,27,121,125,0,0.0
18,32,0,4,15,15,112,117,4,0.025
18,33,1,4,23,21,158,159,4,0.025
18,34,2,4,24,29,190,190,6,0.0375
18,35,3,4,26,19,192,188,8,0.05
18,36,4,4,27,24,208,207,6,0.0375
18,37,5,4,14,24,179,178,6,0.0375
18,38,6,4,22,17,163,169,5,0.03125
18,39,7,4,18,27,116,123,0,0.0
18,40,0,5,15,23,104,106,5,0.03125
18,41,1,5,28,22,154,154,8,0.05
18,42,2,5,23,17,173,174,4,0.025
18,43,3,5,19,17,186,186,5,0.03125
18,44,4,5,15,17,204,203,6,0.0375
18,45,5,5,24,20,188,189,7,0.04375
18,46,6,5,20,17,161,160,10,0.0625
18,47,7,5,23,14,114,119,3,0.01875
18,48,0,6,19,12,76,79,3,0.01875
18,49,1,6,15,14,116,115,9,0.05625
18,50,2,6,24,24,152,153,6,0.0375
18,51,3,6,18,23,171,167,5,0.03125
18,52,4,6,20,35,181,179,5,0.03125
18,53,5,6,28,28,162,157,6,0.0375
18,54,6,6,20,24,134,132,8,0.05
18,55,7,6,20,17,96,96,4,0.025
18,56,0,7,26,19,60,62,2,0.0125
18,57,1,7,20,18,95,97,4,0.025
18,58,2,7,18,21,113,117,3,0.01875
18,59,3,7,26,27,134,136,0,0.0
18,60,4,7,12,21,122,124,1,0.00625
18,61,5,7,19,15,107,112,0,0.0
18,62,6,7,20,24,90,95,2,0.0125
18,63,7,7,20,20,56,59,1,0.00625
19,0,0,0,16,20,55,54,1,0.00625
19,1,1,0,21,24,94,96,2,0.0125
19,2,2,0,24,16,108,107,4,0.025
19,3,3,0,10,10,98,101,1,0.00625
19,4,4,0,19,15,102,100,2,0.0125
19,5,5,0,26,14,94,93,5,0.03125
19,6,6,0,17,19,72,72,8,0.05
19,7,7,0,12,27,59,57,5,0.03125
19,8,0,1,22,22,92,89,5,0.03125
19,9,1,1,19,22,119,109,8,0.05
19,10,2,1,21,27,129,132,2,0.0125
19,11,3,1,22,18,124,127,1,0.00625
19,12,4,1,24,20,129,132,2,0.0125
19,13,5,1,22,21,119,116,6,0.0375
19,14,6,1,12,18,105,98,7,0.04375
19,15,7,1,23,10,95,86,8,0.05
19,16,0,2,17,18,108,102,7,0.04375
19,17,1,2,13,16,114,115,6,0.0375
19,18,2,2,18,13,136,137,5,0.03125
19,19,3,2,23,20,145,141,12,0.075
19,20,4,2,26,21,150,145,6,0.0375
19,21,5,2,18,15,126,125,5,0.03125
19,22,6,2,29,16,121,120,7,0.04375
19,23,7,2,16,15,94,94,2,0.0125
19,24,0,3,13,20,107,107,2,0.0125
19,25,1,3,28,21,136,135,0,0.0
19,26,2,3,15,25,155,158,2,0.0125
19,27,3,3,22,19,161,158,5,0.03125
19,28,4,3,20,19,150,153,2,0.0125
19,29,5,3,20,16,140,136,7,0.04375
19,30,6,3,24,15,123,120,4,0.025
19,31,7,3,13,16,93,90,3,0.01875
19,32,0,4,16,16,95,92,6,0.0375
19,33,1,4,14,8,120,116,7,0.04375
19,34,2,4,22,22,147,149,4,0.025
19,35,3,4,24,22,164,167,5,0.03125
19,36,4,4,21,19,154,154,5,0.03125
19,37,5,4,17,17,139,139,4,0.025
19,38,6,4,15,20,121,120,6,0.0375
19,39,7,4,16,18,97,97,1,0.00625
19,40,0,5,18,12,80,79,4,0.025
19,41,1,5,20,17,127,128,7,0.04375
19,42,2,5,21,16,142,144,4,0.025
19,43,3,5,16,16,149,153,2,0.0125
19,44,4,5,22,18,142,141,5,0.03125
19,45,5,5,20,17,132,134,8,0.05
19,46,6,5,18,19,112,112,8,0.05
19,47,7,5,15,18,84,85,0,0.0
19,48,0,6,14,13,54,55,1,0.00625
19,49,1,6,18,19,97,99,8,0.05
19,50,2,6,22,19,118,114,10,0.0625
19,51,3,6,18,27,130,131,4,0.025
19,52,4,6,18,20,121,123,4,0.025
19,53,5,6,16,19,116,115,7,0.04375
19,54,6,6,13,21,95,92,8,0.05
19,55,7,6,12,14,60,60,4,0.025
19,56,0,7,20,12,44,44,2,0.0125
19,57,1,7,24,23,83,77,10,0.0625
19,58,2,7,20,13,91,87,7,0.04375
19,59,3,7,20,18,110,104,4,0.025
19,60,4,7,27,18,111,109,4,0.025
19,61,5,7,20,18,98,91,6,0.0375
19,62,6,7,16,19,71,70,4,0.025
19,63,7,7,19,14,45,43,4,0.025
20,0,0,0,23,22,56,55,3,0.01875
20,1,1,0,19,13,73,67,8,0.05
20,2,2,0,22,24,97,97,7,0.04375
20,3,3,0,21,9,94,87,7,0.04375
20,4,4,0,22,13,100,98,5,0.03125
20,5,5,0,18,12,85,86,4,0.025
20,6,6,0,15,13,66,66,7,0.04375
20,7,7,0,13,18,49,49,4,0.025
20,8,0,1,16,15,74,71,7,0.04375
20,9,1,1,20,21,105,109,5,0.03125
20,10,2,1,17,24,126,126,2,0.0125
20,11,3,1,24,16,123,118,4,0.025
20,12,4,1,19,14,120,118,5,0.03125
20,13,5,1,24,20,113,110,8,0.05
20,14,6,1,17,17,93,92,10,0.0625
20,15,7,1,16,19,80,83,7,0.04375
20,16,0,2,9,14,76,78,5,0.03125
20,17,1,2,6,20,101,98,10,0.0625
20,18,2,2,19,17,118,116,7,0.04375
20,19,3,2,19,18,123,131,2,0.0125
20,20,4,2,23,18,131,133,6,0.0375
20,21,5,2,21,21,132,129,7,0.04375
20,22,6,2,14,16,112,107,9,0.05625
20,23,7,2,17,19,102,98,4,0.025
20,24,0,3,25,15,104,101,5,0.03125
20,25,1,3,15,16,129,123,7,0.04375
20,26,2,3,15,17,132,130,5,0.03125
20,27,3,3,13,22,144,146,2,0.0125
20,28,4,3,23,19,147,144,4,0.025
20,29,5,3,21,13,131,131,7,0.04375
20,30,6,3,12,16,123,121,6,0.0375
20,31,7,3,21,16,109,106,6,0.0375
20,32,0,4,18,17,103,103,8,0.05
20,33,1,4,20,19,141,144,7,0.04375
20,34,2,4,17,18,159,159,4,0.025
20,35,3,4,18,16,156,159,2,0.0125
20,36,4,4,18,12,137,139,4,0.025
20,37,5,4,17,10,134,134,5,0.03125
20,38,6,4,16,19,126,126,5,0.03125
20,39,7,4,19,13,97,92,5,0.03125
20,40,0,5,16,28,98,100,2,0.0125
20,41,1,5,19,30,139,140,7,0.04375
20,42,2,5,20,16,146,148,2,0.0125
20,43,3,5,16,15,143,142,4,0.025
20,44,4,5,17,11,124,125,3,0.01875
20,45,5,5,18,14,129,129,6,0.0375
20,46,6,5,16,12,120,120,9,0.05625
20,47,7,5,22,14,94,90,6,0.0375
20,48,0,6,17,22,82,81,2,0.0125
20,49,1,6,17,18,114,117,6,0.0375
20,50,2,6,24,23,121,123,7,0.04375
20,51,3,6,16,15,126,126,4,0.025
20,52,4,6,25,14,123,120,7,0.04375
20,53,5,6,19,16,116,114,10,0.0625
20,54,6,6,13,22,94,98,6,0.0375
20,55,7,6,10,25,72,72,4,0.025
20,56,0,7,15,21,48,49,0,0.0
20,57,1,7,21,21,84,88,6,0.0375
20,58,2,7,24,18,104,105,5,0.03125
20,59,3,7,20,18,107,107,6,0.0375
20,60,4,7,24,13,96,95,4,0.025
20,61,5,7,14,17,79,77,8,0.05
20,62,6,7,10,17,63,60,7,0.04375
20,63,7,7,9,16,45,45,3,0.01875
21,0,0,0,4,17,41,39,5,0.03125
21,1,1,0,9,14,53,57,6,0.0375
21,2,2,0,23,20,86,85,6,0.0375
21,3,3,0,20,20,100,106,2,0.0125
21,4,4,0,19,17,108,109,3,0.01875
21,5,5,0,25,17,98,100,3,0.01875
21,6,6,0,12,18,64,62,8,0.05
21,7,7,0,12,17,38,39,4,0.025
21,8,0,1,12,22,72,73,8,0.05
21,9,1,1,5,16,74,73,7,0.04375
21,10,2,1,13,21,102,94,10,0.0625
21,11,3,1,26,8,115,115,6,0.0375
21,12,4,1,21,11,121,120,5,0.03125
21,13,5,1,20,21,129,132,5,0.03125
21,14,6,1,18,14,95,96,8,0.05
21,15,7,1,15,14,68,71,4,0.025
21,16,0,2,8,17,86,84,8,0.05
21,17,1,2,10,20,104,108,6,0.0375
21,18,2,2,25,15,128,128,7,0.04375
21,19,3,2,19,21,139,136,6,0.0375
21,20,4,2,26,12,135,134,6,0.0375
21,21,5,2,18,14,130,128,8,0.05
21,22,6,2,10,7,91,91,11,0.06875
21,23,7,2,6,24,86,88,3,0.01875
21,24,0,3,17,17,100,103,3,0.01875
21,25,1,3,16,17,125,133,0,0.0
21,26,2,3,21,15,150,149,4,0.025
21,27,3,3,15,18,157,157,2,0.0125
21,28,4,3,18,14,142,143,2,0.0125
21,29,5,3,13,17,135,138,5,0.03125
21,30,6,3,18,22,121,118,10,0.0625
21,31,7,3,9,18,91,95,3,0.01875
21,32,0,4,10,9,86,89,4,0.025
21,33,1,4,22,20,122,121,6,0.0375
21,34,2,4,22,14,144,147,2,0.0125
21,35,3,4,27,14,159,150,10,0.0625
21,36,4,4,18,15,139,138,6,0.0375
21,37,5,4,18,11,135,131,9,0.05625
21,38,6,4,9,17,112,109,8,0.05
21,39,7,4,11,20,94,96,3,0.01875
21,40,0,5,13,18,86,90,0,0.0
21,41,1,5,21,18,121,121,7,0.04375
21,42,2,5,24,21,148,139,11,0.06875
21,43,3,5,20,13,151,145,9,0.05625
21,44,4,5,19,18,140,138,4,0.025
21,45,5,5,24,18,126,129,4,0.025
21,46,6,5,11,16,92,92,8,0.05
21,47,7,5,6,18,75,74,7,0.04375
21,48,0,6,24,20,72,71,2,0.0125
21,49,1,6,18,18,91,90,6,0.0375
21,50,2,6,15,18,113,117,4,0.025
21,51,3,6,22,22,128,131,2,0.0125
21,52,4,6,18,12,112,113,5,0.03125
21,53,5,6,17,13,96,101,6,0.0375
21,54,6,6,8,18,78,77,7,0.04375
21,55,7,6,7,14,67,65,6,0.0375
21,56,0,7,13,19,44,41,4,0.025
21,57,1,7,12,14,58,56,8,0.05
21,58,2,7,22,22,91,92,4,0.025
21,59,3,7,30,18,108,110,3,0.01875
21,60,4,7,23,19,103,105,3,0.01875
21,61,5,7,21,14,81,84,5,0.03125
21,62,6,7,10,12,55,54,8,0.05
21,63,7,7,13,16,43,42,4,0.025
22,0,0,0,19,13,42,43,4,0.025
22,1,1,0,19,24,89,89,6,0.0375
22,2,2,0,15,20,106,107,4,0.025
22,3,3,0,12,13,101,102,1,0.00625
22,4,4,0,21,13,95,94,3,0.01875
22,5,5,0,18,16,81,80,4,0.025
22,6,6,0,17,26,74,76,6,0.0375
22,7,7,0,14,11,40,39,5,0.03125
22,8,0,1,12,15,58,61,5,0.03125
22,9,1,1,11,18,100,98,8,0.05
22,10,2,1,24,14,117,121,5,0.03125
22,11,3,1,15,21,121,122,5,0.03125
22,12,4,1,18,16,118,115,7,0.04375
22,13,5,1,13,17,112,111,7,0.04375
22,14,6,1,25,16,110,108,10,0.0625
22,15,7,1,13,14,69,68,5,0.03125
22,16,0,2,19,19,89,89,6,0.0375
22,17,1,2,20,15,126,125,7,0.04375
22,18,2,2,11,17,131,133,5,0.03125
22,19,3,2,18,16,147,149,5,0.03125
22,20,4,2,18,13,144,147,3,0.01875
22,21,5,2,31,19,137,141,6,0.0375
22,22,6,2,15,13,121,121,10,0.0625
22,23,7,2,14,20,93,90,5,0.03125
22,24,0,3,14,15,90,91,2,0.0125
22,25,1,3,12,22,121,118,2,0.0125
22,26,2,3,18,21,140,145,1,0.00625
22,27,3,3,19,15,153,151,3,0.01875
22,28,4,3,20,16,161,160,4,0.025
22,29,5,3,20,20,153,153,4,0.025
22,30,6,3,16,16,129,128,12,0.075
22,31,7,3,19,19,102,100,5,0.03125
22,32,0,4,15,18,101,100,4,0.025
22,33,1,4,19,14,126,124,8,0.05
22,34,2,4,19,17,155,144,11,0.06875
22,35,3,4,17,20,155,161,6,0.0375
22,36,4,4,22,15,154,154,5,0.03125
22,37,5,4,17,15,132,135,6,0.0375
22,38,6,4,13,15,115,115,9,0.05625
22,39,7,4,7,14,84,82,5,0.03125
22,40,0,5,15,18,89,89,0,0.0
22,41,1,5,16,14,111,110,8,0.05
22,42,2,5,19,19,139,140,10,0.0625
22,43,3,5,19,16,151,153,9,0.05625
22,44,4,5,23,19,144,142,7,0.04375
22,45,5,5,20,18,137,136,3,0.01875
22,46,6,5,16,24,110,113,6,0.0375
22,47,7,5,13,18,78,82,3,0.01875
22,48,0,6,19,20,80,80,4,0.025
22,49,1,6,21,19,106,103,9,0.05625
22,50,2,6,18,21,121,118,6,0.0375
22,51,3,6,20,23,132,131,3,0.01875
22,52,4,6,20,19,123,124,3,0.01875
22,53,5,6,22,19,117,122,1,0.00625
22,54,6,6,11,14,87,85,7,0.04375
22,55,7,6,12,13,58,59,4,0.025
22,56,0,7,20,15,53,52,4,0.025
22,57,1,7,27,13,87,92,4,0.025
22,58,2,7,16,20,111,110,4,0.025
22,59,3,7,18,20,108,111,1,0.00625
22,60,4,7,20,15,99,94,7,0.04375
22,61,5,7,20,21,91,91,6,0.0375
22,62,6,7,9,13,61,61,7,0.04375
22,63,7,7,9,20,37,38,4,0.025
23,0,0,0,21,17,52,52,4,0.025
23,1,1,0,21,20,89,86,8,0.05
23,2,2,0,18,24,106,104,7,0.04375
23,3,3,0,16,15,103,101,3,0.01875
23,4,4,0,21,19,99,96,8,0.05
23,5,5,0,12,17,87,87,4,0.025
23,6,6,0,18,22,72,74,5,0.03125
23,7,7,0,19,19,44,46,3,0.01875
23,8,0,1,10,17,70,70,5,0.03125
23,9,1,1,8,22,91,93,7,0.04375
23,10,2,1,24,22,120,117,9,0.05625
23,11,3,1,16,21,124,122,5,0.03125
23,12,4,1,22,17,123,123,7,0.04375
23,13,5,1,21,13,117,115,7,0.04375
23,14,6,1,16,12,97,101,5,0.03125
23,15,7,1,13,23,70,71,3,0.01875
23,16,0,2,15,22,96,97,6,0.0375
23,17,1,2,19,14,123,120,10,0.0625
23,18,2,2,22,13,138,136,8,0.05
23,19,3,2,21,22,148,144,6,0.0375
23,20,4,2,18,19,139,141,1,0.00625
23,21,5,2,23,16,123,119,10,0.0625
23,22,6,2,17,26,106,110,7,0.04375
23,23,7,2,12,16,84,86,4,0.025
23,24,0,3,15,17,92,93,0,0.0
23,25,1,3,18,11,118,116,5,0.03125
23,26,2,3,27,24,147,141,6,0.0375
23,27,3,3,14,19,152,154,2,0.0125
23,28,4,3,17,19,162,163,3,0.01875
23,29,5,3,23,17,151,154,2,0.0125
23,30,6,3,22,15,129,132,7,0.04375
23,31,7,3,19,18,102,100,6,0.0375
23,32,0,4,14,18,100,100,5,0.03125
23,33,1,4,9,14,125,127,7,0.04375
23,34,2,4,27,17,143,147,7,0.04375
23,35,3,4,20,12,165,162,7,0.04375
23,36,4,4,15,22,161,162,4,0.025
23,37,5,4,30,21,160,160,7,0.04375
23,38,6,4,11,9,111,111,9,0.05625
23,39,7,4,13,14,98,99,5,0.03125
23,40,0,5,23,21,97,92,5,0.03125
23,41,1,5,22,22,128,128,9,0.05625
23,42,2,5,20,13,130,136,3,0.01875
23,43,3,5,21,20,149,152,6,0.0375
23,44,4,5,23,13,132,133,6,0.0375
23,45,5,5,19,12,130,127,7,0.04375
23,46,6,5,13,15,108,104,10,0.0625
23,47,7,5,14,19,97,94,4,0.025
23,48,0,6,10,12,61,61,4,0.025
23,49,1,6,14,20,86,86,8,0.05
23,50,2,6,15,17,91,90,8,0.05
23,51,3,6,25,13,126,120,10,0.0625
23,52,4,6,22,13,123,114,12,0.075
23,53,5,6,15,26,115,107,7,0.04375
23,54,6,6,18,20,95,96,9,0.05625
23,55,7,6,13,18,72,73,4,0.025
23,56,0,7,10,25,48,47,5,0.03125
23,57,1,7,13,18,64,61,7,0.04375
23,58,2,7,15,11,68,67,6,0.0375
23,59,3,7,24,18,99,94,5,0.03125
23,60,4,7,24,16,100,101,6,0.0375
23,61,5,7,18,12,78,75,8,0.05
23,62,6,7,15,11,56,56,7,0.04375
23,63,7,7,9,19,41,41,4,0.025
24,0,0,0,22,20,58,61,1,0.00625
24,1,1,0,23,23,87,95,0,0.0
24,2,2,0,16,21,107,111,4,0.025
24,3,3,0,22,25,129,128,3,0.01875
24,4,4,0,20,24,121,128,1,0.00625
24,5,5,0,16,19,118,118,2,0.0125
24,6,6,0,19,20,96,99,3,0.01875
24,7,7,0,12,21,54,56,0,0.0
24,8,0,1,18,25,92,95,2,0.0125
24,9,1,1,16,27,115,119,1,0.00625
24,10,2,1,18,19,147,154,1,0.00625
24,11,3,1,17,28,162,167,0,0.0
24,12,4,1,11,19,147,153,3,0.01875
24,13,5,1,24,21,152,156,3,0.01875
24,14,6,1,18,18,128,128,5,0.03125
24,15,7,1,24,17,86,89,1,0.00625
24,16,0,2,29,19,123,123,7,0.04375
24,17,1,2,22,18,126,132,5,0.03125
24,18,2,2,17,15,164,165,7,0.04375
24,19,3,2,18,31,180,182,5,0.03125
24,20,4,2,25,22,180,176,4,0.025
24,21,5,2,16,22,175,182,2,0.0125
24,22,6,2,21,28,154,161,0,0.0
24,23,7,2,18,24,100,102,1,0.00625
24,24,0,3,17,15,122,121,1,0.00625
24,25,1,3,29,23,143,145,3,0.01875
24,26,2,3,21,24,181,183,5,0.03125
24,27,3,3,17,22,196,195,1,0.00625
24,28,4,3,19,24,187,189,2,0.0125
24,29,5,3,15,18,192,187,7,0.04375
24,30,6,3,21,23,154,160,2,0.0125
24,31,7,3,15,24,108,115,1,0.00625
24,32,0,4,14,20,121,123,2,0.0125
24,33,1,4,26,17,146,148,4,0.025
24,34,2,4,21,23,191,194,5,0.03125
24,35,3,4,17,25,200,203,4,0.025
24,36,4,4,28,20,205,205,3,0.01875
24,37,5,4,14,23,206,203,9,0.05625
24,38,6,4,21,16,160,162,8,0.05
24,39,7,4,26,21,121,124,3,0.01875
24,40,0,5,22,20,117,115,6,0.0375
24,41,1,5,20,14,121,126,2,0.0125
24,42,2,5,19,22,170,168,6,0.0375
24,43,3,5,25,23,196,196,3,0.01875
24,44,4,5,12,20,188,195,1,0.00625
24,45,5,5,27,21,201,203,6,0.0375
24,46,6,5,22,20,147,151,7,0.04375
24,47,7,5,17,16,104,106,3,0.01875
24,48,0,6,14,25,98,95,7,0.04375
24,49,1,6,20,14,106,113,2,0.0125
24,50,2,6,20,26,151,152,6,0.0375
24,51,3,6,16,27,171,178,2,0.0125
24,52,4,6,22,22,166,177,3,0.01875
24,53,5,6,20,29,166,169,5,0.03125
24,54,6,6,20,26,130,131,6,0.0375
24,55,7,6,27,27,101,104,0,0.0
24,56,0,7,18,26,64,68,0,0.0
24,57,1,7,26,16,94,96,4,0.025
24,58,2,7,22,24,120,123,2,0.0125
24,59,3,7,20,25,136,139,3,0.01875
24,60,4,7,13,24,131,138,0,0.0
24,61,5,7,21,30,126,132,2,0.0125
24,62,6,7,20,24,95,101,1,0.00625
24,63,7,7,17,29,65,68,1,0.00625
25,0,0,0,15,17,46,44,2,0.0125
25,1,1,0,19,10,67,65,1,0.00625
25,2,2,0,16,12,86,90,0,0.0
25,3,3,0,30,11,103,102,3,0.01875
25,4,4,0,20,19,101,98,3,0.01875
25,5,5,0,16,14,80,78,4,0.025
25,6,6,0,13,15,75,70,8,0.05
25,7,7,0,20,20,55,55,0,0.0
25,8,0,1,15,18,80,75,7,0.04375
25,9,1,1,23,20,100,95,6,0.0375
25,10,2,1,18,14,114,112,4,0.025
25,11,3,1,18,20,122,124,1,0.00625
25,12,4,1,22,27,139,135,5,0.03125
25,13,5,1,16,28,123,122,4,0.025
25,14,6,1,19,20,105,112,0,0.0
25,15,7,1,16,14,78,77,1,0.00625
25,16,0,2,14,14,97,98,6,0.0375
25,17,1,2,18,15,110,109,5,0.03125
25,18,2,2,23,16,135,136,6,0.0375
25,19,3,2,22,22,144,145,6,0.0375
25,20,4,2,15,18,151,149,7,0.04375
25,21,5,2,20,20,143,142,4,0.025
25,22,6,2,19,22,129,125,4,0.025
25,23,7,2,25,16,97,97,3,0.01875
25,24,0,3,12,17,107,103,4,0.025
25,25,1,3,16,12,112,104,11,0.06875
25,26,2,3,19,27,147,143,7,0.04375
25,27,3,3,24,18,146,148,2,0.0125
25,28,4,3,18,11,149,147,3,0.01875
25,29,5,3,16,12,143,138,11,0.06875
25,30,6,3,20,16,136,131,6,0.0375
25,31,7,3,22,18,99,99,1,0.00625
25,32,0,4,21,27,119,115,6,0.0375
25,33,1,4,18,20,127,125,6,0.0375
25,34,2,4,20,20,138,139,4,0.025
25,35,3,4,21,15,153,149,8,0.05
25,36,4,4,18,21,159,160,3,0.01875
25,37,5,4,19,14,146,153,3,0.01875
25,38,6,4,18,12,130,131,6,0.0375
25,39,7,4,19,26,104,104,3,0.01875
25,40,0,5,19,16,91,94,4,0.025
25,41,1,5,17,17,110,106,8,0.05
25,42,2,5,19,22,128,128,5,0.03125
25,43,3,5,25,15,150,152,4,0.025
25,44,4,5,28,12,150,146,5,0.03125
25,45,5,5,20,26,149,144,10,0.0625
25,46,6,5,18,21,128,124,9,0.05625
25,47,7,5,21,20,91,89,4,0.025
25,48,0,6,23,9,70,71,4,0.025
25,49,1,6,18,12,97,94,4,0.025
25,50,2,6,15,12,102,106,2,0.0125
25,51,3,6,19,14,125,123,3,0.01875
25,52,4,6,21,18,118,113,6,0.0375
25,53,5,6,10,17,114,109,9,0.05625
25,54,6,6,14,15,89,87,9,0.05625
25,55,7,6,13,9,58,54,5,0.03125
25,56,0,7,19,14,40,40,1,0.00625
25,57,1,7,19,17,73,76,1,0.00625
25,58,2,7,13,18,86,87,2,0.0125
25,59,3,7,15,20,100,101,1,0.00625
25,60,4,7,11,17,95,92,2,0.0125
25,61,5,7,15,19,92,95,0,0.0
25,62,6,7,20,19,70,71,1,0.00625
25,63,7,7,13,12,39,39,0,0.0
26,0,0,0,15,21,55,54,3,0.01875
26,1,1,0,19,24,86,87,1,0.00625
26,2,2,0,21,16,98,95,2,0.0125
26,3,3,0,16,20,105,108,2,0.0125
26,4,4,0,22,16,106,108,2,0.0125
26,5,5,0,17,17,99,104,1,0.00625
26,6,6,0,21,20,82,86,4,0.025
26,7,7,0,18,18,51,49,2,0.0125
26,8,0,1,16,19,79,78,7,0.04375
26,9,1,1,20,18,101,99,7,0.04375
26,10,2,1,21,20,114,113,4,0.025
26,11,3,1,12,14,119,116,4,0.025
26,12,4,1,18,18,134,134,4,0.025
26,13,5,1,24,25,139,139,5,0.03125
26,14,6,1,19,18,112,102,10,0.0625
26,15,7,1,28,21,92,85,8,0.05
26,16,0,2,17,14,98,97,5,0.03125
26,17,1,2,7,11,105,102,9,0.05625
26,18,2,2,19,20,133,134,4,0.025
26,19,3,2,18,11,138,139,3,0.01875
26,20,4,2,18,29,149,153,2,0.0125
26,21,5,2,18,17,148,149,3,0.01875
26,22,6,2,16,19,124,121,7,0.04375
26,23,7,2,17,11,96,95,4,0.025
26,24,0,3,11,22,101,101,5,0.03125
26,25,1,3,8,10,108,108,10,0.0625
26,26,2,3,23,18,136,141,5,0.03125
26,27,3,3,27,24,159,155,5,0.03125
26,28,4,3,25,7,152,148,7,0.04375
26,29,5,3,14,18,149,154,6,0.0375
26,30,6,3,11,13,116,117,6,0.0375
26,31,7,3,16,21,101,100,1,0.00625
26,32,0,4,11,21,93,92,8,0.05
26,33,1,4,13,16,109,108,7,0.04375
26,34,2,4,15,18,132,129,7,0.04375
26,35,3,4,19,27,143,145,6,0.0375
26,36,4,4,20,9,146,147,2,0.0125
26,37,5,4,26,20,159,152,10,0.0625
26,38,6,4,23,16,139,136,8,0.05
26,39,7,4,18,14,102,98,5,0.03125
26,40,0,5,9,15,82,80,6,0.0375
26,41,1,5,11,21,103,104,7,0.04375
26,42,2,5,16,17,123,119,10,0.0625
26,43,3,5,21,12,127,125,5,0.03125
26,44,4,5,21,18,139,138,6,0.0375
26,45,5,5,24,19,144,143,10,0.0625
26,46,6,5,18,16,121,121,10,0.0625
26,47,7,5,15,26,86,87,4,0.025
26,48,0,6,26,13,87,86,6,0.0375
26,49,1,6,21,18,113,117,1,0.00625
26,50,2,6,12,18,122,123,3,0.01875
26,51,3,6,18,18,127,130,1,0.00625
26,52,4,6,18,16,115,120,3,0.01875
26,53,5,6,22,20,112,113,9,0.05625
26,54,6,6,9,21,89,91,7,0.04375
26,55,7,6,13,16,61,61,3,0.01875
26,56,0,7,17,25,59,61,0,0.0
26,57,1,7,15,21,80,79,2,0.0125
26,58,2,7,19,11,89,90,2,0.0125
26,59,3,7,18,11,92,93,1,0.00625
26,60,4,7,26,12,96,95,3,0.01875
26,61,5,7,17,11,85,81,2,0.0125
26,62,6,7,16,19,79,74,3,0.01875
26,63,7,7,17,18,46,47,0,0.0
27,0,0,0,17,22,59,62,0,0.0
27,1,1,0,17,18,80,75,7,0.04375
27,2,2,0,19,26,95,90,9,0.05625
27,3,3,0,20,18,98,92,7,0.04375
27,4,4,0,21,18,88,83,8,0.05
27,5,5,0,23,16,87,79,8,0.05
27,6,6,0,20,9,64,58,9,0.05625
27,7,7,0,23,18,50,47,5,0.03125
27,8,0,1,7,24,76,79,4,0.025
27,9,1,1,11,13,81,82,8,0.05
27,10,2,1,18,18,103,99,9,0.05625
27,11,3,1,20,16,115,109,7,0.04375
27,12,4,1,17,20,109,108,7,0.04375
27,13,5,1,16,17,110,107,7,0.04375
27,14,6,1,22,22,96,98,6,0.0375
27,15,7,1,21,12,69,77,1,0.00625
27,16,0,2,12,19,88,89,4,0.025
27,17,1,2,18,9,113,110,11,0.06875
27,18,2,2,10,18,122,121,6,0.0375
27,19,3,2,22,18,139,137,6,0.0375
27,20,4,2,19,21,139,137,5,0.03125
27,21,5,2,20,16,139,138,5,0.03125
27,22,6,2,19,13,118,118,8,0.05
27,23,7,2,22,8,88,88,3,0.01875
27,24,0,3,9,16,91,93,4,0.025
27,25,1,3,16,20,128,130,7,0.04375
27,26,2,3,22,7,131,132,2,0.0125
27,27,3,3,20,17,152,156,0,0.0
27,28,4,3,15,15,145,152,2,0.0125
27,29,5,3,22,19,137,135,6,0.0375
27,30,6,3,13,20,109,105,10,0.0625
27,31,7,3,13,19,86,83,4,0.025
27,32,0,4,10,21,91,97,3,0.01875
27,33,1,4,12,18,119,118,10,0.0625
27,34,2,4,19,16,137,136,7,0.04375
27,35,3,4,19,10,151,154,3,0.01875
27,36,4,4,22,14,167,159,8,0.05
27,37,5,4,15,15,139,141,8,0.05
27,38,6,4,19,18,127,130,7,0.04375
27,39,7,4,19,18,92,94,3,0.01875
27,40,0,5,13,13,81,81,6,0.0375
27,41,1,5,14,14,120,117,9,0.05625
27,42,2,5,24,20,132,135,6,0.0375
27,43,3,5,18,16,148,151,1,0.00625
27,44,4,5,20,17,145,146,5,0.03125
27,45,5,5,21,17,119,121,9,0.05625
27,46,6,5,6,17,101,103,9,0.05625
27,47,7,5,10,18,75,75,4,0.025
27,48,0,6,16,8,64,66,4,0.025
27,49,1,6,12,24,106,100,8,0.05
27,50,2,6,17,12,101,95,7,0.04375
27,51,3,6,18,22,127,121,6,0.0375
27,52,4,6,24,17,127,123,5,0.03125
27,53,5,6,20,14,112,116,5,0.03125
27,54,6,6,16,14,98,97,8,0.05
27,55,7,6,17,15,66,65,5,0.03125
27,56,0,7,24,19,55,51,4,0.025
27,57,1,7,21,23,90,87,6,0.0375
27,58,2,7,25,14,98,96,3,0.01875
27,59,3,7,16,21,104,103,2,0.0125
27,60,4,7,23,13,98,94,7,0.04375
27,61,5,7,22,19,88,85,7,0.04375
27,62,6,7,17,22,75,73,8,0.05
27,63,7,7,15,19,44,43,1,0.00625
28,0,0,0,8,19,35,32,4,0.025
28,1,1,0,11,18,53,51,9,0.05625
28,2,2,0,16,17,77,80,6,0.0375
28,3,3,0,17,14,87,90,5,0.03125
28,4,4,0,14,19,87,90,4,0.025
28,5,5,0,18,17,79,82,5,0.03125
28,6,6,0,18,15,72,72,9,0.05625
28,7,7,0,25,21,53,57,2,0.0125
28,8,0,1,5,9,42,43,4,0.025
28,9,1,1,5,17,72,69,11,0.06875
28,10,2,1,14,23,96,96,9,0.05625
28,11,3,1,21,21,110,112,8,0.05
28,12,4,1,22,19,120,117,10,0.0625
28,13,5,1,22,16,108,109,8,0.05
28,14,6,1,10,22,104,99,11,0.06875
28,15,7,1,21,17,72,67,5,0.03125
28,16,0,2,12,17,72,74,4,0.025
28,17,1,2,11,13,107,110,8,0.05
28,18,2,2,18,14,131,127,9,0.05625
28,19,3,2,24,20,147,142,9,0.05625
28,20,4,2,21,14,144,142,6,0.0375
28,21,5,2,19,11,138,138,3,0.01875
28,22,6,2,16,15,132,129,10,0.0625
28,23,7,2,19,7,79,79,3,0.01875
28,24,0,3,21,20,98,98,2,0.0125
28,25,1,3,24,11,132,136,4,0.025
28,26,2,3,21,17,148,148,1,0.00625
28,27,3,3,17,15,152,150,2,0.0125
28,28,4,3,9,16,150,148,2,0.0125
28,29,5,3,21,16,148,153,3,0.01875
28,30,6,3,15,25,127,129,7,0.04375
28,31,7,3,18,12,90,89,5,0.03125
28,32,0,4,11,13,88,87,3,0.01875
28,33,1,4,9,18,117,120,6,0.0375
28,34,2,4,21,18,138,139,7,0.04375
28,35,3,4,27,13,151,148,7,0.04375
28,36,4,4,24,18,158,160,7,0.04375
28,37,5,4,20,22,153,156,4,0.025
28,38,6,4,17,15,128,126,7,0.04375
28,39,7,4,17,15,103,102,4,0.025
28,40,0,5,14,10,82,82,4,0.025
28,41,1,5,13,13,107,110,7,0.04375
28,42,2,5,22,15,138,135,8,0.05
28,43,3,5,20,13,136,135,4,0.025
28,44,4,5,17,16,142,141,7,0.04375
28,45,5,5,18,12,127,126,10,0.0625
28,46,6,5,12,16,118,113,13,0.08125
28,47,7,5,8,19,90,90,5,0.03125
28,48,0,6,13,16,66,65,5,0.03125
28,49,1,6,5,19,84,84,8,0.05
28,50,2,6,17,17,116,114,10,0.0625
28,51,3,6,22,18,112,113,6,0.0375
28,52,4,6,16,25,121,123,4,0.025
28,53,5,6,19,15,105,103,7,0.04375
28,54,6,6,23,15,105,105,9,0.05625
28,55,7,6,21,21,78,78,5,0.03125
28,56,0,7,16,24,48,48,4,0.025
28,57,1,7,17,22,70,70,5,0.03125
28,58,2,7,23,19,97,100,0,0.0
28,59,3,7,19,17,102,100,3,0.01875
28,60,4,7,19,13,100,104,3,0.01875
28,61,5,7,19,16,89,92,4,0.025
28,62,6,7,14,21,72,71,8,0.05
28,63,7,7,17,16,45,43,3,0.01875
29,0,0,0,16,9,33,33,4,0.025
29,1,1,0,4,11,51,52,7,0.04375
29,2,2,0,14,17,80,80,6,0.0375
29,3,3,0,26,14,97,95,7,0.04375
29,4,4,0,16,16,92,92,3,0.01875
29,5,5,0,22,14,85,83,6,0.0375
29,6,6,0,18,16,75,75,7,0.04375
29,7,7,0,18,14,48,46,4,0.025
29,8,0,1,4,11,54,51,6,0.0375
29,9,1,1,7,20,81,83,9,0.05625
29,10,2,1,14,14,92,93,7,0.04375
29,11,3,1,18,20,113,112,8,0.05
29,12,4,1,14,15,102,107,5,0.03125
29,13,5,1,17,15,106,108,5,0.03125
29,14,6,1,16,15,99,100,11,0.06875
29,15,7,1,17,15,68,71,3,0.01875
29,16,0,2,12,11,70,67,6,0.0375
29,17,1,2,14,22,105,106,7,0.04375
29,18,2,2,21,20,120,119,10,0.0625
29,19,3,2,22,15,139,145,4,0.025
29,20,4,2,25,12,130,129,7,0.04375
29,21,5,2,22,18,127,124,8,0.05
29,22,6,2,14,22,123,120,13,0.08125
29,23,7,2,14,20,85,86,3,0.01875
29,24,0,3,13,18,83,79,6,0.0375
29,25,1,3,16,16,120,117,7,0.04375
29,26,2,3,24,15,145,142,5,0.03125
29,27,3,3,23,20,163,161,4,0.025
29,28,4,3,14,20,138,141,1,0.00625
29,29,5,3,23,14,136,130,7,0.04375
29,30,6,3,13,11,121,124,4,0.025
29,31,7,3,14,23,98,100,3,0.01875
29,32,0,4,10,12,78,77,4,0.025
29,33,1,4,16,21,113,112,6,0.0375
29,34,2,4,20,18,144,144,5,0.03125
29,35,3,4,26,14,154,159,2,0.0125
29,36,4,4,20,18,131,133,5,0.03125
29,37,5,4,13,17,125,124,6,0.0375
29,38,6,4,11,23,123,123,9,0.05625
29,39,7,4,9,16,93,94,5,0.03125
29,40,0,5,12,12,73,73,4,0.025
29,41,1,5,13,16,96,96,7,0.04375
29,42,2,5,15,23,137,142,4,0.025
29,43,3,5,18,14,152,146,9,0.05625
29,44,4,5,17,11,135,139,2,0.0125
29,45,5,5,22,19,123,131,3,0.01875
29,46,6,5,13,18,100,107,6,0.0375
29,47,7,5,7,16,81,80,3,0.01875
29,48,0,6,9,15,54,56,4,0.025
29,49,1,6,12,20,74,75,7,0.04375
29,50,2,6,13,15,104,107,7,0.04375
29,51,3,6,18,18,128,124,10,0.0625
29,52,4,6,21,19,127,126,5,0.03125
29,53,5,6,19,12,114,120,2,0.0125
29,54,6,6,11,11,95,95,7,0.04375
29,55,7,6,17,14,75,75,5,0.03125
29,56,0,7,20,15,48,47,5,0.03125
29,57,1,7,19,18,76,77,5,0.03125
29,58,2,7,16,24,103,101,2,0.0125
29,59,3,7,20,16,109,108,3,0.01875
29,60,4,7,18,18,102,105,1,0.00625
29,61,5,7,22,20,92,92,4,0.025
29,62,6,7,13,20,68,69,8,0.05
29,63,7,7,15,22,51,50,4,0.025
30,0,0,0,22,19,53,55,1,0.00625
30,1,1,0,19,19,94,97,4,0.025
30,2,2,0,15,23,112,115,2,0.0125
30,3,3,0,14,31,137,140,4,0.025
30,4,4,0,21,20,126,129,1,0.00625
30,5,5,0,28,22,121,124,3,0.01875
30,6,6,0,13,29,90,98,1,0.00625
30,7,7,0,15,19,55,57,0,0.0
30,8,0,1,21,18,74,78,1,0.00625
30,9,1,1,23,23,128,131,7,0.04375
30,10,2,1,23,30,150,153,6,0.0375
30,11,3,1,21,25,184,188,4,0.025
30,12,4,1,14,22,152,154,3,0.01875
30,13,5,1,22,24,153,153,4,0.025
30,14,6,1,23,17,130,136,5,0.03125
30,15,7,1,20,23,90,90,1,0.00625
30,16,0,2,20,27,98,103,0,0.0
30,17,1,2,15,17,131,137,1,0.00625
30,18,2,2,21,20,171,181,0,0.0
30,19,3,2,21,23,209,211,3,0.01875
30,20,4,2,18,19,180,183,5,0.03125
30,21,5,2,20,27,168,167,8,0.05
30,22,6,2,19,21,150,157,7,0.04375
30,23,7,2,13,16,96,97,1,0.00625
30,24,0,3,24,21,111,119,0,0.0
30,25,1,3,23,27,159,164,3,0.01875
30,26,2,3,16,20,182,186,2,0.0125
30,27,3,3,23,32,222,224,2,0.0125
30,28,4,3,14,16,193,191,1,0.00625
30,29,5,3,22,25,174,176,6,0.0375
30,30,6,3,18,31,168,166,8,0.05
30,31,7,3,21,18,108,111,1,0.00625
30,32,0,4,24,16,115,115,5,0.03125
30,33,1,4,25,20,166,168,4,0.025
30,34,2,4,20,22,194,197,4,0.025
30,35,3,4,15,25,222,221,1,0.00625
30,36,4,4,29,21,206,207,5,0.03125
30,37,5,4,19,25,176,181,2,0.0125
30,38,6,4,17,29,163,167,4,0.025
30,39,7,4,29,19,119,118,5,0.03125
30,40,0,5,17,14,93,97,2,0.0125
30,41,1,5,21,20,142,138,8,0.05
30,42,2,5,24,15,165,161,9,0.05625
30,43,3,5,15,27,185,190,3,0.01875
30,44,4,5,24,22,187,181,6,0.0375
30,45,5,5,23,24,169,167,6,0.0375
30,46,6,5,24,15,143,148,1,0.00625
30,47,7,5,17,20,103,104,3,0.01875
30,48,0,6,21,25,81,85,0,0.0
30,49,1,6,18,13,111,116,2,0.0125
30,50,2,6,24,23,147,143,10,0.0625
30,51,3,6,17,17,154,161,3,0.01875
30,52,4,6,19,21,154,154,2,0.0125
30,53,5,6,18,21,138,138,2,0.0125
30,54,6,6,13,28,122,128,1,0.00625
30,55,7,6,15,20,80,82,4,0.025
30,56,0,7,22,18,53,55,2,0.0125
30,57,1,7,22,21,92,94,3,0.01875
30,58,2,7,21,15,120,116,5,0.03125
30,59,3,7,17,22,130,134,1,0.00625
30,60,4,7,18,27,134,128,5,0.03125
30,61,5,7,21,20,116,117,3,0.01875
30,62,6,7,25,19,94,95,6,0.0375
30,63,7,7,21,18,52,54,1,0.00625
31,0,0,0,18,17,50,50,1,0.00625
31,1,1,0,15,21,77,74,6,0.0375
31,2,2,0,18,15,95,89,7,0.04375
31,3,3,0,21,25,111,112,3,0.01875
31,4,4,0,23,14,108,108,1,0.00625
31,5,5,0,15,13,94,96,3,0.01875
31,6,6,0,16,26,97,91,6,0.0375
31,7,7,0,26,25,67,65,4,0.025
31,8,0,1,17,20,85,80,8,0.05
31,9,1,1,11,17,90,88,7,0.04375
31,10,2,1,16,19,112,111,7,0.04375
31,11,3,1,23,16,133,129,8,0.05
31,12,4,1,21,14,122,123,3,0.01875
31,13,5,1,23,13,109,110,3,0.01875
31,14,6,1,21,19,118,114,9,0.05625
31,15,7,1,18,17,89,81,10,0.0625
31,16,0,2,22,15,104,102,4,0.025
31,17,1,2,23,16,126,120,7,0.04375
31,18,2,2,19,12,136,130,6,0.0375
31,19,3,2,22,20,153,153,3,0.01875
31,20,4,2,19,18,140,138,7,0.04375
31,21,5,2,15,12,109,109,7,0.04375
31,22,6,2,11,23,103,102,8,0.05
31,23,7,2,14,19,89,83,7,0.04375
31,24,0,3,18,20,105,101,3,0.01875
31,25,1,3,16,15,119,118,3,0.01875
31,26,2,3,20,18,142,141,3,0.01875
31,27,3,3,25,14,157,156,4,0.025
31,28,4,3,15,14,152,152,3,0.01875
31,29,5,3,23,14,134,136,4,0.025
31,30,6,3,23,27,134,133,8,0.05
31,31,7,3,17,13,103,98,4,0.025
31,32,0,4,18,15,100,97,6,0.0375
31,33,1,4,21,13,128,125,7,0.04375
31,34,2,4,25,19,154,150,6,0.0375
31,35,3,4,25,15,155,158,1,0.00625
31,36,4,4,18,21,156,158,2,0.0125
31,37,5,4,27,11,131,127,4,0.025
31,38,6,4,12,11,115,110,9,0.05625
31,39,7,4,16,15,106,107,5,0.03125
31,40,0,5,13,19,75,73,4,0.025
31,41,1,5,12,17,111,112,9,0.05625
31,42,2,5,14,20,127,128,7,0.04375
31,43,3,5,25,14,129,126,6,0.0375
31,44,4,5,23,15,131,133,6,0.0375
31,45,5,5,10,12,110,108,7,0.04375
31,46,6,5,15,20,119,112,8,0.05
31,47,7,5,20,11,100,99,4,0.025
31,48,0,6,17,14,63,59,4,0.025
31,49,1,6,17,15,100,89,13,0.08125
31,50,2,6,18,14,103,106,8,0.05
31,51,3,6,25,19,125,120,8,0.05
31,52,4,6,22,20,132,131,4,0.025
31,53,5,6,26,24,115,111,5,0.03125
31,54,6,6,16,16,94,88,9,0.05625
31,55,7,6,18,15,72,72,4,0.025
31,56,0,7,19,16,49,48,4,0.025
31,57,1,7,15,23,87,83,7,0.04375
31,58,2,7,17,20,92,91,7,0.04375
31,59,3,7,25,18,108,102,6,0.0375
31,60,4,7,22,15,104,107,2,0.0125
31,61,5,7,22,17,86,82,5,0.03125
31,62,6,7,12,19,67,65,9,0.05625
31,63,7,7,19,19,50,48,4,0.025
32,0,0,0,13,16,41,39,4,0.025
32,1,1,0,17,16,63,63,7,0.04375
32,2,2,0,24,16,87,91,3,0.01875
32,3,3,0,21,17,106,103,4,0.025
32,4,4,0,17,23,113,108,4,0.025
32,5,5,0,15,21,97,97,3,0.01875
32,6,6,0,16,15,63,69,1,0.00625
32,7,7,0,18,20,46,49,1,0.00625
32,8,0,1,9,15,58,61,4,0.025
32,9,1,1,12,23,88,90,7,0.04375
32,10,2,1,14,17,103,96,12,0.075
32,11,3,1,22,13,105,105,8,0.05
32,12,4,1,16,12,109,101,9,0.05625
32,13,5,1,14,17,100,94,11,0.06875
32,14,6,1,10,24,80,81,8,0.05
32,15,7,1,17,16,67,72,5,0.03125
32,16,0,2,18,24,90,92,2,0.0125
32,17,1,2,15,12,109,107,9,0.05625
32,18,2,2,17,15,137,140,2,0.0125
32,19,3,2,19,15,134,136,2,0.0125
32,20,4,2,24,18,143,142,5,0.03125
32,21,5,2,23,12,127,126,8,0.05
32,22,6,2,7,18,104,104,8,0.05
32,23,7,2,12,17,88,92,4,0.025
32,24,0,3,23,22,99,103,0,0.0
32,25,1,3,14,20,111,114,1,0.00625
32,26,2,3,13,16,142,142,3,0.01875
32,27,3,3,16,11,134,134,2,0.0125
32,28,4,3,19,17,136,136,1,0.00625
32,29,5,3,30,19,146,145,6,0.0375
32,30,6,3,17,22,126,124,9,0.05625
32,31,7,3,18,17,103,103,5,0.03125
32,32,0,4,13,14,89,90,6,0.0375
32,33,1,4,15,10,102,102,8,0.05
32,34,2,4,15,13,137,139,5,0.03125
32,35,3,4,25,24,150,144,5,0.03125
32,36,4,4,11,13,134,131,6,0.0375
32,37,5,4,20,13,143,143,6,0.0375
32,38,6,4,18,17,126,126,10,0.0625
32,39,7,4,15,13,96,95,4,0.025
32,40,0,5,10,15,85,78,8,0.05
32,41,1,5,13,12,95,93,11,0.06875
32,42,2,5,32,19,146,146,8,0.05
32,43,3,5,15,13,130,136,2,0.0125
32,44,4,5,22,18,138,139,5,0.03125
32,45,5,5,30,17,133,134,6,0.0375
32,46,6,5,7,18,91,90,9,0.05625
32,47,7,5,4,20,75,76,4,0.025
32,48,0,6,12,15,63,62,5,0.03125
32,49,1,6,8,8,74,78,9,0.05625
32,50,2,6,19,17,109,109,7,0.04375
32,51,3,6,26,20,111,118,2,0.0125
32,52,4,6,17,17,113,112,8,0.05
32,53,5,6,19,22,116,115,6,0.0375
32,54,6,6,5,8,73,72,8,0.05
32,55,7,6,10,19,69,67,5,0.03125
32,56,0,7,10,15,42,42,4,0.025
32,57,1,7,19,17,72,72,6,0.0375
32,58,2,7,18,17,92,93,7,0.04375
32,59,3,7,19,14,92,94,5,0.03125
32,60,4,7,17,11,100,99,2,0.0125
32,61,5,7,22,23,105,104,6,0.0375
32,62,6,7,18,12,70,70,8,0.05
32,63,7,7,19,16,51,51,3,0.01875
33,0,0,0,15,10,38,37,4,0.025
33,1,1,0,11,21,66,65,7,0.04375
33,2,2,0,22,18,98,96,5,0.03125
33,3,3,0,22,15,108,110,4,0.025
33,4,4,0,21,16,100,102,5,0.03125
33,5,5,0,24,14,90,85,8,0.05
33,6,6,0,26,11,75,69,8,0.05
33,7,7,0,15,21,50,48,3,0.01875
33,8,0,1,10,16,65,64,4,0.025
33,9,1,1,14,19,87,90,4,0.025
33,10,2,1,14,20,108,118,3,0.01875
33,11,3,1,26,21,130,135,3,0.01875
33,12,4,1,27,15,115,120,4,0.025
33,13,5,1,12,14,82,85,7,0.04375
33,14,6,1,3,18,73,71,11,0.06875
33,15,7,1,5,12,61,62,5,0.03125
33,16,0,2,17,19,92,90,2,0.0125
33,17,1,2,21,16,112,113,8,0.05
33,18,2,2,23,21,150,147,4,0.025
33,19,3,2,21,27,165,160,6,0.0375
33,20,4,2,15,22,149,146,9,0.05625
33,21,5,2,24,21,125,127,7,0.04375
33,22,6,2,16,14,105,103,8,0.05
33,23,7,2,9,16,89,89,4,0.025
33,24,0,3,17,20,113,110,1,0.00625
33,25,1,3,16,13,126,124,1,0.00625
33,26,2,3,19,16,154,157,0,0.0
33,27,3,3,21,22,162,161,4,0.025
33,28,4,3,23,17,155,154,3,0.01875
33,29,5,3,15,16,137,135,6,0.0375
33,30,6,3,18,11,119,119,9,0.05625
33,31,7,3,19,18,108,107,5,0.03125
33,32,0,4,21,17,112,113,5,0.03125
33,33,1,4,19,23,142,140,9,0.05625
33,34,2,4,24,14,161,162,5,0.03125
33,35,3,4,18,24,158,162,2,0.0125
33,36,4,4,17,14,148,146,7,0.04375
33,37,5,4,22,19,143,142,7,0.04375
33,38,6,4,12,23,121,122,8,0.05
33,39,7,4,11,21,100,101,5,0.03125
33,40,0,5,18,17,94,97,8,0.05
33,41,1,5,17,20,124,128,8,0.05
33,42,2,5,21,22,150,150,7,0.04375
33,43,3,5,18,17,149,145,4,0.025
33,44,4,5,21,20,127,128,4,0.025
33,45,5,5,20,13,117,118,4,0.025
33,46,6,5,12,11,106,106,8,0.05
33,47,7,5,11,19,87,87,5,0.03125
33,48,0,6,11,15,79,72,12,0.075
33,49,1,6,15,12,94,95,7,0.04375
33,50,2,6,18,14,120,124,4,0.025
33,51,3,6,18,16,125,124,3,0.01875
33,52,4,6,20,19,109,111,5,0.03125
33,53,5,6,12,18,101,100,8,0.05
33,54,6,6,10,15,89,90,9,0.05625
33,55,7,6,11,11,64,65,4,0.025
33,56,0,7,22,26,64,63,4,0.025
33,57,1,7,27,16,88,89,5,0.03125
33,58,2,7,14,28,106,110,2,0.0125
33,59,3,7,16,13,106,108,2,0.0125
33,60,4,7,23,11,105,106,4,0.025
33,61,5,7,14,17,87,93,1,0.00625
33,62,6,7,13,23,75,78,5,0.03125
33,63,7,7,15,17,49,49,3,0.01875
34,0,0,0,8,18,38,39,4,0.025
34,1,1,0,17,18,66,68,7,0.04375
34,2,2,0,28,16,93,94,6,0.0375
34,3,3,0,19,22,112,111,4,0.025
34,4,4,0,26,17,106,105,5,0.03125
34,5,5,0,22,19,88,90,5,0.03125
34,6,6,0,13,14,62,61,9,0.05625
34,7,7,0,10,16,40,39,4,0.025
34,8,0,1,17,17,72,75,3,0.01875
34,9,1,1,16,17,96,92,6,0.0375
34,10,2,1,17,13,106,101,8,0.05
34,11,3,1,20,18,128,121,10,0.0625
34,12,4,1,17,26,137,133,8,0.05
34,13,5,1,19,17,121,119,10,0.0625
34,14,6,1,15,21,89,92,8,0.05
34,15,7,1,12,22,72,72,4,0.025
34,16,0,2,18,20,87,87,3,0.01875
34,17,1,2,19,18,108,110,7,0.04375
34,18,2,2,15,14,121,122,5,0.03125
34,19,3,2,18,12,138,139,3,0.01875
34,20,4,2,15,20,146,148,9,0.05625
34,21,5,2,24,16,137,132,12,0.075
34,22,6,2,8,17,98,101,7,0.04375
34,23,7,2,10,20,91,92,2,0.0125
34,24,0,3,19,13,95,97,1,0.00625
34,25,1,3,25,23,131,132,2,0.0125
34,26,2,3,19,28,148,146,2,0.0125
34,27,3,3,21,19,158,156,7,0.04375
34,28,4,3,18,15,159,157,5,0.03125
34,29,5,3,23,22,147,149,5,0.03125
34,30,6,3,18,23,122,121,10,0.0625
34,31,7,3,11,20,96,98,4,0.025
34,32,0,4,16,24,100,100,4,0.025
34,33,1,4,16,14,125,125,9,0.05625
34,34,2,4,17,17,141,141,5,0.03125
34,35,3,4,16,16,152,151,3,0.01875
34,36,4,4,23,16,158,161,4,0.025
34,37,5,4,16,12,139,138,5,0.03125
34,38,6,4,15,15,115,117,7,0.04375
34,39,7,4,15,17,99,95,7,0.04375
34,40,0,5,22,10,97,97,7,0.04375
34,41,1,5,17,14,125,126,7,0.04375
34,42,2,5,22,20,133,132,9,0.05625
34,43,3,5,19,16,139,138,4,0.025
34,44,4,5,24,17,149,148,6,0.0375
34,45,5,5,17,18,141,142,3,0.01875
34,46,6,5,14,8,107,108,9,0.05625
34,47,7,5,16,11,86,83,8,0.05
34,48,0,6,13,21,73,78,7,0.04375
34,49,1,6,14,20,95,95,7,0.04375
34,50,2,6,16,15,104,101,7,0.04375
34,51,3,6,21,16,119,117,4,0.025
34,52,4,6,24,17,128,124,10,0.0625
34,53,5,6,22,16,113,114,5,0.03125
34,54,6,6,11,19,91,90,9,0.05625
34,55,7,6,6,13,62,61,6,0.0375
34,56,0,7,13,19,47,49,3,0.01875
34,57,1,7,15,21,74,74,6,0.0375
34,58,2,7,20,16,94,87,8,0.05
34,59,3,7,29,13,105,104,3,0.01875
34,60,4,7,22,15,104,104,4,0.025
34,61,5,7,17,11,94,91,4,0.025
34,62,6,7,19,20,80,79,7,0.04375
34,63,7,7,19,20,51,52,3,0.01875
35,0,0,0,14,20,49,49,4,0.025
35,1,1,0,13,12,67,65,9,0.05625
35,2,2,0,23,18,92,92,6,0.0375
35,3,3,0,22,18,111,110,3,0.01875
35,4,4,0,12,22,110,112,4,0.025
35,5,5,0,27,16,98,99,4,0.025
35,6,6,0,14,17,70,70,7,0.04375
35,7,7,0,13,18,39,42,1,0.00625
35,8,0,1,11,20,71,69,4,0.025
35,9,1,1,14,21,95,91,11,0.06875
35,10,2,1,21,12,99,101,5,0.03125
35,11,3,1,17,16,124,126,8,0.05
35,12,4,1,19,16,128,132,6,0.0375
35,13,5,1,19,16,107,106,9,0.05625
35,14,6,1,11,18,94,89,11,0.06875
35,15,7,1,6,23,57,59,3,0.01875
35,16,0,2,16,16,89,86,5,0.03125
35,17,1,2,16,17,114,110,9,0.05625
35,18,2,2,13,15,107,109,3,0.01875
35,19,3,2,19,17,140,138,6,0.0375
35,20,4,2,24,11,145,148,3,0.01875
35,21,5,2,23,20,130,134,6,0.0375
35,22,6,2,8,16,116,112,10,0.0625
35,23,7,2,13,11,80,78,4,0.025
35,24,0,3,20,19,100,98,2,0.0125
35,25,1,3,18,15,126,126,2,0.0125
35,26,2,3,12,18,131,131,3,0.01875
35,27,3,3,21,16,156,156,5,0.03125
35,28,4,3,19,16,156,158,2,0.0125
35,29,5,3,21,15,140,141,4,0.025
35,30,6,3,11,10,119,119,11,0.06875
35,31,7,3,13,20,96,97,4,0.025
35,32,0,4,21,19,107,108,5,0.03125
35,33,1,4,23,27,142,144,8,0.05
35,34,2,4,15,17,146,146,6,0.0375
35,35,3,4,14,15,155,152,5,0.03125
35,36,4,4,19,18,154,154,6,0.0375
35,37,5,4,16,12,139,138,5,0.03125
35,38,6,4,22,17,132,130,7,0.04375
35,39,7,4,21,15,97,101,4,0.025
35,40,0,5,8,19,84,86,4,0.025
35,41,1,5,17,14,118,115,8,0.05
35,42,2,5,21,15,137,139,6,0.0375
35,43,3,5,24,23,152,156,1,0.00625
35,44,4,5,20,16,148,151,3,0.01875
35,45,5,5,16,16,131,129,4,0.025
35,46,6,5,20,21,120,118,11,0.06875
35,47,7,5,17,15,86,91,3,0.01875
35,48,0,6,18,12,66,71,2,0.0125
35,49,1,6,15,18,95,95,7,0.04375
35,50,2,6,21,22,122,125,5,0.03125
35,51,3,6,19,17,128,128,4,0.025
35,52,4,6,16,18,136,138,5,0.03125
35,53,5,6,25,23,120,120,7,0.04375
35,54,6,6,11,21,93,94,8,0.05
35,55,7,6,13,22,72,74,3,0.01875
35,56,0,7,8,19,36,34,5,0.03125
35,57,1,7,9,13,50,48,6,0.0375
35,58,2,7,14,13,73,77,5,0.03125
35,59,3,7,24,15,96,96,2,0.0125
35,60,4,7,14,24,107,109,2,0.0125
35,61,5,7,15,19,94,96,2,0.0125
35,62,6,7,28,10,81,83,5,0.03125
35,63,7,7,15,16,51,49,4,0.025
36,0,0,0,23,20,63,67,0,0.0
36,1,1,0,22,19,99,101,5,0.03125
36,2,2,0,24,20,122,123,4,0.025
36,3,3,0,24,19,131,133,2,0.0125
36,4,4,0,17,17,117,119,1,0.00625
36,5,5,0,27,29,122,122,4,0.025
36,6,6,0,18,23,93,96,6,0.0375
36,7,7,0,17,18,57,55,3,0.01875
36,8,0,1,18,31,106,110,1,0.00625
36,9,1,1,19,22,133,137,8,0.05
36,10,2,1,21,28,160,160,6,0.0375
36,11,3,1,28,19,167,170,5,0.03125
36,12,4,1,17,30,163,165,1,0.00625
36,13,5,1,22,24,154,163,2,0.0125
36,14,6,1,18,17,119,129,3,0.01875
36,15,7,1,19,21,93,93,2,0.0125
36,16,0,2,29,20,128,132,1,0.00625
36,17,1,2,16,21,155,162,3,0.01875
36,18,2,2,25,20,167,163,8,0.05
36,19,3,2,17,23,187,187,5,0.03125
36,20,4,2,21,31,189,187,7,0.04375
36,21,5,2,17,21,168,171,4,0.025
36,22,6,2,21,25,149,151,8,0.05
36,23,7,2,26,18,122,121,5,0.03125
36,24,0,3,18,23,131,133,0,0.0
36,25,1,3,16,31,170,170,1,0.00625
36,26,2,3,21,18,166,163,4,0.025
36,27,3,3,21,23,196,199,3,0.01875
36,28,4,3,21,14,186,185,3,0.01875
36,29,5,3,14,28,178,180,4,0.025
36,30,6,3,18,20,151,157,5,0.03125
36,31,7,3,24,22,128,128,4,0.025
36,32,0,4,17,29,128,132,1,0.00625
36,33,1,4,17,25,163,165,6,0.0375
36,34,2,4,24,23,172,173,3,0.01875
36,35,3,4,23,14,194,198,2,0.0125
36,36,4,4,18,23,181,180,6,0.0375
36,37,5,4,24,25,187,189,6,0.0375
36,38,6,4,23,17,162,161,9,0.05625
36,39,7,4,21,16,123,125,3,0.01875
36,40,0,5,21,29,119,124,0,0.0
36,41,1,5,16,18,149,149,9,0.05625
36,42,2,5,22,24,178,180,6,0.0375
36,43,3,5,21,17,191,187,6,0.0375
36,44,4,5,21,14,176,173,4,0.025
36,45,5,5,19,17,176,179,1,0.00625
36,46,6,5,18,20,142,147,2,0.0125
36,47,7,5,18,24,107,106,3,0.01875
36,48,0,6,24,19,94,92,3,0.01875
36,49,1,6,18,28,133,129,12,0.075
36,50,2,6,20,23,147,145,6,0.0375
36,51,3,6,24,21,172,173,3,0.01875
36,52,4,6,21,18,153,159,2,0.0125
36,53,5,6,18,30,159,159,4,0.025
36,54,6,6,24,24,127,135,1,0.00625
36,55,7,6,22,24,90,92,1,0.00625
36,56,0,7,26,16,59,63,1,0.00625
36,57,1,7,18,24,99,101,6,0.0375
36,58,2,7,29,20,122,122,6,0.0375
36,59,3,7,19,31,138,138,3,0.01875
36,60,4,7,18,19,127,122,6,0.0375
36,61,5,7,21,24,129,128,4,0.025
36,62,6,7,27,21,99,100,4,0.025
36,63,7,7,19,17,52,56,0,0.0
37,0,0,0,21,23,64,62,2,0.0125
37,1,1,0,17,12,77,79,5,0.03125
37,2,2,0,16,18,98,94,9,0.05625
37,3,3,0,18,14,96,97,1,0.00625
37,4,4,0,19,18,95,94,2,0.0125
37,5,5,0,24,18,97,96,4,0.025
37,6,6,0,16,13,71,70,6,0.0375
37,7,7,0,16,21,54,53,4,0.025
37,8,0,1,18,14,76,73,4,0.025
37,9,1,1,18,18,90,85,10,0.0625
37,10,2,1,20,19,108,107,6,0.0375
37,11,3,1,18,19,116,110,9,0.05625
37,12,4,1,20,20,122,116,9,0.05625
37,13,5,1,16,20,119,110,10,0.0625
37,14,6,1,23,13,92,81,13,0.08125
37,15,7,1,12,21,68,69,1,0.00625
37,16,0,2,18,14,97,100,0,0.0
37,17,1,2,19,15,123,123,4,0.025
37,18,2,2,21,15,145,141,10,0.0625
37,19,3,2,15,20,142,149,1,0.00625
37,20,4,2,28,19,156,154,7,0.04375
37,21,5,2,18,22,132,131,7,0.04375
37,22,6,2,14,22,108,106,9,0.05625
37,23,7,2,12,24,83,84,4,0.025
37,24,0,3,17,23,103,101,2,0.0125
37,25,1,3,21,20,129,128,1,0.00625
37,26,2,3,20,16,146,147,5,0.03125
37,27,3,3,21,19,158,155,8,0.05
37,28,4,3,21,16,165,162,7,0.04375
37,29,5,3,20,17,147,146,4,0.025
37,30,6,3,25,13,131,125,11,0.06875
37,31,7,3,18,13,89,90,2,0.0125
37,32,0,4,18,18,100,100,1,0.00625
37,33,1,4,24,20,128,125,8,0.05
37,34,2,4,19,16,150,147,6,0.0375
37,35,3,4,26,16,154,151,6,0.0375
37,36,4,4,21,16,156,156,6,0.0375
37,37,5,4,21,22,139,140,6,0.0375
37,38,6,4,13,19,121,120,10,0.0625
37,39,7,4,14,15,95,93,4,0.025
37,40,0,5,27,18,100,96,4,0.025
37,41,1,5,21,14,119,122,5,0.03125
37,42,2,5,18,16,139,139,4,0.025
37,43,3,5,20,13,129,130,3,0.01875
37,44,4,5,19,13,128,123,10,0.0625
37,45,5,5,13,17,116,112,7,0.04375
37,46,6,5,16,17,107,103,9,0.05625
37,47,7,5,12,13,85,87,2,0.0125
37,48,0,6,19,15,75,71,7,0.04375
37,49,1,6,21,16,94,96,10,0.0625
37,50,2,6,14,22,119,120,5,0.03125
37,51,3,6,23,27,123,120,5,0.03125
37,52,4,6,14,16,124,119,6,0.0375
37,53,5,6,17,18,114,113,6,0.0375
37,54,6,6,23,15,103,95,9,0.05625
37,55,7,6,21,26,84,76,9,0.05625
37,56,0,7,13,15,41,39,3,0.01875
37,57,1,7,9,13,55,52,8,0.05
37,58,2,7,22,17,83,81,8,0.05
37,59,3,7,20,10,81,81,4,0.025
37,60,4,7,26,18,102,105,4,0.025
37,61,5,7,15,13,88,88,4,0.025
37,62,6,7,18,11,72,68,8,0.05
37,63,7,7,17,16,43,43,1,0.00625
38,0,0,0,25,22,55,56,1,0.00625
38,1,1,0,15,20,74,71,5,0.03125
38,2,2,0,25,23,88,92,5,0.03125
38,3,3,0,24,17,97,94,5,0.03125
38,4,4,0,17,25,95,91,5,0.03125
38,5,5,0,14,15,65,63,7,0.04375
38,6,6,0,8,19,60,59,7,0.04375
38,7,7,0,6,14,38,37,4,0.025
38,8,0,1,17,25,88,81,10,0.0625
38,9,1,1,15,11,97,100,10,0.0625
38,10,2,1,28,17,117,116,8,0.05
38,11,3,1,21,13,111,122,1,0.00625
38,12,4,1,17,15,119,123,5,0.03125
38,13,5,1,14,20,87,91,6,0.0375
38,14,6,1,9,23,79,86,6,0.0375
38,15,7,1,9,22,65,62,4,0.025
38,16,0,2,15,18,99,94,5,0.03125
38,17,1,2,18,19,121,123,1,0.00625
38,18,2,2,14,22,130,135,6,0.0375
38,19,3,2,21,19,142,138,3,0.01875
38,20,4,2,19,17,148,153,5,0.03125
38,21,5,2,15,16,122,126,1,0.00625
38,22,6,2,14,23,117,119,6,0.0375
38,23,7,2,11,13,82,80,6,0.0375
38,24,0,3,22,11,107,103,6,0.0375
38,25,1,3,18,19,136,130,9,0.05625
38,26,2,3,21,10,138,139,2,0.0125
38,27,3,3,11,18,133,138,2,0.0125
38,28,4,3,14,18,157,160,3,0.01875
38,29,5,3,20,14,137,134,6,0.0375
38,30,6,3,20,10,122,125,7,0.04375
38,31,7,3,22,20,104,101,5,0.03125
38,32,0,4,16,17,102,99,3,0.01875
38,33,1,4,15,14,122,123,8,0.05
38,34,2,4,18,15,135,138,2,0.0125
38,35,3,4,18,13,142,140,6,0.0375
38,36,4,4,21,15,162,165,1,0.00625
38,37,5,4,26,12,145,144,6,0.0375
38,38,6,4,12,20,128,131,5,0.03125
38,39,7,4,18,13,95,92,7,0.04375
38,40,0,5,18,16,104,103,5,0.03125
38,41,1,5,15,24,122,120,8,0.05
38,42,2,5,18,15,119,118,6,0.0375
38,43,3,5,24,16,137,133,8,0.05
38,44,4,5,19,22,140,143,6,0.0375
38,45,5,5,20,15,118,117,8,0.05
38,46,6,5,2,19,104,104,8,0.05
38,47,7,5,14,15,91,83,10,0.0625
38,48,0,6,22,19,87,89,5,0.03125
38,49,1,6,20,11,98,104,4,0.025
38,50,2,6,20,21,119,117,7,0.04375
38,51,3,6,24,22,127,129,3,0.01875
38,52,4,6,16,21,124,124,6,0.0375
38,53,5,6,22,13,115,113,10,0.0625
38,54,6,6,13,17,98,97,9,0.05625
38,55,7,6,17,16,69,70,9,0.05625
38,56,0,7,11,21,50,46,6,0.0375
38,57,1,7,16,19,70,71,8,0.05
38,58,2,7,30,17,93,97,4,0.025
38,59,3,7,17,20,108,107,2,0.0125
38,60,4,7,28,20,114,114,4,0.025
38,61,5,7,21,12,88,84,6,0.0375
38,62,6,7,15,17,58,57,7,0.04375
38,63,7,7,12,12,32,29,4,0.025
39,0,0,0,18,21,60,56,4,0.025
39,1,1,0,18,17,81,81,8,0.05
39,2,2,0,10,19,93,92,6,0.0375
39,3,3,0,21,22,107,107,4,0.025
39,4,4,0,22,18,100,99,7,0.04375
39,5,5,0,25,11,79,77,9,0.05625
39,6,6,0,7,9,47,49,6,0.0375
39,7,7,0,10,20,42,42,5,0.03125
39,8,0,1,11,22,79,84,4,0.025
39,9,1,1,12,15,91,93,8,0.05
39,10,2,1,22,13,102,104,7,0.04375
39,11,3,1,24,19,115,108,5,0.03125
39,12,4,1,18,21,121,117,10,0.0625
39,13,5,1,12,16,95,88,13,0.08125
39,14,6,1,2,19,69,69,7,0.04375
39,15,7,1,11,16,71,67,8,0.05
39,16,0,2,26,20,115,116,2,0.0125
39,17,1,2,13,16,128,122,6,0.0375
39,18,2,2,18,26,136,136,6,0.0375
39,19,3,2,19,16,128,128,3,0.01875
39,20,4,2,20,11,143,141,5,0.03125
39,21,5,2,20,24,135,130,6,0.0375
39,22,6,2,20,18,104,105,8,0.05
39,23,7,2,17,11,83,83,5,0.03125
39,24,0,3,17,20,109,112,3,0.01875
39,25,1,3,18,14,132,131,7,0.04375
39,26,2,3,22,10,145,144,4,0.025
39,27,3,3,20,10,148,146,4,0.025
39,28,4,3,18,16,163,159,7,0.04375
39,29,5,3,20,17,146,147,5,0.03125
39,30,6,3,21,16,117,118,6,0.0375
39,31,7,3,17,10,99,97,7,0.04375
39,32,0,4,12,13,97,99,1,0.00625
39,33,1,4,13,16,123,125,7,0.04375
39,34,2,4,17,21,146,144,6,0.0375
39,35,3,4,22,15,140,144,3,0.01875
39,36,4,4,23,16,164,162,4,0.025
39,37,5,4,23,8,145,145,7,0.04375
39,38,6,4,13,16,112,112,7,0.04375
39,39,7,4,11,16,97,99,5,0.03125
39,40,0,5,18,19,95,95,5,0.03125
39,41,1,5,19,18,125,123,9,0.05625
39,42,2,5,18,12,144,142,9,0.05625
39,43,3,5,22,9,135,136,6,0.0375
39,44,4,5,23,15,149,155,0,0.0
39,45,5,5,22,17,128,130,6,0.0375
39,46,6,5,12,18,92,91,10,0.0625
39,47,7,5,5,25,79,83,6,0.0375
39,48,0,6,22,19,81,76,11,0.06875
39,49,1,6,13,15,88,82,10,0.0625
39,50,2,6,13,16,105,104,7,0.04375
39,51,3,6,18,19,116,115,4,0.025
39,52,4,6,25,26,126,124,8,0.05
39,53,5,6,21,21,95,96,8,0.05
39,54,6,6,4,12,66,67,8,0.05
39,55,7,6,4,17,55,59,5,0.03125
39,56,0,7,14,17,49,51,5,0.03125
39,57,1,7,16,20,68,69,5,0.03125
39,58,2,7,24,17,91,89,4,0.025
39,59,3,7,20,13,102,102,4,0.025
39,60,4,7,21,16,108,107,4,0.025
39,61,5,7,13,16,91,93,5,0.03125
39,62,6,7,19,16,75,76,7,0.04375
39,63,7,7,15,12,42,42,3,0.01875
40,0,0,0,13,15,42,44,2,0.0125
40,1,1,0,13,20,75,75,8,0.05
40,2,2,0,23,21,95,97,4,0.025
40,3,3,0,22,15,100,103,2,0.0125
40,4,4,0,24,20,103,109,1,0.00625
40,5,5,0,19,17,90,97,2,0.0125
40,6,6,0,15,12,62,60,7,0.04375
40,7,7,0,8,17,37,37,3,0.01875
40,8,0,1,13,24,74,76,3,0.01875
40,9,1,1,16,21,101,104,4,0.025
40,10,2,1,21,18,120,119,6,0.0375
40,11,3,1,22,22,129,131,4,0.025
40,12,4,1,19,14,128,129,7,0.04375
40,13,5,1,22,22,115,120,8,0.05
40,14,6,1,9,12,74,71,9,0.05625
40,15,7,1,5,7,48,50,7,0.04375
40,16,0,2,21,20,100,101,3,0.01875
40,17,1,2,18,18,131,132,6,0.0375
40,18,2,2,15,25,144,148,3,0.01875
40,19,3,2,17,24,148,146,4,0.025
40,20,4,2,24,21,147,152,2,0.0125
40,21,5,2,18,18,142,142,6,0.0375
40,22,6,2,19,19,107,108,6,0.0375
40,23,7,2,14,23,85,84,7,0.04375
40,24,0,3,19,15,107,105,5,0.03125
40,25,1,3,22,22,142,146,6,0.0375
40,26,2,3,25,15,155,151,7,0.04375
40,27,3,3,20,14,156,156,4,0.025
40,28,4,3,23,20,159,163,4,0.025
40,29,5,3,21,12,150,146,8,0.05
40,30,6,3,18,12,105,104,7,0.04375
40,31,7,3,13,17,87,90,3,0.01875
40,32,0,4,18,16,106,100,8,0.05
40,33,1,4,17,16,129,125,10,0.0625
40,34,2,4,18,15,128,129,4,0.025
40,35,3,4,21,15,161,155,7,0.04375
40,36,4,4,18,22,165,166,2,0.0125
40,37,5,4,24,22,149,148,7,0.04375
40,38,6,4,15,20,108,108,7,0.04375
40,39,7,4,10,25,88,90,3,0.01875
40,40,0,5,17,20,102,98,9,0.05625
40,41,1,5,16,18,119,121,7,0.04375
40,42,2,5,15,9,124,126,5,0.03125
40,43,3,5,24,15,153,154,6,0.0375
40,44,4,5,13,20,153,150,4,0.025
40,45,5,5,23,13,128,124,7,0.04375
40,46,6,5,11,17,93,96,8,0.05
40,47,7,5,15,19,79,83,1,0.00625
40,48,0,6,9,24,73,77,7,0.04375
40,49,1,6,18,17,99,101,7,0.04375
40,50,2,6,23,25,123,123,8,0.05
40,51,3,6,30,19,134,138,1,0.00625
40,52,4,6,25,16,130,131,6,0.0375
40,53,5,6,13,14,105,107,7,0.04375
40,54,6,6,7,18,85,84,9,0.05625
40,55,7,6,9,23,67,68,4,0.025
40,56,0,7,14,15,44,44,5,0.03125
40,57,1,7,18,25,80,78,8,0.05
40,58,2,7,19,15,87,89,3,0.01875
40,59,3,7,16,18,95,94,5,0.03125
40,60,4,7,22,20,109,108,5,0.03125
40,61,5,7,21,13,89,90,5,0.03125
40,62,6,7,11,12,59,59,7,0.04375
40,63,7,7,12,14,38,37,5,0.03125
41,0,0,0,20,18,61,60,3,0.01875
41,1,1,0,24,14,85,85,6,0.0375
41,2,2,0,19,19,106,105,5,0.03125
41,3,3,0,22,14,111,108,5,0.03125
41,4,4,0,20,13,102,104,0,0.0
41,5,5,0,12,18,92,90,4,0.025
41,6,6,0,22,15,80,83,5,0.03125
41,7,7,0,18,16,46,45,5,0.03125
41,8,0,1,10,20,76,71,8,0.05
41,9,1,1,10,15,94,89,8,0.05
41,10,2,1,15,20,113,112,7,0.04375
41,11,3,1,16,24,117,120,2,0.0125
41,12,4,1,18,14,99,102,5,0.03125
41,13,5,1,15,17,84,85,7,0.04375
41,14,6,1,9,14,79,76,13,0.08125
41,15,7,1,7,14,52,52,6,0.0375
41,16,0,2,14,16,83,80,6,0.0375
41,17,1,2,14,20,111,114,3,0.01875
41,18,2,2,19,13,129,127,3,0.01875
41,19,3,2,22,15,139,142,1,0.00625
41,20,4,2,16,18,137,136,2,0.0125
41,21,5,2,16,17,123,126,3,0.01875
41,22,6,2,26,14,118,116,7,0.04375
41,23,7,2,20,9,79,81,4,0.025
41,24,0,3,11,25,92,92,5,0.03125
41,25,1,3,13,17,113,109,9,0.05625
41,26,2,3,13,17,129,128,8,0.05
41,27,3,3,19,20,151,153,2,0.0125
41,28,4,3,22,17,145,144,4,0.025
41,29,5,3,28,23,140,143,7,0.04375
41,30,6,3,15,25,125,124,10,0.0625
41,31,7,3,13,9,83,82,5,0.03125
41,32,0,4,10,14,90,93,5,0.03125
41,33,1,4,17,19,112,113,8,0.05
41,34,2,4,22,25,145,145,5,0.03125
41,35,3,4,17,21,154,161,1,0.00625
41,36,4,4,17,20,152,155,1,0.00625
41,37,5,4,20,17,128,132,2,0.0125
41,38,6,4,15,15,130,128,8,0.05
41,39,7,4,19,20,92,90,6,0.0375
41,40,0,5,14,22,99,101,7,0.04375
41,41,1,5,24,11,111,110,8,0.05
41,42,2,5,22,17,138,136,8,0.05
41,43,3,5,19,17,144,148,3,0.01875
41,44,4,5,10,20,144,143,2,0.0125
41,45,5,5,25,18,111,115,5,0.03125
41,46,6,5,14,17,120,117,10,0.0625
41,47,7,5,11,15,76,73,4,0.025
41,48,0,6,14,23,81,83,4,0.025
41,49,1,6,11,21,97,97,6,0.0375
41,50,2,6,26,21,131,129,9,0.05625
41,51,3,6,16,15,121,118,3,0.01875
41,52,4,6,22,16,125,129,3,0.01875
41,53,5,6,27,12,103,103,7,0.04375
41,54,6,6,10,25,100,97,12,0.075
41,55,7,6,7,15,55,54,4,0.025
41,56,0,7,18,24,55,56,4,0.025
41,57,1,7,23,19,75,76,8,0.05
41,58,2,7,18,20,100,99,4,0.025
41,59,3,7,22,18,104,103,5,0.03125
41,60,4,7,20,20,110,112,3,0.01875
41,61,5,7,14,17,100,102,1,0.00625
41,62,6,7,21,18,81,83,5,0.03125
41,63,7,7,15,13,40,40,5,0.03125
42,0,0,0,15,13,39,43,0,0.0
42,1,1,0,18,27,85,92,0,0.0
42,2,2,0,20,27,107,107,3,0.01875
42,3,3,0,16,21,118,120,2,0.0125
42,4,4,0,21,17,121,119,1,0.00625
42,5,5,0,17,19,108,106,6,0.0375
42,6,6,0,23,23,93,89,9,0.05625
42,7,7,0,16,22,50,55,0,0.0
42,8,0,1,31,13,79,88,0,0.0
42,9,1,1,13,24,139,143,4,0.025
42,10,2,1,22,24,169,175,2,0.0125
42,11,3,1,15,17,169,168,2,0.0125
42,12,4,1,15,22,171,173,3,0.01875
42,13,5,1,27,21,155,153,10,0.0625
42,14,6,1,26,22,127,127,11,0.06875
42,15,7,1,21,22,82,84,3,0.01875
42,16,0,2,15,24,95,99,1,0.00625
42,17,1,2,19,12,135,129,8,0.05
42,18,2,2,19,18,159,155,7,0.04375
42,19,3,2,19,29,161,158,3,0.01875
42,20,4,2,20,27,172,172,3,0.01875
42,21,5,2,25,20,171,166,8,0.05
42,22,6,2,15,20,148,149,6,0.0375
42,23,7,2,29,17,108,112,2,0.0125
42,24,0,3,19,27,115,116,4,0.025
42,25,1,3,30,21,162,162,7,0.04375
42,26,2,3,16,19,182,187,5,0.03125
42,27,3,3,21,19,183,182,3,0.01875
42,28,4,3,13,24,197,199,3,0.01875
42,29,5,3,19,29,188,191,5,0.03125
42,30,6,3,18,26,169,177,1,0.00625
42,31,7,3,27,16,124,125,3,0.01875
42,32,0,4,18,15,109,112,2,0.0125
42,33,1,4,21,16,151,158,3,0.01875
42,34,2,4,20,29,186,186,5,0.03125
42,35,3,4,19,20,169,166,6,0.0375
42,36,4,4,18,26,196,194,1,0.00625
42,37,5,4,15,15,172,171,3,0.01875
42,38,6,4,17,30,163,165,8,0.05
42,39,7,4,22,21,122,122,4,0.025
42,40,0,5,18,23,98,104,1,0.00625
42,41,1,5,13,29,147,154,2,0.0125
42,42,2,5,19,23,171,176,3,0.01875
42,43,3,5,22,18,163,164,1,0.00625
42,44,4,5,22,19,179,181,3,0.01875
42,45,5,5,14,25,171,170,6,0.0375
42,46,6,5,24,14,145,155,1,0.00625
42,47,7,5,21,18,112,110,5,0.03125
42,48,0,6,14,21,74,78,0,0.0
42,49,1,6,28,18,122,121,8,0.05
42,50,2,6,17,25,151,153,8,0.05
42,51,3,6,16,18,146,148,2,0.0125
42,52,4,6,27,28,172,171,3,0.01875
42,53,5,6,22,23,160,161,5,0.03125
42,54,6,6,23,21,131,137,7,0.04375
42,55,7,6,23,20,102,103,4,0.025
42,56,0,7,19,15,48,52,0,0.0
42,57,1,7,16,21,84,91,0,0.0
42,58,2,7,21,24,118,120,1,0.00625
42,59,3,7,18,13,114,118,2,0.0125
42,60,4,7,23,23,129,127,6,0.0375
42,61,5,7,27,22,121,121,2,0.0125
42,62,6,7,18,27,91,96,0,0.0
42,63,7,7,15,29,63,68,0,0.0
43,0,0,0,14,20,46,42,4,0.025
43,1,1,0,9,16,63,57,7,0.04375
43,2,2,0,13,16,77,73,8,0.05
43,3,3,0,23,22,93,90,7,0.04375
43,4,4,0,19,18,91,87,6,0.0375
43,5,5,0,15,18,84,87,3,0.01875
43,6,6,0,26,21,78,84,2,0.0125
43,7,7,0,16,24,51,50,0,0.0
43,8,0,1,19,19,73,72,1,0.00625
43,9,1,1,13,21,98,95,6,0.0375
43,10,2,1,18,16,103,100,5,0.03125
43,11,3,1,13,12,114,112,4,0.025
43,12,4,1,18,16,118,115,5,0.03125
43,13,5,1,24,19,117,120,6,0.0375
43,14,6,1,17,18,105,105,13,0.08125
43,15,7,1,18,17,73,73,4,0.025
43,16,0,2,10,12,81,77,5,0.03125
43,17,1,2,13,17,113,116,6,0.0375
43,18,2,2,21,17,120,119,10,0.0625
43,19,3,2,24,20,143,146,3,0.01875
43,20,4,2,16,13,135,139,0,0.0
43,21,5,2,27,18,142,145,4,0.025
43,22,6,2,19,18,130,129,8,0.05
43,23,7,2,16,22,100,96,6,0.0375
43,24,0,3,25,18,104,106,1,0.00625
43,25,1,3,21,15,143,145,5,0.03125
43,26,2,3,16,16,143,141,5,0.03125
43,27,3,3,16,19,164,163,4,0.025
43,28,4,3,23,17,155,154,1,0.00625
43,29,5,3,15,18,138,135,7,0.04375
43,30,6,3,18,11,125,122,4,0.025
43,31,7,3,23,22,114,115,2,0.0125
43,32,0,4,19,18,104,104,1,0.00625
43,33,1,4,20,22,142,135,9,0.05625
43,34,2,4,23,9,140,137,7,0.04375
43,35,3,4,16,20,151,153,3,0.01875
43,36,4,4,21,20,153,150,7,0.04375
43,37,5,4,19,21,143,144,3,0.01875
43,38,6,4,18,12,139,136,9,0.05625
43,39,7,4,17,14,112,110,8,0.05
43,40,0,5,16,17,95,95,1,0.00625
43,41,1,5,19,22,123,115,9,0.05625
43,42,2,5,19,16,138,135,7,0.04375
43,43,3,5,20,19,142,140,4,0.025
43,44,4,5,19,13,140,137,5,0.03125
43,45,5,5,26,10,129,131,5,0.03125
43,46,6,5,14,17,128,121,7,0.04375
43,47,7,5,19,15,95,91,10,0.0625
43,48,0,6,18,22,88,85,2,0.0125
43,49,1,6,18,20,107,104,12,0.075
43,50,2,6,21,11,118,117,7,0.04375
43,51,3,6,24,13,128,128,1,0.00625
43,52,4,6,17,14,122,123,2,0.0125
43,53,5,6,20,5,102,104,4,0.025
43,54,6,6,13,27,92,90,8,0.05
43,55,7,6,9,16,63,60,7,0.04375
43,56,0,7,18,22,60,57,1,0.00625
43,57,1,7,27,15,86,86,1,0.00625
43,58,2,7,19,18,104,104,2,0.0125
43,59,3,7,20,16,104,105,1,0.00625
43,60,4,7,19,19,101,101,5,0.03125
43,61,5,7,22,23,95,91,6,0.0375
43,62,6,7,18,14,70,63,7,0.04375
43,63,7,7,22,14,51,45,6,0.0375
44,0,0,0,8,13,40,38,4,0.025
44,1,1,0,2,30,69,68,7,0.04375
44,2,2,0,18,16,73,77,5,0.03125
44,3,3,0,17,21,94,95,5,0.03125
44,4,4,0,20,15,94,95,5,0.03125
44,5,5,0,17,16,86,88,1,0.00625
44,6,6,0,17,14,80,79,2,0.0125
44,7,7,0,24,20,55,57,0,0.0
44,8,0,1,18,16,74,69,6,0.0375
44,9,1,1,14,8,96,97,8,0.05
44,10,2,1,25,22,119,116,7,0.04375
44,11,3,1,23,19,130,127,9,0.05625
44,12,4,1,17,18,123,125,5,0.03125
44,13,5,1,20,13,102,99,8,0.05
44,14,6,1,11,15,89,89,13,0.08125
44,15,7,1,14,21,70,70,4,0.025
44,16,0,2,17,14,81,81,4,0.025
44,17,1,2,12,19,113,108,10,0.0625
44,18,2,2,30,17,125,127,7,0.04375
44,19,3,2,15,11,140,137,6,0.0375
44,20,4,2,21,16,150,146,2,0.0125
44,21,5,2,22,17,124,128,2,0.0125
44,22,6,2,20,16,117,117,7,0.04375
44,23,7,2,13,19,83,83,5,0.03125
44,24,0,3,21,14,88,88,3,0.01875
44,25,1,3,14,15,116,115,7,0.04375
44,26,2,3,22,19,130,129,6,0.0375
44,27,3,3,23,15,152,154,1,0.00625
44,28,4,3,18,14,151,151,4,0.025
44,29,5,3,18,11,127,130,3,0.01875
44,30,6,3,16,23,135,133,6,0.0375
44,31,7,3,21,16,98,98,3,0.01875
44,32,0,4,21,21,95,92,3,0.01875
44,33,1,4,26,11,127,128,7,0.04375
44,34,2,4,24,18,145,145,8,0.05
44,35,3,4,22,19,149,147,4,0.025
44,36,4,4,18,18,137,141,3,0.01875
44,37,5,4,16,15,118,114,6,0.0375
44,38,6,4,14,19,113,116,7,0.04375
44,39,7,4,3,14,87,89,5,0.03125
44,40,0,5,7,16,77,74,4,0.025
44,41,1,5,5,16,107,108,10,0.0625
44,42,2,5,11,16,120,116,8,0.05
44,43,3,5,21,14,121,121,5,0.03125
44,44,4,5,17,12,139,134,9,0.05625
44,45,5,5,21,21,134,135,4,0.025
44,46,6,5,20,16,126,120,12,0.075
44,47,7,5,19,15,89,96,4,0.025
44,48,0,6,14,19,65,65,3,0.01875
44,49,1,6,11,21,97,99,8,0.05
44,50,2,6,23,18,122,123,7,0.04375
44,51,3,6,23,17,119,114,6,0.0375
44,52,4,6,22,20,128,122,9,0.05625
44,53,5,6,16,14,107,100,8,0.05
44,54,6,6,11,15,88,89,8,0.05
44,55,7,6,8,21,67,67,6,0.0375
44,56,0,7,21,21,53,52,4,0.025
44,57,1,7,19,22,85,79,7,0.04375
44,58,2,7,17,17,96,96,2,0.0125
44,59,3,7,26,11,105,105,1,0.00625
44,60,4,7,17,24,108,109,2,0.0125
44,61,5,7,22,13,94,98,3,0.01875
44,62,6,7,19,19,82,81,9,0.05625
44,63,7,7,17,22,55,56,5,0.03125
45,0,0,0,2,13,31,32,4,0.025
45,1,1,0,12,16,63,62,9,0.05625
45,2,2,0,20,14,82,83,4,0.025
45,3,3,0,22,11,90,91,3,0.01875
45,4,4,0,17,15,90,92,2,0.0125
45,5,5,0,20,10,84,83,2,0.0125
45,6,6,0,24,15,77,75,5,0.03125
45,7,7,0,19,16,49,46,3,0.01875
45,8,0,1,9,18,67,67,4,0.025
45,9,1,1,5,15,81,81,6,0.0375
45,10,2,1,15,21,105,106,6,0.0375
45,11,3,1,19,7,94,97,5,0.03125
45,12,4,1,19,11,102,102,4,0.025
45,13,5,1,19,15,101,107,4,0.025
45,14,6,1,15,21,101,102,11,0.06875
45,15,7,1,10,16,63,60,7,0.04375
45,16,0,2,16,17,90,91,4,0.025
45,17,1,2,16,19,112,117,6,0.0375
45,18,2,2,24,17,149,148,6,0.0375
45,19,3,2,14,20,136,134,7,0.04375
45,20,4,2,16,23,148,144,6,0.0375
45,21,5,2,17,15,127,123,5,0.03125
45,22,6,2,19,23,137,140,6,0.0375
45,23,7,2,19,14,90,88,7,0.04375
45,24,0,3,10,21,95,94,4,0.025
45,25,1,3,14,16,120,120,8,0.05
45,26,2,3,21,18,143,144,7,0.04375
45,27,3,3,20,21,152,153,2,0.0125
45,28,4,3,19,17,152,150,3,0.01875
45,29,5,3,25,14,141,139,7,0.04375
45,30,6,3,16,16,135,131,9,0.05625
45,31,7,3,17,24,102,100,6,0.0375
45,32,0,4,23,17,101,101,5,0.03125
45,33,1,4,13,18,137,139,6,0.0375
45,34,2,4,21,14,152,152,6,0.0375
45,35,3,4,28,18,162,158,8,0.05
45,36,4,4,18,21,152,150,4,0.025
45,37,5,4,9,19,138,145,0,0.0
45,38,6,4,22,16,141,141,6,0.0375
45,39,7,4,16,17,104,100,8,0.05
45,40,0,5,7,16,73,73,4,0.025
45,41,1,5,4,17,103,102,10,0.0625
45,42,2,5,20,17,127,129,9,0.05625
45,43,3,5,19,18,133,132,3,0.01875
45,44,4,5,31,16,136,145,2,0.0125
45,45,5,5,13,13,134,132,6,0.0375
45,46,6,5,21,18,130,137,7,0.04375
45,47,7,5,18,18,95,94,4,0.025
45,48,0,6,17,20,64,63,5,0.03125
45,49,1,6,25,21,107,108,6,0.0375
45,50,2,6,17,15,127,130,5,0.03125
45,51,3,6,15,12,123,124,5,0.03125
45,52,4,6,10,17,112,116,5,0.03125
45,53,5,6,22,22,110,116,4,0.025
45,54,6,6,8,13,93,94,6,0.0375
45,55,7,6,18,14,67,71,2,0.0125
45,56,0,7,13,13,32,36,0,0.0
45,57,1,7,19,18,78,75,8,0.05
45,58,2,7,16,31,110,108,4,0.025
45,59,3,7,15,18,102,100,4,0.025
45,60,4,7,24,16,104,104,4,0.025
45,61,5,7,17,11,98,99,1,0.00625
45,62,6,7,18,25,88,90,7,0.04375
45,63,7,7,17,18,47,48,4,0.025
46,0,0,0,13,16,41,42,4,0.025
46,1,1,0,19,19,68,69,7,0.04375
46,2,2,0,24,11,90,85,9,0.05625
46,3,3,0,14,23,109,109,5,0.03125
46,4,4,0,15,20,104,99,7,0.04375
46,5,5,0,24,18,101,97,7,0.04375
46,6,6,0,22,14,68,68,6,0.0375
46,7,7,0,18,24,56,55,4,0.025
46,8,0,1,9,17,57,59,4,0.025
46,9,1,1,11,16,82,83,6,0.0375
46,10,2,1,20,17,106,107,7,0.04375
46,11,3,1,22,18,139,137,7,0.04375
46,12,4,1,20,20,135,130,10,0.0625
46,13,5,1,24,13,117,113,8,0.05
46,14,6,1,11,16,89,91,7,0.04375
46,15,7,1,20,18,81,86,3,0.01875
46,16,0,2,7,16,68,68,4,0.025
46,17,1,2,12,11,88,87,8,0.05
46,18,2,2,19,13,109,106,11,0.06875
46,19,3,2,22,17,141,147,3,0.01875
46,20,4,2,20,13,144,143,6,0.0375
46,21,5,2,22,14,127,123,8,0.05
46,22,6,2,16,21,113,110,8,0.05
46,23,7,2,15,19,87,91,3,0.01875
46,24,0,3,17,20,98,95,7,0.04375
46,25,1,3,14,26,126,126,7,0.04375
46,26,2,3,17,18,141,140,7,0.04375
46,27,3,3,18,17,159,158,1,0.00625
46,28,4,3,20,18,158,160,3,0.01875
46,29,5,3,22,15,137,137,6,0.0375
46,30,6,3,11,20,116,118,9,0.05625
46,31,7,3,12,8,85,85,5,0.03125
46,32,0,4,17,12,98,97,4,0.025
46,33,1,4,22,19,125,127,5,0.03125
46,34,2,4,17,22,153,160,1,0.00625
46,35,3,4,15,20,160,162,7,0.04375
46,36,4,4,18,13,138,140,3,0.01875
46,37,5,4,15,23,141,139,2,0.0125
46,38,6,4,18,12,129,127,9,0.05625
46,39,7,4,12,17,90,94,5,0.03125
46,40,0,5,10,19,83,81,7,0.04375
46,41,1,5,10,15,109,109,10,0.0625
46,42,2,5,28,17,138,137,9,0.05625
46,43,3,5,26,16,152,150,6,0.0375
46,44,4,5,23,15,135,132,4,0.025
46,45,5,5,16,13,128,126,8,0.05
46,46,6,5,14,16,117,118,6,0.0375
46,47,7,5,13,16,94,91,8,0.05
46,48,0,6,14,14,66,65,6,0.0375
46,49,1,6,10,20,95,96,8,0.05
46,50,2,6,15,20,116,118,3,0.01875
46,51,3,6,22,13,133,134,5,0.03125
46,52,4,6,27,17,123,122,5,0.03125
46,53,5,6,25,18,119,118,3,0.01875
46,54,6,6,15,18,96,96,6,0.0375
46,55,7,6,11,24,79,77,5,0.03125
46,56,0,7,20,21,50,49,0,0.0
46,57,1,7,20,16,75,82,2,0.0125
46,58,2,7,23,18,103,101,6,0.0375
46,59,3,7,17,18,107,105,5,0.03125
46,60,4,7,18,16,92,93,3,0.01875
46,61,5,7,18,20,89,84,5,0.03125
46,62,6,7,17,17,70,70,7,0.04375
46,63,7,7,12,12,47,44,6,0.0375
47,0,0,0,9,12,30,29,5,0.03125
47,1,1,0,3,18,56,56,7,0.04375
47,2,2,0,15,15,74,75,7,0.04375
47,3,3,0,22,18,88,91,1,0.00625
47,4,4,0,18,16,88,92,3,0.01875
47,5,5,0,22,21,96,95,8,0.05
47,6,6,0,17,13,80,81,4,0.025
47,7,7,0,18,22,57,56,4,0.025
47,8,0,1,13,19,62,63,3,0.01875
47,9,1,1,20,10,100,98,9,0.05625
47,10,2,1,23,15,120,120,5,0.03125
47,11,3,1,18,22,131,133,5,0.03125
47,12,4,1,14,20,123,127,4,0.025
47,13,5,1,16,20,111,112,6,0.0375
47,14,6,1,18,15,91,91,8,0.05
47,15,7,1,11,21,76,77,2,0.0125
47,16,0,2,12,10,73,69,7,0.04375
47,17,1,2,6,16,102,97,12,0.075
47,18,2,2,26,16,130,133,8,0.05
47,19,3,2,23,12,148,145,5,0.03125
47,20,4,2,25,11,147,144,10,0.0625
47,21,5,2,21,19,131,135,5,0.03125
47,22,6,2,15,14,97,96,10,0.0625
47,23,7,2,11,11,89,88,4,0.025
47,24,0,3,13,17,78,80,4,0.025
47,25,1,3,13,22,123,124,7,0.04375
47,26,2,3,22,19,144,145,5,0.03125
47,27,3,3,17,22,156,150,8,0.05
47,28,4,3,22,22,158,156,5,0.03125
47,29,5,3,17,16,154,155,5,0.03125
47,30,6,3,19,16,123,123,8,0.05
47,31,7,3,18,16,103,102,5,0.03125
47,32,0,4,22,20,93,96,1,0.00625
47,33,1,4,19,17,139,136,7,0.04375
47,34,2,4,24,21,148,142,7,0.04375
47,35,3,4,20,10,152,154,4,0.025
47,36,4,4,13,8,144,143,3,0.01875
47,37,5,4,17,16,151,152,1,0.00625
47,38,6,4,22,20,125,125,9,0.05625
47,39,7,4,15,17,96,93,7,0.04375
47,40,0,5,9,14,71,72,6,0.0375
47,41,1,5,10,17,104,104,10,0.0625
47,42,2,5,21,15,120,123,6,0.0375
47,43,3,5,18,20,142,148,1,0.00625
47,44,4,5,18,19,142,142,5,0.03125
47,45,5,5,13,22,141,143,6,0.0375
47,46,6,5,18,16,125,123,7,0.04375
47,47,7,5,18,16,87,85,9,0.05625
47,48,0,6,9,14,55,57,4,0.025
47,49,1,6,16,16,100,99,9,0.05625
47,50,2,6,24,14,116,114,4,0.025
47,51,3,6,22,22,129,130,3,0.01875
47,52,4,6,25,22,121,124,3,0.01875
47,53,5,6,20,18,129,127,6,0.0375
47,54,6,6,8,27,101,97,9,0.05625
47,55,7,6,12,12,60,58,7,0.04375
47,56,0,7,22,20,53,49,4,0.025
47,57,1,7,11,28,82,81,4,0.025
47,58,2,7,23,20,96,96,6,0.0375
47,59,3,7,22,18,107,112,1,0.00625
47,60,4,7,13,14,101,103,2,0.0125
47,61,5,7,24,20,105,105,5,0.03125
47,62,6,7,18,18,72,72,6,0.0375
47,63,7,7,12,14,33,36,4,0.025
48,0,0,0,20,15,49,54,0,0.0
48,1,1,0,19,23,87,91,4,0.025
48,2,2,0,16,17,104,106,5,0.03125
48,3,3,0,21,23,128,125,5,0.03125
48,4,4,0,19,30,141,137,6,0.0375
48,5,5,0,21,22,115,121,1,0.00625
48,6,6,0,20,21,92,91,5,0.03125
48,7,7,0,23,16,54,56,3,0.01875
48,8,0,1,23,17,74,76,1,0.00625
48,9,1,1,17,15,116,119,5,0.03125
48,10,2,1,19,30,143,142,7,0.04375
48,11,3,1,20,18,146,147,5,0.03125
48,12,4,1,22,14,163,159,8,0.05
48,13,5,1,16,15,147,150,3,0.01875
48,14,6,1,18,22,125,131,3,0.01875
48,15,7,1,15,33,91,92,1,0.00625
48,16,0,2,25,16,88,95,1,0.00625
48,17,1,2,21,17,144,149,6,0.0375
48,18,2,2,20,22,175,179,5,0.03125
48,19,3,2,24,31,184,184,6,0.0375
48,20,4,2,19,25,184,189,6,0.0375
48,21,5,2,19,25,174,174,6,0.0375
48,22,6,2,16,22,156,158,8,0.05
48,23,7,2,28,33,128,125,6,0.0375
48,24,0,3,20,13,92,95,1,0.00625
48,25,1,3,19,18,140,146,1,0.00625
48,26,2,3,15,17,176,178,2,0.0125
48,27,3,3,19,24,180,186,2,0.0125
48,28,4,3,21,24,180,184,2,0.0125
48,29,5,3,15,21,163,164,4,0.025
48,30,6,3,18,23,146,151,3,0.01875
48,31,7,3,18,15,112,116,1,0.00625
48,32,0,4,22,17,92,94,1,0.00625
48,33,1,4,18,20,147,148,7,0.04375
48,34,2,4,25,25,191,191,8,0.05
48,35,3,4,19,23,192,194,3,0.01875
48,36,4,4,21,17,189,186,4,0.025
48,37,5,4,21,27,192,184,9,0.05625
48,38,6,4,17,19,146,150,4,0.025
48,39,7,4,13,20,110,117,2,0.0125
48,40,0,5,22,23,90,93,2,0.0125
48,41,1,5,20,23,144,146,9,0.05625
48,42,2,5,18,20,168,168,4,0.025
48,43,3,5,15,25,182,179,3,0.01875
48,44,4,5,20,28,188,182,10,0.0625
48,45,5,5,20,24,183,179,11,0.06875
48,46,6,5,22,27,151,147,11,0.06875
48,47,7,5,28,12,107,115,1,0.00625
48,48,0,6,21,16,73,77,0,0.0
48,49,1,6,21,22,121,126,3,0.01875
48,50,2,6,18,20,145,144,5,0.03125
48,51,3,6,17,24,169,169,4,0.025
48,52,4,6,25,22,164,165,3,0.01875
48,53,5,6,21,24,158,158,7,0.04375
48,54,6,6,23,16,132,132,10,0.0625
48,55,7,6,21,25,91,93,5,0.03125
48,56,0,7,18,24,54,58,0,0.0
48,57,1,7,19,24,92,94,1,0.00625
48,58,2,7,18,20,115,120,2,0.0125
48,59,3,7,20,19,129,126,2,0.0125
48,60,4,7,14,24,125,124,1,0.00625
48,61,5,7,16,23,123,129,0,0.0
48,62,6,7,24,24,101,105,1,0.00625
48,63,7,7,14,17,47,51,0,0.0
49,0,0,0,16,16,45,45,0,0.0
49,1,1,0,17,21,76,76,3,0.01875
49,2,2,0,18,19,92,94,3,0.01875
49,3,3,0,22,20,110,112,1,0.00625
49,4,4,0,27,15,96,100,4,0.025
49,5,5,0,16,19,86,83,5,0.03125
49,6,6,0,8,14,58,57,7,0.04375
49,7,7,0,11,16,37,36,4,0.025
49,8,0,1,13,13,65,61,4,0.025
49,9,1,1,11,22,94,92,7,0.04375
49,10,2,1,27,22,125,124,7,0.04375
49,11,3,1,19,13,132,134,3,0.01875
49,12,4,1,19,15,116,122,4,0.025
49,13,5,1,16,16,120,121,2,0.0125
49,14,6,1,20,21,106,104,4,0.025
49,15,7,1,28,22,80,78,2,0.0125
49,16,0,2,10,18,79,75,5,0.03125
49,17,1,2,15,19,101,102,7,0.04375
49,18,2,2,24,13,136,133,6,0.0375
49,19,3,2,23,20,166,164,5,0.03125
49,20,4,2,21,22,143,142,7,0.04375
49,21,5,2,22,16,125,125,7,0.04375
49,22,6,2,12,19,105,103,10,0.0625
49,23,7,2,6,16,72,77,3,0.01875
49,24,0,3,24,13,100,100,1,0.00625
49,25,1,3,20,12,133,128,3,0.01875
49,26,2,3,15,15,140,141,3,0.01875
49,27,3,3,22,20,162,156,7,0.04375
49,28,4,3,18,20,140,139,2,0.0125
49,29,5,3,19,11,123,122,6,0.0375
49,30,6,3,7,18,115,109,10,0.0625
49,31,7,3,23,18,90,88,4,0.025
49,32,0,4,17,13,90,85,5,0.03125
49,33,1,4,15,8,125,124,8,0.05
49,34,2,4,21,16,141,143,5,0.03125
49,35,3,4,24,16,150,147,6,0.0375
49,36,4,4,16,11,139,140,5,0.03125
49,37,5,4,20,19,133,133,6,0.0375
49,38,6,4,15,17,129,128,6,0.0375
49,39,7,4,20,13,89,88,2,0.0125
49,40,0,5,21,16,78,78,3,0.01875
49,41,1,5,20,13,116,112,12,0.075
49,42,2,5,16,19,129,129,6,0.0375
49,43,3,5,20,20,137,134,7,0.04375
49,44,4,5,18,11,127,131,6,0.0375
49,45,5,5,18,16,117,120,6,0.0375
49,46,6,5,20,15,112,118,5,0.03125
49,47,7,5,16,15,84,82,3,0.01875
49,48,0,6,22,18,77,72,5,0.03125
49,49,1,6,15,29,110,99,14,0.0875
49,50,2,6,16,11,112,106,12,0.075
49,51,3,6,22,18,110,107,8,0.05
49,52,4,6,21,19,123,116,9,0.05625
49,53,5,6,23,14,92,93,6,0.0375
49,54,6,6,10,17,76,79,8,0.05
49,55,7,6,11,17,67,66,5,0.03125
49,56,0,7,26,17,59,60,0,0.0
49,57,1,7,23,21,95,90,7,0.04375
49,58,2,7,19,20,106,100,6,0.0375
49,59,3,7,14,15,94,92,6,0.0375
49,60,4,7,23,17,108,100,9,0.05625
49,61,5,7,18,16,84,79,5,0.03125
49,62,6,7,15,14,69,64,8,0.05
49,63,7,7,24,20,59,55,3,0.01875
50,0,0,0,25,16,51,47,3,0.01875
50,1,1,0,15,23,77,78,3,0.01875
50,2,2,0,18,18,94,91,5,0.03125
50,3,3,0,24,18,108,108,3,0.01875
50,4,4,0,19,19,105,106,2,0.0125
50,5,5,0,21,12,80,78,6,0.0375
50,6,6,0,13,14,61,59,8,0.05
50,7,7,0,13,15,38,37,5,0.03125
50,8,0,1,15,22,82,81,5,0.03125
50,9,1,1,15,25,114,113,8,0.05
50,10,2,1,24,13,111,114,5,0.03125
50,11,3,1,13,16,121,117,4,0.025
50,12,4,1,18,21,127,128,3,0.01875
50,13,5,1,21,11,95,90,6,0.0375
50,14,6,1,12,14,85,83,7,0.04375
50,15,7,1,20,14,68,66,5,0.03125
50,16,0,2,13,18,98,98,6,0.0375
50,17,1,2,14,7,126,126,6,0.0375
50,18,2,2,24,14,134,135,6,0.0375
50,19,3,2,20,20,146,150,4,0.025
50,20,4,2,19,17,143,145,3,0.01875
50,21,5,2,16,15,108,106,7,0.04375
50,22,6,2,15,13,101,100,10,0.0625
50,23,7,2,11,14,80,77,5,0.03125
50,24,0,3,17,14,98,96,3,0.01875
50,25,1,3,17,21,127,131,2,0.0125
50,26,2,3,22,12,125,125,3,0.01875
50,27,3,3,17,13,147,150,4,0.025
50,28,4,3,19,18,158,159,2,0.0125
50,29,5,3,13,25,130,127,7,0.04375
50,30,6,3,17,15,114,114,8,0.05
50,31,7,3,13,10,82,78,6,0.0375
50,32,0,4,21,17,97,98,4,0.025
50,33,1,4,18,17,131,130,7,0.04375
50,34,2,4,24,7,127,127,3,0.01875
50,35,3,4,16,16,147,147,5,0.03125
50,36,4,4,20,18,161,158,5,0.03125
50,37,5,4,21,13,121,122,9,0.05625
50,38,6,4,23,23,122,124,5,0.03125
50,39,7,4,17,19,93,91,5,0.03125
50,40,0,5,17,23,87,81,8,0.05
50,41,1,5,12,10,108,111,9,0.05625
50,42,2,5,23,7,126,126,7,0.04375
50,43,3,5,17,15,127,129,5,0.03125
50,44,4,5,11,14,135,141,2,0.0125
50,45,5,5,18,10,108,106,7,0.04375
50,46,6,5,11,16,101,97,8,0.05
50,47,7,5,14,17,86,82,6,0.0375
50,48,0,6,5,14,53,51,6,0.0375
50,49,1,6,13,20,83,85,11,0.06875
50,50,2,6,19,26,109,115,7,0.04375
50,51,3,6,21,18,108,107,7,0.04375
50,52,4,6,19,17,118,119,8,0.05
50,53,5,6,24,16,100,97,10,0.0625
50,54,6,6,10,14,75,74,8,0.05
50,55,7,6,10,17,60,62,4,0.025
50,56,0,7,17,9,38,34,4,0.025
50,57,1,7,13,19,57,55,9,0.05625
50,58,2,7,19,20,72,71,8,0.05
50,59,3,7,20,10,70,68,7,0.04375
50,60,4,7,14,18,65,70,5,0.03125
50,61,5,7,14,19,62,60,8,0.05
50,62,6,7,3,15,41,43,6,0.0375
50,63,7,7,5,19,34,33,3,0.01875
51,0,0,0,19,28,56,56,3,0.01875
51,1,1,0,10,18,74,68,9,0.05625
51,2,2,0,27,20,103,100,8,0.05
51,3,3,0,18,24,107,104,4,0.025
51,4,4,0,23,17,111,108,6,0.0375
51,5,5,0,22,22,107,110,3,0.01875
51,6,6,0,18,14,80,80,8,0.05
51,7,7,0,18,22,55,57,3,0.01875
51,8,0,1,10,15,66,64,6,0.0375
51,9,1,1,18,10,86,89,5,0.03125
51,10,2,1,25,13,129,130,3,0.01875
51,11,3,1,19,17,135,137,3,0.01875
51,12,4,1,19,23,131,132,2,0.0125
51,13,5,1,19,17,119,121,5,0.03125
51,14,6,1,11,17,97,96,9,0.05625
51,15,7,1,17,20,83,77,10,0.0625
51,16,0,2,16,17,92,92,5,0.03125
51,17,1,2,16,22,117,115,8,0.05
51,18,2,2,18,30,158,157,7,0.04375
51,19,3,2,20,17,152,151,4,0.025
51,20,4,2,18,11,139,139,4,0.025
51,21,5,2,25,25,140,142,7,0.04375
51,22,6,2,12,23,117,119,8,0.05
51,23,7,2,12,15,91,92,4,0.025
51,24,0,3,22,20,116,117,2,0.0125
51,25,1,3,12,19,130,124,7,0.04375
51,26,2,3,30,16,160,155,7,0.04375
51,27,3,3,23,22,158,159,4,0.025
51,28,4,3,20,16,151,150,4,0.025
51,29,5,3,18,19,141,142,5,0.03125
51,30,6,3,14,13,114,117,7,0.04375
51,31,7,3,16,23,99,101,5,0.03125
51,32,0,4,24,20,115,117,3,0.01875
51,33,1,4,12,13,122,124,6,0.0375
51,34,2,4,25,8,141,137,9,0.05625
51,35,3,4,18,15,144,145,5,0.03125
51,36,4,4,21,13,142,148,3,0.01875
51,37,5,4,28,11,141,145,3,0.01875
51,38,6,4,12,7,110,104,10,0.0625
51,39,7,4,13,12,89,86,7,0.04375
51,40,0,5,21,17,101,105,3,0.01875
51,41,1,5,19,20,126,131,5,0.03125
51,42,2,5,18,17,141,139,8,0.05
51,43,3,5,13,13,139,140,3,0.01875
51,44,4,5,31,14,141,134,8,0.05
51,45,5,5,16,16,119,118,9,0.05625
51,46,6,5,10,18,98,99,8,0.05
51,47,7,5,9,16,76,78,4,0.025
51,48,0,6,22,22,77,80,4,0.025
51,49,1,6,19,18,103,109,7,0.04375
51,50,2,6,21,12,114,112,8,0.05
51,51,3,6,15,21,116,116,7,0.04375
51,52,4,6,20,20,105,106,7,0.04375
51,53,5,6,12,9,80,82,8,0.05
51,54,6,6,5,21,78,76,10,0.0625
51,55,7,6,6,21,56,54,5,0.03125
51,56,0,7,14,19,39,38,5,0.03125
51,57,1,7,5,19,58,57,10,0.0625
51,58,2,7,27,22,89,90,6,0.0375
51,59,3,7,27,12,94,98,4,0.025
51,60,4,7,27,22,101,99,6,0.0375
51,61,5,7,12,13,74,76,5,0.03125
51,62,6,7,6,16,55,54,7,0.04375
51,63,7,7,6,9,25,27,3,0.01875
52,0,0,0,6,21,49,47,5,0.03125
52,1,1,0,18,16,65,67,7,0.04375
52,2,2,0,29,19,98,102,6,0.0375
52,3,3,0,16,16,103,106,2,0.0125
52,4,4,0,18,21,107,110,3,0.01875
52,5,5,0,22,14,103,102,3,0.01875
52,6,6,0,21,11,72,72,9,0.05625
52,7,7,0,15,20,52,52,3,0.01875
52,8,0,1,12,11,70,73,5,0.03125
52,9,1,1,14,15,85,83,7,0.04375
52,10,2,1,15,16,107,105,7,0.04375
52,11,3,1,27,15,122,123,4,0.025
52,12,4,1,28,12,130,126,3,0.01875
52,13,5,1,22,18,113,114,5,0.03125
52,14,6,1,9,13,72,73,8,0.05
52,15,7,1,8,21,71,76,5,0.03125
52,16,0,2,13,16,86,89,3,0.01875
52,17,1,2,16,14,100,101,7,0.04375
52,18,2,2,26,15,134,135,6,0.0375
52,19,3,2,16,22,144,144,5,0.03125
52,20,4,2,22,13,142,142,5,0.03125
52,21,5,2,17,18,144,141,9,0.05625
52,22,6,2,16,17,106,106,8,0.05
52,23,7,2,14,13,92,87,10,0.0625
52,24,0,3,18,13,98,96,5,0.03125
52,25,1,3,12,16,111,113,6,0.0375
52,26,2,3,19,22,144,144,7,0.04375
52,27,3,3,15,20,157,155,5,0.03125
52,28,4,3,24,16,149,149,4,0.025
52,29,5,3,24,17,146,142,9,0.05625
52,30,6,3,19,17,121,119,8,0.05
52,31,7,3,11,16,99,96,8,0.05
52,32,0,4,12,17,100,99,3,0.01875
52,33,1,4,17,16,111,108,8,0.05
52,34,2,4,18,23,148,149,8,0.05
52,35,3,4,14,19,151,152,4,0.025
52,36,4,4,29,18,166,161,6,0.0375
52,37,5,4,19,21,138,135,7,0.04375
52,38,6,4,13,18,113,114,10,0.0625
52,39,7,4,15,24,100,102,5,0.03125
52,40,0,5,11,18,89,89,4,0.025
52,41,1,5,20,13,106,102,7,0.04375
52,42,2,5,21,16,141,143,6,0.0375
52,43,3,5,20,20,139,141,1,0.00625
52,44,4,5,20,23,160,163,5,0.03125
52,45,5,5,29,23,133,134,8,0.05
52,46,6,5,12,14,106,105,8,0.05
52,47,7,5,7,18,83,82,7,0.04375
52,48,0,6,10,23,63,62,5,0.03125
52,49,1,6,15,7,75,75,6,0.0375
52,50,2,6,20,14,113,113,8,0.05
52,51,3,6,21,18,115,119,4,0.025
52,52,4,6,16,19,135,137,2,0.0125
52,53,5,6,24,19,103,105,4,0.025
52,54,6,6,11,16,85,88,8,0.05
52,55,7,6,16,20,76,75,7,0.04375
52,56,0,7,4,17,29,31,3,0.01875
52,57,1,7,18,19,58,60,7,0.04375
52,58,2,7,21,26,93,97,4,0.025
52,59,3,7,24,12,97,92,8,0.05
52,60,4,7,31,27,118,118,7,0.04375
52,61,5,7,20,14,83,82,6,0.0375
52,62,6,7,7,19,69,69,7,0.04375
52,63,7,7,13,20,52,48,7,0.04375
53,0,0,0,20,19,49,52,2,0.0125
53,1,1,0,20,17,83,83,7,0.04375
53,2,2,0,15,16,97,99,2,0.0125
53,3,3,0,23,12,102,101,3,0.01875
53,4,4,0,20,21,112,109,5,0.03125
53,5,5,0,15,22,93,94,4,0.025
53,6,6,0,21,16,74,77,5,0.03125
53,7,7,0,16,14,41,40,4,0.025
53,8,0,1,17,18,76,78,2,0.0125
53,9,1,1,10,13,98,98,7,0.04375
53,10,2,1,24,24,132,127,10,0.0625
53,11,3,1,19,17,113,112,4,0.025
53,12,4,1,19,16,125,122,8,0.05
53,13,5,1,27,9,113,106,12,0.075
53,14,6,1,12,16,89,87,7,0.04375
53,15,7,1,8,18,62,59,9,0.05625
53,16,0,2,12,17,83,82,4,0.025
53,17,1,2,13,26,108,108,7,0.04375
53,18,2,2,22,17,141,137,9,0.05625
53,19,3,2,19,12,129,128,4,0.025
53,20,4,2,17,20,150,150,5,0.03125
53,21,5,2,18,19,135,137,4,0.025
53,22,6,2,20,15,121,123,6,0.0375
53,23,7,2,18,17,91,90,10,0.0625
53,24,0,3,14,19,96,98,3,0.01875
53,25,1,3,20,18,128,124,11,0.06875
53,26,2,3,13,15,154,155,6,0.0375
53,27,3,3,24,16,139,142,2,0.0125
53,28,4,3,18,13,154,149,7,0.04375
53,29,5,3,19,14,139,142,7,0.04375
53,30,6,3,20,17,126,126,7,0.04375
53,31,7,3,7,14,89,94,4,0.025
53,32,0,4,16,19,98,98,3,0.01875
53,33,1,4,15,14,115,114,9,0.05625
53,34,2,4,21,16,148,151,4,0.025
53,35,3,4,26,24,159,156,6,0.0375
53,36,4,4,21,10,158,157,6,0.0375
53,37,5,4,21,20,147,145,9,0.05625
53,38,6,4,15,19,116,115,9,0.05625
53,39,7,4,12,28,94,94,5,0.03125
53,40,0,5,10,17,80,80,4,0.025
53,41,1,5,13,14,102,100,8,0.05
53,42,2,5,21,16,130,127,9,0.05625
53,43,3,5,18,16,138,136,5,0.03125
53,44,4,5,18,17,156,153,8,0.05
53,45,5,5,19,23,134,138,5,0.03125
53,46,6,5,7,20,104,105,8,0.05
53,47,7,5,15,22,83,83,5,0.03125
53,48,0,6,10,20,61,63,3,0.01875
53,49,1,6,15,16,90,83,11,0.06875
53,50,2,6,28,20,123,124,7,0.04375
53,51,3,6,16,18,125,124,6,0.0375
53,52,4,6,24,12,139,136,7,0.04375
53,53,5,6,25,18,123,116,13,0.08125
53,54,6,6,14,10,81,82,7,0.04375
53,55,7,6,11,13,53,56,4,0.025
53,56,0,7,10,14,40,38,4,0.025
53,57,1,7,12,17,65,65,8,0.05
53,58,2,7,28,16,94,93,4,0.025
53,59,3,7,25,17,99,108,0,0.0
53,60,4,7,19,21,109,112,3,0.01875
53,61,5,7,25,13,93,90,10,0.0625
53,62,6,7,12,13,59,59,6,0.0375
53,63,7,7,7,10,29,32,4,0.025
54,0,0,0,18,18,55,56,0,0.0
54,1,1,0,17,18,86,91,2,0.0125
54,2,2,0,20,24,120,120,2,0.0125
54,3,3,0,20,24,139,142,0,0.0
54,4,4,0,23,16,116,118,2,0.0125
54,5,5,0,19,15,108,110,1,0.00625
54,6,6,0,22,26,96,102,0,0.0
54,7,7,0,18,30,65,67,1,0.00625
54,8,0,1,23,22,94,91,5,0.03125
54,9,1,1,20,28,135,135,7,0.04375
54,10,2,1,20,19,152,157,7,0.04375
54,11,3,1,21,20,180,180,3,0.01875
54,12,4,1,21,24,143,149,3,0.01875
54,13,5,1,21,26,144,151,4,0.025
54,14,6,1,24,20,138,138,9,0.05625
54,15,7,1,20,23,101,107,2,0.0125
54,16,0,2,17,20,108,108,2,0.0125
54,17,1,2,15,22,150,154,2,0.0125
54,18,2,2,24,34,179,185,2,0.0125
54,19,3,2,21,23,203,200,7,0.04375
54,20,4,2,19,20,166,169,1,0.00625
54,21,5,2,14,22,170,174,2,0.0125
54,22,6,2,21,22,156,161,0,0.0
54,23,7,2,17,26,131,137,3,0.01875
54,24,0,3,10,17,96,98,1,0.00625
54,25,1,3,23,25,160,166,3,0.01875
54,26,2,3,25,19,183,186,3,0.01875
54,27,3,3,20,25,219,216,4,0.025
54,28,4,3,23,19,190,194,3,0.01875
54,29,5,3,22,32,196,198,7,0.04375
54,30,6,3,19,22,160,160,7,0.04375
54,31,7,3,22,24,151,153,2,0.0125
54,32,0,4,21,10,109,109,2,0.0125
54,33,1,4,25,22,166,173,4,0.025
54,34,2,4,19,17,186,181,8,0.05
54,35,3,4,21,28,206,209,5,0.03125
54,36,4,4,16,16,195,198,3,0.01875
54,37,5,4,18,26,197,201,5,0.03125
54,38,6,4,21,18,165,174,1,0.00625
54,39,7,4,22,29,152,155,3,0.01875
54,40,0,5,22,16,103,103,5,0.03125
54,41,1,5,21,30,149,149,9,0.05625
54,42,2,5,12,23,166,167,8,0.05
54,43,3,5,21,24,186,179,11,0.06875
54,44,4,5,23,21,179,180,6,0.0375
54,45,5,5,14,25,164,168,2,0.0125
54,46,6,5,12,23,144,151,1,0.00625
54,47,7,5,26,21,128,130,3,0.01875
54,48,0,6,21,23,87,83,5,0.03125
54,49,1,6,26,21,118,125,6,0.0375
54,50,2,6,19,23,154,153,7,0.04375
54,51,3,6,16,24,169,169,6,0.0375
54,52,4,6,21,23,173,174,7,0.04375
54,53,5,6,26,27,162,168,5,0.03125
54,54,6,6,20,19,132,134,5,0.03125
54,55,7,6,24,24,105,101,7,0.04375
54,56,0,7,24,16,55,59,1,0.00625
54,57,1,7,19,25,91,91,7,0.04375
54,58,2,7,23,27,123,123,4,0.025
54,59,3,7,16,23,137,134,2,0.0125
54,60,4,7,21,26,136,135,5,0.03125
54,61,5,7,26,20,124,131,3,0.01875
54,62,6,7,21,30,101,104,2,0.0125
54,63,7,7,25,22,64,67,1,0.00625
55,0,0,0,22,16,57,58,1,0.00625
55,1,1,0,18,19,84,81,4,0.025
55,2,2,0,20,18,99,100,3,0.01875
55,3,3,0,17,22,108,104,3,0.01875
55,4,4,0,22,17,109,109,3,0.01875
55,5,5,0,14,15,98,96,3,0.01875
55,6,6,0,23,15,77,75,1,0.00625
55,7,7,0,16,16,45,47,0,0.0
55,8,0,1,15,21,81,86,1,0.00625
55,9,1,1,17,17,96,97,6,0.0375
55,10,2,1,24,16,133,130,9,0.05625
55,11,3,1,23,18,130,131,3,0.01875
55,12,4,1,14,17,120,121,1,0.00625
55,13,5,1,19,14,117,110,9,0.05625
55,14,6,1,8,12,82,81,11,0.06875
55,15,7,1,18,21,79,76,5,0.03125
55,16,0,2,19,15,97,96,4,0.025
55,17,1,2,18,15,101,99,6,0.0375
55,18,2,2,17,23,137,131,11,0.06875
55,19,3,2,7,17,125,130,3,0.01875
55,20,4,2,22,18,145,142,5,0.03125
55,21,5,2,26,19,144,142,5,0.03125
55,22,6,2,15,13,111,100,11,0.06875
55,23,7,2,20,19,97,96,5,0.03125
55,24,0,3,22,19,108,103,5,0.03125
55,25,1,3,24,11,125,123,7,0.04375
55,26,2,3,21,17,160,157,7,0.04375
55,27,3,3,17,20,150,152,3,0.01875
55,28,4,3,21,19,160,162,0,0.0
55,29,5,3,19,21,140,143,2,0.0125
55,30,6,3,14,12,106,109,4,0.025
55,31,7,3,15,12,100,97,5,0.03125
55,32,0,4,19,16,99,100,1,0.00625
55,33,1,4,18,19,126,126,2,0.0125
55,34,2,4,17,28,158,159,6,0.0375
55,35,3,4,24,16,153,149,6,0.0375
55,36,4,4,22,18,147,147,6,0.0375
55,37,5,4,22,16,139,140,4,0.025
55,38,6,4,19,34,139,134,6,0.0375
55,39,7,4,21,14,114,110,6,0.0375
55,40,0,5,10,19,80,78,6,0.0375
55,41,1,5,6,17,89,91,9,0.05625
55,42,2,5,22,17,127,124,10,0.0625
55,43,3,5,19,18,131,134,7,0.04375
55,44,4,5,22,18,136,137,6,0.0375
55,45,5,5,18,14,136,129,8,0.05
55,46,6,5,24,18,116,110,7,0.04375
55,47,7,5,19,19,98,97,3,0.01875
55,48,0,6,21,14,75,81,1,0.00625
55,49,1,6,16,12,104,104,6,0.0375
55,50,2,6,16,11,118,121,4,0.025
55,51,3,6,21,15,125,127,3,0.01875
55,52,4,6,21,12,122,121,8,0.05
55,53,5,6,14,18,109,110,4,0.025
55,54,6,6,14,13,90,86,8,0.05
55,55,7,6,13,26,80,83,5,0.03125
55,56,0,7,17,20,46,45,2,0.0125
55,57,1,7,17,22,67,68,7,0.04375
55,58,2,7,17,23,90,90,3,0.01875
55,59,3,7,22,17,107,108,2,0.0125
55,60,4,7,19,21,108,112,0,0.0
55,61,5,7,16,16,89,88,2,0.0125
55,62,6,7,13,19,73,77,0,0.0
55,63,7,7,15,18,49,50,0,0.0
56,0,0,0,17,23,52,52,1,0.00625
56,1,1,0,22,18,81,77,7,0.04375
56,2,2,0,20,19,97,95,4,0.025
56,3,3,0,19,26,112,116,1,0.00625
56,4,4,0,23,20,107,106,3,0.01875
56,5,5,0,22,20,93,89,8,0.05
56,6,6,0,16,15,67,60,9,0.05625
56,7,7,0,14,19,46,43,3,0.01875
56,8,0,1,15,15,62,57,5,0.03125
56,9,1,1,19,20,92,90,9,0.05625
56,10,2,1,20,26,113,113,9,0.05625
56,11,3,1,14,10,120,115,8,0.05
56,12,4,1,19,19,121,116,7,0.04375
56,13,5,1,23,19,106,111,6,0.0375
56,14,6,1,14,13,72,72,11,0.06875
56,15,7,1,9,24,71,71,4,0.025
56,16,0,2,21,21,81,82,4,0.025
56,17,1,2,16,16,115,112,9,0.05625
56,18,2,2,17,12,131,132,9,0.05625
56,19,3,2,18,15,146,141,9,0.05625
56,20,4,2,23,13,137,135,8,0.05
56,21,5,2,14,13,127,124,7,0.04375
56,22,6,2,17,10,96,97,12,0.075
56,23,7,2,21,14,90,89,5,0.03125
56,24,0,3,17,16,86,87,3,0.01875
56,25,1,3,16,15,127,126,7,0.04375
56,26,2,3,20,14,148,148,8,0.05
56,27,3,3,27,18,167,166,5,0.03125
56,28,4,3,21,21,144,141,3,0.01875
56,29,5,3,18,9,133,132,5,0.03125
56,30,6,3,20,11,116,106,14,0.0875
56,31,7,3,21,19,97,96,7,0.04375
56,32,0,4,13,9,80,78,5,0.03125
56,33,1,4,14,15,120,115,8,0.05
56,34,2,4,22,24,143,144,9,0.05625
56,35,3,4,20,14,155,162,1,0.00625
56,36,4,4,22,7,134,131,8,0.05
56,37,5,4,24,17,151,146,10,0.0625
56,38,6,4,18,17,130,127,8,0.05
56,39,7,4,19,11,101,100,6,0.0375
56,40,0,5,4,14,70,73,4,0.025
56,41,1,5,10,23,114,113,9,0.05625
56,42,2,5,26,13,134,138,7,0.04375
56,43,3,5,18,18,152,155,5,0.03125
56,44,4,5,19,18,129,131,5,0.03125
56,45,5,5,16,15,128,129,7,0.04375
56,46,6,5,17,16,120,119,8,0.05
56,47,7,5,15,21,99,98,7,0.04375
56,48,0,6,16,15,66,62,4,0.025
56,49,1,6,9,23,96,93,9,0.05625
56,50,2,6,26,16,121,117,7,0.04375
56,51,3,6,22,24,133,129,7,0.04375
56,52,4,6,29,13,113,118,3,0.01875
56,53,5,6,16,17,108,111,1,0.00625
56,54,6,6,8,23,86,85,8,0.05
56,55,7,6,10,20,72,72,3,0.01875
56,56,0,7,18,23,51,49,3,0.01875
56,57,1,7,18,13,76,77,5,0.03125
56,58,2,7,20,16,97,97,4,0.025
56,59,3,7,24,16,111,108,4,0.025
56,60,4,7,19,11,103,100,3,0.01875
56,61,5,7,29,21,114,111,6,0.0375
56,62,6,7,25,18,90,85,5,0.03125
56,63,7,7,22,21,63,60,2,0.0125
57,0,0,0,18,17,46,44,3,0.01875
57,1,1,0,18,16,74,75,8,0.05
57,2,2,0,15,20,85,82,8,0.05
57,3,3,0,13,15,82,75,7,0.04375
57,4,4,0,17,28,93,90,7,0.04375
57,5,5,0,20,17,76,77,4,0.025
57,6,6,0,18,15,57,55,10,0.0625
57,7,7,0,12,19,37,38,2,0.0125
57,8,0,1,3,21,55,56,4,0.025
57,9,1,1,4,16,81,81,8,0.05
57,10,2,1,13,8,93,94,8,0.05
57,11,3,1,21,18,110,113,6,0.0375
57,12,4,1,24,10,113,112,8,0.05
57,13,5,1,18,14,93,91,7,0.04375
57,14,6,1,15,21,91,92,10,0.0625
57,15,7,1,12,14,64,65,5,0.03125
57,16,0,2,4,11,62,61,4,0.025
57,17,1,2,7,17,95,96,7,0.04375
57,18,2,2,12,20,104,106,8,0.05
57,19,3,2,17,16,123,123,7,0.04375
57,20,4,2,20,16,127,130,4,0.025
57,21,5,2,18,13,115,118,4,0.025
57,22,6,2,19,16,113,116,8,0.05
57,23,7,2,16,26,95,96,4,0.025
57,24,0,3,9,12,80,78,6,0.0375
57,25,1,3,11,14,123,120,9,0.05625
57,26,2,3,27,11,136,139,5,0.03125
57,27,3,3,17,19,153,153,4,0.025
57,28,4,3,18,22,150,155,1,0.00625
57,29,5,3,17,21,150,149,5,0.03125
57,30,6,3,20,17,130,137,8,0.05
57,31,7,3,20,11,101,102,5,0.03125
57,32,0,4,15,19,93,90,6,0.0375
57,33,1,4,8,28,127,128,7,0.04375
57,34,2,4,28,14,148,145,10,0.0625
57,35,3,4,20,14,147,145,3,0.01875
57,36,4,4,20,11,137,138,6,0.0375
57,37,5,4,26,16,138,140,8,0.05
57,38,6,4,12,14,117,117,8,0.05
57,39,7,4,9,18,82,85,4,0.025
57,40,0,5,14,12,90,87,7,0.04375
57,41,1,5,8,19,106,107,8,0.05
57,42,2,5,19,19,135,133,8,0.05
57,43,3,5,24,12,134,136,2,0.0125
57,44,4,5,21,23,138,137,4,0.025
57,45,5,5,17,14,113,115,4,0.025
57,46,6,5,12,24,105,106,8,0.05
57,47,7,5,10,18,69,70,5,0.03125
57,48,0,6,6,19,66,66,4,0.025
57,49,1,6,10,18,79,81,8,0.05
57,50,2,6,12,15,98,97,10,0.0625
57,51,3,6,20,18,111,111,7,0.04375
57,52,4,6,11,11,103,104,3,0.01875
57,53,5,6,14,10,105,102,5,0.03125
57,54,6,6,24,24,107,108,8,0.05
57,55,7,6,17,14,59,59,5,0.03125
57,56,0,7,11,18,47,45,5,0.03125
57,57,1,7,14,13,66,65,6,0.0375
57,58,2,7,25,14,91,89,6,0.0375
57,59,3,7,19,15,101,103,2,0.0125
57,60,4,7,17,14,104,108,0,0.0
57,61,5,7,19,16,97,100,4,0.025
57,62,6,7,21,13,74,75,4,0.025
57,63,7,7,18,8,40,38,4,0.025
58,0,0,0,5,13,28,27,4,0.025
58,1,1,0,6,20,55,56,7,0.04375
58,2,2,0,22,25,90,91,6,0.0375
58,3,3,0,28,14,98,102,3,0.01875
58,4,4,0,15,16,106,109,3,0.01875
58,5,5,0,20,16,102,105,3,0.01875
58,6,6,0,24,17,80,83,7,0.04375
58,7,7,0,18,14,42,43,1,0.00625
58,8,0,1,7,16,61,61,4,0.025
58,9,1,1,7,16,89,87,9,0.05625
58,10,2,1,26,12,113,114,7,0.04375
58,11,3,1,20,16,117,116,5,0.03125
58,12,4,1,21,17,123,126,5,0.03125
58,13,5,1,16,14,106,105,7,0.04375
58,14,6,1,11,19,96,96,10,0.0625
58,15,7,1,8,17,60,61,4,0.025
58,16,0,2,13,14,86,83,7,0.04375
58,17,1,2,8,12,93,91,9,0.05625
58,18,2,2,21,17,130,128,8,0.05
58,19,3,2,25,12,145,145,8,0.05
58,20,4,2,20,18,143,139,7,0.04375
58,21,5,2,17,19,130,130,3,0.01875
58,22,6,2,16,11,120,118,10,0.0625
58,23,7,2,17,22,83,84,5,0.03125
58,24,0,3,17,15,102,103,5,0.03125
58,25,1,3,18,23,121,121,10,0.0625
58,26,2,3,16,16,141,142,3,0.01875
58,27,3,3,14,23,150,150,3,0.01875
58,28,4,3,24,19,167,158,8,0.05
58,29,5,3,17,22,155,152,7,0.04375
58,30,6,3,23,25,156,156,8,0.05
58,31,7,3,24,21,107,107,5,0.03125
58,32,0,4,13,19,102,106,3,0.01875
58,33,1,4,17,13,116,115,8,0.05
58,34,2,4,21,16,143,146,9,0.05625
58,35,3,4,21,14,151,151,3,0.01875
58,36,4,4,21,21,157,159,4,0.025
58,37,5,4,27,22,152,149,9,0.05625
58,38,6,4,19,18,125,126,7,0.04375
58,39,7,4,9,16,93,94,4,0.025
58,40,0,5,11,20,85,85,5,0.03125
58,41,1,5,12,23,108,106,11,0.06875
58,42,2,5,25,18,134,134,9,0.05625
58,43,3,5,20,15,143,140,5,0.03125
58,44,4,5,24,15,139,141,2,0.0125
58,45,5,5,21,12,134,132,8,0.05
58,46,6,5,13,18,103,102,7,0.04375
58,47,7,5,11,14,91,90,6,0.0375
58,48,0,6,10,21,64,63,6,0.0375
58,49,1,6,6,16,87,85,8,0.05
58,50,2,6,20,22,118,121,7,0.04375
58,51,3,6,23,15,125,130,2,0.0125
58,52,4,6,15,10,129,128,2,0.0125
58,53,5,6,18,13,134,135,2,0.0125
58,54,6,6,22,20,102,103,7,0.04375
58,55,7,6,22,15,79,80,4,0.025
58,56,0,7,16,14,44,47,3,0.01875
58,57,1,7,17,19,81,82,5,0.03125
58,58,2,7,26,19,104,105,5,0.03125
58,59,3,7,19,25,116,113,4,0.025
58,60,4,7,28,20,116,110,4,0.025
58,61,5,7,18,29,109,107,6,0.0375
58,62,6,7,22,9,76,71,9,0.05625
58,63,7,7,18,20,50,52,3,0.01875
59,0,0,0,11,20,51,51,4,0.025
59,1,1,0,10,18,71,70,6,0.0375
59,2,2,0,32,16,100,99,8,0.05
59,3,3,0,26,18,110,107,5,0.03125
59,4,4,0,16,17,102,103,2,0.0125
59,5,5,0,21,18,92,90,5,0.03125
59,6,6,0,18,18,68,69,7,0.04375
59,7,7,0,18,19,51,47,5,0.03125
59,8,0,1,15,16,72,72,4,0.025
59,9,1,1,10,19,83,83,9,0.05625
59,10,2,1,21,17,107,107,7,0.04375
59,11,3,1,9,17,113,113,4,0.025
59,12,4,1,16,18,126,129,2,0.0125
59,13,5,1,24,19,125,127,7,0.04375
59,14,6,1,19,16,95,100,5,0.03125
59,15,7,1,12,22,74,71,5,0.03125
59,16,0,2,4,20,80,83,5,0.03125
59,17,1,2,12,27,98,100,7,0.04375
59,18,2,2,17,19,125,125,9,0.05625
59,19,3,2,25,19,134,138,3,0.01875
59,20,4,2,19,16,151,155,3,0.01875
59,21,5,2,15,22,150,148,7,0.04375
59,22,6,2,19,18,126,127,8,0.05
59,23,7,2,18,13,86,87,4,0.025
59,24,0,3,15,18,98,97,6,0.0375
59,25,1,3,19,17,119,123,7,0.04375
59,26,2,3,25,17,149,148,5,0.03125
59,27,3,3,20,14,148,150,3,0.01875
59,28,4,3,20,26,164,170,2,0.0125
59,29,5,3,12,13,147,154,1,0.00625
59,30,6,3,16,21,136,136,7,0.04375
59,31,7,3,21,11,95,96,4,0.025
59,32,0,4,11,18,98,95,7,0.04375
59,33,1,4,14,19,111,111,9,0.05625
59,34,2,4,17,15,131,131,7,0.04375
59,35,3,4,27,23,154,154,4,0.025
59,36,4,4,27,19,166,166,5,0.03125
59,37,5,4,29,17,156,159,7,0.04375
59,38,6,4,11,25,130,128,9,0.05625
59,39,7,4,14,11,85,84,4,0.025
59,40,0,5,10,24,90,91,6,0.0375
59,41,1,5,7,14,99,101,9,0.05625
59,42,2,5,14,15,118,119,7,0.04375
59,43,3,5,20,23,138,142,2,0.0125
59,44,4,5,27,13,153,150,4,0.025
59,45,5,5,26,11,132,132,6,0.0375
59,46,6,5,10,16,103,101,9,0.05625
59,47,7,5,10,9,69,70,4,0.025
59,48,0,6,9,13,65,66,5,0.03125
59,49,1,6,13,16,89,90,7,0.04375
59,50,2,6,22,21,107,110,5,0.03125
59,51,3,6,20,14,116,113,5,0.03125
59,52,4,6,16,18,127,125,4,0.025
59,53,5,6,21,20,125,120,6,0.0375
59,54,6,6,20,16,97,97,8,0.05
59,55,7,6,15,15,64,64,4,0.025
59,56,0,7,13,18,49,48,4,0.025
59,57,1,7,11,17,68,67,7,0.04375
59,58,2,7,24,9,84,83,6,0.0375
59,59,3,7,17,15,101,103,1,0.00625
59,60,4,7,24,24,113,114,4,0.025
59,61,5,7,19,19,94,95,4,0.025
59,62,6,7,16,16,61,63,6,0.0375
59,63,7,7,8,16,34,33,3,0.01875
60,0,0,0,21,26,63,65,2,0.0125
60,1,1,0,20,17,90,89,8,0.05
60,2,2,0,22,25,119,122,5,0.03125
60,3,3,0,21,19,128,131,3,0.01875
60,4,4,0,23,22,141,140,4,0.025
60,5,5,0,27,26,139,138,5,0.03125
60,6,6,0,23,28,113,111,8,0.05
60,7,7,0,23,19,61,61,5,0.03125
60,8,0,1,23,27,97,101,1,0.00625
60,9,1,1,23,19,115,119,7,0.04375
60,10,2,1,22,17,145,145,7,0.04375
60,11,3,1,12,25,148,151,3,0.01875
60,12,4,1,15,29,164,160,5,0.03125
60,13,5,1,22,29,158,161,4,0.025
60,14,6,1,16,29,134,131,7,0.04375
60,15,7,1,19,22,80,87,0,0.0
60,16,0,2,21,23,114,119,0,0.0
60,17,1,2,20,22,137,137,8,0.05
60,18,2,2,26,30,165,167,7,0.04375
60,19,3,2,19,27,178,175,7,0.04375
60,20,4,2,24,24,194,190,7,0.04375
60,21,5,2,23,22,194,189,11,0.06875
60,22,6,2,15,11,155,155,8,0.05
60,23,7,2,26,13,106,106,4,0.025
60,24,0,3,24,21,127,130,3,0.01875
60,25,1,3,21,15,162,160,7,0.04375
60,26,2,3,21,17,181,179,5,0.03125
60,27,3,3,19,18,194,194,2,0.0125
60,28,4,3,23,24,195,195,3,0.01875
60,29,5,3,13,20,197,193,3,0.01875
60,30,6,3,23,23,171,173,5,0.03125
60,31,7,3,25,26,113,115,1,0.00625
60,32,0,4,20,15,111,116,1,0.00625
60,33,1,4,18,22,146,148,6,0.0375
60,34,2,4,22,26,167,169,6,0.0375
60,35,3,4,10,18,179,182,1,0.00625
60,36,4,4,20,28,203,206,1,0.00625
60,37,5,4,28,21,211,213,4,0.025
60,38,6,4,14,25,161,167,3,0.01875
60,39,7,4,22,23,112,115,2,0.0125
60,40,0,5,14,18,97,98,5,0.03125
60,41,1,5,23,16,144,149,2,0.0125
60,42,2,5,19,26,179,182,5,0.03125
60,43,3,5,22,20,198,195,5,0.03125
60,44,4,5,19,20,201,203,4,0.025
60,45,5,5,21,26,199,205,0,0.0
60,46,6,5,20,22,145,152,3,0.01875
60,47,7,5,22,15,93,96,3,0.01875
60,48,0,6,22,11,76,77,3,0.01875
60,49,1,6,17,20,118,124,3,0.01875
60,50,2,6,21,22,156,156,3,0.01875
60,51,3,6,22,19,166,166,4,0.025
60,52,4,6,16,28,174,174,5,0.03125
60,53,5,6,18,24,165,172,0,0.0
60,54,6,6,22,23,139,143,3,0.01875
60,55,7,6,17,29,82,85,0,0.0
60,56,0,7,13,18,47,51,0,0.0
60,57,1,7,24,20,89,95,1,0.00625
60,58,2,7,30,27,134,137,3,0.01875
60,59,3,7,17,30,139,141,1,0.00625
60,60,4,7,18,26,142,145,2,0.0125
60,61,5,7,24,34,134,135,3,0.01875
60,62,6,7,23,23,99,101,4,0.025
60,63,7,7,19,13,47,48,2,0.0125
61,0,0,0,20,16,44,43,3,0.01875
61,1,1,0,18,26,74,75,7,0.04375
61,2,2,0,18,17,83,82,6,0.0375
61,3,3,0,13,13,98,95,6,0.0375
61,4,4,0,16,19,98,98,5,0.03125
61,5,5,0,19,23,97,102,1,0.00625
61,6,6,0,17,16,71,73,7,0.04375
61,7,7,0,17,21,48,50,3,0.01875
61,8,0,1,10,15,59,56,4,0.025
61,9,1,1,7,14,84,81,9,0.05625
61,10,2,1,13,18,87,86,9,0.05625
61,11,3,1,20,12,111,105,9,0.05625
61,12,4,1,25,12,115,113,6,0.0375
61,13,5,1,21,17,116,109,11,0.06875
61,14,6,1,14,23,93,95,6,0.0375
61,15,7,1,18,17,74,70,4,0.025
61,16,0,2,9,19,78,72,5,0.03125
61,17,1,2,9,12,96,96,8,0.05
61,18,2,2,6,8,92,92,6,0.0375
61,19,3,2,21,11,127,126,7,0.04375
61,20,4,2,22,20,141,142,7,0.04375
61,21,5,2,17,16,131,139,4,0.025
61,22,6,2,16,12,113,115,7,0.04375
61,23,7,2,14,9,77,75,4,0.025
61,24,0,3,20,14,95,93,5,0.03125
61,25,1,3,21,16,121,121,7,0.04375
61,26,2,3,15,17,130,134,2,0.0125
61,27,3,3,19,26,156,155,3,0.01875
61,28,4,3,16,14,151,151,4,0.025
61,29,5,3,22,18,151,151,4,0.025
61,30,6,3,18,20,125,131,1,0.00625
61,31,7,3,20,18,87,89,1,0.00625
61,32,0,4,15,15,94,94,1,0.00625
61,33,1,4,21,20,126,126,7,0.04375
61,34,2,4,22,23,145,146,6,0.0375
61,35,3,4,20,21,163,155,8,0.05
61,36,4,4,22,20,172,171,2,0.0125
61,37,5,4,18,15,160,161,2,0.0125
61,38,6,4,15,16,139,140,2,0.0125
61,39,7,4,27,18,109,108,1,0.00625
61,40,0,5,20,11,89,89,4,0.025
61,41,1,5,12,21,122,123,1,0.00625
61,42,2,5,13,15,123,124,3,0.01875
61,43,3,5,20,22,148,148,5,0.03125
61,44,4,5,26,20,162,161,5,0.03125
61,45,5,5,18,19,138,135,2,0.0125
61,46,6,5,29,15,126,121,9,0.05625
61,47,7,5,20,17,102,99,6,0.0375
61,48,0,6,15,15,63,63,2,0.0125
61,49,1,6,20,19,94,93,4,0.025
61,50,2,6,16,13,95,96,4,0.025
61,51,3,6,17,17,116,117,5,0.03125
61,52,4,6,18,16,137,137,5,0.03125
61,53,5,6,24,23,130,125,7,0.04375
61,54,6,6,18,13,101,92,11,0.06875
61,55,7,6,17,15,77,74,3,0.01875
61,56,0,7,15,13,41,40,0,0.0
61,57,1,7,21,20,82,80,3,0.01875
61,58,2,7,20,15,96,94,6,0.0375
61,59,3,7,21,19,111,108,4,0.025
61,60,4,7,20,28,115,114,2,0.0125
61,61,5,7,16,19,93,96,0,0.0
61,62,6,7,22,20,87,90,1,0.00625
61,63,7,7,25,25,61,60,3,0.01875
62,0,0,0,12,11,38,37,4,0.025
62,1,1,0,19,14,66,64,9,0.05625
62,2,2,0,16,11,77,78,3,0.01875
62,3,3,0,21,19,94,97,3,0.01875
62,4,4,0,22,19,88,86,6,0.0375
62,5,5,0,17,19,72,67,5,0.03125
62,6,6,0,10,22,56,55,7,0.04375
62,7,7,0,4,15,31,31,3,0.01875
62,8,0,1,6,8,52,50,5,0.03125
62,9,1,1,12,14,82,82,7,0.04375
62,10,2,1,13,27,113,113,7,0.04375
62,11,3,1,18,19,119,125,3,0.01875
62,12,4,1,25,12,114,115,5,0.03125
62,13,5,1,26,18,113,117,8,0.05
62,14,6,1,12,16,97,93,10,0.0625
62,15,7,1,12,22,63,63,4,0.025
62,16,0,2,4,20,75,72,9,0.05625
62,17,1,2,9,8,92,88,11,0.06875
62,18,2,2,31,10,135,133,8,0.05
62,19,3,2,18,19,138,142,3,0.01875
62,20,4,2,18,13,132,135,4,0.025
62,21,5,2,21,13,127,124,6,0.0375
62,22,6,2,19,19,112,113,7,0.04375
62,23,7,2,16,20,86,86,5,0.03125
62,24,0,3,10,16,88,86,7,0.04375
62,25,1,3,13,15,108,107,9,0.05625
62,26,2,3,25,24,138,136,5,0.03125
62,27,3,3,17,18,148,149,4,0.025
62,28,4,3,21,20,155,155,4,0.025
62,29,5,3,18,26,147,148,3,0.01875
62,30,6,3,21,13,131,119,10,0.0625
62,31,7,3,20,15,99,97,2,0.0125
62,32,0,4,16,13,98,94,4,0.025
62,33,1,4,17,10,111,108,10,0.0625
62,34,2,4,23,9,137,133,9,0.05625
62,35,3,4,20,16,157,162,4,0.025
62,36,4,4,27,17,157,157,2,0.0125
62,37,5,4,16,16,146,150,0,0.0
62,38,6,4,22,14,128,123,8,0.05
62,39,7,4,18,19,98,97,3,0.01875
62,40,0,5,21,16,98,98,4,0.025
62,41,1,5,17,23,109,101,9,0.05625
62,42,2,5,25,8,126,126,4,0.025
62,43,3,5,17,10,141,142,4,0.025
62,44,4,5,20,21,138,138,4,0.025
62,45,5,5,19,21,132,131,5,0.03125
62,46,6,5,16,25,124,121,11,0.06875
62,47,7,5,22,23,92,94,4,0.025
62,48,0,6,21,24,87,86,5,0.03125
62,49,1,6,13,15,90,85,8,0.05
62,50,2,6,20,15,110,109,4,0.025
62,51,3,6,13,18,117,112,10,0.0625
62,52,4,6,15,17,106,106,5,0.03125
62,53,5,6,18,16,107,111,4,0.025
62,54,6,6,17,17,100,104,9,0.05625
62,55,7,6,15,10,64,63,4,0.025
62,56,0,7,14,21,53,53,0,0.0
62,57,1,7,17,18,75,77,0,0.0
62,58,2,7,19,19,95,100,0,0.0
62,59,3,7,20,19,108,105,7,0.04375
62,60,4,7,11,17,100,99,5,0.03125
62,61,5,7,20,18,102,97,5,0.03125
62,62,6,7,20,18,85,81,6,0.0375
62,63,7,7,21,12,46,47,0,0.0
63,0,0,0,16,22,51,49,4,0.025
63,1,1,0,18,22,77,80,6,0.0375
63,2,2,0,19,15,99,100,3,0.01875
63,3,3,0,20,28,119,120,3,0.01875
63,4,4,0,22,17,92,96,2,0.0125
63,5,5,0,15,24,83,82,7,0.04375
63,6,6,0,2,21,56,55,8,0.05
63,7,7,0,13,12,33,31,4,0.025
63,8,0,1,12,17,70,69,7,0.04375
63,9,1,1,7,13,81,83,7,0.04375
63,10,2,1,30,16,121,121,8,0.05
63,11,3,1,21,16,149,142,9,0.05625
63,12,4,1,31,11,120,115,11,0.06875
63,13,5,1,14,11,108,106,8,0.05
63,14,6,1,16,15,94,95,9,0.05625
63,15,7,1,12,27,71,72,3,0.01875
63,16,0,2,6,24,87,87,8,0.05
63,17,1,2,15,16,99,102,9,0.05625
63,18,2,2,27,19,136,136,8,0.05
63,19,3,2,14,15,147,145,5,0.03125
63,20,4,2,19,14,137,135,7,0.04375
63,21,5,2,19,16,136,138,3,0.01875
63,22,6,2,21,13,120,118,8,0.05
63,23,7,2,15,14,89,92,2,0.0125
63,24,0,3,12,10,99,101,6,0.0375
63,25,1,3,20,16,127,127,7,0.04375
63,26,2,3,18,14,148,147,5,0.03125
63,27,3,3,18,18,162,161,4,0.025
63,28,4,3,22,15,145,143,4,0.025
63,29,5,3,15,11,130,127,7,0.04375
63,30,6,3,11,16,108,115,4,0.025
63,31,7,3,17,12,98,98,2,0.0125
63,32,0,4,16,16,100,103,2,0.0125
63,33,1,4,14,16,121,123,7,0.04375
63,34,2,4,21,19,145,151,4,0.025
63,35,3,4,21,11,159,158,4,0.025
63,36,4,4,22,15,148,144,5,0.03125
63,37,5,4,21,13,140,132,8,0.05
63,38,6,4,16,16,121,123,6,0.0375
63,39,7,4,14,18,100,97,6,0.0375
63,40,0,5,23,13,101,96,9,0.05625
63,41,1,5,12,19,114,115,7,0.04375
63,42,2,5,18,12,128,126,6,0.0375
63,43,3,5,23,22,152,145,10,0.0625
63,44,4,5,25,14,137,137,5,0.03125
63,45,5,5,19,18,117,118,3,0.01875
63,46,6,5,10,10,96,97,9,0.05625
63,47,7,5,7,12,79,75,7,0.04375
63,48,0,6,4,25,73,71,6,0.0375
63,49,1,6,12,15,78,79,6,0.0375
63,50,2,6,19,16,91,91,5,0.03125
63,51,3,6,20,15,105,108,5,0.03125
63,52,4,6,20,14,100,102,3,0.01875
63,53,5,6,17,9,83,80,5,0.03125
63,54,6,6,11,14,74,73,10,0.0625
63,55,7,6,9,15,61,59,6,0.0375
63,56,0,7,11,13,40,39,1,0.00625
63,57,1,7,13,16,72,67,5,0.03125
63,58,2,7,19,19,92,88,4,0.025
63,59,3,7,21,16,91,95,1,0.00625
63,60,4,7,18,18,90,92,1,0.00625
63,61,5,7,20,15,80,77,7,0.04375
63,62,6,7,17,14,64,60,9,0.05625
63,63,7,7,16,20,45,43,5,0.03125
64,0,0,0,10,20,44,45,4,0.025
64,1,1,0,13,19,72,70,9,0.05625
64,2,2,0,22,17,90,86,8,0.05
64,3,3,0,26,18,97,91,7,0.04375
64,4,4,0,23,17,97,96,4,0.025
64,5,5,0,23,16,85,90,3,0.01875
64,6,6,0,14,23,64,66,6,0.0375
64,7,7,0,9,14,37,37,4,0.025
64,8,0,1,11,21,71,73,4,0.025
64,9,1,1,11,16,91,91,8,0.05
64,10,2,1,19,10,96,100,5,0.03125
64,11,3,1,17,10,104,108,5,0.03125
64,12,4,1,20,18,110,117,5,0.03125
64,13,5,1,18,16,101,102,9,0.05625
64,14,6,1,7,11,68,69,8,0.05
64,15,7,1,3,24,65,64,4,0.025
64,16,0,2,15,18,84,89,4,0.025
64,17,1,2,9,18,102,101,9,0.05625
64,18,2,2,19,21,119,119,8,0.05
64,19,3,2,21,20,141,141,6,0.0375
64,20,4,2,19,14,144,146,4,0.025
64,21,5,2,13,22,138,139,4,0.025
64,22,6,2,26,16,118,118,7,0.04375
64,23,7,2,26,19,108,103,6,0.0375
64,24,0,3,14,18,105,106,5,0.03125
64,25,1,3,10,10,104,106,7,0.04375
64,26,2,3,25,17,133,134,4,0.025
64,27,3,3,20,22,153,153,4,0.025
64,28,4,3,11,20,158,161,2,0.0125
64,29,5,3,20,14,151,153,5,0.03125
64,30,6,3,24,17,128,127,5,0.03125
64,31,7,3,22,21,113,110,5,0.03125
64,32,0,4,16,20,109,107,4,0.025
64,33,1,4,15,17,121,120,9,0.05625
64,34,2,4,16,15,138,133,8,0.05
64,35,3,4,21,17,152,151,4,0.025
64,36,4,4,24,18,158,159,4,0.025
64,37,5,4,21,26,152,152,7,0.04375
64,38,6,4,11,22,114,112,8,0.05
64,39,7,4,11,24,101,102,6,0.0375
64,40,0,5,7,19,85,87,8,0.05
64,41,1,5,12,16,100,101,8,0.05
64,42,2,5,19,15,116,114,7,0.04375
64,43,3,5,16,16,129,135,5,0.03125
64,44,4,5,27,19,147,149,3,0.01875
64,45,5,5,18,19,150,149,3,0.01875
64,46,6,5,20,16,113,116,5,0.03125
64,47,7,5,21,14,93,96,4,0.025
64,48,0,6,14,17,67,64,9,0.05625
64,49,1,6,18,21,100,100,7,0.04375
64,50,2,6,23,16,115,114,6,0.0375
64,51,3,6,13,25,133,133,6,0.0375
64,52,4,6,17,20,129,128,4,0.025
64,53,5,6,27,25,137,138,3,0.01875
64,54,6,6,12,14,90,93,6,0.0375
64,55,7,6,13,12,70,68,9,0.05625
64,56,0,7,21,20,55,51,5,0.03125
64,57,1,7,22,18,83,83,6,0.0375
64,58,2,7,21,14,95,94,5,0.03125
64,59,3,7,17,18,109,110,3,0.01875
64,60,4,7,19,12,100,100,2,0.0125
64,61,5,7,18,21,102,107,2,0.0125
64,62,6,7,20,23,83,84,8,0.05
64,63,7,7,16,17,48,48,2,0.0125
65,0,0,0,6,22,36,38,2,0.0125
65,1,1,0,8,14,48,51,6,0.0375
65,2,2,0,18,15,75,78,5,0.03125
65,3,3,0,19,24,101,106,2,0.0125
65,4,4,0,22,15,104,105,2,0.0125
65,5,5,0,14,13,93,93,3,0.01875
65,6,6,0,20,16,76,76,6,0.0375
65,7,7,0,21,22,54,53,5,0.03125
65,8,0,1,9,16,55,56,4,0.025
65,9,1,1,10,18,79,77,10,0.0625
65,10,2,1,19,15,102,98,9,0.05625
65,11,3,1,25,22,139,136,9,0.05625
65,12,4,1,20,18,129,128,5,0.03125
65,13,5,1,35,26,134,134,7,0.04375
65,14,6,1,17,19,104,103,8,0.05
65,15,7,1,12,20,80,75,9,0.05625
65,16,0,2,12,17,76,75,5,0.03125
65,17,1,2,13,14,101,100,8,0.05
65,18,2,2,29,23,122,128,3,0.01875
65,19,3,2,20,18,150,147,8,0.05
65,20,4,2,15,27,152,153,4,0.025
65,21,5,2,27,16,138,135,6,0.0375
65,22,6,2,18,12,108,109,8,0.05
65,23,7,2,14,20,94,96,4,0.025
65,24,0,3,18,17,92,92,4,0.025
65,25,1,3,16,18,119,119,8,0.05
65,26,2,3,17,20,136,134,6,0.0375
65,27,3,3,21,13,159,155,7,0.04375
65,28,4,3,15,14,168,165,5,0.03125
65,29,5,3,15,13,152,152,5,0.03125
65,30,6,3,22,23,146,144,8,0.05
65,31,7,3,24,19,112,111,6,0.0375
65,32,0,4,12,14,90,86,9,0.05625
65,33,1,4,15,10,116,119,6,0.0375
65,34,2,4,13,21,132,134,6,0.0375
65,35,3,4,14,15,149,147,7,0.04375
65,36,4,4,18,23,160,163,2,0.0125
65,37,5,4,22,13,153,156,5,0.03125
65,38,6,4,23,15,139,139,8,0.05
65,39,7,4,16,17,95,95,5,0.03125
65,40,0,5,17,18,89,89,7,0.04375
65,41,1,5,20,16,116,116,7,0.04375
65,42,2,5,13,16,121,125,3,0.01875
65,43,3,5,12,20,134,137,1,0.00625
65,44,4,5,21,12,131,132,1,0.00625
65,45,5,5,18,14,131,130,5,0.03125
65,46,6,5,15,23,115,112,9,0.05625
65,47,7,5,16,19,83,83,4,0.025
65,48,0,6,25,14,80,85,4,0.025
65,49,1,6,22,12,106,107,6,0.0375
65,50,2,6,16,16,99,102,3,0.01875
65,51,3,6,19,10,107,108,5,0.03125
65,52,4,6,14,15,111,109,4,0.025
65,53,5,6,22,21,114,114,4,0.025
65,54,6,6,6,16,84,83,8,0.05
65,55,7,6,8,16,58,63,3,0.01875
65,56,0,7,15,17,46,48,3,0.01875
65,57,1,7,14,23,77,78,5,0.03125
65,58,2,7,21,10,80,78,7,0.04375
65,59,3,7,26,10,99,98,4,0.025
65,60,4,7,13,19,106,103,5,0.03125
65,61,5,7,20,19,101,101,3,0.01875
65,62,6,7,22,21,81,80,9,0.05625
65,63,7,7,17,20,47,47,5,0.03125
66,0,0,0,20,26,66,67,1,0.00625
66,1,1,0,21,12,94,98,1,0.00625
66,2,2,0,16,22,121,123,2,0.0125
66,3,3,0,19,25,134,134,3,0.01875
66,4,4,0,22,22,128,126,5,0.03125
66,5,5,0,20,22,119,114,7,0.04375
66,6,6,0,21,12,94,95,6,0.0375
66,7,7,0,23,29,69,74,0,0.0
66,8,0,1,20,29,99,103,0,0.0
66,9,1,1,18,17,113,121,2,0.0125
66,10,2,1,18,17,135,144,0,0.0
66,11,3,1,16,25,172,178,3,0.01875
66,12,4,1,21,21,168,170,3,0.01875
66,13,5,1,18,15,136,140,4,0.025
66,14,6,1,20,24,122,125,6,0.0375
66,15,7,1,21,19,94,100,3,0.01875
66,16,0,2,24,28,123,126,1,0.00625
66,17,1,2,20,30,139,146,2,0.0125
66,18,2,2,13,24,151,148,4,0.025
66,19,3,2,10,25,174,182,1,0.00625
66,20,4,2,18,25,178,178,3,0.01875
66,21,5,2,16,18,158,163,2,0.0125
66,22,6,2,16,14,131,133,5,0.03125
66,23,7,2,26,25,121,120,5,0.03125
66,24,0,3,17,15,121,121,3,0.01875
66,25,1,3,20,30,152,150,9,0.05625
66,26,2,3,24,25,182,184,4,0.025
66,27,3,3,22,25,217,221,3,0.01875
66,28,4,3,25,20,200,199,4,0.025
66,29,5,3,18,20,173,175,3,0.01875
66,30,6,3,19,20,144,144,8,0.05
66,31,7,3,20,17,115,116,4,0.025
66,32,0,4,17,12,111,118,1,0.00625
66,33,1,4,27,23,137,138,3,0.01875
66,34,2,4,16,21,170,174,2,0.0125
66,35,3,4,17,21,195,200,2,0.0125
66,36,4,4,21,22,187,187,3,0.01875
66,37,5,4,20,21,182,178,7,0.04375
66,38,6,4,21,31,160,162,7,0.04375
66,39,7,4,17,28,119,123,1,0.00625
66,40,0,5,20,14,103,109,1,0.00625
66,41,1,5,17,15,123,130,1,0.00625
66,42,2,5,14,19,162,162,4,0.025
66,43,3,5,21,29,196,196,2,0.0125
66,44,4,5,17,25,170,168,4,0.025
66,45,5,5,21,23,176,180,3,0.01875
66,46,6,5,22,19,152,157,2,0.0125
66,47,7,5,13,25,99,101,2,0.0125
66,48,0,6,17,26,82,85,2,0.0125
66,49,1,6,23,18,110,117,0,0.0
66,50,2,6,19,20,144,140,3,0.01875
66,51,3,6,10,28,159,159,4,0.025
66,52,4,6,24,20,150,150,3,0.01875
66,53,5,6,21,31,169,166,7,0.04375
66,54,6,6,23,22,135,136,6,0.0375
66,55,7,6,21,17,74,76,1,0.00625
66,56,0,7,17,19,48,51,1,0.00625
66,57,1,7,22,13,82,85,1,0.00625
66,58,2,7,14,21,114,121,0,0.0
66,59,3,7,22,20,127,130,0,0.0
66,60,4,7,14,10,109,113,1,0.00625
66,61,5,7,19,24,124,126,1,0.00625
66,62,6,7,17,27,99,108,0,0.0
66,63,7,7,21,17,50,55,0,0.0
67,0,0,0,18,17,47,47,1,0.00625
67,1,1,0,18,17,79,72,8,0.05
67,2,2,0,25,15,91,86,6,0.0375
67,3,3,0,18,13,97,97,3,0.01875
67,4,4,0,22,18,107,109,2,0.0125
67,5,5,0,20,17,95,94,8,0.05
67,6,6,0,12,16,72,67,10,0.0625
67,7,7,0,14,16,44,41,3,0.01875
67,8,0,1,26,20,86,80,5,0.03125
67,9,1,1,18,17,107,102,7,0.04375
67,10,2,1,15,19,119,111,7,0.04375
67,11,3,1,23,17,123,118,8,0.05
67,12,4,1,14,9,114,111,5,0.03125
67,13,5,1,22,17,112,108,9,0.05625
67,14,6,1,19,19,102,99,8,0.05
67,15,7,1,21,18,77,73,6,0.0375
67,16,0,2,22,10,92,90,4,0.025
67,17,1,2,14,14,115,108,10,0.0625
67,18,2,2,22,14,132,130,8,0.05
67,19,3,2,24,14,137,130,8,0.05
67,20,4,2,21,16,143,143,3,0.01875
67,21,5,2,20,12,129,128,2,0.0125
67,22,6,2,13,17,115,117,2,0.0125
67,23,7,2,17,16,90,92,2,0.0125
67,24,0,3,16,16,95,99,1,0.00625
67,25,1,3,18,23,124,129,3,0.01875
67,26,2,3,18,17,153,151,5,0.03125
67,27,3,3,25,22,159,158,6,0.0375
67,28,4,3,22,21,145,148,4,0.025
67,29,5,3,21,14,120,118,4,0.025
67,30,6,3,11,20,116,114,10,0.0625
67,31,7,3,13,17,95,95,4,0.025
67,32,0,4,20,16,111,104,7,0.04375
67,33,1,4,20,16,135,129,10,0.0625
67,34,2,4,19,14,151,147,6,0.0375
67,35,3,4,28,17,155,152,4,0.025
67,36,4,4,17,17,143,143,2,0.0125
67,37,5,4,22,21,125,124,9,0.05625
67,38,6,4,16,19,118,115,9,0.05625
67,39,7,4,16,14,89,87,4,0.025
67,40,0,5,23,14,112,108,4,0.025
67,41,1,5,22,12,128,126,2,0.0125
67,42,2,5,21,26,157,154,7,0.04375
67,43,3,5,25,19,147,142,7,0.04375
67,44,4,5,23,19,129,128,5,0.03125
67,45,5,5,19,13,121,115,7,0.04375
67,46,6,5,15,21,117,114,7,0.04375
67,47,7,5,19,14,92,89,6,0.0375
67,48,0,6,21,27,93,90,4,0.025
67,49,1,6,17,21,106,101,4,0.025
67,50,2,6,28,22,116,119,3,0.01875
67,51,3,6,18,20,122,125,3,0.01875
67,52,4,6,21,17,121,125,2,0.0125
67,53,5,6,19,18,106,111,3,0.01875
67,54,6,6,17,21,97,92,10,0.0625
67,55,7,6,15,20,80,73,9,0.05625
67,56,0,7,19,19,55,51,4,0.025
67,57,1,7,14,27,85,81,6,0.0375
67,58,2,7,25,15,90,87,2,0.0125
67,59,3,7,14,14,92,91,1,0.00625
67,60,4,7,20,21,104,104,2,0.0125
67,61,5,7,25,10,92,90,4,0.025
67,62,6,7,27,13,83,78,4,0.025
67,63,7,7,16,18,52,49,2,0.0125
68,0,0,0,18,19,48,46,4,0.025
68,1,1,0,20,22,69,73,5,0.03125
68,2,2,0,19,17,87,88,6,0.0375
68,3,3,0,29,18,101,100,3,0.01875
68,4,4,0,22,15,97,95,2,0.0125
68,5,5,0,16,20,80,83,6,0.0375
68,6,6,0,10,18,59,62,7,0.04375
68,7,7,0,8,20,43,43,4,0.025
68,8,0,1,17,15,75,73,7,0.04375
68,9,1,1,27,22,115,112,10,0.0625
68,10,2,1,17,12,108,108,7,0.04375
68,11,3,1,20,15,115,120,3,0.01875
68,12,4,1,17,14,125,125,4,0.025
68,13,5,1,21,16,110,115,3,0.01875
68,14,6,1,12,11,91,89,8,0.05
68,15,7,1,6,27,80,82,5,0.03125
68,16,0,2,21,15,97,93,6,0.0375
68,17,1,2,19,23,137,142,6,0.0375
68,18,2,2,15,20,137,142,4,0.025
68,19,3,2,16,17,131,131,9,0.05625
68,20,4,2,21,23,151,143,10,0.0625
68,21,5,2,17,17,134,135,2,0.0125
68,22,6,2,13,24,126,129,1,0.00625
68,23,7,2,21,20,108,112,0,0.0
68,24,0,3,19,26,98,98,1,0.00625
68,25,1,3,24,12,143,140,3,0.01875
68,26,2,3,16,23,156,156,6,0.0375
68,27,3,3,13,17,148,149,4,0.025
68,28,4,3,24,19,155,157,1,0.00625
68,29,5,3,25,10,140,139,5,0.03125
68,30,6,3,20,22,134,136,8,0.05
68,31,7,3,16,12,106,106,6,0.0375
68,32,0,4,20,14,88,94,2,0.0125
68,33,1,4,18,21,135,138,8,0.05
68,34,2,4,18,29,159,160,5,0.03125
68,35,3,4,14,28,152,154,2,0.0125
68,36,4,4,22,15,144,146,1,0.00625
68,37,5,4,19,12,141,144,5,0.03125
68,38,6,4,15,19,125,124,10,0.0625
68,39,7,4,11,21,108,103,8,0.05
68,40,0,5,15,12,76,80,1,0.00625
68,41,1,5,21,22,123,121,5,0.03125
68,42,2,5,24,16,134,133,8,0.05
68,43,3,5,21,15,138,138,6,0.0375
68,44,4,5,19,17,128,125,6,0.0375
68,45,5,5,17,22,122,125,5,0.03125
68,46,6,5,8,18,106,106,6,0.0375
68,47,7,5,17,19,90,89,7,0.04375
68,48,0,6,10,16,62,62,4,0.025
68,49,1,6,13,19,83,82,5,0.03125
68,50,2,6,26,18,106,100,8,0.05
68,51,3,6,19,19,104,101,5,0.03125
68,52,4,6,17,12,97,91,8,0.05
68,53,5,6,12,18,91,86,9,0.05625
68,54,6,6,11,17,87,88,9,0.05625
68,55,7,6,13,14,69,72,6,0.0375
68,56,0,7,16,22,49,50,4,0.025
68,57,1,7,19,13,69,67,8,0.05
68,58,2,7,27,13,89,86,7,0.04375
68,59,3,7,19,10,96,94,4,0.025
68,60,4,7,15,14,101,101,2,0.0125
68,61,5,7,21,15,94,92,4,0.025
68,62,6,7,18,12,76,75,7,0.04375
68,63,7,7,17,23,55,53,3,0.01875
69,0,0,0,17,26,59,57,6,0.0375
69,1,1,0,13,14,78,73,10,0.0625
69,2,2,0,27,14,101,101,6,0.0375
69,3,3,0,19,20,112,114,3,0.01875
69,4,4,0,20,20,111,112,4,0.025
69,5,5,0,28,22,102,102,5,0.03125
69,6,6,0,12,19,64,64,7,0.04375
69,7,7,0,11,18,37,38,3,0.01875
69,8,0,1,15,19,76,75,8,0.05
69,9,1,1,14,25,99,101,6,0.0375
69,10,2,1,16,20,111,110,7,0.04375
69,11,3,1,27,17,129,128,3,0.01875
69,12,4,1,17,21,133,133,7,0.04375
69,13,5,1,15,21,133,131,6,0.0375
69,14,6,1,27,21,119,122,7,0.04375
69,15,7,1,20,20,79,81,3,0.01875
69,16,0,2,8,12,81,81,5,0.03125
69,17,1,2,9,16,106,103,9,0.05625
69,18,2,2,19,15,116,114,4,0.025
69,19,3,2,22,18,138,140,5,0.03125
69,20,4,2,18,17,137,145,3,0.01875
69,21,5,2,21,19,150,146,4,0.025
69,22,6,2,22,20,129,121,7,0.04375
69,23,7,2,20,21,94,90,3,0.01875
69,24,0,3,19,15,98,97,0,0.0
69,25,1,3,20,18,126,123,10,0.0625
69,26,2,3,17,9,136,136,5,0.03125
69,27,3,3,20,19,156,155,3,0.01875
69,28,4,3,18,15,143,138,5,0.03125
69,29,5,3,17,17,153,150,8,0.05
69,30,6,3,23,14,130,131,7,0.04375
69,31,7,3,24,17,105,106,4,0.025
69,32,0,4,16,15,103,100,6,0.0375
69,33,1,4,19,16,131,130,9,0.05625
69,34,2,4,19,18,150,148,6,0.0375
69,35,3,4,17,13,154,152,4,0.025
69,36,4,4,24,18,148,143,6,0.0375
69,37,5,4,19,10,141,139,9,0.05625
69,38,6,4,21,17,121,125,6,0.0375
69,39,7,4,13,19,96,102,2,0.0125
69,40,0,5,19,19,90,86,5,0.03125
69,41,1,5,21,12,116,113,8,0.05
69,42,2,5,22,21,144,145,8,0.05
69,43,3,5,25,16,147,149,6,0.0375
69,44,4,5,20,10,128,132,2,0.0125
69,45,5,5,18,20,129,129,5,0.03125
69,46,6,5,17,19,113,115,6,0.0375
69,47,7,5,7,18,85,87,4,0.025
69,48,0,6,19,17,67,69,3,0.01875
69,49,1,6,15,17,98,94,9,0.05625
69,50,2,6,19,14,112,116,5,0.03125
69,51,3,6,20,13,115,115,5,0.03125
69,52,4,6,28,15,104,104,7,0.04375
69,53,5,6,9,20,96,96,8,0.05
69,54,6,6,5,26,74,75,8,0.05
69,55,7,6,1,22,55,57,4,0.025
69,56,0,7,17,22,49,50,2,0.0125
69,57,1,7,21,22,81,85,4,0.025
69,58,2,7,21,13,87,89,2,0.0125
69,59,3,7,28,18,103,103,4,0.025
69,60,4,7,20,16,94,88,6,0.0375
69,61,5,7,12,21,79,78,7,0.04375
69,62,6,7,10,16,63,61,8,0.05
69,63,7,7,10,9,35,36,4,0.025
70,0,0,0,14,9,38,37,7,0.04375
70,1,1,0,15,28,85,86,9,0.05625
70,2,2,0,17,20,90,92,5,0.03125
70,3,3,0,23,18,109,106,6,0.0375
70,4,4,0,25,15,108,108,4,0.025
70,5,5,0,17,24,99,102,3,0.01875
70,6,6,0,18,12,74,71,9,0.05625
70,7,7,0,15,15,43,43,3,0.01875
70,8,0,1,11,13,55,54,9,0.05625
70,9,1,1,15,18,108,106,9,0.05625
70,10,2,1,27,13,119,124,4,0.025
70,11,3,1,26,17,136,135,5,0.03125
70,12,4,1,15,19,127,126,7,0.04375
70,13,5,1,13,11,113,111,5,0.03125
70,14,6,1,13,19,96,95,8,0.05
70,15,7,1,15,18,76,71,8,0.05
70,16,0,2,18,22,89,87,9,0.05625
70,17,1,2,19,13,123,121,10,0.0625
70,18,2,2,18,19,140,139,7,0.04375
70,19,3,2,14,18,148,153,1,0.00625
70,20,4,2,21,23,158,156,4,0.025
70,21,5,2,18,20,143,145,5,0.03125
70,22,6,2,18,14,122,121,9,0.05625
70,23,7,2,26,19,108,103,8,0.05
70,24,0,3,21,16,101,99,3,0.01875
70,25,1,3,13,14,128,130,7,0.04375
70,26,2,3,24,17,144,147,4,0.025
70,27,3,3,21,14,156,159,3,0.01875
70,28,4,3,26,13,161,161,6,0.0375
70,29,5,3,25,17,148,149,7,0.04375
70,30,6,3,17,10,115,112,10,0.0625
70,31,7,3,7,15,97,95,6,0.0375
70,32,0,4,18,23,107,106,6,0.0375
70,33,1,4,14,20,132,133,8,0.05
70,34,2,4,23,19,151,152,5,0.03125
70,35,3,4,17,25,158,160,4,0.025
70,36,4,4,23,13,152,154,2,0.0125
70,37,5,4,15,20,133,138,5,0.03125
70,38,6,4,15,19,121,121,6,0.0375
70,39,7,4,21,15,109,102,8,0.05
70,40,0,5,16,19,95,95,5,0.03125
70,41,1,5,15,21,126,123,10,0.0625
70,42,2,5,19,15,131,133,5,0.03125
70,43,3,5,16,16,142,142,3,0.01875
70,44,4,5,20,14,148,148,4,0.025
70,45,5,5,19,16,129,129,4,0.025
70,46,6,5,14,17,108,104,10,0.0625
70,47,7,5,11,12,88,88,4,0.025
70,48,0,6,17,20,83,81,5,0.03125
70,49,1,6,19,21,111,112,9,0.05625
70,50,2,6,19,19,120,118,5,0.03125
70,51,3,6,20,17,124,127,2,0.0125
70,52,4,6,17,22,128,131,4,0.025
70,53,5,6,20,17,114,110,12,0.075
70,54,6,6,4,17,84,86,8,0.05
70,55,7,6,15,16,73,74,3,0.01875
70,56,0,7,21,23,63,62,4,0.025
70,57,1,7,21,17,87,83,8,0.05
70,58,2,7,20,12,97,95,7,0.04375
70,59,3,7,19,17,106,107,2,0.0125
70,60,4,7,24,17,100,101,6,0.0375
70,61,5,7,25,19,86,85,8,0.05
70,62,6,7,4,16,50,51,8,0.05
70,63,7,7,7,23,41,40,5,0.03125
71,0,0,0,15,11,36,39,4,0.025
71,1,1,0,20,11,61,61,8,0.05
71,2,2,0,20,21,84,82,6,0.0375
71,3,3,0,13,15,84,82,7,0.04375
71,4,4,0,12,20,86,84,5,0.03125
71,5,5,0,9,15,73,67,8,0.05
71,6,6,0,9,11,52,54,9,0.05625
71,7,7,0,7,19,36,35,4,0.025
71,8,0,1,12,16,61,58,11,0.06875
71,9,1,1,21,24,102,101,11,0.06875
71,10,2,1,20,25,117,115,5,0.03125
71,11,3,1,30,16,117,119,3,0.01875
71,12,4,1,20,15,111,113,5,0.03125
71,13,5,1,8,17,91,91,7,0.04375
71,14,6,1,6,16,72,70,10,0.0625
71,15,7,1,0,21,54,56,5,0.03125
71,16,0,2,18,16,79,81,7,0.04375
71,17,1,2,18,18,113,115,9,0.05625
71,18,2,2,23,15,131,124,12,0.075
71,19,3,2,19,20,135,130,7,0.04375
71,20,4,2,17,13,130,132,4,0.025
71,21,5,2,24,16,128,127,5,0.03125
71,22,6,2,17,14,112,114,7,0.04375
71,23,7,2,11,15,86,95,1,0.00625
71,24,0,3,17,12,97,95,3,0.01875
71,25,1,3,20,13,128,129,8,0.05
71,26,2,3,22,11,152,149,7,0.04375
71,27,3,3,19,16,153,149,6,0.0375
71,28,4,3,18,14,146,152,1,0.00625
71,29,5,3,23,13,136,139,6,0.0375
71,30,6,3,14,18,113,113,9,0.05625
71,31,7,3,12,21,101,100,7,0.04375
71,32,0,4,15,9,93,95,4,0.025
71,33,1,4,25,18,131,133,5,0.03125
71,34,2,4,18,16,156,158,4,0.025
71,35,3,4,20,18,146,147,2,0.0125
71,36,4,4,25,10,136,133,5,0.03125
71,37,5,4,16,21,138,136,5,0.03125
71,38,6,4,10,17,98,95,10,0.0625
71,39,7,4,6,18,84,90,4,0.025
71,40,0,5,16,16,91,91,5,0.03125
71,41,1,5,23,16,117,118,9,0.05625
71,42,2,5,19,18,150,147,7,0.04375
71,43,3,5,21,10,128,131,2,0.0125
71,44,4,5,19,13,124,120,7,0.04375
71,45,5,5,15,18,122,125,3,0.01875
71,46,6,5,7,16,83,84,8,0.05
71,47,7,5,9,12,76,77,4,0.025
71,48,0,6,16,17,72,73,4,0.025
71,49,1,6,10,15,95,91,10,0.0625
71,50,2,6,18,31,121,124,5,0.03125
71,51,3,6,24,15,120,115,6,0.0375
71,52,4,6,19,11,120,116,9,0.05625
71,53,5,6,20,24,115,120,6,0.0375
71,54,6,6,15,10,76,74,9,0.05625
71,55,7,6,10,16,67,65,4,0.025
71,56,0,7,16,24,53,53,3,0.01875
71,57,1,7,16,22,73,70,10,0.0625
71,58,2,7,19,13,86,86,6,0.0375
71,59,3,7,11,20,101,101,2,0.0125
71,60,4,7,21,17,103,106,4,0.025
71,61,5,7,22,19,87,87,6,0.0375
71,62,6,7,11,24,62,62,7,0.04375
71,63,7,7,6,21,43,44,4,0.025
72,0,0,0,17,21,56,59,1,0.00625
72,1,1,0,20,21,83,90,1,0.00625
72,2,2,0,25,27,121,125,3,0.01875
72,3,3,0,17,28,135,139,3,0.01875
72,4,4,0,21,24,135,137,4,0.025
72,5,5,0,24,27,120,120,7,0.04375
72,6,6,0,20,21,85,90,3,0.01875
72,7,7,0,20,20,52,54,1,0.00625
72,8,0,1,22,23,100,112,0,0.0
72,9,1,1,18,30,137,145,1,0.00625
72,10,2,1,18,17,159,160,4,0.025
72,11,3,1,21,19,167,167,2,0.0125
72,12,4,1,22,26,175,174,4,0.025
72,13,5,1,23,26,153,156,4,0.025
72,14,6,1,21,21,122,130,1,0.00625
72,15,7,1,16,23,81,84,1,0.00625
72,16,0,2,22,20,118,124,1,0.00625
72,17,1,2,21,21,158,161,4,0.025
72,18,2,2,21,25,188,193,7,0.04375
72,19,3,2,16,22,174,177,3,0.01875
72,20,4,2,19,33,201,198,6,0.0375
72,21,5,2,17,21,170,175,1,0.00625
72,22,6,2,30,21,142,145,4,0.025
72,23,7,2,20,18,102,99,2,0.0125
72,24,0,3,16,18,123,128,1,0.00625
72,25,1,3,15,27,162,167,2,0.0125
72,26,2,3,15,21,184,182,5,0.03125
72,27,3,3,16,23,177,181,3,0.01875
72,28,4,3,24,25,218,216,3,0.01875
72,29,5,3,20,17,190,187,8,0.05
72,30,6,3,19,22,151,154,8,0.05
72,31,7,3,22,20,112,117,3,0.01875
72,32,0,4,21,26,128,132,1,0.00625
72,33,1,4,24,30,175,172,8,0.05
72,34,2,4,16,27,183,179,6,0.0375
72,35,3,4,24,14,177,177,2,0.0125
72,36,4,4,19,23,208,209,4,0.025
72,37,5,4,15,26,182,184,4,0.025
72,38,6,4,31,24,153,156,4,0.025
72,39,7,4,18,22,110,111,1,0.00625
72,40,0,5,21,22,118,119,4,0.025
72,41,1,5,17,16,142,149,4,0.025
72,42,2,5,16,23,163,166,5,0.03125
72,43,3,5,23,18,170,167,4,0.025
72,44,4,5,18,23,191,197,0,0.0
72,45,5,5,11,24,168,169,0,0.0
72,46,6,5,19,8,141,144,5,0.03125
72,47,7,5,20,17,103,106,0,0.0
72,48,0,6,23,30,99,103,0,0.0
72,49,1,6,22,21,130,136,7,0.04375
72,50,2,6,25,24,156,154,7,0.04375
72,51,3,6,15,18,139,146,1,0.00625
72,52,4,6,19,14,168,172,4,0.025
72,53,5,6,18,19,152,158,1,0.00625
72,54,6,6,19,20,131,137,4,0.025
72,55,7,6,17,16,83,86,1,0.00625
72,56,0,7,25,22,58,60,1,0.00625
72,57,1,7,19,17,89,100,0,0.0
72,58,2,7,17,19,116,120,0,0.0
72,59,3,7,19,19,117,118,2,0.0125
72,60,4,7,17,26,137,139,1,0.00625
72,61,5,7,19,22,121,125,4,0.025
72,62,6,7,23,27,100,108,0,0.0
72,63,7,7,17,16,52,54,1,0.00625
73,0,0,0,18,12,39,39,1,0.00625
73,1,1,0,16,19,74,69,7,0.04375
73,2,2,0,17,21,93,91,4,0.025
73,3,3,0,27,18,103,105,1,0.00625
73,4,4,0,20,21,106,106,2,0.0125
73,5,5,0,19,18,85,90,4,0.025
73,6,6,0,17,14,65,63,5,0.03125
73,7,7,0,8,15,38,34,5,0.03125
73,8,0,1,17,15,66,65,1,0.00625
73,9,1,1,21,14,106,103,5,0.03125
73,10,2,1,17,15,122,122,4,0.025
73,11,3,1,22,14,130,125,8,0.05
73,12,4,1,11,16,123,123,5,0.03125
73,13,5,1,20,11,117,113,9,0.05625
73,14,6,1,15,24,106,105,4,0.025
73,15,7,1,20,15,74,69,6,0.0375
73,16,0,2,17,25,91,86,7,0.04375
73,17,1,2,14,15,98,95,9,0.05625
73,18,2,2,18,22,135,133,9,0.05625
73,19,3,2,17,21,144,143,3,0.01875
73,20,4,2,21,21,156,160,2,0.0125
73,21,5,2,22,20,144,141,3,0.01875
73,22,6,2,17,15,133,131,6,0.0375
73,23,7,2,23,15,94,95,2,0.0125
73,24,0,3,20,12,101,98,4,0.025
73,25,1,3,15,15,120,120,3,0.01875
73,26,2,3,24,25,158,159,7,0.04375
73,27,3,3,29,19,163,163,2,0.0125
73,28,4,3,25,26,173,169,5,0.03125
73,29,5,3,19,20,146,149,6,0.0375
73,30,6,3,23,25,136,135,7,0.04375
73,31,7,3,21,9,90,88,3,0.01875
73,32,0,4,14,17,103,99,4,0.025
73,33,1,4,19,17,118,122,4,0.025
73,34,2,4,20,20,150,153,4,0.025
73,35,3,4,26,22,168,162,8,0.05
73,36,4,4,16,12,149,152,2,0.0125
73,37,5,4,17,10,144,141,6,0.0375
73,38,6,4,20,19,137,140,2,0.0125
73,39,7,4,14,16,92,94,1,0.00625
73,40,0,5,13,18,95,99,1,0.00625
73,41,1,5,18,19,122,120,4,0.025
73,42,2,5,18,21,143,143,5,0.03125
73,43,3,5,17,14,142,141,5,0.03125
73,44,4,5,28,27,148,144,6,0.0375
73,45,5,5,12,13,127,117,11,0.06875
73,46,6,5,21,14,113,113,6,0.0375
73,47,7,5,17,16,91,87,3,0.01875
73,48,0,6,14,14,74,71,2,0.0125
73,49,1,6,11,14,87,85,9,0.05625
73,50,2,6,18,20,105,104,7,0.04375
73,51,3,6,23,16,129,122,7,0.04375
73,52,4,6,13,13,122,124,3,0.01875
73,53,5,6,20,19,119,115,5,0.03125
73,54,6,6,20,22,107,102,8,0.05
73,55,7,6,20,26,84,85,1,0.00625
73,56,0,7,25,25,62,62,2,0.0125
73,57,1,7,19,15,88,82,3,0.01875
73,58,2,7,25,15,102,102,2,0.0125
73,59,3,7,23,21,114,113,2,0.0125
73,60,4,7,21,20,108,105,5,0.03125
73,61,5,7,19,17,92,91,3,0.01875
73,62,6,7,13,10,72,63,9,0.05625
73,63,7,7,22,20,53,50,4,0.025
74,0,0,0,22,24,56,53,4,0.025
74,1,1,0,23,19,82,82,6,0.0375
74,2,2,0,17,16,95,94,6,0.0375
74,3,3,0,18,11,103,100,3,0.01875
74,4,4,0,12,21,100,102,1,0.00625
74,5,5,0,24,21,97,97,2,0.0125
74,6,6,0,13,21,67,67,5,0.03125
74,7,7,0,14,15,37,39,3,0.01875
74,8,0,1,20,14,75,74,2,0.0125
74,9,1,1,23,15,103,102,6,0.0375
74,10,2,1,19,17,118,116,6,0.0375
74,11,3,1,18,17,122,130,0,0.0
74,12,4,1,14,14,121,124,2,0.0125
74,13,5,1,18,29,137,139,4,0.025
74,14,6,1,19,16,107,104,6,0.0375
74,15,7,1,18,19,67,73,0,0.0
74,16,0,2,11,8,74,73,6,0.0375
74,17,1,2,10,22,111,110,10,0.0625
74,18,2,2,23,14,136,141,6,0.0375
74,19,3,2,22,13,156,154,4,0.025
74,20,4,2,14,20,141,141,2,0.0125
74,21,5,2,15,24,144,139,8,0.05
74,22,6,2,14,21,111,113,5,0.03125
74,23,7,2,20,13,83,84,0,0.0
74,24,0,3,21,12,100,99,5,0.03125
74,25,1,3,19,26,134,129,8,0.05
74,26,2,3,22,11,144,147,5,0.03125
74,27,3,3,17,22,156,149,9,0.05625
74,28,4,3,17,21,146,146,4,0.025
74,29,5,3,19,18,143,140,7,0.04375
74,30,6,3,12,21,118,122,5,0.03125
74,31,7,3,10,13,90,87,7,0.04375
74,32,0,4,15,19,96,95,6,0.0375
74,33,1,4,11,13,107,102,8,0.05
74,34,2,4,15,14,123,119,7,0.04375
74,35,3,4,23,19,148,150,6,0.0375
74,36,4,4,23,21,151,153,2,0.0125
74,37,5,4,18,18,136,139,3,0.01875
74,38,6,4,15,20,120,122,1,0.00625
74,39,7,4,14,25,95,96,0,0.0
74,40,0,5,17,18,92,87,5,0.03125
74,41,1,5,14,18,106,104,7,0.04375
74,42,2,5,20,14,123,121,8,0.05
74,43,3,5,16,13,141,143,3,0.01875
74,44,4,5,15,11,143,143,5,0.03125
74,45,5,5,18,11,122,130,4,0.025
74,46,6,5,22,13,108,111,3,0.01875
74,47,7,5,17,16,87,92,0,0.0
74,48,0,6,10,24,71,70,4,0.025
74,49,1,6,9,16,80,79,9,0.05625
74,50,2,6,17,17,104,104,6,0.0375
74,51,3,6,17,20,121,125,4,0.025
74,52,4,6,20,11,127,126,4,0.025
74,53,5,6,19,14,103,103,6,0.0375
74,54,6,6,16,14,83,81,11,0.06875
74,55,7,6,19,25,77,78,0,0.0
74,56,0,7,26,16,57,55,4,0.025
74,57,1,7,15,15,82,81,7,0.04375
74,58,2,7,18,21,97,97,1,0.00625
74,59,3,7,15,20,102,103,2,0.0125
74,60,4,7,28,17,105,107,2,0.0125
74,61,5,7,10,14,82,85,2,0.0125
74,62,6,7,21,12,75,77,6,0.0375
74,63,7,7,18,18,50,50,3,0.01875
75,0,0,0,18,8,41,40,4,0.025
75,1,1,0,18,20,84,84,5,0.03125
75,2,2,0,25,18,106,107,5,0.03125
75,3,3,0,16,17,111,111,3,0.01875
75,4,4,0,22,18,106,106,2,0.0125
75,5,5,0,25,18,102,97,7,0.04375
75,6,6,0,17,15,82,81,7,0.04375
75,7,7,0,21,26,61,60,4,0.025
75,8,0,1,21,21,79,79,3,0.01875
75,9,1,1,20,23,123,116,13,0.08125
75,10,2,1,22,12,124,128,2,0.0125
75,11,3,1,17,19,134,128,6,0.0375
75,12,4,1,20,19,127,124,6,0.0375
75,13,5,1,26,12,116,115,8,0.05
75,14,6,1,12,22,109,106,10,0.0625
75,15,7,1,16,21,85,82,5,0.03125
75,16,0,2,13,13,80,84,3,0.01875
75,17,1,2,13,20,115,112,11,0.06875
75,18,2,2,16,19,125,123,7,0.04375
75,19,3,2,18,9,134,135,5,0.03125
75,20,4,2,17,12,136,134,4,0.025
75,21,5,2,19,19,137,142,3,0.01875
75,22,6,2,18,13,124,120,7,0.04375
75,23,7,2,19,11,93,92,3,0.01875
75,24,0,3,10,20,89,86,6,0.0375
75,25,1,3,19,13,124,124,8,0.05
75,26,2,3,17,25,141,138,6,0.0375
75,27,3,3,29,12,155,158,6,0.0375
75,28,4,3,16,14,147,150,3,0.01875
75,29,5,3,20,17,146,150,3,0.01875
75,30,6,3,16,11,126,120,10,0.0625
75,31,7,3,17,17,99,99,8,0.05
75,32,0,4,12,16,89,88,6,0.0375
75,33,1,4,14,12,125,125,10,0.0625
75,34,2,4,25,15,146,146,8,0.05
75,35,3,4,22,20,161,162,3,0.01875
75,36,4,4,19,23,160,155,7,0.04375
75,37,5,4,22,20,150,150,4,0.025
75,38,6,4,22,16,144,138,8,0.05
75,39,7,4,18,12,102,96,4,0.025
75,40,0,5,11,20,84,83,5,0.03125
75,41,1,5,21,21,126,123,8,0.05
75,42,2,5,27,18,149,147,9,0.05625
75,43,3,5,23,21,154,152,5,0.03125
75,44,4,5,19,20,151,152,4,0.025
75,45,5,5,17,20,134,131,5,0.03125
75,46,6,5,14,15,126,124,6,0.0375
75,47,7,5,16,15,89,85,3,0.01875
75,48,0,6,9,15,55,54,5,0.03125
75,49,1,6,15,22,97,101,6,0.0375
75,50,2,6,21,21,120,119,8,0.05
75,51,3,6,21,16,129,125,7,0.04375
75,52,4,6,16,16,130,130,4,0.025
75,53,5,6,20,16,115,110,8,0.05
75,54,6,6,18,13,93,90,12,0.075
75,55,7,6,15,21,64,60,3,0.01875
75,56,0,7,16,17,42,46,0,0.0
75,57,1,7,18,18,81,80,8,0.05
75,58,2,7,17,17,91,86,8,0.05
75,59,3,7,21,19,104,100,6,0.0375
75,60,4,7,18,21,104,101,5,0.03125
75,61,5,7,21,20,93,93,2,0.0125
75,62,6,7,21,18,78,74,10,0.0625
75,63,7,7,19,12,40,41,4,0.025
76,0,0,0,14,18,44,44,4,0.025
76,1,1,0,12,18,65,63,8,0.05
76,2,2,0,22,18,89,88,6,0.0375
76,3,3,0,23,10,90,89,4,0.025
76,4,4,0,16,16,105,106,0,0.0
76,5,5,0,21,25,99,101,6,0.0375
76,6,6,0,11,16,61,61,7,0.04375
76,7,7,0,9,12,35,38,1,0.00625
76,8,0,1,22,17,86,86,1,0.00625
76,9,1,1,20,22,112,117,8,0.05
76,10,2,1,21,22,128,117,12,0.075
76,11,3,1,18,14,103,106,4,0.025
76,12,4,1,18,23,128,130,5,0.03125
76,13,5,1,15,11,101,107,2,0.0125
76,14,6,1,9,23,79,81,8,0.05
76,15,7,1,9,18,56,57,4,0.025
76,16,0,2,11,16,91,91,4,0.025
76,17,1,2,15,17,112,117,8,0.05
76,18,2,2,23,18,139,138,9,0.05625
76,19,3,2,27,25,141,144,2,0.0125
76,20,4,2,22,11,149,145,8,0.05
76,21,5,2,24,19,131,127,8,0.05
76,22,6,2,11,16,109,108,9,0.05625
76,23,7,2,16,13,78,73,8,0.05
76,24,0,3,13,16,104,106,5,0.03125
76,25,1,3,8,21,126,123,10,0.0625
76,26,2,3,20,10,148,147,8,0.05
76,27,3,3,23,16,156,155,6,0.0375
76,28,4,3,19,17,159,158,4,0.025
76,29,5,3,19,14,135,134,6,0.0375
76,30,6,3,16,13,135,136,9,0.05625
76,31,7,3,20,16,103,104,6,0.0375
76,32,0,4,10,19,99,102,4,0.025
76,33,1,4,12,9,108,105,13,0.08125
76,34,2,4,28,16,157,156,10,0.0625
76,35,3,4,20,23,163,162,7,0.04375
76,36,4,4,25,13,155,154,7,0.04375
76,37,5,4,23,17,131,129,6,0.0375
76,38,6,4,10,10,116,110,13,0.08125
76,39,7,4,16,21,105,104,6,0.0375
76,40,0,5,16,16,93,93,7,0.04375
76,41,1,5,17,15,108,108,11,0.06875
76,42,2,5,24,19,141,139,10,0.0625
76,43,3,5,18,17,147,147,5,0.03125
76,44,4,5,16,23,138,140,3,0.01875
76,45,5,5,19,11,117,115,6,0.0375
76,46,6,5,10,17,111,104,9,0.05625
76,47,7,5,14,18,97,95,5,0.03125
76,48,0,6,7,20,70,70,4,0.025
76,49,1,6,9,21,90,86,6,0.0375
76,50,2,6,24,17,108,108,7,0.04375
76,51,3,6,18,20,117,121,2,0.0125
76,52,4,6,13,14,113,114,4,0.025
76,53,5,6,15,12,111,115,7,0.04375
76,54,6,6,14,20,113,123,3,0.01875
76,55,7,6,21,14,86,84,5,0.03125
76,56,0,7,10,19,46,41,4,0.025
76,57,1,7,15,24,68,70,6,0.0375
76,58,2,7,18,15,90,90,8,0.05
76,59,3,7,25,17,109,110,4,0.025
76,60,4,7,21,17,108,108,5,0.03125
76,61,5,7,17,16,102,100,4,0.025
76,62,6,7,19,24,85,91,4,0.025
76,63,7,7,18,24,54,56,2,0.0125
77,0,0,0,15,18,48,48,5,0.03125
77,1,1,0,16,17,75,75,7,0.04375
77,2,2,0,19,20,98,98,5,0.03125
77,3,3,0,16,18,100,103,2,0.0125
77,4,4,0,14,11,101,98,3,0.01875
77,5,5,0,20,17,97,101,3,0.01875
77,6,6,0,15,18,75,74,6,0.0375
77,7,7,0,16,17,47,45,4,0.025
77,8,0,1,19,13,63,63,2,0.0125
77,9,1,1,16,16,90,93,5,0.03125
77,10,2,1,19,15,110,117,6,0.0375
77,11,3,1,16,16,117,116,4,0.025
77,12,4,1,19,10,109,107,6,0.0375
77,13,5,1,15,17,114,109,6,0.0375
77,14,6,1,16,23,96,94,9,0.05625
77,15,7,1,14,20,76,74,5,0.03125
77,16,0,2,11,12,69,71,2,0.0125
77,17,1,2,10,18,101,100,9,0.05625
77,18,2,2,26,15,131,129,10,0.0625
77,19,3,2,24,13,136,134,4,0.025
77,20,4,2,21,16,136,134,8,0.05
77,21,5,2,21,16,133,130,11,0.06875
77,22,6,2,11,15,110,111,7,0.04375
77,23,7,2,15,12,86,89,4,0.025
77,24,0,3,16,18,83,83,5,0.03125
77,25,1,3,11,23,117,116,11,0.06875
77,26,2,3,22,21,149,146,8,0.05
77,27,3,3,18,10,139,140,6,0.0375
77,28,4,3,20,14,151,149,6,0.0375
77,29,5,3,26,19,147,144,8,0.05
77,30,6,3,6,20,115,116,7,0.04375
77,31,7,3,8,14,85,87,5,0.03125
77,32,0,4,15,13,81,80,5,0.03125
77,33,1,4,15,13,125,128,10,0.0625
77,34,2,4,18,14,158,162,6,0.0375
77,35,3,4,16,11,145,147,4,0.025
77,36,4,4,25,12,156,156,6,0.0375
77,37,5,4,18,16,138,138,6,0.0375
77,38,6,4,12,17,110,115,7,0.04375
77,39,7,4,15,19,92,90,9,0.05625
77,40,0,5,14,14,78,78,6,0.0375
77,41,1,5,11,21,113,112,10,0.0625
77,42,2,5,21,19,138,137,11,0.06875
77,43,3,5,29,16,128,127,7,0.04375
77,44,4,5,33,16,143,138,8,0.05
77,45,5,5,16,10,127,129,6,0.0375
77,46,6,5,10,16,102,105,8,0.05
77,47,7,5,9,26,82,83,4,0.025
77,48,0,6,12,12,61,63,3,0.01875
77,49,1,6,14,18,90,91,9,0.05625
77,50,2,6,21,25,113,117,4,0.025
77,51,3,6,18,11,104,100,5,0.03125
77,52,4,6,17,14,106,103,7,0.04375
77,53,5,6,14,21,98,93,10,0.0625
77,54,6,6,5,11,75,68,11,0.06875
77,55,7,6,8,15,57,57,4,0.025
77,56,0,7,17,21,53,55,3,0.01875
77,57,1,7,12,18,82,80,7,0.04375
77,58,2,7,32,18,106,109,4,0.025
77,59,3,7,17,16,104,107,1,0.00625
77,60,4,7,22,20,100,102,2,0.0125
77,61,5,7,14,13,72,70,4,0.025
77,62,6,7,10,16,62,58,9,0.05625
77,63,7,7,13,18,44,42,4,0.025
78,0,0,0,23,17,55,58,1,0.00625
78,1,1,0,17,21,98,101,6,0.0375
78,2,2,0,25,21,122,122,5,0.03125
78,3,3,0,15,24,137,138,2,0.0125
78,4,4,0,23,19,131,132,2,0.0125
78,5,5,0,22,31,128,130,1,0.00625
78,6,6,0,15,21,85,93,0,0.0
78,7,7,0,16,20,54,57,1,0.00625
78,8,0,1,15,23,69,71,0,0.0
78,9,1,1,25,31,132,129,8,0.05
78,10,2,1,22,18,147,145,6,0.0375
78,11,3,1,17,24,162,166,0,0.0
78,12,4,1,19,21,159,160,4,0.025
78,13,5,1,23,21,171,172,6,0.0375
78,14,6,1,20,25,128,135,2,0.0125
78,15,7,1,19,27,92,96,1,0.00625
78,16,0,2,28,17,99,98,3,0.01875
78,17,1,2,24,22,165,166,8,0.05
78,18,2,2,22,30,180,183,8,0.05
78,19,3,2,19,28,193,196,1,0.00625
78,20,4,2,18,32,187,195,2,0.0125
78,21,5,2,16,21,177,185,3,0.01875
78,22,6,2,15,18,136,142,2,0.0125
78,23,7,2,19,19,109,112,2,0.0125
78,24,0,3,29,26,117,121,1,0.00625
78,25,1,3,17,22,167,171,5,0.03125
78,26,2,3,19,24,203,209,4,0.025
78,27,3,3,13,26,206,206,7,0.04375
78,28,4,3,21,19,191,193,5,0.03125
78,29,5,3,15,23,184,187,2,0.0125
78,30,6,3,19,21,144,147,4,0.025
78,31,7,3,25,21,118,121,1,0.00625
78,32,0,4,19,15,109,112,2,0.0125
78,33,1,4,18,18,155,160,2,0.0125
78,34,2,4,22,18,189,189,5,0.03125
78,35,3,4,24,18,211,208,8,0.05
78,36,4,4,28,24,205,208,5,0.03125
78,37,5,4,22,30,208,209,5,0.03125
78,38,6,4,20,23,155,158,4,0.025
78,39,7,4,26,16,117,122,4,0.025
78,40,0,5,22,15,96,102,1,0.00625
78,41,1,5,22,24,152,157,5,0.03125
78,42,2,5,20,21,176,183,4,0.025
78,43,3,5,16,25,205,207,4,0.025
78,44,4,5,23,22,193,193,7,0.04375
78,45,5,5,18,26,190,191,4,0.025
78,46,6,5,20,18,138,136,12,0.075
78,47,7,5,23,26,109,111,3,0.01875
78,48,0,6,17,18,75,76,0,0.0
78,49,1,6,19,23,118,125,1,0.00625
78,50,2,6,21,22,157,149,10,0.0625
78,51,3,6,16,23,174,174,8,0.05
78,52,4,6,21,19,160,156,9,0.05625
78,53,5,6,16,35,155,157,10,0.0625
78,54,6,6,18,13,107,117,1,0.00625
78,55,7,6,23,23,90,94,1,0.00625
78,56,0,7,15,17,43,46,0,0.0
78,57,1,7,11,24,77,83,1,0.00625
78,58,2,7,24,27,113,113,4,0.025
78,59,3,7,27,29,133,127,7,0.04375
78,60,4,7,17,24,125,124,5,0.03125
78,61,5,7,22,20,115,117,3,0.01875
78,62,6,7,24,20,86,90,4,0.025
78,63,7,7,16,19,49,52,0,0.0
79,0,0,0,18,16,37,39,0,0.0
79,1,1,0,12,21,55,55,5,0.03125
79,2,2,0,19,17,83,82,7,0.04375
79,3,3,0,15,18,89,85,6,0.0375
79,4,4,0,25,21,107,105,4,0.025
79,5,5,0,20,15,98,95,3,0.01875
79,6,6,0,27,15,91,86,5,0.03125
79,7,7,0,20,18,53,54,0,0.0
79,8,0,1,17,11,62,60,2,0.0125
79,9,1,1,20,18,92,92,8,0.05
79,10,2,1,22,14,113,114,7,0.04375
79,11,3,1,17,18,117,112,6,0.0375
79,12,4,1,20,10,126,129,1,0.00625
79,13,5,1,12,23,114,114,3,0.01875
79,14,6,1,17,18,105,101,7,0.04375
79,15,7,1,24,15,80,75,6,0.0375
79,16,0,2,18,8,70,66,6,0.0375
79,17,1,2,21,12,107,105,10,0.0625
79,18,2,2,18,22,136,134,8,0.05
79,19,3,2,21,15,140,131,8,0.05
79,20,4,2,20,20,138,138,1,0.00625
79,21,5,2,21,15,133,125,9,0.05625
79,22,6,2,20,22,129,119,11,0.06875
79,23,7,2,24,18,102,95,8,0.05
79,24,0,3,21,15,89,86,5,0.03125
79,25,1,3,18,13,133,132,8,0.05
79,26,2,3,20,23,153,154,4,0.025
79,27,3,3,22,19,152,152,5,0.03125
79,28,4,3,24,18,153,156,2,0.0125
79,29,5,3,16,13,133,132,6,0.0375
79,30,6,3,20,16,119,119,6,0.0375
79,31,7,3,16,14,97,90,8,0.05
79,32,0,4,19,25,96,93,4,0.025
79,33,1,4,25,16,135,132,7,0.04375
79,34,2,4,28,18,159,158,6,0.0375
79,35,3,4,18,13,150,150,4,0.025
79,36,4,4,18,19,147,145,6,0.0375
79,37,5,4,27,23,145,143,5,0.03125
79,38,6,4,14,16,118,117,6,0.0375
79,39,7,4,15,12,90,87,5,0.03125
79,40,0,5,16,21,91,91,0,0.0
79,41,1,5,16,15,115,117,5,0.03125
79,42,2,5,13,18,145,148,2,0.0125
79,43,3,5,15,21,140,141,4,0.025
79,44,4,5,17,11,128,128,5,0.03125
79,45,5,5,15,20,120,124,2,0.0125
79,46,6,5,10,15,92,98,5,0.03125
79,47,7,5,15,17,81,82,1,0.00625
79,48,0,6,20,13,63,61,3,0.01875
79,49,1,6,22,23,104,98,7,0.04375
79,50,2,6,23,20,123,128,7,0.04375
79,51,3,6,20,16,116,120,4,0.025
79,52,4,6,20,10,105,110,4,0.025
79,53,5,6,17,17,94,96,6,0.0375
79,54,6,6,11,13,82,72,10,0.0625
79,55,7,6,11,16,63,61,4,0.025
79,56,0,7,22,14,42,39,3,0.01875
79,57,1,7,19,23,73,67,6,0.0375
79,58,2,7,14,18,79,78,5,0.03125
79,59,3,7,22,12,74,77,5,0.03125
79,60,4,7,23,17,81,77,6,0.0375
79,61,5,7,10,15,59,56,7,0.04375
79,62,6,7,8,17,49,46,7,0.04375
79,63,7,7,7,21,38,34,4,0.025
80,0,0,0,16,14,36,36,0,0.0
80,1,1,0,16,19,65,69,2,0.0125
80,2,2,0,19,11,71,75,2,0.0125
80,3,3,0,16,22,83,84,4,0.025
80,4,4,0,20,14,74,72,6,0.0375
80,5,5,0,10,23,65,60,8,0.05
80,6,6,0,3,22,50,46,9,0.05625
80,7,7,0,11,14,32,28,4,0.025
80,8,0,1,17,16,66,65,2,0.0125
80,9,1,1,16,20,107,107,8,0.05
80,10,2,1,25,24,117,118,5,0.03125
80,11,3,1,23,17,123,125,2,0.0125
80,12,4,1,22,20,123,123,2,0.0125
80,13,5,1,22,21,114,112,6,0.0375
80,14,6,1,9,17,91,89,7,0.04375
80,15,7,1,13,19,55,57,3,0.01875
80,16,0,2,14,22,79,81,5,0.03125
80,17,1,2,13,18,121,125,4,0.025
80,18,2,2,20,19,133,135,6,0.0375
80,19,3,2,20,16,134,138,4,0.025
80,20,4,2,22,19,150,146,6,0.0375
80,21,5,2,14,12,129,137,1,0.00625
80,22,6,2,21,12,125,129,8,0.05
80,23,7,2,16,13,75,81,2,0.0125
80,24,0,3,17,13,87,90,1,0.00625
80,25,1,3,24,18,142,143,7,0.04375
80,26,2,3,15,15,150,146,7,0.04375
80,27,3,3,15,10,147,145,9,0.05625
80,28,4,3,18,16,155,152,2,0.0125
80,29,5,3,29,20,151,148,9,0.05625
80,30,6,3,18,21,135,130,9,0.05625
80,31,7,3,15,14,87,91,5,0.03125
80,32,0,4,16,22,89,89,5,0.03125
80,33,1,4,16,17,135,134,7,0.04375
80,34,2,4,18,17,147,149,6,0.0375
80,35,3,4,13,10,140,142,5,0.03125
80,36,4,4,16,22,150,148,7,0.04375
80,37,5,4,26,19,144,142,7,0.04375
80,38,6,4,14,16,122,118,11,0.06875
80,39,7,4,18,15,92,94,4,0.025
80,40,0,5,18,15,78,74,3,0.01875
80,41,1,5,14,24,116,113,8,0.05
80,42,2,5,21,15,128,122,7,0.04375
80,43,3,5,14,12,133,134,3,0.01875
80,44,4,5,18,13,146,148,7,0.04375
80,45,5,5,14,20,144,136,10,0.0625
80,46,6,5,23,20,129,125,8,0.05
80,47,7,5,19,12,89,89,1,0.00625
80,48,0,6,18,22,73,73,3,0.01875
80,49,1,6,10,17,94,93,8,0.05
80,50,2,6,24,17,119,120,7,0.04375
80,51,3,6,19,16,128,126,5,0.03125
80,52,4,6,21,12,132,131,5,0.03125
80,53,5,6,26,18,114,112,9,0.05625
80,54,6,6,8,19,86,86,9,0.05625
80,55,7,6,11,22,78,76,4,0.025
80,56,0,7,17,8,40,40,2,0.0125
80,57,1,7,12,14,65,68,5,0.03125
80,58,2,7,19,14,86,86,5,0.03125
80,59,3,7,18,22,105,108,1,0.00625
80,60,4,7,27,21,114,118,4,0.025
80,61,5,7,18,19,94,95,5,0.03125
80,62,6,7,7,16,62,62,8,0.05
80,63,7,7,13,20,47,49,3,0.01875
81,0,0,0,19,13,46,46,0,0.0
81,1,1,0,17,14,71,73,0,0.0
81,2,2,0,20,22,101,101,3,0.01875
81,3,3,0,21,11,100,101,3,0.01875
81,4,4,0,24,16,96,98,5,0.03125
81,5,5,0,19,14,76,79,5,0.03125
81,6,6,0,7,23,63,64,7,0.04375
81,7,7,0,4,11,28,27,5,0.03125
81,8,0,1,16,13,69,66,6,0.0375
81,9,1,1,11,20,94,94,9,0.05625
81,10,2,1,24,25,133,131,8,0.05
81,11,3,1,22,24,138,133,7,0.04375
81,12,4,1,25,13,125,122,5,0.03125
81,13,5,1,24,17,119,120,5,0.03125
81,14,6,1,12,12,96,96,9,0.05625
81,15,7,1,13,8,61,62,4,0.025
81,16,0,2,13,24,88,87,4,0.025
81,17,1,2,21,21,128,124,9,0.05625
81,18,2,2,10,22,142,147,2,0.0125
81,19,3,2,16,17,143,143,4,0.025
81,20,4,2,20,20,138,139,4,0.025
81,21,5,2,25,27,151,145,6,0.0375
81,22,6,2,16,26,118,119,8,0.05
81,23,7,2,15,20,80,79,4,0.025
81,24,0,3,14,11,91,88,4,0.025
81,25,1,3,19,18,135,133,9,0.05625
81,26,2,3,25,10,141,143,6,0.0375
81,27,3,3,19,12,146,146,7,0.04375
81,28,4,3,17,22,155,153,5,0.03125
81,29,5,3,22,14,145,145,9,0.05625
81,30,6,3,8,19,106,108,8,0.05
81,31,7,3,11,14,77,76,5,0.03125
81,32,0,4,16,13,87,88,4,0.025
81,33,1,4,21,11,130,127,10,0.0625
81,34,2,4,18,18,147,147,2,0.0125
81,35,3,4,25,16,151,150,7,0.04375
81,36,4,4,20,18,155,157,6,0.0375
81,37,5,4,16,16,140,142,6,0.0375
81,38,6,4,15,14,106,108,7,0.04375
81,39,7,4,14,16,82,83,3,0.01875
81,40,0,5,9,7,66,65,6,0.0375
81,41,1,5,12,14,107,106,8,0.05
81,42,2,5,27,13,131,130,9,0.05625
81,43,3,5,18,11,138,133,5,0.03125
81,44,4,5,22,22,143,146,4,0.025
81,45,5,5,17,14,117,122,4,0.025
81,46,6,5,21,19,106,109,7,0.04375
81,47,7,5,23,17,91,87,5,0.03125
81,48,0,6,4,21,58,59,3,0.01875
81,49,1,6,10,24,96,95,9,0.05625
81,50,2,6,18,17,108,100,12,0.075
81,51,3,6,13,13,103,98,9,0.05625
81,52,4,6,20,14,102,104,3,0.01875
81,53,5,6,21,19,97,96,10,0.0625
81,54,6,6,20,19,83,87,5,0.03125
81,55,7,6,9,16,66,67,4,0.025
81,56,0,7,16,22,47,45,4,0.025
81,57,1,7,19,23,77,76,5,0.03125
81,58,2,7,21,16,92,95,2,0.0125
81,59,3,7,21,14,107,105,3,0.01875
81,60,4,7,16,14,100,100,5,0.03125
81,61,5,7,23,14,92,87,9,0.05625
81,62,6,7,14,10,63,62,8,0.05
81,63,7,7,7,18,42,40,4,0.025
82,0,0,0,12,13,37,33,3,0.01875
82,1,1,0,18,16,65,58,6,0.0375
82,2,2,0,27,14,83,78,6,0.0375
82,3,3,0,22,16,81,81,3,0.01875
82,4,4,0,18,19,82,80,5,0.03125
82,5,5,0,16,15,73,72,7,0.04375
82,6,6,0,8,20,64,65,7,0.04375
82,7,7,0,10,15,37,37,5,0.03125
82,8,0,1,9,15,55,55,6,0.0375
82,9,1,1,10,17,80,80,8,0.05
82,10,2,1,20,21,107,110,4,0.025
82,11,3,1,18,15,110,111,7,0.04375
82,12,4,1,15,20,127,127,5,0.03125
82,13,5,1,23,18,118,119,6,0.0375
82,14,6,1,20,18,104,105,7,0.04375
82,15,7,1,10,13,65,65,4,0.025
82,16,0,2,19,12,82,84,4,0.025
82,17,1,2,19,13,106,107,8,0.05
82,18,2,2,20,23,140,138,4,0.025
82,19,3,2,22,10,130,130,5,0.03125
82,20,4,2,15,16,137,137,5,0.03125
82,21,5,2,16,20,131,133,6,0.0375
82,22,6,2,23,18,119,117,9,0.05625
82,23,7,2,19,16,86,86,4,0.025
82,24,0,3,12,17,90,90,4,0.025
82,25,1,3,16,20,114,115,8,0.05
82,26,2,3,20,14,146,147,4,0.025
82,27,3,3,25,15,149,154,3,0.01875
82,28,4,3,28,16,157,155,7,0.04375
82,29,5,3,16,18,136,140,5,0.03125
82,30,6,3,13,16,121,120,9,0.05625
82,31,7,3,9,22,89,89,6,0.0375
82,32,0,4,16,20,99,98,4,0.025
82,33,1,4,17,19,122,127,5,0.03125
82,34,2,4,16,20,139,141,3,0.01875
82,35,3,4,19,19,141,143,2,0.0125
82,36,4,4,22,18,152,151,6,0.0375
82,37,5,4,24,14,145,145,5,0.03125
82,38,6,4,10,17,126,125,7,0.04375
82,39,7,4,15,17,84,84,4,0.025
82,40,0,5,20,18,89,90,5,0.03125
82,41,1,5,10,23,110,109,8,0.05
82,42,2,5,16,23,132,132,8,0.05
82,43,3,5,26,20,142,145,4,0.025
82,44,4,5,30,12,146,141,8,0.05
82,45,5,5,20,19,136,133,8,0.05
82,46,6,5,10,16,113,110,9,0.05625
82,47,7,5,15,19,73,72,6,0.0375
82,48,0,6,11,15,68,67,4,0.025
82,49,1,6,7,19,75,77,8,0.05
82,50,2,6,23,15,96,103,7,0.04375
82,51,3,6,19,14,107,113,3,0.01875
82,52,4,6,20,18,113,112,5,0.03125
82,53,5,6,12,10,97,98,10,0.0625
82,54,6,6,3,17,87,85,8,0.05
82,55,7,6,9,18,57,57,4,0.025
82,56,0,7,20,22,61,62,4,0.025
82,57,1,7,16,13,78,80,3,0.01875
82,58,2,7,17,16,91,90,3,0.01875
82,59,3,7,18,20,105,105,3,0.01875
82,60,4,7,25,18,109,112,1,0.00625
82,61,5,7,28,19,103,107,6,0.0375
82,62,6,7,13,21,73,76,5,0.03125
82,63,7,7,10,15,39,39,4,0.025
83,0,0,0,14,11,34,36,2,0.0125
83,1,1,0,11,17,70,69,8,0.05
83,2,2,0,26,21,97,100,3,0.01875
83,3,3,0,16,14,94,94,3,0.01875
83,4,4,0,24,19,94,97,3,0.01875
83,5,5,0,14,13,76,76,6,0.0375
83,6,6,0,9,10,46,43,8,0.05
83,7,7,0,6,16,32,33,4,0.025
83,8,0,1,21,13,72,74,4,0.025
83,9,1,1,23,19,120,119,9,0.05625
83,10,2,1,26,18,125,125,5,0.03125
83,11,3,1,17,14,113,112,7,0.04375
83,12,4,1,26,17,119,119,6,0.0375
83,13,5,1,10,19,109,108,7,0.04375
83,14,6,1,17,20,93,92,8,0.05
83,15,7,1,12,18,67,66,4,0.025
83,16,0,2,12,18,79,78,4,0.025
83,17,1,2,14,23,117,114,11,0.06875
83,18,2,2,22,26,147,145,4,0.025
83,19,3,2,22,22,148,151,3,0.01875
83,20,4,2,17,18,147,146,3,0.01875
83,21,5,2,16,24,133,136,3,0.01875
83,22,6,2,9,18,104,105,6,0.0375
83,23,7,2,10,21,85,84,4,0.025
83,24,0,3,15,14,86,85,5,0.03125
83,25,1,3,24,13,131,126,12,0.075
83,26,2,3,20,13,142,139,7,0.04375
83,27,3,3,14,26,159,157,5,0.03125
83,28,4,3,17,16,147,150,4,0.025
83,29,5,3,18,15,151,150,7,0.04375
83,30,6,3,19,13,125,127,7,0.04375
83,31,7,3,18,13,102,99,7,0.04375
83,32,0,4,15,16,89,89,4,0.025
83,33,1,4,16,18,122,120,7,0.04375
83,34,2,4,26,18,141,133,10,0.0625
83,35,3,4,14,21,158,157,6,0.0375
83,36,4,4,23,13,151,152,6,0.0375
83,37,5,4,21,14,149,142,12,0.075
83,38,6,4,7,20,121,120,10,0.0625
83,39,7,4,10,14,96,93,6,0.0375
83,40,0,5,11,17,78,77,5,0.03125
83,41,1,5,15,16,102,100,10,0.0625
83,42,2,5,17,18,122,123,9,0.05625
83,43,3,5,21,17,142,143,4,0.025
83,44,4,5,22,15,143,148,3,0.01875
83,45,5,5,23,12,127,129,6,0.0375
83,46,6,5,14,18,107,108,8,0.05
83,47,7,5,10,20,88,88,6,0.0375
83,48,0,6,14,16,71,71,4,0.025
83,49,1,6,11,12,90,87,11,0.06875
83,50,2,6,21,13,107,104,10,0.0625
83,51,3,6,12,20,125,129,1,0.00625
83,52,4,6,21,11,122,126,1,0.00625
83,53,5,6,25,20,113,114,8,0.05
83,54,6,6,19,23,93,95,6,0.0375
83,55,7,6,6,19,75,75,5,0.03125
83,56,0,7,18,18,55,55,4,0.025
83,57,1,7,16,20,85,83,6,0.0375
83,58,2,7,24,18,102,103,3,0.01875
83,59,3,7,19,20,110,112,1,0.00625
83,60,4,7,23,15,113,114,0,0.0
83,61,5,7,26,16,99,103,1,0.00625
83,62,6,7,16,20,79,78,5,0.03125
83,63,7,7,19,22,57,58,3,0.01875
84,0,0,0,21,16,59,60,1,0.00625
84,1,1,0,26,27,102,106,3,0.01875
84,2,2,0,20,20,126,128,3,0.01875
84,3,3,0,24,24,138,138,3,0.01875
84,4,4,0,27,17,133,132,3,0.01875
84,5,5,0,16,21,113,119,0,0.0
84,6,6,0,18,28,101,109,1,0.00625
84,7,7,0,21,20,62,64,1,0.00625
84,8,0,1,22,21,96,95,5,0.03125
84,9,1,1,28,24,143,144,9,0.05625
84,10,2,1,26,20,163,164,4,0.025
84,11,3,1,23,28,169,175,3,0.01875
84,12,4,1,17,20,167,171,2,0.0125
84,13,5,1,12,25,148,152,2,0.0125
84,14,6,1,17,20,124,131,0,0.0
84,15,7,1,19,24,92,93,2,0.0125
84,16,0,2,22,27,124,121,7,0.04375
84,17,1,2,23,23,159,165,6,0.0375
84,18,2,2,18,19,157,158,3,0.01875
84,19,3,2,20,30,179,177,4,0.025
84,20,4,2,15,24,166,165,7,0.04375
84,21,5,2,15,24,172,171,4,0.025
84,22,6,2,18,25,147,149,5,0.03125
84,23,7,2,24,21,115,117,2,0.0125
84,24,0,3,25,13,133,133,5,0.03125
84,25,1,3,21,25,172,183,2,0.0125
84,26,2,3,17,23,178,180,5,0.03125
84,27,3,3,24,21,208,210,4,0.025
84,28,4,3,19,24,192,190,6,0.0375
84,29,5,3,16,14,191,194,3,0.01875
84,30,6,3,23,20,161,160,7,0.04375
84,31,7,3,20,16,116,124,1,0.00625
84,32,0,4,21,24,121,125,1,0.00625
84,33,1,4,21,16,165,170,3,0.01875
84,34,2,4,21,22,177,182,5,0.03125
84,35,3,4,22,14,199,195,6,0.0375
84,36,4,4,23,27,196,196,7,0.04375
84,37,5,4,19,24,200,205,8,0.05
84,38,6,4,22,27,149,157,3,0.01875
84,39,7,4,17,16,121,125,2,0.0125
84,40,0,5,18,18,113,113,5,0.03125
84,41,1,5,27,29,173,177,7,0.04375
84,42,2,5,16,29,179,181,7,0.04375
84,43,3,5,16,18,189,189,3,0.01875
84,44,4,5,29,20,184,183,4,0.025
84,45,5,5,21,19,196,197,3,0.01875
84,46,6,5,20,11,143,148,3,0.01875
84,47,7,5,24,24,128,130,5,0.03125
84,48,0,6,19,24,93,91,5,0.03125
84,49,1,6,23,32,141,144,6,0.0375
84,50,2,6,21,26,151,160,2,0.0125
84,51,3,6,19,22,165,162,2,0.0125
84,52,4,6,24,20,160,156,3,0.01875
84,53,5,6,22,38,183,186,4,0.025
84,54,6,6,25,17,129,131,4,0.025
84,55,7,6,14,36,107,109,3,0.01875
84,56,0,7,24,22,63,64,3,0.01875
84,57,1,7,22,25,99,103,2,0.0125
84,58,2,7,20,19,112,108,6,0.0375
84,59,3,7,24,25,127,125,3,0.01875
84,60,4,7,19,18,120,115,4,0.025
84,61,5,7,24,24,133,130,4,0.025
84,62,6,7,22,26,102,106,3,0.01875
84,63,7,7,19,21,65,68,0,0.0
85,0,0,0,16,26,60,57,3,0.01875
85,1,1,0,15,17,69,67,6,0.0375
85,2,2,0,24,25,99,97,4,0.025
85,3,3,0,20,15,107,105,5,0.03125
85,4,4,0,26,17,111,108,7,0.04375
85,5,5,0,17,21,105,101,4,0.025
85,6,6,0,19,21,89,89,1,0.00625
85,7,7,0,23,12,52,52,1,0.00625
85,8,0,1,15,21,81,84,3,0.01875
85,9,1,1,13,10,84,87,5,0.03125
85,10,2,1,17,15,116,113,7,0.04375
85,11,3,1,26,12,129,122,9,0.05625
85,12,4,1,21,19,130,126,6,0.0375
85,13,5,1,13,16,116,113,4,0.025
85,14,6,1,16,22,113,105,10,0.0625
85,15,7,1,26,18,81,82,2,0.0125
85,16,0,2,13,18,88,92,4,0.025
85,17,1,2,13,18,104,101,8,0.05
85,18,2,2,14,14,123,122,7,0.04375
85,19,3,2,18,17,127,130,2,0.0125
85,20,4,2,33,17,151,151,6,0.0375
85,21,5,2,20,18,137,130,9,0.05625
85,22,6,2,16,18,120,117,10,0.0625
85,23,7,2,22,13,92,92,2,0.0125
85,24,0,3,22,21,107,108,3,0.01875
85,25,1,3,19,22,139,133,9,0.05625
85,26,2,3,20,14,141,138,7,0.04375
85,27,3,3,18,12,137,139,2,0.0125
85,28,4,3,13,22,154,156,4,0.025
85,29,5,3,10,16,148,149,2,0.0125
85,30,6,3,19,15,130,133,6,0.0375
85,31,7,3,21,17,103,101,3,0.01875
85,32,0,4,20,12,98,95,4,0.025
85,33,1,4,10,16,120,115,8,0.05
85,34,2,4,20,16,127,132,2,0.0125
85,35,3,4,21,16,140,141,7,0.04375
85,36,4,4,17,14,147,153,1,0.00625
85,37,5,4,16,19,152,157,4,0.025
85,38,6,4,19,23,136,134,4,0.025
85,39,7,4,25,23,109,110,1,0.00625
85,40,0,5,20,18,82,78,8,0.05
85,41,1,5,10,18,100,97,9,0.05625
85,42,2,5,23,16,120,121,3,0.01875
85,43,3,5,20,15,128,131,1,0.00625
85,44,4,5,15,13,139,135,7,0.04375
85,45,5,5,18,22,145,148,1,0.00625
85,46,6,5,21,24,129,125,8,0.05
85,47,7,5,20,17,96,95,6,0.0375
85,48,0,6,21,10,60,57,8,0.05
85,49,1,6,15,14,82,79,10,0.0625
85,50,2,6,18,9,104,95,11,0.06875
85,51,3,6,18,19,116,111,8,0.05
85,52,4,6,20,18,120,114,12,0.075
85,53,5,6,17,17,122,119,7,0.04375
85,54,6,6,20,13,111,114,2,0.0125
85,55,7,6,16,20,76,75,3,0.01875
85,56,0,7,22,13,45,42,6,0.0375
85,57,1,7,20,15,69,63,7,0.04375
85,58,2,7,19,16,87,85,8,0.05
85,59,3,7,20,14,93,90,5,0.03125
85,60,4,7,13,17,87,85,7,0.04375
85,61,5,7,22,19,91,87,9,0.05625
85,62,6,7,14,21,83,77,8,0.05
85,63,7,7,22,16,50,47,4,0.025
86,0,0,0,7,19,37,36,5,0.03125
86,1,1,0,7,15,55,54,6,0.0375
86,2,2,0,19,15,86,83,7,0.04375
86,3,3,0,29,12,97,97,6,0.0375
86,4,4,0,17,16,100,104,2,0.0125
86,5,5,0,19,13,97,99,3,0.01875
86,6,6,0,20,19,90,85,6,0.0375
86,7,7,0,22,21,63,62,2,0.0125
86,8,0,1,11,17,60,57,3,0.01875
86,9,1,1,9,16,79,78,6,0.0375
86,10,2,1,23,14,108,103,12,0.075
86,11,3,1,24,22,117,116,10,0.0625
86,12,4,1,15,19,116,110,11,0.06875
86,13,5,1,22,15,113,108,11,0.06875
86,14,6,1,17,14,90,92,8,0.05
86,15,7,1,16,23,80,78,4,0.025
86,16,0,2,13,16,73,74,3,0.01875
86,17,1,2,11,15,101,99,10,0.0625
86,18,2,2,16,11,116,112,10,0.0625
86,19,3,2,22,18,128,123,6,0.0375
86,20,4,2,16,17,128,131,3,0.01875
86,21,5,2,18,7,119,120,8,0.05
86,22,6,2,10,15,105,103,11,0.06875
86,23,7,2,11,15,85,82,6,0.0375
86,24,0,3,13,20,91,94,2,0.0125
86,25,1,3,19,8,116,118,6,0.0375
86,26,2,3,19,13,136,138,8,0.05
86,27,3,3,26,18,152,147,6,0.0375
86,28,4,3,21,16,153,151,8,0.05
86,29,5,3,18,13,138,137,4,0.025
86,30,6,3,16,11,123,120,6,0.0375
86,31,7,3,21,17,101,104,0,0.0
86,32,0,4,13,16,96,95,4,0.025
86,33,1,4,24,14,130,131,8,0.05
86,34,2,4,17,20,155,152,3,0.01875
86,35,3,4,17,20,142,150,1,0.00625
86,36,4,4,20,16,155,148,7,0.04375
86,37,5,4,10,16,133,134,2,0.0125
86,38,6,4,22,21,129,130,3,0.01875
86,39,7,4,19,14,103,101,3,0.01875
86,40,0,5,20,12,88,91,4,0.025
86,41,1,5,20,16,120,124,6,0.0375
86,42,2,5,17,16,143,142,6,0.0375
86,43,3,5,22,8,138,137,2,0.0125
86,44,4,5,13,17,136,140,4,0.025
86,45,5,5,25,15,123,122,3,0.01875
86,46,6,5,14,19,105,104,9,0.05625
86,47,7,5,14,12,86,87,4,0.025
86,48,0,6,11,12,63,63,9,0.05625
86,49,1,6,11,15,84,86,8,0.05
86,50,2,6,24,20,105,108,6,0.0375
86,51,3,6,22,14,107,106,7,0.04375
86,52,4,6,10,14,92,98,3,0.01875
86,53,5,6,8,15,71,72,6,0.0375
86,54,6,6,7,12,68,61,9,0.05625
86,55,7,6,10,19,64,61,6,0.0375
86,56,0,7,21,17,45,44,5,0.03125
86,57,1,7,9,20,60,60,7,0.04375
86,58,2,7,18,18,73,73,8,0.05
86,59,3,7,22,15,83,81,7,0.04375
86,60,4,7,17,24,83,81,10,0.0625
86,61,5,7,6,17,59,60,9,0.05625
86,62,6,7,4,14,45,46,8,0.05
86,63,7,7,0,16,27,27,4,0.025
87,0,0,0,8,15,36,37,3,0.01875
87,1,1,0,10,21,63,60,8,0.05
87,2,2,0,16,18,72,72,7,0.04375
87,3,3,0,22,13,87,82,11,0.06875
87,4,4,0,16,22,97,94,6,0.0375
87,5,5,0,17,16,88,84,5,0.03125
87,6,6,0,17,21,75,81,1,0.00625
87,7,7,0,19,14,43,44,2,0.0125
87,8,0,1,12,20,71,73,4,0.025
87,9,1,1,18,19,96,95,7,0.04375
87,10,2,1,27,12,90,91,11,0.06875
87,11,3,1,13,22,87,91,4,0.025
87,12,4,1,7,16,86,89,8,0.05
87,13,5,1,2,10,74,74,11,0.06875
87,14,6,1,3,13,69,65,10,0.0625
87,15,7,1,1,15,44,44,4,0.025
87,16,0,2,14,10,85,83,5,0.03125
87,17,1,2,16,14,104,106,8,0.05
87,18,2,2,21,16,123,124,10,0.0625
87,19,3,2,15,12,127,128,5,0.03125
87,20,4,2,26,20,144,143,6,0.0375
87,21,5,2,14,13,127,130,6,0.0375
87,22,6,2,15,14,106,109,7,0.04375
87,23,7,2,14,18,75,75,4,0.025
87,24,0,3,17,21,108,103,5,0.03125
87,25,1,3,15,19,117,118,6,0.0375
87,26,2,3,23,16,143,143,5,0.03125
87,27,3,3,24,15,147,148,5,0.03125
87,28,4,3,17,19,153,156,3,0.01875
87,29,5,3,15,17,140,141,3,0.01875
87,30,6,3,20,17,123,124,7,0.04375
87,31,7,3,17,17,91,90,0,0.0
87,32,0,4,20,24,107,105,4,0.025
87,33,1,4,21,23,125,126,7,0.04375
87,34,2,4,24,13,155,149,11,0.06875
87,35,3,4,21,11,152,148,4,0.025
87,36,4,4,21,21,156,157,6,0.0375
87,37,5,4,14,17,149,147,3,0.01875
87,38,6,4,20,14,122,121,4,0.025
87,39,7,4,25,18,102,102,3,0.01875
87,40,0,5,16,20,86,87,4,0.025
87,41,1,5,26,12,111,110,7,0.04375
87,42,2,5,21,21,137,135,8,0.05
87,43,3,5,18,21,144,142,4,0.025
87,44,4,5,10,14,141,140,4,0.025
87,45,5,5,13,15,135,137,0,0.0
87,46,6,5,27,19,114,116,5,0.03125
87,47,7,5,13,16,84,87,1,0.00625
87,48,0,6,12,17,72,73,8,0.05
87,49,1,6,13,11,96,95,10,0.0625
87,50,2,6,22,16,115,115,7,0.04375
87,51,3,6,24,18,133,137,5,0.03125
87,52,4,6,33,11,131,130,6,0.0375
87,53,5,6,14,16,112,109,11,0.06875
87,54,6,6,8,17,73,76,6,0.0375
87,55,7,6,6,16,55,57,4,0.025
87,56,0,7,17,15,49,56,0,0.0
87,57,1,7,29,19,89,89,7,0.04375
87,58,2,7,24,19,91,95,4,0.025
87,59,3,7,21,21,94,98,4,0.025
87,60,4,7,11,20,76,76,8,0.05
87,61,5,7,10,20,69,71,7,0.04375
87,62,6,7,4,10,37,36,8,0.05
87,63,7,7,2,14,26,26,4,0.025
88,0,0,0,16,13,37,37,3,0.01875
88,1,1,0,8,18,58,62,6,0.0375
88,2,2,0,23,22,87,89,4,0.025
88,3,3,0,19,18,86,90,7,0.04375
88,4,4,0,22,13,84,83,7,0.04375
88,5,5,0,6,22,84,82,8,0.05
88,6,6,0,12,18,71,62,9,0.05625
88,7,7,0,17,22,49,47,4,0.025
88,8,0,1,10,20,61,61,4,0.025
88,9,1,1,8,18,84,84,8,0.05
88,10,2,1,19,15,116,118,9,0.05625
88,11,3,1,18,18,119,124,2,0.0125
88,12,4,1,28,15,113,116,4,0.025
88,13,5,1,16,16,104,107,8,0.05
88,14,6,1,9,18,88,90,9,0.05625
88,15,7,1,12,21,73,72,5,0.03125
88,16,0,2,11,14,76,76,5,0.03125
88,17,1,2,9,17,98,95,10,0.0625
88,18,2,2,18,16,126,124,11,0.06875
88,19,3,2,22,16,137,137,7,0.04375
88,20,4,2,25,18,137,140,3,0.01875
88,21,5,2,16,15,135,134,8,0.05
88,22,6,2,14,12,106,107,8,0.05
88,23,7,2,13,13,88,89,3,0.01875
88,24,0,3,25,16,100,103,3,0.01875
88,25,1,3,19,18,137,136,7,0.04375
88,26,2,3,21,16,147,145,7,0.04375
88,27,3,3,20,13,150,151,2,0.0125
88,28,4,3,21,14,146,140,10,0.0625
88,29,5,3,23,19,158,152,9,0.05625
88,30,6,3,20,18,128,123,10,0.0625
88,31,7,3,19,14,100,96,5,0.03125
88,32,0,4,6,20,81,83,4,0.025
88,33,1,4,16,16,123,119,10,0.0625
88,34,2,4,24,23,143,146,7,0.04375
88,35,3,4,21,16,148,151,1,0.00625
88,36,4,4,21,13,145,148,3,0.01875
88,37,5,4,15,18,155,154,5,0.03125
88,38,6,4,25,9,139,134,9,0.05625
88,39,7,4,19,18,100,98,4,0.025
88,40,0,5,12,9,83,82,5,0.03125
88,41,1,5,16,19,122,120,9,0.05625
88,42,2,5,28,23,143,141,9,0.05625
88,43,3,5,18,16,144,143,5,0.03125
88,44,4,5,17,18,140,137,8,0.05
88,45,5,5,20,18,139,134,5,0.03125
88,46,6,5,13,20,112,109,7,0.04375
88,47,7,5,17,14,84,81,5,0.03125
88,48,0,6,16,16,75,77,5,0.03125
88,49,1,6,13,16,104,102,9,0.05625
88,50,2,6,23,13,111,114,5,0.03125
88,51,3,6,19,8,118,119,2,0.0125
88,52,4,6,28,20,125,126,5,0.03125
88,53,5,6,26,24,117,119,8,0.05
88,54,6,6,10,20,88,87,7,0.04375
88,55,7,6,12,17,67,67,5,0.03125
88,56,0,7,18,19,55,49,5,0.03125
88,57,1,7,21,25,95,94,9,0.05625
88,58,2,7,16,21,103,100,8,0.05
88,59,3,7,28,17,107,105,5,0.03125
88,60,4,7,34,12,94,96,8,0.05
88,61,5,7,8,12,68,66,7,0.04375
88,62,6,7,4,15,50,52,7,0.04375
88,63,7,7,6,19,35,35,4,0.025
89,0,0,0,16,13,45,46,3,0.01875
89,1,1,0,20,12,71,68,8,0.05
89,2,2,0,18,15,91,93,3,0.01875
89,3,3,0,21,18,104,105,5,0.03125
89,4,4,0,22,22,104,109,2,0.0125
89,5,5,0,19,21,83,83,8,0.05
89,6,6,0,4,17,53,55,8,0.05
89,7,7,0,6,19,38,38,4,0.025
89,8,0,1,9,22,64,63,4,0.025
89,9,1,1,9,23,85,85,8,0.05
89,10,2,1,19,12,102,106,5,0.03125
89,11,3,1,21,18,116,112,4,0.025
89,12,4,1,20,11,120,121,3,0.01875
89,13,5,1,21,16,119,120,6,0.0375
89,14,6,1,13,21,98,97,11,0.06875
89,15,7,1,7,20,67,65,8,0.05
89,16,0,2,12,16,74,76,3,0.01875
89,17,1,2,11,24,115,118,8,0.05
89,18,2,2,23,21,131,137,5,0.03125
89,19,3,2,22,17,134,134,5,0.03125
89,20,4,2,17,16,137,138,1,0.00625
89,21,5,2,18,13,129,134,3,0.01875
89,22,6,2,8,15,114,112,8,0.05
89,23,7,2,12,12,81,80,6,0.0375
89,24,0,3,12,19,86,81,8,0.05
89,25,1,3,18,15,123,117,11,0.06875
89,26,2,3,21,13,137,140,5,0.03125
89,27,3,3,21,12,145,142,6,0.0375
89,28,4,3,18,14,151,157,5,0.03125
89,29,5,3,20,13,141,140,8,0.05
89,30,6,3,14,17,122,127,7,0.04375
89,31,7,3,11,18,90,91,4,0.025
89,32,0,4,15,10,89,92,2,0.0125
89,33,1,4,10,12,112,114,7,0.04375
89,34,2,4,22,15,132,135,3,0.01875
89,35,3,4,19,13,149,146,4,0.025
89,36,4,4,19,27,163,163,2,0.0125
89,37,5,4,27,14,152,147,10,0.0625
89,38,6,4,16,15,132,134,8,0.05
89,39,7,4,17,13,90,91,4,0.025
89,40,0,5,18,23,100,99,6,0.0375
89,41,1,5,21,20,116,117,8,0.05
89,42,2,5,18,20,131,138,2,0.0125
89,43,3,5,14,17,139,140,2,0.0125
89,44,4,5,12,14,126,130,5,0.03125
89,45,5,5,18,16,118,115,8,0.05
89,46,6,5,10,20,107,109,7,0.04375
89,47,7,5,11,13,77,73,8,0.05
89,48,0,6,11,23,74,74,5,0.03125
89,49,1,6,15,17,84,85,10,0.0625
89,50,2,6,24,14,114,109,7,0.04375
89,51,3,6,23,17,130,128,5,0.03125
89,52,4,6,12,15,124,127,2,0.0125
89,53,5,6,36,17,125,125,7,0.04375
89,54,6,6,17,15,110,109,7,0.04375
89,55,7,6,11,18,72,69,7,0.04375
89,56,0,7,12,16,44,47,3,0.01875
89,57,1,7,12,13,66,68,7,0.04375
89,58,2,7,28,18,96,100,3,0.01875
89,59,3,7,19,17,104,103,6,0.0375
89,60,4,7,21,17,109,112,3,0.01875
89,61,5,7,33,15,98,100,6,0.0375
89,62,6,7,12,26,87,87,7,0.04375
89,63,7,7,15,15,50,49,4,0.025
90,0,0,0,18,18,49,52,0,0.0
90,1,1,0,23,29,98,106,0,0.0
90,2,2,0,27,20,124,125,2,0.0125
90,3,3,0,18,25,131,133,3,0.01875
90,4,4,0,24,21,129,126,6,0.0375
90,5,5,0,17,27,122,128,3,0.01875
90,6,6,0,23,22,100,102,5,0.03125
90,7,7,0,20,23,58,62,0,0.0
90,8,0,1,18,16,71,74,1,0.00625
90,9,1,1,21,17,118,126,0,0.0
90,10,2,1,17,17,143,144,4,0.025
90,11,3,1,16,32,159,159,6,0.0375
90,12,4,1,17,23,156,153,7,0.04375
90,13,5,1,25,28,158,157,7,0.04375
90,14,6,1,18,23,124,133,2,0.0125
90,15,7,1,21,23,93,96,4,0.025
90,16,0,2,21,21,103,101,3,0.01875
90,17,1,2,9,24,134,136,6,0.0375
90,18,2,2,20,27,161,158,7,0.04375
90,19,3,2,18,18,161,157,9,0.05625
90,20,4,2,15,22,173,170,5,0.03125
90,21,5,2,30,26,186,184,6,0.0375
90,22,6,2,23,26,158,165,1,0.00625
90,23,7,2,18,18,115,115,3,0.01875
90,24,0,3,19,14,107,111,3,0.01875
90,25,1,3,25,15,147,157,1,0.00625
90,26,2,3,19,19,189,188,7,0.04375
90,27,3,3,26,23,205,203,8,0.05
90,28,4,3,12,23,202,201,5,0.03125
90,29,5,3,21,19,203,201,9,0.05625
90,30,6,3,23,28,176,179,4,0.025
90,31,7,3,18,23,129,131,0,0.0
90,32,0,4,24,24,121,115,8,0.05
90,33,1,4,22,20,138,140,7,0.04375
90,34,2,4,14,22,165,167,2,0.0125
90,35,3,4,22,18,190,189,4,0.025
90,36,4,4,21,29,204,205,1,0.00625
90,37,5,4,26,28,207,214,5,0.03125
90,38,6,4,22,20,164,163,7,0.04375
90,39,7,4,19,22,139,139,4,0.025
90,40,0,5,13,14,101,105,3,0.01875
90,41,1,5,26,24,140,145,4,0.025
90,42,2,5,13,19,161,156,7,0.04375
90,43,3,5,21,21,184,183,6,0.0375
90,44,4,5,14,20,188,186,7,0.04375
90,45,5,5,25,22,186,187,6,0.0375
90,46,6,5,26,20,152,149,11,0.06875
90,47,7,5,24,29,139,143,4,0.025
90,48,0,6,21,21,85,88,2,0.0125
90,49,1,6,17,19,108,115,4,0.025
90,50,2,6,20,25,135,141,4,0.025
90,51,3,6,18,24,161,163,3,0.01875
90,52,4,6,18,26,166,162,5,0.03125
90,53,5,6,19,25,147,150,5,0.03125
90,54,6,6,26,21,124,128,3,0.01875
90,55,7,6,22,26,107,112,2,0.0125
90,56,0,7,31,16,57,57,3,0.01875
90,57,1,7,12,13,77,77,7,0.04375
90,58,2,7,14,18,96,94,6,0.0375
90,59,3,7,23,24,124,129,2,0.0125
90,60,4,7,18,24,135,138,2,0.0125
90,61,5,7,20,23,127,131,2,0.0125
90,62,6,7,19,23,95,101,1,0.00625
90,63,7,7,15,29,60,64,1,0.00625
91,0,0,0,23,16,52,48,4,0.025
91,1,1,0,15,16,77,68,9,0.05625
91,2,2,0,23,19,95,93,4,0.025
91,3,3,0,25,13,92,91,4,0.025
91,4,4,0,27,15,95,95,6,0.0375
91,5,5,0,25,17,90,86,5,0.03125
91,6,6,0,18,22,81,78,7,0.04375
91,7,7,0,15,19,46,42,2,0.0125
91,8,0,1,19,16,68,70,0,0.0
91,9,1,1,20,22,101,95,5,0.03125
91,10,2,1,18,14,112,112,4,0.025
91,11,3,1,15,18,114,116,3,0.01875
91,12,4,1,17,22,127,128,7,0.04375
91,13,5,1,19,11,99,101,5,0.03125
91,14,6,1,16,18,109,104,5,0.03125
91,15,7,1,17,22,86,88,2,0.0125
91,16,0,2,15,15,81,80,5,0.03125
91,17,1,2,18,11,104,99,9,0.05625
91,18,2,2,21,14,126,129,5,0.03125
91,19,3,2,26,21,143,145,8,0.05
91,20,4,2,10,10,138,138,3,0.01875
91,21,5,2,22,13,120,119,7,0.04375
91,22,6,2,17,11,115,111,7,0.04375
91,23,7,2,17,14,100,98,7,0.04375
91,24,0,3,13,18,94,97,0,0.0
91,25,1,3,19,14,121,113,11,0.06875
91,26,2,3,17,16,136,138,5,0.03125
91,27,3,3,17,17,153,156,4,0.025
91,28,4,3,23,13,152,149,7,0.04375
91,29,5,3,19,25,139,146,3,0.01875
91,30,6,3,20,17,129,126,7,0.04375
91,31,7,3,19,19,112,105,7,0.04375
91,32,0,4,21,28,101,104,4,0.025
91,33,1,4,22,14,129,123,12,0.075
91,34,2,4,21,15,147,141,6,0.0375
91,35,3,4,18,19,158,159,3,0.01875
91,36,4,4,25,14,158,155,6,0.0375
91,37,5,4,16,13,142,142,4,0.025
91,38,6,4,23,15,117,117,7,0.04375
91,39,7,4,17,27,105,109,1,0.00625
91,40,0,5,18,15,82,82,4,0.025
91,41,1,5,14,20,114,109,9,0.05625
91,42,2,5,20,16,125,128,4,0.025
91,43,3,5,18,23,142,145,3,0.01875
91,44,4,5,12,16,139,142,2,0.0125
91,45,5,5,27,22,142,144,5,0.03125
91,46,6,5,22,15,119,116,11,0.06875
91,47,7,5,26,11,98,95,7,0.04375
91,48,0,6,8,17,63,60,5,0.03125
91,49,1,6,15,15,89,85,7,0.04375
91,50,2,6,12,21,111,105,8,0.05
91,51,3,6,22,17,111,110,5,0.03125
91,52,4,6,15,21,118,120,5,0.03125
91,53,5,6,20,19,107,105,5,0.03125
91,54,6,6,18,14,85,79,10,0.0625
91,55,7,6,18,19,73,71,4,0.025
91,56,0,7,7,12,37,37,3,0.01875
91,57,1,7,16,20,70,71,6,0.0375
91,58,2,7,26,22,100,98,7,0.04375
91,59,3,7,26,16,101,99,4,0.025
91,60,4,7,11,19,98,97,3,0.01875
91,61,5,7,12,18,92,89,6,0.0375
91,62,6,7,18,13,76,72,4,0.025
91,63,7,7,20,16,52,53,0,0.0
92,0,0,0,10,14,36,35,4,0.025
92,1,1,0,9,17,64,65,8,0.05
92,2,2,0,21,15,91,92,4,0.025
92,3,3,0,20,18,105,106,2,0.0125
92,4,4,0,20,19,96,101,1,0.00625
92,5,5,0,14,11,71,73,5,0.03125
92,6,6,0,9,21,69,69,8,0.05
92,7,7,0,16,13,44,42,6,0.0375
92,8,0,1,22,20,69,67,1,0.00625
92,9,1,1,9,9,83,80,8,0.05
92,10,2,1,17,16,102,96,11,0.06875
92,11,3,1,24,19,124,120,7,0.04375
92,12,4,1,17,16,122,124,2,0.0125
92,13,5,1,20,20,108,108,4,0.025
92,14,6,1,14,17,98,100,4,0.025
92,15,7,1,17,17,72,64,10,0.0625
92,16,0,2,15,13,74,76,2,0.0125
92,17,1,2,17,18,107,109,8,0.05
92,18,2,2,13,15,128,128,3,0.01875
92,19,3,2,20,13,140,144,4,0.025
92,20,4,2,20,19,145,143,6,0.0375
92,21,5,2,21,21,140,143,3,0.01875
92,22,6,2,16,18,127,125,8,0.05
92,23,7,2,17,21,89,94,3,0.01875
92,24,0,3,19,12,84,83,3,0.01875
92,25,1,3,25,17,124,125,8,0.05
92,26,2,3,8,16,140,141,3,0.01875
92,27,3,3,18,13,153,156,3,0.01875
92,28,4,3,25,16,159,160,5,0.03125
92,29,5,3,19,25,149,148,3,0.01875
92,30,6,3,14,15,125,122,10,0.0625
92,31,7,3,14,19,98,102,5,0.03125
92,32,0,4,15,16,80,81,4,0.025
92,33,1,4,11,10,112,114,8,0.05
92,34,2,4,21,19,141,146,3,0.01875
92,35,3,4,24,24,165,164,5,0.03125
92,36,4,4,25,18,164,162,6,0.0375
92,37,5,4,18,14,138,132,10,0.0625
92,38,6,4,14,24,120,121,8,0.05
92,39,7,4,20,20,102,97,5,0.03125
92,40,0,5,6,11,68,69,3,0.01875
92,41,1,5,10,16,113,113,8,0.05
92,42,2,5,20,12,131,130,5,0.03125
92,43,3,5,21,19,139,139,1,0.00625
92,44,4,5,19,15,153,150,6,0.0375
92,45,5,5,24,25,146,145,6,0.0375
92,46,6,5,22,17,118,124,8,0.05
92,47,7,5,18,18,90,92,4,0.025
92,48,0,6,4,16,47,49,4,0.025
92,49,1,6,1,18,76,76,8,0.05
92,50,2,6,11,22,94,93,11,0.06875
92,51,3,6,15,16,103,100,8,0.05
92,52,4,6,23,15,129,126,6,0.0375
92,53,5,6,15,14,116,117,7,0.04375
92,54,6,6,26,15,103,102,10,0.0625
92,55,7,6,21,19,73,74,4,0.025
92,56,0,7,9,13,36,34,4,0.025
92,57,1,7,9,19,68,66,8,0.05
92,58,2,7,25,17,91,89,9,0.05625
92,59,3,7,22,18,94,93,6,0.0375
92,60,4,7,23,21,102,95,10,0.0625
92,61,5,7,22,19,91,93,4,0.025
92,62,6,7,20,18,70,71,3,0.01875
92,63,7,7,18,16,45,45,0,0.0
93,0,0,0,17,12,44,45,4,0.025
93,1,1,0,21,21,84,84,9,0.05625
93,2,2,0,16,14,87,85,6,0.0375
93,3,3,0,23,14,99,95,8,0.05
93,4,4,0,27,21,113,104,9,0.05625
93,5,5,0,15,19,97,98,4,0.025
93,6,6,0,21,20,74,72,9,0.05625
93,7,7,0,17,13,36,35,7,0.04375
93,8,0,1,8,11,58,54,4,0.025
93,9,1,1,16,15,96,96,9,0.05625
93,10,2,1,22,19,106,109,7,0.04375
93,11,3,1,20,16,107,106,8,0.05
93,12,4,1,14,20,104,101,6,0.0375
93,13,5,1,10,16,99,93,10,0.0625
93,14,6,1,11,17,84,78,10,0.0625
93,15,7,1,16,9,47,48,9,0.05625
93,16,0,2,13,17,75,74,4,0.025
93,17,1,2,16,15,113,114,7,0.04375
93,18,2,2,25,18,132,132,5,0.03125
93,19,3,2,19,20,137,135,5,0.03125
93,20,4,2,17,18,142,143,5,0.03125
93,21,5,2,23,17,136,133,5,0.03125
93,22,6,2,21,12,114,116,6,0.0375
93,23,7,2,15,14,73,70,6,0.0375
93,24,0,3,14,13,80,79,4,0.025
93,25,1,3,14,15,118,118,9,0.05625
93,26,2,3,15,13,124,122,5,0.03125
93,27,3,3,25,12,134,133,3,0.01875
93,28,4,3,18,18,146,150,4,0.025
93,29,5,3,17,12,142,144,3,0.01875
93,30,6,3,21,20,137,140,8,0.05
93,31,7,3,18,9,87,82,8,0.05
93,32,0,4,18,22,92,89,4,0.025
93,33,1,4,21,17,130,129,10,0.0625
93,34,2,4,17,19,151,145,8,0.05
93,35,3,4,21,16,155,153,7,0.04375
93,36,4,4,24,15,160,164,3,0.01875
93,37,5,4,26,11,149,148,9,0.05625
93,38,6,4,12,19,134,133,7,0.04375
93,39,7,4,14,17,93,95,4,0.025
93,40,0,5,16,17,82,81,4,0.025
93,41,1,5,17,15,118,115,11,0.06875
93,42,2,5,21,26,136,139,4,0.025
93,43,3,5,17,17,150,146,5,0.03125
93,44,4,5,17,23,153,153,5,0.03125
93,45,5,5,25,20,148,146,6,0.0375
93,46,6,5,14,15,115,114,9,0.05625
93,47,7,5,11,22,87,87,6,0.0375
93,48,0,6,5,14,54,52,5,0.03125
93,49,1,6,8,23,85,83,9,0.05625
93,50,2,6,16,14,100,102,8,0.05
93,51,3,6,29,22,127,129,6,0.0375
93,52,4,6,25,20,130,132,4,0.025
93,53,5,6,16,14,114,118,2,0.0125
93,54,6,6,20,16,99,99,9,0.05625
93,55,7,6,16,18,64,65,2,0.0125
93,56,0,7,6,13,37,38,4,0.025
93,57,1,7,11,17,63,62,8,0.05
93,58,2,7,10,19,75,78,6,0.0375
93,59,3,7,17,13,86,85,5,0.03125
93,60,4,7,22,19,94,100,4,0.025
93,61,5,7,20,23,91,87,6,0.0375
93,62,6,7,18,16,64,60,8,0.05
93,63,7,7,17,15,36,32,4,0.025
94,0,0,0,3,14,30,30,3,0.01875
94,1,1,0,8,20,54,55,7,0.04375
94,2,2,0,10,16,67,66,7,0.04375
94,3,3,0,18,15,92,91,8,0.05
94,4,4,0,21,17,87,94,2,0.0125
94,5,5,0,22,13,80,81,3,0.01875
94,6,6,0,16,18,64,68,6,0.0375
94,7,7,0,13,15,43,45,5,0.03125
94,8,0,1,6,22,54,57,3,0.01875
94,9,1,1,3,7,64,64,8,0.05
94,10,2,1,6,11,80,79,8,0.05
94,11,3,1,19,17,107,104,11,0.06875
94,12,4,1,22,16,105,101,10,0.0625
94,13,5,1,20,13,95,96,9,0.05625
94,14,6,1,21,14,87,89,8,0.05
94,15,7,1,12,15,70,73,7,0.04375
94,16,0,2,9,14,70,70,3,0.01875
94,17,1,2,11,13,87,87,7,0.04375
94,18,2,2,20,12,104,103,4,0.025
94,19,3,2,25,21,135,136,6,0.0375
94,20,4,2,25,18,132,130,7,0.04375
94,21,5,2,14,10,111,107,10,0.0625
94,22,6,2,15,18,107,105,7,0.04375
94,23,7,2,12,18,87,86,5,0.03125
94,24,0,3,12,14,82,80,5,0.03125
94,25,1,3,16,12,103,106,7,0.04375
94,26,2,3,23,14,124,124,6,0.0375
94,27,3,3,23,12,156,155,5,0.03125
94,28,4,3,22,15,152,150,3,0.01875
94,29,5,3,22,14,142,139,7,0.04375
94,30,6,3,23,20,139,135,10,0.0625
94,31,7,3,19,21,101,105,5,0.03125
94,32,0,4,12,14,78,78,6,0.0375
94,33,1,4,15,18,116,119,7,0.04375
94,34,2,4,18,16,130,133,6,0.0375
94,35,3,4,15,24,163,168,2,0.0125
94,36,4,4,23,13,159,156,5,0.03125
94,37,5,4,25,15,137,140,8,0.05
94,38,6,4,17,19,124,120,12,0.075
94,39,7,4,14,13,103,99,7,0.04375
94,40,0,5,18,14,71,68,6,0.0375
94,41,1,5,18,22,110,114,7,0.04375
94,42,2,5,17,14,121,121,2,0.0125
94,43,3,5,19,25,146,147,4,0.025
94,44,4,5,12,19,134,138,1,0.00625
94,45,5,5,26,15,132,139,1,0.00625
94,46,6,5,21,18,125,122,10,0.0625
94,47,7,5,14,18,99,99,5,0.03125
94,48,0,6,7,11,44,46,3,0.01875
94,49,1,6,6,12,75,78,7,0.04375
94,50,2,6,18,18,110,111,7,0.04375
94,51,3,6,26,14,123,128,2,0.0125
94,52,4,6,16,13,104,107,1,0.00625
94,53,5,6,18,23,114,112,4,0.025
94,54,6,6,17,17,95,98,8,0.05
94,55,7,6,21,20,78,78,2,0.0125
94,56,0,7,5,13,25,25,4,0.025
94,57,1,7,1,24,48,49,8,0.05
94,58,2,7,7,16,61,62,6,0.0375
94,59,3,7,13,21,80,79,7,0.04375
94,60,4,7,24,9,75,73,6,0.0375
94,61,5,7,20,20,74,75,6,0.0375
94,62,6,7,14,18,59,61,6,0.0375
94,63,7,7,13,18,39,36,6,0.0375
95,0,0,0,7,14,36,36,4,0.025
95,1,1,0,9,17,58,58,8,0.05
95,2,2,0,20,14,79,82,4,0.025
95,3,3,0,30,18,106,110,4,0.025
95,4,4,0,20,21,115,114,2,0.0125
95,5,5,0,8,14,92,92,3,0.01875
95,6,6,0,30,16,83,82,7,0.04375
95,7,7,0,23,12,45,44,6,0.0375
95,8,0,1,3,13,55,54,4,0.025
95,9,1,1,1,13,64,63,9,0.05625
95,10,2,1,4,18,84,85,8,0.05
95,11,3,1,13,19,109,113,6,0.0375
95,12,4,1,14,13,102,110,4,0.025
95,13,5,1,20,15,108,112,6,0.0375
95,14,6,1,21,26,115,113,10,0.0625
95,15,7,1,15,21,74,74,7,0.04375
95,16,0,2,15,11,84,83,5,0.03125
95,17,1,2,12,17,98,100,7,0.04375
95,18,2,2,27,22,140,141,5,0.03125
95,19,3,2,15,17,152,150,5,0.03125
95,20,4,2,24,20,138,140,5,0.03125
95,21,5,2,18,22,125,125,9,0.05625
95,22,6,2,6,17,111,110,8,0.05
95,23,7,2,11,17,82,82,6,0.0375
95,24,0,3,15,18,95,95,6,0.0375
95,25,1,3,17,18,112,111,7,0.04375
95,26,2,3,15,19,143,141,7,0.04375
95,27,3,3,17,19,152,153,3,0.01875
95,28,4,3,23,18,155,156,4,0.025
95,29,5,3,26,16,158,159,5,0.03125
95,30,6,3,19,19,143,147,4,0.025
95,31,7,3,19,13,105,106,4,0.025
95,32,0,4,17,11,82,86,3,0.01875
95,33,1,4,15,18,110,109,10,0.0625
95,34,2,4,19,19,135,136,6,0.0375
95,35,3,4,23,15,144,142,4,0.025
95,36,4,4,19,15,145,145,4,0.025
95,37,5,4,28,16,144,144,7,0.04375
95,38,6,4,15,14,120,121,10,0.0625
95,39,7,4,14,26,105,106,6,0.0375
95,40,0,5,12,13,74,75,5,0.03125
95,41,1,5,22,16,108,109,6,0.0375
95,42,2,5,18,15,129,126,6,0.0375
95,43,3,5,14,21,134,131,8,0.05
95,44,4,5,24,16,137,133,5,0.03125
95,45,5,5,19,19,132,126,8,0.05
95,46,6,5,18,14,111,109,13,0.08125
95,47,7,5,15,14,91,94,3,0.01875
95,48,0,6,8,19,55,53,6,0.0375
95,49,1,6,9,11,65,62,9,0.05625
95,50,2,6,11,16,90,90,7,0.04375
95,51,3,6,10,16,104,97,9,0.05625
95,52,4,6,16,18,111,106,8,0.05
95,53,5,6,21,16,104,102,6,0.0375
95,54,6,6,21,20,98,93,13,0.08125
95,55,7,6,20,15,81,80,4,0.025
95,56,0,7,4,20,31,31,4,0.025
95,57,1,7,5,11,42,41,9,0.05625
95,58,2,7,14,16,77,75,8,0.05
95,59,3,7,26,14,100,105,1,0.00625
95,60,4,7,16,14,100,102,4,0.025
95,61,5,7,20,15,95,93,8,0.05
95,62,6,7,23,23,84,82,7,0.04375
95,63,7,7,16,21,55,57,5,0.03125
96,0,0,0,25,16,55,59,0,0.0
96,1,1,0,19,25,90,95,1,0.00625
96,2,2,0,14,21,108,109,1,0.00625
96,3,3,0,17,19,128,131,1,0.00625
96,4,4,0,18,28,144,147,1,0.00625
96,5,5,0,21,22,134,133,4,0.025
96,6,6,0,21,28,113,117,4,0.025
96,7,7,0,28,15,65,68,3,0.01875
96,8,0,1,20,25,88,88,4,0.025
96,9,1,1,25,21,134,138,6,0.0375
96,10,2,1,23,22,160,164,2,0.0125
96,11,3,1,16,29,168,171,4,0.025
96,12,4,1,10,17,171,167,6,0.0375
96,13,5,1,20,18,151,151,4,0.025
96,14,6,1,22,20,132,142,1,0.00625
96,15,7,1,18,32,103,106,3,0.01875
96,16,0,2,19,15,109,113,1,0.00625
96,17,1,2,18,19,141,146,1,0.00625
96,18,2,2,18,22,168,164,7,0.04375
96,19,3,2,19,20,190,193,3,0.01875
96,20,4,2,28,16,204,202,7,0.04375
96,21,5,2,18,17,161,165,5,0.03125
96,22,6,2,20,23,159,163,5,0.03125
96,23,7,2,27,25,142,143,6,0.0375
96,24,0,3,17,10,117,120,2,0.0125
96,25,1,3,23,26,163,166,5,0.03125
96,26,2,3,20,13,168,170,5,0.03125
96,27,3,3,18,18,194,195,4,0.025
96,28,4,3,16,33,203,204,3,0.01875
96,29,5,3,16,17,169,170,4,0.025
96,30,6,3,24,31,178,183,3,0.01875
96,31,7,3,17,28,149,151,1,0.00625
96,32,0,4,20,18,123,122,2,0.0125
96,33,1,4,20,26,160,164,6,0.0375
96,34,2,4,20,22,172,172,3,0.01875
96,35,3,4,17,32,199,198,5,0.03125
96,36,4,4,22,25,201,203,4,0.025
96,37,5,4,16,21,167,170,4,0.025
96,38,6,4,19,25,175,184,1,0.00625
96,39,7,4,19,27,144,145,6,0.0375
96,40,0,5,16,30,112,115,2,0.0125
96,41,1,5,17,25,151,153,4,0.025
96,42,2,5,21,30,188,189,4,0.025
96,43,3,5,22,17,189,192,5,0.03125
96,44,4,5,16,19,199,198,6,0.0375
96,45,5,5,26,20,166,172,2,0.0125
96,46,6,5,22,22,159,164,8,0.05
96,47,7,5,14,24,119,119,3,0.01875
96,48,0,6,23,17,87,90,2,0.0125
96,49,1,6,24,21,123,127,5,0.03125
96,50,2,6,25,24,151,153,5,0.03125
96,51,3,6,24,13,154,158,4,0.025
96,52,4,6,23,24,172,175,4,0.025
96,53,5,6,14,18,153,155,4,0.025
96,54,6,6,22,32,152,163,2,0.0125
96,55,7,6,27,25,120,119,2,0.0125
96,56,0,7,25,18,59,60,3,0.01875
96,57,1,7,25,20,96,99,6,0.0375
96,58,2,7,22,16,124,126,5,0.03125
96,59,3,7,15,19,131,133,0,0.0
96,60,4,7,26,18,134,134,3,0.01875
96,61,5,7,22,22,122,129,2,0.0125
96,62,6,7,20,20,99,106,1,0.00625
96,63,7,7,18,30,74,77,1,0.00625
97,0,0,0,23,21,53,50,3,0.01875
97,1,1,0,22,13,74,70,6,0.0375
97,2,2,0,15,11,77,76,2,0.0125
97,3,3,0,25,15,94,92,2,0.0125
97,4,4,0,21,20,103,96,8,0.05
97,5,5,0,19,13,78,74,8,0.05
97,6,6,0,15,17,67,62,8,0.05
97,7,7,0,13,28,50,49,4,0.025
97,8,0,1,19,20,83,83,2,0.0125
97,9,1,1,19,23,105,104,6,0.0375
97,10,2,1,22,10,103,101,6,0.0375
97,11,3,1,18,14,124,119,8,0.05
97,12,4,1,20,21,133,134,6,0.0375
97,13,5,1,20,21,111,112,4,0.025
97,14,6,1,16,25,104,101,4,0.025
97,15,7,1,18,20,81,82,2,0.0125
97,16,0,2,19,10,93,94,1,0.00625
97,17,1,2,20,20,125,117,8,0.05
97,18,2,2,20,14,124,127,4,0.025
97,19,3,2,22,24,150,150,3,0.01875
97,20,4,2,24,14,147,149,4,0.025
97,21,5,2,17,18,135,131,8,0.05
97,22,6,2,14,15,112,109,9,0.05625
97,23,7,2,15,11,90,91,5,0.03125
97,24,0,3,22,14,104,101,5,0.03125
97,25,1,3,16,18,130,124,9,0.05625
97,26,2,3,17,13,132,133,5,0.03125
97,27,3,3,19,15,155,154,3,0.01875
97,28,4,3,24,24,172,169,5,0.03125
97,29,5,3,18,18,152,152,5,0.03125
97,30,6,3,21,18,137,131,7,0.04375
97,31,7,3,21,16,108,106,4,0.025
97,32,0,4,17,17,100,101,2,0.0125
97,33,1,4,16,11,124,123,6,0.0375
97,34,2,4,25,18,142,137,7,0.04375
97,35,3,4,16,14,155,157,3,0.01875
97,36,4,4,24,16,168,166,5,0.03125
97,37,5,4,14,13,137,138,5,0.03125
97,38,6,4,21,10,135,127,9,0.05625
97,39,7,4,22,16,105,108,3,0.01875
97,40,0,5,23,28,102,102,3,0.01875
97,41,1,5,10,16,130,124,10,0.0625
97,42,2,5,23,19,125,122,8,0.05
97,43,3,5,27,14,143,144,4,0.025
97,44,4,5,19,22,147,151,4,0.025
97,45,5,5,20,14,127,123,5,0.03125
97,46,6,5,18,19,131,132,8,0.05
97,47,7,5,22,16,99,93,7,0.04375
97,48,0,6,18,12,68,66,5,0.03125
97,49,1,6,19,24,117,115,6,0.0375
97,50,2,6,15,17,110,112,2,0.0125
97,51,3,6,18,24,131,134,1,0.00625
97,52,4,6,20,17,120,117,7,0.04375
97,53,5,6,18,16,105,104,4,0.025
97,54,6,6,16,22,109,101,8,0.05
97,55,7,6,19,22,82,85,2,0.0125
97,56,0,7,10,15,36,34,5,0.03125
97,57,1,7,10,20,60,57,9,0.05625
97,58,2,7,18,15,70,68,8,0.05
97,59,3,7,13,22,88,79,9,0.05625
97,60,4,7,19,13,81,81,4,0.025
97,61,5,7,21,13,77,74,3,0.01875
97,62,6,7,19,16,71,66,5,0.03125
97,63,7,7,24,20,56,53,4,0.025
98,0,0,0,21,15,53,50,5,0.03125
98,1,1,0,23,24,94,96,3,0.01875
98,2,2,0,17,21,102,103,3,0.01875
98,3,3,0,16,15,100,99,4,0.025
98,4,4,0,19,17,92,94,6,0.0375
98,5,5,0,24,15,83,83,8,0.05
98,6,6,0,10,20,61,61,8,0.05
98,7,7,0,6,20,40,40,4,0.025
98,8,0,1,11,13,66,64,5,0.03125
98,9,1,1,16,13,100,99,8,0.05
98,10,2,1,14,15,106,101,8,0.05
98,11,3,1,12,13,107,116,1,0.00625
98,12,4,1,19,16,111,108,8,0.05
98,13,5,1,15,14,103,103,5,0.03125
98,14,6,1,13,24,100,97,7,0.04375
98,15,7,1,17,18,78,79,2,0.0125
98,16,0,2,21,20,97,91,7,0.04375
98,17,1,2,15,26,129,129,8,0.05
98,18,2,2,26,28,146,146,5,0.03125
98,19,3,2,22,15,149,151,3,0.01875
98,20,4,2,25,20,140,141,5,0.03125
98,21,5,2,22,17,118,121,6,0.0375
98,22,6,2,8,13,96,98,7,0.04375
98,23,7,2,14,20,91,90,6,0.0375
98,24,0,3,19,23,102,102,4,0.025
98,25,1,3,19,15,132,134,9,0.05625
98,26,2,3,13,11,142,142,5,0.03125
98,27,3,3,19,16,152,154,3,0.01875
98,28,4,3,27,20,160,163,3,0.01875
98,29,5,3,18,19,136,134,5,0.03125
98,30,6,3,15,13,118,118,9,0.05625
98,31,7,3,21,15,109,109,5,0.03125
98,32,0,4,23,18,99,94,8,0.05
98,33,1,4,14,12,132,129,8,0.05
98,34,2,4,19,13,151,153,8,0.05
98,35,3,4,24,28,152,151,4,0.025
98,36,4,4,20,14,155,151,9,0.05625
98,37,5,4,20,12,125,125,4,0.025
98,38,6,4,9,9,114,113,8,0.05
98,39,7,4,15,17,100,96,6,0.0375
98,40,0,5,5,17,73,72,4,0.025
98,41,1,5,13,23,111,111,9,0.05625
98,42,2,5,23,15,139,138,9,0.05625
98,43,3,5,24,10,128,123,8,0.05
98,44,4,5,22,9,152,147,5,0.03125
98,45,5,5,20,12,125,122,8,0.05
98,46,6,5,13,15,111,109,10,0.0625
98,47,7,5,11,16,81,84,5,0.03125
98,48,0,6,23,13,77,76,5,0.03125
98,49,1,6,14,14,105,104,7,0.04375
98,50,2,6,21,19,131,132,3,0.01875
98,51,3,6,25,11,119,117,2,0.0125
98,52,4,6,16,23,138,136,7,0.04375
98,53,5,6,17,19,118,118,6,0.0375
98,54,6,6,17,18,93,94,7,0.04375
98,55,7,6,14,16,68,60,8,0.05
98,56,0,7,10,20,44,46,3,0.01875
98,57,1,7,9,17,66,67,8,0.05
98,58,2,7,24,25,104,104,7,0.04375
98,59,3,7,25,17,101,109,1,0.00625
98,60,4,7,21,18,110,108,5,0.03125
98,61,5,7,20,19,93,90,7,0.04375
98,62,6,7,13,16,67,65,8,0.05
98,63,7,7,12,14,41,42,4,0.025
99,0,0,0,12,19,45,47,4,0.025
99,1,1,0,13,19,65,61,9,0.05625
99,2,2,0,18,17,76,73,5,0.03125
99,3,3,0,20,18,84,82,6,0.0375
99,4,4,0,19,17,93,92,4,0.025
99,5,5,0,18,14,78,81,5,0.03125
99,6,6,0,10,12,58,57,7,0.04375
99,7,7,0,10,13,37,37,4,0.025
99,8,0,1,13,21,69,73,2,0.0125
99,9,1,1,6,13,75,75,6,0.0375
99,10,2,1,17,18,98,105,1,0.00625
99,11,3,1,29,17,118,116,2,0.0125
99,12,4,1,24,14,125,129,5,0.03125
99,13,5,1,16,17,104,101,8,0.05
99,14,6,1,12,17,81,81,7,0.04375
99,15,7,1,13,23,68,64,3,0.01875
99,16,0,2,11,16,94,93,6,0.0375
99,17,1,2,19,19,112,114,7,0.04375
99,18,2,2,17,15,136,135,6,0.0375
99,19,3,2,18,18,138,136,4,0.025
99,20,4,2,19,16,154,153,4,0.025
99,21,5,2,29,14,134,135,6,0.0375
99,22,6,2,15,15,99,97,7,0.04375
99,23,7,2,7,18,82,83,5,0.03125
99,24,0,3,15,18,105,105,6,0.0375
99,25,1,3,21,16,122,123,7,0.04375
99,26,2,3,21,15,149,146,7,0.04375
99,27,3,3,23,24,167,164,4,0.025
99,28,4,3,25,22,170,170,2,0.0125
99,29,5,3,23,23,148,147,7,0.04375
99,30,6,3,15,19,124,123,10,0.0625
99,31,7,3,10,18,99,97,5,0.03125
99,32,0,4,11,23,102,103,5,0.03125
99,33,1,4,15,17,111,111,9,0.05625
99,34,2,4,20,11,133,132,7,0.04375
99,35,3,4,15,17,150,149,4,0.025
99,36,4,4,22,17,161,165,5,0.03125
99,37,5,4,23,14,147,145,5,0.03125
99,38,6,4,13,12,115,116,9,0.05625
99,39,7,4,10,10,93,95,4,0.025
99,40,0,5,15,17,89,88,5,0.03125
99,41,1,5,8,20,100,102,8,0.05
99,42,2,5,21,22,124,128,4,0.025
99,43,3,5,19,11,143,144,6,0.0375
99,44,4,5,24,19,147,152,3,0.01875
99,45,5,5,18,11,119,125,2,0.0125
99,46,6,5,13,9,101,101,9,0.05625
99,47,7,5,13,16,88,90,3,0.01875
99,48,0,6,23,20,85,84,6,0.0375
99,49,1,6,22,17,101,104,5,0.03125
99,50,2,6,21,16,119,117,4,0.025
99,51,3,6,17,16,131,126,7,0.04375
99,52,4,6,23,25,138,139,8,0.05
99,53,5,6,11,14,103,100,8,0.05
99,54,6,6,15,21,100,99,10,0.0625
99,55,7,6,13,22,79,83,6,0.0375
99,56,0,7,10,17,50,49,4,0.025
99,57,1,7,9,12,66,64,8,0.05
99,58,2,7,28,16,95,96,6,0.0375
99,59,3,7,27,18,114,111,5,0.03125
99,60,4,7,18,21,105,108,3,0.01875
99,61,5,7,22,18,95,100,2,0.0125
99,62,6,7,11,19,73,74,6,0.0375
99,63,7,7,12,17,46,45,3,0.01875
100,0,0,0,3,21,33,34,3,0.01875
100,1,1,0,11,21,48,49,8,0.05
100,2,2,0,14,16,73,72,5,0.03125
100,3,3,0,18,22,97,103,1,0.00625
100,4,4,0,17,22,102,107,1,0.00625
100,5,5,0,30,13,88,90,3,0.01875
100,6,6,0,15,20,65,70,5,0.03125
100,7,7,0,9,25,51,52,2,0.0125
100,8,0,1,12,13,75,69,7,0.04375
100,9,1,1,14,14,88,87,8,0.05
100,10,2,1,26,19,123,121,4,0.025
100,11,3,1,22,15,132,129,6,0.0375
100,12,4,1,24,12,127,123,7,0.04375
100,13,5,1,21,11,105,104,8,0.05
100,14,6,1,14,20,88,84,9,0.05625
100,15,7,1,9,19,73,71,7,0.04375
100,16,0,2,18,19,92,95,4,0.025
100,17,1,2,11,16,104,103,7,0.04375
100,18,2,2,19,12,130,129,7,0.04375
100,19,3,2,23,11,146,145,5,0.03125
100,20,4,2,21,21,150,149,7,0.04375
100,21,5,2,27,22,127,129,5,0.03125
100,22,6,2,14,15,104,105,8,0.05
100,23,7,2,14,20,97,93,8,0.05
100,24,0,3,24,21,116,118,1,0.00625
100,25,1,3,22,13,121,119,9,0.05625
100,26,2,3,18,22,152,151,7,0.04375
100,27,3,3,22,28,168,167,5,0.03125
100,28,4,3,13,15,149,145,6,0.0375
100,29,5,3,18,15,126,129,5,0.03125
100,30,6,3,13,16,119,120,8,0.05
100,31,7,3,17,12,94,95,6,0.0375
100,32,0,4,18,19,107,110,3,0.01875
100,33,1,4,15,11,115,114,9,0.05625
100,34,2,4,21,14,145,146,7,0.04375
100,35,3,4,13,22,168,166,6,0.0375
100,36,4,4,20,19,154,154,5,0.03125
100,37,5,4,18,13,134,136,4,0.025
100,38,6,4,21,16,142,143,9,0.05625
100,39,7,4,22,20,106,103,6,0.0375
100,40,0,5,12,21,95,96,4,0.025
100,41,1,5,13,11,113,114,8,0.05
100,42,2,5,26,16,145,145,4,0.025
100,43,3,5,18,15,149,150,8,0.05
100,44,4,5,20,20,139,134,8,0.05
100,45,5,5,23,15,130,129,3,0.01875
100,46,6,5,20,16,127,128,9,0.05625
100,47,7,5,13,9,90,87,5,0.03125
100,48,0,6,16,20,75,77,3,0.01875
100,49,1,6,21,20,105,105,6,0.0375
100,50,2,6,19,16,123,119,7,0.04375
100,51,3,6,18,24,135,140,4,0.025
100,52,4,6,23,13,117,122,4,0.025
100,53,5,6,15,15,103,108,4,0.025
100,54,6,6,9,22,103,105,6,0.0375
100,55,7,6,11,24,75,75,6,0.0375
100,56,0,7,11,18,44,43,4,0.025
100,57,1,7,18,20,76,78,6,0.0375
100,58,2,7,25,25,102,106,1,0.00625
100,59,3,7,22,12,102,103,1,0.00625
100,60,4,7,22,21,104,106,1,0.00625
100,61,5,7,23,16,92,87,8,0.05
100,62,6,7,14,24,76,74,9,0.05625
100,63,7,7,14,16,40,41,4,0.025
101,0,0,0,12,10,31,30,4,0.025
101,1,1,0,17,25,74,74,8,0.05
101,2,2,0,24,17,90,92,4,0.025
101,3,3,0,20,15,101,100,1,0.00625
101,4,4,0,22,17,103,103,1,0.00625
101,5,5,0,19,23,99,94,6,0.0375
101,6,6,0,16,13,63,62,6,0.0375
101,7,7,0,15,21,55,53,4,0.025
101,8,0,1,18,15,56,60,4,0.025
101,9,1,1,17,24,107,107,8,0.05
101,10,2,1,17,14,104,102,7,0.04375
101,11,3,1,16,12,108,109,4,0.025
101,12,4,1,14,22,111,109,11,0.06875
101,13,5,1,15,16,96,97,8,0.05
101,14,6,1,4,18,65,66,10,0.0625
101,15,7,1,4,15,61,63,6,0.0375
101,16,0,2,13,13,80,76,9,0.05625
101,17,1,2,18,14,123,122,7,0.04375
101,18,2,2,18,12,123,127,5,0.03125
101,19,3,2,20,17,137,136,5,0.03125
101,20,4,2,18,7,134,131,9,0.05625
101,21,5,2,18,13,117,115,6,0.0375
101,22,6,2,11,11,96,95,8,0.05
101,23,7,2,11,19,88,90,5,0.03125
101,24,0,3,16,15,94,91,5,0.03125
101,25,1,3,22,7,125,125,9,0.05625
101,26,2,3,20,12,144,140,13,0.08125
101,27,3,3,25,15,158,159,4,0.025
101,28,4,3,20,19,154,151,9,0.05625
101,29,5,3,21,17,137,133,8,0.05
101,30,6,3,17,15,115,117,7,0.04375
101,31,7,3,17,19,109,108,5,0.03125
101,32,0,4,9,27,92,88,5,0.03125
101,33,1,4,23,14,115,115,10,0.0625
101,34,2,4,25,28,146,148,6,0.0375
101,35,3,4,24,18,158,158,5,0.03125
101,36,4,4,20,16,150,154,2,0.0125
101,37,5,4,21,12,131,127,6,0.0375
101,38,6,4,13,23,119,120,8,0.05
101,39,7,4,7,24,102,103,6,0.0375
101,40,0,5,17,9,74,74,4,0.025
101,41,1,5,16,15,97,92,12,0.075
101,42,2,5,22,19,133,131,7,0.04375
101,43,3,5,21,16,137,143,2,0.0125
101,44,4,5,26,18,151,149,8,0.05
101,45,5,5,24,17,124,117,9,0.05625
101,46,6,5,12,11,102,104,7,0.04375
101,47,7,5,13,17,86,88,5,0.03125
101,48,0,6,18,18,61,60,5,0.03125
101,49,1,6,12,13,70,64,12,0.075
101,50,2,6,26,17,98,99,8,0.05
101,51,3,6,18,14,105,102,6,0.0375
101,52,4,6,15,20,109,101,11,0.06875
101,53,5,6,8,21,86,82,8,0.05
101,54,6,6,10,19,85,84,9,0.05625
101,55,7,6,7,19,64,65,4,0.025
101,56,0,7,16,13,38,38,5,0.03125
101,57,1,7,13,13,59,57,9,0.05625
101,58,2,7,17,17,86,82,7,0.04375
101,59,3,7,20,26,104,102,6,0.0375
101,60,4,7,22,19,114,110,4,0.025
101,61,5,7,22,9,97,98,7,0.04375
101,62,6,7,19,17,83,85,6,0.0375
101,63,7,7,14,19,50,50,3,0.01875
102,0,0,0,27,27,65,66,3,0.01875
102,1,1,0,23,28,101,101,7,0.04375
102,2,2,0,18,17,111,109,7,0.04375
102,3,3,0,18,13,117,116,3,0.01875
102,4,4,0,24,24,135,135,1,0.00625
102,5,5,0,15,23,115,122,0,0.0
102,6,6,0,20,17,85,87,1,0.00625
102,7,7,0,17,20,47,52,0,0.0
102,8,0,1,17,19,91,91,2,0.0125
102,9,1,1,21,25,139,143,3,0.01875
102,10,2,1,20,25,150,153,4,0.025
102,11,3,1,17,23,151,155,1,0.00625
102,12,4,1,20,24,161,168,3,0.01875
102,13,5,1,18,21,139,144,3,0.01875
102,14,6,1,24,25,119,125,2,0.0125
102,15,7,1,19,23,78,83,1,0.00625
102,16,0,2,23,23,116,121,3,0.01875
102,17,1,2,23,29,160,165,4,0.025
102,18,2,2,18,21,176,177,4,0.025
102,19,3,2,25,16,185,183,7,0.04375
102,20,4,2,25,28,185,191,3,0.01875
102,21,5,2,23,21,170,170,7,0.04375
102,22,6,2,21,17,152,152,8,0.05
102,23,7,2,25,15,99,104,1,0.00625
102,24,0,3,13,21,126,129,4,0.025
102,25,1,3,21,22,158,166,1,0.00625
102,26,2,3,23,24,194,201,4,0.025
102,27,3,3,23,17,198,202,1,0.00625
102,28,4,3,19,20,193,197,6,0.0375
102,29,5,3,20,12,175,176,7,0.04375
102,30,6,3,22,18,165,160,11,0.06875
102,31,7,3,24,17,108,113,1,0.00625
102,32,0,4,22,27,132,137,3,0.01875
102,33,1,4,14,23,162,170,2,0.0125
102,34,2,4,15,28,195,199,1,0.00625
102,35,3,4,25,24,199,199,5,0.03125
102,36,4,4,17,25,204,201,5,0.03125
102,37,5,4,17,30,182,186,4,0.025
102,38,6,4,22,21,159,161,5,0.03125
102,39,7,4,22,16,110,114,2,0.0125
102,40,0,5,24,19,124,122,5,0.03125
102,41,1,5,23,19,167,171,6,0.0375
102,42,2,5,21,24,185,188,4,0.025
102,43,3,5,20,33,191,191,1,0.00625
102,44,4,5,23,38,187,195,2,0.0125
102,45,5,5,19,31,171,177,3,0.01875
102,46,6,5,22,25,163,163,7,0.04375
102,47,7,5,17,29,105,107,3,0.01875
102,48,0,6,21,26,106,107,5,0.03125
102,49,1,6,14,24,140,141,10,0.0625
102,50,2,6,19,25,169,169,7,0.04375
102,51,3,6,25,20,167,166,8,0.05
102,52,4,6,19,21,152,159,5,0.03125
102,53,5,6,26,18,146,145,7,0.04375
102,54,6,6,25,32,144,145,7,0.04375
102,55,7,6,25,22,77,80,2,0.0125
102,56,0,7,22,33,76,79,2,0.0125
102,57,1,7,20,29,101,103,7,0.04375
102,58,2,7,17,29,121,119,7,0.04375
102,59,3,7,24,29,128,129,4,0.025
102,60,4,7,17,18,122,120,7,0.04375
102,61,5,7,28,14,111,111,6,0.0375
102,62,6,7,25,26,93,93,7,0.04375
102,63,7,7,16,15,38,41,1,0.00625
103,0,0,0,18,7,42,41,3,0.01875
103,1,1,0,12,17,64,66,6,0.0375
103,2,2,0,15,13,83,83,6,0.0375
103,3,3,0,19,18,102,100,5,0.03125
103,4,4,0,12,17,98,97,2,0.0125
103,5,5,0,19,15,93,89,4,0.025
103,6,6,0,19,21,83,85,2,0.0125
103,7,7,0,23,20,55,55,0,0.0
103,8,0,1,15,25,68,68,3,0.01875
103,9,1,1,9,16,76,73,8,0.05
103,10,2,1,16,11,89,83,10,0.0625
103,11,3,1,23,10,96,90,7,0.04375
103,12,4,1,20,24,104,97,11,0.06875
103,13,5,1,17,15,94,86,11,0.06875
103,14,6,1,8,14,84,79,8,0.05
103,15,7,1,12,11,61,57,5,0.03125
103,16,0,2,17,19,92,95,1,0.00625
103,17,1,2,17,17,113,114,4,0.025
103,18,2,2,10,19,131,126,7,0.04375
103,19,3,2,17,11,128,131,5,0.03125
103,20,4,2,24,15,140,139,4,0.025
103,21,5,2,17,18,130,129,7,0.04375
103,22,6,2,14,20,116,116,8,0.05
103,23,7,2,19,10,85,79,7,0.04375
103,24,0,3,25,20,107,105,5,0.03125
103,25,1,3,18,11,118,113,5,0.03125
103,26,2,3,23,21,150,150,6,0.0375
103,27,3,3,16,20,157,148,8,0.05
103,28,4,3,28,17,149,154,2,0.0125
103,29,5,3,24,15,141,141,4,0.025
103,30,6,3,12,9,111,116,7,0.04375
103,31,7,3,9,20,89,84,6,0.0375
103,32,0,4,23,21,109,107,4,0.025
103,33,1,4,22,19,126,122,6,0.0375
103,34,2,4,20,18,153,150,4,0.025
103,35,3,4,19,17,150,155,3,0.01875
103,36,4,4,20,13,145,145,3,0.01875
103,37,5,4,19,15,143,143,4,0.025
103,38,6,4,17,15,128,122,12,0.075
103,39,7,4,24,14,95,93,3,0.01875
103,40,0,5,14,17,92,94,3,0.01875
103,41,1,5,21,20,111,112,7,0.04375
103,42,2,5,18,14,134,135,3,0.01875
103,43,3,5,15,19,146,144,3,0.01875
103,44,4,5,16,15,139,139,1,0.00625
103,45,5,5,20,16,146,143,8,0.05
103,46,6,5,19,14,113,113,5,0.03125
103,47,7,5,21,12,84,77,9,0.05625
103,48,0,6,16,17,77,79,2,0.0125
103,49,1,6,15,16,93,97,7,0.04375
103,50,2,6,15,15,115,114,9,0.05625
103,51,3,6,20,15,117,119,5,0.03125
103,52,4,6,17,14,107,107,5,0.03125
103,53,5,6,19,17,114,113,8,0.05
103,54,6,6,12,18,92,89,10,0.0625
103,55,7,6,16,11,69,59,11,0.06875
103,56,0,7,12,23,45,44,3,0.01875
103,57,1,7,10,15,60,60,6,0.0375
103,58,2,7,23,19,89,92,4,0.025
103,59,3,7,15,16,95,95,3,0.01875
103,60,4,7,26,12,94,94,5,0.03125
103,61,5,7,24,22,96,95,8,0.05
103,62,6,7,13,16,70,67,8,0.05
103,63,7,7,15,13,46,42,4,0.025
104,0,0,0,6,12,29,28,4,0.025
104,1,1,0,5,13,48,43,9,0.05625
104,2,2,0,12,18,71,70,7,0.04375
104,3,3,0,19,17,90,92,2,0.0125
104,4,4,0,20,22,98,98,2,0.0125
104,5,5,0,22,19,94,93,5,0.03125
104,6,6,0,19,12,64,63,3,0.01875
104,7,7,0,20,18,53,51,2,0.0125
104,8,0,1,14,18,60,59,5,0.03125
104,9,1,1,7,12,65,65,7,0.04375
104,10,2,1,19,16,99,101,9,0.05625
104,11,3,1,20,13,110,111,5,0.03125
104,12,4,1,21,18,114,115,8,0.05
104,13,5,1,11,16,108,109,8,0.05
104,14,6,1,9,23,75,76,8,0.05
104,15,7,1,6,23,70,68,6,0.0375
104,16,0,2,20,22,94,91,2,0.0125
104,17,1,2,16,18,102,100,6,0.0375
104,18,2,2,23,15,140,135,12,0.075
104,19,3,2,19,15,141,138,8,0.05
104,20,4,2,10,10,126,127,3,0.01875
104,21,5,2,16,16,141,145,2,0.0125
104,22,6,2,23,16,128,125,10,0.0625
104,23,7,2,17,14,101,101,6,0.0375
104,24,0,3,22,9,96,99,1,0.00625
104,25,1,3,23,9,122,120,7,0.04375
104,26,2,3,20,21,163,160,8,0.05
104,27,3,3,25,20,155,159,4,0.025
104,28,4,3,19,16,149,147,3,0.01875
104,29,5,3,20,22,162,159,10,0.0625
104,30,6,3,26,19,150,147,10,0.0625
104,31,7,3,22,18,114,115,5,0.03125
104,32,0,4,17,11,86,84,6,0.0375
104,33,1,4,22,23,115,114,8,0.05
104,34,2,4,23,20,159,154,9,0.05625
104,35,3,4,30,10,165,161,6,0.0375
104,36,4,4,17,13,148,149,4,0.025
104,37,5,4,20,21,161,158,7,0.04375
104,38,6,4,21,25,127,131,9,0.05625
104,39,7,4,16,15,104,101,7,0.04375
104,40,0,5,14,12,73,73,3,0.01875
104,41,1,5,17,19,88,90,6,0.0375
104,42,2,5,12,19,116,108,10,0.0625
104,43,3,5,16,20,141,141,4,0.025
104,44,4,5,13,17,140,135,4,0.025
104,45,5,5,22,14,144,148,4,0.025
104,46,6,5,14,12,108,103,9,0.05625
104,47,7,5,24,11,93,98,4,0.025
104,48,0,6,10,16,65,63,4,0.025
104,49,1,6,6,14,74,73,8,0.05
104,50,2,6,17,19,105,103,10,0.0625
104,51,3,6,15,17,122,117,9,0.05625
104,52,4,6,23,18,124,121,8,0.05
104,53,5,6,20,19,112,111,11,0.06875
104,54,6,6,15,16,76,75,12,0.075
104,55,7,6,14,18,59,65,6,0.0375
104,56,0,7,12,21,47,45,5,0.03125
104,57,1,7,18,16,69,69,8,0.05
104,58,2,7,20,17,91,93,3,0.01875
104,59,3,7,18,20,106,108,3,0.01875
104,60,4,7,21,10,96,98,4,0.025
104,61,5,7,23,24,90,89,9,0.05625
104,62,6,7,17,13,59,59,9,0.05625
104,63,7,7,11,15,34,32,7,0.04375
105,0,0,0,13,20,49,48,5,0.03125
105,1,1,0,18,13,73,78,5,0.03125
105,2,2,0,23,19,104,107,3,0.01875
105,3,3,0,12,12,102,103,2,0.0125
105,4,4,0,25,22,116,111,7,0.04375
105,5,5,0,18,26,101,100,4,0.025
105,6,6,0,20,13,69,66,6,0.0375
105,7,7,0,21,18,53,50,5,0.03125
105,8,0,1,9,18,63,63,5,0.03125
105,9,1,1,9,20,85,86,7,0.04375
105,10,2,1,26,17,122,121,9,0.05625
105,11,3,1,18,16,120,123,2,0.0125
105,12,4,1,25,14,130,135,4,0.025
105,13,5,1,24,26,125,128,8,0.05
105,14,6,1,6,13,76,77,7,0.04375
105,15,7,1,13,19,69,71,5,0.03125
105,16,0,2,12,11,85,80,8,0.05
105,17,1,2,11,19,113,110,8,0.05
105,18,2,2,19,20,137,148,3,0.01875
105,19,3,2,23,17,144,147,4,0.025
105,20,4,2,17,19,148,146,5,0.03125
105,21,5,2,23,14,145,141,6,0.0375
105,22,6,2,20,20,109,113,8,0.05
105,23,7,2,14,21,91,91,8,0.05
105,24,0,3,16,16,97,94,6,0.0375
105,25,1,3,19,14,122,124,6,0.0375
105,26,2,3,20,21,152,158,2,0.0125
105,27,3,3,16,18,159,162,3,0.01875
105,28,4,3,23,22,164,162,4,0.025
105,29,5,3,19,13,146,151,5,0.03125
105,30,6,3,15,21,116,115,10,0.0625
105,31,7,3,9,24,100,99,6,0.0375
105,32,0,4,15,11,85,87,5,0.03125
105,33,1,4,18,14,119,119,7,0.04375
105,34,2,4,23,19,152,159,3,0.01875
105,35,3,4,16,23,168,167,5,0.03125
105,36,4,4,19,18,157,160,1,0.00625
105,37,5,4,26,17,153,150,9,0.05625
105,38,6,4,11,9,109,109,8,0.05
105,39,7,4,17,18,107,108,6,0.0375
105,40,0,5,20,18,82,81,5,0.03125
105,41,1,5,17,9,102,99,8,0.05
105,42,2,5,12,12,121,126,5,0.03125
105,43,3,5,19,15,140,141,2,0.0125
105,44,4,5,21,22,145,147,4,0.025
105,45,5,5,22,21,146,143,5,0.03125
105,46,6,5,19,15,110,113,7,0.04375
105,47,7,5,18,16,99,98,6,0.0375
105,48,0,6,2,14,52,51,4,0.025
105,49,1,6,10,13,71,70,8,0.05
105,50,2,6,11,15,93,94,7,0.04375
105,51,3,6,26,16,107,109,8,0.05
105,52,4,6,19,12,100,100,7,0.04375
105,53,5,6,13,17,99,99,9,0.05625
105,54,6,6,14,13,78,79,11,0.06875
105,55,7,6,8,23,71,68,7,0.04375
105,56,0,7,8,16,32,33,3,0.01875
105,57,1,7,8,18,49,48,8,0.05
105,58,2,7,12,16,68,68,3,0.01875
105,59,3,7,27,17,93,86,9,0.05625
105,60,4,7,22,16,87,85,7,0.04375
105,61,5,7,22,18,78,80,7,0.04375
105,62,6,7,9,15,56,58,8,0.05
105,63,7,7,11,18,44,46,5,0.03125
106,0,0,0,16,19,43,45,4,0.025
106,1,1,0,19,13,72,72,5,0.03125
106,2,2,0,24,14,102,103,4,0.025
106,3,3,0,18,19,112,111,3,0.01875
106,4,4,0,15,21,97,101,3,0.01875
106,5,5,0,19,17,80,86,0,0.0
106,6,6,0,19,12,67,67,4,0.025
106,7,7,0,11,23,53,53,4,0.025
106,8,0,1,13,13,64,58,10,0.0625
106,9,1,1,10,14,78,76,8,0.05
106,10,2,1,15,14,108,107,11,0.06875
106,11,3,1,20,25,130,126,5,0.03125
106,12,4,1,21,19,126,123,9,0.05625
106,13,5,1,28,17,110,112,5,0.03125
106,14,6,1,13,13,73,75,4,0.025
106,15,7,1,8,18,73,75,2,0.0125
106,16,0,2,16,13,81,84,4,0.025
106,17,1,2,16,13,106,106,8,0.05
106,18,2,2,18,17,136,132,3,0.01875
106,19,3,2,24,25,142,143,4,0.025
106,20,4,2,19,18,150,150,6,0.0375
106,21,5,2,17,12,124,130,1,0.00625
106,22,6,2,16,14,105,106,5,0.03125
106,23,7,2,15,16,95,98,5,0.03125
106,24,0,3,14,11,91,90,5,0.03125
106,25,1,3,9,20,113,111,6,0.0375
106,26,2,3,23,16,143,139,7,0.04375
106,27,3,3,21,18,151,153,1,0.00625
106,28,4,3,20,17,166,167,4,0.025
106,29,5,3,17,16,143,144,4,0.025
106,30,6,3,15,26,120,124,7,0.04375
106,31,7,3,17,23,109,110,5,0.03125
106,32,0,4,16,24,110,110,4,0.025
106,33,1,4,15,25,140,141,6,0.0375
106,34,2,4,27,24,172,165,9,0.05625
106,35,3,4,23,19,156,161,2,0.0125
106,36,4,4,20,12,158,152,4,0.025
106,37,5,4,23,15,147,150,7,0.04375
106,38,6,4,15,11,112,111,8,0.05
106,39,7,4,16,23,105,105,6,0.0375
106,40,0,5,15,17,92,91,5,0.03125
106,41,1,5,20,15,118,119,7,0.04375
106,42,2,5,28,15,152,152,6,0.0375
106,43,3,5,14,17,144,143,2,0.0125
106,44,4,5,18,22,141,144,2,0.0125
106,45,5,5,21,26,131,134,3,0.01875
106,46,6,5,9,14,88,89,8,0.05
106,47,7,5,14,12,82,83,4,0.025
106,48,0,6,11,20,76,77,4,0.025
106,49,1,6,10,12,87,87,9,0.05625
106,50,2,6,25,26,125,125,9,0.05625
106,51,3,6,23,20,120,124,4,0.025
106,52,4,6,16,17,110,109,8,0.05
106,53,5,6,20,14,98,101,8,0.05
106,54,6,6,9,16,79,83,6,0.0375
106,55,7,6,7,15,59,62,5,0.03125
106,56,0,7,14,21,50,48,5,0.03125
106,57,1,7,15,18,71,73,7,0.04375
106,58,2,7,19,17,93,90,7,0.04375
106,59,3,7,21,15,95,96,7,0.04375
106,60,4,7,27,10,89,89,7,0.04375
106,61,5,7,15,20,76,74,7,0.04375
106,62,6,7,6,12,45,47,6,0.0375
106,63,7,7,8,20,32,34,2,0.0125
107,0,0,0,16,20,46,46,4,0.025
107,1,1,0,25,21,82,81,7,0.04375
107,2,2,0,20,18,99,98,5,0.03125
107,3,3,0,27,15,102,101,4,0.025
107,4,4,0,25,17,95,91,7,0.04375
107,5,5,0,15,20,82,74,8,0.05
107,6,6,0,8,20,62,58,9,0.05625
107,7,7,0,13,19,42,43,3,0.01875
107,8,0,1,12,12,57,63,5,0.03125
107,9,1,1,11,16,76,76,8,0.05
107,10,2,1,26,18,105,106,10,0.0625
107,11,3,1,16,14,109,108,7,0.04375
107,12,4,1,15,14,112,113,8,0.05
107,13,5,1,24,15,113,109,9,0.05625
107,14,6,1,14,20,99,93,10,0.0625
107,15,7,1,11,16,69,67,4,0.025
107,16,0,2,16,18,89,88,6,0.0375
107,17,1,2,22,11,112,111,7,0.04375
107,18,2,2,18,18,141,137,9,0.05625
107,19,3,2,18,17,143,146,2,0.0125
107,20,4,2,23,17,153,151,6,0.0375
107,21,5,2,18,19,136,130,6,0.0375
107,22,6,2,17,13,118,114,9,0.05625
107,23,7,2,12,11,76,76,3,0.01875
107,24,0,3,18,18,91,90,5,0.03125
107,25,1,3,18,16,118,120,7,0.04375
107,26,2,3,19,26,153,159,2,0.0125
107,27,3,3,20,16,162,157,5,0.03125
107,28,4,3,15,22,164,165,3,0.01875
107,29,5,3,21,8,146,144,6,0.0375
107,30,6,3,21,14,135,131,9,0.05625
107,31,7,3,18,9,81,83,4,0.025
107,32,0,4,19,24,95,96,3,0.01875
107,33,1,4,14,19,118,115,8,0.05
107,34,2,4,21,22,148,153,3,0.01875
107,35,3,4,13,17,162,157,4,0.025
107,36,4,4,19,22,157,160,4,0.025
107,37,5,4,24,15,140,136,10,0.0625
107,38,6,4,12,14,121,118,10,0.0625
107,39,7,4,14,21,87,90,4,0.025
107,40,0,5,21,15,89,86,8,0.05
107,41,1,5,17,22,115,116,6,0.0375
107,42,2,5,16,9,137,137,6,0.0375
107,43,3,5,26,17,154,153,2,0.0125
107,44,4,5,20,14,145,141,6,0.0375
107,45,5,5,20,15,132,128,7,0.04375
107,46,6,5,12,23,117,117,6,0.0375
107,47,7,5,13,11,77,78,4,0.025
107,48,0,6,11,14,63,62,5,0.03125
107,49,1,6,21,13,89,86,11,0.06875
107,50,2,6,24,18,122,122,9,0.05625
107,51,3,6,11,30,131,127,7,0.04375
107,52,4,6,19,21,125,130,3,0.01875
107,53,5,6,21,14,101,98,8,0.05
107,54,6,6,11,17,83,82,7,0.04375
107,55,7,6,11,18,62,64,4,0.025
107,56,0,7,11,17,40,41,5,0.03125
107,57,1,7,13,17,63,65,5,0.03125
107,58,2,7,23,25,102,107,1,0.00625
107,59,3,7,18,9,93,99,3,0.01875
107,60,4,7,23,18,106,110,3,0.01875
107,61,5,7,25,16,93,94,7,0.04375
107,62,6,7,19,22,82,81,7,0.04375
107,63,7,7,16,14,50,50,3,0.01875
108,0,0,0,26,22,65,68,1,0.00625
108,1,1,0,22,25,106,108,5,0.03125
108,2,2,0,21,22,127,127,4,0.025
108,3,3,0,15,22,131,132,2,0.0125
108,4,4,0,22,26,145,152,1,0.00625
108,5,5,0,28,28,133,137,3,0.01875
108,6,6,0,21,23,102,110,2,0.0125
108,7,7,0,20,30,71,75,0,0.0
108,8,0,1,20,23,94,98,0,0.0
108,9,1,1,18,25,135,140,2,0.0125
108,10,2,1,17,15,159,167,1,0.00625
108,11,3,1,24,20,166,170,2,0.0125
108,12,4,1,14,21,169,172,3,0.01875
108,13,5,1,24,32,163,167,3,0.01875
108,14,6,1,18,13,126,130,6,0.0375
108,15,7,1,19,16,100,103,0,0.0
108,16,0,2,18,25,118,122,2,0.0125
108,17,1,2,27,24,150,159,0,0.0
108,18,2,2,13,21,186,194,1,0.00625
108,19,3,2,15,18,175,175,0,0.0
108,20,4,2,19,21,174,180,1,0.00625
108,21,5,2,20,16,157,162,1,0.00625
108,22,6,2,16,25,145,151,5,0.03125
108,23,7,2,15,21,120,122,2,0.0125
108,24,0,3,19,30,130,134,3,0.01875
108,25,1,3,32,27,172,170,7,0.04375
108,26,2,3,20,29,223,217,7,0.04375
108,27,3,3,18,24,195,194,5,0.03125
108,28,4,3,22,21,188,184,7,0.04375
108,29,5,3,18,23,161,163,3,0.01875
108,30,6,3,18,19,151,157,4,0.025
108,31,7,3,18,21,132,132,3,0.01875
108,32,0,4,11,18,121,120,4,0.025
108,33,1,4,19,20,154,158,6,0.0375
108,34,2,4,28,27,209,204,8,0.05
108,35,3,4,21,37,201,205,2,0.0125
108,36,4,4,22,15,190,191,3,0.01875
108,37,5,4,14,16,156,165,1,0.00625
108,38,6,4,21,20,148,157,3,0.01875
108,39,7,4,16,23,128,128,1,0.00625
108,40,0,5,26,21,124,128,5,0.03125
108,41,1,5,24,17,157,156,7,0.04375
108,42,2,5,15,30,192,194,4,0.025
108,43,3,5,17,20,175,175,3,0.01875
108,44,4,5,19,21,187,185,6,0.0375
108,45,5,5,18,16,159,161,3,0.01875
108,46,6,5,27,18,153,159,2,0.0125
108,47,7,5,13,26,107,110,1,0.00625
108,48,0,6,19,28,99,96,8,0.05
108,49,1,6,24,26,129,139,2,0.0125
108,50,2,6,19,27,154,156,7,0.04375
108,51,3,6,21,22,159,163,5,0.03125
108,52,4,6,22,27,174,171,5,0.03125
108,53,5,6,23,26,150,153,6,0.0375
108,54,6,6,21,30,131,132,5,0.03125
108,55,7,6,19,10,75,78,0,0.0
108,56,0,7,22,17,63,67,1,0.00625
108,57,1,7,19,27,100,103,1,0.00625
108,58,2,7,14,22,106,106,2,0.0125
108,59,3,7,15,25,124,125,2,0.0125
108,60,4,7,22,22,130,131,1,0.00625
108,61,5,7,22,22,114,118,1,0.00625
108,62,6,7,20,20,84,88,1,0.00625
108,63,7,7,24,15,51,54,0,0.0
109,0,0,0,19,18,51,49,3,0.01875
109,1,1,0,14,9,62,60,7,0.04375
109,2,2,0,19,23,86,82,6,0.0375
109,3,3,0,24,24,101,99,3,0.01875
109,4,4,0,20,20,97,94,4,0.025
109,5,5,0,15,18,93,96,1,0.00625
109,6,6,0,19,12,82,78,4,0.025
109,7,7,0,21,25,66,65,1,0.00625
109,8,0,1,29,26,99,94,6,0.0375
109,9,1,1,17,15,102,101,4,0.025
109,10,2,1,21,13,115,111,5,0.03125
109,11,3,1,19,16,134,131,5,0.03125
109,12,4,1,19,15,124,125,3,0.01875
109,13,5,1,22,25,118,118,5,0.03125
109,14,6,1,16,14,94,93,8,0.05
109,15,7,1,21,27,99,92,8,0.05
109,16,0,2,19,15,102,101,3,0.01875
109,17,1,2,23,9,112,110,3,0.01875
109,18,2,2,19,16,134,125,9,0.05625
109,19,3,2,25,23,161,157,5,0.03125
109,20,4,2,26,17,145,140,6,0.0375
109,21,5,2,21,19,143,138,7,0.04375
109,22,6,2,13,12,123,117,10,0.0625
109,23,7,2,29,18,121,120,3,0.01875
109,24,0,3,13,16,107,104,7,0.04375
109,25,1,3,16,14,111,108,11,0.06875
109,26,2,3,23,19,140,138,9,0.05625
109,27,3,3,23,24,158,159,5,0.03125
109,28,4,3,27,12,153,154,6,0.0375
109,29,5,3,19,18,149,148,6,0.0375
109,30,6,3,18,15,127,129,2,0.0125
109,31,7,3,20,13,111,112,2,0.0125
109,32,0,4,16,14,104,104,3,0.01875
109,33,1,4,13,19,114,113,6,0.0375
109,34,2,4,21,22,138,139,10,0.0625
109,35,3,4,20,10,144,142,3,0.01875
109,36,4,4,21,13,155,150,8,0.05
109,37,5,4,19,18,143,136,10,0.0625
109,38,6,4,15,24,130,125,7,0.04375
109,39,7,4,22,22,105,105,2,0.0125
109,40,0,5,15,19,94,93,3,0.01875
109,41,1,5,19,18,115,114,7,0.04375
109,42,2,5,13,17,123,123,5,0.03125
109,43,3,5,24,12,141,137,8,0.05
109,44,4,5,20,14,142,144,5,0.03125
109,45,5,5,22,16,123,121,6,0.0375
109,46,6,5,17,18,124,120,6,0.0375
109,47,7,5,16,24,88,88,0,0.0
109,48,0,6,14,14,61,62,8,0.05
109,49,1,6,13,15,83,77,8,0.05
109,50,2,6,13,11,93,93,7,0.04375
109,51,3,6,24,19,118,116,5,0.03125
109,52,4,6,21,13,113,113,5,0.03125
109,53,5,6,15,12,96,92,8,0.05
109,54,6,6,15,22,101,99,8,0.05
109,55,7,6,17,14,61,58,4,0.025
109,56,0,7,20,22,53,47,5,0.03125
109,57,1,7,16,17,73,67,6,0.0375
109,58,2,7,24,19,90,84,8,0.05
109,59,3,7,24,16,99,93,7,0.04375
109,60,4,7,26,11,104,98,8,0.05
109,61,5,7,18,15,91,86,8,0.05
109,62,6,7,17,24,79,79,3,0.01875
109,63,7,7,17,14,44,43,1,0.00625
110,0,0,0,13,13,37,36,4,0.025
110,1,1,0,15,18,69,70,6,0.0375
110,2,2,0,16,20,88,95,0,0.0
110,3,3,0,18,23,105,107,1,0.00625
110,4,4,0,25,25,119,117,5,0.03125
110,5,5,0,33,21,107,102,5,0.03125
110,6,6,0,17,20,81,81,5,0.03125
110,7,7,0,19,21,52,51,1,0.00625
110,8,0,1,23,16,77,78,5,0.03125
110,9,1,1,18,15,95,92,6,0.0375
110,10,2,1,16,14,108,109,4,0.025
110,11,3,1,27,19,134,134,4,0.025
110,12,4,1,16,14,128,126,4,0.025
110,13,5,1,26,16,110,109,5,0.03125
110,14,6,1,10,25,99,99,7,0.04375
110,15,7,1,8,10,60,65,4,0.025
110,16,0,2,16,20,98,97,4,0.025
110,17,1,2,17,14,108,105,6,0.0375
110,18,2,2,18,12,131,135,6,0.0375
110,19,3,2,21,22,154,154,4,0.025
110,20,4,2,15,18,142,147,2,0.0125
110,21,5,2,15,12,122,122,7,0.04375
110,22,6,2,17,25,129,131,8,0.05
110,23,7,2,17,21,98,95,5,0.03125
110,24,0,3,12,23,106,105,6,0.0375
110,25,1,3,15,19,120,121,10,0.0625
110,26,2,3,25,13,148,147,10,0.0625
110,27,3,3,20,27,166,165,6,0.0375
110,28,4,3,10,17,146,148,3,0.01875
110,29,5,3,19,18,136,139,1,0.00625
110,30,6,3,19,18,128,128,2,0.0125
110,31,7,3,17,16,107,107,2,0.0125
110,32,0,4,21,13,105,106,3,0.01875
110,33,1,4,18,16,127,122,10,0.0625
110,34,2,4,14,16,147,153,4,0.025
110,35,3,4,19,13,158,157,5,0.03125
110,36,4,4,15,11,156,156,8,0.05
110,37,5,4,21,17,143,145,6,0.0375
110,38,6,4,18,16,122,124,7,0.04375
110,39,7,4,21,24,106,105,5,0.03125
110,40,0,5,16,21,101,103,3,0.01875
110,41,1,5,11,18,110,113,6,0.0375
110,42,2,5,21,21,139,139,3,0.01875
110,43,3,5,20,20,142,145,6,0.0375
110,44,4,5,27,15,154,157,4,0.025
110,45,5,5,20,13,135,136,5,0.03125
110,46,6,5,10,12,123,119,9,0.05625
110,47,7,5,16,15,99,89,10,0.0625
110,48,0,6,15,18,77,76,9,0.05625
110,49,1,6,11,19,95,94,9,0.05625
110,50,2,6,25,16,116,118,5,0.03125
110,51,3,6,21,18,121,123,3,0.01875
110,52,4,6,18,15,135,139,2,0.0125
110,53,5,6,19,22,119,125,4,0.025
110,54,6,6,9,24,100,102,6,0.0375
110,55,7,6,13,14,71,68,7,0.04375
110,56,0,7,22,18,53,55,4,0.025
110,57,1,7,16,17,73,75,5,0.03125
110,58,2,7,20,19,85,89,3,0.01875
110,59,3,7,16,11,77,84,0,0.0
110,60,4,7,15,26,85,88,4,0.025
110,61,5,7,12,17,67,67,8,0.05
110,62,6,7,10,16,61,56,8,0.05
110,63,7,7,12,15,43,38,6,0.0375
111,0,0,0,25,22,68,65,6,0.0375
111,1,1,0,23,16,92,91,7,0.04375
111,2,2,0,24,17,105,102,5,0.03125
111,3,3,0,16,24,115,113,2,0.0125
111,4,4,0,17,20,108,109,3,0.01875
111,5,5,0,24,17,95,98,1,0.00625
111,6,6,0,18,15,69,66,8,0.05
111,7,7,0,15,17,50,48,4,0.025
111,8,0,1,13,19,78,76,6,0.0375
111,9,1,1,16,21,98,96,9,0.05625
111,10,2,1,17,21,110,108,5,0.03125
111,11,3,1,23,24,138,139,5,0.03125
111,12,4,1,20,12,128,130,2,0.0125
111,13,5,1,24,11,121,119,6,0.0375
111,14,6,1,19,19,95,95,7,0.04375
111,15,7,1,16,20,86,84,5,0.03125
111,16,0,2,13,20,94,92,5,0.03125
111,17,1,2,14,16,106,106,6,0.0375
111,18,2,2,20,19,132,135,4,0.025
111,19,3,2,11,13,147,146,6,0.0375
111,20,4,2,19,12,144,138,5,0.03125
111,21,5,2,16,20,140,142,4,0.025
111,22,6,2,18,16,115,115,6,0.0375
111,23,7,2,17,21,102,104,4,0.025
111,24,0,3,17,11,107,107,6,0.0375
111,25,1,3,20,19,125,128,6,0.0375
111,26,2,3,18,19,152,158,4,0.025
111,27,3,3,21,12,161,164,4,0.025
111,28,4,3,22,24,156,155,4,0.025
111,29,5,3,21,18,146,140,6,0.0375
111,30,6,3,12,12,119,116,6,0.0375
111,31,7,3,25,8,104,105,1,0.00625
111,32,0,4,18,17,111,108,7,0.04375
111,33,1,4,23,18,123,125,10,0.0625
111,34,2,4,17,10,146,147,3,0.01875
111,35,3,4,15,23,155,156,3,0.01875
111,36,4,4,15,22,148,151,5,0.03125
111,37,5,4,17,19,139,136,8,0.05
111,38,6,4,8,15,116,115,8,0.05
111,39,7,4,14,20,102,104,2,0.0125
111,40,0,5,17,23,100,95,9,0.05625
111,41,1,5,19,15,110,110,6,0.0375
111,42,2,5,20,18,145,145,4,0.025
111,43,3,5,17,15,144,146,3,0.01875
111,44,4,5,23,18,147,148,1,0.00625
111,45,5,5,22,14,120,123,3,0.01875
111,46,6,5,10,13,95,95,8,0.05
111,47,7,5,12,18,82,87,5,0.03125
111,48,0,6,8,15,64,63,10,0.0625
111,49,1,6,10,18,83,82,9,0.05625
111,50,2,6,26,18,115,114,7,0.04375
111,51,3,6,22,13,124,121,7,0.04375
111,52,4,6,20,15,121,118,5,0.03125
111,53,5,6,23,20,111,108,8,0.05
111,54,6,6,14,17,81,78,9,0.05625
111,55,7,6,7,20,65,64,6,0.0375
111,56,0,7,22,19,52,50,7,0.04375
111,57,1,7,20,17,76,74,8,0.05
111,58,2,7,26,23,106,103,6,0.0375
111,59,3,7,14,21,109,105,4,0.025
111,60,4,7,21,21,104,104,4,0.025
111,61,5,7,26,18,93,94,7,0.04375
111,62,6,7,11,13,62,59,9,0.05625
111,63,7,7,10,15,40,38,7,0.04375
112,0,0,0,14,22,47,50,4,0.025
112,1,1,0,18,21,79,77,7,0.04375
112,2,2,0,23,9,90,89,5,0.03125
112,3,3,0,32,20,111,113,2,0.0125
112,4,4,0,20,17,106,107,4,0.025
112,5,5,0,30,14,94,90,8,0.05
112,6,6,0,12,16,66,65,10,0.0625
112,7,7,0,9,23,44,44,4,0.025
112,8,0,1,7,28,79,80,4,0.025
112,9,1,1,7,13,84,86,7,0.04375
112,10,2,1,18,27,113,111,8,0.05
112,11,3,1,22,12,119,117,6,0.0375
112,12,4,1,22,15,124,117,9,0.05625
112,13,5,1,25,15,110,109,9,0.05625
112,14,6,1,13,18,89,84,13,0.08125
112,15,7,1,14,19,68,69,4,0.025
112,16,0,2,17,18,107,109,4,0.025
112,17,1,2,13,15,115,113,8,0.05
112,18,2,2,19,7,136,133,7,0.04375
112,19,3,2,17,19,148,149,6,0.0375
112,20,4,2,21,20,144,144,5,0.03125
112,21,5,2,26,17,140,139,7,0.04375
112,22,6,2,23,10,114,111,11,0.06875
112,23,7,2,15,19,89,89,5,0.03125
112,24,0,3,16,12,103,103,7,0.04375
112,25,1,3,12,10,109,107,9,0.05625
112,26,2,3,22,24,146,143,5,0.03125
112,27,3,3,21,21,165,164,4,0.025
112,28,4,3,15,17,149,153,1,0.00625
112,29,5,3,17,20,139,143,5,0.03125
112,30,6,3,17,15,120,115,10,0.0625
112,31,7,3,21,17,103,101,4,0.025
112,32,0,4,15,16,97,99,4,0.025
112,33,1,4,24,14,115,117,5,0.03125
112,34,2,4,18,18,145,145,3,0.01875
112,35,3,4,20,25,168,167,6,0.0375
112,36,4,4,15,22,155,155,2,0.0125
112,37,5,4,26,20,142,145,6,0.0375
112,38,6,4,9,17,113,115,6,0.0375
112,39,7,4,14,17,92,90,3,0.01875
112,40,0,5,16,17,89,90,8,0.05
112,41,1,5,17,11,106,99,10,0.0625
112,42,2,5,17,20,138,138,3,0.01875
112,43,3,5,17,18,156,157,1,0.00625
112,44,4,5,23,20,151,148,4,0.025
112,45,5,5,21,18,140,139,3,0.01875
112,46,6,5,18,15,111,112,7,0.04375
112,47,7,5,12,18,77,77,4,0.025
112,48,0,6,13,25,79,77,10,0.0625
112,49,1,6,11,13,82,82,9,0.05625
112,50,2,6,22,15,116,119,4,0.025
112,51,3,6,22,10,128,128,6,0.0375
112,52,4,6,19,19,116,116,5,0.03125
112,53,5,6,26,20,113,115,6,0.0375
112,54,6,6,2,18,80,80,9,0.05625
112,55,7,6,7,13,58,61,5,0.03125
112,56,0,7,14,19,45,49,3,0.01875
112,57,1,7,19,10,63,65,6,0.0375
112,58,2,7,15,18,80,82,4,0.025
112,59,3,7,16,22,94,95,3,0.01875
112,60,4,7,18,16,89,91,2,0.0125
112,61,5,7,16,18,82,84,4,0.025
112,62,6,7,14,22,67,69,7,0.04375
112,63,7,7,9,13,37,41,4,0.025
113,0,0,0,3,18,33,34,3,0.01875
113,1,1,0,4,14,40,43,5,0.03125
113,2,2,0,4,19,65,62,7,0.04375
113,3,3,0,16,18,87,82,6,0.0375
113,4,4,0,23,15,77,74,7,0.04375
113,5,5,0,17,10,67,67,6,0.0375
113,6,6,0,27,12,76,79,6,0.0375
113,7,7,0,19,16,50,48,5,0.03125
113,8,0,1,5,22,69,70,4,0.025
113,9,1,1,12,14,77,76,9,0.05625
113,10,2,1,17,13,98,99,7,0.04375
113,11,3,1,20,15,121,120,7,0.04375
113,12,4,1,26,18,115,118,7,0.04375
113,13,5,1,18,20,93,96,5,0.03125
113,14,6,1,13,15,80,83,9,0.05625
113,15,7,1,13,21,62,63,3,0.01875
113,16,0,2,7,16,87,85,6,0.0375
113,17,1,2,12,12,85,86,7,0.04375
113,18,2,2,18,11,114,113,7,0.04375
113,19,3,2,19,16,143,143,3,0.01875
113,20,4,2,20,20,144,145,5,0.03125
113,21,5,2,23,14,132,128,10,0.0625
113,22,6,2,17,13,110,109,11,0.06875
113,23,7,2,19,13,84,80,8,0.05
113,24,0,3,15,13,96,98,5,0.03125
113,25,1,3,19,27,119,124,5,0.03125
113,26,2,3,13,17,133,139,1,0.00625
113,27,3,3,20,23,155,155,6,0.0375
113,28,4,3,22,11,148,144,4,0.025
113,29,5,3,20,12,130,131,2,0.0125
113,30,6,3,13,18,121,124,8,0.05
113,31,7,3,14,16,90,85,8,0.05
113,32,0,4,12,17,94,96,3,0.01875
113,33,1,4,10,20,113,112,8,0.05
113,34,2,4,29,15,142,142,3,0.01875
113,35,3,4,21,14,148,148,5,0.03125
113,36,4,4,24,20,143,139,9,0.05625
113,37,5,4,21,13,130,129,7,0.04375
113,38,6,4,15,15,129,122,11,0.06875
113,39,7,4,9,14,79,80,4,0.025
113,40,0,5,13,19,86,89,4,0.025
113,41,1,5,20,14,105,111,7,0.04375
113,42,2,5,23,13,122,118,9,0.05625
113,43,3,5,23,17,138,138,1,0.00625
113,44,4,5,16,12,126,126,5,0.03125
113,45,5,5,20,19,134,136,2,0.0125
113,46,6,5,20,26,122,122,7,0.04375
113,47,7,5,17,16,74,75,3,0.01875
113,48,0,6,16,16,70,72,9,0.05625
113,49,1,6,23,16,84,86,7,0.04375
113,50,2,6,22,9,97,93,7,0.04375
113,51,3,6,17,14,110,109,9,0.05625
113,52,4,6,8,15,90,86,10,0.0625
113,53,5,6,4,21,93,90,9,0.05625
113,54,6,6,6,20,81,83,8,0.05
113,55,7,6,7,9,49,50,4,0.025
113,56,0,7,14,22,51,50,4,0.025
113,57,1,7,15,12,60,61,5,0.03125
113,58,2,7,21,20,89,89,3,0.01875
113,59,3,7,16,17,105,106,3,0.01875
113,60,4,7,16,8,98,96,3,0.01875
113,61,5,7,23,21,106,108,3,0.01875
113,62,6,7,17,15,78,80,5,0.03125
113,63,7,7,16,15,46,47,3,0.01875
114,0,0,0,19,27,67,68,1,0.00625
114,1,1,0,21,28,109,109,4,0.025
114,2,2,0,29,19,128,132,4,0.025
114,3,3,0,20,32,145,149,3,0.01875
114,4,4,0,22,18,137,136,7,0.04375
114,5,5,0,17,16,127,133,2,0.0125
114,6,6,0,21,21,106,107,5,0.03125
114,7,7,0,25,19,66,70,0,0.0
114,8,0,1,16,30,99,99,4,0.025
114,9,1,1,23,26,130,133,5,0.03125
114,10,2,1,20,23,150,156,1,0.00625
114,11,3,1,21,27,176,181,4,0.025
114,12,4,1,18,22,146,152,1,0.00625
114,13,5,1,16,28,152,156,2,0.0125
114,14,6,1,17,20,127,130,5,0.03125
114,15,7,1,21,27,96,99,0,0.0
114,16,0,2,27,23,133,133,5,0.03125
114,17,1,2,16,28,158,157,7,0.04375
114,18,2,2,20,15,172,171,8,0.05
114,19,3,2,23,19,202,203,3,0.01875
114,20,4,2,28,19,193,194,5,0.03125
114,21,5,2,16,26,187,196,1,0.00625
114,22,6,2,19,27,156,166,2,0.0125
114,23,7,2,15,19,112,120,1,0.00625
114,24,0,3,15,22,133,134,3,0.01875
114,25,1,3,24,32,174,173,3,0.01875
114,26,2,3,26,26,194,190,4,0.025
114,27,3,3,30,23,197,196,6,0.0375
114,28,4,3,17,23,179,179,4,0.025
114,29,5,3,17,21,184,183,3,0.01875
114,30,6,3,21,18,145,147,3,0.01875
114,31,7,3,17,24,131,135,3,0.01875
114,32,0,4,24,28,147,146,3,0.01875
114,33,1,4,25,25,180,182,6,0.0375
114,34,2,4,24,26,205,199,7,0.04375
114,35,3,4,23,16,205,203,7,0.04375
114,36,4,4,22,28,193,200,3,0.01875
114,37,5,4,22,34,201,205,5,0.03125
114,38,6,4,18,14,151,157,5,0.03125
114,39,7,4,16,25,138,140,2,0.0125
114,40,0,5,19,22,127,128,3,0.01875
114,41,1,5,16,17,157,161,0,0.0
114,42,2,5,20,17,174,178,5,0.03125
114,43,3,5,20,23,197,193,4,0.025
114,44,4,5,26,23,179,179,4,0.025
114,45,5,5,22,20,167,161,8,0.05
114,46,6,5,22,27,148,151,6,0.0375
114,47,7,5,21,25,124,122,7,0.04375
114,48,0,6,15,26,89,98,0,0.0
114,49,1,6,26,25,140,143,4,0.025
114,50,2,6,28,21,166,167,6,0.0375
114,51,3,6,18,27,170,178,1,0.00625
114,52,4,6,20,25,156,162,2,0.0125
114,53,5,6,22,25,143,150,3,0.01875
114,54,6,6,24,24,121,122,7,0.04375
114,55,7,6,23,23,97,96,2,0.0125
114,56,0,7,21,20,53,55,1,0.00625
114,57,1,7,22,20,90,91,4,0.025
114,58,2,7,27,23,122,122,3,0.01875
114,59,3,7,12,24,126,125,2,0.0125
114,60,4,7,21,19,123,125,1,0.00625
114,61,5,7,26,19,113,112,4,0.025
114,62,6,7,17,22,88,93,1,0.00625
114,63,7,7,17,28,60,63,0,0.0
115,0,0,0,17,18,53,49,5,0.03125
115,1,1,0,16,18,77,75,7,0.04375
115,2,2,0,20,25,94,97,2,0.0125
115,3,3,0,18,17,103,101,4,0.025
115,4,4,0,25,12,104,105,6,0.0375
115,5,5,0,19,21,96,90,6,0.0375
115,6,6,0,13,17,72,71,7,0.04375
115,7,7,0,20,18,49,51,0,0.0
115,8,0,1,19,12,78,78,5,0.03125
115,9,1,1,22,18,108,103,10,0.0625
115,10,2,1,19,24,122,116,7,0.04375
115,11,3,1,17,7,116,113,5,0.03125
115,12,4,1,21,16,126,121,6,0.0375
115,13,5,1,16,16,119,113,9,0.05625
115,14,6,1,17,11,101,93,13,0.08125
115,15,7,1,28,16,78,78,1,0.00625
115,16,0,2,14,22,98,95,8,0.05
115,17,1,2,16,10,113,112,9,0.05625
115,18,2,2,21,13,132,135,7,0.04375
115,19,3,2,14,20,143,139,7,0.04375
115,20,4,2,21,20,149,145,8,0.05
115,21,5,2,25,21,146,145,2,0.0125
115,22,6,2,21,17,125,120,7,0.04375
115,23,7,2,18,23,92,92,1,0.00625
115,24,0,3,18,19,112,109,7,0.04375
115,25,1,3,15,19,128,122,11,0.06875
115,26,2,3,25,12,143,139,8,0.05
115,27,3,3,20,17,155,150,11,0.06875
115,28,4,3,19,19,152,152,6,0.0375
115,29,5,3,20,19,148,145,6,0.0375
115,30,6,3,23,14,129,123,12,0.075
115,31,7,3,12,18,91,94,1,0.00625
115,32,0,4,22,16,106,105,5,0.03125
115,33,1,4,13,19,122,120,6,0.0375
115,34,2,4,19,22,149,152,6,0.0375
115,35,3,4,21,22,155,159,5,0.03125
115,36,4,4,21,17,150,143,8,0.05
115,37,5,4,13,19,149,145,7,0.04375
115,38,6,4,26,18,130,134,3,0.01875
115,39,7,4,18,19,101,98,3,0.01875
115,40,0,5,30,21,111,108,5,0.03125
115,41,1,5,18,8,114,110,5,0.03125
115,42,2,5,19,20,143,139,7,0.04375
115,43,3,5,21,24,141,140,8,0.05
115,44,4,5,16,11,137,138,4,0.025
115,45,5,5,18,13,140,145,3,0.01875
115,46,6,5,19,14,123,123,6,0.0375
115,47,7,5,14,9,83,85,5,0.03125
115,48,0,6,23,14,84,81,3,0.01875
115,49,1,6,22,19,101,101,4,0.025
115,50,2,6,19,23,123,123,5,0.03125
115,51,3,6,25,13,128,125,4,0.025
115,52,4,6,25,22,136,130,8,0.05
115,53,5,6,17,22,127,124,5,0.03125
115,54,6,6,22,18,111,110,6,0.0375
115,55,7,6,17,18,67,67,4,0.025
115,56,0,7,18,21,53,48,6,0.0375
115,57,1,7,13,15,62,58,7,0.04375
115,58,2,7,24,19,83,83,5,0.03125
115,59,3,7,20,20,102,105,0,0.0
115,60,4,7,24,12,109,110,1,0.00625
115,61,5,7,23,21,110,109,4,0.025
115,62,6,7,18,25,84,84,2,0.0125
115,63,7,7,17,11,43,42,1,0.00625
116,0,0,0,3,17,33,35,4,0.025
116,1,1,0,12,15,54,53,8,0.05
116,2,2,0,10,13,71,64,9,0.05625
116,3,3,0,19,23,90,88,8,0.05
116,4,4,0,17,21,85,85,5,0.03125
116,5,5,0,17,25,83,87,3,0.01875
116,6,6,0,21,17,70,69,7,0.04375
116,7,7,0,19,15,42,40,2,0.0125
116,8,0,1,6,12,62,58,8,0.05
116,9,1,1,3,25,87,88,9,0.05625
116,10,2,1,8,16,90,90,8,0.05
116,11,3,1,12,13,94,91,10,0.0625
116,12,4,1,17,20,100,99,7,0.04375
116,13,5,1,20,14,99,100,7,0.04375
116,14,6,1,14,12,74,78,8,0.05
116,15,7,1,12,13,52,48,5,0.03125
116,16,0,2,11,23,86,88,7,0.04375
116,17,1,2,2,17,92,93,8,0.05
116,18,2,2,14,10,105,104,7,0.04375
116,19,3,2,17,18,117,122,3,0.01875
116,20,4,2,26,16,134,138,4,0.025
116,21,5,2,13,9,134,132,3,0.01875
116,22,6,2,15,14,110,116,2,0.0125
116,23,7,2,15,16,79,77,1,0.00625
116,24,0,3,11,16,100,100,6,0.0375
116,25,1,3,9,14,108,113,7,0.04375
116,26,2,3,17,16,135,135,7,0.04375
116,27,3,3,19,12,134,144,1,0.00625
116,28,4,3,19,7,142,146,2,0.0125
116,29,5,3,19,9,135,136,5,0.03125
116,30,6,3,17,18,121,123,8,0.05
116,31,7,3,15,13,91,92,1,0.00625
116,32,0,4,25,21,118,117,4,0.025
116,33,1,4,19,11,136,136,8,0.05
116,34,2,4,19,16,144,143,6,0.0375
116,35,3,4,15,9,131,129,5,0.03125
116,36,4,4,19,19,143,148,4,0.025
116,37,5,4,17,11,127,126,8,0.05
116,38,6,4,9,11,110,104,9,0.05625
116,39,7,4,7,26,91,88,7,0.04375
116,40,0,5,23,23,98,96,8,0.05
116,41,1,5,14,17,116,115,6,0.0375
116,42,2,5,16,14,126,132,2,0.0125
116,43,3,5,21,11,138,140,5,0.03125
116,44,4,5,15,17,148,149,2,0.0125
116,45,5,5,21,21,137,136,3,0.01875
116,46,6,5,16,20,114,111,7,0.04375
116,47,7,5,18,7,82,86,1,0.00625
116,48,0,6,16,18,71,68,7,0.04375
116,49,1,6,13,24,92,89,7,0.04375
116,50,2,6,14,22,99,102,4,0.025
116,51,3,6,18,14,112,109,6,0.0375
116,52,4,6,21,18,120,124,6,0.0375
116,53,5,6,18,14,111,111,3,0.01875
116,54,6,6,22,19,88,90,6,0.0375
116,55,7,6,12,14,70,70,4,0.025
116,56,0,7,12,18,43,46,4,0.025
116,57,1,7,18,9,65,67,6,0.0375
116,58,2,7,22,14,88,89,3,0.01875
116,59,3,7,15,16,95,95,1,0.00625
116,60,4,7,25,13,100,100,1,0.00625
116,61,5,7,21,23,99,98,7,0.04375
116,62,6,7,12,13,71,67,4,0.025
116,63,7,7,17,19,50,49,2,0.0125
117,0,0,0,9,18,36,36,4,0.025
117,1,1,0,6,15,62,63,7,0.04375
117,2,2,0,24,17,93,96,6,0.0375
117,3,3,0,24,20,106,110,2,0.0125
117,4,4,0,20,20,106,109,3,0.01875
117,5,5,0,19,19,94,94,4,0.025
117,6,6,0,14,16,67,69,6,0.0375
117,7,7,0,21,24,49,51,0,0.0
117,8,0,1,6,18,60,65,3,0.01875
117,9,1,1,7,12,81,82,7,0.04375
117,10,2,1,15,23,117,118,6,0.0375
117,11,3,1,30,17,131,130,9,0.05625
117,12,4,1,18,15,121,121,7,0.04375
117,13,5,1,22,14,118,115,9,0.05625
117,14,6,1,12,16,93,94,9,0.05625
117,15,7,1,17,12,67,66,5,0.03125
117,16,0,2,8,16,84,85,6,0.0375
117,17,1,2,18,19,102,99,9,0.05625
117,18,2,2,25,15,141,141,7,0.04375
117,19,3,2,23,24,151,148,7,0.04375
117,20,4,2,21,18,145,142,6,0.0375
117,21,5,2,26,17,135,131,9,0.05625
117,22,6,2,15,22,122,117,6,0.0375
117,23,7,2,18,14,91,92,0,0.0
117,24,0,3,11,21,103,104,5,0.03125
117,25,1,3,14,14,109,106,8,0.05
117,26,2,3,22,23,151,151,8,0.05
117,27,3,3,22,17,150,146,5,0.03125
117,28,4,3,26,12,151,150,1,0.00625
117,29,5,3,11,19,147,145,7,0.04375
117,30,6,3,15,15,127,127,9,0.05625
117,31,7,3,21,9,97,89,8,0.05
117,32,0,4,15,23,106,105,6,0.0375
117,33,1,4,17,19,118,118,6,0.0375
117,34,2,4,18,12,144,144,4,0.025
117,35,3,4,24,15,138,142,2,0.0125
117,36,4,4,14,11,140,135,6,0.0375
117,37,5,4,21,16,135,138,7,0.04375
117,38,6,4,9,19,123,122,9,0.05625
117,39,7,4,12,20,94,96,5,0.03125
117,40,0,5,18,21,97,100,5,0.03125
117,41,1,5,19,15,126,123,10,0.0625
117,42,2,5,22,18,155,145,10,0.0625
117,43,3,5,20,13,132,133,4,0.025
117,44,4,5,11,15,133,133,3,0.01875
117,45,5,5,25,20,145,142,7,0.04375
117,46,6,5,16,23,128,125,11,0.06875
117,47,7,5,21,14,92,87,6,0.0375
117,48,0,6,11,14,64,65,5,0.03125
117,49,1,6,16,21,100,98,9,0.05625
117,50,2,6,14,17,120,116,7,0.04375
117,51,3,6,20,11,115,114,6,0.0375
117,52,4,6,23,17,121,120,6,0.0375
117,53,5,6,17,21,115,115,5,0.03125
117,54,6,6,17,22,103,100,8,0.05
117,55,7,6,15,23,81,81,5,0.03125
117,56,0,7,21,14,48,49,3,0.01875
117,57,1,7,18,21,84,81,8,0.05
117,58,2,7,30,27,114,110,7,0.04375
117,59,3,7,27,13,104,102,2,0.0125
117,60,4,7,21,12,100,98,3,0.01875
117,61,5,7,17,20,94,101,0,0.0
117,62,6,7,15,15,70,74,0,0.0
117,63,7,7,15,20,51,51,1,0.00625
118,0,0,0,16,17,47,47,4,0.025
118,1,1,0,17,19,75,75,8,0.05
118,2,2,0,25,21,97,99,2,0.0125
118,3,3,0,24,17,113,114,2,0.0125
118,4,4,0,16,18,106,106,4,0.025
118,5,5,0,19,13,91,90,5,0.03125
118,6,6,0,18,9,70,68,8,0.05
118,7,7,0,17,27,58,54,4,0.025
118,8,0,1,12,26,74,73,4,0.025
118,9,1,1,9,17,93,94,8,0.05
118,10,2,1,16,17,105,104,7,0.04375
118,11,3,1,24,21,129,129,10,0.0625
118,12,4,1,19,19,127,128,7,0.04375
118,13,5,1,17,16,113,111,13,0.08125
118,14,6,1,18,24,100,103,7,0.04375
118,15,7,1,17,11,78,80,4,0.025
118,16,0,2,13,11,84,88,3,0.01875
118,17,1,2,3,12,99,103,7,0.04375
118,18,2,2,16,14,117,116,8,0.05
118,19,3,2,22,14,143,141,7,0.04375
118,20,4,2,12,13,140,142,6,0.0375
118,21,5,2,18,17,138,136,9,0.05625
118,22,6,2,15,19,114,118,3,0.01875
118,23,7,2,17,25,101,99,2,0.0125
118,24,0,3,13,17,100,102,3,0.01875
118,25,1,3,16,25,128,133,4,0.025
118,26,2,3,26,20,145,146,8,0.05
118,27,3,3,22,12,155,154,5,0.03125
118,28,4,3,19,20,164,158,7,0.04375
118,29,5,3,22,25,158,161,6,0.0375
118,30,6,3,16,19,122,122,9,0.05625
118,31,7,3,11,17,99,102,5,0.03125
118,32,0,4,14,26,106,110,2,0.0125
118,33,1,4,20,18,138,137,8,0.05
118,34,2,4,23,19,140,146,1,0.00625
118,35,3,4,19,18,163,160,3,0.01875
118,36,4,4,19,16,157,162,5,0.03125
118,37,5,4,22,16,153,148,11,0.06875
118,38,6,4,22,9,128,127,10,0.0625
118,39,7,4,15,25,107,105,8,0.05
118,40,0,5,20,18,91,94,2,0.0125
118,41,1,5,19,23,132,133,9,0.05625
118,42,2,5,18,16,129,132,9,0.05625
118,43,3,5,20,23,145,140,7,0.04375
118,44,4,5,21,22,141,137,7,0.04375
118,45,5,5,19,15,121,121,7,0.04375
118,46,6,5,14,21,104,108,7,0.04375
118,47,7,5,18,7,87,84,8,0.05
118,48,0,6,15,13,56,58,4,0.025
118,49,1,6,12,19,86,83,13,0.08125
118,50,2,6,22,15,105,106,6,0.0375
118,51,3,6,22,17,120,120,7,0.04375
118,52,4,6,22,15,114,112,9,0.05625
118,53,5,6,19,17,104,99,8,0.05
118,54,6,6,9,21,87,86,8,0.05
118,55,7,6,12,16,73,72,5,0.03125
118,56,0,7,14,16,41,40,4,0.025
118,57,1,7,15,12,63,64,6,0.0375
118,58,2,7,23,11,84,87,4,0.025
118,59,3,7,17,12,99,99,3,0.01875
118,60,4,7,15,9,88,88,4,0.025
118,61,5,7,15,18,84,79,4,0.025
118,62,6,7,24,15,69,70,1,0.00625
118,63,7,7,8,17,42,43,1,0.00625
119,0,0,0,27,16,58,57,5,0.03125
119,1,1,0,22,27,105,105,7,0.04375
119,2,2,0,29,28,133,133,4,0.025
119,3,3,0,24,21,140,138,4,0.025
119,4,4,0,28,25,134,132,4,0.025
119,5,5,0,22,23,119,119,4,0.025
119,6,6,0,16,17,85,88,5,0.03125
119,7,7,0,16,16,49,51,1,0.00625
119,8,0,1,19,22,86,91,0,0.0
119,9,1,1,20,29,138,143,3,0.01875
119,10,2,1,19,22,154,158,3,0.01875
119,11,3,1,22,34,182,190,3,0.01875
119,12,4,1,13,24,166,168,5,0.03125
119,13,5,1,19,20,152,160,4,0.025
119,14,6,1,29,25,133,133,7,0.04375
119,15,7,1,21,25,88,88,3,0.01875
119,16,0,2,25,19,110,108,4,0.025
119,17,1,2,19,23,155,154,7,0.04375
119,18,2,2,22,25,174,180,2,0.0125
119,19,3,2,20,22,191,193,7,0.04375
119,20,4,2,23,25,186,188,3,0.01875
119,21,5,2,20,20,154,162,3,0.01875
119,22,6,2,10,17,115,110,6,0.0375
119,23,7,2,21,19,103,104,2,0.0125
119,24,0,3,25,18,117,118,4,0.025
119,25,1,3,20,30,165,169,1,0.00625
119,26,2,3,17,23,181,184,5,0.03125
119,27,3,3,19,20,189,192,3,0.01875
119,28,4,3,26,22,207,210,5,0.03125
119,29,5,3,21,27,196,194,6,0.0375
119,30,6,3,26,14,146,145,8,0.05
119,31,7,3,19,22,126,125,6,0.0375
119,32,0,4,14,17,105,104,2,0.0125
119,33,1,4,14,10,140,148,1,0.00625
119,34,2,4,10,11,167,166,0,0.0
119,35,3,4,17,22,189,189,4,0.025
119,36,4,4,26,22,200,201,3,0.01875
119,37,5,4,18,23,182,188,6,0.0375
119,38,6,4,18,18,148,146,11,0.06875
119,39,7,4,21,26,125,132,1,0.00625
119,40,0,5,25,15,103,102,3,0.01875
119,41,1,5,22,21,143,142,10,0.0625
119,42,2,5,25,23,180,181,8,0.05
119,43,3,5,19,32,194,199,4,0.025
119,44,4,5,20,21,194,197,2,0.0125
119,45,5,5,14,27,178,181,3,0.01875
119,46,6,5,19,25,138,142,2,0.0125
119,47,7,5,15,15,107,112,2,0.0125
119,48,0,6,28,23,93,93,3,0.01875
119,49,1,6,21,18,122,122,11,0.06875
119,50,2,6,22,22,152,155,2,0.0125
119,51,3,6,17,18,152,155,4,0.025
119,52,4,6,16,27,169,171,6,0.0375
119,53,5,6,20,23,156,159,7,0.04375
119,54,6,6,18,20,119,126,2,0.0125
119,55,7,6,16,26,94,100,0,0.0
119,56,0,7,14,18,45,48,1,0.00625
119,57,1,7,15,13,70,74,4,0.025
119,58,2,7,25,22,110,111,3,0.01875
119,59,3,7,25,23,123,122,3,0.01875
119,60,4,7,16,25,123,123,3,0.01875
119,61,5,7,21,25,111,112,3,0.01875
119,62,6,7,24,21,91,85,7,0.04375
119,63,7,7,22,24,63,63,0,0.0
120,0,0,0,14,14,44,44,4,0.025
120,1,1,0,14,19,74,74,8,0.05
120,2,2,0,27,14,98,97,4,0.025
120,3,3,0,13,19,106,110,1,0.00625
120,4,4,0,19,15,105,109,1,0.00625
120,5,5,0,21,20,98,100,2,0.0125
120,6,6,0,20,19,77,76,5,0.03125
120,7,7,0,21,15,43,42,2,0.0125
120,8,0,1,19,21,77,73,3,0.01875
120,9,1,1,19,17,100,96,6,0.0375
120,10,2,1,25,19,121,114,8,0.05
120,11,3,1,20,17,133,131,4,0.025
120,12,4,1,12,18,123,123,3,0.01875
120,13,5,1,18,19,124,124,4,0.025
120,14,6,1,18,19,110,109,7,0.04375
120,15,7,1,21,12,70,67,6,0.0375
120,16,0,2,5,15,77,76,4,0.025
120,17,1,2,12,10,102,101,9,0.05625
120,18,2,2,20,13,126,120,8,0.05
120,19,3,2,21,22,136,138,4,0.025
120,20,4,2,21,15,132,130,4,0.025
120,21,5,2,15,16,136,134,4,0.025
120,22,6,2,16,23,123,130,1,0.00625
120,23,7,2,17,16,89,89,2,0.0125
120,24,0,3,23,21,103,101,5,0.03125
120,25,1,3,19,22,140,133,7,0.04375
120,26,2,3,21,20,145,144,7,0.04375
120,27,3,3,20,24,156,157,3,0.01875
120,28,4,3,19,21,143,146,2,0.0125
120,29,5,3,23,22,147,149,5,0.03125
120,30,6,3,7,18,123,126,6,0.0375
120,31,7,3,11,19,97,98,5,0.03125
120,32,0,4,15,14,93,95,2,0.0125
120,33,1,4,18,17,133,131,3,0.01875
120,34,2,4,25,21,140,136,5,0.03125
120,35,3,4,18,22,149,152,3,0.01875
120,36,4,4,25,11,150,151,3,0.01875
120,37,5,4,19,13,151,148,8,0.05
120,38,6,4,24,14,127,134,6,0.0375
120,39,7,4,19,18,111,107,4,0.025
120,40,0,5,15,17,96,95,4,0.025
120,41,1,5,23,17,129,132,7,0.04375
120,42,2,5,15,11,127,129,3,0.01875
120,43,3,5,15,15,145,144,5,0.03125
120,44,4,5,17,20,139,137,6,0.0375
120,45,5,5,21,18,150,147,8,0.05
120,46,6,5,22,18,128,124,7,0.04375
120,47,7,5,23,26,108,110,0,0.0
120,48,0,6,16,23,80,79,3,0.01875
120,49,1,6,23,18,103,102,13,0.08125
120,50,2,6,20,17,119,114,7,0.04375
120,51,3,6,15,18,124,123,4,0.025
120,52,4,6,19,12,107,113,1,0.00625
120,53,5,6,18,17,116,119,5,0.03125
120,54,6,6,14,28,101,96,8,0.05
120,55,7,6,19,17,78,74,4,0.025
120,56,0,7,16,17,45,46,0,0.0
120,57,1,7,19,13,63,63,4,0.025
120,58,2,7,18,19,84,78,9,0.05625
120,59,3,7,16,19,88,87,4,0.025
120,60,4,7,19,15,95,92,6,0.0375
120,61,5,7,17,16,93,90,7,0.04375
120,62,6,7,17,16,75,73,9,0.05625
120,63,7,7,16,16,49,47,3,0.01875
121,0,0,0,21,22,57,59,3,0.01875
121,1,1,0,16,21,83,85,6,0.0375
121,2,2,0,25,23,107,106,5,0.03125
121,3,3,0,14,28,115,111,3,0.01875
121,4,4,0,18,17,104,103,3,0.01875
121,5,5,0,16,11,94,90,5,0.03125
121,6,6,0,21,15,76,78,4,0.025
121,7,7,0,14,18,41,42,1,0.00625
121,8,0,1,14,19,80,77,6,0.0375
121,9,1,1,18,19,103,103,6,0.0375
121,10,2,1,22,11,110,112,7,0.04375
121,11,3,1,16,18,123,120,7,0.04375
121,12,4,1,19,22,127,122,8,0.05
121,13,5,1,20,17,99,98,5,0.03125
121,14,6,1,10,19,84,84,8,0.05
121,15,7,1,20,18,64,68,3,0.01875
121,16,0,2,19,17,100,99,7,0.04375
121,17,1,2,12,18,118,116,10,0.0625
121,18,2,2,22,11,124,123,8,0.05
121,19,3,2,21,15,139,136,6,0.0375
121,20,4,2,18,17,147,151,2,0.0125
121,21,5,2,20,14,137,135,5,0.03125
121,22,6,2,18,19,124,115,8,0.05
121,23,7,2,25,18,97,95,4,0.025
121,24,0,3,19,21,114,111,8,0.05
121,25,1,3,22,14,136,136,7,0.04375
121,26,2,3,17,10,127,132,2,0.0125
121,27,3,3,12,22,160,155,8,0.05
121,28,4,3,17,10,157,155,5,0.03125
121,29,5,3,19,23,147,149,4,0.025
121,30,6,3,16,13,125,125,8,0.05
121,31,7,3,23,12,109,109,5,0.03125
121,32,0,4,26,14,111,103,7,0.04375
121,33,1,4,11,15,128,126,5,0.03125
121,34,2,4,14,15,118,121,2,0.0125
121,35,3,4,23,22,158,157,3,0.01875
121,36,4,4,16,17,149,147,2,0.0125
121,37,5,4,17,10,142,148,2,0.0125
121,38,6,4,17,14,122,121,7,0.04375
121,39,7,4,20,12,99,100,3,0.01875
121,40,0,5,16,17,85,81,9,0.05625
121,41,1,5,19,19,123,122,7,0.04375
121,42,2,5,23,8,113,114,5,0.03125
121,43,3,5,24,18,142,143,3,0.01875
121,44,4,5,18,21,141,145,3,0.01875
121,45,5,5,18,20,128,130,5,0.03125
121,46,6,5,16,9,108,107,9,0.05625
121,47,7,5,15,17,92,89,4,0.025
121,48,0,6,14,15,66,63,8,0.05
121,49,1,6,16,17,96,97,13,0.08125
121,50,2,6,20,16,101,100,9,0.05625
121,51,3,6,19,14,111,108,7,0.04375
121,52,4,6,15,18,109,105,2,0.0125
121,53,5,6,10,10,100,97,7,0.04375
121,54,6,6,17,19,90,88,9,0.05625
121,55,7,6,8,17,66,64,6,0.0375
121,56,0,7,18,18,44,43,1,0.00625
121,57,1,7,12,20,64,65,3,0.01875
121,58,2,7,21,16,74,82,1,0.00625
121,59,3,7,17,15,83,84,3,0.01875
121,60,4,7,20,16,77,75,9,0.05625
121,61,5,7,10,18,65,63,9,0.05625
121,62,6,7,1,20,44,45,8,0.05
121,63,7,7,6,24,40,37,5,0.03125
122,0,0,0,13,19,37,36,3,0.01875
122,1,1,0,9,16,55,52,7,0.04375
122,2,2,0,16,17,76,76,5,0.03125
122,3,3,0,20,14,92,94,3,0.01875
122,4,4,0,18,15,95,95,2,0.0125
122,5,5,0,18,11,81,80,7,0.04375
122,6,6,0,18,11,61,58,6,0.0375
122,7,7,0,20,11,46,43,4,0.025
122,8,0,1,14,22,66,70,3,0.01875
122,9,1,1,12,16,83,82,8,0.05
122,10,2,1,18,19,106,107,7,0.04375
122,11,3,1,16,20,115,115,6,0.0375
122,12,4,1,26,16,116,117,8,0.05
122,13,5,1,21,15,106,100,10,0.0625
122,14,6,1,16,20,83,82,7,0.04375
122,15,7,1,7,24,73,68,7,0.04375
122,16,0,2,9,19,83,83,4,0.025
122,17,1,2,10,22,102,104,7,0.04375
122,18,2,2,21,16,128,127,8,0.05
122,19,3,2,22,14,137,143,1,0.00625
122,20,4,2,13,18,140,137,5,0.03125
122,21,5,2,16,12,119,120,6,0.0375
122,22,6,2,18,14,102,106,5,0.03125
122,23,7,2,15,15,96,94,6,0.0375
122,24,0,3,16,12,95,98,6,0.0375
122,25,1,3,15,19,118,119,7,0.04375
122,26,2,3,11,14,139,137,3,0.01875
122,27,3,3,18,20,152,153,5,0.03125
122,28,4,3,16,23,152,154,1,0.00625
122,29,5,3,24,17,152,148,7,0.04375
122,30,6,3,24,12,118,114,10,0.0625
122,31,7,3,12,26,108,111,3,0.01875
122,32,0,4,20,19,103,112,1,0.00625
122,33,1,4,21,18,135,135,5,0.03125
122,34,2,4,18,20,157,151,9,0.05625
122,35,3,4,17,16,153,150,6,0.0375
122,36,4,4,19,13,142,141,3,0.01875
122,37,5,4,17,12,147,141,8,0.05
122,38,6,4,19,9,123,123,7,0.04375
122,39,7,4,25,18,111,109,6,0.0375
122,40,0,5,19,16,87,90,4,0.025
122,41,1,5,17,18,119,120,6,0.0375
122,42,2,5,18,16,132,130,6,0.0375
122,43,3,5,25,18,150,144,10,0.0625
122,44,4,5,18,19,137,134,5,0.03125
122,45,5,5,19,30,140,141,5,0.03125
122,46,6,5,21,9,108,110,7,0.04375
122,47,7,5,10,16,86,83,6,0.0375
122,48,0,6,17,11,60,59,9,0.05625
122,49,1,6,13,16,83,91,5,0.03125
122,50,2,6,19,14,104,106,5,0.03125
122,51,3,6,17,20,119,126,2,0.0125
122,52,4,6,16,11,115,116,3,0.01875
122,53,5,6,16,14,113,119,1,0.00625
122,54,6,6,20,21,101,104,7,0.04375
122,55,7,6,15,14,66,69,3,0.01875
122,56,0,7,15,13,35,35,1,0.00625
122,57,1,7,9,12,57,56,2,0.0125
122,58,2,7,22,18,78,75,4,0.025
122,59,3,7,14,14,69,65,7,0.04375
122,60,4,7,8,14,54,56,6,0.0375
122,61,5,7,7,16,52,52,8,0.05
122,62,6,7,1,16,41,40,8,0.05
122,63,7,7,7,15,32,34,4,0.025
123,0,0,0,8,17,46,45,5,0.03125
123,1,1,0,18,10,63,63,8,0.05
123,2,2,0,19,15,87,88,4,0.025
123,3,3,0,18,12,92,92,2,0.0125
123,4,4,0,20,17,103,102,3,0.01875
123,5,5,0,15,17,84,91,1,0.00625
123,6,6,0,20,22,74,75,6,0.0375
123,7,7,0,16,13,40,39,5,0.03125
123,8,0,1,13,20,78,74,7,0.04375
123,9,1,1,8,19,87,85,9,0.05625
123,10,2,1,10,18,101,102,7,0.04375
123,11,3,1,18,21,106,104,7,0.04375
123,12,4,1,24,21,126,126,7,0.04375
123,13,5,1,19,16,114,114,9,0.05625
123,14,6,1,27,25,115,116,8,0.05
123,15,7,1,17,17,68,72,3,0.01875
123,16,0,2,10,16,91,89,8,0.05
123,17,1,2,11,15,112,111,8,0.05
123,18,2,2,23,15,136,137,9,0.05625
123,19,3,2,23,15,137,132,5,0.03125
123,20,4,2,23,17,143,144,5,0.03125
123,21,5,2,24,20,141,139,7,0.04375
123,22,6,2,18,15,113,113,5,0.03125
123,23,7,2,18,17,84,85,5,0.03125
123,24,0,3,15,21,107,107,5,0.03125
123,25,1,3,16,17,134,132,7,0.04375
123,26,2,3,19,18,150,149,3,0.01875
123,27,3,3,16,18,149,151,4,0.025
123,28,4,3,27,18,167,161,8,0.05
123,29,5,3,19,20,159,155,9,0.05625
123,30,6,3,16,10,131,131,10,0.0625
123,31,7,3,23,16,100,94,7,0.04375
123,32,0,4,23,16,107,101,6,0.0375
123,33,1,4,16,20,134,129,10,0.0625
123,34,2,4,21,14,152,152,9,0.05625
123,35,3,4,28,15,147,148,6,0.0375
123,36,4,4,24,19,169,162,10,0.0625
123,37,5,4,20,17,140,141,7,0.04375
123,38,6,4,13,23,122,118,9,0.05625
123,39,7,4,7,14,83,83,5,0.03125
123,40,0,5,4,20,78,76,7,0.04375
123,41,1,5,14,16,95,91,11,0.06875
123,42,2,5,22,13,127,130,3,0.01875
123,43,3,5,21,13,125,132,2,0.0125
123,44,4,5,22,14,158,159,3,0.01875
123,45,5,5,11,19,137,136,4,0.025
123,46,6,5,19,19,124,124,6,0.0375
123,47,7,5,28,18,85,88,2,0.0125
123,48,0,6,12,12,59,59,9,0.05625
123,49,1,6,18,15,92,89,8,0.05
123,50,2,6,20,23,126,129,5,0.03125
123,51,3,6,21,18,127,125,3,0.01875
123,52,4,6,20,23,144,143,4,0.025
123,53,5,6,23,16,114,109,7,0.04375
123,54,6,6,14,14,85,86,4,0.025
123,55,7,6,13,13,54,52,4,0.025
123,56,0,7,15,17,51,49,3,0.01875
123,57,1,7,24,14,83,77,9,0.05625
123,58,2,7,26,20,105,103,7,0.04375
123,59,3,7,32,19,107,108,5,0.03125
123,60,4,7,28,16,99,103,2,0.0125
123,61,5,7,11,21,72,72,8,0.05
123,62,6,7,10,19,48,49,8,0.05
123,63,7,7,2,14,22,22,4,0.025
124,0,0,0,17,13,43,45,3,0.01875
124,1,1,0,15,26,77,79,7,0.04375
124,2,2,0,15,20,92,92,3,0.01875
124,3,3,0,18,14,100,101,2,0.0125
124,4,4,0,20,18,106,108,2,0.0125
124,5,5,0,15,20,103,101,1,0.00625
124,6,6,0,15,12,77,78,4,0.025
124,7,7,0,21,20,53,59,0,0.0
124,8,0,1,4,19,60,60,5,0.03125
124,9,1,1,8,16,80,80,7,0.04375
124,10,2,1,20,15,106,102,9,0.05625
124,11,3,1,20,18,116,124,2,0.0125
124,12,4,1,17,20,117,122,2,0.0125
124,13,5,1,14,21,101,112,1,0.00625
124,14,6,1,12,14,76,75,8,0.05
124,15,7,1,10,19,69,67,6,0.0375
124,16,0,2,13,22,92,95,5,0.03125
124,17,1,2,13,17,104,105,8,0.05
124,18,2,2,17,9,116,119,6,0.0375
124,19,3,2,18,16,142,144,5,0.03125
124,20,4,2,20,11,147,144,6,0.0375
124,21,5,2,25,17,137,141,3,0.01875
124,22,6,2,15,10,105,102,7,0.04375
124,23,7,2,13,7,85,83,8,0.05
124,24,0,3,14,20,102,103,4,0.025
124,25,1,3,17,16,122,120,9,0.05625
124,26,2,3,20,11,134,132,6,0.0375
124,27,3,3,21,14,154,153,5,0.03125
124,28,4,3,20,17,149,149,7,0.04375
124,29,5,3,17,22,127,135,3,0.01875
124,30,6,3,10,18,103,108,7,0.04375
124,31,7,3,12,22,96,97,7,0.04375
124,32,0,4,9,22,93,96,4,0.025
124,33,1,4,14,10,110,114,6,0.0375
124,34,2,4,23,15,139,144,4,0.025
124,35,3,4,24,16,165,160,9,0.05625
124,36,4,4,27,13,146,148,11,0.06875
124,37,5,4,17,17,121,123,6,0.0375
124,38,6,4,4,18,107,111,5,0.03125
124,39,7,4,7,17,99,97,5,0.03125
124,40,0,5,11,22,83,84,7,0.04375
124,41,1,5,18,7,98,101,8,0.05
124,42,2,5,23,17,131,131,4,0.025
124,43,3,5,19,16,148,146,5,0.03125
124,44,4,5,22,13,137,133,9,0.05625
124,45,5,5,21,16,111,111,5,0.03125
124,46,6,5,14,23,100,95,10,0.0625
124,47,7,5,8,12,82,82,4,0.025
124,48,0,6,18,13,67,68,7,0.04375
124,49,1,6,17,16,91,87,11,0.06875
124,50,2,6,15,17,101,99,5,0.03125
124,51,3,6,18,12,113,109,7,0.04375
124,52,4,6,22,14,114,106,11,0.06875
124,53,5,6,11,13,98,96,8,0.05
124,54,6,6,11,16,88,85,8,0.05
124,55,7,6,10,18,73,73,4,0.025
124,56,0,7,18,14,43,42,3,0.01875
124,57,1,7,15,16,63,63,10,0.0625
124,58,2,7,15,17,83,84,4,0.025
124,59,3,7,18,19,105,108,3,0.01875
124,60,4,7,23,14,106,104,4,0.025
124,61,5,7,23,24,98,98,8,0.05
124,62,6,7,10,19,72,70,8,0.05
124,63,7,7,13,21,50,50,4,0.025
125,0,0,0,18,21,61,61,1,0.00625
125,1,1,0,16,27,94,100,1,0.00625
125,2,2,0,21,20,111,112,2,0.0125
125,3,3,0,19,18,122,123,0,0.0
125,4,4,0,17,19,114,115,1,0.00625
125,5,5,0,14,20,104,103,3,0.01875
125,6,6,0,16,22,91,89,7,0.04375
125,7,7,0,23,14,52,50,1,0.00625
125,8,0,1,24,30,102,107,1,0.00625
125,9,1,1,10,15,112,118,2,0.0125
125,10,2,1,20,22,125,133,2,0.0125
125,11,3,1,25,18,153,151,4,0.025
125,12,4,1,21,39,164,162,5,0.03125
125,13,5,1,18,17,132,127,6,0.0375
125,14,6,1,18,13,112,112,8,0.05
125,15,7,1,15,23,78,84,0,0.0
125,16,0,2,25,18,117,123,0,0.0
125,17,1,2,21,26,154,160,1,0.00625
125,18,2,2,13,19,147,147,6,0.0375
125,19,3,2,21,16,167,167,4,0.025
125,20,4,2,14,18,185,189,3,0.01875
125,21,5,2,17,17,154,150,7,0.04375
125,22,6,2,25,16,137,138,6,0.0375
125,23,7,2,22,25,104,110,1,0.00625
125,24,0,3,17,24,122,123,3,0.01875
125,25,1,3,17,20,166,173,3,0.01875
125,26,2,3,16,18,167,168,4,0.025
125,27,3,3,27,28,199,201,3,0.01875
125,28,4,3,14,28,217,220,5,0.03125
125,29,5,3,19,23,170,171,2,0.0125
125,30,6,3,21,16,141,142,4,0.025
125,31,7,3,21,17,111,117,0,0.0
125,32,0,4,19,27,127,129,0,0.0
125,33,1,4,19,24,168,169,6,0.0375
125,34,2,4,16,28,164,161,6,0.0375
125,35,3,4,18,15,179,184,4,0.025
125,36,4,4,23,36,221,226,4,0.025
125,37,5,4,19,19,172,169,6,0.0375
125,38,6,4,20,24,158,158,5,0.03125
125,39,7,4,19,21,125,128,3,0.01875
125,40,0,5,21,21,120,125,1,0.00625
125,41,1,5,28,30,179,182,4,0.025
125,42,2,5,22,17,172,172,3,0.01875
125,43,3,5,18,31,184,186,4,0.025
125,44,4,5,20,26,206,211,3,0.01875
125,45,5,5,13,18,173,175,2,0.0125
125,46,6,5,19,25,151,160,2,0.0125
125,47,7,5,21,22,119,118,5,0.03125
125,48,0,6,22,26,96,102,2,0.0125
125,49,1,6,22,17,143,151,2,0.0125
125,50,2,6,17,22,151,154,3,0.01875
125,51,3,6,24,25,162,167,3,0.01875
125,52,4,6,18,20,169,179,1,0.00625
125,53,5,6,22,25,149,154,2,0.0125
125,54,6,6,23,20,120,127,1,0.00625
125,55,7,6,21,21,96,100,1,0.00625
125,56,0,7,22,18,50,49,4,0.025
125,57,1,7,24,27,91,93,6,0.0375
125,58,2,7,20,16,98,101,3,0.01875
125,59,3,7,17,19,119,117,4,0.025
125,60,4,7,22,26,141,143,1,0.00625
125,61,5,7,18,18,119,124,3,0.01875
125,62,6,7,22,24,96,102,3,0.01875
125,63,7,7,20,32,68,71,1,0.00625
126,0,0,0,18,15,51,50,3,0.01875
126,1,1,0,16,21,80,73,7,0.04375
126,2,2,0,16,18,87,83,8,0.05
126,3,3,0,14,15,86,81,6,0.0375
126,4,4,0,12,10,84,75,9,0.05625
126,5,5,0,24,14,75,69,10,0.0625
126,6,6,0,18,22,68,62,12,0.075
126,7,7,0,23,16,42,41,3,0.01875
126,8,0,1,17,20,69,66,4,0.025
126,9,1,1,7,11,75,71,8,0.05
126,10,2,1,7,11,80,73,8,0.05
126,11,3,1,14,12,80,75,9,0.05625
126,12,4,1,10,17,87,84,8,0.05
126,13,5,1,15,14,79,75,9,0.05625
126,14,6,1,22,7,85,80,11,0.06875
126,15,7,1,26,19,70,67,3,0.01875
126,16,0,2,21,19,93,91,2,0.0125
126,17,1,2,17,23,126,125,3,0.01875
126,18,2,2,14,23,134,136,5,0.03125
126,19,3,2,19,15,131,133,2,0.0125
126,20,4,2,21,18,142,137,7,0.04375
126,21,5,2,18,15,119,122,5,0.03125
126,22,6,2,21,20,115,119,4,0.025
126,23,7,2,20,18,90,86,5,0.03125
126,24,0,3,15,8,96,98,1,0.00625
126,25,1,3,22,23,131,128,6,0.0375
126,26,2,3,20,14,139,137,6,0.0375
126,27,3,3,14,18,137,138,3,0.01875
126,28,4,3,20,17,147,147,5,0.03125
126,29,5,3,20,28,146,143,4,0.025
126,30,6,3,20,18,132,129,6,0.0375
126,31,7,3,17,12,90,91,0,0.0
126,32,0,4,20,14,106,103,4,0.025
126,33,1,4,21,22,131,133,3,0.01875
126,34,2,4,16,20,145,147,4,0.025
126,35,3,4,20,20,146,146,4,0.025
126,36,4,4,21,19,155,155,5,0.03125
126,37,5,4,15,14,138,141,5,0.03125
126,38,6,4,22,14,133,135,3,0.01875
126,39,7,4,20,12,96,98,3,0.01875
126,40,0,5,20,20,106,101,6,0.0375
126,41,1,5,19,20,132,128,8,0.05
126,42,2,5,21,17,136,139,1,0.00625
126,43,3,5,26,19,143,140,5,0.03125
126,44,4,5,18,15,150,149,5,0.03125
126,45,5,5,23,16,145,140,6,0.0375
126,46,6,5,22,17,131,130,2,0.0125
126,47,7,5,16,21,84,88,2,0.0125
126,48,0,6,17,22,85,78,7,0.04375
126,49,1,6,20,17,109,107,5,0.03125
126,50,2,6,20,15,117,113,7,0.04375
126,51,3,6,23,17,122,119,3,0.01875
126,52,4,6,25,19,138,134,4,0.025
126,53,5,6,18,22,125,123,6,0.0375
126,54,6,6,23,16,117,112,6,0.0375
126,55,7,6,20,15,72,70,3,0.01875
126,56,0,7,18,18,52,53,4,0.025
126,57,1,7,17,21,85,86,4,0.025
126,58,2,7,18,19,92,94,1,0.00625
126,59,3,7,14,19,100,100,4,0.025
126,60,4,7,24,16,112,109,5,0.03125
126,61,5,7,14,13,95,95,4,0.025
126,62,6,7,28,26,100,95,8,0.05
126,63,7,7,19,19,58,54,3,0.01875
127,0,0,0,0,16,25,24,4,0.025
127,1,1,0,2,12,32,32,8,0.05
127,2,2,0,0,24,52,50,9,0.05625
127,3,3,0,4,11,50,48,8,0.05
127,4,4,0,10,18,68,67,9,0.05625
127,5,5,0,18,11,64,64,10,0.0625
127,6,6,0,21,15,58,62,8,0.05
127,7,7,0,17,21,40,40,3,0.01875
127,8,0,1,1,14,42,42,5,0.03125
127,9,1,1,9,20,63,63,7,0.04375
127,10,2,1,1,18,78,79,8,0.05
127,11,3,1,11,13,82,82,8,0.05
127,12,4,1,23,8,99,102,6,0.0375
127,13,5,1,17,19,102,108,4,0.025
127,14,6,1,19,14,103,104,12,0.075
127,15,7,1,23,10,65,68,0,0.0
127,16,0,2,11,18,73,69,6,0.0375
127,17,1,2,16,14,98,91,10,0.0625
127,18,2,2,24,7,125,123,6,0.0375
127,19,3,2,17,20,134,133,4,0.025
127,20,4,2,15,13,135,138,4,0.025
127,21,5,2,18,15,127,124,7,0.04375
127,22,6,2,21,16,119,109,12,0.075
127,23,7,2,15,15,78,78,5,0.03125
127,24,0,3,18,16,91,92,0,0.0
127,25,1,3,11,17,104,102,8,0.05
127,26,2,3,19,20,124,123,7,0.04375
127,27,3,3,21,6,139,136,4,0.025
127,28,4,3,22,12,146,146,5,0.03125
127,29,5,3,22,19,139,140,4,0.025
127,30,6,3,17,16,135,136,6,0.0375
127,31,7,3,23,15,104,98,7,0.04375
127,32,0,4,20,13,96,94,6,0.0375
127,33,1,4,15,10,108,105,6,0.0375
127,34,2,4,20,13,125,121,9,0.05625
127,35,3,4,14,18,145,148,2,0.0125
127,36,4,4,26,22,155,156,4,0.025
127,37,5,4,22,22,139,143,1,0.00625
127,38,6,4,21,17,140,139,5,0.03125
127,39,7,4,18,12,105,102,4,0.025
127,40,0,5,23,12,81,83,5,0.03125
127,41,1,5,20,12,102,110,1,0.00625
127,42,2,5,16,13,120,117,4,0.025
127,43,3,5,18,20,150,151,3,0.01875
127,44,4,5,17,17,134,135,2,0.0125
127,45,5,5,14,19,126,129,6,0.0375
127,46,6,5,23,16,121,119,6,0.0375
127,47,7,5,18,19,99,98,3,0.01875
127,48,0,6,19,16,61,59,10,0.0625
127,49,1,6,18,17,93,87,11,0.06875
127,50,2,6,13,16,96,94,10,0.0625
127,51,3,6,20,15,112,115,2,0.0125
127,52,4,6,12,12,95,93,6,0.0375
127,53,5,6,16,13,95,95,6,0.0375
127,54,6,6,11,24,87,84,9,0.05625
127,55,7,6,15,15,76,70,8,0.05
127,56,0,7,17,10,37,35,5,0.03125
127,57,1,7,18,14,66,68,4,0.025
127,58,2,7,20,10,85,78,8,0.05
127,59,3,7,23,10,87,85,8,0.05
127,60,4,7,15,14,83,80,9,0.05625
127,61,5,7,14,13,83,78,8,0.05
127,62,6,7,17,13,66,64,11,0.06875
127,63,7,7,12,22,49,46,8,0.05
128,0,0,0,2,16,25,26,4,0.025
128,1,1,0,4,19,47,47,7,0.04375
128,2,2,0,3,13,55,58,7,0.04375
128,3,3,0,8,16,73,72,6,0.0375
128,4,4,0,26,21,90,95,5,0.03125
128,5,5,0,17,24,83,86,7,0.04375
128,6,6,0,14,13,63,61,11,0.06875
128,7,7,0,21,16,43,42,3,0.01875
128,8,0,1,4,16,56,57,4,0.025
128,9,1,1,11,15,81,81,8,0.05
128,10,2,1,16,14,94,93,8,0.05
128,11,3,1,31,14,113,114,7,0.04375
128,12,4,1,15,15,115,114,7,0.04375
128,13,5,1,19,11,103,99,7,0.04375
128,14,6,1,14,16,86,86,13,0.08125
128,15,7,1,24,19,71,68,3,0.01875
128,16,0,2,13,19,90,89,6,0.0375
128,17,1,2,7,11,108,106,11,0.06875
128,18,2,2,20,12,107,109,5,0.03125
128,19,3,2,27,16,135,129,8,0.05
128,20,4,2,22,15,124,122,6,0.0375
128,21,5,2,14,13,112,111,6,0.0375
128,22,6,2,12,21,104,108,7,0.04375
128,23,7,2,9,14,79,79,5,0.03125
128,24,0,3,12,16,101,95,5,0.03125
128,25,1,3,16,16,126,128,7,0.04375
128,26,2,3,22,15,128,132,5,0.03125
128,27,3,3,30,18,156,157,4,0.025
128,28,4,3,15,9,128,129,5,0.03125
128,29,5,3,20,10,122,120,5,0.03125
128,30,6,3,9,18,110,108,9,0.05625
128,31,7,3,9,11,87,85,7,0.04375
128,32,0,4,13,10,93,93,6,0.0375
128,33,1,4,16,21,121,117,10,0.0625
128,34,2,4,21,13,128,129,7,0.04375
128,35,3,4,18,11,136,135,4,0.025
128,36,4,4,30,13,141,137,5,0.03125
128,37,5,4,23,17,144,141,3,0.01875
128,38,6,4,24,10,132,128,8,0.05
128,39,7,4,18,24,101,103,3,0.01875
128,40,0,5,22,17,93,93,5,0.03125
128,41,1,5,18,13,111,104,7,0.04375
128,42,2,5,23,19,117,118,4,0.025
128,43,3,5,11,14,127,128,3,0.01875
128,44,4,5,23,14,120,118,6,0.0375
128,45,5,5,16,7,115,114,5,0.03125
128,46,6,5,12,16,112,107,9,0.05625
128,47,7,5,16,19,87,85,4,0.025
128,48,0,6,16,17,65,68,6,0.0375
128,49,1,6,12,9,80,84,5,0.03125
128,50,2,6,27,13,94,97,5,0.03125
128,51,3,6,18,17,113,112,3,0.01875
128,52,4,6,30,14,101,104,5,0.03125
128,53,5,6,8,17,84,81,8,0.05
128,54,6,6,4,19,69,71,8,0.05
128,55,7,6,4,14,54,56,5,0.03125
128,56,0,7,22,18,49,49,6,0.0375
128,57,1,7,14,21,73,67,8,0.05
128,58,2,7,22,11,76,76,8,0.05
128,59,3,7,14,13,79,81,6,0.0375
128,60,4,7,13,12,71,72,8,0.05
128,61,5,7,10,11,54,55,8,0.05
128,62,6,7,3,16,45,47,9,0.05625
128,63,7,7,5,15,33,36,5,0.03125
129,0,0,0,2,18,27,27,4,0.025
129,1,1,0,1,19,39,38,9,0.05625
129,2,2,0,8,11,49,47,9,0.05625
129,3,3,0,13,12,68,71,5,0.03125
129,4,4,0,21,16,88,88,4,0.025
129,5,5,0,36,20,98,101,3,0.01875
129,6,6,0,19,22,82,84,8,0.05
129,7,7,0,17,18,52,51,4,0.025
129,8,0,1,9,27,69,68,4,0.025
129,9,1,1,5,18,83,83,8,0.05
129,10,2,1,7,12,81,83,8,0.05
129,11,3,1,13,16,98,99,6,0.0375
129,12,4,1,30,19,119,118,7,0.04375
129,13,5,1,22,20,119,120,7,0.04375
129,14,6,1,21,20,113,119,7,0.04375
129,15,7,1,13,12,66,60,7,0.04375
129,16,0,2,9,7,81,82,3,0.01875
129,17,1,2,12,21,108,115,6,0.0375
129,18,2,2,15,18,122,121,4,0.025
129,19,3,2,20,19,133,134,7,0.04375
129,20,4,2,17,17,144,146,4,0.025
129,21,5,2,26,18,133,135,6,0.0375
129,22,6,2,13,19,121,122,8,0.05
129,23,7,2,11,18,83,82,5,0.03125
129,24,0,3,17,11,93,96,3,0.01875
129,25,1,3,16,14,121,119,7,0.04375
129,26,2,3,18,18,147,146,4,0.025
129,27,3,3,21,16,148,145,6,0.0375
129,28,4,3,14,18,153,153,2,0.0125
129,29,5,3,29,9,136,139,1,0.00625
129,30,6,3,20,25,130,132,7,0.04375
129,31,7,3,12,25,96,99,4,0.025
129,32,0,4,7,17,92,93,4,0.025
129,33,1,4,10,11,107,111,7,0.04375
129,34,2,4,23,16,139,136,9,0.05625
129,35,3,4,26,11,144,145,3,0.01875
129,36,4,4,19,18,160,161,6,0.0375
129,37,5,4,18,13,148,147,4,0.025
129,38,6,4,24,21,133,136,5,0.03125
129,39,7,4,18,10,86,87,1,0.00625
129,40,0,5,17,21,88,91,2,0.0125
129,41,1,5,14,15,105,99,13,0.08125
129,42,2,5,21,13,124,118,8,0.05
129,43,3,5,19,13,140,138,5,0.03125
129,44,4,5,16,21,148,148,4,0.025
129,45,5,5,19,22,128,130,4,0.025
129,46,6,5,15,12,106,108,8,0.05
129,47,7,5,8,15,68,69,4,0.025
129,48,0,6,15,21,76,76,8,0.05
129,49,1,6,11,14,89,89,8,0.05
129,50,2,6,23,16,111,110,6,0.0375
129,51,3,6,24,19,135,132,6,0.0375
129,52,4,6,20,20,127,128,4,0.025
129,53,5,6,26,21,102,106,3,0.01875
129,54,6,6,4,19,80,81,6,0.0375
129,55,7,6,7,13,50,52,4,0.025
129,56,0,7,25,17,59,60,4,0.025
129,57,1,7,20,16,77,81,6,0.0375
129,58,2,7,20,16,86,87,5,0.03125
129,59,3,7,23,24,100,101,2,0.0125
129,60,4,7,21,16,85,88,5,0.03125
129,61,5,7,3,9,52,54,6,0.0375
129,62,6,7,1,17,44,45,8,0.05
129,63,7,7,5,10,29,28,5,0.03125
130,0,0,0,17,21,44,48,0,0.0
130,1,1,0,17,25,96,101,4,0.025
130,2,2,0,27,16,118,123,2,0.0125
130,3,3,0,17,20,131,134,2,0.0125
130,4,4,0,17,32,151,152,4,0.025
130,5,5,0,24,24,132,133,3,0.01875
130,6,6,0,16,17,92,97,4,0.025
130,7,7,0,26,24,69,72,2,0.0125
130,8,0,1,27,18,86,82,8,0.05
130,9,1,1,17,22,136,136,8,0.05
130,10,2,1,21,16,147,146,9,0.05625
130,11,3,1,23,18,166,165,7,0.04375
130,12,4,1,30,23,192,192,7,0.04375
130,13,5,1,20,25,177,179,5,0.03125
130,14,6,1,24,22,141,145,1,0.00625
130,15,7,1,22,15,107,114,2,0.0125
130,16,0,2,20,24,105,104,6,0.0375
130,17,1,2,22,23,148,151,2,0.0125
130,18,2,2,15,21,156,158,2,0.0125
130,19,3,2,14,21,166,171,1,0.00625
130,20,4,2,24,14,194,192,6,0.0375
130,21,5,2,12,22,181,183,4,0.025
130,22,6,2,15,25,146,153,1,0.00625
130,23,7,2,26,24,136,142,1,0.00625
130,24,0,3,18,24,125,124,2,0.0125
130,25,1,3,19,18,167,171,3,0.01875
130,26,2,3,19,22,182,184,3,0.01875
130,27,3,3,19,19,178,178,3,0.01875
130,28,4,3,19,23,196,193,6,0.0375
130,29,5,3,19,21,192,190,5,0.03125
130,30,6,3,19,29,157,161,2,0.0125
130,31,7,3,20,23,138,138,6,0.0375
130,32,0,4,19,18,120,122,3,0.01875
130,33,1,4,22,21,172,170,7,0.04375
130,34,2,4,24,18,187,189,8,0.05
130,35,3,4,14,19,182,181,3,0.01875
130,36,4,4,18,25,187,190,4,0.025
130,37,5,4,20,26,183,181,6,0.0375
130,38,6,4,19,19,149,149,4,0.025
130,39,7,4,19,31,136,136,3,0.01875
130,40,0,5,16,22,111,106,6,0.0375
130,41,1,5,13,33,143,154,3,0.01875
130,42,2,5,14,28,163,166,4,0.025
130,43,3,5,18,23,168,171,3,0.01875
130,44,4,5,15,26,184,183,7,0.04375
130,45,5,5,25,24,193,193,5,0.03125
130,46,6,5,23,20,153,157,5,0.03125
130,47,7,5,28,29,130,128,5,0.03125
130,48,0,6,23,16,87,94,0,0.0
130,49,1,6,19,19,121,127,0,0.0
130,50,2,6,19,19,153,156,4,0.025
130,51,3,6,21,16,156,160,2,0.0125
130,52,4,6,23,33,165,165,3,0.01875
130,53,5,6,19,24,168,165,7,0.04375
130,54,6,6,22,11,125,127,4,0.025
130,55,7,6,23,18,98,99,3,0.01875
130,56,0,7,21,22,55,55,5,0.03125
130,57,1,7,18,18,76,76,7,0.04375
130,58,2,7,23,20,104,104,7,0.04375
130,59,3,7,19,20,120,118,6,0.0375
130,60,4,7,18,10,120,120,5,0.03125
130,61,5,7,18,31,130,133,1,0.00625
130,62,6,7,23,24,96,102,1,0.00625
130,63,7,7,23,24,60,65,0,0.0
131,0,0,0,18,14,46,41,2,0.0125
131,1,1,0,15,13,63,64,3,0.01875
131,2,2,0,25,22,102,97,7,0.04375
131,3,3,0,26,22,106,102,7,0.04375
131,4,4,0,22,14,97,92,9,0.05625
131,5,5,0,18,15,87,78,10,0.0625
131,6,6,0,13,23,69,65,8,0.05
131,7,7,0,20,17,45,43,4,0.025
131,8,0,1,9,14,55,56,7,0.04375
131,9,1,1,8,15,73,71,7,0.04375
131,10,2,1,22,20,111,111,8,0.05
131,11,3,1,18,16,111,112,6,0.0375
131,12,4,1,19,16,117,117,7,0.04375
131,13,5,1,22,13,103,96,11,0.06875
131,14,6,1,19,14,80,78,5,0.03125
131,15,7,1,18,15,63,61,3,0.01875
131,16,0,2,20,20,96,92,10,0.0625
131,17,1,2,19,17,115,111,6,0.0375
131,18,2,2,20,11,137,133,6,0.0375
131,19,3,2,19,10,127,127,3,0.01875
131,20,4,2,23,25,142,143,4,0.025
131,21,5,2,15,24,127,125,6,0.0375
131,22,6,2,17,14,103,95,9,0.05625
131,23,7,2,20,16,81,77,3,0.01875
131,24,0,3,25,16,110,112,2,0.0125
131,25,1,3,18,12,114,116,1,0.00625
131,26,2,3,17,22,149,146,6,0.0375
131,27,3,3,21,14,149,149,6,0.0375
131,28,4,3,18,23,165,169,3,0.01875
131,29,5,3,20,6,144,143,6,0.0375
131,30,6,3,18,16,119,117,3,0.01875
131,31,7,3,12,18,86,91,1,0.00625
131,32,0,4,11,20,94,91,6,0.0375
131,33,1,4,16,12,103,102,8,0.05
131,34,2,4,15,19,139,140,7,0.04375
131,35,3,4,21,11,146,144,3,0.01875
131,36,4,4,32,13,166,163,7,0.04375
131,37,5,4,25,21,140,140,7,0.04375
131,38,6,4,13,11,110,109,8,0.05
131,39,7,4,18,16,97,95,5,0.03125
131,40,0,5,20,19,94,94,5,0.03125
131,41,1,5,16,21,122,118,7,0.04375
131,42,2,5,14,18,142,143,6,0.0375
131,43,3,5,18,30,147,148,3,0.01875
131,44,4,5,23,16,146,143,9,0.05625
131,45,5,5,17,16,112,113,2,0.0125
131,46,6,5,14,13,102,99,7,0.04375
131,47,7,5,8,14,79,81,4,0.025
131,48,0,6,13,18,66,66,0,0.0
131,49,1,6,14,24,87,89,0,0.0
131,50,2,6,20,13,114,116,2,0.0125
131,51,3,6,13,15,113,113,2,0.0125
131,52,4,6,14,12,113,109,9,0.05625
131,53,5,6,14,14,91,96,3,0.01875
131,54,6,6,14,14,87,85,6,0.0375
131,55,7,6,14,13,65,63,4,0.025
131,56,0,7,15,23,51,52,3,0.01875
131,57,1,7,15,8,65,65,7,0.04375
131,58,2,7,26,15,96,98,4,0.025
131,59,3,7,17,18,97,101,2,0.0125
131,60,4,7,11,13,95,98,1,0.00625
131,61,5,7,25,17,86,83,5,0.03125
131,62,6,7,13,16,64,57,8,0.05
131,63,7,7,15,17,42,39,4,0.025
132,0,0,0,16,15,43,44,4,0.025
132,1,1,0,13,17,64,58,8,0.05
132,2,2,0,25,14,75,75,7,0.04375
132,3,3,0,20,21,87,88,5,0.03125
132,4,4,0,21,11,76,78,8,0.05
132,5,5,0,8,20,63,65,8,0.05
132,6,6,0,4,21,49,48,8,0.05
132,7,7,0,1,9,18,18,4,0.025
132,8,0,1,8,14,64,64,8,0.05
132,9,1,1,13,24,88,89,8,0.05
132,10,2,1,22,10,88,89,6,0.0375
132,11,3,1,23,18,105,107,5,0.03125
132,12,4,1,19,25,107,107,6,0.0375
132,13,5,1,20,18,96,104,4,0.025
132,14,6,1,4,17,84,79,8,0.05
132,15,7,1,7,15,47,47,4,0.025
132,16,0,2,12,20,87,96,2,0.0125
132,17,1,2,8,16,112,112,5,0.03125
132,18,2,2,19,21,121,122,6,0.0375
132,19,3,2,35,20,151,147,7,0.04375
132,20,4,2,19,15,146,143,9,0.05625
132,21,5,2,17,17,139,137,6,0.0375
132,22,6,2,22,15,117,119,6,0.0375
132,23,7,2,18,16,75,73,6,0.0375
132,24,0,3,24,16,100,97,5,0.03125
132,25,1,3,16,17,126,120,9,0.05625
132,26,2,3,20,20,136,136,5,0.03125
132,27,3,3,14,13,140,145,1,0.00625
132,28,4,3,21,20,166,165,5,0.03125
132,29,5,3,20,16,154,156,3,0.01875
132,30,6,3,15,19,130,129,6,0.0375
132,31,7,3,23,11,84,83,2,0.0125
132,32,0,4,16,25,103,107,2,0.0125
132,33,1,4,9,16,115,118,7,0.04375
132,34,2,4,20,12,132,138,1,0.00625
132,35,3,4,24,13,145,142,7,0.04375
132,36,4,4,18,11,159,161,6,0.0375
132,37,5,4,28,14,149,151,4,0.025
132,38,6,4,13,11,116,111,11,0.06875
132,39,7,4,14,13,81,81,4,0.025
132,40,0,5,15,21,89,92,4,0.025
132,41,1,5,11,17,94,94,8,0.05
132,42,2,5,19,17,119,119,5,0.03125
132,43,3,5,20,23,142,135,9,0.05625
132,44,4,5,15,22,137,140,6,0.0375
132,45,5,5,21,21,131,128,5,0.03125
132,46,6,5,16,12,120,119,8,0.05
132,47,7,5,19,20,86,83,5,0.03125
132,48,0,6,18,22,78,76,2,0.0125
132,49,1,6,17,13,89,81,7,0.04375
132,50,2,6,25,19,112,107,6,0.0375
132,51,3,6,17,17,120,118,4,0.025
132,52,4,6,19,17,109,109,8,0.05
132,53,5,6,19,19,103,98,7,0.04375
132,54,6,6,15,20,96,92,9,0.05625
132,55,7,6,11,13,57,58,5,0.03125
132,56,0,7,17,17,51,52,3,0.01875
132,57,1,7,15,14,73,72,8,0.05
132,58,2,7,22,8,88,85,8,0.05
132,59,3,7,17,12,101,102,1,0.00625
132,60,4,7,22,12,102,98,3,0.01875
132,61,5,7,19,11,87,88,3,0.01875
132,62,6,7,10,14,62,63,7,0.04375
132,63,7,7,11,17,39,37,5,0.03125
133,0,0,0,14,16,41,41,4,0.025
133,1,1,0,8,14,59,59,8,0.05
133,2,2,0,21,12,82,83,7,0.04375
133,3,3,0,23,16,102,105,3,0.01875
133,4,4,0,25,13,98,101,3,0.01875
133,5,5,0,19,11,81,85,5,0.03125
133,6,6,0,13,21,67,66,8,0.05
133,7,7,0,12,5,27,29,2,0.0125
133,8,0,1,12,21,76,77,5,0.03125
133,9,1,1,14,18,100,100,8,0.05
133,10,2,1,18,16,110,113,5,0.03125
133,11,3,1,25,15,135,133,6,0.0375
133,12,4,1,21,18,127,127,6,0.0375
133,13,5,1,18,11,103,99,7,0.04375
133,14,6,1,10,15,75,70,13,0.08125
133,15,7,1,8,15,47,48,3,0.01875
133,16,0,2,10,20,95,92,5,0.03125
133,17,1,2,10,14,100,98,9,0.05625
133,18,2,2,18,15,118,115,8,0.05
133,19,3,2,22,25,142,142,6,0.0375
133,20,4,2,22,21,144,143,10,0.0625
133,21,5,2,11,13,111,117,3,0.01875
133,22,6,2,14,17,100,96,10,0.0625
133,23,7,2,10,20,71,71,5,0.03125
133,24,0,3,8,22,95,93,6,0.0375
133,25,1,3,4,13,100,99,9,0.05625
133,26,2,3,19,21,118,118,6,0.0375
133,27,3,3,26,20,148,142,5,0.03125
133,28,4,3,17,18,143,145,2,0.0125
133,29,5,3,16,24,146,145,3,0.01875
133,30,6,3,24,10,129,127,8,0.05
133,31,7,3,23,9,91,86,6,0.0375
133,32,0,4,11,13,88,87,4,0.025
133,33,1,4,12,11,116,115,6,0.0375
133,34,2,4,23,16,131,123,7,0.04375
133,35,3,4,21,13,152,157,3,0.01875
133,36,4,4,24,24,162,160,5,0.03125
133,37,5,4,23,22,150,150,5,0.03125
133,38,6,4,17,16,128,132,8,0.05
133,39,7,4,13,12,80,79,5,0.03125
133,40,0,5,13,14,79,76,6,0.0375
133,41,1,5,14,20,117,118,6,0.0375
133,42,2,5,21,11,120,121,4,0.025
133,43,3,5,26,17,147,148,7,0.04375
133,44,4,5,33,18,147,149,4,0.025
133,45,5,5,18,11,120,116,8,0.05
133,46,6,5,6,25,107,107,9,0.05625
133,47,7,5,13,14,69,73,3,0.01875
133,48,0,6,16,12,61,57,6,0.0375
133,49,1,6,10,17,92,91,7,0.04375
133,50,2,6,22,14,99,99,6,0.0375
133,51,3,6,19,15,119,120,4,0.025
133,52,4,6,21,12,117,120,3,0.01875
133,53,5,6,15,21,110,113,5,0.03125
133,54,6,6,14,16,84,89,6,0.0375
133,55,7,6,7,17,52,51,4,0.025
133,56,0,7,10,13,35,33,5,0.03125
133,57,1,7,11,19,56,57,7,0.04375
133,58,2,7,18,8,65,64,8,0.05
133,59,3,7,19,17,97,94,4,0.025
133,60,4,7,17,20,91,92,5,0.03125
133,61,5,7,24,21,94,92,6,0.0375
133,62,6,7,11,14,63,63,7,0.04375
133,63,7,7,9,14,32,34,4,0.025
134,0,0,0,7,19,36,36,4,0.025
134,1,1,0,6,17,53,54,8,0.05
134,2,2,0,18,12,72,76,3,0.01875
134,3,3,0,21,17,93,91,3,0.01875
134,4,4,0,23,16,98,94,9,0.05625
134,5,5,0,28,20,95,95,4,0.025
134,6,6,0,17,16,71,73,8,0.05
134,7,7,0,16,21,49,47,4,0.025
134,8,0,1,10,15,61,62,6,0.0375
134,9,1,1,12,21,96,91,12,0.075
134,10,2,1,27,26,119,117,7,0.04375
134,11,3,1,17,17,116,114,8,0.05
134,12,4,1,23,19,130,131,7,0.04375
134,13,5,1,29,15,121,118,8,0.05
134,14,6,1,12,13,86,94,7,0.04375
134,15,7,1,12,18,68,65,4,0.025
134,16,0,2,19,16,89,90,4,0.025
134,17,1,2,11,18,115,113,10,0.0625
134,18,2,2,23,12,123,126,6,0.0375
134,19,3,2,14,19,139,142,3,0.01875
134,20,4,2,20,20,152,157,5,0.03125
134,21,5,2,15,19,140,135,7,0.04375
134,22,6,2,17,24,125,127,9,0.05625
134,23,7,2,18,17,87,88,6,0.0375
134,24,0,3,15,16,101,104,5,0.03125
134,25,1,3,23,16,137,137,9,0.05625
134,26,2,3,16,22,141,142,5,0.03125
134,27,3,3,18,21,147,150,4,0.025
134,28,4,3,21,21,160,160,1,0.00625
134,29,5,3,22,24,159,159,4,0.025
134,30,6,3,19,13,137,139,6,0.0375
134,31,7,3,21,14,94,98,2,0.0125
134,32,0,4,16,15,102,101,5,0.03125
134,33,1,4,17,16,130,127,10,0.0625
134,34,2,4,15,18,128,134,2,0.0125
134,35,3,4,17,18,151,149,5,0.03125
134,36,4,4,20,20,159,161,4,0.025
134,37,5,4,24,13,146,144,7,0.04375
134,38,6,4,12,13,112,112,7,0.04375
134,39,7,4,11,17,83,84,4,0.025
134,40,0,5,9,13,87,91,3,0.01875
134,41,1,5,20,16,124,123,7,0.04375
134,42,2,5,10,15,122,120,6,0.0375
134,43,3,5,25,14,135,138,5,0.03125
134,44,4,5,26,15,148,145,6,0.0375
134,45,5,5,16,22,138,142,7,0.04375
134,46,6,5,12,19,117,115,8,0.05
134,47,7,5,12,8,83,79,6,0.0375
134,48,0,6,9,22,74,77,4,0.025
134,49,1,6,18,25,104,103,9,0.05625
134,50,2,6,23,14,120,116,11,0.06875
134,51,3,6,24,20,137,133,6,0.0375
134,52,4,6,23,15,130,128,7,0.04375
134,53,5,6,14,24,121,125,1,0.00625
134,54,6,6,15,23,105,104,5,0.03125
134,55,7,6,19,16,73,72,6,0.0375
134,56,0,7,17,25,56,58,1,0.00625
134,57,1,7,18,18,81,82,6,0.0375
134,58,2,7,21,18,100,101,6,0.0375
134,59,3,7,23,19,104,106,3,0.01875
134,60,4,7,14,21,102,105,2,0.0125
134,61,5,7,17,20,95,97,3,0.01875
134,62,6,7,16,15,76,76,8,0.05
134,63,7,7,14,16,49,50,3,0.01875
135,0,0,0,10,25,47,47,4,0.025
135,1,1,0,9,21,60,59,8,0.05
135,2,2,0,15,12,72,69,7,0.04375
135,3,3,0,25,11,87,81,11,0.06875
135,4,4,0,23,14,86,88,5,0.03125
135,5,5,0,21,19,84,86,4,0.025
135,6,6,0,17,20,68,67,7,0.04375
135,7,7,0,13,16,42,41,5,0.03125
135,8,0,1,4,15,64,65,5,0.03125
135,9,1,1,7,20,90,94,10,0.0625
135,10,2,1,10,12,95,93,7,0.04375
135,11,3,1,22,13,105,106,8,0.05
135,12,4,1,21,18,114,115,5,0.03125
135,13,5,1,23,15,113,113,10,0.0625
135,14,6,1,13,19,97,97,6,0.0375
135,15,7,1,18,16,66,68,4,0.025
135,16,0,2,13,18,85,83,4,0.025
135,17,1,2,13,14,104,106,9,0.05625
135,18,2,2,13,15,107,109,4,0.025
135,19,3,2,24,14,129,126,7,0.04375
135,20,4,2,21,18,139,137,7,0.04375
135,21,5,2,16,22,138,138,6,0.0375
135,22,6,2,16,19,115,114,8,0.05
135,23,7,2,17,19,92,89,8,0.05
135,24,0,3,15,14,96,94,6,0.0375
135,25,1,3,19,16,119,122,6,0.0375
135,26,2,3,21,19,148,144,8,0.05
135,27,3,3,19,21,152,154,2,0.0125
135,28,4,3,14,17,146,146,3,0.01875
135,29,5,3,19,13,157,160,1,0.00625
135,30,6,3,16,18,122,126,1,0.00625
135,31,7,3,15,14,101,100,4,0.025
135,32,0,4,15,14,92,93,3,0.01875
135,33,1,4,22,17,125,124,11,0.06875
135,34,2,4,16,17,153,154,2,0.0125
135,35,3,4,23,17,155,156,5,0.03125
135,36,4,4,13,17,147,149,3,0.01875
135,37,5,4,25,15,155,155,6,0.0375
135,38,6,4,16,13,111,110,8,0.05
135,39,7,4,12,12,91,92,3,0.01875
135,40,0,5,15,16,78,76,5,0.03125
135,41,1,5,8,15,98,96,9,0.05625
135,42,2,5,20,24,143,141,8,0.05
135,43,3,5,13,18,136,138,3,0.01875
135,44,4,5,20,11,122,121,6,0.0375
135,45,5,5,18,15,130,134,2,0.0125
135,46,6,5,12,15,93,95,7,0.04375
135,47,7,5,7,22,75,77,3,0.01875
135,48,0,6,11,15,62,60,5,0.03125
135,49,1,6,15,18,80,84,5,0.03125
135,50,2,6,23,23,121,125,8,0.05
135,51,3,6,16,15,114,120,2,0.0125
135,52,4,6,19,11,107,107,8,0.05
135,53,5,6,22,12,110,104,7,0.04375
135,54,6,6,13,12,75,75,6,0.0375
135,55,7,6,7,11,52,55,3,0.01875
135,56,0,7,19,18,50,48,4,0.025
135,57,1,7,19,12,64,63,7,0.04375
135,58,2,7,14,13,84,84,6,0.0375
135,59,3,7,18,19,96,92,5,0.03125
135,60,4,7,15,16,93,90,4,0.025
135,61,5,7,18,22,90,87,6,0.0375
135,62,6,7,14,19,68,69,7,0.04375
135,63,7,7,13,15,41,39,3,0.01875
136,0,0,0,16,21,50,51,2,0.0125
136,1,1,0,25,18,85,91,3,0.01875
136,2,2,0,17,23,115,117,3,0.01875
136,3,3,0,24,24,133,141,1,0.00625
136,4,4,0,20,18,129,130,6,0.0375
136,5,5,0,17,16,125,121,7,0.04375
136,6,6,0,20,24,107,109,6,0.0375
136,7,7,0,21,25,64,69,0,0.0
136,8,0,1,14,17,76,80,0,0.0
136,9,1,1,19,14,109,116,2,0.0125
136,10,2,1,20,21,146,150,4,0.025
136,11,3,1,25,23,172,174,4,0.025
136,12,4,1,23,25,165,169,1,0.00625
136,13,5,1,21,28,157,162,5,0.03125
136,14,6,1,23,19,136,133,10,0.0625
136,15,7,1,24,24,105,107,1,0.00625
136,16,0,2,12,17,95,97,3,0.01875
136,17,1,2,28,31,143,149,2,0.0125
136,18,2,2,18,24,163,164,3,0.01875
136,19,3,2,15,19,167,172,1,0.00625
136,20,4,2,17,26,180,185,1,0.00625
136,21,5,2,18,25,180,184,2,0.0125
136,22,6,2,19,20,148,153,5,0.03125
136,23,7,2,14,24,120,128,1,0.00625
136,24,0,3,26,19,122,120,7,0.04375
136,25,1,3,21,25,150,149,7,0.04375
136,26,2,3,21,18,161,161,8,0.05
136,27,3,3,18,20,162,159,6,0.0375
136,28,4,3,19,26,191,186,4,0.025
136,29,5,3,21,26,181,184,0,0.0
136,30,6,3,14,22,151,152,1,0.00625
136,31,7,3,20,19,131,132,3,0.01875
136,32,0,4,18,23,112,114,1,0.00625
136,33,1,4,23,21,149,155,5,0.03125
136,34,2,4,16,18,170,166,5,0.03125
136,35,3,4,20,25,175,177,2,0.0125
136,36,4,4,23,27,200,199,3,0.01875
136,37,5,4,13,18,181,182,4,0.025
136,38,6,4,22,18,154,159,4,0.025
136,39,7,4,16,34,134,135,3,0.01875
136,40,0,5,26,20,104,105,4,0.025
136,41,1,5,22,18,140,142,8,0.05
136,42,2,5,27,25,176,179,4,0.025
136,43,3,5,19,19,173,171,5,0.03125
136,44,4,5,12,24,186,188,3,0.01875
136,45,5,5,18,21,176,174,3,0.01875
136,46,6,5,14,15,141,149,1,0.00625
136,47,7,5,26,18,126,127,3,0.01875
136,48,0,6,19,16,72,74,3,0.01875
136,49,1,6,16,23,112,109,7,0.04375
136,50,2,6,23,17,136,139,4,0.025
136,51,3,6,19,19,142,138,5,0.03125
136,52,4,6,23,17,151,151,8,0.05
136,53,5,6,19,23,142,138,10,0.0625
136,54,6,6,16,22,122,122,5,0.03125
136,55,7,6,28,31,101,100,5,0.03125
136,56,0,7,22,15,48,51,1,0.00625
136,57,1,7,16,15,80,85,2,0.0125
136,58,2,7,21,21,114,117,4,0.025
136,59,3,7,17,15,120,120,5,0.03125
136,60,4,7,17,19,127,132,0,0.0
136,61,5,7,19,22,115,121,1,0.00625
136,62,6,7,27,23,93,98,0,0.0
136,63,7,7,15,18,50,55,0,0.0
137,0,0,0,16,15,44,42,4,0.025
137,1,1,0,7,24,69,64,7,0.04375
137,2,2,0,14,15,85,80,8,0.05
137,3,3,0,18,21,94,90,6,0.0375
137,4,4,0,14,16,79,79,6,0.0375
137,5,5,0,20,21,74,73,8,0.05
137,6,6,0,16,14,57,56,8,0.05
137,7,7,0,20,16,44,40,4,0.025
137,8,0,1,18,18,78,79,0,0.0
137,9,1,1,15,17,104,101,5,0.03125
137,10,2,1,19,16,119,116,8,0.05
137,11,3,1,24,20,136,134,6,0.0375
137,12,4,1,16,15,126,122,5,0.03125
137,13,5,1,17,14,112,113,5,0.03125
137,14,6,1,15,17,100,99,10,0.0625
137,15,7,1,29,14,76,74,4,0.025
137,16,0,2,15,15,87,84,7,0.04375
137,17,1,2,16,16,104,98,7,0.04375
137,18,2,2,22,16,129,124,8,0.05
137,19,3,2,20,12,150,150,2,0.0125
137,20,4,2,21,17,151,151,2,0.0125
137,21,5,2,22,24,130,134,0,0.0
137,22,6,2,16,17,109,110,3,0.01875
137,23,7,2,17,19,91,90,1,0.00625
137,24,0,3,14,21,97,100,4,0.025
137,25,1,3,8,12,112,109,8,0.05
137,26,2,3,20,20,140,145,5,0.03125
137,27,3,3,20,11,157,162,0,0.0
137,28,4,3,17,20,156,161,2,0.0125
137,29,5,3,13,18,147,141,4,0.025
137,30,6,3,25,17,134,129,7,0.04375
137,31,7,3,20,24,106,107,2,0.0125
137,32,0,4,21,13,106,103,4,0.025
137,33,1,4,11,11,121,116,10,0.0625
137,34,2,4,26,13,146,142,8,0.05
137,35,3,4,25,15,161,158,4,0.025
137,36,4,4,26,19,159,158,5,0.03125
137,37,5,4,14,13,135,138,4,0.025
137,38,6,4,17,17,120,122,2,0.0125
137,39,7,4,22,22,108,108,2,0.0125
137,40,0,5,15,18,96,94,5,0.03125
137,41,1,5,21,19,116,116,6,0.0375
137,42,2,5,17,19,133,134,4,0.025
137,43,3,5,17,25,149,148,5,0.03125
137,44,4,5,20,22,145,147,3,0.01875
137,45,5,5,18,17,125,124,4,0.025
137,46,6,5,19,16,118,113,6,0.0375
137,47,7,5,21,14,96,96,4,0.025
137,48,0,6,19,21,80,82,2,0.0125
137,49,1,6,17,18,102,101,7,0.04375
137,50,2,6,19,21,130,127,7,0.04375
137,51,3,6,20,13,121,122,4,0.025
137,52,4,6,29,16,121,122,6,0.0375
137,53,5,6,12,16,94,101,4,0.025
137,54,6,6,10,15,86,84,8,0.05
137,55,7,6,10,16,72,72,4,0.025
137,56,0,7,18,18,54,54,1,0.00625
137,57,1,7,16,24,83,84,0,0.0
137,58,2,7,21,13,96,99,1,0.00625
137,59,3,7,18,22,104,109,1,0.00625
137,60,4,7,14,21,100,98,2,0.0125
137,61,5,7,25,16,90,89,3,0.01875
137,62,6,7,21,21,76,74,3,0.01875
137,63,7,7,16,21,52,51,0,0.0
138,0,0,0,2,15,31,32,4,0.025
138,1,1,0,4,18,51,50,9,0.05625
138,2,2,0,16,20,70,72,7,0.04375
138,3,3,0,18,14,84,83,8,0.05
138,4,4,0,22,16,93,93,6,0.0375
138,5,5,0,27,18,90,94,4,0.025
138,6,6,0,21,13,73,71,9,0.05625
138,7,7,0,17,15,48,48,4,0.025
138,8,0,1,10,19,61,55,5,0.03125
138,9,1,1,9,20,77,72,10,0.0625
138,10,2,1,11,22,94,95,7,0.04375
138,11,3,1,16,18,101,100,9,0.05625
138,12,4,1,16,16,105,105,5,0.03125
138,13,5,1,19,22,114,112,6,0.0375
138,14,6,1,20,12,96,97,10,0.0625
138,15,7,1,25,20,82,80,5,0.03125
138,16,0,2,13,19,85,84,6,0.0375
138,17,1,2,16,17,105,104,8,0.05
138,18,2,2,20,15,137,139,6,0.0375
138,19,3,2,23,16,145,145,3,0.01875
138,20,4,2,19,17,143,138,6,0.0375
138,21,5,2,24,7,142,138,3,0.01875
138,22,6,2,19,16,119,117,6,0.0375
138,23,7,2,19,24,101,101,2,0.0125
138,24,0,3,15,9,93,95,4,0.025
138,25,1,3,19,19,126,124,10,0.0625
138,26,2,3,20,14,139,137,4,0.025
138,27,3,3,17,17,152,150,2,0.0125
138,28,4,3,24,12,153,150,4,0.025
138,29,5,3,23,14,148,146,6,0.0375
138,30,6,3,23,20,127,127,6,0.0375
138,31,7,3,14,14,101,99,4,0.025
138,32,0,4,11,13,94,91,6,0.0375
138,33,1,4,10,11,112,114,7,0.04375
138,34,2,4,19,19,131,138,2,0.0125
138,35,3,4,20,23,153,156,2,0.0125
138,36,4,4,22,25,152,152,3,0.01875
138,37,5,4,16,11,137,137,3,0.01875
138,38,6,4,21,21,133,126,10,0.0625
138,39,7,4,19,14,102,100,4,0.025
138,40,0,5,10,13,84,84,5,0.03125
138,41,1,5,18,22,121,119,10,0.0625
138,42,2,5,24,17,125,124,5,0.03125
138,43,3,5,17,11,138,140,4,0.025
138,44,4,5,19,19,145,146,2,0.0125
138,45,5,5,17,22,154,152,4,0.025
138,46,6,5,17,22,126,128,4,0.025
138,47,7,5,16,23,98,98,3,0.01875
138,48,0,6,13,18,71,61,10,0.0625
138,49,1,6,15,18,98,101,7,0.04375
138,50,2,6,21,16,113,116,3,0.01875
138,51,3,6,17,19,132,133,3,0.01875
138,52,4,6,21,21,126,127,5,0.03125
138,53,5,6,17,24,121,121,4,0.025
138,54,6,6,16,14,95,94,9,0.05625
138,55,7,6,12,20,73,71,7,0.04375
138,56,0,7,20,17,49,48,3,0.01875
138,57,1,7,20,11,78,72,6,0.0375
138,58,2,7,24,23,101,98,4,0.025
138,59,3,7,19,20,105,103,3,0.01875
138,60,4,7,19,10,106,102,3,0.01875
138,61,5,7,22,19,107,108,1,0.00625
138,62,6,7,19,18,89,90,2,0.0125
138,63,7,7,23,15,56,57,0,0.0
139,0,0,0,2,13,27,25,5,0.03125
139,1,1,0,7,16,45,48,6,0.0375
139,2,2,0,5,15,65,63,8,0.05
139,3,3,0,21,11,82,85,4,0.025
139,4,4,0,17,13,96,94,6,0.0375
139,5,5,0,17,19,98,97,5,0.03125
139,6,6,0,21,20,79,83,5,0.03125
139,7,7,0,12,17,42,41,4,0.025
139,8,0,1,4,15,55,55,4,0.025
139,9,1,1,13,13,75,76,8,0.05
139,10,2,1,18,22,110,111,6,0.0375
139,11,3,1,21,24,115,117,5,0.03125
139,12,4,1,29,11,119,119,5,0.03125
139,13,5,1,20,16,115,115,5,0.03125
139,14,6,1,15,17,103,108,5,0.03125
139,15,7,1,21,12,73,71,8,0.05
139,16,0,2,19,21,86,90,3,0.01875
139,17,1,2,15,17,109,111,7,0.04375
139,18,2,2,12,20,144,142,8,0.05
139,19,3,2,13,17,139,139,2,0.0125
139,20,4,2,15,14,133,135,4,0.025
139,21,5,2,20,14,125,126,2,0.0125
139,22,6,2,17,23,137,134,9,0.05625
139,23,7,2,22,20,98,93,6,0.0375
139,24,0,3,16,22,99,98,5,0.03125
139,25,1,3,11,20,114,120,6,0.0375
139,26,2,3,20,16,146,146,5,0.03125
139,27,3,3,22,15,152,153,1,0.00625
139,28,4,3,24,18,152,152,4,0.025
139,29,5,3,12,17,121,127,1,0.00625
139,30,6,3,17,20,136,135,7,0.04375
139,31,7,3,15,19,102,102,3,0.01875
139,32,0,4,19,20,101,102,6,0.0375
139,33,1,4,16,21,130,127,10,0.0625
139,34,2,4,22,18,149,144,8,0.05
139,35,3,4,17,20,150,143,7,0.04375
139,36,4,4,24,19,164,164,4,0.025
139,37,5,4,25,7,131,128,6,0.0375
139,38,6,4,14,16,134,133,10,0.0625
139,39,7,4,17,16,112,110,5,0.03125
139,40,0,5,20,13,91,89,8,0.05
139,41,1,5,18,23,126,125,9,0.05625
139,42,2,5,20,17,147,146,7,0.04375
139,43,3,5,20,17,145,147,2,0.0125
139,44,4,5,22,19,157,152,8,0.05
139,45,5,5,18,16,124,125,6,0.0375
139,46,6,5,23,17,124,117,10,0.0625
139,47,7,5,18,16,101,101,2,0.0125
139,48,0,6,12,14,57,65,4,0.025
139,49,1,6,18,11,85,81,11,0.06875
139,50,2,6,22,14,120,113,11,0.06875
139,51,3,6,23,11,121,120,3,0.01875
139,52,4,6,19,17,136,134,7,0.04375
139,53,5,6,19,20,118,114,6,0.0375
139,54,6,6,21,19,103,100,13,0.08125
139,55,7,6,18,17,82,83,5,0.03125
139,56,0,7,19,16,41,42,2,0.0125
139,57,1,7,20,12,65,65,7,0.04375
139,58,2,7,19,20,98,95,7,0.04375
139,59,3,7,17,15,103,102,3,0.01875
139,60,4,7,22,19,106,106,4,0.025
139,61,5,7,18,14,84,81,4,0.025
139,62,6,7,20,16,73,68,8,0.05
139,63,7,7,23,22,57,54,3,0.01875
140,0,0,0,11,22,47,49,3,0.01875
140,1,1,0,4,14,50,48,8,0.05
140,2,2,0,24,17,84,86,7,0.04375
140,3,3,0,32,21,113,113,4,0.025
140,4,4,0,15,19,102,106,3,0.01875
140,5,5,0,19,21,94,95,3,0.01875
140,6,6,0,15,22,77,74,8,0.05
140,7,7,0,23,14,49,50,4,0.025
140,8,0,1,11,19,80,77,7,0.04375
140,9,1,1,12,10,80,80,9,0.05625
140,10,2,1,27,14,119,123,1,0.00625
140,11,3,1,17,16,135,138,2,0.0125
140,12,4,1,15,15,128,130,4,0.025
140,13,5,1,15,22,124,121,8,0.05
140,14,6,1,17,13,100,100,4,0.025
140,15,7,1,14,19,74,74,7,0.04375
140,16,0,2,10,16,87,87,4,0.025
140,17,1,2,10,22,91,91,7,0.04375
140,18,2,2,22,22,122,122,7,0.04375
140,19,3,2,18,24,139,135,5,0.03125
140,20,4,2,17,18,146,142,8,0.05
140,21,5,2,18,15,135,134,1,0.00625
140,22,6,2,20,25,120,122,6,0.0375
140,23,7,2,20,14,100,100,6,0.0375
140,24,0,3,16,22,106,105,5,0.03125
140,25,1,3,22,12,130,124,12,0.075
140,26,2,3,21,17,147,146,7,0.04375
140,27,3,3,25,12,149,143,7,0.04375
140,28,4,3,18,22,160,162,4,0.025
140,29,5,3,24,10,151,143,10,0.0625
140,30,6,3,23,24,136,135,8,0.05
140,31,7,3,13,20,101,102,3,0.01875
140,32,0,4,15,14,92,90,8,0.05
140,33,1,4,10,12,114,116,10,0.0625
140,34,2,4,22,20,144,145,6,0.0375
140,35,3,4,16,14,148,154,4,0.025
140,36,4,4,25,21,162,159,6,0.0375
140,37,5,4,23,9,136,135,5,0.03125
140,38,6,4,10,17,114,115,8,0.05
140,39,7,4,11,20,83,85,5,0.03125
140,40,0,5,23,14,86,86,8,0.05
140,41,1,5,15,17,111,114,8,0.05
140,42,2,5,19,14,132,131,6,0.0375
140,43,3,5,20,17,129,129,2,0.0125
140,44,4,5,13,13,123,126,4,0.025
140,45,5,5,16,19,120,118,8,0.05
140,46,6,5,5,13,103,105,9,0.05625
140,47,7,5,17,9,75,75,4,0.025
140,48,0,6,9,11,53,51,6,0.0375
140,49,1,6,7,26,79,81,8,0.05
140,50,2,6,20,18,101,103,8,0.05
140,51,3,6,17,13,102,102,4,0.025
140,52,4,6,16,19,113,114,6,0.0375
140,53,5,6,18,11,100,104,2,0.0125
140,54,6,6,12,17,86,91,6,0.0375
140,55,7,6,3,21,61,63,3,0.01875
140,56,0,7,15,14,43,40,4,0.025
140,57,1,7,10,17,66,66,6,0.0375
140,58,2,7,23,22,97,103,1,0.00625
140,59,3,7,17,15,94,94,3,0.01875
140,60,4,7,26,12,95,98,3,0.01875
140,61,5,7,20,19,88,88,4,0.025
140,62,6,7,10,19,67,67,6,0.0375
140,63,7,7,18,19,48,47,3,0.01875
141,0,0,0,5,23,45,45,3,0.01875
141,1,1,0,16,16,67,67,8,0.05
141,2,2,0,9,16,74,74,8,0.05
141,3,3,0,18,11,89,88,5,0.03125
141,4,4,0,19,20,95,95,4,0.025
141,5,5,0,17,22,93,90,6,0.0375
141,6,6,0,17,14,72,72,8,0.05
141,7,7,0,20,16,42,42,4,0.025
141,8,0,1,15,16,76,80,5,0.03125
141,9,1,1,15,14,102,103,8,0.05
141,10,2,1,21,19,118,109,9,0.05625
141,11,3,1,18,18,119,119,4,0.025
141,12,4,1,26,12,126,124,4,0.025
141,13,5,1,21,20,114,120,3,0.01875
141,14,6,1,12,15,95,87,11,0.06875
141,15,7,1,12,16,55,59,3,0.01875
141,16,0,2,7,18,92,89,6,0.0375
141,17,1,2,7,20,107,103,11,0.06875
141,18,2,2,15,12,114,116,7,0.04375
141,19,3,2,26,23,136,135,7,0.04375
141,20,4,2,19,16,143,148,3,0.01875
141,21,5,2,16,10,135,133,3,0.01875
141,22,6,2,20,12,119,119,6,0.0375
141,23,7,2,16,9,73,76,2,0.0125
141,24,0,3,13,24,103,102,5,0.03125
141,25,1,3,11,19,120,123,9,0.05625
141,26,2,3,20,14,136,134,9,0.05625
141,27,3,3,22,16,141,142,6,0.0375
141,28,4,3,23,22,159,160,3,0.01875
141,29,5,3,15,21,137,146,0,0.0
141,30,6,3,14,20,108,109,5,0.03125
141,31,7,3,14,11,82,83,1,0.00625
141,32,0,4,17,19,96,101,3,0.01875
141,33,1,4,19,16,135,134,10,0.0625
141,34,2,4,18,16,142,142,5,0.03125
141,35,3,4,20,13,154,152,4,0.025
141,36,4,4,23,21,166,169,5,0.03125
141,37,5,4,23,16,148,146,7,0.04375
141,38,6,4,8,14,99,99,10,0.0625
141,39,7,4,17,17,95,95,5,0.03125
141,40,0,5,14,13,73,77,4,0.025
141,41,1,5,15,24,114,112,10,0.0625
141,42,2,5,17,16,119,119,8,0.05
141,43,3,5,17,19,152,148,6,0.0375
141,44,4,5,24,14,157,157,4,0.025
141,45,5,5,19,19,132,131,9,0.05625
141,46,6,5,17,18,89,91,7,0.04375
141,47,7,5,9,10,79,78,4,0.025
141,48,0,6,14,17,61,64,3,0.01875
141,49,1,6,15,7,87,87,7,0.04375
141,50,2,6,12,15,93,97,6,0.0375
141,51,3,6,20,15,124,124,3,0.01875
141,52,4,6,20,19,129,132,4,0.025
141,53,5,6,20,22,123,122,3,0.01875
141,54,6,6,23,14,93,93,6,0.0375
141,55,7,6,19,24,83,84,3,0.01875
141,56,0,7,12,21,44,46,3,0.01875
141,57,1,7,12,20,72,72,6,0.0375
141,58,2,7,19,12,79,78,1,0.00625
141,59,3,7,18,17,94,95,4,0.025
141,60,4,7,21,21,104,101,4,0.025
141,61,5,7,21,20,91,89,7,0.04375
141,62,6,7,17,22,64,63,9,0.05625
141,63,7,7,11,21,41,41,4,0.025
142,0,0,0,19,23,58,61,1,0.00625
142,1,1,0,26,20,95,101,2,0.0125
142,2,2,0,19,17,117,122,3,0.01875
142,3,3,0,18,23,134,136,2,0.0125
142,4,4,0,19,18,132,133,2,0.0125
142,5,5,0,18,25,134,139,2,0.0125
142,6,6,0,23,19,101,104,5,0.03125
142,7,7,0,22,20,61,61,4,0.025
142,8,0,1,24,20,94,97,1,0.00625
142,9,1,1,16,29,125,128,6,0.0375
142,10,2,1,27,19,146,156,1,0.00625
142,11,3,1,17,23,176,172,6,0.0375
142,12,4,1,17,27,172,172,6,0.0375
142,13,5,1,23,12,168,166,5,0.03125
142,14,6,1,24,23,143,150,5,0.03125
142,15,7,1,23,15,94,95,3,0.01875
142,16,0,2,17,17,112,112,5,0.03125
142,17,1,2,28,24,157,164,3,0.01875
142,18,2,2,23,25,172,178,1,0.00625
142,19,3,2,22,13,181,181,7,0.04375
142,20,4,2,14,30,181,179,6,0.0375
142,21,5,2,18,28,166,163,7,0.04375
142,22,6,2,17,30,155,157,6,0.0375
142,23,7,2,23,32,115,115,1,0.00625
142,24,0,3,19,16,118,119,5,0.03125
142,25,1,3,17,23,155,155,9,0.05625
142,26,2,3,25,22,179,181,7,0.04375
142,27,3,3,24,26,201,202,5,0.03125
142,28,4,3,26,22,197,188,9,0.05625
142,29,5,3,19,17,182,175,7,0.04375
142,30,6,3,15,22,161,160,6,0.0375
142,31,7,3,16,17,111,112,0,0.0
142,32,0,4,22,27,130,128,3,0.01875
142,33,1,4,32,29,182,186,6,0.0375
142,34,2,4,16,28,195,200,2,0.0125
142,35,3,4,18,20,201,201,4,0.025
142,36,4,4,18,27,212,213,3,0.01875
142,37,5,4,17,30,190,198,1,0.00625
142,38,6,4,18,29,162,170,2,0.0125
142,39,7,4,16,16,108,111,1,0.00625
142,40,0,5,23,22,116,117,3,0.01875
142,41,1,5,19,26,149,151,7,0.04375
142,42,2,5,21,26,181,184,2,0.0125
142,43,3,5,25,20,181,180,6,0.0375
142,44,4,5,19,30,190,194,2,0.0125
142,45,5,5,18,19,175,181,2,0.0125
142,46,6,5,18,27,161,160,6,0.0375
142,47,7,5,22,21,114,118,0,0.0
142,48,0,6,18,23,97,97,1,0.00625
142,49,1,6,20,20,121,126,3,0.01875
142,50,2,6,19,25,157,158,5,0.03125
142,51,3,6,20,14,152,152,3,0.01875
142,52,4,6,19,20,159,157,5,0.03125
142,53,5,6,15,21,156,154,6,0.0375
142,54,6,6,27,14,132,134,5,0.03125
142,55,7,6,23,37,105,104,3,0.01875
142,56,0,7,22,13,60,61,0,0.0
142,57,1,7,24,18,98,103,2,0.0125
142,58,2,7,21,17,122,117,7,0.04375
142,59,3,7,25,27,140,140,2,0.0125
142,60,4,7,28,14,136,139,3,0.01875
142,61,5,7,12,15,119,124,1,0.00625
142,62,6,7,23,17,100,105,3,0.01875
142,63,7,7,22,21,63,66,0,0.0
143,0,0,0,21,20,54,53,0,0.0
143,1,1,0,14,9,68,67,2,0.0125
143,2,2,0,20,20,102,101,4,0.025
143,3,3,0,14,15,106,107,2,0.0125
143,4,4,0,30,23,117,117,2,0.0125
143,5,5,0,20,23,107,103,7,0.04375
143,6,6,0,19,12,73,69,9,0.05625
143,7,7,0,19,14,47,47,4,0.025
143,8,0,1,17,19,72,72,1,0.00625
143,9,1,1,15,17,79,78,6,0.0375
143,10,2,1,24,7,102,95,7,0.04375
143,11,3,1,12,14,106,103,8,0.05
143,12,4,1,22,17,119,116,7,0.04375
143,13,5,1,14,17,108,106,6,0.0375
143,14,6,1,14,23,91,88,8,0.05
143,15,7,1,16,18,65,63,3,0.01875
143,16,0,2,20,16,97,101,1,0.00625
143,17,1,2,25,23,130,126,7,0.04375
143,18,2,2,16,23,141,137,5,0.03125
143,19,3,2,22,22,150,150,6,0.0375
143,20,4,2,28,20,151,150,5,0.03125
143,21,5,2,19,24,136,138,7,0.04375
143,22,6,2,11,18,108,101,12,0.075
143,23,7,2,12,13,71,70,4,0.025
143,24,0,3,18,13,104,104,5,0.03125
143,25,1,3,16,9,123,124,8,0.05
143,26,2,3,21,18,144,142,9,0.05625
143,27,3,3,19,21,153,155,4,0.025
143,28,4,3,21,11,158,165,5,0.03125
143,29,5,3,22,14,153,154,6,0.0375
143,30,6,3,19,14,129,130,7,0.04375
143,31,7,3,18,19,98,96,3,0.01875
143,32,0,4,12,11,92,90,7,0.04375
143,33,1,4,15,20,120,119,7,0.04375
143,34,2,4,25,17,143,140,5,0.03125
143,35,3,4,15,14,147,147,5,0.03125
143,36,4,4,18,17,150,152,3,0.01875
143,37,5,4,17,16,140,138,4,0.025
143,38,6,4,19,17,137,134,4,0.025
143,39,7,4,16,25,105,102,3,0.01875
143,40,0,5,19,18,105,99,8,0.05
143,41,1,5,17,20,125,126,7,0.04375
143,42,2,5,21,19,128,125,8,0.05
143,43,3,5,27,25,151,153,6,0.0375
143,44,4,5,13,20,146,145,2,0.0125
143,45,5,5,18,19,140,134,8,0.05
143,46,6,5,21,22,132,134,5,0.03125
143,47,7,5,22,21,100,100,1,0.00625
143,48,0,6,18,13,78,76,5,0.03125
143,49,1,6,16,15,104,100,7,0.04375
143,50,2,6,17,13,112,114,3,0.01875
143,51,3,6,24,23,143,144,3,0.01875
143,52,4,6,12,15,129,130,4,0.025
143,53,5,6,17,13,111,113,4,0.025
143,54,6,6,18,20,104,101,7,0.04375
143,55,7,6,20,16,82,83,3,0.01875
143,56,0,7,16,22,49,49,1,0.00625
143,57,1,7,21,22,78,78,1,0.00625
143,58,2,7,15,22,96,100,3,0.01875
143,59,3,7,26,21,118,120,2,0.0125
143,60,4,7,21,22,113,111,4,0.025
143,61,5,7,28,19,108,105,3,0.01875
143,62,6,7,18,22,86,85,5,0.03125
143,63,7,7,22,18,64,61,3,0.01875
144,0,0,0,15,23,49,50,1,0.00625
144,1,1,0,21,19,73,72,3,0.01875
144,2,2,0,9,24,90,90,2,0.0125
144,3,3,0,23,15,100,98,3,0.01875
144,4,4,0,26,17,107,104,5,0.03125
144,5,5,0,18,17,93,93,6,0.0375
144,6,6,0,13,18,74,75,9,0.05625
144,7,7,0,16,22,43,43,3,0.01875
144,8,0,1,14,18,68,68,2,0.0125
144,9,1,1,21,15,97,99,3,0.01875
144,10,2,1,25,17,125,129,4,0.025
144,11,3,1,21,16,111,120,2,0.0125
144,12,4,1,20,14,117,118,7,0.04375
144,13,5,1,14,22,101,100,8,0.05
144,14,6,1,5,12,82,82,8,0.05
144,15,7,1,9,22,59,59,5,0.03125
144,16,0,2,22,17,96,93,6,0.0375
144,17,1,2,19,14,117,119,6,0.0375
144,18,2,2,16,19,143,141,6,0.0375
144,19,3,2,27,10,131,137,0,0.0
144,20,4,2,24,21,144,149,0,0.0
144,21,5,2,14,17,124,123,7,0.04375
144,22,6,2,12,19,113,116,9,0.05625
144,23,7,2,12,12,76,77,4,0.025
144,24,0,3,10,20,88,88,5,0.03125
144,25,1,3,14,18,113,115,5,0.03125
144,26,2,3,25,18,157,160,5,0.03125
144,27,3,3,26,19,151,148,6,0.0375
144,28,4,3,16,16,144,142,5,0.03125
144,29,5,3,23,23,141,139,8,0.05
144,30,6,3,14,26,122,122,8,0.05
144,31,7,3,14,15,87,82,7,0.04375
144,32,0,4,10,8,79,84,3,0.01875
144,33,1,4,4,18,102,101,9,0.05625
144,34,2,4,26,18,139,138,5,0.03125
144,35,3,4,23,14,148,147,5,0.03125
144,36,4,4,13,10,140,139,3,0.01875
144,37,5,4,20,16,147,144,3,0.01875
144,38,6,4,23,17,125,129,1,0.00625
144,39,7,4,20,18,93,96,1,0.00625
144,40,0,5,9,14,80,84,4,0.025
144,41,1,5,9,15,101,100,7,0.04375
144,42,2,5,26,14,129,128,7,0.04375
144,43,3,5,25,14,140,140,5,0.03125
144,44,4,5,21,18,144,142,3,0.01875
144,45,5,5,23,14,145,145,8,0.05
144,46,6,5,19,16,120,117,6,0.0375
144,47,7,5,17,12,78,76,2,0.0125
144,48,0,6,10,27,70,69,4,0.025
144,49,1,6,7,23,79,79,8,0.05
144,50,2,6,21,16,107,98,12,0.075
144,51,3,6,15,17,110,102,10,0.0625
144,52,4,6,18,13,111,107,9,0.05625
144,53,5,6,29,18,124,118,8,0.05
144,54,6,6,13,20,87,89,6,0.0375
144,55,7,6,17,10,59,57,5,0.03125
144,56,0,7,17,15,44,46,0,0.0
144,57,1,7,25,16,69,66,5,0.03125
144,58,2,7,18,16,79,74,8,0.05
144,59,3,7,26,16,89,85,6,0.0375
144,60,4,7,18,18,92,87,8,0.05
144,61,5,7,15,17,78,75,8,0.05
144,62,6,7,12,18,60,56,8,0.05
144,63,7,7,11,13,36,34,5,0.03125
145,0,0,0,14,10,39,39,1,0.00625
145,1,1,0,26,17,83,85,2,0.0125
145,2,2,0,16,18,103,105,1,0.00625
145,3,3,0,19,12,107,107,4,0.025
145,4,4,0,22,18,104,105,4,0.025
145,5,5,0,22,19,88,88,6,0.0375
145,6,6,0,16,11,60,62,6,0.0375
145,7,7,0,11,14,40,40,4,0.025
145,8,0,1,19,22,73,74,1,0.00625
145,9,1,1,20,16,106,98,10,0.0625
145,10,2,1,11,28,129,123,8,0.05
145,11,3,1,31,21,136,128,8,0.05
145,12,4,1,19,16,114,112,8,0.05
145,13,5,1,24,11,105,104,10,0.0625
145,14,6,1,10,14,77,77,8,0.05
145,15,7,1,3,19,72,71,6,0.0375
145,16,0,2,21,22,96,97,5,0.03125
145,17,1,2,19,14,113,111,7,0.04375
145,18,2,2,19,18,138,137,7,0.04375
145,19,3,2,25,12,152,147,5,0.03125
145,20,4,2,22,17,149,147,4,0.025
145,21,5,2,21,15,130,132,6,0.0375
145,22,6,2,18,19,113,112,9,0.05625
145,23,7,2,16,23,107,105,6,0.0375
145,24,0,3,17,19,109,107,7,0.04375
145,25,1,3,19,12,134,131,9,0.05625
145,26,2,3,26,14,157,158,4,0.025
145,27,3,3,17,17,139,143,3,0.01875
145,28,4,3,23,24,151,150,6,0.0375
145,29,5,3,15,18,126,130,5,0.03125
145,30,6,3,3,18,111,110,7,0.04375
145,31,7,3,9,13,100,100,6,0.0375
145,32,0,4,9,12,94,90,5,0.03125
145,33,1,4,16,20,122,123,7,0.04375
145,34,2,4,19,15,149,150,4,0.025
145,35,3,4,17,11,144,147,4,0.025
145,36,4,4,23,13,150,145,7,0.04375
145,37,5,4,22,15,134,129,10,0.0625
145,38,6,4,12,13,106,95,11,0.06875
145,39,7,4,15,15,95,93,3,0.01875
145,40,0,5,5,18,85,81,9,0.05625
145,41,1,5,11,17,105,103,9,0.05625
145,42,2,5,20,17,134,135,6,0.0375
145,43,3,5,22,22,142,144,4,0.025
145,44,4,5,22,19,146,148,3,0.01875
145,45,5,5,19,19,146,147,8,0.05
145,46,6,5,26,15,116,117,7,0.04375
145,47,7,5,14,13,93,88,7,0.04375
145,48,0,6,8,14,66,62,10,0.0625
145,49,1,6,8,20,84,84,6,0.0375
145,50,2,6,20,18,106,111,6,0.0375
145,51,3,6,23,16,118,125,2,0.0125
145,52,4,6,17,17,112,120,1,0.00625
145,53,5,6,18,23,112,115,6,0.0375
145,54,6,6,10,19,94,91,9,0.05625
145,55,7,6,14,17,80,74,10,0.0625
145,56,0,7,18,19,52,50,2,0.0125
145,57,1,7,16,19,78,75,7,0.04375
145,58,2,7,21,16,91,93,4,0.025
145,59,3,7,17,14,95,98,3,0.01875
145,60,4,7,34,13,102,102,6,0.0375
145,61,5,7,25,17,95,96,7,0.04375
145,62,6,7,9,15,68,68,8,0.05
145,63,7,7,7,23,47,46,6,0.0375
146,0,0,0,20,21,59,57,2,0.0125
146,1,1,0,9,13,70,71,1,0.00625
146,2,2,0,16,15,92,85,6,0.0375
146,3,3,0,19,17,99,103,1,0.00625
146,4,4,0,18,15,101,102,1,0.00625
146,5,5,0,19,12,84,85,4,0.025
146,6,6,0,12,19,65,64,8,0.05
146,7,7,0,12,19,41,41,4,0.025
146,8,0,1,14,22,86,81,5,0.03125
146,9,1,1,16,21,100,110,1,0.00625
146,10,2,1,18,18,113,117,4,0.025
146,11,3,1,16,14,120,125,5,0.03125
146,12,4,1,19,20,132,134,6,0.0375
146,13,5,1,21,11,105,109,5,0.03125
146,14,6,1,10,21,94,94,7,0.04375
146,15,7,1,11,16,66,66,5,0.03125
146,16,0,2,12,17,98,93,9,0.05625
146,17,1,2,22,15,120,122,6,0.0375
146,18,2,2,18,20,135,138,4,0.025
146,19,3,2,21,23,153,154,4,0.025
146,20,4,2,27,19,161,157,7,0.04375
146,21,5,2,20,15,124,123,5,0.03125
146,22,6,2,8,11,97,97,10,0.0625
146,23,7,2,9,25,83,84,5,0.03125
146,24,0,3,17,12,106,106,6,0.0375
146,25,1,3,21,9,120,119,10,0.0625
146,26,2,3,26,24,145,147,4,0.025
146,27,3,3,19,18,158,156,4,0.025
146,28,4,3,21,18,155,159,2,0.0125
146,29,5,3,26,17,136,135,5,0.03125
146,30,6,3,12,14,105,107,7,0.04375
146,31,7,3,14,13,89,90,5,0.03125
146,32,0,4,21,22,114,115,4,0.025
146,33,1,4,24,10,128,127,6,0.0375
146,34,2,4,16,20,141,140,5,0.03125
146,35,3,4,19,21,158,158,2,0.0125
146,36,4,4,21,13,139,143,5,0.03125
146,37,5,4,22,10,118,122,6,0.0375
146,38,6,4,14,13,105,108,9,0.05625
146,39,7,4,11,15,96,92,7,0.04375
146,40,0,5,12,11,92,91,9,0.05625
146,41,1,5,10,25,105,107,8,0.05
146,42,2,5,22,14,120,120,6,0.0375
146,43,3,5,19,12,137,139,1,0.00625
146,44,4,5,13,18,133,132,2,0.0125
146,45,5,5,21,19,127,132,2,0.0125
146,46,6,5,12,15,121,120,9,0.05625
146,47,7,5,19,19,99,103,4,0.025
146,48,0,6,4,23,66,71,5,0.03125
146,49,1,6,9,23,75,73,9,0.05625
146,50,2,6,11,19,91,87,10,0.0625
146,51,3,6,13,21,110,106,8,0.05
146,52,4,6,18,16,106,99,6,0.0375
146,53,5,6,18,20,92,94,4,0.025
146,54,6,6,20,17,93,94,9,0.05625
146,55,7,6,23,15,75,76,9,0.05625
146,56,0,7,8,18,45,40,6,0.0375
146,57,1,7,7,13,52,49,11,0.06875
146,58,2,7,20,17,73,72,7,0.04375
146,59,3,7,26,18,96,94,4,0.025
146,60,4,7,15,16,88,90,7,0.04375
146,61,5,7,18,9,79,76,9,0.05625
146,62,6,7,23,17,72,70,10,0.0625
146,63,7,7,12,20,43,44,6,0.0375
147,0,0,0,14,25,58,60,1,0.00625
147,1,1,0,16,18,78,75,2,0.0125
147,2,2,0,20,17,97,101,3,0.01875
147,3,3,0,24,18,107,105,2,0.0125
147,4,4,0,24,18,110,110,2,0.0125
147,5,5,0,17,18,95,97,2,0.0125
147,6,6,0,22,14,79,80,7,0.04375
147,7,7,0,13,20,48,48,4,0.025
147,8,0,1,22,22,90,89,7,0.04375
147,9,1,1,17,14,96,93,6,0.0375
147,10,2,1,21,11,122,121,6,0.0375
147,11,3,1,20,9,118,122,1,0.00625
147,12,4,1,18,18,127,126,6,0.0375
147,13,5,1,20,17,111,108,9,0.05625
147,14,6,1,16,27,100,97,10,0.0625
147,15,7,1,15,25,76,78,3,0.01875
147,16,0,2,23,16,105,108,7,0.04375
147,17,1,2,17,22,121,122,5,0.03125
147,18,2,2,16,17,133,132,4,0.025
147,19,3,2,16,15,137,135,7,0.04375
147,20,4,2,21,14,150,155,4,0.025
147,21,5,2,17,13,122,118,9,0.05625
147,22,6,2,13,19,108,112,6,0.0375
147,23,7,2,5,14,81,82,3,0.01875
147,24,0,3,10,17,96,99,4,0.025
147,25,1,3,16,19,122,124,7,0.04375
147,26,2,3,22,22,140,139,5,0.03125
147,27,3,3,21,13,146,143,8,0.05
147,28,4,3,21,13,163,161,4,0.025
147,29,5,3,19,15,136,138,1,0.00625
147,30,6,3,21,16,130,126,9,0.05625
147,31,7,3,12,16,98,99,5,0.03125
147,32,0,4,16,14,100,100,4,0.025
147,33,1,4,27,19,133,133,9,0.05625
147,34,2,4,15,19,143,145,2,0.0125
147,35,3,4,22,21,147,143,6,0.0375
147,36,4,4,25,22,157,157,4,0.025
147,37,5,4,23,18,137,135,10,0.0625
147,38,6,4,9,18,117,117,9,0.05625
147,39,7,4,13,25,100,101,5,0.03125
147,40,0,5,6,21,80,84,5,0.03125
147,41,1,5,10,26,97,98,6,0.0375
147,42,2,5,14,15,114,113,7,0.04375
147,43,3,5,24,11,125,121,6,0.0375
147,44,4,5,22,16,146,142,5,0.03125
147,45,5,5,17,16,137,137,4,0.025
147,46,6,5,17,10,117,118,7,0.04375
147,47,7,5,28,16,103,102,5,0.03125
147,48,0,6,1,18,63,59,8,0.05
147,49,1,6,1,11,59,60,8,0.05
147,50,2,6,8,11,86,86,11,0.06875
147,51,3,6,23,11,96,93,12,0.075
147,52,4,6,24,16,116,114,8,0.05
147,53,5,6,19,16,111,107,9,0.05625
147,54,6,6,16,17,89,84,14,0.0875
147,55,7,6,12,16,70,76,4,0.025
147,56,0,7,12,19,45,48,3,0.01875
147,57,1,7,11,13,57,59,9,0.05625
147,58,2,7,20,15,84,85,6,0.0375
147,59,3,7,16,7,85,84,5,0.03125
147,60,4,7,24,23,104,107,5,0.03125
147,61,5,7,19,24,88,91,4,0.025
147,62,6,7,11,16,65,68,7,0.04375
147,63,7,7,11,19,53,54,4,0.025
