sample_idx,router_id,x,y,injected,ejected,received_total,sent_total,stored_total,buffer_occupancy_norm
0,0,0,0,20,16,45,41,3,0.01875
0,1,1,0,16,14,68,59,9,0.05625
0,2,2,0,28,15,102,93,8,0.05
0,3,3,0,37,15,110,104,6,0.0375
0,4,4,0,37,10,102,95,6,0.0375
0,5,5,0,27,10,86,77,7,0.04375
0,6,6,0,14,13,69,61,7,0.04375
0,7,7,0,19,17,53,47,6,0.0375
0,8,0,1,23,18,75,70,4,0.025
0,9,1,1,15,10,83,75,7,0.04375
0,10,2,1,19,14,119,109,10,0.0625
0,11,3,1,37,18,131,121,7,0.04375
0,12,4,1,34,14,125,116,7,0.04375
0,13,5,1,23,15,104,94,8,0.05
0,14,6,1,19,16,97,86,9,0.05625
0,15,7,1,19,13,77,68,8,0.05
0,16,0,2,21,11,90,84,6,0.0375
0,17,1,2,21,17,102,95,6,0.0375
0,18,2,2,23,12,131,122,8,0.05
0,19,3,2,33,17,140,133,6,0.0375
0,20,4,2,37,11,145,135,8,0.05
0,21,5,2,29,15,126,118,7,0.04375
0,22,6,2,17,12,111,100,10,0.0625
0,23,7,2,23,13,95,90,4,0.025
0,24,0,3,26,18,105,99,6,0.0375
0,25,1,3,21,18,118,108,10,0.0625
0,26,2,3,28,15,146,135,9,0.05625
0,27,3,3,34,14,146,137,9,0.05625
0,28,4,3,34,10,143,133,8,0.05
0,29,5,3,25,17,133,126,6,0.0375
0,30,6,3,15,13,110,99,11,0.06875
0,31,7,3,25,23,100,94,6,0.0375
0,32,0,4,26,18,100,96,3,0.01875
0,33,1,4,16,17,117,109,8,0.05
0,34,2,4,26,17,140,131,7,0.04375
0,35,3,4,37,13,148,137,9,0.05625
0,36,4,4,31,11,140,132,7,0.04375
0,37,5,4,27,14,145,133,9,0.05625
0,38,6,4,19,17,122,112,10,0.0625
0,39,7,4,28,12,96,88,8,0.05
0,40,0,5,25,9,86,79,7,0.04375
0,41,1,5,25,10,115,110,4,0.025
0,42,2,5,33,9,139,129,9,0.05625
0,43,3,5,29,11,141,132,7,0.04375
0,44,4,5,28,14,126,117,9,0.05625
0,45,5,5,19,19,127,120,6,0.0375
0,46,6,5,15,14,104,94,7,0.04375
0,47,7,5,19,18,80,74,4,0.025
0,48,0,6,19,14,69,59,10,0.0625
0,49,1,6,15,18,99,88,10,0.0625
0,50,2,6,29,14,116,106,10,0.0625
0,51,3,6,37,17,132,123,8,0.05
0,52,4,6,30,15,124,118,5,0.03125
0,53,5,6,29,11,118,109,6,0.0375
0,54,6,6,16,17,96,86,10,0.0625
0,55,7,6,21,7,61,57,4,0.025
0,56,0,7,20,18,45,40,5,0.03125
0,57,1,7,24,13,74,64,9,0.05625
0,58,2,7,23,14,91,85,5,0.03125
0,59,3,7,28,12,98,91,6,0.0375
0,60,4,7,31,12,101,94,5,0.03125
0,61,5,7,27,14,90,83,7,0.04375
0,62,6,7,16,10,65,57,8,0.05
0,63,7,7,20,15,43,40,3,0.01875
1,0,0,0,11,20,48,48,4,0.025
1,1,1,0,10,19,75,77,7,0.04375
1,2,2,0,29,24,107,111,5,0.03125
1,3,3,0,40,12,108,108,5,0.03125
1,4,4,0,30,14,96,96,3,0.01875
1,5,5,0,17,15,74,74,8,0.05
1,6,6,0,4,16,58,57,9,0.05625
1,7,7,0,8,24,45,46,5,0.03125
1,8,0,1,7,18,61,61,5,0.03125
1,9,1,1,12,13,86,82,11,0.06875
1,10,2,1,12,7,94,95,8,0.05
1,11,3,1,40,27,132,132,7,0.04375
1,12,4,1,30,15,119,120,6,0.0375
1,13,5,1,21,20,103,104,7,0.04375
1,14,6,1,2,18,88,85,13,0.08125
1,15,7,1,7,18,70,74,4,0.025
1,16,0,2,6,17,80,82,4,0.025
1,17,1,2,7,16,109,104,10,0.0625
1,18,2,2,20,15,118,118,8,0.05
1,19,3,2,32,14,144,143,7,0.04375
1,20,4,2,42,19,150,147,11,0.06875
1,21,5,2,16,19,124,125,6,0.0375
1,22,6,2,13,15,113,113,9,0.05625
1,23,7,2,8,17,86,85,6,0.0375
1,24,0,3,7,20,95,92,7,0.04375
1,25,1,3,6,12,108,106,11,0.06875
1,26,2,3,19,20,132,132,9,0.05625
1,27,3,3,19,16,149,148,9,0.05625
1,28,4,3,39,14,154,155,8,0.05
1,29,5,3,15,19,141,137,9,0.05625
1,30,6,3,9,10,121,122,8,0.05
1,31,7,3,9,19,95,98,3,0.01875
1,32,0,4,6,19,97,96,5,0.03125
1,33,1,4,11,11,110,108,10,0.0625
1,34,2,4,18,23,135,135,7,0.04375
1,35,3,4,32,12,149,151,9,0.05625
1,36,4,4,23,7,127,123,8,0.05
1,37,5,4,11,6,105,112,5,0.03125
1,38,6,4,9,20,115,113,11,0.06875
1,39,7,4,4,19,84,87,3,0.01875
1,40,0,5,9,19,90,88,9,0.05625
1,41,1,5,11,20,109,102,11,0.06875
1,42,2,5,23,13,129,129,10,0.0625
1,43,3,5,35,10,148,147,7,0.04375
1,44,4,5,34,17,135,135,6,0.0375
1,45,5,5,16,13,113,113,6,0.0375
1,46,6,5,10,17,110,107,11,0.06875
1,47,7,5,7,19,77,77,5,0.03125
1,48,0,6,10,16,66,68,8,0.05
1,49,1,6,7,18,70,69,11,0.06875
1,50,2,6,12,16,95,95,8,0.05
1,51,3,6,25,25,120,119,10,0.0625
1,52,4,6,27,14,113,109,9,0.05625
1,53,5,6,11,11,82,84,6,0.0375
1,54,6,6,5,15,68,67,10,0.0625
1,55,7,6,3,14,49,48,4,0.025
1,56,0,7,12,14,44,45,3,0.01875
1,57,1,7,4,14,56,58,8,0.05
1,58,2,7,28,16,93,91,7,0.04375
1,59,3,7,38,19,113,112,7,0.04375
1,60,4,7,29,18,100,98,8,0.05
1,61,5,7,11,12,69,68,7,0.04375
1,62,6,7,6,13,54,54,8,0.05
1,63,7,7,7,12,32,31,4,0.025
2,0,0,0,10,15,40,39,5,0.03125
2,1,1,0,7,15,62,60,9,0.05625
2,2,2,0,14,14,79,78,6,0.0375
2,3,3,0,42,11,103,101,6,0.0375
2,4,4,0,43,16,113,110,8,0.05
2,5,5,0,18,17,86,88,5,0.03125
2,6,6,0,11,20,67,66,9,0.05625
2,7,7,0,12,19,48,49,4,0.025
2,8,0,1,11,19,70,70,4,0.025
2,9,1,1,8,12,90,94,5,0.03125
2,10,2,1,30,13,114,113,8,0.05
2,11,3,1,34,34,135,134,9,0.05625
2,12,4,1,24,17,119,120,5,0.03125
2,13,5,1,10,18,94,95,7,0.04375
2,14,6,1,5,20,81,88,6,0.0375
2,15,7,1,5,17,60,60,4,0.025
2,16,0,2,6,23,81,80,5,0.03125
2,17,1,2,5,19,85,87,10,0.0625
2,18,2,2,9,17,104,104,8,0.05
2,19,3,2,26,11,143,143,7,0.04375
2,20,4,2,38,21,150,156,6,0.0375
2,21,5,2,19,15,122,121,6,0.0375
2,22,6,2,9,17,113,114,10,0.0625
2,23,7,2,7,17,71,70,6,0.0375
2,24,0,3,6,19,96,99,6,0.0375
2,25,1,3,5,14,105,107,10,0.0625
2,26,2,3,15,16,121,122,9,0.05625
2,27,3,3,27,16,153,154,9,0.05625
2,28,4,3,38,14,155,156,8,0.05
2,29,5,3,23,16,135,138,8,0.05
2,30,6,3,11,17,125,125,7,0.04375
2,31,7,3,8,12,76,72,6,0.0375
2,32,0,4,17,16,98,98,3,0.01875
2,33,1,4,3,17,104,106,8,0.05
2,34,2,4,13,14,121,119,8,0.05
2,35,3,4,36,20,157,156,8,0.05
2,36,4,4,29,13,139,144,6,0.0375
2,37,5,4,9,16,126,122,7,0.04375
2,38,6,4,6,24,117,120,9,0.05625
2,39,7,4,11,21,88,89,4,0.025
2,40,0,5,10,18,81,85,4,0.025
2,41,1,5,4,19,94,98,8,0.05
2,42,2,5,21,16,112,115,6,0.0375
2,43,3,5,43,12,146,146,10,0.0625
2,44,4,5,29,15,142,139,11,0.06875
2,45,5,5,21,18,122,120,9,0.05625
2,46,6,5,13,20,108,111,9,0.05625
2,47,7,5,12,13,84,85,4,0.025
2,48,0,6,9,19,53,58,3,0.01875
2,49,1,6,12,23,83,85,8,0.05
2,50,2,6,24,14,95,96,7,0.04375
2,51,3,6,28,18,113,112,11,0.06875
2,52,4,6,13,15,98,99,8,0.05
2,53,5,6,6,10,74,73,8,0.05
2,54,6,6,4,16,74,77,8,0.05
2,55,7,6,2,13,63,61,6,0.0375
2,56,0,7,6,10,23,24,3,0.01875
2,57,1,7,12,14,47,47,7,0.04375
2,58,2,7,12,16,63,66,5,0.03125
2,59,3,7,39,16,90,88,10,0.0625
2,60,4,7,18,17,87,87,9,0.05625
2,61,5,7,15,11,76,74,9,0.05625
2,62,6,7,6,22,63,63,8,0.05
2,63,7,7,8,20,45,44,4,0.025
3,0,0,0,6,15,34,35,3,0.01875
3,1,1,0,6,14,52,54,7,0.04375
3,2,2,0,20,17,89,89,6,0.0375
3,3,3,0,41,17,113,115,6,0.0375
3,4,4,0,38,16,108,111,7,0.04375
3,5,5,0,16,14,85,83,8,0.05
3,6,6,0,6,18,60,64,6,0.0375
3,7,7,0,10,10,37,36,4,0.025
3,8,0,1,10,9,59,59,5,0.03125
3,9,1,1,10,20,88,88,8,0.05
3,10,2,1,18,18,109,109,9,0.05625
3,11,3,1,36,34,148,153,4,0.025
3,12,4,1,34,15,131,130,6,0.0375
3,13,5,1,18,19,107,105,10,0.0625
3,14,6,1,9,20,83,82,8,0.05
3,15,7,1,11,16,61,63,3,0.01875
3,16,0,2,10,18,77,76,5,0.03125
3,17,1,2,10,12,106,103,11,0.06875
3,18,2,2,23,9,127,129,7,0.04375
3,19,3,2,40,15,166,165,8,0.05
3,20,4,2,26,20,141,139,8,0.05
3,21,5,2,18,15,121,119,10,0.0625
3,22,6,2,3,11,89,91,8,0.05
3,23,7,2,13,19,84,86,5,0.03125
3,24,0,3,3,29,82,84,3,0.01875
3,25,1,3,11,17,112,114,5,0.03125
3,26,2,3,9,10,112,112,8,0.05
3,27,3,3,23,13,147,147,9,0.05625
3,28,4,3,41,12,150,148,9,0.05625
3,29,5,3,17,22,136,134,9,0.05625
3,30,6,3,9,17,113,111,10,0.0625
3,31,7,3,15,12,87,89,4,0.025
3,32,0,4,2,15,82,80,7,0.04375
3,33,1,4,11,17,111,108,9,0.05625
3,34,2,4,20,14,115,117,8,0.05
3,35,3,4,41,13,148,150,6,0.0375
3,36,4,4,30,13,131,130,6,0.0375
3,37,5,4,12,14,114,115,7,0.04375
3,38,6,4,9,23,107,107,8,0.05
3,39,7,4,5,16,75,74,5,0.03125
3,40,0,5,8,16,79,80,4,0.025
3,41,1,5,14,15,108,106,9,0.05625
3,42,2,5,14,20,110,109,8,0.05
3,43,3,5,45,15,139,137,9,0.05625
3,44,4,5,22,14,112,116,7,0.04375
3,45,5,5,12,10,101,102,7,0.04375
3,46,6,5,5,16,91,91,9,0.05625
3,47,7,5,4,14,63,64,4,0.025
3,48,0,6,6,18,61,59,5,0.03125
3,49,1,6,5,15,73,73,9,0.05625
3,50,2,6,11,18,82,83,7,0.04375
3,51,3,6,36,13,108,110,8,0.05
3,52,4,6,27,14,102,101,9,0.05625
3,53,5,6,11,17,85,85,8,0.05
3,54,6,6,8,15,77,76,8,0.05
3,55,7,6,5,19,50,52,4,0.025
3,56,0,7,3,12,29,27,4,0.025
3,57,1,7,4,16,48,48,8,0.05
3,58,2,7,12,14,55,52,7,0.04375
3,59,3,7,53,15,76,77,8,0.05
3,60,4,7,0,14,46,45,9,0.05625
3,61,5,7,0,14,35,37,8,0.05
3,62,6,7,1,17,36,35,9,0.05625
3,63,7,7,1,16,24,25,4,0.025
4,0,0,0,7,14,36,34,6,0.0375
4,1,1,0,10,15,62,61,8,0.05
4,2,2,0,19,17,87,83,9,0.05625
4,3,3,0,48,19,112,111,7,0.04375
4,4,4,0,29,9,93,92,6,0.0375
4,5,5,0,13,18,79,80,8,0.05
4,6,6,0,8,16,59,57,7,0.04375
4,7,7,0,5,12,32,33,4,0.025
4,8,0,1,9,17,73,67,9,0.05625
4,9,1,1,7,24,95,93,9,0.05625
4,10,2,1,24,17,105,105,8,0.05
4,11,3,1,35,38,141,138,7,0.04375
4,12,4,1,29,14,117,119,5,0.03125
4,13,5,1,10,13,100,103,7,0.04375
4,14,6,1,11,18,72,74,6,0.0375
4,15,7,1,6,14,56,51,8,0.05
4,16,0,2,9,13,85,84,7,0.04375
4,17,1,2,11,16,107,113,6,0.0375
4,18,2,2,23,14,127,126,6,0.0375
4,19,3,2,39,15,155,156,7,0.04375
4,20,4,2,25,15,124,125,7,0.04375
4,21,5,2,6,13,111,112,7,0.04375
4,22,6,2,16,9,87,86,8,0.05
4,23,7,2,4,19,68,63,10,0.0625
4,24,0,3,11,11,96,91,7,0.04375
4,25,1,3,7,18,112,110,9,0.05625
4,26,2,3,19,11,129,128,9,0.05625
4,27,3,3,33,8,141,140,9,0.05625
4,28,4,3,38,16,146,148,6,0.0375
4,29,5,3,17,20,137,140,6,0.0375
4,30,6,3,16,14,103,108,6,0.0375
4,31,7,3,7,9,83,80,8,0.05
4,32,0,4,8,19,98,100,5,0.03125
4,33,1,4,9,9,113,114,9,0.05625
4,34,2,4,28,22,142,143,5,0.03125
4,35,3,4,37,10,145,142,9,0.05625
4,36,4,4,26,13,138,138,6,0.0375
4,37,5,4,20,25,130,129,8,0.05
4,38,6,4,4,12,91,88,9,0.05625
4,39,7,4,7,19,91,91,5,0.03125
4,40,0,5,6,18,87,86,4,0.025
4,41,1,5,9,9,95,96,9,0.05625
4,42,2,5,9,17,112,115,5,0.03125
4,43,3,5,46,7,129,131,8,0.05
4,44,4,5,24,21,123,126,5,0.03125
4,45,5,5,15,13,110,110,7,0.04375
4,46,6,5,13,16,93,95,6,0.0375
4,47,7,5,5,14,86,86,4,0.025
4,48,0,6,15,15,74,75,4,0.025
4,49,1,6,8,12,79,81,8,0.05
4,50,2,6,18,12,99,99,8,0.05
4,51,3,6,22,14,108,102,15,0.09375
4,52,4,6,21,13,97,98,8,0.05
4,53,5,6,18,21,93,92,8,0.05
4,54,6,6,5,15,71,72,8,0.05
4,55,7,6,10,20,68,68,5,0.03125
4,56,0,7,11,25,47,48,4,0.025
4,57,1,7,7,25,59,59,7,0.04375
4,58,2,7,10,17,62,61,8,0.05
4,59,3,7,43,21,83,83,8,0.05
4,60,4,7,6,11,54,56,8,0.05
4,61,5,7,4,6,40,39,8,0.05
4,62,6,7,2,16,38,39,8,0.05
4,63,7,7,1,17,29,28,5,0.03125
5,0,0,0,8,18,43,41,8,0.05
5,1,1,0,7,13,60,59,9,0.05625
5,2,2,0,19,10,81,83,8,0.05
5,3,3,0,35,15,100,101,6,0.0375
5,4,4,0,27,13,93,91,9,0.05625
5,5,5,0,16,19,84,84,8,0.05
5,6,6,0,4,16,57,56,8,0.05
5,7,7,0,12,16,43,43,4,0.025
5,8,0,1,11,13,64,64,9,0.05625
5,9,1,1,11,7,71,72,8,0.05
5,10,2,1,15,11,94,93,9,0.05625
5,11,3,1,31,32,139,140,8,0.05
5,12,4,1,34,14,121,120,5,0.03125
5,13,5,1,18,8,100,96,9,0.05625
5,14,6,1,5,18,76,74,8,0.05
5,15,7,1,12,11,56,58,6,0.0375
5,16,0,2,11,16,80,82,5,0.03125
5,17,1,2,12,19,90,90,7,0.04375
5,18,2,2,13,18,107,106,8,0.05
5,19,3,2,34,20,152,149,9,0.05625
5,20,4,2,33,14,134,136,4,0.025
5,21,5,2,31,16,127,128,7,0.04375
5,22,6,2,7,9,88,86,11,0.06875
5,23,7,2,9,19,72,76,5,0.03125
5,24,0,3,10,10,82,85,3,0.01875
5,25,1,3,10,15,105,104,10,0.0625
5,26,2,3,26,9,121,122,10,0.0625
5,27,3,3,30,9,151,151,8,0.05
5,28,4,3,32,17,146,141,10,0.0625
5,29,5,3,17,20,132,128,9,0.05625
5,30,6,3,9,15,94,92,9,0.05625
5,31,7,3,10,14,80,81,6,0.0375
5,32,0,4,9,7,77,77,4,0.025
5,33,1,4,12,7,106,108,8,0.05
5,34,2,4,15,19,124,121,8,0.05
5,35,3,4,40,13,162,163,9,0.05625
5,36,4,4,34,17,144,144,8,0.05
5,37,5,4,12,16,125,128,5,0.03125
5,38,6,4,9,16,92,94,8,0.05
5,39,7,4,10,16,81,79,6,0.0375
5,40,0,5,10,18,78,77,5,0.03125
5,41,1,5,5,17,99,99,9,0.05625
5,42,2,5,21,12,106,106,5,0.03125
5,43,3,5,33,22,135,133,10,0.0625
5,44,4,5,25,11,117,112,8,0.05
5,45,5,5,14,6,108,106,8,0.05
5,46,6,5,6,9,78,75,10,0.0625
5,47,7,5,9,16,66,65,4,0.025
5,48,0,6,1,15,50,51,2,0.0125
5,49,1,6,5,15,61,61,7,0.04375
5,50,2,6,5,13,73,73,6,0.0375
5,51,3,6,36,13,101,104,11,0.06875
5,52,4,6,24,17,86,87,7,0.04375
5,53,5,6,4,21,69,68,9,0.05625
5,54,6,6,4,17,51,52,6,0.0375
5,55,7,6,4,12,38,37,5,0.03125
5,56,0,7,4,22,30,29,4,0.025
5,57,1,7,2,16,29,28,8,0.05
5,58,2,7,0,13,27,28,8,0.05
5,59,3,7,17,16,45,43,11,0.06875
5,60,4,7,7,13,37,37,8,0.05
5,61,5,7,8,12,34,35,8,0.05
5,62,6,7,2,14,27,28,7,0.04375
5,63,7,7,3,15,19,21,3,0.01875
6,0,0,0,19,19,63,67,4,0.025
6,1,1,0,21,21,103,102,10,0.0625
6,2,2,0,29,20,134,136,6,0.0375
6,3,3,0,36,22,155,152,8,0.05
6,4,4,0,31,27,145,149,5,0.03125
6,5,5,0,19,18,118,116,8,0.05
6,6,6,0,17,25,90,91,8,0.05
6,7,7,0,18,18,56,56,4,0.025
6,8,0,1,21,23,104,111,4,0.025
6,9,1,1,24,31,146,144,10,0.0625
6,10,2,1,26,29,157,160,7,0.04375
6,11,3,1,38,61,207,201,12,0.075
6,12,4,1,30,23,162,161,6,0.0375
6,13,5,1,26,23,152,154,8,0.05
6,14,6,1,16,33,129,127,8,0.05
6,15,7,1,15,20,93,95,4,0.025
6,16,0,2,21,19,127,127,4,0.025
6,17,1,2,21,29,180,175,10,0.0625
6,18,2,2,24,28,184,183,9,0.05625
6,19,3,2,39,27,235,234,11,0.06875
6,20,4,2,31,10,185,183,8,0.05
6,21,5,2,23,33,201,197,10,0.0625
6,22,6,2,22,17,154,156,8,0.05
6,23,7,2,22,23,127,129,4,0.025
6,24,0,3,20,34,130,130,4,0.025
6,25,1,3,16,24,179,178,10,0.0625
6,26,2,3,26,22,189,189,10,0.0625
6,27,3,3,39,30,248,247,11,0.06875
6,28,4,3,37,23,198,203,7,0.04375
6,29,5,3,22,21,203,205,9,0.05625
6,30,6,3,19,21,162,160,9,0.05625
6,31,7,3,18,20,134,135,5,0.03125
6,32,0,4,27,28,136,136,5,0.03125
6,33,1,4,17,29,190,185,11,0.06875
6,34,2,4,28,30,202,205,8,0.05
6,35,3,4,34,26,260,261,7,0.04375
6,36,4,4,32,22,211,212,6,0.0375
6,37,5,4,31,38,211,205,11,0.06875
6,38,6,4,18,23,163,161,10,0.0625
6,39,7,4,23,23,139,141,5,0.03125
6,40,0,5,27,33,130,132,4,0.025
6,41,1,5,23,19,174,174,9,0.05625
6,42,2,5,26,25,196,191,10,0.0625
6,43,3,5,31,21,243,247,7,0.04375
6,44,4,5,34,22,211,216,5,0.03125
6,45,5,5,22,18,177,176,9,0.05625
6,46,6,5,24,24,149,152,7,0.04375
6,47,7,5,19,32,124,124,5,0.03125
6,48,0,6,23,20,102,97,8,0.05
6,49,1,6,18,30,137,137,7,0.04375
6,50,2,6,22,23,159,157,8,0.05
6,51,3,6,36,29,210,213,8,0.05
6,52,4,6,26,20,173,173,7,0.04375
6,53,5,6,30,24,148,148,9,0.05625
6,54,6,6,14,23,120,119,8,0.05
6,55,7,6,16,17,88,89,4,0.025
6,56,0,7,18,27,70,70,5,0.03125
6,57,1,7,18,24,101,101,8,0.05
6,58,2,7,29,23,131,129,8,0.05
6,59,3,7,35,25,156,160,7,0.04375
6,60,4,7,40,27,158,160,5,0.03125
6,61,5,7,36,22,133,132,8,0.05
6,62,6,7,22,20,96,95,8,0.05
6,63,7,7,20,30,66,65,4,0.025
7,0,0,0,10,17,44,44,4,0.025
7,1,1,0,12,18,65,65,9,0.05625
7,2,2,0,14,17,80,78,8,0.05
7,3,3,0,34,17,100,101,7,0.04375
7,4,4,0,34,9,96,94,6,0.0375
7,5,5,0,12,17,75,78,7,0.04375
7,6,6,0,12,19,59,59,6,0.0375
7,7,7,0,4,17,32,31,5,0.03125
7,8,0,1,7,15,60,60,3,0.01875
7,9,1,1,9,15,81,78,14,0.0875
7,10,2,1,15,15,91,89,9,0.05625
7,11,3,1,27,25,115,119,9,0.05625
7,12,4,1,21,14,104,103,8,0.05
7,13,5,1,10,10,95,95,9,0.05625
7,14,6,1,5,15,89,91,8,0.05
7,15,7,1,10,14,62,63,3,0.01875
7,16,0,2,11,13,73,74,4,0.025
7,17,1,2,7,11,101,99,13,0.08125
7,18,2,2,21,18,117,114,11,0.06875
7,19,3,2,36,16,145,146,11,0.06875
7,20,4,2,23,11,120,119,7,0.04375
7,21,5,2,18,19,104,105,10,0.0625
7,22,6,2,1,9,83,83,8,0.05
7,23,7,2,4,13,68,65,5,0.03125
7,24,0,3,11,13,85,85,5,0.03125
7,25,1,3,15,20,129,132,9,0.05625
7,26,2,3,24,12,137,138,6,0.0375
7,27,3,3,32,16,167,168,7,0.04375
7,28,4,3,23,25,141,139,9,0.05625
7,29,5,3,12,12,106,107,7,0.04375
7,30,6,3,0,24,102,104,7,0.04375
7,31,7,3,7,21,79,80,5,0.03125
7,32,0,4,4,21,83,84,3,0.01875
7,33,1,4,11,6,109,113,9,0.05625
7,34,2,4,15,13,120,121,6,0.0375
7,35,3,4,33,18,160,160,8,0.05
7,36,4,4,28,11,139,139,5,0.03125
7,37,5,4,11,12,111,116,6,0.0375
7,38,6,4,13,19,109,111,10,0.0625
7,39,7,4,5,20,83,83,5,0.03125
7,40,0,5,8,13,83,80,6,0.0375
7,41,1,5,7,23,115,110,14,0.0875
7,42,2,5,23,15,118,116,12,0.075
7,43,3,5,38,17,152,151,8,0.05
7,44,4,5,33,10,130,130,5,0.03125
7,45,5,5,10,19,113,115,8,0.05
7,46,6,5,3,13,96,95,9,0.05625
7,47,7,5,8,18,77,75,6,0.0375
7,48,0,6,10,20,64,68,3,0.01875
7,49,1,6,9,17,94,92,9,0.05625
7,50,2,6,18,13,99,102,7,0.04375
7,51,3,6,37,16,130,130,8,0.05
7,52,4,6,40,14,123,123,6,0.0375
7,53,5,6,11,26,107,109,6,0.0375
7,54,6,6,6,19,78,76,8,0.05
7,55,7,6,12,16,57,57,5,0.03125
7,56,0,7,12,13,38,39,4,0.025
7,57,1,7,7,20,67,67,8,0.05
7,58,2,7,16,18,81,86,5,0.03125
7,59,3,7,37,15,104,106,4,0.025
7,60,4,7,32,12,99,97,7,0.04375
7,61,5,7,13,17,85,85,9,0.05625
7,62,6,7,10,13,59,59,8,0.05
7,63,7,7,9,13,37,38,3,0.01875
8,0,0,0,7,11,26,26,4,0.025
8,1,1,0,15,22,64,67,6,0.0375
8,2,2,0,23,13,82,83,4,0.025
8,3,3,0,36,13,102,105,4,0.025
8,4,4,0,32,11,102,102,6,0.0375
8,5,5,0,18,15,85,87,5,0.03125
8,6,6,0,7,16,62,64,6,0.0375
8,7,7,0,14,16,46,48,3,0.01875
8,8,0,1,11,11,49,49,4,0.025
8,9,1,1,11,22,101,102,11,0.06875
8,10,2,1,32,23,124,124,9,0.05625
8,11,3,1,28,32,136,134,11,0.06875
8,12,4,1,16,20,107,106,9,0.05625
8,13,5,1,4,17,84,84,8,0.05
8,14,6,1,3,15,65,65,7,0.04375
8,15,7,1,7,13,57,55,4,0.025
8,16,0,2,2,12,57,55,5,0.03125
8,17,1,2,12,19,111,116,9,0.05625
8,18,2,2,17,11,115,120,6,0.0375
8,19,3,2,28,18,147,149,8,0.05
8,20,4,2,40,13,138,140,6,0.0375
8,21,5,2,14,18,122,123,10,0.0625
8,22,6,2,11,14,93,93,8,0.05
8,23,7,2,7,26,79,81,4,0.025
8,24,0,3,11,17,76,78,3,0.01875
8,25,1,3,10,20,133,130,11,0.06875
8,26,2,3,20,29,147,149,7,0.04375
8,27,3,3,35,17,163,163,8,0.05
8,28,4,3,33,8,135,135,9,0.05625
8,29,5,3,9,19,121,117,10,0.0625
8,30,6,3,10,12,96,97,8,0.05
8,31,7,3,5,21,89,89,5,0.03125
8,32,0,4,10,8,71,70,4,0.025
8,33,1,4,12,14,117,115,11,0.06875
8,34,2,4,22,14,135,132,8,0.05
8,35,3,4,35,18,157,157,6,0.0375
8,36,4,4,29,17,126,125,7,0.04375
8,37,5,4,14,14,124,120,8,0.05
8,38,6,4,2,16,100,99,10,0.0625
8,39,7,4,9,12,96,93,6,0.0375
8,40,0,5,8,19,69,70,5,0.03125
8,41,1,5,6,13,97,100,9,0.05625
8,42,2,5,19,9,106,108,9,0.05625
8,43,3,5,29,8,133,134,7,0.04375
8,44,4,5,23,15,118,116,5,0.03125
8,45,5,5,12,12,114,114,8,0.05
8,46,6,5,9,15,89,89,8,0.05
8,47,7,5,4,19,83,83,6,0.0375
8,48,0,6,8,12,48,47,4,0.025
8,49,1,6,5,16,79,76,11,0.06875
8,50,2,6,22,14,89,91,3,0.01875
8,51,3,6,19,21,110,113,6,0.0375
8,52,4,6,26,11,109,110,5,0.03125
8,53,5,6,13,16,102,100,8,0.05
8,54,6,6,8,16,78,79,8,0.05
8,55,7,6,4,14,65,64,6,0.0375
8,56,0,7,6,15,29,29,4,0.025
8,57,1,7,9,18,60,61,8,0.05
8,58,2,7,22,11,80,78,6,0.0375
8,59,3,7,47,21,116,116,4,0.025
8,60,4,7,16,16,88,90,6,0.0375
8,61,5,7,15,16,68,69,6,0.0375
8,62,6,7,2,13,41,41,8,0.05
8,63,7,7,5,16,36,35,4,0.025
9,0,0,0,11,10,39,40,2,0.0125
9,1,1,0,7,16,69,68,7,0.04375
9,2,2,0,29,8,87,87,7,0.04375
9,3,3,0,25,18,103,101,6,0.0375
9,4,4,0,40,15,110,110,5,0.03125
9,5,5,0,21,15,88,87,6,0.0375
9,6,6,0,11,16,57,55,8,0.05
9,7,7,0,3,15,33,33,3,0.01875
9,8,0,1,6,17,57,54,6,0.0375
9,9,1,1,7,20,91,93,10,0.0625
9,10,2,1,24,22,110,108,10,0.0625
9,11,3,1,38,27,138,141,8,0.05
9,12,4,1,27,19,122,120,11,0.06875
9,13,5,1,10,20,99,101,6,0.0375
9,14,6,1,8,14,67,68,7,0.04375
9,15,7,1,5,19,59,59,4,0.025
9,16,0,2,10,26,79,78,5,0.03125
9,17,1,2,10,17,116,114,10,0.0625
9,18,2,2,14,11,119,117,8,0.05
9,19,3,2,40,11,153,155,6,0.0375
9,20,4,2,33,15,151,148,8,0.05
9,21,5,2,11,24,131,130,10,0.0625
9,22,6,2,12,21,93,92,10,0.0625
9,23,7,2,10,17,84,83,6,0.0375
9,24,0,3,3,18,81,78,6,0.0375
9,25,1,3,12,24,119,119,9,0.05625
9,26,2,3,16,18,131,126,10,0.0625
9,27,3,3,32,19,165,166,7,0.04375
9,28,4,3,34,13,155,157,7,0.04375
9,29,5,3,24,14,139,142,9,0.05625
9,30,6,3,11,17,107,103,10,0.0625
9,31,7,3,9,11,92,91,5,0.03125
9,32,0,4,4,16,85,81,8,0.05
9,33,1,4,5,12,108,108,10,0.0625
9,34,2,4,12,18,123,123,8,0.05
9,35,3,4,30,16,162,160,9,0.05625
9,36,4,4,38,15,155,153,7,0.04375
9,37,5,4,17,20,140,143,7,0.04375
9,38,6,4,14,13,113,112,11,0.06875
9,39,7,4,9,18,93,93,7,0.04375
9,40,0,5,6,13,73,74,5,0.03125
9,41,1,5,11,25,117,117,11,0.06875
9,42,2,5,22,10,127,130,5,0.03125
9,43,3,5,40,19,172,171,7,0.04375
9,44,4,5,26,17,144,141,9,0.05625
9,45,5,5,14,18,120,117,10,0.0625
9,46,6,5,9,16,92,92,9,0.05625
9,47,7,5,6,12,76,77,5,0.03125
9,48,0,6,10,18,66,67,4,0.025
9,49,1,6,10,18,96,97,11,0.06875
9,50,2,6,33,12,119,117,7,0.04375
9,51,3,6,35,23,152,150,8,0.05
9,52,4,6,25,15,125,123,7,0.04375
9,53,5,6,15,17,94,97,7,0.04375
9,54,6,6,4,15,69,70,8,0.05
9,55,7,6,6,18,65,64,6,0.0375
9,56,0,7,10,18,46,46,3,0.01875
9,57,1,7,9,18,71,71,8,0.05
9,58,2,7,19,18,95,95,6,0.0375
9,59,3,7,38,13,113,115,2,0.0125
9,60,4,7,33,20,114,112,7,0.04375
9,61,5,7,21,12,81,79,8,0.05
9,62,6,7,5,10,56,56,7,0.04375
9,63,7,7,7,17,44,43,5,0.03125
10,0,0,0,10,15,48,45,5,0.03125
10,1,1,0,10,21,67,66,7,0.04375
10,2,2,0,19,16,84,86,5,0.03125
10,3,3,0,47,16,112,113,4,0.025
10,4,4,0,28,16,96,98,5,0.03125
10,5,5,0,10,14,69,67,6,0.0375
10,6,6,0,2,16,51,51,8,0.05
10,7,7,0,11,15,38,37,4,0.025
10,8,0,1,13,15,74,77,4,0.025
10,9,1,1,11,16,92,94,8,0.05
10,10,2,1,21,20,113,117,8,0.05
10,11,3,1,40,30,151,152,7,0.04375
10,12,4,1,34,21,131,135,7,0.04375
10,13,5,1,20,17,96,95,7,0.04375
10,14,6,1,8,19,77,76,7,0.04375
10,15,7,1,4,16,58,59,4,0.025
10,16,0,2,6,24,91,92,6,0.0375
10,17,1,2,9,15,103,100,14,0.0875
10,18,2,2,17,15,113,115,8,0.05
10,19,3,2,35,17,145,144,8,0.05
10,20,4,2,28,13,143,142,8,0.05
10,21,5,2,15,14,107,109,8,0.05
10,22,6,2,6,16,98,99,9,0.05625
10,23,7,2,6,19,86,87,5,0.03125
10,24,0,3,13,13,104,103,7,0.04375
10,25,1,3,22,12,129,129,11,0.06875
10,26,2,3,19,15,128,129,9,0.05625
10,27,3,3,35,19,160,160,8,0.05
10,28,4,3,19,18,154,154,8,0.05
10,29,5,3,13,17,117,118,7,0.04375
10,30,6,3,6,13,99,101,8,0.05
10,31,7,3,10,17,94,95,5,0.03125
10,32,0,4,7,17,90,92,6,0.0375
10,33,1,4,7,17,120,121,10,0.0625
10,34,2,4,19,9,115,115,9,0.05625
10,35,3,4,33,14,156,160,4,0.025
10,36,4,4,27,17,163,162,9,0.05625
10,37,5,4,18,13,122,124,6,0.0375
10,38,6,4,6,17,105,105,9,0.05625
10,39,7,4,9,14,95,96,6,0.0375
10,40,0,5,5,21,78,78,4,0.025
10,41,1,5,8,16,101,104,6,0.0375
10,42,2,5,20,17,108,106,8,0.05
10,43,3,5,38,9,147,147,9,0.05625
10,44,4,5,38,16,149,153,4,0.025
10,45,5,5,14,15,123,126,6,0.0375
10,46,6,5,3,12,97,97,9,0.05625
10,47,7,5,11,15,95,90,10,0.0625
10,48,0,6,3,17,53,53,4,0.025
10,49,1,6,9,18,73,74,10,0.0625
10,50,2,6,10,19,81,80,8,0.05
10,51,3,6,33,22,126,126,8,0.05
10,52,4,6,34,17,134,133,9,0.05625
10,53,5,6,24,26,120,121,6,0.0375
10,54,6,6,5,16,86,85,7,0.04375
10,55,7,6,7,25,82,83,6,0.0375
10,56,0,7,7,14,36,34,5,0.03125
10,57,1,7,6,16,57,56,7,0.04375
10,58,2,7,16,14,79,80,4,0.025
10,59,3,7,32,18,108,104,7,0.04375
10,60,4,7,35,21,108,109,6,0.0375
10,61,5,7,20,16,88,90,6,0.0375
10,62,6,7,10,14,64,64,8,0.05
10,63,7,7,3,22,45,45,5,0.03125
11,0,0,0,9,18,41,43,4,0.025
11,1,1,0,7,20,60,61,8,0.05
11,2,2,0,21,20,89,86,7,0.04375
11,3,3,0,37,20,112,113,3,0.01875
11,4,4,0,36,21,113,112,7,0.04375
11,5,5,0,15,14,78,80,6,0.0375
11,6,6,0,8,17,56,55,7,0.04375
11,7,7,0,4,16,37,36,4,0.025
11,8,0,1,11,24,74,74,4,0.025
11,9,1,1,12,14,89,86,10,0.0625
11,10,2,1,26,15,117,116,9,0.05625
11,11,3,1,29,31,132,130,8,0.05
11,12,4,1,31,19,119,117,8,0.05
11,13,5,1,5,16,84,85,6,0.0375
11,14,6,1,9,18,82,81,8,0.05
11,15,7,1,13,14,66,65,5,0.03125
11,16,0,2,9,12,85,85,5,0.03125
11,17,1,2,4,16,99,102,11,0.06875
11,18,2,2,21,9,122,122,6,0.0375
11,19,3,2,38,14,142,143,6,0.0375
11,20,4,2,20,20,133,136,8,0.05
11,21,5,2,12,15,96,98,7,0.04375
11,22,6,2,1,16,83,83,8,0.05
11,23,7,2,5,19,72,71,5,0.03125
11,24,0,3,14,18,98,100,5,0.03125
11,25,1,3,5,20,118,120,8,0.05
11,26,2,3,22,18,133,135,8,0.05
11,27,3,3,39,12,149,148,9,0.05625
11,28,4,3,37,12,153,151,9,0.05625
11,29,5,3,9,16,110,111,5,0.03125
11,30,6,3,2,11,89,88,9,0.05625
11,31,7,3,2,12,77,77,5,0.03125
11,32,0,4,8,21,96,98,5,0.03125
11,33,1,4,7,14,122,121,10,0.0625
11,34,2,4,14,16,128,129,7,0.04375
11,35,3,4,38,19,154,154,6,0.0375
11,36,4,4,31,16,159,163,6,0.0375
11,37,5,4,22,10,130,126,9,0.05625
11,38,6,4,12,13,104,107,9,0.05625
11,39,7,4,10,14,89,90,4,0.025
11,40,0,5,13,18,89,90,4,0.025
11,41,1,5,5,19,111,111,8,0.05
11,42,2,5,17,19,119,123,5,0.03125
11,43,3,5,25,12,139,139,7,0.04375
11,44,4,5,42,18,166,163,7,0.04375
11,45,5,5,19,11,120,119,8,0.05
11,46,6,5,13,18,97,95,10,0.0625
11,47,7,5,4,18,80,86,4,0.025
11,48,0,6,15,23,71,72,3,0.01875
11,49,1,6,7,16,89,91,8,0.05
11,50,2,6,14,17,108,107,8,0.05
11,51,3,6,20,16,111,110,7,0.04375
11,52,4,6,39,17,143,144,7,0.04375
11,53,5,6,18,16,109,105,8,0.05
11,54,6,6,10,16,73,77,5,0.03125
11,55,7,6,5,25,66,67,4,0.025
11,56,0,7,9,16,35,37,4,0.025
11,57,1,7,9,22,64,64,7,0.04375
11,58,2,7,19,17,92,90,7,0.04375
11,59,3,7,32,13,102,103,5,0.03125
11,60,4,7,28,22,108,107,6,0.0375
11,61,5,7,19,15,76,77,7,0.04375
11,62,6,7,7,14,54,53,9,0.05625
11,63,7,7,9,16,38,39,4,0.025
12,0,0,0,21,21,58,57,4,0.025
12,1,1,0,13,22,82,82,7,0.04375
12,2,2,0,23,27,118,117,9,0.05625
12,3,3,0,30,29,148,147,5,0.03125
12,4,4,0,39,25,154,156,5,0.03125
12,5,5,0,29,22,144,141,7,0.04375
12,6,6,0,25,36,125,126,7,0.04375
12,7,7,0,30,28,79,79,4,0.025
12,8,0,1,15,35,99,98,5,0.03125
12,9,1,1,21,22,124,128,8,0.05
12,10,2,1,28,23,171,171,8,0.05
12,11,3,1,33,36,200,201,9,0.05625
12,12,4,1,34,23,186,185,11,0.06875
12,13,5,1,25,21,171,169,9,0.05625
12,14,6,1,26,32,162,157,13,0.08125
12,15,7,1,22,24,110,109,6,0.0375
12,16,0,2,23,27,128,128,5,0.03125
12,17,1,2,26,26,157,159,8,0.05
12,18,2,2,31,20,198,198,7,0.04375
12,19,3,2,34,23,227,226,6,0.0375
12,20,4,2,33,28,213,214,7,0.04375
12,21,5,2,22,22,195,192,10,0.0625
12,22,6,2,17,23,173,171,10,0.0625
12,23,7,2,19,27,134,134,6,0.0375
12,24,0,3,21,15,123,124,4,0.025
12,25,1,3,17,32,168,171,6,0.0375
12,26,2,3,20,20,207,208,7,0.04375
12,27,3,3,37,28,239,241,7,0.04375
12,28,4,3,37,27,230,232,8,0.05
12,29,5,3,22,28,207,205,8,0.05
12,30,6,3,20,21,184,181,12,0.075
12,31,7,3,25,25,151,149,6,0.0375
12,32,0,4,22,23,131,130,6,0.0375
12,33,1,4,15,21,173,175,8,0.05
12,34,2,4,29,29,218,217,8,0.05
12,35,3,4,30,22,231,230,5,0.03125
12,36,4,4,34,24,240,237,9,0.05625
12,37,5,4,28,15,201,203,8,0.05
12,38,6,4,14,23,170,169,9,0.05625
12,39,7,4,22,31,154,152,6,0.0375
12,40,0,5,26,20,120,118,6,0.0375
12,41,1,5,20,25,143,143,7,0.04375
12,42,2,5,25,18,195,189,10,0.0625
12,43,3,5,26,20,206,204,9,0.05625
12,44,4,5,26,31,214,213,8,0.05
12,45,5,5,24,23,179,181,7,0.04375
12,46,6,5,20,23,148,151,8,0.05
12,47,7,5,14,25,134,132,7,0.04375
12,48,0,6,19,17,96,91,8,0.05
12,49,1,6,22,21,128,126,9,0.05625
12,50,2,6,29,30,173,174,7,0.04375
12,51,3,6,40,22,191,188,9,0.05625
12,52,4,6,31,28,188,186,11,0.06875
12,53,5,6,22,34,154,153,9,0.05625
12,54,6,6,16,22,131,128,8,0.05
12,55,7,6,25,24,115,111,9,0.05625
12,56,0,7,16,23,59,60,3,0.01875
12,57,1,7,19,22,92,95,6,0.0375
12,58,2,7,28,26,131,132,6,0.0375
12,59,3,7,35,23,156,157,3,0.01875
12,60,4,7,36,27,154,156,5,0.03125
12,61,5,7,25,14,117,119,5,0.03125
12,62,6,7,15,22,92,93,8,0.05
12,63,7,7,23,22,64,62,6,0.0375
13,0,0,0,4,14,27,27,5,0.03125
13,1,1,0,9,20,54,54,6,0.0375
13,2,2,0,12,17,71,74,6,0.0375
13,3,3,0,25,13,96,93,7,0.04375
13,4,4,0,36,11,101,100,5,0.03125
13,5,5,0,18,27,91,91,8,0.05
13,6,6,0,12,17,60,62,6,0.0375
13,7,7,0,7,19,38,39,4,0.025
13,8,0,1,8,23,63,64,4,0.025
13,9,1,1,5,15,84,86,6,0.0375
13,10,2,1,18,20,112,111,9,0.05625
13,11,3,1,32,26,132,132,8,0.05
13,12,4,1,35,18,118,119,7,0.04375
13,13,5,1,14,17,109,111,6,0.0375
13,14,6,1,7,13,73,80,7,0.04375
13,15,7,1,9,23,70,69,6,0.0375
13,16,0,2,7,14,67,69,3,0.01875
13,17,1,2,8,15,105,104,9,0.05625
13,18,2,2,16,12,129,128,8,0.05
13,19,3,2,30,21,150,153,5,0.03125
13,20,4,2,32,15,138,133,9,0.05625
13,21,5,2,24,17,142,142,9,0.05625
13,22,6,2,8,15,105,104,11,0.06875
13,23,7,2,11,19,93,94,4,0.025
13,24,0,3,7,18,76,77,3,0.01875
13,25,1,3,11,21,112,110,9,0.05625
13,26,2,3,17,18,138,136,8,0.05
13,27,3,3,41,13,168,167,7,0.04375
13,28,4,3,30,9,137,135,9,0.05625
13,29,5,3,12,17,134,133,10,0.0625
13,30,6,3,8,18,102,103,12,0.075
13,31,7,3,7,17,90,92,4,0.025
13,32,0,4,2,14,72,72,6,0.0375
13,33,1,4,10,20,105,106,5,0.03125
13,34,2,4,17,16,125,127,7,0.04375
13,35,3,4,32,16,157,154,7,0.04375
13,36,4,4,34,12,143,145,8,0.05
13,37,5,4,12,13,129,129,6,0.0375
13,38,6,4,8,14,103,105,7,0.04375
13,39,7,4,11,17,94,98,4,0.025
13,40,0,5,11,11,75,78,3,0.01875
13,41,1,5,11,14,112,113,7,0.04375
13,42,2,5,24,15,131,132,9,0.05625
13,43,3,5,35,14,145,145,9,0.05625
13,44,4,5,26,18,132,132,9,0.05625
13,45,5,5,17,10,121,117,10,0.0625
13,46,6,5,5,10,101,99,9,0.05625
13,47,7,5,6,17,85,84,7,0.04375
13,48,0,6,9,17,59,61,5,0.03125
13,49,1,6,11,18,94,90,14,0.0875
13,50,2,6,16,14,106,105,9,0.05625
13,51,3,6,33,14,122,127,7,0.04375
13,52,4,6,29,13,115,119,6,0.0375
13,53,5,6,15,25,108,110,9,0.05625
13,54,6,6,8,26,95,93,10,0.0625
13,55,7,6,2,19,64,67,6,0.0375
13,56,0,7,12,10,36,35,4,0.025
13,57,1,7,10,15,72,67,10,0.0625
13,58,2,7,21,24,99,99,7,0.04375
13,59,3,7,40,17,110,110,4,0.025
13,60,4,7,33,15,99,99,5,0.03125
13,61,5,7,7,15,75,73,7,0.04375
13,62,6,7,8,17,63,62,8,0.05
13,63,7,7,9,16,41,43,4,0.025
14,0,0,0,14,16,50,51,4,0.025
14,1,1,0,12,23,74,74,7,0.04375
14,2,2,0,29,15,97,97,5,0.03125
14,3,3,0,35,14,108,110,6,0.0375
14,4,4,0,21,18,96,96,5,0.03125
14,5,5,0,16,15,74,75,8,0.05
14,6,6,0,4,26,62,61,6,0.0375
14,7,7,0,6,20,37,38,2,0.0125
14,8,0,1,9,26,77,74,6,0.0375
14,9,1,1,9,18,96,91,10,0.0625
14,10,2,1,23,16,112,112,8,0.05
14,11,3,1,35,34,139,141,6,0.0375
14,12,4,1,33,17,130,129,9,0.05625
14,13,5,1,16,18,102,101,8,0.05
14,14,6,1,12,6,85,82,8,0.05
14,15,7,1,10,10,55,56,6,0.0375
14,16,0,2,13,12,93,88,7,0.04375
14,17,1,2,8,27,125,126,8,0.05
14,18,2,2,25,12,128,130,7,0.04375
14,19,3,2,39,15,153,152,5,0.03125
14,20,4,2,27,14,137,140,7,0.04375
14,21,5,2,11,11,103,104,8,0.05
14,22,6,2,13,8,93,95,8,0.05
14,23,7,2,2,23,79,76,8,0.05
14,24,0,3,9,17,98,96,5,0.03125
14,25,1,3,3,17,110,110,7,0.04375
14,26,2,3,14,19,118,121,6,0.0375
14,27,3,3,35,18,156,154,8,0.05
14,28,4,3,34,15,146,146,8,0.05
14,29,5,3,16,13,112,114,7,0.04375
14,30,6,3,6,16,101,103,10,0.0625
14,31,7,3,7,20,96,92,8,0.05
14,32,0,4,9,14,104,103,7,0.04375
14,33,1,4,13,23,126,124,8,0.05
14,34,2,4,18,18,139,141,6,0.0375
14,35,3,4,34,17,146,151,5,0.03125
14,36,4,4,29,17,147,147,7,0.04375
14,37,5,4,17,13,119,119,8,0.05
14,38,6,4,8,14,111,108,9,0.05625
14,39,7,4,8,14,95,94,5,0.03125
14,40,0,5,7,18,94,92,5,0.03125
14,41,1,5,16,21,114,113,8,0.05
14,42,2,5,19,16,123,123,8,0.05
14,43,3,5,31,14,134,136,9,0.05625
14,44,4,5,34,22,141,142,8,0.05
14,45,5,5,21,21,121,128,4,0.025
14,46,6,5,8,18,111,110,9,0.05625
14,47,7,5,6,22,88,87,8,0.05
14,48,0,6,10,17,78,75,7,0.04375
14,49,1,6,9,15,88,91,9,0.05625
14,50,2,6,27,14,107,106,9,0.05625
14,51,3,6,32,13,115,114,7,0.04375
14,52,4,6,21,12,108,106,9,0.05625
14,53,5,6,17,10,96,98,7,0.04375
14,54,6,6,7,21,94,95,9,0.05625
14,55,7,6,4,23,65,66,5,0.03125
14,56,0,7,3,21,45,44,5,0.03125
14,57,1,7,11,16,66,67,8,0.05
14,58,2,7,26,14,94,94,6,0.0375
14,59,3,7,43,13,112,109,6,0.0375
14,60,4,7,27,16,95,93,7,0.04375
14,61,5,7,16,15,80,80,6,0.0375
14,62,6,7,8,20,63,62,8,0.05
14,63,7,7,2,11,27,26,4,0.025
15,0,0,0,7,18,40,39,5,0.03125
15,1,1,0,6,12,53,51,8,0.05
15,2,2,0,22,23,86,84,8,0.05
15,3,3,0,22,18,97,95,9,0.05625
15,4,4,0,44,14,111,111,5,0.03125
15,5,5,0,20,15,94,95,5,0.03125
15,6,6,0,12,24,80,78,8,0.05
15,7,7,0,13,11,41,37,6,0.0375
15,8,0,1,9,12,61,64,4,0.025
15,9,1,1,6,19,79,83,7,0.04375
15,10,2,1,17,19,112,114,7,0.04375
15,11,3,1,31,31,141,140,6,0.0375
15,12,4,1,29,14,119,120,9,0.05625
15,13,5,1,22,18,112,111,8,0.05
15,14,6,1,6,12,84,85,8,0.05
15,15,7,1,8,17,55,56,5,0.03125
15,16,0,2,12,22,85,88,5,0.03125
15,17,1,2,11,11,93,93,8,0.05
15,18,2,2,25,19,133,131,7,0.04375
15,19,3,2,39,15,154,150,7,0.04375
15,20,4,2,19,14,120,122,7,0.04375
15,21,5,2,12,17,113,110,9,0.05625
15,22,6,2,2,20,105,107,6,0.0375
15,23,7,2,12,14,74,76,5,0.03125
15,24,0,3,7,15,97,96,7,0.04375
15,25,1,3,8,16,109,109,7,0.04375
15,26,2,3,29,21,142,142,5,0.03125
15,27,3,3,34,12,154,157,8,0.05
15,28,4,3,37,14,152,151,10,0.0625
15,29,5,3,17,20,131,129,8,0.05
15,30,6,3,10,20,121,123,8,0.05
15,31,7,3,12,18,85,92,2,0.0125
15,32,0,4,3,17,95,96,5,0.03125
15,33,1,4,13,15,108,112,5,0.03125
15,34,2,4,17,13,129,126,6,0.0375
15,35,3,4,29,8,152,148,8,0.05
15,36,4,4,26,20,147,146,8,0.05
15,37,5,4,18,19,126,123,9,0.05625
15,38,6,4,8,25,118,120,8,0.05
15,39,7,4,9,16,95,92,7,0.04375
15,40,0,5,9,18,92,94,3,0.01875
15,41,1,5,1,22,103,103,8,0.05
15,42,2,5,10,14,114,109,13,0.08125
15,43,3,5,41,19,140,137,10,0.0625
15,44,4,5,32,15,132,130,10,0.0625
15,45,5,5,12,11,107,103,8,0.05
15,46,6,5,9,13,91,93,9,0.05625
15,47,7,5,8,20,79,82,6,0.0375
15,48,0,6,10,20,78,77,8,0.05
15,49,1,6,20,21,99,102,7,0.04375
15,50,2,6,20,12,112,111,10,0.0625
15,51,3,6,25,13,117,114,9,0.05625
15,52,4,6,20,13,102,102,8,0.05
15,53,5,6,12,12,86,82,11,0.06875
15,54,6,6,1,21,75,72,12,0.075
15,55,7,6,8,15,67,63,8,0.05
15,56,0,7,11,25,52,51,5,0.03125
15,57,1,7,10,13,62,65,6,0.0375
15,58,2,7,28,10,95,94,7,0.04375
15,59,3,7,39,17,109,110,6,0.0375
15,60,4,7,34,10,95,95,7,0.04375
15,61,5,7,13,14,75,75,6,0.0375
15,62,6,7,5,10,49,52,7,0.04375
15,63,7,7,5,19,41,41,5,0.03125
16,0,0,0,4,18,34,35,4,0.025
16,1,1,0,8,15,52,55,7,0.04375
16,2,2,0,17,18,83,82,7,0.04375
16,3,3,0,29,21,103,103,9,0.05625
16,4,4,0,47,18,108,106,6,0.0375
16,5,5,0,16,22,87,88,6,0.0375
16,6,6,0,6,11,44,46,7,0.04375
16,7,7,0,7,17,36,37,4,0.025
16,8,0,1,8,20,73,71,6,0.0375
16,9,1,1,10,19,91,91,5,0.03125
16,10,2,1,18,18,109,113,4,0.025
16,11,3,1,31,22,133,132,7,0.04375
16,12,4,1,37,15,126,129,7,0.04375
16,13,5,1,12,15,113,109,12,0.075
16,14,6,1,8,11,62,61,10,0.0625
16,15,7,1,8,24,65,65,4,0.025
16,16,0,2,6,9,81,84,3,0.01875
16,17,1,2,7,14,102,104,6,0.0375
16,18,2,2,18,16,126,126,7,0.04375
16,19,3,2,35,22,150,154,5,0.03125
16,20,4,2,36,9,137,137,7,0.04375
16,21,5,2,11,22,125,130,7,0.04375
16,22,6,2,11,24,89,89,7,0.04375
16,23,7,2,2,18,76,74,7,0.04375
16,24,0,3,6,16,86,90,3,0.01875
16,25,1,3,10,17,108,107,8,0.05
16,26,2,3,19,18,129,128,7,0.04375
16,27,3,3,32,24,160,157,8,0.05
16,28,4,3,33,11,147,150,8,0.05
16,29,5,3,19,18,141,141,8,0.05
16,30,6,3,8,13,101,101,8,0.05
16,31,7,3,10,21,95,89,7,0.04375
16,32,0,4,11,21,96,97,4,0.025
16,33,1,4,18,21,127,121,10,0.0625
16,34,2,4,23,21,148,150,6,0.0375
16,35,3,4,39,18,159,162,5,0.03125
16,36,4,4,29,18,138,139,7,0.04375
16,37,5,4,14,13,133,134,9,0.05625
16,38,6,4,7,14,107,106,10,0.0625
16,39,7,4,4,15,80,78,9,0.05625
16,40,0,5,7,17,80,78,4,0.025
16,41,1,5,5,14,90,83,14,0.0875
16,42,2,5,13,21,119,125,7,0.04375
16,43,3,5,26,15,139,141,8,0.05
16,44,4,5,35,13,129,132,7,0.04375
16,45,5,5,17,13,134,135,8,0.05
16,46,6,5,12,11,97,100,6,0.0375
16,47,7,5,7,10,71,69,8,0.05
16,48,0,6,6,15,65,68,6,0.0375
16,49,1,6,9,16,82,82,9,0.05625
16,50,2,6,15,17,106,107,8,0.05
16,51,3,6,26,17,115,118,7,0.04375
16,52,4,6,23,13,100,100,7,0.04375
16,53,5,6,16,26,107,110,7,0.04375
16,54,6,6,9,8,72,73,9,0.05625
16,55,7,6,10,11,59,58,9,0.05625
16,56,0,7,10,20,48,50,4,0.025
16,57,1,7,12,15,70,68,8,0.05
16,58,2,7,23,20,95,94,8,0.05
16,59,3,7,40,15,112,111,7,0.04375
16,60,4,7,22,18,95,97,6,0.0375
16,61,5,7,17,19,76,76,6,0.0375
16,62,6,7,3,16,52,51,8,0.05
16,63,7,7,14,18,41,41,4,0.025
17,0,0,0,21,17,51,51,4,0.025
17,1,1,0,9,18,77,77,7,0.04375
17,2,2,0,20,13,89,90,7,0.04375
17,3,3,0,38,14,107,110,5,0.03125
17,4,4,0,25,21,97,99,5,0.03125
17,5,5,0,17,10,65,62,7,0.04375
17,6,6,0,10,19,53,52,8,0.05
17,7,7,0,3,27,42,43,4,0.025
17,8,0,1,7,14,62,63,5,0.03125
17,9,1,1,10,21,93,92,8,0.05
17,10,2,1,19,18,107,101,9,0.05625
17,11,3,1,33,33,147,148,6,0.0375
17,12,4,1,35,15,134,134,5,0.03125
17,13,5,1,19,24,106,109,9,0.05625
17,14,6,1,9,17,90,91,9,0.05625
17,15,7,1,5,18,76,74,5,0.03125
17,16,0,2,8,20,87,82,7,0.04375
17,17,1,2,7,18,109,106,9,0.05625
17,18,2,2,16,19,125,128,5,0.03125
17,19,3,2,31,13,158,157,6,0.0375
17,20,4,2,30,16,144,143,6,0.0375
17,21,5,2,19,24,123,123,6,0.0375
17,22,6,2,5,24,100,102,6,0.0375
17,23,7,2,7,22,85,89,4,0.025
17,24,0,3,17,17,91,89,4,0.025
17,25,1,3,9,22,103,103,8,0.05
17,26,2,3,18,14,133,130,10,0.0625
17,27,3,3,32,17,161,164,6,0.0375
17,28,4,3,36,14,161,158,7,0.04375
17,29,5,3,15,12,129,130,8,0.05
17,30,6,3,15,13,111,107,10,0.0625
17,31,7,3,11,15,88,91,5,0.03125
17,32,0,4,10,10,85,84,6,0.0375
17,33,1,4,5,16,110,113,9,0.05625
17,34,2,4,15,15,132,131,7,0.04375
17,35,3,4,26,17,146,144,9,0.05625
17,36,4,4,33,15,153,152,9,0.05625
17,37,5,4,16,15,132,131,10,0.0625
17,38,6,4,7,8,90,88,11,0.06875
17,39,7,4,6,11,74,79,3,0.01875
17,40,0,5,11,15,75,75,5,0.03125
17,41,1,5,10,25,110,114,9,0.05625
17,42,2,5,14,17,126,128,7,0.04375
17,43,3,5,33,16,139,142,5,0.03125
17,44,4,5,29,15,155,154,8,0.05
17,45,5,5,15,23,122,122,8,0.05
17,46,6,5,3,9,85,78,12,0.075
17,47,7,5,9,15,76,76,8,0.05
17,48,0,6,7,13,55,56,5,0.03125
17,49,1,6,4,17,75,74,8,0.05
17,50,2,6,11,19,93,92,9,0.05625
17,51,3,6,25,12,101,100,7,0.04375
17,52,4,6,28,20,123,123,7,0.04375
17,53,5,6,22,17,109,107,9,0.05625
17,54,6,6,12,12,72,73,10,0.0625
17,55,7,6,15,17,61,62,9,0.05625
17,56,0,7,5,18,33,33,3,0.01875
17,57,1,7,10,13,53,54,8,0.05
17,58,2,7,11,13,72,73,8,0.05
17,59,3,7,35,14,100,101,6,0.0375
17,60,4,7,36,18,112,112,5,0.03125
17,61,5,7,21,14,87,88,6,0.0375
17,62,6,7,15,10,54,54,7,0.04375
17,63,7,7,7,11,29,30,4,0.025
18,0,0,0,21,22,61,61,4,0.025
18,1,1,0,19,26,103,102,6,0.0375
18,2,2,0,32,13,127,129,5,0.03125
18,3,3,0,39,26,162,163,4,0.025
18,4,4,0,28,21,143,140,7,0.04375
18,5,5,0,26,23,123,122,9,0.05625
18,6,6,0,13,19,81,79,10,0.0625
18,7,7,0,21,33,70,68,6,0.0375
18,8,0,1,20,22,94,95,4,0.025
18,9,1,1,11,24,137,139,6,0.0375
18,10,2,1,29,32,163,165,8,0.05
18,11,3,1,30,43,209,207,8,0.05
18,12,4,1,35,32,193,193,6,0.0375
18,13,5,1,27,25,161,160,8,0.05
18,14,6,1,16,28,128,127,9,0.05625
18,15,7,1,19,15,93,92,7,0.04375
18,16,0,2,17,19,114,116,5,0.03125
18,17,1,2,22,22,161,162,9,0.05625
18,18,2,2,26,30,183,180,7,0.04375
18,19,3,2,44,19,227,224,7,0.04375
18,20,4,2,23,30,218,217,8,0.05
18,21,5,2,26,30,188,184,10,0.0625
18,22,6,2,25,30,166,163,7,0.04375
18,23,7,2,15,22,110,109,5,0.03125
18,24,0,3,24,29,146,146,4,0.025
18,25,1,3,19,25,177,177,9,0.05625
18,26,2,3,27,22,196,199,7,0.04375
18,27,3,3,28,31,228,229,7,0.04375
18,28,4,3,37,24,228,231,5,0.03125
18,29,5,3,24,19,198,196,10,0.0625
18,30,6,3,21,29,176,179,10,0.0625
18,31,7,3,24,19,134,132,5,0.03125
18,32,0,4,21,28,150,149,6,0.0375
18,33,1,4,22,27,180,179,9,0.05625
18,34,2,4,29,22,211,211,7,0.04375
18,35,3,4,36,21,231,231,7,0.04375
18,36,4,4,33,27,228,228,8,0.05
18,37,5,4,27,27,197,198,8,0.05
18,38,6,4,17,22,162,166,7,0.04375
18,39,7,4,22,28,145,144,6,0.0375
18,40,0,5,27,15,139,134,9,0.05625
18,41,1,5,21,25,171,172,9,0.05625
18,42,2,5,28,27,199,194,11,0.06875
18,43,3,5,34,14,223,221,9,0.05625
18,44,4,5,35,30,232,230,10,0.0625
18,45,5,5,27,26,193,193,8,0.05
18,46,6,5,14,22,139,145,7,0.04375
18,47,7,5,16,29,134,136,6,0.0375
18,48,0,6,20,23,105,105,6,0.0375
18,49,1,6,24,26,132,133,9,0.05625
18,50,2,6,25,29,154,156,8,0.05
18,51,3,6,37,34,190,187,11,0.06875
18,52,4,6,35,26,186,183,11,0.06875
18,53,5,6,31,17,172,172,9,0.05625
18,54,6,6,18,21,131,133,7,0.04375
18,55,7,6,19,23,112,114,6,0.0375
18,56,0,7,19,31,74,75,2,0.0125
18,57,1,7,26,22,106,107,7,0.04375
18,58,2,7,33,25,143,142,7,0.04375
18,59,3,7,37,25,162,163,6,0.0375
18,60,4,7,31,24,146,143,8,0.05
18,61,5,7,22,27,128,126,7,0.04375
18,62,6,7,18,27,94,94,7,0.04375
18,63,7,7,22,22,65,65,4,0.025
19,0,0,0,13,15,42,41,5,0.03125
19,1,1,0,18,16,72,72,8,0.05
19,2,2,0,23,21,106,105,5,0.03125
19,3,3,0,46,16,118,119,4,0.025
19,4,4,0,22,22,94,95,7,0.04375
19,5,5,0,15,12,71,75,5,0.03125
19,6,6,0,8,16,57,58,8,0.05
19,7,7,0,7,18,40,42,4,0.025
19,8,0,1,3,16,53,52,4,0.025
19,9,1,1,13,19,88,82,11,0.06875
19,10,2,1,24,22,125,122,10,0.0625
19,11,3,1,37,41,156,156,8,0.05
19,12,4,1,36,20,139,137,7,0.04375
19,13,5,1,19,21,108,111,8,0.05
19,14,6,1,10,18,77,78,9,0.05625
19,15,7,1,9,15,59,62,5,0.03125
19,16,0,2,8,18,75,76,4,0.025
19,17,1,2,6,15,104,105,7,0.04375
19,18,2,2,18,23,133,133,7,0.04375
19,19,3,2,27,18,154,155,7,0.04375
19,20,4,2,36,18,150,146,10,0.0625
19,21,5,2,18,18,125,129,7,0.04375
19,22,6,2,6,13,99,96,10,0.0625
19,23,7,2,8,16,79,79,4,0.025
19,24,0,3,4,17,75,75,4,0.025
19,25,1,3,10,15,102,102,10,0.0625
19,26,2,3,11,16,126,124,9,0.05625
19,27,3,3,32,15,162,161,6,0.0375
19,28,4,3,43,18,165,166,5,0.03125
19,29,5,3,18,18,131,135,7,0.04375
19,30,6,3,13,18,111,116,5,0.03125
19,31,7,3,7,17,88,91,3,0.01875
19,32,0,4,11,12,80,84,3,0.01875
19,33,1,4,13,16,109,111,7,0.04375
19,34,2,4,19,12,138,138,7,0.04375
19,35,3,4,39,13,167,163,13,0.08125
19,36,4,4,38,21,150,148,11,0.06875
19,37,5,4,10,17,118,118,10,0.0625
19,38,6,4,16,17,113,113,8,0.05
19,39,7,4,7,23,95,96,4,0.025
19,40,0,5,6,18,72,77,4,0.025
19,41,1,5,11,16,89,90,9,0.05625
19,42,2,5,14,17,112,114,9,0.05625
19,43,3,5,31,13,140,141,8,0.05
19,44,4,5,29,11,127,131,6,0.0375
19,45,5,5,13,15,116,116,7,0.04375
19,46,6,5,3,16,91,90,8,0.05
19,47,7,5,10,16,76,78,4,0.025
19,48,0,6,10,14,60,61,4,0.025
19,49,1,6,2,13,71,72,8,0.05
19,50,2,6,16,12,90,92,7,0.04375
19,51,3,6,32,16,118,120,9,0.05625
19,52,4,6,19,10,101,103,8,0.05
19,53,5,6,16,9,94,94,9,0.05625
19,54,6,6,5,7,72,71,8,0.05
19,55,7,6,5,16,58,59,5,0.03125
19,56,0,7,9,21,39,38,3,0.01875
19,57,1,7,1,18,53,50,9,0.05625
19,58,2,7,14,16,66,67,7,0.04375
19,59,3,7,43,19,99,95,9,0.05625
19,60,4,7,18,15,73,75,6,0.0375
19,61,5,7,10,20,61,62,7,0.04375
19,62,6,7,5,15,44,44,8,0.05
19,63,7,7,3,20,32,32,4,0.025
20,0,0,0,11,16,43,44,4,0.025
20,1,1,0,11,16,61,61,7,0.04375
20,2,2,0,15,19,78,78,6,0.0375
20,3,3,0,36,8,98,93,7,0.04375
20,4,4,0,36,18,112,114,6,0.0375
20,5,5,0,25,18,89,87,8,0.05
20,6,6,0,10,18,64,64,8,0.05
20,7,7,0,7,15,31,32,3,0.01875
20,8,0,1,13,12,71,66,9,0.05625
20,9,1,1,7,16,87,91,7,0.04375
20,10,2,1,26,27,119,119,10,0.0625
20,11,3,1,36,42,147,148,8,0.05
20,12,4,1,31,13,129,126,10,0.0625
20,13,5,1,9,15,91,91,7,0.04375
20,14,6,1,9,15,90,88,10,0.0625
20,15,7,1,8,20,59,60,4,0.025
20,16,0,2,12,22,86,85,5,0.03125
20,17,1,2,11,15,106,103,10,0.0625
20,18,2,2,20,21,137,138,7,0.04375
20,19,3,2,37,14,164,162,10,0.0625
20,20,4,2,26,21,144,148,8,0.05
20,21,5,2,25,21,115,111,10,0.0625
20,22,6,2,4,15,88,89,10,0.0625
20,23,7,2,5,10,65,66,4,0.025
20,24,0,3,11,16,89,86,6,0.0375
20,25,1,3,3,15,103,104,9,0.05625
20,26,2,3,19,6,124,122,10,0.0625
20,27,3,3,31,24,164,161,10,0.0625
20,28,4,3,33,18,166,163,7,0.04375
20,29,5,3,26,14,135,135,6,0.0375
20,30,6,3,5,11,111,107,8,0.05
20,31,7,3,9,18,85,84,5,0.03125
20,32,0,4,14,18,94,92,4,0.025
20,33,1,4,6,15,110,108,9,0.05625
20,34,2,4,23,10,127,127,7,0.04375
20,35,3,4,36,16,160,161,12,0.075
20,36,4,4,38,23,158,163,4,0.025
20,37,5,4,13,12,120,122,6,0.0375
20,38,6,4,2,11,95,93,7,0.04375
20,39,7,4,9,10,69,70,3,0.01875
20,40,0,5,11,14,73,73,5,0.03125
20,41,1,5,6,22,94,95,7,0.04375
20,42,2,5,19,13,113,118,5,0.03125
20,43,3,5,42,16,148,146,8,0.05
20,44,4,5,25,12,130,130,6,0.0375
20,45,5,5,11,15,103,105,6,0.0375
20,46,6,5,11,18,87,85,9,0.05625
20,47,7,5,5,24,60,60,4,0.025
20,48,0,6,6,11,48,49,4,0.025
20,49,1,6,13,19,71,71,7,0.04375
20,50,2,6,19,12,90,88,8,0.05
20,51,3,6,26,13,111,107,13,0.08125
20,52,4,6,20,12,109,109,8,0.05
20,53,5,6,10,16,84,86,7,0.04375
20,54,6,6,7,17,66,67,8,0.05
20,55,7,6,9,9,41,42,4,0.025
20,56,0,7,8,7,23,23,4,0.025
20,57,1,7,6,15,33,36,7,0.04375
20,58,2,7,19,15,51,52,7,0.04375
20,59,3,7,15,15,56,55,9,0.05625
20,60,4,7,5,19,49,47,9,0.05625
20,61,5,7,9,14,36,35,8,0.05
20,62,6,7,0,10,20,19,9,0.05625
20,63,7,7,3,12,18,18,4,0.025
21,0,0,0,5,7,27,28,3,0.01875
21,1,1,0,5,16,55,55,7,0.04375
21,2,2,0,17,18,76,75,7,0.04375
21,3,3,0,26,16,94,99,4,0.025
21,4,4,0,34,16,99,97,7,0.04375
21,5,5,0,22,11,80,79,9,0.05625
21,6,6,0,14,14,59,58,10,0.0625
21,7,7,0,8,19,37,38,3,0.01875
21,8,0,1,7,17,55,57,8,0.05
21,9,1,1,6,17,88,86,10,0.0625
21,10,2,1,17,10,97,98,9,0.05625
21,11,3,1,23,28,124,126,6,0.0375
21,12,4,1,32,17,114,117,8,0.05
21,13,5,1,15,17,95,94,8,0.05
21,14,6,1,13,24,88,87,11,0.06875
21,15,7,1,12,11,57,57,3,0.01875
21,16,0,2,8,15,78,76,7,0.04375
21,17,1,2,8,7,98,97,11,0.06875
21,18,2,2,16,11,106,106,8,0.05
21,19,3,2,16,23,137,139,6,0.0375
21,20,4,2,38,13,136,140,5,0.03125
21,21,5,2,25,12,108,111,8,0.05
21,22,6,2,14,12,111,109,12,0.075
21,23,7,2,5,12,71,70,5,0.03125
21,24,0,3,8,24,87,89,5,0.03125
21,25,1,3,13,18,113,109,13,0.08125
21,26,2,3,23,10,119,119,10,0.0625
21,27,3,3,36,15,156,157,9,0.05625
21,28,4,3,32,18,146,150,4,0.025
21,29,5,3,15,11,116,112,10,0.0625
21,30,6,3,18,15,122,117,13,0.08125
21,31,7,3,15,19,87,88,4,0.025
21,32,0,4,4,18,78,76,5,0.03125
21,33,1,4,11,15,113,110,11,0.06875
21,34,2,4,27,16,118,116,9,0.05625
21,35,3,4,29,17,143,141,14,0.0875
21,36,4,4,32,12,150,144,9,0.05625
21,37,5,4,21,9,119,118,8,0.05
21,38,6,4,13,12,117,117,8,0.05
21,39,7,4,10,12,83,81,5,0.03125
21,40,0,5,7,24,72,73,3,0.01875
21,41,1,5,11,14,105,106,6,0.0375
21,42,2,5,24,15,120,118,6,0.0375
21,43,3,5,43,18,155,157,7,0.04375
21,44,4,5,21,22,130,129,7,0.04375
21,45,5,5,13,10,97,93,9,0.05625
21,46,6,5,8,15,100,99,10,0.0625
21,47,7,5,6,14,69,66,6,0.0375
21,48,0,6,13,12,47,47,4,0.025
21,49,1,6,4,13,71,70,9,0.05625
21,50,2,6,13,11,79,79,8,0.05
21,51,3,6,41,14,117,118,9,0.05625
21,52,4,6,13,16,92,93,9,0.05625
21,53,5,6,9,13,71,72,7,0.04375
21,54,6,6,1,17,64,62,8,0.05
21,55,7,6,6,14,45,45,4,0.025
21,56,0,7,1,13,22,22,4,0.025
21,57,1,7,5,16,38,37,8,0.05
21,58,2,7,8,13,46,44,9,0.05625
21,59,3,7,27,15,57,59,7,0.04375
21,60,4,7,12,17,49,52,5,0.03125
21,61,5,7,1,17,40,39,7,0.04375
21,62,6,7,1,18,34,36,7,0.04375
21,63,7,7,5,15,26,26,4,0.025
22,0,0,0,6,11,26,24,5,0.03125
22,1,1,0,3,14,44,43,7,0.04375
22,2,2,0,8,15,59,59,7,0.04375
22,3,3,0,17,15,88,82,8,0.05
22,4,4,0,28,12,88,89,5,0.03125
22,5,5,0,29,13,77,80,5,0.03125
22,6,6,0,6,13,51,54,6,0.0375
22,7,7,0,12,22,42,41,4,0.025
22,8,0,1,1,11,41,45,4,0.025
22,9,1,1,2,16,69,70,8,0.05
22,10,2,1,3,16,82,84,8,0.05
22,11,3,1,19,32,122,122,7,0.04375
22,12,4,1,22,11,96,97,8,0.05
22,13,5,1,29,16,100,99,8,0.05
22,14,6,1,13,26,87,89,9,0.05625
22,15,7,1,10,10,59,55,8,0.05
22,16,0,2,8,18,71,73,5,0.03125
22,17,1,2,13,17,90,93,8,0.05
22,18,2,2,15,10,110,111,6,0.0375
22,19,3,2,32,10,149,149,7,0.04375
22,20,4,2,36,15,136,134,5,0.03125
22,21,5,2,19,8,112,113,7,0.04375
22,22,6,2,8,12,106,107,10,0.0625
22,23,7,2,13,10,71,69,6,0.0375
22,24,0,3,9,13,83,83,5,0.03125
22,25,1,3,10,15,102,107,7,0.04375
22,26,2,3,20,14,121,125,7,0.04375
22,27,3,3,37,18,154,156,7,0.04375
22,28,4,3,26,16,138,136,5,0.03125
22,29,5,3,13,13,98,100,6,0.0375
22,30,6,3,10,9,108,112,8,0.05
22,31,7,3,9,9,74,72,6,0.0375
22,32,0,4,5,9,71,73,4,0.025
22,33,1,4,8,15,99,104,8,0.05
22,34,2,4,26,15,133,134,9,0.05625
22,35,3,4,36,21,158,162,8,0.05
22,36,4,4,21,16,126,132,6,0.0375
22,37,5,4,9,8,94,96,7,0.04375
22,38,6,4,6,18,109,111,8,0.05
22,39,7,4,7,11,73,74,5,0.03125
22,40,0,5,6,20,68,67,5,0.03125
22,41,1,5,4,12,94,89,10,0.0625
22,42,2,5,14,9,108,107,6,0.0375
22,43,3,5,31,9,133,133,7,0.04375
22,44,4,5,23,15,126,123,10,0.0625
22,45,5,5,20,15,108,109,9,0.05625
22,46,6,5,9,12,105,101,13,0.08125
22,47,7,5,4,14,68,70,4,0.025
22,48,0,6,4,13,45,45,4,0.025
22,49,1,6,7,14,67,67,8,0.05
22,50,2,6,13,12,88,87,8,0.05
22,51,3,6,39,9,119,124,7,0.04375
22,52,4,6,26,18,103,102,7,0.04375
22,53,5,6,14,17,83,83,6,0.0375
22,54,6,6,4,17,70,72,8,0.05
22,55,7,6,3,17,56,55,4,0.025
22,56,0,7,8,16,30,30,4,0.025
22,57,1,7,7,18,50,49,8,0.05
22,58,2,7,22,19,68,70,7,0.04375
22,59,3,7,20,24,83,82,9,0.05625
22,60,4,7,10,6,53,53,6,0.0375
22,61,5,7,7,16,48,49,8,0.05
22,62,6,7,3,17,40,39,8,0.05
22,63,7,7,3,15,29,29,4,0.025
23,0,0,0,19,14,47,47,4,0.025
23,1,1,0,22,31,98,98,8,0.05
23,2,2,0,26,28,130,132,6,0.0375
23,3,3,0,32,29,154,159,4,0.025
23,4,4,0,37,20,151,150,7,0.04375
23,5,5,0,27,24,138,136,7,0.04375
23,6,6,0,22,25,111,109,7,0.04375
23,7,7,0,22,32,80,78,5,0.03125
23,8,0,1,28,18,82,81,4,0.025
23,9,1,1,26,17,139,133,14,0.0875
23,10,2,1,31,20,171,168,9,0.05625
23,11,3,1,31,57,224,224,7,0.04375
23,12,4,1,22,21,172,169,10,0.0625
23,13,5,1,15,22,163,164,9,0.05625
23,14,6,1,19,30,155,153,11,0.06875
23,15,7,1,19,21,115,111,11,0.06875
23,16,0,2,22,21,100,101,4,0.025
23,17,1,2,16,21,148,144,12,0.075
23,18,2,2,28,29,184,180,10,0.0625
23,19,3,2,28,27,233,232,10,0.0625
23,20,4,2,27,28,201,200,8,0.05
23,21,5,2,28,23,196,194,7,0.04375
23,22,6,2,22,21,172,174,9,0.05625
23,23,7,2,34,26,150,148,7,0.04375
23,24,0,3,22,18,117,118,5,0.03125
23,25,1,3,18,16,154,152,10,0.0625
23,26,2,3,23,22,188,186,8,0.05
23,27,3,3,25,29,241,240,7,0.04375
23,28,4,3,30,16,217,216,8,0.05
23,29,5,3,35,17,200,202,7,0.04375
23,30,6,3,24,31,185,190,5,0.03125
23,31,7,3,26,32,155,154,4,0.025
23,32,0,4,18,18,123,121,5,0.03125
23,33,1,4,15,21,175,173,9,0.05625
23,34,2,4,23,17,200,200,8,0.05
23,35,3,4,46,16,245,249,5,0.03125
23,36,4,4,31,24,224,223,5,0.03125
23,37,5,4,25,21,190,186,8,0.05
23,38,6,4,12,23,164,162,9,0.05625
23,39,7,4,18,23,136,133,7,0.04375
23,40,0,5,20,22,109,110,4,0.025
23,41,1,5,16,36,174,175,10,0.0625
23,42,2,5,25,22,194,194,6,0.0375
23,43,3,5,31,22,222,216,11,0.06875
23,44,4,5,37,25,207,211,6,0.0375
23,45,5,5,29,21,184,184,8,0.05
23,46,6,5,21,18,148,154,8,0.05
23,47,7,5,24,27,124,123,5,0.03125
23,48,0,6,15,25,87,86,4,0.025
23,49,1,6,14,20,129,130,8,0.05
23,50,2,6,22,28,164,166,7,0.04375
23,51,3,6,30,27,189,190,5,0.03125
23,52,4,6,28,32,174,176,7,0.04375
23,53,5,6,22,27,151,148,9,0.05625
23,54,6,6,19,30,135,131,11,0.06875
23,55,7,6,22,19,94,96,4,0.025
23,56,0,7,24,29,71,70,4,0.025
23,57,1,7,24,22,111,111,8,0.05
23,58,2,7,31,25,146,145,6,0.0375
23,59,3,7,36,22,156,157,8,0.05
23,60,4,7,29,28,144,142,6,0.0375
23,61,5,7,24,21,113,113,7,0.04375
23,62,6,7,15,18,79,78,8,0.05
23,63,7,7,20,29,59,59,3,0.01875
24,0,0,0,7,13,36,37,4,0.025
24,1,1,0,7,22,67,68,8,0.05
24,2,2,0,14,16,82,80,7,0.04375
24,3,3,0,37,19,109,107,6,0.0375
24,4,4,0,40,11,101,100,8,0.05
24,5,5,0,9,15,75,74,9,0.05625
24,6,6,0,8,22,65,67,7,0.04375
24,7,7,0,9,13,35,38,3,0.01875
24,8,0,1,7,20,66,66,4,0.025
24,9,1,1,16,16,99,105,8,0.05
24,10,2,1,24,15,99,102,8,0.05
24,11,3,1,24,33,119,121,4,0.025
24,12,4,1,14,17,89,93,7,0.04375
24,13,5,1,13,8,77,77,7,0.04375
24,14,6,1,4,22,81,82,10,0.0625
24,15,7,1,2,16,56,58,9,0.05625
24,16,0,2,13,9,85,81,9,0.05625
24,17,1,2,19,17,127,131,9,0.05625
24,18,2,2,21,14,120,123,6,0.0375
24,19,3,2,39,7,141,143,7,0.04375
24,20,4,2,27,8,124,123,7,0.04375
24,21,5,2,18,21,117,116,8,0.05
24,22,6,2,4,15,97,99,8,0.05
24,23,7,2,5,15,80,82,5,0.03125
24,24,0,3,8,22,91,91,4,0.025
24,25,1,3,7,19,123,122,9,0.05625
24,26,2,3,25,20,132,134,6,0.0375
24,27,3,3,34,14,149,148,7,0.04375
24,28,4,3,30,10,132,132,7,0.04375
24,29,5,3,16,26,137,136,8,0.05
24,30,6,3,9,9,108,101,12,0.075
24,31,7,3,13,23,96,98,5,0.03125
24,32,0,4,4,22,85,86,5,0.03125
24,33,1,4,7,19,104,102,11,0.06875
24,34,2,4,15,21,122,121,10,0.0625
24,35,3,4,32,7,142,139,9,0.05625
24,36,4,4,32,13,140,138,8,0.05
24,37,5,4,24,18,139,142,6,0.0375
24,38,6,4,17,15,117,120,6,0.0375
24,39,7,4,14,15,83,86,5,0.03125
24,40,0,5,6,12,79,78,4,0.025
24,41,1,5,12,15,94,93,12,0.075
24,42,2,5,19,12,111,111,6,0.0375
24,43,3,5,41,19,140,145,9,0.05625
24,44,4,5,18,12,123,119,9,0.05625
24,45,5,5,10,9,104,105,8,0.05
24,46,6,5,12,17,97,95,9,0.05625
24,47,7,5,4,22,69,68,5,0.03125
24,48,0,6,18,24,75,76,4,0.025
24,49,1,6,7,16,83,75,15,0.09375
24,50,2,6,12,12,90,87,11,0.06875
24,51,3,6,31,21,121,117,10,0.0625
24,52,4,6,27,17,102,101,8,0.05
24,53,5,6,13,22,91,92,9,0.05625
24,54,6,6,5,16,71,72,9,0.05625
24,55,7,6,3,15,54,53,5,0.03125
24,56,0,7,14,14,42,43,4,0.025
24,57,1,7,10,15,65,62,11,0.06875
24,58,2,7,17,16,82,80,9,0.05625
24,59,3,7,34,16,106,108,6,0.0375
24,60,4,7,22,17,98,101,5,0.03125
24,61,5,7,19,17,84,84,7,0.04375
24,62,6,7,9,8,56,56,7,0.04375
24,63,7,7,9,12,36,34,5,0.03125
25,0,0,0,7,18,40,39,5,0.03125
25,1,1,0,7,18,62,61,9,0.05625
25,2,2,0,18,11,82,82,6,0.0375
25,3,3,0,42,12,113,113,6,0.0375
25,4,4,0,28,12,100,100,8,0.05
25,5,5,0,20,24,84,87,6,0.0375
25,6,6,0,9,18,52,50,8,0.05
25,7,7,0,1,18,37,34,5,0.03125
25,8,0,1,10,15,59,58,6,0.0375
25,9,1,1,6,17,80,82,6,0.0375
25,10,2,1,14,10,100,98,9,0.05625
25,11,3,1,34,29,134,130,7,0.04375
25,12,4,1,37,19,128,122,12,0.075
25,13,5,1,25,13,115,114,8,0.05
25,14,6,1,7,16,82,84,8,0.05
25,15,7,1,9,20,75,80,4,0.025
25,16,0,2,8,12,69,73,5,0.03125
25,17,1,2,9,12,100,97,10,0.0625
25,18,2,2,18,13,121,120,8,0.05
25,19,3,2,35,18,151,151,6,0.0375
25,20,4,2,35,14,145,145,8,0.05
25,21,5,2,14,24,122,125,7,0.04375
25,22,6,2,10,14,92,93,5,0.03125
25,23,7,2,3,23,84,86,4,0.025
25,24,0,3,6,15,73,71,6,0.0375
25,25,1,3,10,26,107,106,11,0.06875
25,26,2,3,13,17,118,117,9,0.05625
25,27,3,3,34,14,152,153,9,0.05625
25,28,4,3,30,21,152,150,10,0.0625
25,29,5,3,21,14,128,126,8,0.05
25,30,6,3,6,13,100,104,6,0.0375
25,31,7,3,5,19,87,87,4,0.025
25,32,0,4,6,14,70,71,4,0.025
25,33,1,4,9,20,108,109,9,0.05625
25,34,2,4,14,19,121,118,11,0.06875
25,35,3,4,40,15,150,152,5,0.03125
25,36,4,4,30,18,149,148,10,0.0625
25,37,5,4,16,15,124,125,7,0.04375
25,38,6,4,11,19,109,108,8,0.05
25,39,7,4,10,12,91,90,5,0.03125
25,40,0,5,15,12,71,68,8,0.05
25,41,1,5,9,13,97,101,8,0.05
25,42,2,5,28,14,114,114,6,0.0375
25,43,3,5,24,13,126,126,8,0.05
25,44,4,5,26,16,127,129,8,0.05
25,45,5,5,13,10,110,109,9,0.05625
25,46,6,5,8,17,99,101,9,0.05625
25,47,7,5,7,25,84,87,4,0.025
25,48,0,6,7,20,56,52,7,0.04375
25,49,1,6,13,12,74,78,11,0.06875
25,50,2,6,20,12,92,95,7,0.04375
25,51,3,6,30,17,110,114,7,0.04375
25,52,4,6,16,15,106,106,7,0.04375
25,53,5,6,12,20,89,92,6,0.0375
25,54,6,6,6,16,73,75,8,0.05
25,55,7,6,3,18,59,60,4,0.025
25,56,0,7,19,12,36,36,4,0.025
25,57,1,7,16,15,56,61,6,0.0375
25,58,2,7,26,13,75,79,4,0.025
25,59,3,7,16,12,74,74,6,0.0375
25,60,4,7,6,16,67,63,8,0.05
25,61,5,7,13,5,55,54,8,0.05
25,62,6,7,5,14,43,44,8,0.05
25,63,7,7,3,20,30,32,4,0.025
26,0,0,0,9,22,40,43,2,0.0125
26,1,1,0,15,27,68,70,7,0.04375
26,2,2,0,18,29,93,91,7,0.04375
26,3,3,0,35,19,105,106,5,0.03125
26,4,4,0,31,23,107,110,3,0.01875
26,5,5,0,20,14,82,82,6,0.0375
26,6,6,0,8,12,61,61,8,0.05
26,7,7,0,12,17,44,45,4,0.025
26,8,0,1,8,15,63,66,3,0.01875
26,9,1,1,13,15,95,93,8,0.05
26,10,2,1,18,15,115,116,8,0.05
26,11,3,1,33,25,131,132,7,0.04375
26,12,4,1,35,9,126,133,4,0.025
26,13,5,1,18,16,98,100,6,0.0375
26,14,6,1,4,18,79,80,8,0.05
26,15,7,1,3,16,57,52,10,0.0625
26,16,0,2,5,17,76,75,5,0.03125
26,17,1,2,10,14,92,90,14,0.0875
26,18,2,2,12,12,118,117,10,0.0625
26,19,3,2,27,15,138,136,7,0.04375
26,20,4,2,38,13,145,145,8,0.05
26,21,5,2,18,10,116,114,9,0.05625
26,22,6,2,10,18,115,111,10,0.0625
26,23,7,2,12,11,75,69,9,0.05625
26,24,0,3,11,12,92,91,8,0.05
26,25,1,3,7,13,109,111,8,0.05
26,26,2,3,23,6,138,140,6,0.0375
26,27,3,3,35,10,152,152,7,0.04375
26,28,4,3,24,16,140,146,5,0.03125
26,29,5,3,18,16,113,114,8,0.05
26,30,6,3,10,18,106,106,7,0.04375
26,31,7,3,3,11,68,68,5,0.03125
26,32,0,4,7,6,88,86,6,0.0375
26,33,1,4,4,17,110,109,10,0.0625
26,34,2,4,13,17,128,135,5,0.03125
26,35,3,4,30,16,148,144,9,0.05625
26,36,4,4,40,14,155,156,7,0.04375
26,37,5,4,21,10,124,122,9,0.05625
26,38,6,4,9,23,111,110,8,0.05
26,39,7,4,8,10,74,76,4,0.025
26,40,0,5,12,17,85,84,6,0.0375
26,41,1,5,12,12,111,110,7,0.04375
26,42,2,5,20,18,138,140,5,0.03125
26,43,3,5,36,15,151,151,7,0.04375
26,44,4,5,23,22,130,133,5,0.03125
26,45,5,5,12,12,106,104,10,0.0625
26,46,6,5,3,11,76,74,10,0.0625
26,47,7,5,5,22,78,77,5,0.03125
26,48,0,6,10,13,64,60,12,0.075
26,49,1,6,8,13,82,88,5,0.03125
26,50,2,6,17,23,116,116,8,0.05
26,51,3,6,34,17,129,130,5,0.03125
26,52,4,6,36,25,122,125,6,0.0375
26,53,5,6,10,16,100,97,7,0.04375
26,54,6,6,3,11,69,67,10,0.0625
26,55,7,6,6,24,65,64,5,0.03125
26,56,0,7,14,18,48,44,7,0.04375
26,57,1,7,9,24,68,62,10,0.0625
26,58,2,7,22,16,90,87,9,0.05625
26,59,3,7,32,19,108,105,9,0.05625
26,60,4,7,25,13,91,93,5,0.03125
26,61,5,7,12,15,71,71,8,0.05
26,62,6,7,4,13,50,51,7,0.04375
26,63,7,7,10,16,37,39,1,0.00625
27,0,0,0,14,18,43,40,4,0.025
27,1,1,0,8,7,52,49,9,0.05625
27,2,2,0,13,15,83,83,9,0.05625
27,3,3,0,31,20,106,102,7,0.04375
27,4,4,0,35,15,108,108,6,0.0375
27,5,5,0,15,12,79,77,7,0.04375
27,6,6,0,9,10,57,59,7,0.04375
27,7,7,0,8,21,44,45,4,0.025
27,8,0,1,4,20,63,62,3,0.01875
27,9,1,1,4,23,70,71,8,0.05
27,10,2,1,14,13,97,98,6,0.0375
27,11,3,1,29,33,132,131,7,0.04375
27,12,4,1,38,17,138,135,8,0.05
27,13,5,1,16,15,95,95,7,0.04375
27,14,6,1,13,14,79,79,7,0.04375
27,15,7,1,9,14,66,70,4,0.025
27,16,0,2,11,12,76,79,3,0.01875
27,17,1,2,6,17,93,95,11,0.06875
27,18,2,2,27,19,120,122,6,0.0375
27,19,3,2,36,13,141,143,7,0.04375
27,20,4,2,8,14,116,118,7,0.04375
27,21,5,2,10,13,79,77,8,0.05
27,22,6,2,2,17,77,79,9,0.05625
27,23,7,2,0,15,69,75,4,0.025
27,24,0,3,14,12,89,90,5,0.03125
27,25,1,3,12,16,114,117,5,0.03125
27,26,2,3,23,20,136,132,9,0.05625
27,27,3,3,43,11,164,165,6,0.0375
27,28,4,3,25,20,151,147,7,0.04375
27,29,5,3,12,17,101,104,5,0.03125
27,30,6,3,3,14,99,95,11,0.06875
27,31,7,3,10,16,94,92,7,0.04375
27,32,0,4,9,20,91,87,11,0.06875
27,33,1,4,10,11,108,110,10,0.0625
27,34,2,4,23,18,131,130,7,0.04375
27,35,3,4,33,17,153,157,4,0.025
27,36,4,4,33,17,152,154,7,0.04375
27,37,5,4,19,9,122,123,7,0.04375
27,38,6,4,12,19,102,100,9,0.05625
27,39,7,4,8,14,88,84,7,0.04375
27,40,0,5,6,12,72,75,6,0.0375
27,41,1,5,7,19,98,97,9,0.05625
27,42,2,5,14,17,123,119,9,0.05625
27,43,3,5,36,21,147,144,8,0.05
27,44,4,5,35,16,145,141,8,0.05
27,45,5,5,20,20,121,123,8,0.05
27,46,6,5,8,13,95,96,10,0.0625
27,47,7,5,4,16,71,69,6,0.0375
27,48,0,6,13,15,70,73,7,0.04375
27,49,1,6,15,15,98,95,8,0.05
27,50,2,6,23,17,115,112,9,0.05625
27,51,3,6,38,14,125,125,5,0.03125
27,52,4,6,22,17,112,111,5,0.03125
27,53,5,6,11,21,88,89,8,0.05
27,54,6,6,9,14,81,83,7,0.04375
27,55,7,6,5,15,57,57,5,0.03125
27,56,0,7,13,16,41,42,7,0.04375
27,57,1,7,15,24,68,73,8,0.05
27,58,2,7,24,17,83,84,8,0.05
27,59,3,7,22,20,86,89,6,0.0375
27,60,4,7,15,23,80,81,5,0.03125
27,61,5,7,7,11,61,62,8,0.05
27,62,6,7,4,14,55,52,9,0.05625
27,63,7,7,9,16,38,36,4,0.025
28,0,0,0,6,16,29,30,4,0.025
28,1,1,0,7,23,60,61,9,0.05625
28,2,2,0,16,22,88,88,8,0.05
28,3,3,0,37,16,105,108,6,0.0375
28,4,4,0,29,20,104,105,4,0.025
28,5,5,0,12,22,86,86,8,0.05
28,6,6,0,12,22,70,69,8,0.05
28,7,7,0,7,16,41,39,6,0.0375
28,8,0,1,11,18,57,57,4,0.025
28,9,1,1,7,20,89,89,6,0.0375
28,10,2,1,15,21,114,117,5,0.03125
28,11,3,1,37,36,144,145,6,0.0375
28,12,4,1,37,17,135,134,7,0.04375
28,13,5,1,13,11,101,100,9,0.05625
28,14,6,1,10,18,92,89,9,0.05625
28,15,7,1,6,17,62,61,6,0.0375
28,16,0,2,7,17,83,80,5,0.03125
28,17,1,2,11,11,109,109,10,0.0625
28,18,2,2,24,15,141,137,9,0.05625
28,19,3,2,32,13,150,147,10,0.0625
28,20,4,2,35,14,149,148,6,0.0375
28,21,5,2,10,12,113,116,7,0.04375
28,22,6,2,8,17,102,104,7,0.04375
28,23,7,2,6,10,75,75,4,0.025
28,24,0,3,7,25,93,95,5,0.03125
28,25,1,3,11,14,107,104,8,0.05
28,26,2,3,18,21,138,141,7,0.04375
28,27,3,3,37,12,149,152,4,0.025
28,28,4,3,36,13,155,156,6,0.0375
28,29,5,3,18,18,129,126,8,0.05
28,30,6,3,13,25,115,118,9,0.05625
28,31,7,3,4,20,86,88,4,0.025
28,32,0,4,12,14,87,90,6,0.0375
28,33,1,4,15,13,105,106,9,0.05625
28,34,2,4,21,19,143,142,7,0.04375
28,35,3,4,32,18,155,154,7,0.04375
28,36,4,4,30,20,150,150,6,0.0375
28,37,5,4,8,14,116,114,9,0.05625
28,38,6,4,5,19,107,108,9,0.05625
28,39,7,4,7,21,86,89,4,0.025
28,40,0,5,12,16,84,82,8,0.05
28,41,1,5,12,12,104,105,7,0.04375
28,42,2,5,16,23,136,139,6,0.0375
28,43,3,5,38,15,152,156,7,0.04375
28,44,4,5,30,15,139,139,6,0.0375
28,45,5,5,15,9,109,111,7,0.04375
28,46,6,5,4,13,91,92,9,0.05625
28,47,7,5,10,14,79,81,4,0.025
28,48,0,6,9,19,60,63,5,0.03125
28,49,1,6,8,19,79,78,9,0.05625
28,50,2,6,24,14,111,114,6,0.0375
28,51,3,6,33,19,125,122,7,0.04375
28,52,4,6,27,14,111,109,9,0.05625
28,53,5,6,14,13,98,97,8,0.05
28,54,6,6,6,15,76,74,11,0.06875
28,55,7,6,9,17,62,63,4,0.025
28,56,0,7,8,12,29,32,4,0.025
28,57,1,7,10,19,52,52,8,0.05
28,58,2,7,11,15,78,80,5,0.03125
28,59,3,7,32,16,101,101,6,0.0375
28,60,4,7,36,11,107,106,6,0.0375
28,61,5,7,20,15,84,82,8,0.05
28,62,6,7,7,17,51,52,8,0.05
28,63,7,7,5,15,34,34,3,0.01875
29,0,0,0,17,27,62,62,3,0.01875
29,1,1,0,16,25,103,104,7,0.04375
29,2,2,0,27,24,135,137,6,0.0375
29,3,3,0,40,27,163,163,5,0.03125
29,4,4,0,38,22,149,147,7,0.04375
29,5,5,0,23,19,119,119,8,0.05
29,6,6,0,21,20,94,94,8,0.05
29,7,7,0,23,33,74,75,5,0.03125
29,8,0,1,24,12,94,92,5,0.03125
29,9,1,1,19,21,141,138,10,0.0625
29,10,2,1,32,35,180,178,6,0.0375
29,11,3,1,37,40,211,208,10,0.0625
29,12,4,1,35,31,182,182,9,0.05625
29,13,5,1,19,35,160,160,8,0.05
29,14,6,1,16,25,127,127,9,0.05625
29,15,7,1,21,20,101,102,5,0.03125
29,16,0,2,19,24,115,116,4,0.025
29,17,1,2,17,20,155,155,11,0.06875
29,18,2,2,28,23,201,198,12,0.075
29,19,3,2,42,27,223,226,7,0.04375
29,20,4,2,33,19,185,182,9,0.05625
29,21,5,2,23,20,172,170,8,0.05
29,22,6,2,18,30,162,157,12,0.075
29,23,7,2,19,21,126,126,5,0.03125
29,24,0,3,18,29,127,128,4,0.025
29,25,1,3,19,22,165,164,10,0.0625
29,26,2,3,31,27,222,220,9,0.05625
29,27,3,3,33,22,239,233,10,0.0625
29,28,4,3,34,34,219,220,7,0.04375
29,29,5,3,25,31,204,203,7,0.04375
29,30,6,3,25,24,178,175,9,0.05625
29,31,7,3,23,28,140,141,4,0.025
29,32,0,4,18,25,123,125,6,0.0375
29,33,1,4,22,18,166,168,6,0.0375
29,34,2,4,18,32,210,206,11,0.06875
29,35,3,4,32,29,213,210,9,0.05625
29,36,4,4,35,27,211,211,7,0.04375
29,37,5,4,30,30,209,209,9,0.05625
29,38,6,4,23,21,187,187,8,0.05
29,39,7,4,27,23,135,135,4,0.025
29,40,0,5,24,17,120,122,4,0.025
29,41,1,5,19,31,169,169,8,0.05
29,42,2,5,29,25,210,206,11,0.06875
29,43,3,5,32,20,201,197,11,0.06875
29,44,4,5,34,21,196,196,8,0.05
29,45,5,5,32,27,188,187,8,0.05
29,46,6,5,19,22,169,169,8,0.05
29,47,7,5,18,21,113,112,5,0.03125
29,48,0,6,22,22,107,107,5,0.03125
29,49,1,6,19,27,139,140,8,0.05
29,50,2,6,21,29,174,175,5,0.03125
29,51,3,6,37,24,188,184,13,0.08125
29,52,4,6,33,22,179,180,7,0.04375
29,53,5,6,24,12,151,149,9,0.05625
29,54,6,6,13,29,140,141,8,0.05
29,55,7,6,19,23,101,99,5,0.03125
29,56,0,7,26,29,78,76,5,0.03125
29,57,1,7,25,24,105,105,6,0.0375
29,58,2,7,29,28,140,139,6,0.0375
29,59,3,7,33,18,148,148,7,0.04375
29,60,4,7,34,25,150,150,6,0.0375
29,61,5,7,22,28,127,130,6,0.0375
29,62,6,7,26,23,102,104,7,0.04375
29,63,7,7,19,30,68,67,5,0.03125
30,0,0,0,13,13,50,49,3,0.01875
30,1,1,0,24,18,83,85,5,0.03125
30,2,2,0,27,17,103,105,5,0.03125
30,3,3,0,36,13,107,106,7,0.04375
30,4,4,0,25,12,91,91,6,0.0375
30,5,5,0,17,14,74,74,7,0.04375
30,6,6,0,13,17,59,60,7,0.04375
30,7,7,0,3,20,32,32,5,0.03125
30,8,0,1,5,20,71,73,4,0.025
30,9,1,1,7,12,83,83,10,0.0625
30,10,2,1,20,20,115,111,10,0.0625
30,11,3,1,34,38,135,139,7,0.04375
30,12,4,1,27,7,107,109,7,0.04375
30,13,5,1,17,14,97,97,8,0.05
30,14,6,1,6,23,90,92,9,0.05625
30,15,7,1,2,12,48,49,4,0.025
30,16,0,2,9,23,100,95,10,0.0625
30,17,1,2,3,19,100,100,10,0.0625
30,18,2,2,20,16,122,125,10,0.0625
30,19,3,2,30,9,148,147,6,0.0375
30,20,4,2,24,9,123,128,6,0.0375
30,21,5,2,15,13,104,105,8,0.05
30,22,6,2,9,18,99,101,9,0.05625
30,23,7,2,3,15,59,58,5,0.03125
30,24,0,3,10,17,101,98,7,0.04375
30,25,1,3,8,19,111,114,8,0.05
30,26,2,3,25,16,147,146,9,0.05625
30,27,3,3,36,15,150,152,8,0.05
30,28,4,3,25,13,128,124,9,0.05625
30,29,5,3,17,14,119,119,8,0.05
30,30,6,3,3,16,117,118,9,0.05625
30,31,7,3,8,18,81,78,5,0.03125
30,32,0,4,7,16,84,85,4,0.025
30,33,1,4,2,17,93,88,10,0.0625
30,34,2,4,10,18,117,118,9,0.05625
30,35,3,4,15,14,126,127,8,0.05
30,36,4,4,30,14,142,142,6,0.0375
30,37,5,4,29,21,145,144,8,0.05
30,38,6,4,21,17,138,137,10,0.0625
30,39,7,4,15,11,89,88,4,0.025
30,40,0,5,8,18,73,76,2,0.0125
30,41,1,5,7,22,104,106,7,0.04375
30,42,2,5,18,16,125,130,6,0.0375
30,43,3,5,46,16,148,149,10,0.0625
30,44,4,5,25,20,138,141,7,0.04375
30,45,5,5,8,9,109,107,7,0.04375
30,46,6,5,4,18,100,97,9,0.05625
30,47,7,5,7,21,71,71,5,0.03125
30,48,0,6,10,22,62,62,4,0.025
30,49,1,6,15,19,92,92,8,0.05
30,50,2,6,25,13,110,109,8,0.05
30,51,3,6,40,11,119,121,9,0.05625
30,52,4,6,24,25,119,119,5,0.03125
30,53,5,6,11,18,101,103,7,0.04375
30,54,6,6,1,25,81,83,7,0.04375
30,55,7,6,4,8,44,45,4,0.025
30,56,0,7,6,18,33,34,5,0.03125
30,57,1,7,16,16,60,59,8,0.05
30,58,2,7,22,17,88,88,6,0.0375
30,59,3,7,31,17,94,96,5,0.03125
30,60,4,7,24,16,86,86,5,0.03125
30,61,5,7,15,17,74,73,7,0.04375
30,62,6,7,8,13,49,49,7,0.04375
30,63,7,7,5,16,30,31,4,0.025
31,0,0,0,13,12,41,42,4,0.025
31,1,1,0,9,15,62,62,6,0.0375
31,2,2,0,30,13,95,95,6,0.0375
31,3,3,0,39,19,107,109,5,0.03125
31,4,4,0,24,13,89,88,8,0.05
31,5,5,0,13,14,72,72,7,0.04375
31,6,6,0,4,17,52,50,8,0.05
31,7,7,0,4,9,23,24,3,0.01875
31,8,0,1,12,16,67,67,4,0.025
31,9,1,1,8,13,82,84,8,0.05
31,10,2,1,14,17,109,112,7,0.04375
31,11,3,1,31,29,140,140,5,0.03125
31,12,4,1,26,17,113,114,6,0.0375
31,13,5,1,9,8,84,83,10,0.0625
31,14,6,1,5,17,78,76,10,0.0625
31,15,7,1,11,23,54,53,5,0.03125
31,16,0,2,10,18,78,83,4,0.025
31,17,1,2,11,16,102,104,8,0.05
31,18,2,2,18,12,119,123,8,0.05
31,19,3,2,40,11,153,152,8,0.05
31,20,4,2,26,12,129,127,6,0.0375
31,21,5,2,9,10,100,99,10,0.0625
31,22,6,2,4,13,86,91,5,0.03125
31,23,7,2,9,16,67,68,4,0.025
31,24,0,3,6,16,84,86,4,0.025
31,25,1,3,9,23,116,117,7,0.04375
31,26,2,3,18,18,124,125,8,0.05
31,27,3,3,40,15,158,161,6,0.0375
31,28,4,3,27,15,140,143,4,0.025
31,29,5,3,11,15,119,119,9,0.05625
31,30,6,3,9,19,102,105,8,0.05
31,31,7,3,8,14,71,72,5,0.03125
31,32,0,4,5,17,84,81,6,0.0375
31,33,1,4,6,22,104,109,7,0.04375
31,34,2,4,11,10,109,113,6,0.0375
31,35,3,4,24,18,142,143,8,0.05
31,36,4,4,35,9,142,140,7,0.04375
31,37,5,4,16,15,121,123,8,0.05
31,38,6,4,6,15,94,98,6,0.0375
31,39,7,4,5,12,74,75,3,0.01875
31,40,0,5,7,14,85,81,7,0.04375
31,41,1,5,12,11,102,105,4,0.025
31,42,2,5,27,16,121,121,5,0.03125
31,43,3,5,47,10,135,136,8,0.05
31,44,4,5,26,11,123,123,5,0.03125
31,45,5,5,12,19,111,112,8,0.05
31,46,6,5,9,15,88,90,10,0.0625
31,47,7,5,5,16,71,73,4,0.025
31,48,0,6,9,20,65,67,4,0.025
31,49,1,6,9,14,75,74,8,0.05
31,50,2,6,18,14,93,93,8,0.05
31,51,3,6,35,17,101,97,14,0.0875
31,52,4,6,27,17,104,103,8,0.05
31,53,5,6,5,16,81,81,7,0.04375
31,54,6,6,7,12,62,59,9,0.05625
31,55,7,6,4,22,57,58,4,0.025
31,56,0,7,7,22,35,36,4,0.025
31,57,1,7,4,14,36,38,7,0.04375
31,58,2,7,8,25,51,51,7,0.04375
31,59,3,7,14,11,47,39,13,0.08125
31,60,4,7,12,8,44,43,8,0.05
31,61,5,7,8,10,43,43,8,0.05
31,62,6,7,3,13,36,34,9,0.05625
31,63,7,7,1,16,29,29,4,0.025
32,0,0,0,3,10,30,30,4,0.025
32,1,1,0,7,10,46,44,8,0.05
32,2,2,0,21,11,77,75,7,0.04375
32,3,3,0,27,13,93,90,8,0.05
32,4,4,0,39,21,112,115,3,0.01875
32,5,5,0,23,9,83,84,7,0.04375
32,6,6,0,11,9,59,61,6,0.0375
32,7,7,0,13,17,42,42,3,0.01875
32,8,0,1,6,11,57,53,6,0.0375
32,9,1,1,8,8,64,65,8,0.05
32,10,2,1,15,16,102,101,9,0.05625
32,11,3,1,29,21,123,121,8,0.05
32,12,4,1,28,9,119,119,7,0.04375
32,13,5,1,17,14,82,83,7,0.04375
32,14,6,1,5,8,62,60,12,0.075
32,15,7,1,7,15,56,57,4,0.025
32,16,0,2,0,11,63,62,5,0.03125
32,17,1,2,7,16,82,82,9,0.05625
32,18,2,2,12,11,108,106,9,0.05625
32,19,3,2,21,19,128,131,6,0.0375
32,20,4,2,32,16,148,144,11,0.06875
32,21,5,2,36,18,125,125,9,0.05625
32,22,6,2,13,16,93,91,6,0.0375
32,23,7,2,5,16,74,73,6,0.0375
32,24,0,3,9,22,89,87,6,0.0375
32,25,1,3,5,18,106,106,7,0.04375
32,26,2,3,20,15,123,126,6,0.0375
32,27,3,3,31,18,160,157,7,0.04375
32,28,4,3,26,17,155,154,8,0.05
32,29,5,3,23,8,126,125,8,0.05
32,30,6,3,11,11,95,94,8,0.05
32,31,7,3,5,13,78,78,5,0.03125
32,32,0,4,5,9,78,77,8,0.05
32,33,1,4,10,15,106,105,8,0.05
32,34,2,4,11,15,118,115,8,0.05
32,35,3,4,34,12,148,146,10,0.0625
32,36,4,4,40,16,157,154,11,0.06875
32,37,5,4,27,15,142,141,9,0.05625
32,38,6,4,10,14,97,95,9,0.05625
32,39,7,4,7,16,71,72,4,0.025
32,40,0,5,15,11,71,69,8,0.05
32,41,1,5,11,16,93,88,9,0.05625
32,42,2,5,18,9,110,107,7,0.04375
32,43,3,5,30,13,135,135,7,0.04375
32,44,4,5,31,18,141,139,7,0.04375
32,45,5,5,18,19,119,122,6,0.0375
32,46,6,5,5,18,81,85,6,0.0375
32,47,7,5,10,12,56,56,4,0.025
32,48,0,6,3,19,40,41,3,0.01875
32,49,1,6,8,14,55,58,7,0.04375
32,50,2,6,23,13,80,78,8,0.05
32,51,3,6,29,12,95,99,11,0.06875
32,52,4,6,22,15,103,103,8,0.05
32,53,5,6,5,17,77,76,9,0.05625
32,54,6,6,2,14,57,60,8,0.05
32,55,7,6,2,19,42,40,5,0.03125
32,56,0,7,2,10,14,14,4,0.025
32,57,1,7,5,15,33,32,7,0.04375
32,58,2,7,10,19,49,49,7,0.04375
32,59,3,7,28,13,60,65,7,0.04375
32,60,4,7,6,17,48,47,8,0.05
32,61,5,7,0,12,26,26,8,0.05
32,62,6,7,0,14,25,24,10,0.0625
32,63,7,7,1,10,16,15,4,0.025
33,0,0,0,10,9,26,27,3,0.01875
33,1,1,0,9,22,65,63,10,0.0625
33,2,2,0,12,15,78,78,7,0.04375
33,3,3,0,37,18,106,106,7,0.04375
33,4,4,0,35,16,107,105,7,0.04375
33,5,5,0,25,21,95,94,8,0.05
33,6,6,0,8,10,56,55,8,0.05
33,7,7,0,10,11,38,38,4,0.025
33,8,0,1,4,18,46,50,4,0.025
33,9,1,1,6,19,80,82,6,0.0375
33,10,2,1,12,19,104,101,11,0.06875
33,11,3,1,26,27,132,131,9,0.05625
33,12,4,1,36,13,127,127,6,0.0375
33,13,5,1,27,13,125,125,8,0.05
33,14,6,1,11,16,90,95,7,0.04375
33,15,7,1,8,16,66,65,5,0.03125
33,16,0,2,8,14,74,73,5,0.03125
33,17,1,2,5,12,99,99,8,0.05
33,18,2,2,15,15,128,132,6,0.0375
33,19,3,2,47,17,164,161,8,0.05
33,20,4,2,24,15,126,127,11,0.06875
33,21,5,2,14,17,117,114,12,0.075
33,22,6,2,7,16,100,96,9,0.05625
33,23,7,2,11,14,73,76,3,0.01875
33,24,0,3,16,12,87,88,6,0.0375
33,25,1,3,11,15,110,108,9,0.05625
33,26,2,3,18,18,143,138,10,0.0625
33,27,3,3,38,11,151,151,7,0.04375
33,28,4,3,31,17,143,144,7,0.04375
33,29,5,3,11,17,121,126,6,0.0375
33,30,6,3,6,15,108,105,10,0.0625
33,31,7,3,9,11,78,78,6,0.0375
33,32,0,4,5,16,77,78,7,0.04375
33,33,1,4,9,14,89,87,8,0.05
33,34,2,4,10,14,115,119,6,0.0375
33,35,3,4,19,9,135,135,9,0.05625
33,36,4,4,39,16,146,149,8,0.05
33,37,5,4,37,23,150,151,7,0.04375
33,38,6,4,15,16,119,117,9,0.05625
33,39,7,4,12,14,87,84,7,0.04375
33,40,0,5,9,15,65,69,4,0.025
33,41,1,5,8,11,78,78,8,0.05
33,42,2,5,20,12,115,117,6,0.0375
33,43,3,5,36,10,131,131,9,0.05625
33,44,4,5,30,17,136,134,8,0.05
33,45,5,5,8,19,113,112,7,0.04375
33,46,6,5,6,16,81,80,7,0.04375
33,47,7,5,2,16,71,70,4,0.025
33,48,0,6,13,11,57,54,4,0.025
33,49,1,6,6,19,74,74,7,0.04375
33,50,2,6,17,15,98,100,8,0.05
33,51,3,6,43,19,114,112,12,0.075
33,52,4,6,20,15,108,111,6,0.0375
33,53,5,6,9,18,96,96,9,0.05625
33,54,6,6,5,18,67,67,6,0.0375
33,55,7,6,4,19,54,55,4,0.025
33,56,0,7,5,17,28,27,4,0.025
33,57,1,7,5,11,32,31,9,0.05625
33,58,2,7,7,18,52,51,7,0.04375
33,59,3,7,20,11,55,51,11,0.06875
33,60,4,7,13,21,60,61,8,0.05
33,61,5,7,8,18,51,50,9,0.05625
33,62,6,7,4,14,38,40,8,0.05
33,63,7,7,10,12,30,30,5,0.03125
34,0,0,0,24,22,70,69,4,0.025
34,1,1,0,17,22,105,105,10,0.0625
34,2,2,0,19,18,126,123,10,0.0625
34,3,3,0,29,30,151,149,11,0.06875
34,4,4,0,33,21,148,151,2,0.0125
34,5,5,0,31,23,135,136,6,0.0375
34,6,6,0,18,26,97,98,6,0.0375
34,7,7,0,18,24,60,60,4,0.025
34,8,0,1,19,22,98,98,3,0.01875
34,9,1,1,24,31,139,133,11,0.06875
34,10,2,1,30,18,151,154,9,0.05625
34,11,3,1,36,69,221,221,10,0.0625
34,12,4,1,29,16,174,173,6,0.0375
34,13,5,1,24,27,175,176,6,0.0375
34,14,6,1,18,25,138,136,9,0.05625
34,15,7,1,29,24,110,111,4,0.025
34,16,0,2,26,30,145,145,7,0.04375
34,17,1,2,18,22,164,165,8,0.05
34,18,2,2,32,21,191,188,7,0.04375
34,19,3,2,31,35,248,251,5,0.03125
34,20,4,2,40,25,211,212,8,0.05
34,21,5,2,26,27,196,200,8,0.05
34,22,6,2,18,19,148,150,8,0.05
34,23,7,2,21,20,126,123,5,0.03125
34,24,0,3,22,33,152,147,9,0.05625
34,25,1,3,25,21,175,173,10,0.0625
34,26,2,3,32,18,211,217,5,0.03125
34,27,3,3,35,30,258,260,6,0.0375
34,28,4,3,36,35,231,229,9,0.05625
34,29,5,3,31,32,220,214,10,0.0625
34,30,6,3,20,23,167,169,8,0.05
34,31,7,3,28,27,144,144,5,0.03125
34,32,0,4,22,20,133,136,4,0.025
34,33,1,4,25,20,166,165,9,0.05625
34,34,2,4,29,22,212,208,10,0.0625
34,35,3,4,42,34,254,254,10,0.0625
34,36,4,4,26,20,218,217,10,0.0625
34,37,5,4,28,12,196,196,8,0.05
34,38,6,4,18,27,159,163,6,0.0375
34,39,7,4,27,18,135,136,6,0.0375
34,40,0,5,19,26,121,115,9,0.05625
34,41,1,5,24,17,164,162,10,0.0625
34,42,2,5,28,24,198,197,8,0.05
34,43,3,5,35,30,231,231,9,0.05625
34,44,4,5,34,21,212,214,9,0.05625
34,45,5,5,33,19,190,187,10,0.0625
34,46,6,5,15,27,151,149,9,0.05625
34,47,7,5,21,21,121,122,4,0.025
34,48,0,6,23,22,92,87,10,0.0625
34,49,1,6,23,31,142,139,10,0.0625
34,50,2,6,30,37,181,178,10,0.0625
34,51,3,6,29,33,196,199,10,0.0625
34,52,4,6,33,25,182,177,11,0.06875
34,53,5,6,24,29,158,158,8,0.05
34,54,6,6,15,23,129,129,7,0.04375
34,55,7,6,18,29,99,99,4,0.025
34,56,0,7,21,13,53,52,6,0.0375
34,57,1,7,20,32,98,98,7,0.04375
34,58,2,7,28,34,134,135,7,0.04375
34,59,3,7,37,22,155,161,5,0.03125
34,60,4,7,33,30,153,153,7,0.04375
34,61,5,7,26,28,133,133,8,0.05
34,62,6,7,23,27,108,108,7,0.04375
34,63,7,7,25,28,70,71,4,0.025
35,0,0,0,7,22,45,43,4,0.025
35,1,1,0,11,14,56,57,9,0.05625
35,2,2,0,16,13,73,75,7,0.04375
35,3,3,0,36,16,106,109,6,0.0375
35,4,4,0,32,16,107,105,6,0.0375
35,5,5,0,24,20,95,93,8,0.05
35,6,6,0,7,18,60,59,8,0.05
35,7,7,0,9,23,44,43,4,0.025
35,8,0,1,11,23,77,75,5,0.03125
35,9,1,1,17,15,82,88,6,0.0375
35,10,2,1,23,15,97,96,9,0.05625
35,11,3,1,35,20,121,122,8,0.05
35,12,4,1,13,12,101,97,10,0.0625
35,13,5,1,12,11,92,91,9,0.05625
35,14,6,1,1,19,75,75,8,0.05
35,15,7,1,1,18,55,56,4,0.025
35,16,0,2,9,18,85,84,6,0.0375
35,17,1,2,11,14,98,95,10,0.0625
35,18,2,2,15,10,109,106,10,0.0625
35,19,3,2,33,26,152,150,8,0.05
35,20,4,2,27,14,138,140,6,0.0375
35,21,5,2,14,16,125,123,10,0.0625
35,22,6,2,9,22,105,106,8,0.05
35,23,7,2,7,14,72,70,6,0.0375
35,24,0,3,12,19,96,101,5,0.03125
35,25,1,3,7,24,120,121,8,0.05
35,26,2,3,23,14,129,128,6,0.0375
35,27,3,3,34,18,163,158,10,0.0625
35,28,4,3,32,13,140,141,7,0.04375
35,29,5,3,10,19,129,132,7,0.04375
35,30,6,3,9,14,108,108,8,0.05
35,31,7,3,5,9,73,75,4,0.025
35,32,0,4,5,14,80,78,6,0.0375
35,33,1,4,10,19,106,109,8,0.05
35,34,2,4,13,11,112,113,8,0.05
35,35,3,4,31,14,146,149,6,0.0375
35,36,4,4,35,10,143,144,6,0.0375
35,37,5,4,19,22,142,140,10,0.0625
35,38,6,4,13,9,106,104,9,0.05625
35,39,7,4,9,23,85,87,3,0.01875
35,40,0,5,6,14,71,71,10,0.0625
35,41,1,5,8,20,100,102,9,0.05625
35,42,2,5,13,13,110,109,9,0.05625
35,43,3,5,33,8,125,124,9,0.05625
35,44,4,5,32,18,130,130,7,0.04375
35,45,5,5,14,14,121,123,8,0.05
35,46,6,5,9,16,103,100,11,0.06875
35,47,7,5,6,14,73,71,5,0.03125
35,48,0,6,6,15,51,52,10,0.0625
35,49,1,6,3,12,78,76,10,0.0625
35,50,2,6,19,16,88,89,8,0.05
35,51,3,6,30,12,103,105,7,0.04375
35,52,4,6,19,22,107,107,10,0.0625
35,53,5,6,3,23,98,101,6,0.0375
35,54,6,6,6,13,82,80,10,0.0625
35,55,7,6,7,19,60,62,3,0.01875
35,56,0,7,10,14,34,36,4,0.025
35,57,1,7,4,22,67,68,8,0.05
35,58,2,7,18,20,88,87,6,0.0375
35,59,3,7,35,11,102,100,6,0.0375
35,60,4,7,28,12,99,101,6,0.0375
35,61,5,7,26,10,88,90,5,0.03125
35,62,6,7,16,23,74,73,9,0.05625
35,63,7,7,10,9,37,36,5,0.03125
36,0,0,0,6,21,39,41,4,0.025
36,1,1,0,8,16,51,53,5,0.03125
36,2,2,0,11,13,68,70,7,0.04375
36,3,3,0,33,17,102,105,4,0.025
36,4,4,0,35,13,101,102,4,0.025
36,5,5,0,14,10,73,75,7,0.04375
36,6,6,0,12,21,62,61,6,0.0375
36,7,7,0,9,23,43,44,4,0.025
36,8,0,1,12,20,77,78,5,0.03125
36,9,1,1,10,9,84,81,8,0.05
36,10,2,1,21,14,106,109,7,0.04375
36,11,3,1,27,33,134,137,5,0.03125
36,12,4,1,25,13,105,110,6,0.0375
36,13,5,1,12,19,92,89,11,0.06875
36,14,6,1,10,12,67,69,7,0.04375
36,15,7,1,4,16,62,59,5,0.03125
36,16,0,2,4,18,90,90,7,0.04375
36,17,1,2,11,22,103,105,9,0.05625
36,18,2,2,18,15,113,115,8,0.05
36,19,3,2,30,11,150,152,5,0.03125
36,20,4,2,32,22,143,142,8,0.05
36,21,5,2,22,14,118,120,8,0.05
36,22,6,2,6,7,83,83,8,0.05
36,23,7,2,5,14,75,77,4,0.025
36,24,0,3,4,16,89,88,6,0.0375
36,25,1,3,9,13,110,109,9,0.05625
36,26,2,3,23,13,120,117,9,0.05625
36,27,3,3,24,13,149,148,10,0.0625
36,28,4,3,42,13,154,154,7,0.04375
36,29,5,3,18,13,135,133,10,0.0625
36,30,6,3,7,20,100,100,9,0.05625
36,31,7,3,11,17,89,88,5,0.03125
36,32,0,4,7,23,92,92,7,0.04375
36,33,1,4,11,20,115,116,5,0.03125
36,34,2,4,17,14,127,126,8,0.05
36,35,3,4,49,13,164,161,10,0.0625
36,36,4,4,26,20,151,148,8,0.05
36,37,5,4,14,16,134,134,9,0.05625
36,38,6,4,8,15,106,103,10,0.0625
36,39,7,4,14,21,92,92,4,0.025
36,40,0,5,13,13,81,88,3,0.01875
36,41,1,5,8,17,100,100,9,0.05625
36,42,2,5,15,16,120,120,8,0.05
36,43,3,5,39,13,140,142,9,0.05625
36,44,4,5,31,11,132,131,8,0.05
36,45,5,5,14,23,122,119,9,0.05625
36,46,6,5,3,20,87,90,9,0.05625
36,47,7,5,6,16,78,80,4,0.025
36,48,0,6,10,22,64,66,7,0.04375
36,49,1,6,9,13,81,86,7,0.04375
36,50,2,6,15,18,106,110,6,0.0375
36,51,3,6,38,19,127,121,14,0.0875
36,52,4,6,21,15,108,107,11,0.06875
36,53,5,6,9,16,95,93,9,0.05625
36,54,6,6,4,14,67,68,8,0.05
36,55,7,6,6,12,61,59,5,0.03125
36,56,0,7,8,9,32,31,5,0.03125
36,57,1,7,12,18,61,61,8,0.05
36,58,2,7,21,19,81,82,7,0.04375
36,59,3,7,36,20,100,101,7,0.04375
36,60,4,7,22,22,92,89,7,0.04375
36,61,5,7,14,17,79,77,8,0.05
36,62,6,7,6,10,52,53,8,0.05
36,63,7,7,9,15,40,41,4,0.025
37,0,0,0,13,17,38,38,4,0.025
37,1,1,0,13,15,61,60,6,0.0375
37,2,2,0,27,15,91,91,6,0.0375
37,3,3,0,35,16,107,105,6,0.0375
37,4,4,0,30,17,100,96,8,0.05
37,5,5,0,11,16,75,74,8,0.05
37,6,6,0,7,12,49,50,8,0.05
37,7,7,0,6,15,33,33,4,0.025
37,8,0,1,3,15,43,44,4,0.025
37,9,1,1,5,9,64,66,6,0.0375
37,10,2,1,11,11,90,83,13,0.08125
37,11,3,1,27,23,126,122,7,0.04375
37,12,4,1,38,16,133,132,7,0.04375
37,13,5,1,10,20,106,107,9,0.05625
37,14,6,1,8,10,81,82,7,0.04375
37,15,7,1,11,24,70,72,4,0.025
37,16,0,2,9,8,56,59,4,0.025
37,17,1,2,11,14,99,99,10,0.0625
37,18,2,2,16,16,127,127,9,0.05625
37,19,3,2,39,16,157,155,8,0.05
37,20,4,2,22,11,132,132,7,0.04375
37,21,5,2,15,14,115,114,8,0.05
37,22,6,2,6,10,88,87,8,0.05
37,23,7,2,8,16,76,77,5,0.03125
37,24,0,3,8,15,75,75,5,0.03125
37,25,1,3,8,15,106,109,6,0.0375
37,26,2,3,15,11,123,125,6,0.0375
37,27,3,3,24,17,153,157,7,0.04375
37,28,4,3,33,21,157,156,8,0.05
37,29,5,3,15,23,127,129,7,0.04375
37,30,6,3,15,12,96,98,8,0.05
37,31,7,3,3,12,78,78,3,0.01875
37,32,0,4,5,14,69,71,5,0.03125
37,33,1,4,14,16,114,110,8,0.05
37,34,2,4,19,18,133,137,6,0.0375
37,35,3,4,40,17,161,161,9,0.05625
37,36,4,4,26,13,137,140,8,0.05
37,37,5,4,16,9,116,118,8,0.05
37,38,6,4,5,19,99,100,9,0.05625
37,39,7,4,5,22,86,84,5,0.03125
37,40,0,5,5,9,62,61,5,0.03125
37,41,1,5,9,22,100,102,7,0.04375
37,42,2,5,15,15,108,111,6,0.0375
37,43,3,5,35,16,141,141,7,0.04375
37,44,4,5,29,10,121,126,5,0.03125
37,45,5,5,11,18,115,119,6,0.0375
37,46,6,5,12,14,98,97,9,0.05625
37,47,7,5,5,14,66,66,3,0.01875
37,48,0,6,1,21,52,55,5,0.03125
37,49,1,6,19,17,79,78,7,0.04375
37,50,2,6,15,13,83,82,7,0.04375
37,51,3,6,37,14,92,94,10,0.0625
37,52,4,6,6,14,71,77,6,0.0375
37,53,5,6,7,17,79,79,8,0.05
37,54,6,6,1,17,64,63,8,0.05
37,55,7,6,0,9,42,41,4,0.025
37,56,0,7,9,13,31,32,3,0.01875
37,57,1,7,3,16,48,50,6,0.0375
37,58,2,7,17,22,77,78,6,0.0375
37,59,3,7,35,14,91,90,8,0.05
37,60,4,7,23,11,84,84,9,0.05625
37,61,5,7,11,16,74,75,8,0.05
37,62,6,7,6,24,61,62,7,0.04375
37,63,7,7,6,15,37,34,6,0.0375
38,0,0,0,14,22,49,50,2,0.0125
38,1,1,0,14,12,69,69,7,0.04375
38,2,2,0,30,16,93,91,8,0.05
38,3,3,0,28,24,101,101,6,0.0375
38,4,4,0,22,18,92,93,8,0.05
38,5,5,0,9,13,73,73,8,0.05
38,6,6,0,11,16,57,57,8,0.05
38,7,7,0,6,8,32,31,5,0.03125
38,8,0,1,9,9,62,61,4,0.025
38,9,1,1,6,15,78,70,13,0.08125
38,10,2,1,22,16,101,108,6,0.0375
38,11,3,1,39,23,133,134,8,0.05
38,12,4,1,21,21,116,114,9,0.05625
38,13,5,1,14,11,91,92,8,0.05
38,14,6,1,3,14,74,72,9,0.05625
38,15,7,1,7,19,57,56,5,0.03125
38,16,0,2,8,12,74,77,2,0.0125
38,17,1,2,9,19,106,104,11,0.06875
38,18,2,2,25,8,126,128,6,0.0375
38,19,3,2,39,15,151,150,7,0.04375
38,20,4,2,29,19,137,137,8,0.05
38,21,5,2,10,16,107,107,9,0.05625
38,22,6,2,5,12,90,88,10,0.0625
38,23,7,2,9,13,67,67,4,0.025
38,24,0,3,6,15,79,82,4,0.025
38,25,1,3,15,18,127,124,8,0.05
38,26,2,3,27,13,148,146,9,0.05625
38,27,3,3,37,19,160,164,3,0.01875
38,28,4,3,24,18,135,138,7,0.04375
38,29,5,3,16,13,102,106,5,0.03125
38,30,6,3,1,7,85,86,7,0.04375
38,31,7,3,3,10,66,66,5,0.03125
38,32,0,4,10,14,81,82,3,0.01875
38,33,1,4,3,21,110,112,8,0.05
38,34,2,4,18,14,124,121,6,0.0375
38,35,3,4,29,15,155,159,4,0.025
38,36,4,4,45,14,156,156,7,0.04375
38,37,5,4,15,14,123,122,9,0.05625
38,38,6,4,7,22,106,108,8,0.05
38,39,7,4,9,10,71,73,3,0.01875
38,40,0,5,8,12,68,67,6,0.0375
38,41,1,5,8,23,104,100,8,0.05
38,42,2,5,18,14,120,117,8,0.05
38,43,3,5,37,12,153,152,10,0.0625
38,44,4,5,34,15,136,134,6,0.0375
38,45,5,5,16,14,123,120,9,0.05625
38,46,6,5,6,16,101,100,8,0.05
38,47,7,5,10,14,71,69,4,0.025
38,48,0,6,16,13,55,53,6,0.0375
38,49,1,6,1,18,70,68,8,0.05
38,50,2,6,23,18,92,93,5,0.03125
38,51,3,6,47,24,124,124,12,0.075
38,52,4,6,15,16,93,93,5,0.03125
38,53,5,6,3,19,86,85,8,0.05
38,54,6,6,2,16,61,64,7,0.04375
38,55,7,6,2,16,42,44,4,0.025
38,56,0,7,6,16,28,27,5,0.03125
38,57,1,7,11,9,40,38,7,0.04375
38,58,2,7,20,12,62,60,7,0.04375
38,59,3,7,32,12,81,79,10,0.0625
38,60,4,7,16,12,73,72,10,0.0625
38,61,5,7,10,16,62,59,10,0.0625
38,62,6,7,1,14,35,34,8,0.05
38,63,7,7,3,14,22,25,4,0.025
39,0,0,0,13,16,46,45,3,0.01875
39,1,1,0,16,15,76,76,7,0.04375
39,2,2,0,33,11,99,98,8,0.05
39,3,3,0,37,19,104,102,9,0.05625
39,4,4,0,18,16,86,86,7,0.04375
39,5,5,0,13,17,74,76,5,0.03125
39,6,6,0,6,16,55,55,7,0.04375
39,7,7,0,3,15,33,33,4,0.025
39,8,0,1,12,22,70,70,4,0.025
39,9,1,1,14,17,85,92,7,0.04375
39,10,2,1,18,15,115,117,4,0.025
39,11,3,1,40,24,139,139,8,0.05
39,12,4,1,30,16,115,117,7,0.04375
39,13,5,1,5,17,86,88,7,0.04375
39,14,6,1,6,18,71,71,7,0.04375
39,15,7,1,4,19,55,56,5,0.03125
39,16,0,2,13,12,77,74,4,0.025
39,17,1,2,8,20,103,104,11,0.06875
39,18,2,2,27,17,139,135,9,0.05625
39,19,3,2,37,15,149,148,9,0.05625
39,20,4,2,25,17,132,131,9,0.05625
39,21,5,2,13,19,110,112,6,0.0375
39,22,6,2,5,16,92,95,7,0.04375
39,23,7,2,5,17,76,76,5,0.03125
39,24,0,3,9,12,82,81,5,0.03125
39,25,1,3,7,15,111,113,7,0.04375
39,26,2,3,16,15,133,132,10,0.0625
39,27,3,3,31,16,157,153,8,0.05
39,28,4,3,36,11,159,155,9,0.05625
39,29,5,3,18,16,138,135,6,0.0375
39,30,6,3,15,17,120,119,7,0.04375
39,31,7,3,12,17,94,92,6,0.0375
39,32,0,4,6,14,77,75,4,0.025
39,33,1,4,11,18,106,105,9,0.05625
39,34,2,4,21,20,134,134,8,0.05
39,35,3,4,23,14,154,148,11,0.06875
39,36,4,4,35,18,159,161,6,0.0375
39,37,5,4,24,17,138,137,9,0.05625
39,38,6,4,11,9,109,110,8,0.05
39,39,7,4,10,10,81,78,7,0.04375
39,40,0,5,9,14,67,69,3,0.01875
39,41,1,5,6,16,89,91,8,0.05
39,42,2,5,22,13,120,120,7,0.04375
39,43,3,5,38,16,158,156,11,0.06875
39,44,4,5,31,13,146,145,5,0.03125
39,45,5,5,15,19,117,115,10,0.0625
39,46,6,5,13,22,94,97,8,0.05
39,47,7,5,5,10,63,62,6,0.0375
39,48,0,6,3,12,45,48,4,0.025
39,49,1,6,8,17,62,65,7,0.04375
39,50,2,6,18,19,86,85,7,0.04375
39,51,3,6,35,18,120,118,12,0.075
39,52,4,6,33,19,118,119,5,0.03125
39,53,5,6,12,11,91,94,7,0.04375
39,54,6,6,10,14,72,69,9,0.05625
39,55,7,6,6,13,54,53,5,0.03125
39,56,0,7,9,19,34,35,4,0.025
39,57,1,7,4,15,39,38,8,0.05
39,58,2,7,13,14,52,52,8,0.05
39,59,3,7,40,20,82,83,9,0.05625
39,60,4,7,11,14,67,69,7,0.04375
39,61,5,7,3,18,54,56,8,0.05
39,62,6,7,4,10,38,39,7,0.04375
39,63,7,7,3,17,31,32,3,0.01875
40,0,0,0,19,21,58,57,4,0.025
40,1,1,0,17,19,89,88,9,0.05625
40,2,2,0,22,38,134,135,9,0.05625
40,3,3,0,31,20,141,143,5,0.03125
40,4,4,0,39,27,153,155,6,0.0375
40,5,5,0,35,25,136,137,5,0.03125
40,6,6,0,22,27,109,110,7,0.04375
40,7,7,0,26,37,78,80,3,0.01875
40,8,0,1,18,24,96,94,6,0.0375
40,9,1,1,18,19,128,130,6,0.0375
40,10,2,1,26,21,173,172,5,0.03125
40,11,3,1,30,54,206,208,5,0.03125
40,12,4,1,34,31,184,182,9,0.05625
40,13,5,1,28,24,146,142,10,0.0625
40,14,6,1,23,20,132,132,8,0.05
40,15,7,1,19,23,101,100,5,0.03125
40,16,0,2,27,25,126,124,6,0.0375
40,17,1,2,21,29,168,168,10,0.0625
40,18,2,2,20,21,205,209,8,0.05
40,19,3,2,33,28,244,244,10,0.0625
40,20,4,2,39,13,209,210,8,0.05
40,21,5,2,28,27,176,173,10,0.0625
40,22,6,2,18,21,157,156,9,0.05625
40,23,7,2,22,19,114,114,5,0.03125
40,24,0,3,23,23,136,137,4,0.025
40,25,1,3,18,25,184,180,10,0.0625
40,26,2,3,33,23,220,222,7,0.04375
40,27,3,3,30,32,252,250,9,0.05625
40,28,4,3,34,38,225,223,11,0.06875
40,29,5,3,19,24,174,175,6,0.0375
40,30,6,3,13,31,157,156,7,0.04375
40,31,7,3,14,22,112,113,5,0.03125
40,32,0,4,19,23,129,127,7,0.04375
40,33,1,4,22,21,162,163,9,0.05625
40,34,2,4,24,35,202,200,10,0.0625
40,35,3,4,41,20,246,250,7,0.04375
40,36,4,4,38,16,229,228,8,0.05
40,37,5,4,32,38,205,205,10,0.0625
40,38,6,4,20,26,173,171,10,0.0625
40,39,7,4,19,21,116,118,5,0.03125
40,40,0,5,21,25,119,116,6,0.0375
40,41,1,5,32,32,175,174,8,0.05
40,42,2,5,30,30,209,206,10,0.0625
40,43,3,5,37,25,238,240,10,0.0625
40,44,4,5,31,34,208,207,7,0.04375
40,45,5,5,17,17,164,168,6,0.0375
40,46,6,5,17,23,158,154,10,0.0625
40,47,7,5,24,23,103,104,5,0.03125
40,48,0,6,19,19,89,84,9,0.05625
40,49,1,6,16,19,116,115,8,0.05
40,50,2,6,26,31,160,158,9,0.05625
40,51,3,6,26,27,195,197,10,0.0625
40,52,4,6,30,20,181,179,7,0.04375
40,53,5,6,28,21,172,167,10,0.0625
40,54,6,6,18,32,148,148,10,0.0625
40,55,7,6,24,18,80,78,4,0.025
40,56,0,7,28,19,63,60,7,0.04375
40,57,1,7,20,24,95,93,11,0.06875
40,58,2,7,19,19,115,114,9,0.05625
40,59,3,7,35,27,157,157,8,0.05
40,60,4,7,40,31,163,163,7,0.04375
40,61,5,7,32,18,125,127,7,0.04375
40,62,6,7,18,20,94,92,6,0.0375
40,63,7,7,22,12,44,43,4,0.025
41,0,0,0,7,23,37,38,4,0.025
41,1,1,0,3,13,51,51,8,0.05
41,2,2,0,7,19,71,73,7,0.04375
41,3,3,0,23,16,95,97,4,0.025
41,4,4,0,38,20,112,111,4,0.025
41,5,5,0,31,11,86,83,7,0.04375
41,6,6,0,12,19,58,58,6,0.0375
41,7,7,0,3,16,34,34,3,0.01875
41,8,0,1,5,18,56,59,3,0.01875
41,9,1,1,3,23,76,73,8,0.05
41,10,2,1,16,15,90,89,7,0.04375
41,11,3,1,24,25,120,120,6,0.0375
41,12,4,1,34,17,131,133,8,0.05
41,13,5,1,25,21,117,117,10,0.0625
41,14,6,1,14,20,90,89,9,0.05625
41,15,7,1,5,11,53,56,3,0.01875
41,16,0,2,6,17,70,72,4,0.025
41,17,1,2,8,22,101,99,12,0.075
41,18,2,2,12,13,119,116,10,0.0625
41,19,3,2,20,20,140,137,11,0.06875
41,20,4,2,36,11,139,136,12,0.075
41,21,5,2,22,11,124,123,12,0.075
41,22,6,2,16,14,112,114,7,0.04375
41,23,7,2,9,19,83,81,5,0.03125
41,24,0,3,11,14,86,84,5,0.03125
41,25,1,3,8,5,104,108,9,0.05625
41,26,2,3,16,15,131,131,8,0.05
41,27,3,3,39,17,159,162,7,0.04375
41,28,4,3,32,22,150,156,5,0.03125
41,29,5,3,19,18,130,125,9,0.05625
41,30,6,3,4,15,108,108,9,0.05625
41,31,7,3,10,20,89,89,4,0.025
41,32,0,4,8,12,80,82,5,0.03125
41,33,1,4,4,15,97,96,9,0.05625
41,34,2,4,8,16,110,112,7,0.04375
41,35,3,4,33,13,151,149,9,0.05625
41,36,4,4,31,19,156,155,8,0.05
41,37,5,4,22,12,133,135,7,0.04375
41,38,6,4,7,15,118,116,9,0.05625
41,39,7,4,6,19,81,80,4,0.025
41,40,0,5,13,17,81,84,4,0.025
41,41,1,5,5,17,100,101,9,0.05625
41,42,2,5,13,7,108,110,7,0.04375
41,43,3,5,24,22,137,136,10,0.0625
41,44,4,5,28,17,137,138,8,0.05
41,45,5,5,18,20,137,134,9,0.05625
41,46,6,5,13,14,107,112,7,0.04375
41,47,7,5,5,13,69,70,3,0.01875
41,48,0,6,10,17,60,64,5,0.03125
41,49,1,6,12,18,85,84,8,0.05
41,50,2,6,10,19,94,95,8,0.05
41,51,3,6,35,14,118,121,9,0.05625
41,52,4,6,30,12,116,116,6,0.0375
41,53,5,6,17,19,109,111,7,0.04375
41,54,6,6,13,20,93,95,8,0.05
41,55,7,6,6,22,62,63,5,0.03125
41,56,0,7,8,10,36,38,5,0.03125
41,57,1,7,11,18,61,64,8,0.05
41,58,2,7,21,12,72,73,7,0.04375
41,59,3,7,36,21,93,96,5,0.03125
41,60,4,7,24,20,88,88,7,0.04375
41,61,5,7,12,18,79,75,9,0.05625
41,62,6,7,12,23,69,71,7,0.04375
41,63,7,7,13,11,38,39,3,0.01875
42,0,0,0,9,9,32,32,4,0.025
42,1,1,0,12,12,62,60,11,0.06875
42,2,2,0,21,13,80,77,10,0.0625
42,3,3,0,33,20,109,105,8,0.05
42,4,4,0,34,17,104,105,6,0.0375
42,5,5,0,19,16,86,87,7,0.04375
42,6,6,0,12,15,69,69,7,0.04375
42,7,7,0,9,20,52,49,5,0.03125
42,8,0,1,11,19,64,62,5,0.03125
42,9,1,1,12,19,87,84,9,0.05625
42,10,2,1,13,12,92,89,10,0.0625
42,11,3,1,33,29,143,143,6,0.0375
42,12,4,1,35,9,128,127,8,0.05
42,13,5,1,28,16,115,119,8,0.05
42,14,6,1,6,15,87,87,9,0.05625
42,15,7,1,14,20,82,79,6,0.0375
42,16,0,2,7,23,84,83,4,0.025
42,17,1,2,6,11,86,90,8,0.05
42,18,2,2,13,11,98,99,9,0.05625
42,19,3,2,25,16,138,143,8,0.05
42,20,4,2,33,13,134,139,5,0.03125
42,21,5,2,16,20,122,126,7,0.04375
42,22,6,2,9,9,98,97,8,0.05
42,23,7,2,10,16,95,95,7,0.04375
42,24,0,3,4,19,84,83,6,0.0375
42,25,1,3,8,13,103,102,9,0.05625
42,26,2,3,20,21,118,117,10,0.0625
42,27,3,3,33,17,160,159,8,0.05
42,28,4,3,26,13,144,143,7,0.04375
42,29,5,3,21,18,125,129,7,0.04375
42,30,6,3,14,15,100,98,10,0.0625
42,31,7,3,3,15,91,92,5,0.03125
42,32,0,4,8,12,80,81,5,0.03125
42,33,1,4,5,23,110,110,9,0.05625
42,34,2,4,25,17,115,115,9,0.05625
42,35,3,4,40,8,145,150,6,0.0375
42,36,4,4,29,12,143,143,7,0.04375
42,37,5,4,14,20,134,133,9,0.05625
42,38,6,4,6,9,100,103,9,0.05625
42,39,7,4,10,21,96,96,5,0.03125
42,40,0,5,6,13,65,66,3,0.01875
42,41,1,5,9,24,91,92,8,0.05
42,42,2,5,14,12,87,90,7,0.04375
42,43,3,5,38,10,118,117,11,0.06875
42,44,4,5,18,12,116,114,9,0.05625
42,45,5,5,10,16,110,110,11,0.06875
42,46,6,5,1,13,91,87,11,0.06875
42,47,7,5,8,14,74,72,5,0.03125
42,48,0,6,2,19,57,57,3,0.01875
42,49,1,6,3,18,72,73,8,0.05
42,50,2,6,9,11,82,82,7,0.04375
42,51,3,6,43,17,110,109,10,0.0625
42,52,4,6,27,18,105,102,7,0.04375
42,53,5,6,9,17,89,91,8,0.05
42,54,6,6,6,14,75,75,7,0.04375
42,55,7,6,11,15,57,57,5,0.03125
42,56,0,7,10,9,37,36,5,0.03125
42,57,1,7,3,17,54,53,9,0.05625
42,58,2,7,18,10,64,64,8,0.05
42,59,3,7,30,13,84,78,11,0.06875
42,60,4,7,18,15,76,76,8,0.05
42,61,5,7,6,20,62,64,8,0.05
42,62,6,7,4,16,43,41,8,0.05
42,63,7,7,2,15,26,25,4,0.025
43,0,0,0,6,20,41,41,4,0.025
43,1,1,0,10,18,64,68,7,0.04375
43,2,2,0,22,13,81,84,5,0.03125
43,3,3,0,42,14,103,107,4,0.025
43,4,4,0,23,13,93,93,5,0.03125
43,5,5,0,16,19,80,78,7,0.04375
43,6,6,0,3,14,47,47,7,0.04375
43,7,7,0,6,10,21,23,4,0.025
43,8,0,1,13,13,61,63,4,0.025
43,9,1,1,5,13,81,83,8,0.05
43,10,2,1,16,9,96,99,6,0.0375
43,11,3,1,32,30,140,138,8,0.05
43,12,4,1,39,9,121,123,6,0.0375
43,13,5,1,10,13,104,102,9,0.05625
43,14,6,1,9,12,75,77,6,0.0375
43,15,7,1,9,18,54,53,6,0.0375
43,16,0,2,5,18,72,72,6,0.0375
43,17,1,2,8,11,97,97,8,0.05
43,18,2,2,9,9,96,100,6,0.0375
43,19,3,2,25,19,143,141,8,0.05
43,20,4,2,40,15,132,133,5,0.03125
43,21,5,2,14,16,120,118,10,0.0625
43,22,6,2,11,9,85,84,9,0.05625
43,23,7,2,5,15,69,69,6,0.0375
43,24,0,3,9,18,88,86,7,0.04375
43,25,1,3,3,17,112,111,8,0.05
43,26,2,3,17,10,112,110,8,0.05
43,27,3,3,26,10,139,142,6,0.0375
43,28,4,3,33,9,134,133,7,0.04375
43,29,5,3,22,11,132,130,9,0.05625
43,30,6,3,8,12,110,109,10,0.0625
43,31,7,3,11,13,93,90,8,0.05
43,32,0,4,1,17,77,77,3,0.01875
43,33,1,4,11,17,100,103,7,0.04375
43,34,2,4,14,11,110,110,9,0.05625
43,35,3,4,36,14,151,148,8,0.05
43,36,4,4,36,14,147,145,9,0.05625
43,37,5,4,20,15,126,126,9,0.05625
43,38,6,4,11,13,103,101,9,0.05625
43,39,7,4,4,18,83,85,4,0.025
43,40,0,5,11,9,82,80,4,0.025
43,41,1,5,4,12,88,87,8,0.05
43,42,2,5,15,12,115,112,7,0.04375
43,43,3,5,33,15,140,143,8,0.05
43,44,4,5,31,23,139,138,8,0.05
43,45,5,5,22,13,117,117,9,0.05625
43,46,6,5,5,14,87,86,11,0.06875
43,47,7,5,3,15,70,70,6,0.0375
43,48,0,6,13,20,73,70,7,0.04375
43,49,1,6,9,12,73,73,7,0.04375
43,50,2,6,27,13,95,95,7,0.04375
43,51,3,6,30,14,111,110,10,0.0625
43,52,4,6,22,16,106,107,8,0.05
43,53,5,6,13,21,97,97,8,0.05
43,54,6,6,3,17,73,73,8,0.05
43,55,7,6,3,14,50,51,4,0.025
43,56,0,7,4,21,35,34,7,0.04375
43,57,1,7,5,20,45,44,8,0.05
43,58,2,7,12,14,55,55,7,0.04375
43,59,3,7,28,9,63,68,6,0.0375
43,60,4,7,13,16,60,60,8,0.05
43,61,5,7,7,16,51,52,7,0.04375
43,62,6,7,1,24,42,43,6,0.0375
43,63,7,7,3,17,27,28,3,0.01875
44,0,0,0,10,15,38,38,4,0.025
44,1,1,0,3,15,56,54,8,0.05
44,2,2,0,9,16,74,73,7,0.04375
44,3,3,0,37,20,109,108,5,0.03125
44,4,4,0,38,13,107,105,7,0.04375
44,5,5,0,29,16,94,95,7,0.04375
44,6,6,0,8,12,68,66,8,0.05
44,7,7,0,11,17,49,48,4,0.025
44,8,0,1,2,21,63,61,5,0.03125
44,9,1,1,15,17,85,87,7,0.04375
44,10,2,1,19,13,99,97,9,0.05625
44,11,3,1,33,28,144,146,6,0.0375
44,12,4,1,37,17,125,123,9,0.05625
44,13,5,1,15,16,101,97,14,0.0875
44,14,6,1,13,12,82,80,7,0.04375
44,15,7,1,10,15,72,72,6,0.0375
44,16,0,2,8,19,79,80,3,0.01875
44,17,1,2,4,12,86,87,6,0.0375
44,18,2,2,14,18,103,101,8,0.05
44,19,3,2,31,23,157,156,9,0.05625
44,20,4,2,37,21,147,145,7,0.04375
44,21,5,2,26,11,130,130,10,0.0625
44,22,6,2,13,19,103,104,6,0.0375
44,23,7,2,11,16,87,88,6,0.0375
44,24,0,3,6,12,87,88,6,0.0375
44,25,1,3,7,10,96,97,9,0.05625
44,26,2,3,19,17,124,124,11,0.06875
44,27,3,3,31,17,166,163,7,0.04375
44,28,4,3,30,14,138,139,7,0.04375
44,29,5,3,12,15,127,126,8,0.05
44,30,6,3,5,21,99,102,9,0.05625
44,31,7,3,4,17,90,92,3,0.01875
44,32,0,4,12,19,98,98,4,0.025
44,33,1,4,10,14,104,99,9,0.05625
44,34,2,4,15,11,115,116,7,0.04375
44,35,3,4,35,19,165,163,8,0.05
44,36,4,4,33,10,131,134,7,0.04375
44,37,5,4,17,17,133,135,7,0.04375
44,38,6,4,6,21,110,111,8,0.05
44,39,7,4,9,26,100,97,6,0.0375
44,40,0,5,6,23,84,83,5,0.03125
44,41,1,5,11,13,90,91,8,0.05
44,42,2,5,10,14,101,104,7,0.04375
44,43,3,5,26,19,152,153,8,0.05
44,44,4,5,33,12,131,132,9,0.05625
44,45,5,5,17,14,131,129,11,0.06875
44,46,6,5,12,14,96,99,8,0.05
44,47,7,5,4,21,80,80,7,0.04375
44,48,0,6,8,23,63,67,4,0.025
44,49,1,6,8,16,80,79,9,0.05625
44,50,2,6,15,9,88,84,10,0.0625
44,51,3,6,35,23,137,138,9,0.05625
44,52,4,6,33,16,124,124,7,0.04375
44,53,5,6,14,21,113,111,8,0.05
44,54,6,6,6,13,75,75,8,0.05
44,55,7,6,7,12,62,62,5,0.03125
44,56,0,7,4,12,32,35,4,0.025
44,57,1,7,10,21,61,62,8,0.05
44,58,2,7,20,10,70,73,5,0.03125
44,59,3,7,39,14,106,106,7,0.04375
44,60,4,7,30,13,97,97,7,0.04375
44,61,5,7,13,22,83,81,8,0.05
44,62,6,7,8,15,56,54,9,0.05625
44,63,7,7,4,13,36,34,5,0.03125
45,0,0,0,17,21,51,52,3,0.01875
45,1,1,0,21,25,95,96,8,0.05
45,2,2,0,28,23,133,131,8,0.05
45,3,3,0,40,26,158,159,4,0.025
45,4,4,0,26,23,150,152,5,0.03125
45,5,5,0,28,36,151,150,8,0.05
45,6,6,0,21,22,102,103,8,0.05
45,7,7,0,19,22,68,68,5,0.03125
45,8,0,1,19,26,86,88,4,0.025
45,9,1,1,16,27,131,131,8,0.05
45,10,2,1,25,26,156,151,12,0.075
45,11,3,1,28,52,194,194,7,0.04375
45,12,4,1,30,17,167,166,9,0.05625
45,13,5,1,25,22,162,166,10,0.0625
45,14,6,1,22,24,131,130,9,0.05625
45,15,7,1,17,33,107,107,6,0.0375
45,16,0,2,22,26,115,115,4,0.025
45,17,1,2,17,17,144,143,8,0.05
45,18,2,2,27,30,185,181,11,0.06875
45,19,3,2,36,23,214,215,10,0.0625
45,20,4,2,29,31,197,194,11,0.06875
45,21,5,2,27,19,191,189,11,0.06875
45,22,6,2,12,18,143,141,8,0.05
45,23,7,2,19,25,132,130,6,0.0375
45,24,0,3,18,21,128,131,4,0.025
45,25,1,3,25,25,169,172,6,0.0375
45,26,2,3,30,32,217,222,6,0.0375
45,27,3,3,39,21,244,248,4,0.025
45,28,4,3,34,21,223,224,6,0.0375
45,29,5,3,23,24,211,210,12,0.075
45,30,6,3,16,27,152,153,7,0.04375
45,31,7,3,22,32,155,153,6,0.0375
45,32,0,4,17,18,122,120,7,0.04375
45,33,1,4,27,26,161,165,8,0.05
45,34,2,4,25,25,199,199,7,0.04375
45,35,3,4,35,19,228,231,7,0.04375
45,36,4,4,30,22,222,220,7,0.04375
45,37,5,4,25,21,225,223,7,0.04375
45,38,6,4,33,22,179,181,7,0.04375
45,39,7,4,27,32,167,169,5,0.03125
45,40,0,5,23,19,126,123,8,0.05
45,41,1,5,25,24,184,182,7,0.04375
45,42,2,5,27,35,200,197,8,0.05
45,43,3,5,36,31,218,220,5,0.03125
45,44,4,5,29,12,201,204,6,0.0375
45,45,5,5,22,32,200,202,9,0.05625
45,46,6,5,16,19,159,157,10,0.0625
45,47,7,5,18,27,134,137,3,0.01875
45,48,0,6,19,29,106,104,5,0.03125
45,49,1,6,19,26,151,149,9,0.05625
45,50,2,6,21,15,148,153,7,0.04375
45,51,3,6,37,26,189,190,7,0.04375
45,52,4,6,35,32,197,200,6,0.0375
45,53,5,6,31,33,192,191,10,0.0625
45,54,6,6,22,27,146,146,8,0.05
45,55,7,6,16,23,102,103,4,0.025
45,56,0,7,25,23,70,70,4,0.025
45,57,1,7,17,28,108,108,7,0.04375
45,58,2,7,31,21,132,128,8,0.05
45,59,3,7,32,23,145,145,6,0.0375
45,60,4,7,36,23,153,152,6,0.0375
45,61,5,7,24,26,133,133,8,0.05
45,62,6,7,22,34,104,104,8,0.05
45,63,7,7,22,30,69,70,4,0.025
46,0,0,0,12,13,43,42,4,0.025
46,1,1,0,10,16,69,69,8,0.05
46,2,2,0,22,16,87,89,6,0.0375
46,3,3,0,32,17,110,107,6,0.0375
46,4,4,0,29,16,103,105,2,0.0125
46,5,5,0,18,16,78,81,5,0.03125
46,6,6,0,6,16,57,59,5,0.03125
46,7,7,0,5,22,41,42,4,0.025
46,8,0,1,10,21,65,64,5,0.03125
46,9,1,1,8,16,84,84,7,0.04375
46,10,2,1,21,17,109,113,9,0.05625
46,11,3,1,35,23,138,137,8,0.05
46,12,4,1,20,13,109,112,7,0.04375
46,13,5,1,12,19,93,94,7,0.04375
46,14,6,1,4,16,80,81,8,0.05
46,15,7,1,8,19,70,73,4,0.025
46,16,0,2,8,18,77,75,6,0.0375
46,17,1,2,11,24,105,103,10,0.0625
46,18,2,2,23,11,123,125,10,0.0625
46,19,3,2,32,11,146,147,7,0.04375
46,20,4,2,28,26,149,152,7,0.04375
46,21,5,2,10,10,107,109,10,0.0625
46,22,6,2,8,17,98,101,5,0.03125
46,23,7,2,6,14,82,83,7,0.04375
46,24,0,3,7,14,77,75,7,0.04375
46,25,1,3,2,15,99,100,5,0.03125
46,26,2,3,17,13,134,136,4,0.025
46,27,3,3,30,15,155,152,6,0.0375
46,28,4,3,34,16,166,165,7,0.04375
46,29,5,3,17,15,130,128,11,0.06875
46,30,6,3,11,17,103,102,7,0.04375
46,31,7,3,8,9,84,86,6,0.0375
46,32,0,4,9,9,79,76,9,0.05625
46,33,1,4,3,18,100,100,7,0.04375
46,34,2,4,17,17,137,134,9,0.05625
46,35,3,4,23,19,157,154,8,0.05
46,36,4,4,37,16,164,164,8,0.05
46,37,5,4,18,13,132,135,7,0.04375
46,38,6,4,16,17,105,104,8,0.05
46,39,7,4,11,16,90,89,4,0.025
46,40,0,5,9,18,74,78,5,0.03125
46,41,1,5,9,17,101,101,8,0.05
46,42,2,5,16,17,132,132,9,0.05625
46,43,3,5,37,14,149,146,8,0.05
46,44,4,5,34,15,152,150,8,0.05
46,45,5,5,21,22,131,132,9,0.05625
46,46,6,5,8,22,99,101,8,0.05
46,47,7,5,12,12,86,84,6,0.0375
46,48,0,6,7,13,56,56,4,0.025
46,49,1,6,3,20,77,79,8,0.05
46,50,2,6,25,19,111,109,7,0.04375
46,51,3,6,32,13,127,127,8,0.05
46,52,4,6,37,20,129,125,9,0.05625
46,53,5,6,11,25,102,102,10,0.0625
46,54,6,6,3,12,78,79,7,0.04375
46,55,7,6,11,19,68,68,3,0.01875
46,56,0,7,8,14,36,36,4,0.025
46,57,1,7,12,16,62,61,9,0.05625
46,58,2,7,16,10,79,80,8,0.05
46,59,3,7,33,15,108,108,6,0.0375
46,60,4,7,41,15,104,108,4,0.025
46,61,5,7,13,16,77,78,9,0.05625
46,62,6,7,4,19,59,59,9,0.05625
46,63,7,7,9,17,42,39,5,0.03125
47,0,0,0,8,21,40,39,4,0.025
47,1,1,0,10,21,69,68,9,0.05625
47,2,2,0,16,20,87,87,7,0.04375
47,3,3,0,32,17,105,107,6,0.0375
47,4,4,0,40,18,116,111,7,0.04375
47,5,5,0,20,23,101,100,7,0.04375
47,6,6,0,14,14,67,65,8,0.05
47,7,7,0,11,18,47,47,4,0.025
47,8,0,1,12,16,71,72,4,0.025
47,9,1,1,11,22,107,103,12,0.075
47,10,2,1,31,16,115,116,8,0.05
47,11,3,1,30,30,133,133,7,0.04375
47,12,4,1,34,18,132,128,10,0.0625
47,13,5,1,15,18,111,110,9,0.05625
47,14,6,1,7,20,77,78,9,0.05625
47,15,7,1,7,11,62,60,6,0.0375
47,16,0,2,7,19,81,83,5,0.03125
47,17,1,2,13,14,117,116,11,0.06875
47,18,2,2,17,10,121,124,7,0.04375
47,19,3,2,29,16,142,142,9,0.05625
47,20,4,2,38,13,147,146,6,0.0375
47,21,5,2,14,23,130,132,7,0.04375
47,22,6,2,8,17,104,103,8,0.05
47,23,7,2,10,15,80,79,8,0.05
47,24,0,3,4,23,93,94,4,0.025
47,25,1,3,11,14,114,107,11,0.06875
47,26,2,3,15,7,122,116,9,0.05625
47,27,3,3,27,20,154,152,8,0.05
47,28,4,3,40,11,156,153,10,0.0625
47,29,5,3,19,20,137,144,7,0.04375
47,30,6,3,7,9,111,111,8,0.05
47,31,7,3,7,13,85,86,4,0.025
47,32,0,4,7,18,97,100,6,0.0375
47,33,1,4,8,14,113,112,9,0.05625
47,34,2,4,16,24,126,127,9,0.05625
47,35,3,4,35,20,151,153,8,0.05
47,36,4,4,40,20,164,167,7,0.04375
47,37,5,4,30,22,148,148,7,0.04375
47,38,6,4,11,18,113,112,7,0.04375
47,39,7,4,3,19,81,81,6,0.0375
47,40,0,5,5,15,83,84,4,0.025
47,41,1,5,9,18,98,97,9,0.05625
47,42,2,5,15,21,110,112,6,0.0375
47,43,3,5,24,14,134,130,10,0.0625
47,44,4,5,32,16,140,141,6,0.0375
47,45,5,5,13,18,112,110,10,0.0625
47,46,6,5,8,10,84,83,9,0.05625
47,47,7,5,3,11,68,69,5,0.03125
47,48,0,6,9,21,74,75,4,0.025
47,49,1,6,14,17,89,89,9,0.05625
47,50,2,6,20,10,97,97,8,0.05
47,51,3,6,36,14,126,123,10,0.0625
47,52,4,6,26,18,115,119,6,0.0375
47,53,5,6,15,13,89,88,11,0.06875
47,54,6,6,8,15,71,69,8,0.05
47,55,7,6,7,19,62,61,4,0.025
47,56,0,7,14,19,50,48,5,0.03125
47,57,1,7,7,20,67,67,9,0.05625
47,58,2,7,13,16,82,79,9,0.05625
47,59,3,7,35,12,106,104,9,0.05625
47,60,4,7,30,22,109,105,8,0.05
47,61,5,7,15,12,75,75,8,0.05
47,62,6,7,10,12,50,51,8,0.05
47,63,7,7,5,20,34,37,4,0.025
48,0,0,0,10,17,35,35,5,0.03125
48,1,1,0,5,25,65,65,9,0.05625
48,2,2,0,15,12,78,77,8,0.05
48,3,3,0,32,16,104,100,8,0.05
48,4,4,0,32,15,100,103,6,0.0375
48,5,5,0,34,29,114,114,7,0.04375
48,6,6,0,8,8,64,64,8,0.05
48,7,7,0,13,22,52,51,4,0.025
48,8,0,1,3,10,47,47,4,0.025
48,9,1,1,11,18,93,92,11,0.06875
48,10,2,1,9,11,94,93,8,0.05
48,11,3,1,37,26,136,134,8,0.05
48,12,4,1,37,16,121,123,7,0.04375
48,13,5,1,18,14,119,117,10,0.0625
48,14,6,1,9,19,79,79,8,0.05
48,15,7,1,6,20,70,72,3,0.01875
48,16,0,2,10,14,69,69,4,0.025
48,17,1,2,6,8,101,102,11,0.06875
48,18,2,2,19,21,116,114,8,0.05
48,19,3,2,32,15,146,149,6,0.0375
48,20,4,2,30,15,144,140,10,0.0625
48,21,5,2,20,19,154,151,9,0.05625
48,22,6,2,14,19,108,104,10,0.0625
48,23,7,2,11,19,91,92,6,0.0375
48,24,0,3,13,11,76,76,5,0.03125
48,25,1,3,7,18,111,111,11,0.06875
48,26,2,3,7,9,106,110,6,0.0375
48,27,3,3,22,11,140,141,7,0.04375
48,28,4,3,36,13,153,154,8,0.05
48,29,5,3,16,16,142,136,12,0.075
48,30,6,3,8,11,93,94,7,0.04375
48,31,7,3,6,16,89,91,3,0.01875
48,32,0,4,13,15,79,81,5,0.03125
48,33,1,4,4,12,108,109,6,0.0375
48,34,2,4,12,18,128,130,7,0.04375
48,35,3,4,43,13,152,150,9,0.05625
48,36,4,4,24,16,152,148,10,0.0625
48,37,5,4,13,13,130,122,13,0.08125
48,38,6,4,5,17,89,92,6,0.0375
48,39,7,4,9,24,96,98,3,0.01875
48,40,0,5,7,13,73,68,8,0.05
48,41,1,5,12,16,112,109,12,0.075
48,42,2,5,23,14,132,131,7,0.04375
48,43,3,5,32,20,139,143,8,0.05
48,44,4,5,31,12,151,150,8,0.05
48,45,5,5,16,15,119,120,9,0.05625
48,46,6,5,6,13,87,89,8,0.05
48,47,7,5,13,13,89,90,4,0.025
48,48,0,6,12,13,60,61,3,0.01875
48,49,1,6,6,23,90,87,11,0.06875
48,50,2,6,22,23,105,106,6,0.0375
48,51,3,6,30,8,108,109,11,0.06875
48,52,4,6,32,16,131,130,6,0.0375
48,53,5,6,13,16,108,111,8,0.05
48,54,6,6,10,14,82,84,7,0.04375
48,55,7,6,7,22,78,78,3,0.01875
48,56,0,7,8,16,37,39,4,0.025
48,57,1,7,12,18,64,64,10,0.0625
48,58,2,7,18,14,81,82,8,0.05
48,59,3,7,39,14,104,104,8,0.05
48,60,4,7,18,25,97,97,8,0.05
48,61,5,7,9,21,77,77,9,0.05625
48,62,6,7,19,19,64,65,8,0.05
48,63,7,7,6,26,53,51,5,0.03125
49,0,0,0,2,13,32,32,5,0.03125
49,1,1,0,6,15,60,62,7,0.04375
49,2,2,0,20,11,80,79,8,0.05
49,3,3,0,37,12,97,100,6,0.0375
49,4,4,0,37,9,99,98,5,0.03125
49,5,5,0,20,21,89,90,5,0.03125
49,6,6,0,12,7,56,57,7,0.04375
49,7,7,0,4,23,45,45,5,0.03125
49,8,0,1,9,26,66,66,3,0.01875
49,9,1,1,4,20,84,89,7,0.04375
49,10,2,1,22,18,102,102,8,0.05
49,11,3,1,31,34,130,134,5,0.03125
49,12,4,1,31,15,117,115,10,0.0625
49,13,5,1,17,24,109,112,7,0.04375
49,14,6,1,8,13,66,68,6,0.0375
49,15,7,1,8,14,61,59,6,0.0375
49,16,0,2,9,12,89,87,6,0.0375
49,17,1,2,13,21,117,117,10,0.0625
49,18,2,2,21,15,137,140,6,0.0375
49,19,3,2,27,15,144,143,6,0.0375
49,20,4,2,30,11,127,131,7,0.04375
49,21,5,2,16,15,130,132,8,0.05
49,22,6,2,5,13,87,90,8,0.05
49,23,7,2,6,14,67,70,4,0.025
49,24,0,3,8,12,91,91,5,0.03125
49,25,1,3,6,20,109,111,9,0.05625
49,26,2,3,19,7,137,133,10,0.0625
49,27,3,3,28,25,157,158,8,0.05
49,28,4,3,35,21,149,149,8,0.05
49,29,5,3,21,19,144,146,9,0.05625
49,30,6,3,14,20,109,107,8,0.05
49,31,7,3,6,22,85,84,3,0.01875
49,32,0,4,11,11,89,86,6,0.0375
49,33,1,4,13,16,116,114,8,0.05
49,34,2,4,9,20,128,125,10,0.0625
49,35,3,4,33,10,145,149,7,0.04375
49,36,4,4,38,12,148,151,7,0.04375
49,37,5,4,20,13,130,137,6,0.0375
49,38,6,4,3,19,105,102,9,0.05625
49,39,7,4,8,16,81,76,6,0.0375
49,40,0,5,4,14,72,76,3,0.01875
49,41,1,5,3,16,91,95,8,0.05
49,42,2,5,12,20,107,104,10,0.0625
49,43,3,5,33,17,140,140,7,0.04375
49,44,4,5,26,21,135,136,7,0.04375
49,45,5,5,15,9,113,115,8,0.05
49,46,6,5,6,12,90,86,11,0.06875
49,47,7,5,7,10,65,60,8,0.05
49,48,0,6,7,20,60,60,4,0.025
49,49,1,6,12,18,89,91,10,0.0625
49,50,2,6,21,13,106,105,9,0.05625
49,51,3,6,29,18,122,123,8,0.05
49,52,4,6,29,10,122,121,8,0.05
49,53,5,6,20,27,115,117,7,0.04375
49,54,6,6,8,21,85,83,8,0.05
49,55,7,6,10,13,60,60,3,0.01875
49,56,0,7,7,12,29,29,4,0.025
49,57,1,7,4,15,45,47,8,0.05
49,58,2,7,21,14,68,70,6,0.0375
49,59,3,7,40,14,89,87,10,0.0625
49,60,4,7,23,21,84,87,6,0.0375
49,61,5,7,7,17,60,61,7,0.04375
49,62,6,7,3,12,38,38,8,0.05
49,63,7,7,1,13,25,27,4,0.025
50,0,0,0,6,20,35,37,3,0.01875
50,1,1,0,5,16,48,46,8,0.05
50,2,2,0,17,24,78,81,7,0.04375
50,3,3,0,24,14,97,98,4,0.025
50,4,4,0,45,14,112,113,5,0.03125
50,5,5,0,18,19,89,87,8,0.05
50,6,6,0,11,11,61,59,9,0.05625
50,7,7,0,10,20,44,44,5,0.03125
50,8,0,1,7,9,55,54,5,0.03125
50,9,1,1,6,23,82,83,7,0.04375
50,10,2,1,10,17,98,100,7,0.04375
50,11,3,1,29,37,144,140,8,0.05
50,12,4,1,38,14,130,129,11,0.06875
50,13,5,1,18,12,99,101,7,0.04375
50,14,6,1,8,10,79,76,7,0.04375
50,15,7,1,7,12,60,61,4,0.025
50,16,0,2,8,9,72,74,4,0.025
50,17,1,2,10,11,95,98,8,0.05
50,18,2,2,15,17,118,115,7,0.04375
50,19,3,2,38,10,156,153,10,0.0625
50,20,4,2,29,20,145,144,9,0.05625
50,21,5,2,21,14,113,112,7,0.04375
50,22,6,2,8,23,106,106,8,0.05
50,23,7,2,10,17,81,79,5,0.03125
50,24,0,3,3,18,81,77,8,0.05
50,25,1,3,7,16,95,96,8,0.05
50,26,2,3,17,10,109,111,8,0.05
50,27,3,3,33,9,153,148,11,0.06875
50,28,4,3,34,19,158,159,8,0.05
50,29,5,3,15,17,123,126,8,0.05
50,30,6,3,4,14,110,111,8,0.05
50,31,7,3,12,19,98,93,8,0.05
50,32,0,4,8,16,80,83,5,0.03125
50,33,1,4,8,17,102,102,10,0.0625
50,34,2,4,14,15,113,115,7,0.04375
50,35,3,4,38,21,166,161,10,0.0625
50,36,4,4,32,17,157,157,6,0.0375
50,37,5,4,14,15,129,126,8,0.05
50,38,6,4,14,20,108,110,8,0.05
50,39,7,4,4,16,91,95,4,0.025
50,40,0,5,9,13,70,71,3,0.01875
50,41,1,5,5,10,86,89,7,0.04375
50,42,2,5,19,17,104,108,8,0.05
50,43,3,5,30,10,139,139,8,0.05
50,44,4,5,45,17,155,154,8,0.05
50,45,5,5,12,21,117,115,9,0.05625
50,46,6,5,7,11,82,85,8,0.05
50,47,7,5,7,18,78,82,4,0.025
50,48,0,6,7,22,51,51,4,0.025
50,49,1,6,9,15,68,69,8,0.05
50,50,2,6,17,11,81,81,7,0.04375
50,51,3,6,43,17,122,121,10,0.0625
50,52,4,6,21,15,113,112,9,0.05625
50,53,5,6,24,14,98,98,6,0.0375
50,54,6,6,9,18,75,74,9,0.05625
50,55,7,6,4,13,59,58,6,0.0375
50,56,0,7,9,11,26,26,4,0.025
50,57,1,7,7,15,39,39,7,0.04375
50,58,2,7,9,12,47,47,7,0.04375
50,59,3,7,29,8,60,64,6,0.0375
50,60,4,7,5,17,55,53,8,0.05
50,61,5,7,2,16,43,43,7,0.04375
50,62,6,7,1,11,28,29,7,0.04375
50,63,7,7,4,21,34,32,4,0.025
51,0,0,0,20,23,64,63,3,0.01875
51,1,1,0,16,26,98,100,6,0.0375
51,2,2,0,23,28,133,132,6,0.0375
51,3,3,0,34,27,142,142,5,0.03125
51,4,4,0,32,23,139,138,6,0.0375
51,5,5,0,24,26,119,119,8,0.05
51,6,6,0,22,11,84,85,8,0.05
51,7,7,0,16,19,52,52,4,0.025
51,8,0,1,17,28,97,98,4,0.025
51,9,1,1,22,20,125,118,13,0.08125
51,10,2,1,27,22,169,170,7,0.04375
51,11,3,1,37,46,202,206,5,0.03125
51,12,4,1,29,24,185,188,7,0.04375
51,13,5,1,34,23,167,167,7,0.04375
51,14,6,1,19,29,129,130,8,0.05
51,15,7,1,16,20,87,88,4,0.025
51,16,0,2,24,26,140,140,4,0.025
51,17,1,2,20,36,182,180,10,0.0625
51,18,2,2,26,21,206,207,6,0.0375
51,19,3,2,31,25,222,222,9,0.05625
51,20,4,2,36,24,209,208,11,0.06875
51,21,5,2,23,32,181,183,8,0.05
51,22,6,2,16,29,154,149,13,0.08125
51,23,7,2,24,14,109,109,5,0.03125
51,24,0,3,18,33,145,149,4,0.025
51,25,1,3,22,24,183,182,10,0.0625
51,26,2,3,40,27,226,224,10,0.0625
51,27,3,3,38,29,246,246,11,0.06875
51,28,4,3,36,31,226,226,7,0.04375
51,29,5,3,24,19,193,190,9,0.05625
51,30,6,3,19,25,172,171,10,0.0625
51,31,7,3,25,19,122,126,5,0.03125
51,32,0,4,25,20,137,136,6,0.0375
51,33,1,4,23,11,168,168,10,0.0625
51,34,2,4,24,23,213,212,9,0.05625
51,35,3,4,29,31,249,251,8,0.05
51,36,4,4,40,29,223,220,9,0.05625
51,37,5,4,27,23,194,197,7,0.04375
51,38,6,4,22,28,172,170,8,0.05
51,39,7,4,19,21,129,128,5,0.03125
51,40,0,5,25,19,123,119,8,0.05
51,41,1,5,27,29,157,153,11,0.06875
51,42,2,5,34,23,205,206,4,0.025
51,43,3,5,32,30,232,229,11,0.06875
51,44,4,5,22,28,181,183,6,0.0375
51,45,5,5,20,18,172,173,8,0.05
51,46,6,5,12,20,147,146,9,0.05625
51,47,7,5,21,25,129,127,6,0.0375
51,48,0,6,20,26,100,95,9,0.05625
51,49,1,6,19,21,114,116,6,0.0375
51,50,2,6,21,27,165,165,8,0.05
51,51,3,6,30,37,202,204,9,0.05625
51,52,4,6,35,19,169,168,8,0.05
51,53,5,6,26,21,158,154,10,0.0625
51,54,6,6,26,19,136,136,10,0.0625
51,55,7,6,26,28,112,110,8,0.05
51,56,0,7,19,20,58,55,7,0.04375
51,57,1,7,22,21,92,92,8,0.05
51,58,2,7,28,26,136,138,6,0.0375
51,59,3,7,41,24,165,165,5,0.03125
51,60,4,7,32,24,145,146,6,0.0375
51,61,5,7,23,24,123,123,7,0.04375
51,62,6,7,20,27,98,95,10,0.0625
51,63,7,7,20,32,66,67,4,0.025
52,0,0,0,9,18,39,39,4,0.025
52,1,1,0,5,19,59,57,9,0.05625
52,2,2,0,14,15,71,69,8,0.05
52,3,3,0,24,12,89,87,6,0.0375
52,4,4,0,40,18,111,112,6,0.0375
52,5,5,0,25,16,94,93,7,0.04375
52,6,6,0,7,14,65,64,9,0.05625
52,7,7,0,10,17,46,46,5,0.03125
52,8,0,1,7,19,63,62,4,0.025
52,9,1,1,11,20,88,96,5,0.03125
52,10,2,1,20,18,104,104,7,0.04375
52,11,3,1,33,40,135,132,9,0.05625
52,12,4,1,39,13,124,122,9,0.05625
52,13,5,1,19,16,98,99,5,0.03125
52,14,6,1,4,16,78,77,9,0.05625
52,15,7,1,10,16,69,65,6,0.0375
52,16,0,2,11,10,79,77,5,0.03125
52,17,1,2,10,16,119,119,9,0.05625
52,18,2,2,18,15,124,124,6,0.0375
52,19,3,2,27,16,141,144,6,0.0375
52,20,4,2,35,9,139,143,5,0.03125
52,21,5,2,14,16,117,117,7,0.04375
52,22,6,2,7,13,96,101,8,0.05
52,23,7,2,3,17,81,79,7,0.04375
52,24,0,3,11,16,91,92,4,0.025
52,25,1,3,5,14,115,114,11,0.06875
52,26,2,3,14,14,121,123,8,0.05
52,27,3,3,31,11,145,147,9,0.05625
52,28,4,3,37,13,152,151,8,0.05
52,29,5,3,16,16,131,133,8,0.05
52,30,6,3,12,19,121,119,10,0.0625
52,31,7,3,6,17,95,95,5,0.03125
52,32,0,4,6,17,96,96,5,0.03125
52,33,1,4,3,10,104,105,8,0.05
52,34,2,4,15,14,123,124,7,0.04375
52,35,3,4,31,12,155,155,8,0.05
52,36,4,4,28,17,152,153,8,0.05
52,37,5,4,15,13,118,120,6,0.0375
52,38,6,4,3,12,112,113,9,0.05625
52,39,7,4,10,10,93,93,5,0.03125
52,40,0,5,11,21,90,93,5,0.03125
52,41,1,5,12,18,117,115,10,0.0625
52,42,2,5,23,11,131,131,7,0.04375
52,43,3,5,38,16,153,156,8,0.05
52,44,4,5,27,28,140,137,7,0.04375
52,45,5,5,21,13,110,111,8,0.05
52,46,6,5,1,20,101,102,8,0.05
52,47,7,5,6,27,87,88,5,0.03125
52,48,0,6,9,20,55,61,3,0.01875
52,49,1,6,5,22,75,74,7,0.04375
52,50,2,6,13,25,95,96,7,0.04375
52,51,3,6,30,17,117,119,7,0.04375
52,52,4,6,27,13,113,115,8,0.05
52,53,5,6,20,17,107,109,8,0.05
52,54,6,6,13,25,99,100,9,0.05625
52,55,7,6,6,11,67,69,6,0.0375
52,56,0,7,6,15,31,34,4,0.025
52,57,1,7,6,13,47,46,8,0.05
52,58,2,7,9,12,60,60,6,0.0375
52,59,3,7,19,17,88,88,7,0.04375
52,60,4,7,35,14,108,106,8,0.05
52,61,5,7,25,17,93,94,6,0.0375
52,62,6,7,6,15,68,70,6,0.0375
52,63,7,7,16,19,48,48,5,0.03125
53,0,0,0,5,13,35,35,4,0.025
53,1,1,0,14,10,53,53,8,0.05
53,2,2,0,15,16,82,86,6,0.0375
53,3,3,0,37,16,110,111,7,0.04375
53,4,4,0,38,13,105,105,5,0.03125
53,5,5,0,21,13,88,88,8,0.05
53,6,6,0,9,18,58,60,6,0.0375
53,7,7,0,6,12,30,30,4,0.025
53,8,0,1,11,16,58,59,4,0.025
53,9,1,1,10,22,77,75,8,0.05
53,10,2,1,14,14,99,100,5,0.03125
53,11,3,1,33,28,147,149,6,0.0375
53,12,4,1,31,20,134,137,7,0.04375
53,13,5,1,23,19,120,114,10,0.0625
53,14,6,1,12,20,87,87,10,0.0625
53,15,7,1,8,16,62,66,4,0.025
53,16,0,2,8,11,66,66,6,0.0375
53,17,1,2,5,17,82,83,9,0.05625
53,18,2,2,8,23,108,109,6,0.0375
53,19,3,2,29,19,154,157,5,0.03125
53,20,4,2,33,19,162,162,5,0.03125
53,21,5,2,21,18,134,136,5,0.03125
53,22,6,2,9,18,103,100,10,0.0625
53,23,7,2,13,13,86,90,4,0.025
53,24,0,3,3,20,76,74,7,0.04375
53,25,1,3,8,13,81,84,9,0.05625
53,26,2,3,7,19,108,110,6,0.0375
53,27,3,3,36,15,160,160,9,0.05625
53,28,4,3,39,17,170,169,9,0.05625
53,29,5,3,20,17,136,134,9,0.05625
53,30,6,3,8,21,99,104,5,0.03125
53,31,7,3,7,23,91,92,4,0.025
53,32,0,4,4,16,80,79,6,0.0375
53,33,1,4,6,11,88,90,6,0.0375
53,34,2,4,8,15,111,112,7,0.04375
53,35,3,4,35,12,162,163,8,0.05
53,36,4,4,29,24,153,153,7,0.04375
53,37,5,4,19,26,134,130,10,0.0625
53,38,6,4,10,18,89,87,10,0.0625
53,39,7,4,5,16,79,79,5,0.03125
53,40,0,5,8,14,80,78,5,0.03125
53,41,1,5,6,12,89,95,6,0.0375
53,42,2,5,25,14,122,122,7,0.04375
53,43,3,5,33,14,157,157,8,0.05
53,44,4,5,21,12,132,134,6,0.0375
53,45,5,5,21,19,125,123,9,0.05625
53,46,6,5,10,16,88,87,8,0.05
53,47,7,5,7,12,81,81,6,0.0375
53,48,0,6,11,17,68,66,5,0.03125
53,49,1,6,13,25,89,88,8,0.05
53,50,2,6,18,18,110,114,4,0.025
53,51,3,6,35,16,131,130,8,0.05
53,52,4,6,30,14,118,118,7,0.04375
53,53,5,6,13,26,96,95,10,0.0625
53,54,6,6,2,8,64,65,8,0.05
53,55,7,6,5,17,61,61,5,0.03125
53,56,0,7,8,14,37,37,4,0.025
53,57,1,7,4,15,53,54,8,0.05
53,58,2,7,11,22,81,80,7,0.04375
53,59,3,7,22,19,97,98,6,0.0375
53,60,4,7,42,17,117,118,6,0.0375
53,61,5,7,30,14,103,102,8,0.05
53,62,6,7,13,19,76,74,9,0.05625
53,63,7,7,12,19,43,44,3,0.01875
54,0,0,0,7,19,39,39,4,0.025
54,1,1,0,6,20,64,64,8,0.05
54,2,2,0,18,17,87,87,6,0.0375
54,3,3,0,37,16,108,109,5,0.03125
54,4,4,0,33,22,109,108,5,0.03125
54,5,5,0,14,16,77,79,6,0.0375
54,6,6,0,6,10,55,53,8,0.05
54,7,7,0,10,15,35,36,4,0.025
54,8,0,1,3,12,56,55,4,0.025
54,9,1,1,14,19,91,86,12,0.075
54,10,2,1,20,14,104,100,7,0.04375
54,11,3,1,25,34,131,127,9,0.05625
54,12,4,1,30,18,126,126,8,0.05
54,13,5,1,18,16,107,110,7,0.04375
54,14,6,1,9,19,95,96,8,0.05
54,15,7,1,10,21,63,62,4,0.025
54,16,0,2,6,14,67,71,2,0.0125
54,17,1,2,13,18,104,102,9,0.05625
54,18,2,2,24,15,122,119,8,0.05
54,19,3,2,22,7,131,128,7,0.04375
54,20,4,2,28,15,131,129,8,0.05
54,21,5,2,18,15,124,122,7,0.04375
54,22,6,2,7,15,107,107,9,0.05625
54,23,7,2,2,14,71,70,5,0.03125
54,24,0,3,8,15,74,78,3,0.01875
54,25,1,3,12,18,117,118,7,0.04375
54,26,2,3,17,18,130,128,8,0.05
54,27,3,3,31,8,144,144,10,0.0625
54,28,4,3,37,18,155,154,10,0.0625
54,29,5,3,22,23,147,148,9,0.05625
54,30,6,3,8,19,128,124,10,0.0625
54,31,7,3,11,10,86,83,6,0.0375
54,32,0,4,3,16,79,81,4,0.025
54,33,1,4,13,19,118,117,8,0.05
54,34,2,4,14,19,122,120,8,0.05
54,35,3,4,27,14,149,149,9,0.05625
54,36,4,4,37,22,160,162,6,0.0375
54,37,5,4,21,15,155,156,9,0.05625
54,38,6,4,5,13,116,117,10,0.0625
54,39,7,4,9,11,89,90,4,0.025
54,40,0,5,9,15,77,79,4,0.025
54,41,1,5,6,15,97,95,8,0.05
54,42,2,5,10,12,106,106,7,0.04375
54,43,3,5,29,16,131,128,12,0.075
54,44,4,5,37,12,137,136,8,0.05
54,45,5,5,18,27,145,144,12,0.075
54,46,6,5,13,15,108,109,8,0.05
54,47,7,5,8,17,84,84,4,0.025
54,48,0,6,8,18,54,56,3,0.01875
54,49,1,6,5,13,68,70,7,0.04375
54,50,2,6,24,18,96,94,5,0.03125
54,51,3,6,27,17,110,107,11,0.06875
54,52,4,6,27,15,123,122,8,0.05
54,53,5,6,17,15,107,106,10,0.0625
54,54,6,6,7,16,83,79,12,0.075
54,55,7,6,10,14,62,62,5,0.03125
54,56,0,7,3,17,29,28,5,0.03125
54,57,1,7,9,14,47,46,9,0.05625
54,58,2,7,13,15,71,70,7,0.04375
54,59,3,7,32,17,101,100,6,0.0375
54,60,4,7,41,16,116,118,5,0.03125
54,61,5,7,20,15,92,92,8,0.05
54,62,6,7,15,12,69,70,7,0.04375
54,63,7,7,15,24,53,52,5,0.03125
55,0,0,0,6,17,40,40,4,0.025
55,1,1,0,5,15,50,50,8,0.05
55,2,2,0,20,22,85,83,7,0.04375
55,3,3,0,31,17,103,100,8,0.05
55,4,4,0,35,10,96,95,6,0.0375
55,5,5,0,18,15,81,81,5,0.03125
55,6,6,0,7,13,51,51,8,0.05
55,7,7,0,1,16,30,31,3,0.01875
55,8,0,1,13,10,66,66,5,0.03125
55,9,1,1,6,15,87,92,7,0.04375
55,10,2,1,27,18,127,130,6,0.0375
55,11,3,1,43,26,143,146,5,0.03125
55,12,4,1,23,12,107,106,8,0.05
55,13,5,1,9,21,96,98,7,0.04375
55,14,6,1,5,20,70,70,8,0.05
55,15,7,1,2,21,57,58,4,0.025
55,16,0,2,10,21,83,80,5,0.03125
55,17,1,2,8,15,96,98,8,0.05
55,18,2,2,16,13,123,123,9,0.05625
55,19,3,2,33,14,141,139,9,0.05625
55,20,4,2,36,10,128,129,8,0.05
55,21,5,2,17,24,124,125,6,0.0375
55,22,6,2,4,19,91,93,7,0.04375
55,23,7,2,9,23,84,85,4,0.025
55,24,0,3,9,22,96,94,4,0.025
55,25,1,3,8,14,108,107,9,0.05625
55,26,2,3,22,19,138,135,11,0.06875
55,27,3,3,34,13,145,146,9,0.05625
55,28,4,3,34,17,138,140,7,0.04375
55,29,5,3,14,17,129,131,7,0.04375
55,30,6,3,11,10,92,93,9,0.05625
55,31,7,3,9,15,93,93,6,0.0375
55,32,0,4,12,18,98,95,6,0.0375
55,33,1,4,3,18,105,103,9,0.05625
55,34,2,4,18,20,133,133,9,0.05625
55,35,3,4,24,21,151,150,9,0.05625
55,36,4,4,36,8,152,151,6,0.0375
55,37,5,4,23,16,141,139,9,0.05625
55,38,6,4,12,19,92,93,8,0.05
55,39,7,4,8,14,86,86,5,0.03125
55,40,0,5,4,15,84,83,6,0.0375
55,41,1,5,14,9,103,101,10,0.0625
55,42,2,5,21,12,123,121,7,0.04375
55,43,3,5,32,14,132,132,11,0.06875
55,44,4,5,26,26,135,135,8,0.05
55,45,5,5,8,16,94,96,9,0.05625
55,46,6,5,2,17,67,66,7,0.04375
55,47,7,5,7,15,68,69,5,0.03125
55,48,0,6,11,18,74,67,10,0.0625
55,49,1,6,7,22,92,86,12,0.075
55,50,2,6,21,13,114,110,8,0.05
55,51,3,6,40,16,125,126,8,0.05
55,52,4,6,19,14,116,117,7,0.04375
55,53,5,6,9,12,83,86,7,0.04375
55,54,6,6,8,11,65,70,7,0.04375
55,55,7,6,5,19,53,53,3,0.01875
55,56,0,7,12,19,44,46,3,0.01875
55,57,1,7,7,19,61,63,7,0.04375
55,58,2,7,24,15,89,91,5,0.03125
55,59,3,7,37,10,101,101,4,0.025
55,60,4,7,24,19,98,98,6,0.0375
55,61,5,7,23,18,79,78,7,0.04375
55,62,6,7,11,8,58,59,8,0.05
55,63,7,7,8,12,36,36,5,0.03125
56,0,0,0,4,18,38,35,6,0.0375
56,1,1,0,8,15,50,51,8,0.05
56,2,2,0,18,21,75,77,6,0.0375
56,3,3,0,27,14,105,107,4,0.025
56,4,4,0,42,14,116,119,3,0.01875
56,5,5,0,20,19,95,94,8,0.05
56,6,6,0,11,17,64,64,7,0.04375
56,7,7,0,17,14,47,45,4,0.025
56,8,0,1,7,14,66,67,4,0.025
56,9,1,1,14,17,82,82,7,0.04375
56,10,2,1,17,14,110,108,7,0.04375
56,11,3,1,40,24,144,146,3,0.01875
56,12,4,1,32,12,124,122,9,0.05625
56,13,5,1,18,13,114,113,8,0.05
56,14,6,1,7,14,85,84,9,0.05625
56,15,7,1,4,16,67,63,7,0.04375
56,16,0,2,9,21,89,89,4,0.025
56,17,1,2,10,18,93,91,9,0.05625
56,18,2,2,23,21,125,127,6,0.0375
56,19,3,2,26,21,150,150,8,0.05
56,20,4,2,34,21,144,144,7,0.04375
56,21,5,2,11,21,131,130,6,0.0375
56,22,6,2,14,22,114,111,11,0.06875
56,23,7,2,5,17,81,76,9,0.05625
56,24,0,3,6,17,93,90,7,0.04375
56,25,1,3,7,15,99,98,10,0.0625
56,26,2,3,10,16,118,123,7,0.04375
56,27,3,3,36,15,157,160,7,0.04375
56,28,4,3,37,15,148,151,6,0.0375
56,29,5,3,11,15,135,134,8,0.05
56,30,6,3,11,16,122,120,10,0.0625
56,31,7,3,8,19,89,87,8,0.05
56,32,0,4,4,17,94,96,5,0.03125
56,33,1,4,15,16,109,109,8,0.05
56,34,2,4,11,20,118,120,7,0.04375
56,35,3,4,27,20,160,158,10,0.0625
56,36,4,4,40,18,159,156,10,0.0625
56,37,5,4,23,15,142,142,9,0.05625
56,38,6,4,5,8,103,103,8,0.05
56,39,7,4,11,16,88,89,4,0.025
56,40,0,5,11,18,92,89,7,0.04375
56,41,1,5,7,15,105,107,8,0.05
56,42,2,5,9,16,115,115,7,0.04375
56,43,3,5,32,18,151,153,8,0.05
56,44,4,5,34,13,142,141,9,0.05625
56,45,5,5,25,21,139,141,8,0.05
56,46,6,5,18,17,114,114,9,0.05625
56,47,7,5,5,17,79,80,4,0.025
56,48,0,6,13,11,63,66,7,0.04375
56,49,1,6,11,13,90,92,9,0.05625
56,50,2,6,26,10,103,104,8,0.05
56,51,3,6,29,20,129,131,6,0.0375
56,52,4,6,23,11,109,109,6,0.0375
56,53,5,6,9,17,89,88,8,0.05
56,54,6,6,3,24,83,82,8,0.05
56,55,7,6,2,13,54,55,4,0.025
56,56,0,7,8,18,37,35,4,0.025
56,57,1,7,8,21,60,58,9,0.05625
56,58,2,7,11,14,71,68,9,0.05625
56,59,3,7,20,16,96,94,8,0.05
56,60,4,7,41,12,108,109,4,0.025
56,61,5,7,23,12,91,92,7,0.04375
56,62,6,7,12,16,70,70,7,0.04375
56,63,7,7,11,24,42,43,4,0.025
57,0,0,0,23,27,62,64,5,0.03125
57,1,1,0,19,20,91,91,7,0.04375
57,2,2,0,24,21,119,115,10,0.0625
57,3,3,0,27,27,138,134,11,0.06875
57,4,4,0,34,22,144,139,9,0.05625
57,5,5,0,32,16,126,126,6,0.0375
57,6,6,0,20,31,103,106,5,0.03125
57,7,7,0,29,25,73,73,5,0.03125
57,8,0,1,19,22,89,88,5,0.03125
57,9,1,1,14,30,115,114,6,0.0375
57,10,2,1,22,24,140,139,10,0.0625
57,11,3,1,29,42,178,175,7,0.04375
57,12,4,1,17,27,164,165,10,0.0625
57,13,5,1,22,32,163,160,11,0.06875
57,14,6,1,26,20,137,138,8,0.05
57,15,7,1,19,29,107,110,4,0.025
57,16,0,2,19,20,105,107,4,0.025
57,17,1,2,18,21,143,148,5,0.03125
57,18,2,2,23,27,181,180,6,0.0375
57,19,3,2,38,22,216,220,5,0.03125
57,20,4,2,35,16,203,199,9,0.05625
57,21,5,2,30,25,189,188,8,0.05
57,22,6,2,18,29,163,164,8,0.05
57,23,7,2,27,33,138,142,4,0.025
57,24,0,3,21,21,125,126,6,0.0375
57,25,1,3,17,23,157,159,6,0.0375
57,26,2,3,27,28,192,191,7,0.04375
57,27,3,3,29,23,223,223,6,0.0375
57,28,4,3,39,28,233,228,10,0.0625
57,29,5,3,26,28,208,208,9,0.05625
57,30,6,3,19,29,181,184,7,0.04375
57,31,7,3,23,21,154,157,5,0.03125
57,32,0,4,20,28,135,135,6,0.0375
57,33,1,4,19,26,167,168,7,0.04375
57,34,2,4,23,28,208,207,8,0.05
57,35,3,4,34,26,230,234,6,0.0375
57,36,4,4,39,21,231,235,6,0.0375
57,37,5,4,31,20,204,206,8,0.05
57,38,6,4,26,22,189,188,10,0.0625
57,39,7,4,23,28,167,163,7,0.04375
57,40,0,5,19,19,127,131,5,0.03125
57,41,1,5,24,25,158,157,9,0.05625
57,42,2,5,22,34,199,199,9,0.05625
57,43,3,5,34,28,210,209,11,0.06875
57,44,4,5,36,19,207,208,8,0.05
57,45,5,5,21,17,173,167,11,0.06875
57,46,6,5,13,20,140,141,8,0.05
57,47,7,5,18,23,131,129,5,0.03125
57,48,0,6,27,25,114,117,4,0.025
57,49,1,6,24,30,128,131,7,0.04375
57,50,2,6,32,25,185,185,8,0.05
57,51,3,6,32,20,191,192,6,0.0375
57,52,4,6,27,20,176,174,8,0.05
57,53,5,6,24,22,154,149,13,0.08125
57,54,6,6,21,19,130,128,9,0.05625
57,55,7,6,24,30,111,112,3,0.01875
57,56,0,7,21,29,73,74,4,0.025
57,57,1,7,18,17,88,90,7,0.04375
57,58,2,7,29,27,137,139,5,0.03125
57,59,3,7,39,29,168,167,8,0.05
57,60,4,7,41,31,172,170,6,0.0375
57,61,5,7,30,32,147,146,8,0.05
57,62,6,7,20,28,105,106,7,0.04375
57,63,7,7,15,25,65,64,4,0.025
58,0,0,0,8,19,50,50,4,0.025
58,1,1,0,11,21,75,73,8,0.05
58,2,2,0,25,19,91,94,6,0.0375
58,3,3,0,32,11,96,99,7,0.04375
58,4,4,0,31,13,98,103,4,0.025
58,5,5,0,16,22,83,82,9,0.05625
58,6,6,0,12,11,54,52,7,0.04375
58,7,7,0,7,15,32,34,2,0.0125
58,8,0,1,5,16,67,67,5,0.03125
58,9,1,1,6,15,79,80,8,0.05
58,10,2,1,18,15,103,102,11,0.06875
58,11,3,1,32,27,130,129,9,0.05625
58,12,4,1,31,14,114,114,9,0.05625
58,13,5,1,18,14,100,104,7,0.04375
58,14,6,1,7,16,76,77,7,0.04375
58,15,7,1,7,14,60,62,3,0.01875
58,16,0,2,8,18,81,80,5,0.03125
58,17,1,2,3,11,89,87,7,0.04375
58,18,2,2,22,10,119,115,12,0.075
58,19,3,2,31,20,145,141,8,0.05
58,20,4,2,22,13,117,119,10,0.0625
58,21,5,2,8,17,115,112,11,0.06875
58,22,6,2,8,13,84,88,8,0.05
58,23,7,2,6,14,76,76,3,0.01875
58,24,0,3,5,6,76,77,5,0.03125
58,25,1,3,9,19,107,107,6,0.0375
58,26,2,3,13,16,126,126,8,0.05
58,27,3,3,21,8,133,132,7,0.04375
58,28,4,3,42,17,151,152,10,0.0625
58,29,5,3,26,18,154,153,8,0.05
58,30,6,3,18,10,107,107,8,0.05
58,31,7,3,9,18,83,84,4,0.025
58,32,0,4,6,12,84,86,4,0.025
58,33,1,4,10,11,112,110,11,0.06875
58,34,2,4,15,11,135,136,7,0.04375
58,35,3,4,39,13,151,152,5,0.03125
58,36,4,4,33,19,153,152,7,0.04375
58,37,5,4,9,18,131,130,9,0.05625
58,38,6,4,2,21,103,101,10,0.0625
58,39,7,4,5,11,72,74,4,0.025
58,40,0,5,7,26,81,80,6,0.0375
58,41,1,5,7,15,103,102,11,0.06875
58,42,2,5,20,21,129,130,8,0.05
58,43,3,5,27,11,136,141,5,0.03125
58,44,4,5,31,14,145,144,8,0.05
58,45,5,5,19,18,136,142,7,0.04375
58,46,6,5,7,12,95,94,9,0.05625
58,47,7,5,9,18,71,72,4,0.025
58,48,0,6,10,14,54,53,5,0.03125
58,49,1,6,9,13,90,85,12,0.075
58,50,2,6,12,18,104,103,8,0.05
58,51,3,6,18,21,117,116,8,0.05
58,52,4,6,26,21,119,120,8,0.05
58,53,5,6,30,21,123,131,6,0.0375
58,54,6,6,13,11,82,81,10,0.0625
58,55,7,6,10,14,59,59,4,0.025
58,56,0,7,4,10,24,23,4,0.025
58,57,1,7,12,20,57,54,9,0.05625
58,58,2,7,14,20,76,74,7,0.04375
58,59,3,7,25,20,97,98,8,0.05
58,60,4,7,35,13,101,99,8,0.05
58,61,5,7,17,24,90,92,6,0.0375
58,62,6,7,11,18,64,63,8,0.05
58,63,7,7,11,18,41,42,4,0.025
59,0,0,0,7,17,45,46,4,0.025
59,1,1,0,11,29,80,81,8,0.05
59,2,2,0,18,18,82,80,8,0.05
59,3,3,0,31,14,92,95,4,0.025
59,4,4,0,31,9,90,86,7,0.04375
59,5,5,0,14,13,65,66,8,0.05
59,6,6,0,1,22,52,52,8,0.05
59,7,7,0,7,11,27,26,4,0.025
59,8,0,1,6,18,63,64,4,0.025
59,9,1,1,9,15,86,85,9,0.05625
59,10,2,1,8,13,84,85,9,0.05625
59,11,3,1,29,26,115,116,9,0.05625
59,12,4,1,29,11,105,105,9,0.05625
59,13,5,1,20,15,95,95,6,0.0375
59,14,6,1,5,18,83,83,8,0.05
59,15,7,1,7,22,55,50,7,0.04375
59,16,0,2,4,13,69,66,7,0.04375
59,17,1,2,8,19,94,93,9,0.05625
59,18,2,2,15,20,109,113,8,0.05
59,19,3,2,28,13,136,137,7,0.04375
59,20,4,2,31,12,138,136,10,0.0625
59,21,5,2,21,21,130,133,7,0.04375
59,22,6,2,11,15,110,110,7,0.04375
59,23,7,2,7,15,75,71,8,0.05
59,24,0,3,6,21,79,78,7,0.04375
59,25,1,3,6,7,90,89,8,0.05
59,26,2,3,14,15,119,117,10,0.0625
59,27,3,3,26,10,138,136,8,0.05
59,28,4,3,39,17,151,152,7,0.04375
59,29,5,3,19,14,139,141,5,0.03125
59,30,6,3,9,22,128,127,10,0.0625
59,31,7,3,18,19,94,93,5,0.03125
59,32,0,4,9,13,76,75,4,0.025
59,33,1,4,9,18,99,104,6,0.0375
59,34,2,4,17,16,133,133,6,0.0375
59,35,3,4,40,17,162,159,7,0.04375
59,36,4,4,32,17,154,153,8,0.05
59,37,5,4,13,21,137,142,4,0.025
59,38,6,4,12,16,112,115,8,0.05
59,39,7,4,6,24,90,91,5,0.03125
59,40,0,5,4,12,62,62,5,0.03125
59,41,1,5,4,13,76,76,9,0.05625
59,42,2,5,11,20,106,104,8,0.05
59,43,3,5,21,19,119,115,10,0.0625
59,44,4,5,35,22,147,149,6,0.0375
59,45,5,5,23,14,123,119,10,0.0625
59,46,6,5,8,26,95,99,6,0.0375
59,47,7,5,11,14,75,74,5,0.03125
59,48,0,6,4,15,50,50,4,0.025
59,49,1,6,5,9,63,64,10,0.0625
59,50,2,6,15,17,102,104,7,0.04375
59,51,3,6,27,10,113,112,9,0.05625
59,52,4,6,31,16,131,133,6,0.0375
59,53,5,6,14,10,95,90,10,0.0625
59,54,6,6,9,17,79,81,8,0.05
59,55,7,6,9,14,62,60,5,0.03125
59,56,0,7,11,10,32,33,3,0.01875
59,57,1,7,13,14,54,56,8,0.05
59,58,2,7,15,19,80,81,8,0.05
59,59,3,7,30,16,100,101,8,0.05
59,60,4,7,38,19,111,111,8,0.05
59,61,5,7,22,16,89,85,9,0.05625
59,62,6,7,12,11,63,63,7,0.04375
59,63,7,7,5,12,36,36,4,0.025
60,0,0,0,12,18,41,42,3,0.01875
60,1,1,0,7,16,66,66,7,0.04375
60,2,2,0,21,14,87,88,8,0.05
60,3,3,0,31,15,106,103,7,0.04375
60,4,4,0,39,9,105,107,5,0.03125
60,5,5,0,18,13,78,79,5,0.03125
60,6,6,0,7,15,51,52,7,0.04375
60,7,7,0,7,20,35,34,4,0.025
60,8,0,1,3,18,62,60,5,0.03125
60,9,1,1,2,16,80,81,7,0.04375
60,10,2,1,16,14,92,94,7,0.04375
60,11,3,1,15,34,120,123,6,0.0375
60,12,4,1,38,20,144,143,9,0.05625
60,13,5,1,25,20,127,125,7,0.04375
60,14,6,1,9,19,92,96,4,0.025
60,15,7,1,8,15,65,69,4,0.025
60,16,0,2,9,12,77,80,4,0.025
60,17,1,2,6,22,95,97,7,0.04375
60,18,2,2,14,14,113,112,7,0.04375
60,19,3,2,34,18,144,147,5,0.03125
60,20,4,2,33,14,147,149,9,0.05625
60,21,5,2,13,18,123,123,7,0.04375
60,22,6,2,3,18,95,94,8,0.05
60,23,7,2,8,18,81,85,5,0.03125
60,24,0,3,10,22,84,87,4,0.025
60,25,1,3,10,22,99,100,7,0.04375
60,26,2,3,10,11,109,112,7,0.04375
60,27,3,3,31,12,137,139,7,0.04375
60,28,4,3,35,10,152,153,6,0.0375
60,29,5,3,24,14,138,136,7,0.04375
60,30,6,3,6,16,108,109,7,0.04375
60,31,7,3,10,16,98,99,4,0.025
60,32,0,4,9,14,79,79,5,0.03125
60,33,1,4,8,9,96,93,8,0.05
60,34,2,4,16,12,117,116,7,0.04375
60,35,3,4,35,14,128,130,8,0.05
60,36,4,4,28,18,146,149,6,0.0375
60,37,5,4,14,20,129,126,7,0.04375
60,38,6,4,5,15,100,100,8,0.05
60,39,7,4,7,15,91,90,4,0.025
60,40,0,5,5,12,65,66,4,0.025
60,41,1,5,5,20,87,89,8,0.05
60,42,2,5,17,17,107,109,7,0.04375
60,43,3,5,36,8,112,112,8,0.05
60,44,4,5,28,17,131,132,7,0.04375
60,45,5,5,13,10,111,112,9,0.05625
60,46,6,5,8,18,94,92,7,0.04375
60,47,7,5,5,15,80,79,6,0.0375
60,48,0,6,5,17,55,56,3,0.01875
60,49,1,6,6,13,58,61,9,0.05625
60,50,2,6,9,18,72,72,8,0.05
60,51,3,6,26,6,79,73,13,0.08125
60,52,4,6,14,12,96,94,8,0.05
60,53,5,6,12,17,85,87,9,0.05625
60,54,6,6,4,13,62,61,8,0.05
60,55,7,6,3,12,58,58,5,0.03125
60,56,0,7,6,22,39,39,4,0.025
60,57,1,7,11,12,51,50,8,0.05
60,58,2,7,11,11,68,67,9,0.05625
60,59,3,7,43,10,90,89,8,0.05
60,60,4,7,22,15,85,87,7,0.04375
60,61,5,7,13,11,64,67,6,0.0375
60,62,6,7,4,12,44,46,6,0.0375
60,63,7,7,8,21,39,39,3,0.01875
61,0,0,0,9,17,41,40,4,0.025
61,1,1,0,12,11,59,59,8,0.05
61,2,2,0,17,15,78,78,7,0.04375
61,3,3,0,24,18,101,101,7,0.04375
61,4,4,0,39,18,117,115,8,0.05
61,5,5,0,25,22,101,103,4,0.025
61,6,6,0,10,14,70,70,7,0.04375
61,7,7,0,15,19,48,49,3,0.01875
61,8,0,1,8,13,64,64,5,0.03125
61,9,1,1,8,13,78,79,7,0.04375
61,10,2,1,13,13,97,95,8,0.05
61,11,3,1,25,30,137,136,6,0.0375
61,12,4,1,40,8,130,130,10,0.0625
61,13,5,1,19,13,119,118,9,0.05625
61,14,6,1,13,14,95,91,8,0.05
61,15,7,1,11,16,65,65,4,0.025
61,16,0,2,7,14,80,76,8,0.05
61,17,1,2,9,17,103,100,9,0.05625
61,18,2,2,17,16,113,114,8,0.05
61,19,3,2,33,14,151,148,7,0.04375
61,20,4,2,36,18,146,148,8,0.05
61,21,5,2,11,12,113,110,11,0.06875
61,22,6,2,12,20,101,100,9,0.05625
61,23,7,2,2,12,73,72,4,0.025
61,24,0,3,12,9,85,82,5,0.03125
61,25,1,3,8,14,113,113,7,0.04375
61,26,2,3,24,17,134,133,6,0.0375
61,27,3,3,41,21,163,164,6,0.0375
61,28,4,3,34,21,154,151,11,0.06875
61,29,5,3,19,23,131,133,7,0.04375
61,30,6,3,13,20,119,117,10,0.0625
61,31,7,3,12,17,93,92,5,0.03125
61,32,0,4,6,15,72,71,6,0.0375
61,33,1,4,5,20,103,102,10,0.0625
61,34,2,4,17,23,122,120,9,0.05625
61,35,3,4,30,16,147,145,10,0.0625
61,36,4,4,42,14,154,154,5,0.03125
61,37,5,4,23,14,127,128,5,0.03125
61,38,6,4,9,17,110,110,9,0.05625
61,39,7,4,12,19,92,93,4,0.025
61,40,0,5,8,14,65,63,5,0.03125
61,41,1,5,12,20,96,97,8,0.05
61,42,2,5,19,8,107,106,7,0.04375
61,43,3,5,30,12,144,144,9,0.05625
61,44,4,5,36,18,151,148,9,0.05625
61,45,5,5,19,18,123,126,8,0.05
61,46,6,5,11,20,110,110,6,0.0375
61,47,7,5,8,18,77,79,5,0.03125
61,48,0,6,5,15,51,51,4,0.025
61,49,1,6,4,14,60,60,9,0.05625
61,50,2,6,20,13,77,78,6,0.0375
61,51,3,6,35,10,115,122,7,0.04375
61,52,4,6,23,25,110,112,7,0.04375
61,53,5,6,4,15,78,78,9,0.05625
61,54,6,6,5,16,73,74,7,0.04375
61,55,7,6,3,14,49,50,4,0.025
61,56,0,7,1,18,28,28,4,0.025
61,57,1,7,0,13,33,35,7,0.04375
61,58,2,7,8,14,46,48,6,0.0375
61,59,3,7,36,24,84,86,7,0.04375
61,60,4,7,21,10,67,67,6,0.0375
61,61,5,7,12,13,57,58,6,0.0375
61,62,6,7,1,14,47,44,9,0.05625
61,63,7,7,3,15,28,28,4,0.025
62,0,0,0,5,16,37,35,5,0.03125
62,1,1,0,10,11,55,57,6,0.0375
62,2,2,0,10,19,82,84,6,0.0375
62,3,3,0,36,16,102,101,7,0.04375
62,4,4,0,36,19,104,104,8,0.05
62,5,5,0,21,24,89,85,7,0.04375
62,6,6,0,10,15,59,58,7,0.04375
62,7,7,0,13,16,44,43,4,0.025
62,8,0,1,1,17,54,56,4,0.025
62,9,1,1,7,9,71,70,8,0.05
62,10,2,1,13,8,101,100,10,0.0625
62,11,3,1,24,25,127,123,9,0.05625
62,12,4,1,37,22,136,133,13,0.08125
62,13,5,1,17,11,99,101,8,0.05
62,14,6,1,4,20,80,79,8,0.05
62,15,7,1,11,18,67,65,5,0.03125
62,16,0,2,4,11,74,76,7,0.04375
62,17,1,2,4,14,89,87,10,0.0625
62,18,2,2,20,19,121,122,6,0.0375
62,19,3,2,27,11,140,141,7,0.04375
62,20,4,2,39,8,159,154,12,0.075
62,21,5,2,19,16,129,134,6,0.0375
62,22,6,2,7,16,102,102,9,0.05625
62,23,7,2,11,22,83,83,5,0.03125
62,24,0,3,8,19,102,101,7,0.04375
62,25,1,3,11,13,108,106,8,0.05
62,26,2,3,25,19,143,143,8,0.05
62,27,3,3,34,14,161,158,8,0.05
62,28,4,3,30,20,160,165,7,0.04375
62,29,5,3,16,18,134,134,8,0.05
62,30,6,3,8,14,105,108,8,0.05
62,31,7,3,5,16,90,90,5,0.03125
62,32,0,4,5,19,88,88,5,0.03125
62,33,1,4,3,14,81,81,9,0.05625
62,34,2,4,10,16,108,112,6,0.0375
62,35,3,4,27,12,144,143,11,0.06875
62,36,4,4,28,15,160,157,10,0.0625
62,37,5,4,34,12,156,154,7,0.04375
62,38,6,4,16,15,124,122,10,0.0625
62,39,7,4,17,19,101,95,10,0.0625
62,40,0,5,9,20,83,84,6,0.0375
62,41,1,5,12,15,102,101,8,0.05
62,42,2,5,19,14,124,126,6,0.0375
62,43,3,5,35,18,161,159,9,0.05625
62,44,4,5,30,22,154,157,5,0.03125
62,45,5,5,22,25,134,131,9,0.05625
62,46,6,5,5,15,99,98,7,0.04375
62,47,7,5,9,13,80,80,5,0.03125
62,48,0,6,7,18,57,57,3,0.01875
62,49,1,6,11,14,83,84,6,0.0375
62,50,2,6,19,17,109,108,8,0.05
62,51,3,6,35,21,149,144,12,0.075
62,52,4,6,28,16,134,130,9,0.05625
62,53,5,6,13,17,93,91,8,0.05
62,54,6,6,9,12,68,70,7,0.04375
62,55,7,6,7,19,62,63,4,0.025
62,56,0,7,9,11,32,31,4,0.025
62,57,1,7,10,15,60,60,7,0.04375
62,58,2,7,17,18,82,82,6,0.0375
62,59,3,7,39,21,114,113,5,0.03125
62,60,4,7,33,21,109,107,8,0.05
62,61,5,7,24,14,81,81,7,0.04375
62,62,6,7,11,22,61,62,8,0.05
62,63,7,7,5,15,40,39,5,0.03125
63,0,0,0,22,25,66,68,4,0.025
63,1,1,0,16,25,96,96,7,0.04375
63,2,2,0,27,29,136,133,8,0.05
63,3,3,0,27,22,145,146,7,0.04375
63,4,4,0,37,24,152,153,8,0.05
63,5,5,0,31,18,133,134,8,0.05
63,6,6,0,24,29,113,113,8,0.05
63,7,7,0,22,21,67,66,6,0.0375
63,8,0,1,27,26,117,115,3,0.01875
63,9,1,1,24,24,147,148,6,0.0375
63,10,2,1,28,27,186,189,8,0.05
63,11,3,1,31,51,221,224,8,0.05
63,12,4,1,39,26,200,206,7,0.04375
63,13,5,1,22,25,161,157,9,0.05625
63,14,6,1,19,25,136,138,7,0.04375
63,15,7,1,19,21,99,95,9,0.05625
63,16,0,2,16,17,117,120,4,0.025
63,17,1,2,18,27,153,153,9,0.05625
63,18,2,2,24,23,191,192,7,0.04375
63,19,3,2,34,22,225,221,8,0.05
63,20,4,2,31,36,225,230,7,0.04375
63,21,5,2,26,23,195,193,8,0.05
63,22,6,2,22,30,173,174,9,0.05625
63,23,7,2,29,30,131,130,7,0.04375
63,24,0,3,17,34,140,144,4,0.025
63,25,1,3,22,21,162,162,9,0.05625
63,26,2,3,27,28,210,211,7,0.04375
63,27,3,3,30,22,231,231,8,0.05
63,28,4,3,37,24,231,230,7,0.04375
63,29,5,3,33,21,208,204,8,0.05
63,30,6,3,24,25,176,177,7,0.04375
63,31,7,3,24,27,139,138,5,0.03125
63,32,0,4,23,21,136,137,4,0.025
63,33,1,4,21,29,159,159,9,0.05625
63,34,2,4,27,24,214,213,7,0.04375
63,35,3,4,31,25,242,242,8,0.05
63,36,4,4,33,23,229,230,7,0.04375
63,37,5,4,32,30,213,215,7,0.04375
63,38,6,4,21,24,185,185,9,0.05625
63,39,7,4,22,24,146,150,5,0.03125
63,40,0,5,23,22,133,132,6,0.0375
63,41,1,5,17,21,152,154,7,0.04375
63,42,2,5,34,23,206,201,12,0.075
63,43,3,5,35,29,225,224,11,0.06875
63,44,4,5,31,22,215,211,11,0.06875
63,45,5,5,23,30,178,180,7,0.04375
63,46,6,5,22,28,165,164,7,0.04375
63,47,7,5,22,35,141,140,5,0.03125
63,48,0,6,17,24,101,99,5,0.03125
63,49,1,6,19,19,123,120,11,0.06875
63,50,2,6,24,23,165,164,8,0.05
63,51,3,6,30,23,177,181,7,0.04375
63,52,4,6,40,27,195,197,8,0.05
63,53,5,6,29,17,156,156,11,0.06875
63,54,6,6,17,20,139,136,7,0.04375
63,55,7,6,22,34,116,112,8,0.05
63,56,0,7,18,23,70,70,4,0.025
63,57,1,7,14,23,98,95,9,0.05625
63,58,2,7,24,27,129,127,7,0.04375
63,59,3,7,37,26,149,151,6,0.0375
63,60,4,7,38,35,171,175,5,0.03125
63,61,5,7,34,29,149,148,6,0.0375
63,62,6,7,21,25,116,117,7,0.04375
63,63,7,7,25,27,76,77,4,0.025
64,0,0,0,6,20,36,36,4,0.025
64,1,1,0,4,16,42,42,7,0.04375
64,2,2,0,8,13,61,60,9,0.05625
64,3,3,0,13,13,77,78,5,0.03125
64,4,4,0,26,12,95,94,7,0.04375
64,5,5,0,28,20,93,95,5,0.03125
64,6,6,0,15,12,64,64,7,0.04375
64,7,7,0,13,15,44,47,3,0.01875
64,8,0,1,6,15,54,54,4,0.025
64,9,1,1,5,17,72,70,8,0.05
64,10,2,1,35,19,113,112,9,0.05625
64,11,3,1,26,36,134,133,7,0.04375
64,12,4,1,29,14,111,112,7,0.04375
64,13,5,1,15,13,96,97,9,0.05625
64,14,6,1,4,16,83,81,9,0.05625
64,15,7,1,8,22,69,73,6,0.0375
64,16,0,2,10,14,70,71,3,0.01875
64,17,1,2,6,14,92,95,8,0.05
64,18,2,2,18,16,122,119,9,0.05625
64,19,3,2,33,12,148,151,9,0.05625
64,20,4,2,36,19,148,146,8,0.05
64,21,5,2,19,21,123,124,7,0.04375
64,22,6,2,8,18,97,98,7,0.04375
64,23,7,2,3,21,81,80,6,0.0375
64,24,0,3,13,12,80,79,4,0.025
64,25,1,3,5,17,116,114,10,0.0625
64,26,2,3,20,15,133,131,8,0.05
64,27,3,3,37,14,159,156,11,0.06875
64,28,4,3,26,20,153,149,9,0.05625
64,29,5,3,22,11,131,135,7,0.04375
64,30,6,3,12,14,111,108,8,0.05
64,31,7,3,8,11,90,91,5,0.03125
64,32,0,4,10,16,80,82,3,0.01875
64,33,1,4,5,18,120,118,11,0.06875
64,34,2,4,24,19,137,138,6,0.0375
64,35,3,4,35,19,162,163,8,0.05
64,36,4,4,38,15,159,160,8,0.05
64,37,5,4,21,12,136,133,7,0.04375
64,38,6,4,8,15,103,100,12,0.075
64,39,7,4,8,23,99,100,6,0.0375
64,40,0,5,4,9,60,60,6,0.0375
64,41,1,5,8,13,107,103,10,0.0625
64,42,2,5,16,12,117,119,8,0.05
64,43,3,5,37,14,146,150,8,0.05
64,44,4,5,22,21,137,138,10,0.0625
64,45,5,5,15,21,116,118,7,0.04375
64,46,6,5,8,16,100,101,8,0.05
64,47,7,5,12,22,104,102,7,0.04375
64,48,0,6,4,21,56,57,4,0.025
64,49,1,6,0,16,83,83,10,0.0625
64,50,2,6,15,21,101,101,8,0.05
64,51,3,6,25,19,116,115,8,0.05
64,52,4,6,36,14,133,133,8,0.05
64,53,5,6,29,15,119,120,9,0.05625
64,54,6,6,10,15,96,96,10,0.0625
64,55,7,6,15,24,93,93,6,0.0375
64,56,0,7,9,15,35,36,4,0.025
64,57,1,7,12,16,59,59,8,0.05
64,58,2,7,13,20,77,78,8,0.05
64,59,3,7,33,14,106,105,6,0.0375
64,60,4,7,35,19,118,116,5,0.03125
64,61,5,7,25,19,90,91,6,0.0375
64,62,6,7,7,18,66,66,7,0.04375
64,63,7,7,7,18,47,48,3,0.01875
65,0,0,0,3,21,38,36,5,0.03125
65,1,1,0,12,13,54,52,8,0.05
65,2,2,0,16,18,80,81,9,0.05625
65,3,3,0,33,14,98,97,8,0.05
65,4,4,0,34,16,99,97,9,0.05625
65,5,5,0,14,14,75,73,8,0.05
65,6,6,0,4,19,58,55,10,0.0625
65,7,7,0,10,20,36,35,4,0.025
65,8,0,1,7,17,67,66,5,0.03125
65,9,1,1,15,13,85,85,9,0.05625
65,10,2,1,22,13,107,110,4,0.025
65,11,3,1,41,29,137,141,4,0.025
65,12,4,1,26,16,111,112,6,0.0375
65,13,5,1,7,18,93,94,9,0.05625
65,14,6,1,9,13,80,74,13,0.08125
65,15,7,1,5,17,54,56,3,0.01875
65,16,0,2,7,15,80,77,4,0.025
65,17,1,2,3,16,87,86,8,0.05
65,18,2,2,9,13,98,99,9,0.05625
65,19,3,2,21,23,144,143,8,0.05
65,20,4,2,39,12,133,135,6,0.0375
65,21,5,2,25,18,132,133,6,0.0375
65,22,6,2,13,18,107,103,11,0.06875
65,23,7,2,14,15,77,81,4,0.025
65,24,0,3,8,14,99,96,8,0.05
65,25,1,3,19,14,115,120,6,0.0375
65,26,2,3,23,11,129,130,7,0.04375
65,27,3,3,41,13,165,168,8,0.05
65,28,4,3,30,19,137,143,5,0.03125
65,29,5,3,17,14,128,128,8,0.05
65,30,6,3,2,16,109,110,7,0.04375
65,31,7,3,8,17,90,91,4,0.025
65,32,0,4,10,18,96,93,6,0.0375
65,33,1,4,11,19,112,113,7,0.04375
65,34,2,4,21,17,127,129,5,0.03125
65,35,3,4,34,13,155,154,10,0.0625
65,36,4,4,38,18,148,146,7,0.04375
65,37,5,4,15,18,134,134,10,0.0625
65,38,6,4,13,18,124,128,10,0.0625
65,39,7,4,7,15,92,92,5,0.03125
65,40,0,5,7,19,83,86,2,0.0125
65,41,1,5,5,19,91,95,7,0.04375
65,42,2,5,16,25,120,119,9,0.05625
65,43,3,5,34,19,139,137,10,0.0625
65,44,4,5,25,21,129,131,7,0.04375
65,45,5,5,16,17,119,115,10,0.0625
65,46,6,5,6,12,104,104,8,0.05
65,47,7,5,7,16,73,75,5,0.03125
65,48,0,6,9,17,68,69,4,0.025
65,49,1,6,6,13,74,77,8,0.05
65,50,2,6,9,17,98,98,8,0.05
65,51,3,6,25,16,122,119,13,0.08125
65,52,4,6,32,17,126,124,9,0.05625
65,53,5,6,15,13,92,93,9,0.05625
65,54,6,6,13,26,86,87,8,0.05
65,55,7,6,8,14,52,54,5,0.03125
65,56,0,7,7,18,43,41,5,0.03125
65,57,1,7,8,16,62,63,9,0.05625
65,58,2,7,23,18,92,94,5,0.03125
65,59,3,7,45,20,118,118,7,0.04375
65,60,4,7,27,20,101,98,9,0.05625
65,61,5,7,5,9,61,57,10,0.0625
65,62,6,7,6,17,50,50,7,0.04375
65,63,7,7,9,16,34,33,3,0.01875
66,0,0,0,15,18,44,46,3,0.01875
66,1,1,0,6,16,59,61,5,0.03125
66,2,2,0,26,11,86,91,3,0.01875
66,3,3,0,34,15,104,105,5,0.03125
66,4,4,0,28,13,91,95,6,0.0375
66,5,5,0,17,11,74,74,6,0.0375
66,6,6,0,9,22,58,61,7,0.04375
66,7,7,0,5,13,30,29,4,0.025
66,8,0,1,9,13,61,62,5,0.03125
66,9,1,1,5,18,86,85,9,0.05625
66,10,2,1,19,13,107,104,8,0.05
66,11,3,1,26,32,134,131,7,0.04375
66,12,4,1,25,19,111,111,4,0.025
66,13,5,1,12,17,87,90,6,0.0375
66,14,6,1,6,19,75,81,8,0.05
66,15,7,1,9,20,58,56,4,0.025
66,16,0,2,3,8,62,62,6,0.0375
66,17,1,2,9,16,107,103,12,0.075
66,18,2,2,14,17,114,115,8,0.05
66,19,3,2,35,13,140,142,6,0.0375
66,20,4,2,28,14,124,124,8,0.05
66,21,5,2,17,21,119,118,8,0.05
66,22,6,2,4,15,93,95,8,0.05
66,23,7,2,9,14,74,72,5,0.03125
66,24,0,3,5,14,75,77,5,0.03125
66,25,1,3,4,8,108,104,11,0.06875
66,26,2,3,13,16,121,121,6,0.0375
66,27,3,3,37,10,150,149,7,0.04375
66,28,4,3,35,12,138,135,8,0.05
66,29,5,3,16,13,135,133,9,0.05625
66,30,6,3,15,19,122,123,8,0.05
66,31,7,3,5,16,86,85,5,0.03125
66,32,0,4,12,10,85,84,6,0.0375
66,33,1,4,10,10,112,115,7,0.04375
66,34,2,4,24,14,135,127,10,0.0625
66,35,3,4,39,15,149,151,8,0.05
66,36,4,4,33,14,135,139,6,0.0375
66,37,5,4,9,4,109,114,5,0.03125
66,38,6,4,7,14,103,104,8,0.05
66,39,7,4,10,18,81,81,6,0.0375
66,40,0,5,11,24,82,79,5,0.03125
66,41,1,5,10,18,97,96,7,0.04375
66,42,2,5,18,17,119,123,6,0.0375
66,43,3,5,37,13,127,128,8,0.05
66,44,4,5,27,26,128,129,6,0.0375
66,45,5,5,15,13,105,105,9,0.05625
66,46,6,5,9,23,98,99,7,0.04375
66,47,7,5,3,13,66,68,4,0.025
66,48,0,6,3,17,56,54,6,0.0375
66,49,1,6,8,15,71,71,8,0.05
66,50,2,6,14,17,94,96,6,0.0375
66,51,3,6,30,12,103,105,9,0.05625
66,52,4,6,25,12,113,116,8,0.05
66,53,5,6,13,12,99,96,10,0.0625
66,54,6,6,5,19,81,80,9,0.05625
66,55,7,6,9,18,60,63,3,0.01875
66,56,0,7,3,21,33,35,4,0.025
66,57,1,7,9,15,48,48,8,0.05
66,58,2,7,18,17,67,64,8,0.05
66,59,3,7,40,18,81,79,8,0.05
66,60,4,7,6,13,60,61,9,0.05625
66,61,5,7,3,18,50,54,7,0.04375
66,62,6,7,2,12,40,39,8,0.05
66,63,7,7,4,10,30,30,4,0.025
67,0,0,0,11,16,39,39,4,0.025
67,1,1,0,16,22,73,72,8,0.05
67,2,2,0,28,16,98,94,7,0.04375
67,3,3,0,40,20,120,121,5,0.03125
67,4,4,0,26,9,94,93,5,0.03125
67,5,5,0,18,17,80,82,5,0.03125
67,6,6,0,7,15,53,50,9,0.05625
67,7,7,0,8,13,30,31,4,0.025
67,8,0,1,10,17,60,62,4,0.025
67,9,1,1,7,18,81,80,11,0.06875
67,10,2,1,19,17,95,96,8,0.05
67,11,3,1,36,26,143,142,8,0.05
67,12,4,1,30,15,120,119,7,0.04375
67,13,5,1,15,16,105,104,6,0.0375
67,14,6,1,6,21,75,77,6,0.0375
67,15,7,1,5,14,51,51,5,0.03125
67,16,0,2,7,11,65,67,3,0.01875
67,17,1,2,5,14,85,89,10,0.0625
67,18,2,2,25,21,117,117,7,0.04375
67,19,3,2,28,14,140,137,8,0.05
67,20,4,2,20,17,122,121,7,0.04375
67,21,5,2,14,23,119,118,9,0.05625
67,22,6,2,6,15,92,90,10,0.0625
67,23,7,2,8,19,76,76,5,0.03125
67,24,0,3,10,13,79,81,4,0.025
67,25,1,3,7,13,111,111,11,0.06875
67,26,2,3,20,15,130,131,6,0.0375
67,27,3,3,33,18,160,164,6,0.0375
67,28,4,3,37,20,148,151,4,0.025
67,29,5,3,25,17,137,138,8,0.05
67,30,6,3,7,10,98,97,9,0.05625
67,31,7,3,7,11,78,78,5,0.03125
67,32,0,4,9,15,77,79,4,0.025
67,33,1,4,10,11,109,107,9,0.05625
67,34,2,4,21,20,134,140,7,0.04375
67,35,3,4,49,12,165,165,7,0.04375
67,36,4,4,30,13,134,131,8,0.05
67,37,5,4,17,17,127,123,9,0.05625
67,38,6,4,6,14,89,88,7,0.04375
67,39,7,4,2,10,71,72,5,0.03125
67,40,0,5,9,13,71,72,5,0.03125
67,41,1,5,14,22,103,101,8,0.05
67,42,2,5,22,10,106,104,8,0.05
67,43,3,5,35,14,137,139,8,0.05
67,44,4,5,27,16,126,124,6,0.0375
67,45,5,5,7,11,108,108,9,0.05625
67,46,6,5,6,8,80,79,8,0.05
67,47,7,5,11,14,74,70,8,0.05
67,48,0,6,6,18,52,55,3,0.01875
67,49,1,6,10,16,69,70,6,0.0375
67,50,2,6,19,15,83,81,9,0.05625
67,51,3,6,37,18,119,115,13,0.08125
67,52,4,6,20,13,108,107,8,0.05
67,53,5,6,9,19,99,103,7,0.04375
67,54,6,6,8,10,67,70,7,0.04375
67,55,7,6,5,19,53,51,4,0.025
67,56,0,7,0,14,19,19,4,0.025
67,57,1,7,0,9,23,23,9,0.05625
67,58,2,7,0,11,29,30,8,0.05
67,59,3,7,52,18,77,75,11,0.06875
67,60,4,7,9,16,62,62,9,0.05625
67,61,5,7,2,18,52,50,9,0.05625
67,62,6,7,1,14,27,26,8,0.05
67,63,7,7,0,14,18,18,4,0.025
68,0,0,0,5,18,40,39,4,0.025
68,1,1,0,17,15,65,66,6,0.0375
68,2,2,0,23,13,88,88,6,0.0375
68,3,3,0,42,15,109,108,6,0.0375
68,4,4,0,20,16,87,87,7,0.04375
68,5,5,0,16,13,74,72,7,0.04375
68,6,6,0,4,15,53,54,8,0.05
68,7,7,0,13,21,47,46,5,0.03125
68,8,0,1,13,20,69,68,4,0.025
68,9,1,1,10,13,83,86,8,0.05
68,10,2,1,26,20,119,118,8,0.05
68,11,3,1,37,30,140,140,7,0.04375
68,12,4,1,18,8,104,102,8,0.05
68,13,5,1,16,11,91,90,8,0.05
68,14,6,1,8,16,84,82,9,0.05625
68,15,7,1,9,17,77,79,4,0.025
68,16,0,2,10,13,83,81,5,0.03125
68,17,1,2,12,11,109,110,8,0.05
68,18,2,2,36,10,134,135,6,0.0375
68,19,3,2,30,19,150,152,5,0.03125
68,20,4,2,10,12,105,103,10,0.0625
68,21,5,2,16,15,96,96,9,0.05625
68,22,6,2,4,16,84,84,10,0.0625
68,23,7,2,3,16,83,82,6,0.0375
68,24,0,3,9,13,83,79,8,0.05
68,25,1,3,15,10,108,109,7,0.04375
68,26,2,3,16,12,117,116,8,0.05
68,27,3,3,30,17,168,163,9,0.05625
68,28,4,3,37,19,153,150,8,0.05
68,29,5,3,15,16,120,120,8,0.05
68,30,6,3,14,12,115,112,9,0.05625
68,31,7,3,8,20,97,99,4,0.025
68,32,0,4,7,18,88,85,6,0.0375
68,33,1,4,14,20,115,115,9,0.05625
68,34,2,4,24,20,128,123,10,0.0625
68,35,3,4,35,17,168,166,9,0.05625
68,36,4,4,30,18,155,154,7,0.04375
68,37,5,4,12,9,104,104,8,0.05
68,38,6,4,9,15,105,103,11,0.06875
68,39,7,4,9,15,87,86,5,0.03125
68,40,0,5,11,10,74,74,5,0.03125
68,41,1,5,6,15,92,94,7,0.04375
68,42,2,5,18,13,106,107,6,0.0375
68,43,3,5,34,21,151,149,9,0.05625
68,44,4,5,35,10,141,142,8,0.05
68,45,5,5,16,5,93,95,9,0.05625
68,46,6,5,5,15,92,93,7,0.04375
68,47,7,5,5,8,65,70,3,0.01875
68,48,0,6,8,18,64,61,5,0.03125
68,49,1,6,9,20,87,86,8,0.05
68,50,2,6,13,20,101,101,8,0.05
68,51,3,6,40,16,128,131,12,0.075
68,52,4,6,29,24,121,126,4,0.025
68,53,5,6,18,18,95,97,5,0.03125
68,54,6,6,2,20,77,74,10,0.0625
68,55,7,6,7,19,58,58,4,0.025
68,56,0,7,13,16,38,38,4,0.025
68,57,1,7,10,20,57,56,9,0.05625
68,58,2,7,9,15,68,66,8,0.05
68,59,3,7,34,19,93,95,9,0.05625
68,60,4,7,14,15,68,68,8,0.05
68,61,5,7,11,13,50,50,8,0.05
68,62,6,7,0,20,38,38,9,0.05625
68,63,7,7,2,19,29,29,4,0.025
69,0,0,0,23,24,63,62,5,0.03125
69,1,1,0,17,31,103,102,8,0.05
69,2,2,0,28,34,137,135,9,0.05625
69,3,3,0,38,28,151,150,8,0.05
69,4,4,0,39,20,149,152,4,0.025
69,5,5,0,37,29,142,146,4,0.025
69,6,6,0,23,30,112,116,6,0.0375
69,7,7,0,20,27,72,74,3,0.01875
69,8,0,1,25,24,104,104,5,0.03125
69,9,1,1,15,21,143,139,12,0.075
69,10,2,1,15,31,173,171,9,0.05625
69,11,3,1,30,42,206,206,8,0.05
69,12,4,1,36,21,185,184,8,0.05
69,13,5,1,33,29,183,182,9,0.05625
69,14,6,1,21,19,142,143,8,0.05
69,15,7,1,30,21,112,108,6,0.0375
69,16,0,2,22,26,132,133,5,0.03125
69,17,1,2,17,25,171,171,9,0.05625
69,18,2,2,28,19,202,201,7,0.04375
69,19,3,2,34,35,237,238,6,0.0375
69,20,4,2,31,16,190,192,7,0.04375
69,21,5,2,28,29,188,188,8,0.05
69,22,6,2,20,23,155,156,9,0.05625
69,23,7,2,26,27,127,132,2,0.0125
69,24,0,3,23,24,149,151,6,0.0375
69,25,1,3,19,22,179,178,8,0.05
69,26,2,3,28,37,228,230,6,0.0375
69,27,3,3,40,32,261,263,8,0.05
69,28,4,3,32,22,217,219,7,0.04375
69,29,5,3,21,19,196,197,7,0.04375
69,30,6,3,23,19,163,167,7,0.04375
69,31,7,3,15,25,141,138,6,0.0375
69,32,0,4,30,26,158,160,5,0.03125
69,33,1,4,26,28,191,192,7,0.04375
69,34,2,4,32,26,229,231,10,0.0625
69,35,3,4,42,38,257,258,8,0.05
69,36,4,4,26,28,200,204,5,0.03125
69,37,5,4,25,23,190,189,8,0.05
69,38,6,4,19,32,157,156,12,0.075
69,39,7,4,16,24,133,134,5,0.03125
69,40,0,5,24,23,140,137,7,0.04375
69,41,1,5,22,28,173,169,10,0.0625
69,42,2,5,29,26,204,205,6,0.0375
69,43,3,5,34,33,222,224,7,0.04375
69,44,4,5,37,35,199,199,6,0.0375
69,45,5,5,26,29,190,188,9,0.05625
69,46,6,5,20,20,151,150,8,0.05
69,47,7,5,24,25,129,125,7,0.04375
69,48,0,6,24,32,110,111,5,0.03125
69,49,1,6,15,25,140,139,8,0.05
69,50,2,6,21,23,166,166,8,0.05
69,51,3,6,31,19,179,181,8,0.05
69,52,4,6,35,22,161,158,5,0.03125
69,53,5,6,23,16,141,138,8,0.05
69,54,6,6,18,26,122,122,9,0.05625
69,55,7,6,26,27,93,93,4,0.025
69,56,0,7,23,31,72,71,4,0.025
69,57,1,7,20,26,107,109,8,0.05
69,58,2,7,22,28,138,139,8,0.05
69,59,3,7,29,19,154,155,7,0.04375
69,60,4,7,32,23,142,143,7,0.04375
69,61,5,7,30,15,119,116,12,0.075
69,62,6,7,21,18,89,90,7,0.04375
69,63,7,7,20,23,55,54,5,0.03125
70,0,0,0,7,15,32,35,3,0.01875
70,1,1,0,11,15,55,57,6,0.0375
70,2,2,0,22,18,93,91,10,0.0625
70,3,3,0,31,19,105,106,7,0.04375
70,4,4,0,37,14,107,102,8,0.05
70,5,5,0,20,20,100,95,8,0.05
70,6,6,0,12,21,72,70,8,0.05
70,7,7,0,8,13,34,32,5,0.03125
70,8,0,1,2,14,51,52,4,0.025
70,9,1,1,7,15,72,75,8,0.05
70,10,2,1,24,17,115,114,10,0.0625
70,11,3,1,32,29,135,137,5,0.03125
70,12,4,1,28,23,119,121,8,0.05
70,13,5,1,15,17,116,115,9,0.05625
70,14,6,1,5,14,82,81,9,0.05625
70,15,7,1,3,21,58,61,4,0.025
70,16,0,2,6,14,69,70,3,0.01875
70,17,1,2,7,12,97,96,8,0.05
70,18,2,2,13,18,122,122,8,0.05
70,19,3,2,29,9,137,136,7,0.04375
70,20,4,2,22,12,119,117,9,0.05625
70,21,5,2,15,12,127,126,10,0.0625
70,22,6,2,9,15,98,99,8,0.05
70,23,7,2,6,13,86,81,6,0.0375
70,24,0,3,12,17,94,91,7,0.04375
70,25,1,3,14,8,111,116,6,0.0375
70,26,2,3,20,19,149,144,10,0.0625
70,27,3,3,42,12,159,162,6,0.0375
70,28,4,3,30,17,138,136,7,0.04375
70,29,5,3,22,13,139,136,8,0.05
70,30,6,3,5,14,107,107,7,0.04375
70,31,7,3,12,25,96,98,4,0.025
70,32,0,4,9,15,91,87,8,0.05
70,33,1,4,13,16,110,110,7,0.04375
70,34,2,4,21,17,143,145,7,0.04375
70,35,3,4,28,11,148,147,9,0.05625
70,36,4,4,30,9,145,140,9,0.05625
70,37,5,4,23,18,144,144,9,0.05625
70,38,6,4,10,15,114,113,13,0.08125
70,39,7,4,7,22,93,92,4,0.025
70,40,0,5,10,19,80,84,5,0.03125
70,41,1,5,5,21,90,94,8,0.05
70,42,2,5,6,15,113,111,9,0.05625
70,43,3,5,27,17,124,119,12,0.075
70,44,4,5,33,13,124,123,8,0.05
70,45,5,5,15,14,122,123,8,0.05
70,46,6,5,4,12,93,92,9,0.05625
70,47,7,5,8,14,75,77,3,0.01875
70,48,0,6,3,13,55,54,5,0.03125
70,49,1,6,10,16,67,68,8,0.05
70,50,2,6,12,19,93,94,7,0.04375
70,51,3,6,31,20,109,107,11,0.06875
70,52,4,6,34,14,115,114,8,0.05
70,53,5,6,27,16,124,124,9,0.05625
70,54,6,6,14,21,101,100,10,0.0625
70,55,7,6,8,21,66,67,4,0.025
70,56,0,7,4,19,35,36,4,0.025
70,57,1,7,9,14,49,49,8,0.05
70,58,2,7,12,15,73,75,7,0.04375
70,59,3,7,21,14,85,87,6,0.0375
70,60,4,7,38,10,92,92,7,0.04375
70,61,5,7,21,26,94,96,10,0.0625
70,62,6,7,5,20,66,65,9,0.05625
70,63,7,7,11,19,40,41,3,0.01875
71,0,0,0,3,15,34,32,4,0.025
71,1,1,0,11,13,55,54,7,0.04375
71,2,2,0,19,23,83,87,8,0.05
71,3,3,0,35,12,100,97,9,0.05625
71,4,4,0,31,15,96,99,6,0.0375
71,5,5,0,15,10,76,76,8,0.05
71,6,6,0,8,22,61,62,7,0.04375
71,7,7,0,4,18,41,42,4,0.025
71,8,0,1,12,20,69,63,10,0.0625
71,9,1,1,19,15,87,86,9,0.05625
71,10,2,1,27,17,114,112,11,0.06875
71,11,3,1,28,32,124,123,7,0.04375
71,12,4,1,20,8,102,101,8,0.05
71,13,5,1,11,13,97,96,11,0.06875
71,14,6,1,5,21,81,82,7,0.04375
71,15,7,1,2,19,71,69,5,0.03125
71,16,0,2,12,11,83,77,8,0.05
71,17,1,2,12,14,102,103,9,0.05625
71,18,2,2,28,13,138,138,6,0.0375
71,19,3,2,39,24,160,159,9,0.05625
71,20,4,2,30,14,122,123,9,0.05625
71,21,5,2,9,14,111,112,9,0.05625
71,22,6,2,11,14,90,93,7,0.04375
71,23,7,2,2,19,81,80,6,0.0375
71,24,0,3,10,15,88,90,7,0.04375
71,25,1,3,12,18,113,109,10,0.0625
71,26,2,3,22,14,140,142,8,0.05
71,27,3,3,37,11,168,162,11,0.06875
71,28,4,3,37,19,151,152,8,0.05
71,29,5,3,14,15,125,126,7,0.04375
71,30,6,3,13,22,109,109,8,0.05
71,31,7,3,7,17,87,86,5,0.03125
71,32,0,4,8,14,77,81,5,0.03125
71,33,1,4,4,17,87,87,9,0.05625
71,34,2,4,17,16,132,129,11,0.06875
71,35,3,4,36,18,156,155,9,0.05625
71,36,4,4,40,20,143,145,7,0.04375
71,37,5,4,21,18,136,137,8,0.05
71,38,6,4,8,14,101,106,9,0.05625
71,39,7,4,11,17,86,87,4,0.025
71,40,0,5,7,12,58,57,5,0.03125
71,41,1,5,8,8,73,73,8,0.05
71,42,2,5,18,12,119,118,10,0.0625
71,43,3,5,39,24,151,154,8,0.05
71,44,4,5,26,14,123,122,9,0.05625
71,45,5,5,15,23,125,126,9,0.05625
71,46,6,5,12,10,93,92,10,0.0625
71,47,7,5,3,14,71,70,5,0.03125
71,48,0,6,12,13,56,57,4,0.025
71,49,1,6,7,8,64,64,7,0.04375
71,50,2,6,20,21,99,97,8,0.05
71,51,3,6,34,13,105,105,12,0.075
71,52,4,6,10,18,80,82,6,0.0375
71,53,5,6,0,18,80,81,8,0.05
71,54,6,6,9,16,70,73,8,0.05
71,55,7,6,4,16,54,52,5,0.03125
71,56,0,7,10,21,40,40,4,0.025
71,57,1,7,6,14,50,49,8,0.05
71,58,2,7,14,19,79,78,7,0.04375
71,59,3,7,28,17,99,97,7,0.04375
71,60,4,7,36,12,96,97,7,0.04375
71,61,5,7,16,16,80,80,8,0.05
71,62,6,7,12,13,57,57,8,0.05
71,63,7,7,5,14,36,36,3,0.01875
72,0,0,0,9,15,41,39,7,0.04375
72,1,1,0,8,17,60,60,6,0.0375
72,2,2,0,17,16,89,87,9,0.05625
72,3,3,0,44,13,107,110,6,0.0375
72,4,4,0,24,20,99,98,7,0.04375
72,5,5,0,7,16,70,72,7,0.04375
72,6,6,0,8,17,53,52,8,0.05
72,7,7,0,10,20,38,38,4,0.025
72,8,0,1,11,11,61,64,7,0.04375
72,9,1,1,3,15,79,77,10,0.0625
72,10,2,1,22,13,103,107,9,0.05625
72,11,3,1,34,27,130,132,5,0.03125
72,12,4,1,26,21,124,128,3,0.01875
72,13,5,1,13,18,107,111,8,0.05
72,14,6,1,6,10,78,79,7,0.04375
72,15,7,1,9,19,65,67,4,0.025
72,16,0,2,6,14,67,72,5,0.03125
72,17,1,2,12,19,97,95,9,0.05625
72,18,2,2,18,12,109,106,9,0.05625
72,19,3,2,19,16,128,126,12,0.075
72,20,4,2,35,16,132,132,9,0.05625
72,21,5,2,24,19,136,137,7,0.04375
72,22,6,2,11,7,93,90,9,0.05625
72,23,7,2,13,17,84,83,8,0.05
72,24,0,3,7,13,80,83,4,0.025
72,25,1,3,9,10,107,107,10,0.0625
72,26,2,3,16,17,133,131,11,0.06875
72,27,3,3,32,17,147,151,9,0.05625
72,28,4,3,38,14,137,135,9,0.05625
72,29,5,3,17,15,136,136,8,0.05
72,30,6,3,11,17,93,94,7,0.04375
72,31,7,3,5,15,88,87,6,0.0375
72,32,0,4,12,24,90,88,5,0.03125
72,33,1,4,6,25,109,110,7,0.04375
72,34,2,4,18,17,132,131,10,0.0625
72,35,3,4,24,12,139,142,9,0.05625
72,36,4,4,41,21,151,151,7,0.04375
72,37,5,4,22,15,145,144,8,0.05
72,38,6,4,4,11,85,85,9,0.05625
72,39,7,4,7,24,92,93,4,0.025
72,40,0,5,7,15,79,79,5,0.03125
72,41,1,5,9,18,102,100,9,0.05625
72,42,2,5,26,19,138,137,9,0.05625
72,43,3,5,38,16,140,140,9,0.05625
72,44,4,5,23,17,115,118,7,0.04375
72,45,5,5,16,18,123,124,7,0.04375
72,46,6,5,4,19,88,88,9,0.05625
72,47,7,5,8,16,78,78,5,0.03125
72,48,0,6,5,18,61,61,5,0.03125
72,49,1,6,7,17,81,83,6,0.0375
72,50,2,6,22,14,109,109,8,0.05
72,51,3,6,41,19,110,110,11,0.06875
72,52,4,6,16,11,80,77,8,0.05
72,53,5,6,17,19,101,101,7,0.04375
72,54,6,6,0,17,69,69,8,0.05
72,55,7,6,6,17,53,54,5,0.03125
72,56,0,7,12,18,36,36,3,0.01875
72,57,1,7,4,14,52,53,7,0.04375
72,58,2,7,17,26,88,90,6,0.0375
72,59,3,7,33,13,88,89,6,0.0375
72,60,4,7,29,10,88,84,8,0.05
72,61,5,7,9,19,83,85,8,0.05
72,62,6,7,9,14,59,61,6,0.0375
72,63,7,7,10,11,31,31,4,0.025
73,0,0,0,9,21,45,48,3,0.01875
73,1,1,0,13,15,66,64,9,0.05625
73,2,2,0,27,17,100,101,8,0.05
73,3,3,0,38,13,113,113,5,0.03125
73,4,4,0,24,12,92,93,5,0.03125
73,5,5,0,12,14,74,73,7,0.04375
73,6,6,0,3,15,47,46,9,0.05625
73,7,7,0,5,19,35,33,5,0.03125
73,8,0,1,6,13,73,71,9,0.05625
73,9,1,1,11,19,90,91,9,0.05625
73,10,2,1,27,11,112,114,7,0.04375
73,11,3,1,41,27,141,139,8,0.05
73,12,4,1,30,13,121,116,9,0.05625
73,13,5,1,15,19,106,106,8,0.05
73,14,6,1,8,16,77,76,8,0.05
73,15,7,1,7,15,58,57,5,0.03125
73,16,0,2,6,19,92,89,8,0.05
73,17,1,2,2,16,87,90,7,0.04375
73,18,2,2,12,14,112,116,6,0.0375
73,19,3,2,32,16,143,147,8,0.05
73,20,4,2,31,16,139,140,6,0.0375
73,21,5,2,9,18,123,121,8,0.05
73,22,6,2,6,18,87,86,10,0.0625
73,23,7,2,14,19,83,87,5,0.03125
73,24,0,3,11,17,99,96,5,0.03125
73,25,1,3,10,17,99,100,9,0.05625
73,26,2,3,22,22,132,132,10,0.0625
73,27,3,3,26,18,150,152,6,0.0375
73,28,4,3,31,16,141,141,9,0.05625
73,29,5,3,20,18,136,139,5,0.03125
73,30,6,3,6,7,90,83,12,0.075
73,31,7,3,8,8,81,83,4,0.025
73,32,0,4,8,27,99,100,4,0.025
73,33,1,4,10,12,113,111,10,0.0625
73,34,2,4,13,17,132,136,6,0.0375
73,35,3,4,34,10,153,153,7,0.04375
73,36,4,4,28,4,130,131,6,0.0375
73,37,5,4,19,22,135,137,7,0.04375
73,38,6,4,15,13,97,98,8,0.05
73,39,7,4,5,11,84,81,6,0.0375
73,40,0,5,9,24,81,83,4,0.025
73,41,1,5,15,23,113,114,8,0.05
73,42,2,5,26,15,128,129,9,0.05625
73,43,3,5,41,10,138,138,9,0.05625
73,44,4,5,19,14,113,112,7,0.04375
73,45,5,5,9,7,99,97,9,0.05625
73,46,6,5,3,15,67,69,9,0.05625
73,47,7,5,5,13,76,75,7,0.04375
73,48,0,6,6,17,50,51,4,0.025
73,49,1,6,7,14,65,62,7,0.04375
73,50,2,6,10,13,68,73,5,0.03125
73,51,3,6,31,16,79,80,10,0.0625
73,52,4,6,2,16,66,66,9,0.05625
73,53,5,6,0,14,70,67,9,0.05625
73,54,6,6,1,8,41,40,8,0.05
73,55,7,6,6,11,63,61,6,0.0375
73,56,0,7,8,9,33,32,4,0.025
73,57,1,7,10,10,60,59,8,0.05
73,58,2,7,22,17,80,78,8,0.05
73,59,3,7,38,12,89,84,11,0.06875
73,60,4,7,22,13,83,85,9,0.05625
73,61,5,7,15,19,78,77,9,0.05625
73,62,6,7,8,12,48,46,8,0.05
73,63,7,7,5,20,47,46,4,0.025
74,0,0,0,19,32,75,74,5,0.03125
74,1,1,0,20,24,100,101,7,0.04375
74,2,2,0,20,37,136,136,8,0.05
74,3,3,0,35,37,164,164,6,0.0375
74,4,4,0,39,28,166,167,5,0.03125
74,5,5,0,32,25,147,148,7,0.04375
74,6,6,0,21,25,110,109,9,0.05625
74,7,7,0,21,26,69,72,3,0.01875
74,8,0,1,19,19,111,113,6,0.0375
74,9,1,1,20,15,126,127,8,0.05
74,10,2,1,28,23,170,169,8,0.05
74,11,3,1,35,41,210,207,8,0.05
74,12,4,1,34,25,195,197,7,0.04375
74,13,5,1,21,18,171,171,6,0.0375
74,14,6,1,24,25,145,146,7,0.04375
74,15,7,1,27,26,113,112,6,0.0375
74,16,0,2,16,16,128,130,5,0.03125
74,17,1,2,21,24,142,142,7,0.04375
74,18,2,2,29,16,191,191,7,0.04375
74,19,3,2,43,15,240,240,7,0.04375
74,20,4,2,29,21,219,220,8,0.05
74,21,5,2,25,26,177,176,9,0.05625
74,22,6,2,14,26,142,143,8,0.05
74,23,7,2,18,33,125,126,4,0.025
74,24,0,3,16,21,140,139,7,0.04375
74,25,1,3,20,24,153,153,9,0.05625
74,26,2,3,19,28,197,199,9,0.05625
74,27,3,3,37,28,249,245,10,0.0625
74,28,4,3,40,20,239,241,6,0.0375
74,29,5,3,29,32,207,205,8,0.05
74,30,6,3,20,18,160,164,9,0.05625
74,31,7,3,17,21,130,128,6,0.0375
74,32,0,4,22,30,148,148,6,0.0375
74,33,1,4,19,26,163,164,8,0.05
74,34,2,4,20,28,192,194,6,0.0375
74,35,3,4,29,39,244,245,4,0.025
74,36,4,4,40,16,222,223,5,0.03125
74,37,5,4,26,18,197,197,6,0.0375
74,38,6,4,21,25,174,172,8,0.05
74,39,7,4,26,31,143,146,4,0.025
74,40,0,5,18,28,127,126,4,0.025
74,41,1,5,16,24,151,149,10,0.0625
74,42,2,5,22,19,171,173,7,0.04375
74,43,3,5,40,18,236,238,7,0.04375
74,44,4,5,34,27,210,209,8,0.05
74,45,5,5,22,19,183,181,11,0.06875
74,46,6,5,24,27,157,157,9,0.05625
74,47,7,5,22,27,119,118,7,0.04375
74,48,0,6,25,26,116,111,7,0.04375
74,49,1,6,11,24,145,145,8,0.05
74,50,2,6,32,20,165,165,5,0.03125
74,51,3,6,38,27,212,218,3,0.01875
74,52,4,6,26,25,185,184,8,0.05
74,53,5,6,29,28,169,170,9,0.05625
74,54,6,6,20,39,141,142,8,0.05
74,55,7,6,20,26,98,100,5,0.03125
74,56,0,7,33,30,83,83,5,0.03125
74,57,1,7,24,26,120,120,9,0.05625
74,58,2,7,28,30,146,147,4,0.025
74,59,3,7,37,25,164,172,4,0.025
74,60,4,7,37,31,156,159,5,0.03125
74,61,5,7,22,25,132,132,8,0.05
74,62,6,7,20,29,99,99,8,0.05
74,63,7,7,16,25,62,62,5,0.03125
75,0,0,0,11,19,42,43,4,0.025
75,1,1,0,5,22,62,61,9,0.05625
75,2,2,0,15,13,78,79,7,0.04375
75,3,3,0,34,14,108,107,7,0.04375
75,4,4,0,30,19,117,116,7,0.04375
75,5,5,0,28,20,103,101,7,0.04375
75,6,6,0,13,13,66,69,7,0.04375
75,7,7,0,11,23,57,55,5,0.03125
75,8,0,1,4,19,64,66,5,0.03125
75,9,1,1,3,21,82,84,8,0.05
75,10,2,1,15,21,98,101,6,0.0375
75,11,3,1,18,33,123,124,9,0.05625
75,12,4,1,34,17,128,129,6,0.0375
75,13,5,1,21,16,114,112,8,0.05
75,14,6,1,10,9,81,78,9,0.05625
75,15,7,1,10,15,81,78,9,0.05625
75,16,0,2,11,15,103,99,8,0.05
75,17,1,2,13,10,116,115,8,0.05
75,18,2,2,23,6,128,126,7,0.04375
75,19,3,2,41,13,151,152,7,0.04375
75,20,4,2,24,12,135,133,8,0.05
75,21,5,2,12,16,115,116,10,0.0625
75,22,6,2,10,14,87,89,8,0.05
75,23,7,2,6,15,93,90,5,0.03125
75,24,0,3,10,15,101,103,5,0.03125
75,25,1,3,6,19,110,109,9,0.05625
75,26,2,3,17,26,135,136,7,0.04375
75,27,3,3,34,12,153,157,5,0.03125
75,28,4,3,31,16,155,155,4,0.025
75,29,5,3,12,21,132,130,10,0.0625
75,30,6,3,11,12,102,101,9,0.05625
75,31,7,3,10,18,102,100,8,0.05
75,32,0,4,11,15,98,97,6,0.0375
75,33,1,4,6,17,104,103,8,0.05
75,34,2,4,18,13,127,125,8,0.05
75,35,3,4,35,16,156,157,5,0.03125
75,36,4,4,32,14,155,153,6,0.0375
75,37,5,4,17,19,140,137,10,0.0625
75,38,6,4,14,16,105,105,8,0.05
75,39,7,4,8,16,99,98,4,0.025
75,40,0,5,9,13,85,85,5,0.03125
75,41,1,5,10,9,86,90,7,0.04375
75,42,2,5,15,13,120,118,9,0.05625
75,43,3,5,26,23,135,133,8,0.05
75,44,4,5,34,15,140,142,6,0.0375
75,45,5,5,19,12,126,126,9,0.05625
75,46,6,5,8,14,93,93,9,0.05625
75,47,7,5,10,21,98,98,6,0.0375
75,48,0,6,6,23,77,77,8,0.05
75,49,1,6,13,16,82,82,8,0.05
75,50,2,6,23,18,118,115,5,0.03125
75,51,3,6,34,11,125,115,14,0.0875
75,52,4,6,33,12,127,128,9,0.05625
75,53,5,6,14,22,114,113,10,0.0625
75,54,6,6,10,13,86,85,8,0.05
75,55,7,6,8,23,77,78,3,0.01875
75,56,0,7,4,19,44,44,4,0.025
75,57,1,7,13,15,67,69,7,0.04375
75,58,2,7,23,16,96,96,7,0.04375
75,59,3,7,40,21,119,115,7,0.04375
75,60,4,7,23,25,109,108,6,0.0375
75,61,5,7,25,17,81,82,8,0.05
75,62,6,7,8,15,51,55,4,0.025
75,63,7,7,5,19,39,40,3,0.01875
76,0,0,0,6,16,38,39,3,0.01875
76,1,1,0,11,11,58,60,7,0.04375
76,2,2,0,30,17,98,98,7,0.04375
76,3,3,0,35,20,115,118,4,0.025
76,4,4,0,30,18,103,101,8,0.05
76,5,5,0,16,15,75,77,6,0.0375
76,6,6,0,11,14,61,59,8,0.05
76,7,7,0,9,23,42,43,4,0.025
76,8,0,1,10,19,66,67,3,0.01875
76,9,1,1,4,21,73,72,8,0.05
76,10,2,1,9,18,101,98,9,0.05625
76,11,3,1,25,28,135,138,6,0.0375
76,12,4,1,36,12,130,131,6,0.0375
76,13,5,1,20,18,114,115,6,0.0375
76,14,6,1,9,19,81,82,8,0.05
76,15,7,1,8,20,66,71,4,0.025
76,16,0,2,5,13,72,77,5,0.03125
76,17,1,2,8,17,93,92,9,0.05625
76,18,2,2,22,12,133,132,8,0.05
76,19,3,2,40,20,166,167,5,0.03125
76,20,4,2,27,25,145,146,8,0.05
76,21,5,2,16,18,121,123,8,0.05
76,22,6,2,3,17,88,89,5,0.03125
76,23,7,2,11,23,85,86,6,0.0375
76,24,0,3,8,12,87,87,6,0.0375
76,25,1,3,8,16,108,109,9,0.05625
76,26,2,3,30,22,151,148,10,0.0625
76,27,3,3,30,11,160,152,12,0.075
76,28,4,3,32,11,147,145,7,0.04375
76,29,5,3,19,15,134,136,8,0.05
76,30,6,3,11,17,106,110,5,0.03125
76,31,7,3,11,17,84,87,4,0.025
76,32,0,4,8,16,83,85,6,0.0375
76,33,1,4,6,17,107,107,7,0.04375
76,34,2,4,23,15,143,142,8,0.05
76,35,3,4,34,19,161,160,5,0.03125
76,36,4,4,38,12,151,151,8,0.05
76,37,5,4,19,16,131,131,9,0.05625
76,38,6,4,5,14,103,105,8,0.05
76,39,7,4,11,15,82,82,4,0.025
76,40,0,5,13,17,85,83,7,0.04375
76,41,1,5,8,20,101,96,10,0.0625
76,42,2,5,23,17,128,130,5,0.03125
76,43,3,5,39,8,139,140,6,0.0375
76,44,4,5,24,20,140,139,7,0.04375
76,45,5,5,10,22,120,126,5,0.03125
76,46,6,5,8,21,103,104,7,0.04375
76,47,7,5,4,15,70,71,6,0.0375
76,48,0,6,12,19,62,65,6,0.0375
76,49,1,6,2,19,66,67,8,0.05
76,50,2,6,12,15,84,82,10,0.0625
76,51,3,6,39,10,99,102,10,0.0625
76,52,4,6,12,20,94,93,8,0.05
76,53,5,6,8,18,87,89,6,0.0375
76,54,6,6,5,17,73,71,9,0.05625
76,55,7,6,4,12,52,51,4,0.025
76,56,0,7,9,18,38,38,3,0.01875
76,57,1,7,0,8,47,46,8,0.05
76,58,2,7,17,14,79,76,9,0.05625
76,59,3,7,36,20,107,105,8,0.05
76,60,4,7,36,13,100,101,5,0.03125
76,61,5,7,12,18,82,82,7,0.04375
76,62,6,7,12,12,64,61,8,0.05
76,63,7,7,13,14,42,41,5,0.03125
77,0,0,0,12,19,48,47,3,0.01875
77,1,1,0,13,16,69,69,6,0.0375
77,2,2,0,13,15,83,82,6,0.0375
77,3,3,0,25,23,110,107,6,0.0375
77,4,4,0,42,15,111,113,6,0.0375
77,5,5,0,17,5,76,73,8,0.05
77,6,6,0,9,19,62,64,6,0.0375
77,7,7,0,8,18,34,34,4,0.025
77,8,0,1,7,19,75,72,5,0.03125
77,9,1,1,15,20,92,93,7,0.04375
77,10,2,1,19,14,103,103,8,0.05
77,11,3,1,32,26,145,144,8,0.05
77,12,4,1,38,13,137,134,7,0.04375
77,13,5,1,24,16,105,107,6,0.0375
77,14,6,1,18,14,95,97,7,0.04375
77,15,7,1,8,22,57,58,3,0.01875
77,16,0,2,15,13,86,82,9,0.05625
77,17,1,2,12,21,110,111,9,0.05625
77,18,2,2,17,13,123,123,9,0.05625
77,19,3,2,28,15,158,156,6,0.0375
77,20,4,2,34,17,150,151,6,0.0375
77,21,5,2,12,18,127,124,10,0.0625
77,22,6,2,6,20,106,100,11,0.06875
77,23,7,2,7,8,59,62,3,0.01875
77,24,0,3,7,13,80,82,4,0.025
77,25,1,3,6,19,107,107,8,0.05
77,26,2,3,8,20,110,113,7,0.04375
77,27,3,3,34,17,152,159,6,0.0375
77,28,4,3,40,18,150,152,6,0.0375
77,29,5,3,21,15,143,141,10,0.0625
77,30,6,3,12,22,118,116,9,0.05625
77,31,7,3,9,12,64,66,4,0.025
77,32,0,4,5,15,82,83,4,0.025
77,33,1,4,8,21,108,110,6,0.0375
77,34,2,4,17,14,107,109,7,0.04375
77,35,3,4,29,11,142,137,10,0.0625
77,36,4,4,31,8,132,133,8,0.05
77,37,5,4,15,25,136,136,9,0.05625
77,38,6,4,12,11,109,106,9,0.05625
77,39,7,4,9,18,69,67,6,0.0375
77,40,0,5,6,14,73,76,4,0.025
77,41,1,5,10,11,99,103,6,0.0375
77,42,2,5,22,18,117,118,6,0.0375
77,43,3,5,35,16,142,140,10,0.0625
77,44,4,5,30,14,124,127,5,0.03125
77,45,5,5,16,13,105,102,8,0.05
77,46,6,5,7,17,92,92,7,0.04375
77,47,7,5,5,17,56,58,4,0.025
77,48,0,6,3,16,55,56,4,0.025
77,49,1,6,6,17,75,73,9,0.05625
77,50,2,6,11,8,80,86,3,0.01875
77,51,3,6,38,13,108,109,10,0.0625
77,52,4,6,25,12,98,99,9,0.05625
77,53,5,6,9,10,77,77,9,0.05625
77,54,6,6,6,22,73,76,8,0.05
77,55,7,6,3,18,46,46,5,0.03125
77,56,0,7,8,19,29,30,3,0.01875
77,57,1,7,4,14,37,38,7,0.04375
77,58,2,7,4,15,46,48,8,0.05
77,59,3,7,27,14,55,57,7,0.04375
77,60,4,7,13,15,50,48,7,0.04375
77,61,5,7,7,13,44,44,8,0.05
77,62,6,7,1,14,34,33,8,0.05
77,63,7,7,5,11,23,24,4,0.025
78,0,0,0,12,17,40,39,4,0.025
78,1,1,0,4,16,53,52,8,0.05
78,2,2,0,18,21,81,83,6,0.0375
78,3,3,0,32,16,107,108,6,0.0375
78,4,4,0,37,19,118,118,7,0.04375
78,5,5,0,26,14,95,95,8,0.05
78,6,6,0,10,18,73,71,9,0.05625
78,7,7,0,12,9,37,37,3,0.01875
78,8,0,1,13,13,53,56,4,0.025
78,9,1,1,5,23,78,78,8,0.05
78,10,2,1,16,17,104,102,9,0.05625
78,11,3,1,32,27,134,134,8,0.05
78,12,4,1,37,14,133,129,12,0.075
78,13,5,1,21,10,104,103,8,0.05
78,14,6,1,8,13,90,88,8,0.05
78,15,7,1,7,16,64,65,3,0.01875
78,16,0,2,11,16,71,73,6,0.0375
78,17,1,2,8,10,97,95,9,0.05625
78,18,2,2,30,13,125,128,6,0.0375
78,19,3,2,36,28,157,158,6,0.0375
78,20,4,2,25,14,132,131,8,0.05
78,21,5,2,10,25,116,116,9,0.05625
78,22,6,2,4,12,95,97,10,0.0625
78,23,7,2,10,29,89,87,5,0.03125
78,24,0,3,8,13,73,70,5,0.03125
78,25,1,3,7,16,104,105,7,0.04375
78,26,2,3,22,17,128,127,8,0.05
78,27,3,3,38,15,160,158,9,0.05625
78,28,4,3,39,17,145,144,7,0.04375
78,29,5,3,14,15,128,133,5,0.03125
78,30,6,3,8,15,107,107,8,0.05
78,31,7,3,8,15,77,75,4,0.025
78,32,0,4,13,17,71,72,2,0.0125
78,33,1,4,4,18,94,93,8,0.05
78,34,2,4,25,15,117,117,6,0.0375
78,35,3,4,34,19,149,151,10,0.0625
78,36,4,4,31,12,135,136,6,0.0375
78,37,5,4,18,15,130,134,6,0.0375
78,38,6,4,9,15,101,101,10,0.0625
78,39,7,4,6,17,69,71,4,0.025
78,40,0,5,11,16,63,61,6,0.0375
78,41,1,5,7,16,93,91,8,0.05
78,42,2,5,25,21,118,117,8,0.05
78,43,3,5,34,11,131,129,11,0.06875
78,44,4,5,27,10,116,112,8,0.05
78,45,5,5,9,18,104,105,8,0.05
78,46,6,5,8,18,93,91,9,0.05625
78,47,7,5,10,10,67,64,7,0.04375
78,48,0,6,10,10,42,42,5,0.03125
78,49,1,6,14,20,70,73,7,0.04375
78,50,2,6,31,17,99,96,6,0.0375
78,51,3,6,33,17,105,106,10,0.0625
78,52,4,6,5,14,83,84,7,0.04375
78,53,5,6,3,7,76,77,8,0.05
78,54,6,6,1,13,62,59,10,0.0625
78,55,7,6,4,10,42,41,6,0.0375
78,56,0,7,1,12,18,18,4,0.025
78,57,1,7,0,9,23,22,8,0.05
78,58,2,7,5,14,39,39,8,0.05
78,59,3,7,35,19,68,65,11,0.06875
78,60,4,7,10,23,58,57,9,0.05625
78,61,5,7,8,21,45,45,8,0.05
78,62,6,7,2,14,22,23,8,0.05
78,63,7,7,0,8,13,13,4,0.025
79,0,0,0,5,10,35,35,5,0.03125
79,1,1,0,14,11,61,61,8,0.05
79,2,2,0,18,9,81,79,9,0.05625
79,3,3,0,38,18,107,108,5,0.03125
79,4,4,0,37,14,105,106,6,0.0375
79,5,5,0,15,15,85,86,8,0.05
79,6,6,0,11,18,70,71,8,0.05
79,7,7,0,10,8,37,36,4,0.025
79,8,0,1,5,13,62,55,10,0.0625
79,9,1,1,15,14,79,80,5,0.03125
79,10,2,1,24,16,109,113,4,0.025
79,11,3,1,37,24,139,139,7,0.04375
79,12,4,1,26,14,116,123,5,0.03125
79,13,5,1,7,14,92,94,6,0.0375
79,14,6,1,4,15,83,84,7,0.04375
79,15,7,1,10,20,67,65,4,0.025
79,16,0,2,6,21,78,78,7,0.04375
79,17,1,2,8,12,78,77,12,0.075
79,18,2,2,16,12,107,103,10,0.0625
79,19,3,2,34,22,152,152,7,0.04375
79,20,4,2,41,15,142,144,5,0.03125
79,21,5,2,12,12,104,107,8,0.05
79,22,6,2,7,10,92,92,10,0.0625
79,23,7,2,6,11,73,71,6,0.0375
79,24,0,3,8,18,92,90,8,0.05
79,25,1,3,12,11,93,91,10,0.0625
79,26,2,3,19,17,125,124,7,0.04375
79,27,3,3,32,20,159,161,7,0.04375
79,28,4,3,24,9,128,131,4,0.025
79,29,5,3,16,10,116,111,9,0.05625
79,30,6,3,13,17,105,107,6,0.0375
79,31,7,3,7,16,80,80,5,0.03125
79,32,0,4,7,22,87,86,3,0.01875
79,33,1,4,7,10,93,93,9,0.05625
79,34,2,4,16,17,116,113,9,0.05625
79,35,3,4,41,7,151,150,10,0.0625
79,36,4,4,35,15,139,140,6,0.0375
79,37,5,4,15,10,120,118,9,0.05625
79,38,6,4,9,14,101,102,8,0.05
79,39,7,4,9,15,78,76,5,0.03125
79,40,0,5,6,12,64,65,5,0.03125
79,41,1,5,19,16,87,89,7,0.04375
79,42,2,5,15,10,105,106,5,0.03125
79,43,3,5,46,11,140,145,5,0.03125
79,44,4,5,21,19,111,112,7,0.04375
79,45,5,5,12,21,97,94,9,0.05625
79,46,6,5,2,13,75,75,8,0.05
79,47,7,5,3,8,55,58,5,0.03125
79,48,0,6,3,15,38,39,4,0.025
79,49,1,6,12,16,63,61,9,0.05625
79,50,2,6,20,14,81,80,8,0.05
79,51,3,6,10,18,91,88,12,0.075
79,52,4,6,28,12,89,92,5,0.03125
79,53,5,6,15,20,86,84,9,0.05625
79,54,6,6,4,14,73,74,10,0.0625
79,55,7,6,8,15,52,53,4,0.025
79,56,0,7,0,10,11,11,4,0.025
79,57,1,7,3,12,16,17,7,0.04375
79,58,2,7,0,11,15,16,7,0.04375
79,59,3,7,20,13,38,38,11,0.06875
79,60,4,7,1,15,32,32,8,0.05
79,61,5,7,0,6,23,21,8,0.05
79,62,6,7,0,19,29,29,8,0.05
79,63,7,7,0,18,21,21,4,0.025
80,0,0,0,17,24,66,66,4,0.025
80,1,1,0,20,23,105,105,7,0.04375
80,2,2,0,25,31,139,140,7,0.04375
80,3,3,0,39,28,170,171,4,0.025
80,4,4,0,38,30,154,156,4,0.025
80,5,5,0,23,26,128,130,7,0.04375
80,6,6,0,19,25,100,100,8,0.05
80,7,7,0,18,33,64,65,4,0.025
80,8,0,1,19,29,105,112,3,0.01875
80,9,1,1,13,30,144,141,9,0.05625
80,10,2,1,25,25,157,155,7,0.04375
80,11,3,1,31,57,217,216,7,0.04375
80,12,4,1,34,25,180,175,10,0.0625
80,13,5,1,25,21,156,154,7,0.04375
80,14,6,1,17,23,135,136,7,0.04375
80,15,7,1,15,28,98,97,5,0.03125
80,16,0,2,25,29,138,141,3,0.01875
80,17,1,2,17,24,163,166,9,0.05625
80,18,2,2,23,25,181,184,7,0.04375
80,19,3,2,40,17,234,233,6,0.0375
80,20,4,2,30,24,199,195,9,0.05625
80,21,5,2,22,20,170,164,12,0.075
80,22,6,2,19,26,169,170,8,0.05
80,23,7,2,23,18,118,120,4,0.025
80,24,0,3,27,20,147,152,4,0.025
80,25,1,3,20,18,173,172,9,0.05625
80,26,2,3,27,21,187,185,9,0.05625
80,27,3,3,29,30,239,238,8,0.05
80,28,4,3,41,21,230,225,9,0.05625
80,29,5,3,32,19,201,201,10,0.0625
80,30,6,3,20,26,186,183,9,0.05625
80,31,7,3,23,20,137,137,6,0.0375
80,32,0,4,21,33,147,146,6,0.0375
80,33,1,4,25,18,170,170,8,0.05
80,34,2,4,36,26,204,206,7,0.04375
80,35,3,4,31,28,252,253,9,0.05625
80,36,4,4,28,21,226,222,8,0.05
80,37,5,4,24,21,207,204,11,0.06875
80,38,6,4,22,14,172,172,8,0.05
80,39,7,4,21,21,135,137,5,0.03125
80,40,0,5,23,21,127,124,7,0.04375
80,41,1,5,23,28,164,161,11,0.06875
80,42,2,5,31,26,199,194,11,0.06875
80,43,3,5,33,33,253,252,7,0.04375
80,44,4,5,27,22,206,203,10,0.0625
80,45,5,5,25,26,192,196,5,0.03125
80,46,6,5,20,17,154,154,9,0.05625
80,47,7,5,19,18,119,121,3,0.01875
80,48,0,6,21,27,100,100,4,0.025
80,49,1,6,15,21,126,120,14,0.0875
80,50,2,6,18,27,150,150,8,0.05
80,51,3,6,30,27,196,198,9,0.05625
80,52,4,6,35,28,176,174,7,0.04375
80,53,5,6,25,25,165,166,8,0.05
80,54,6,6,20,24,130,128,12,0.075
80,55,7,6,25,32,105,107,3,0.01875
80,56,0,7,27,18,63,61,4,0.025
80,57,1,7,15,18,91,91,7,0.04375
80,58,2,7,26,19,124,125,5,0.03125
80,59,3,7,43,23,163,169,3,0.01875
80,60,4,7,35,15,145,145,6,0.0375
80,61,5,7,19,26,117,118,7,0.04375
80,62,6,7,16,19,81,82,7,0.04375
80,63,7,7,20,25,58,59,3,0.01875
81,0,0,0,9,17,43,45,3,0.01875
81,1,1,0,9,17,62,61,8,0.05
81,2,2,0,18,17,83,84,7,0.04375
81,3,3,0,33,13,101,99,6,0.0375
81,4,4,0,30,15,106,104,6,0.0375
81,5,5,0,24,20,93,91,8,0.05
81,6,6,0,7,16,58,58,8,0.05
81,7,7,0,13,15,43,42,4,0.025
81,8,0,1,16,17,69,69,3,0.01875
81,9,1,1,5,24,90,89,9,0.05625
81,10,2,1,18,11,106,106,7,0.04375
81,11,3,1,37,29,132,133,7,0.04375
81,12,4,1,26,18,118,119,10,0.0625
81,13,5,1,5,14,92,89,9,0.05625
81,14,6,1,8,15,71,70,7,0.04375
81,15,7,1,8,13,57,58,5,0.03125
81,16,0,2,10,16,80,76,7,0.04375
81,17,1,2,5,20,107,107,9,0.05625
81,18,2,2,16,21,130,129,6,0.0375
81,19,3,2,30,16,140,143,4,0.025
81,20,4,2,34,18,147,147,9,0.05625
81,21,5,2,15,16,119,125,7,0.04375
81,22,6,2,13,17,92,93,9,0.05625
81,23,7,2,10,18,80,79,5,0.03125
81,24,0,3,7,19,81,80,5,0.03125
81,25,1,3,5,14,105,108,7,0.04375
81,26,2,3,12,16,137,139,10,0.0625
81,27,3,3,37,14,155,158,5,0.03125
81,28,4,3,33,18,162,161,10,0.0625
81,29,5,3,16,22,137,134,13,0.08125
81,30,6,3,9,19,102,102,9,0.05625
81,31,7,3,3,14,82,81,6,0.0375
81,32,0,4,13,14,78,79,5,0.03125
81,33,1,4,9,14,101,100,8,0.05
81,34,2,4,18,18,144,143,9,0.05625
81,35,3,4,40,17,156,161,4,0.025
81,36,4,4,27,11,151,153,7,0.04375
81,37,5,4,17,16,127,129,10,0.0625
81,38,6,4,3,11,92,93,8,0.05
81,39,7,4,6,16,85,82,8,0.05
81,40,0,5,5,12,67,69,5,0.03125
81,41,1,5,8,17,98,102,6,0.0375
81,42,2,5,11,20,125,128,9,0.05625
81,43,3,5,21,20,129,126,11,0.06875
81,44,4,5,40,15,148,150,8,0.05
81,45,5,5,19,20,136,134,7,0.04375
81,46,6,5,4,23,101,100,10,0.0625
81,47,7,5,8,16,77,74,6,0.0375
81,48,0,6,11,16,62,62,3,0.01875
81,49,1,6,11,12,89,94,8,0.05
81,50,2,6,19,21,117,117,5,0.03125
81,51,3,6,34,17,124,123,11,0.06875
81,52,4,6,26,21,121,120,7,0.04375
81,53,5,6,11,14,100,100,8,0.05
81,54,6,6,11,10,66,69,8,0.05
81,55,7,6,6,11,54,53,4,0.025
81,56,0,7,11,17,35,37,3,0.01875
81,57,1,7,10,19,65,64,8,0.05
81,58,2,7,14,20,86,83,9,0.05625
81,59,3,7,35,9,102,99,7,0.04375
81,60,4,7,36,17,102,106,5,0.03125
81,61,5,7,25,17,97,98,7,0.04375
81,62,6,7,6,11,58,56,8,0.05
81,63,7,7,8,15,44,42,4,0.025
82,0,0,0,5,21,40,39,4,0.025
82,1,1,0,6,12,55,56,8,0.05
82,2,2,0,15,17,78,76,8,0.05
82,3,3,0,34,20,109,107,7,0.04375
82,4,4,0,36,19,105,104,5,0.03125
82,5,5,0,13,20,82,83,8,0.05
82,6,6,0,12,15,60,60,7,0.04375
82,7,7,0,5,14,32,32,4,0.025
82,8,0,1,10,20,68,69,3,0.01875
82,9,1,1,12,19,93,94,9,0.05625
82,10,2,1,16,18,108,108,6,0.0375
82,11,3,1,37,30,149,148,6,0.0375
82,12,4,1,28,10,108,110,7,0.04375
82,13,5,1,21,11,103,107,7,0.04375
82,14,6,1,3,18,85,84,8,0.05
82,15,7,1,11,19,66,66,4,0.025
82,16,0,2,7,17,77,80,5,0.03125
82,17,1,2,14,21,118,118,7,0.04375
82,18,2,2,23,16,132,134,6,0.0375
82,19,3,2,34,22,167,165,7,0.04375
82,20,4,2,26,17,129,134,4,0.025
82,21,5,2,21,17,126,127,7,0.04375
82,22,6,2,6,18,107,107,8,0.05
82,23,7,2,8,15,76,76,5,0.03125
82,24,0,3,5,19,86,86,4,0.025
82,25,1,3,11,17,113,111,9,0.05625
82,26,2,3,18,10,129,130,8,0.05
82,27,3,3,29,14,156,153,8,0.05
82,28,4,3,34,15,151,156,6,0.0375
82,29,5,3,11,11,119,124,9,0.05625
82,30,6,3,5,16,111,109,11,0.06875
82,31,7,3,8,16,79,80,5,0.03125
82,32,0,4,9,12,88,89,4,0.025
82,33,1,4,11,18,113,116,7,0.04375
82,34,2,4,20,13,140,138,10,0.0625
82,35,3,4,41,18,164,159,9,0.05625
82,36,4,4,31,17,155,153,8,0.05
82,37,5,4,13,10,122,121,10,0.0625
82,38,6,4,14,9,115,114,9,0.05625
82,39,7,4,6,13,75,77,5,0.03125
82,40,0,5,5,16,75,78,3,0.01875
82,41,1,5,6,16,90,88,8,0.05
82,42,2,5,17,11,116,118,6,0.0375
82,43,3,5,38,18,134,136,9,0.05625
82,44,4,5,33,22,149,151,5,0.03125
82,45,5,5,15,26,118,118,8,0.05
82,46,6,5,7,17,93,97,7,0.04375
82,47,7,5,6,19,70,69,5,0.03125
82,48,0,6,9,18,65,64,4,0.025
82,49,1,6,6,17,69,71,8,0.05
82,50,2,6,13,19,88,88,8,0.05
82,51,3,6,26,7,71,68,15,0.09375
82,52,4,6,14,16,85,84,8,0.05
82,53,5,6,5,13,69,70,8,0.05
82,54,6,6,6,18,67,67,8,0.05
82,55,7,6,0,12,43,41,5,0.03125
82,56,0,7,10,15,38,38,4,0.025
82,57,1,7,8,9,45,46,7,0.04375
82,58,2,7,19,12,72,73,6,0.0375
82,59,3,7,33,15,87,86,9,0.05625
82,60,4,7,24,16,91,88,8,0.05
82,61,5,7,10,17,70,70,8,0.05
82,62,6,7,7,11,49,49,9,0.05625
82,63,7,7,7,13,29,30,4,0.025
83,0,0,0,11,11,30,30,4,0.025
83,1,1,0,5,14,51,50,8,0.05
83,2,2,0,13,12,72,74,7,0.04375
83,3,3,0,37,10,98,99,7,0.04375
83,4,4,0,29,13,99,98,7,0.04375
83,5,5,0,18,17,85,88,4,0.025
83,6,6,0,8,15,62,63,6,0.0375
83,7,7,0,9,17,46,47,4,0.025
83,8,0,1,6,14,51,49,4,0.025
83,9,1,1,6,15,76,76,9,0.05625
83,10,2,1,22,29,116,117,8,0.05
83,11,3,1,42,29,138,139,6,0.0375
83,12,4,1,30,15,113,111,9,0.05625
83,13,5,1,16,16,95,95,7,0.04375
83,14,6,1,10,17,77,76,10,0.0625
83,15,7,1,0,12,62,60,6,0.0375
83,16,0,2,12,19,78,78,3,0.01875
83,17,1,2,10,13,92,92,8,0.05
83,18,2,2,27,14,131,129,8,0.05
83,19,3,2,39,18,150,148,8,0.05
83,20,4,2,29,10,120,119,7,0.04375
83,21,5,2,12,10,103,102,7,0.04375
83,22,6,2,6,13,77,74,10,0.0625
83,23,7,2,5,8,69,70,5,0.03125
83,24,0,3,10,22,83,82,4,0.025
83,25,1,3,10,17,100,101,7,0.04375
83,26,2,3,20,11,128,128,8,0.05
83,27,3,3,29,24,158,157,7,0.04375
83,28,4,3,31,17,134,133,5,0.03125
83,29,5,3,16,14,130,127,9,0.05625
83,30,6,3,5,9,93,94,11,0.06875
83,31,7,3,8,16,81,80,6,0.0375
83,32,0,4,5,14,71,69,5,0.03125
83,33,1,4,11,13,92,89,9,0.05625
83,34,2,4,12,13,115,118,7,0.04375
83,35,3,4,31,15,155,157,7,0.04375
83,36,4,4,40,12,136,137,7,0.04375
83,37,5,4,21,11,133,135,8,0.05
83,38,6,4,8,11,100,98,10,0.0625
83,39,7,4,11,13,81,81,6,0.0375
83,40,0,5,5,10,66,65,4,0.025
83,41,1,5,8,14,87,84,9,0.05625
83,42,2,5,12,13,108,105,8,0.05
83,43,3,5,37,18,153,154,8,0.05
83,44,4,5,35,15,134,136,4,0.025
83,45,5,5,21,16,124,123,9,0.05625
83,46,6,5,9,15,95,93,9,0.05625
83,47,7,5,5,14,64,66,4,0.025
83,48,0,6,3,13,42,42,4,0.025
83,49,1,6,8,14,61,61,6,0.0375
83,50,2,6,20,21,86,88,6,0.0375
83,51,3,6,40,18,114,117,10,0.0625
83,52,4,6,22,13,88,89,8,0.05
83,53,5,6,5,16,72,72,7,0.04375
83,54,6,6,4,19,66,67,7,0.04375
83,55,7,6,1,23,44,45,4,0.025
83,56,0,7,11,11,26,26,3,0.01875
83,57,1,7,10,15,40,39,6,0.0375
83,58,2,7,19,14,49,49,7,0.04375
83,59,3,7,17,11,53,55,6,0.0375
83,60,4,7,4,10,46,44,7,0.04375
83,61,5,7,0,12,35,35,8,0.05
83,62,6,7,0,22,37,37,9,0.05625
83,63,7,7,0,11,18,17,5,0.03125
84,0,0,0,10,13,35,33,5,0.03125
84,1,1,0,12,15,62,62,8,0.05
84,2,2,0,18,14,89,87,8,0.05
84,3,3,0,37,11,110,110,6,0.0375
84,4,4,0,32,14,96,99,3,0.01875
84,5,5,0,17,20,95,92,7,0.04375
84,6,6,0,14,12,64,63,8,0.05
84,7,7,0,8,17,46,45,5,0.03125
84,8,0,1,11,27,71,71,5,0.03125
84,9,1,1,11,18,87,89,8,0.05
84,10,2,1,16,18,96,96,7,0.04375
84,11,3,1,42,27,148,149,6,0.0375
84,12,4,1,30,23,131,133,7,0.04375
84,13,5,1,13,21,120,119,7,0.04375
84,14,6,1,6,18,82,82,9,0.05625
84,15,7,1,9,12,66,68,4,0.025
84,16,0,2,4,13,79,77,5,0.03125
84,17,1,2,15,14,101,102,8,0.05
84,18,2,2,12,11,97,97,8,0.05
84,19,3,2,30,21,148,148,7,0.04375
84,20,4,2,32,12,143,140,9,0.05625
84,21,5,2,21,12,133,134,6,0.0375
84,22,6,2,6,14,93,94,10,0.0625
84,23,7,2,6,24,87,87,4,0.025
84,24,0,3,6,15,85,85,5,0.03125
84,25,1,3,9,22,110,106,10,0.0625
84,26,2,3,20,12,119,121,6,0.0375
84,27,3,3,33,19,158,161,5,0.03125
84,28,4,3,31,12,140,140,6,0.0375
84,29,5,3,15,18,124,126,9,0.05625
84,30,6,3,4,13,97,97,10,0.0625
84,31,7,3,3,12,82,83,5,0.03125
84,32,0,4,8,11,82,82,5,0.03125
84,33,1,4,2,20,102,104,7,0.04375
84,34,2,4,15,12,121,119,9,0.05625
84,35,3,4,23,14,140,139,9,0.05625
84,36,4,4,34,21,149,147,9,0.05625
84,37,5,4,28,15,142,140,11,0.06875
84,38,6,4,13,28,124,128,8,0.05
84,39,7,4,9,15,93,92,7,0.04375
84,40,0,5,7,15,77,77,4,0.025
84,41,1,5,4,20,96,96,11,0.06875
84,42,2,5,15,19,113,115,8,0.05
84,43,3,5,29,15,129,126,9,0.05625
84,44,4,5,35,17,138,134,7,0.04375
84,45,5,5,23,9,127,121,14,0.0875
84,46,6,5,13,18,100,101,7,0.04375
84,47,7,5,10,18,78,77,6,0.0375
84,48,0,6,14,13,68,69,4,0.025
84,49,1,6,12,10,90,90,8,0.05
84,50,2,6,19,18,113,109,8,0.05
84,51,3,6,43,11,126,129,9,0.05625
84,52,4,6,29,16,113,113,7,0.04375
84,53,5,6,13,13,97,93,11,0.06875
84,54,6,6,3,11,75,75,8,0.05
84,55,7,6,15,16,64,65,4,0.025
84,56,0,7,10,23,42,40,5,0.03125
84,57,1,7,10,18,61,60,8,0.05
84,58,2,7,17,18,78,80,5,0.03125
84,59,3,7,27,16,94,94,7,0.04375
84,60,4,7,26,12,81,85,5,0.03125
84,61,5,7,9,18,72,73,7,0.04375
84,62,6,7,5,21,59,60,7,0.04375
84,63,7,7,7,15,36,35,5,0.03125
85,0,0,0,11,12,42,43,4,0.025
85,1,1,0,9,18,65,65,9,0.05625
85,2,2,0,11,17,81,81,8,0.05
85,3,3,0,32,17,100,101,6,0.0375
85,4,4,0,35,11,95,92,8,0.05
85,5,5,0,16,19,79,78,9,0.05625
85,6,6,0,4,11,55,54,8,0.05
85,7,7,0,13,11,35,36,4,0.025
85,8,0,1,8,22,72,70,5,0.03125
85,9,1,1,10,13,91,91,6,0.0375
85,10,2,1,19,13,110,111,6,0.0375
85,11,3,1,36,33,145,144,7,0.04375
85,12,4,1,34,23,130,130,8,0.05
85,13,5,1,16,23,109,106,10,0.0625
85,14,6,1,6,9,73,70,13,0.08125
85,15,7,1,5,20,65,63,6,0.0375
85,16,0,2,11,15,86,88,4,0.025
85,17,1,2,11,19,118,116,8,0.05
85,18,2,2,19,12,125,125,8,0.05
85,19,3,2,41,11,160,157,10,0.0625
85,20,4,2,29,14,142,142,8,0.05
85,21,5,2,13,9,114,113,7,0.04375
85,22,6,2,11,12,85,85,10,0.0625
85,23,7,2,7,13,83,82,6,0.0375
85,24,0,3,9,19,94,95,5,0.03125
85,25,1,3,11,17,118,122,9,0.05625
85,26,2,3,9,15,125,123,7,0.04375
85,27,3,3,28,22,160,157,8,0.05
85,28,4,3,40,24,172,171,7,0.04375
85,29,5,3,21,23,147,146,8,0.05
85,30,6,3,16,18,113,114,9,0.05625
85,31,7,3,19,20,104,102,7,0.04375
85,32,0,4,4,15,84,84,5,0.03125
85,33,1,4,9,22,113,109,9,0.05625
85,34,2,4,17,15,119,120,8,0.05
85,35,3,4,31,14,155,156,8,0.05
85,36,4,4,34,16,151,156,4,0.025
85,37,5,4,24,16,137,140,8,0.05
85,38,6,4,10,22,115,111,10,0.0625
85,39,7,4,9,19,85,86,5,0.03125
85,40,0,5,7,14,74,72,4,0.025
85,41,1,5,8,15,92,95,9,0.05625
85,42,2,5,11,17,106,103,10,0.0625
85,43,3,5,31,18,138,141,8,0.05
85,44,4,5,24,18,124,122,8,0.05
85,45,5,5,15,11,97,103,9,0.05625
85,46,6,5,4,19,91,91,8,0.05
85,47,7,5,12,14,76,75,6,0.0375
85,48,0,6,4,17,54,54,4,0.025
85,49,1,6,4,16,73,67,13,0.08125
85,50,2,6,12,15,91,91,10,0.0625
85,51,3,6,34,19,125,125,8,0.05
85,52,4,6,36,15,116,116,8,0.05
85,53,5,6,20,22,100,104,8,0.05
85,54,6,6,10,18,73,72,9,0.05625
85,55,7,6,4,12,50,49,5,0.03125
85,56,0,7,10,15,38,40,4,0.025
85,57,1,7,7,13,58,59,8,0.05
85,58,2,7,24,12,80,79,7,0.04375
85,59,3,7,49,19,104,104,6,0.0375
85,60,4,7,22,12,86,84,8,0.05
85,61,5,7,9,19,70,69,8,0.05
85,62,6,7,3,17,44,44,8,0.05
85,63,7,7,4,16,34,35,4,0.025
86,0,0,0,31,28,77,77,4,0.025
86,1,1,0,23,23,109,110,7,0.04375
86,2,2,0,34,23,146,148,7,0.04375
86,3,3,0,40,24,164,166,4,0.025
86,4,4,0,37,28,165,166,5,0.03125
86,5,5,0,28,22,137,138,8,0.05
86,6,6,0,19,17,97,96,9,0.05625
86,7,7,0,26,27,75,75,4,0.025
86,8,0,1,18,29,105,105,6,0.0375
86,9,1,1,26,21,139,138,7,0.04375
86,10,2,1,26,25,176,176,7,0.04375
86,11,3,1,30,65,222,224,5,0.03125
86,12,4,1,28,22,175,173,10,0.0625
86,13,5,1,20,16,142,145,8,0.05
86,14,6,1,14,15,112,117,8,0.05
86,15,7,1,23,26,106,107,5,0.03125
86,16,0,2,20,28,134,132,6,0.0375
86,17,1,2,14,22,162,166,6,0.0375
86,18,2,2,29,22,199,199,8,0.05
86,19,3,2,43,28,253,256,7,0.04375
86,20,4,2,39,25,221,219,9,0.05625
86,21,5,2,24,36,195,196,6,0.0375
86,22,6,2,17,30,152,153,8,0.05
86,23,7,2,20,27,115,116,5,0.03125
86,24,0,3,25,28,147,147,5,0.03125
86,25,1,3,16,26,179,178,8,0.05
86,26,2,3,22,24,200,201,6,0.0375
86,27,3,3,35,21,255,257,7,0.04375
86,28,4,3,39,21,236,235,8,0.05
86,29,5,3,25,35,216,216,9,0.05625
86,30,6,3,15,16,167,168,8,0.05
86,31,7,3,20,18,127,130,5,0.03125
86,32,0,4,19,26,134,134,6,0.0375
86,33,1,4,23,30,175,180,6,0.0375
86,34,2,4,29,34,207,209,5,0.03125
86,35,3,4,34,28,239,237,9,0.05625
86,36,4,4,35,27,246,243,8,0.05
86,37,5,4,35,27,223,222,8,0.05
86,38,6,4,24,26,193,193,11,0.06875
86,39,7,4,20,22,139,141,4,0.025
86,40,0,5,19,25,118,117,7,0.04375
86,41,1,5,24,20,163,161,9,0.05625
86,42,2,5,27,23,195,195,8,0.05
86,43,3,5,42,19,219,219,6,0.0375
86,44,4,5,35,22,219,220,7,0.04375
86,45,5,5,19,15,181,182,7,0.04375
86,46,6,5,13,33,173,169,11,0.06875
86,47,7,5,19,24,120,123,4,0.025
86,48,0,6,20,33,99,98,5,0.03125
86,49,1,6,12,22,126,131,8,0.05
86,50,2,6,28,18,154,156,8,0.05
86,51,3,6,28,25,180,176,13,0.08125
86,52,4,6,32,32,192,194,5,0.03125
86,53,5,6,25,33,175,174,8,0.05
86,54,6,6,19,26,147,147,9,0.05625
86,55,7,6,23,31,102,102,4,0.025
86,56,0,7,19,22,58,58,4,0.025
86,57,1,7,15,31,98,99,7,0.04375
86,58,2,7,21,23,125,125,7,0.04375
86,59,3,7,34,30,156,158,5,0.03125
86,60,4,7,37,28,159,157,8,0.05
86,61,5,7,29,27,132,134,5,0.03125
86,62,6,7,18,24,103,101,7,0.04375
86,63,7,7,24,28,63,63,3,0.01875
87,0,0,0,7,13,36,35,5,0.03125
87,1,1,0,11,14,56,56,8,0.05
87,2,2,0,14,13,78,79,5,0.03125
87,3,3,0,35,13,107,105,6,0.0375
87,4,4,0,38,20,122,122,6,0.0375
87,5,5,0,21,17,92,91,7,0.04375
87,6,6,0,9,27,73,76,7,0.04375
87,7,7,0,12,20,46,45,5,0.03125
87,8,0,1,8,16,60,62,5,0.03125
87,9,1,1,5,18,74,76,6,0.0375
87,10,2,1,13,18,96,95,7,0.04375
87,11,3,1,18,36,133,130,7,0.04375
87,12,4,1,36,17,139,140,7,0.04375
87,13,5,1,26,22,120,120,6,0.0375
87,14,6,1,13,16,85,84,8,0.05
87,15,7,1,3,16,56,58,4,0.025
87,16,0,2,12,14,81,80,6,0.0375
87,17,1,2,9,19,104,103,7,0.04375
87,18,2,2,20,12,116,117,7,0.04375
87,19,3,2,44,13,162,164,7,0.04375
87,20,4,2,39,22,155,161,4,0.025
87,21,5,2,19,17,131,131,5,0.03125
87,22,6,2,13,14,98,100,8,0.05
87,23,7,2,6,13,76,73,7,0.04375
87,24,0,3,5,18,85,84,5,0.03125
87,25,1,3,12,16,99,101,7,0.04375
87,26,2,3,17,14,118,119,6,0.0375
87,27,3,3,38,15,163,160,10,0.0625
87,28,4,3,30,12,151,152,8,0.05
87,29,5,3,12,12,121,122,7,0.04375
87,30,6,3,9,19,101,103,7,0.04375
87,31,7,3,5,15,78,78,4,0.025
87,32,0,4,11,13,87,86,5,0.03125
87,33,1,4,4,18,90,91,6,0.0375
87,34,2,4,12,17,115,116,6,0.0375
87,35,3,4,36,10,136,139,8,0.05
87,36,4,4,35,26,148,151,6,0.0375
87,37,5,4,24,9,133,133,8,0.05
87,38,6,4,11,13,97,98,9,0.05625
87,39,7,4,4,12,69,67,4,0.025
87,40,0,5,7,16,77,78,6,0.0375
87,41,1,5,8,10,81,85,7,0.04375
87,42,2,5,16,17,119,119,8,0.05
87,43,3,5,36,16,139,135,13,0.08125
87,44,4,5,26,18,125,125,8,0.05
87,45,5,5,17,17,121,115,12,0.075
87,46,6,5,11,17,87,90,9,0.05625
87,47,7,5,3,22,57,58,3,0.01875
87,48,0,6,0,16,55,53,6,0.0375
87,49,1,6,10,8,59,57,10,0.0625
87,50,2,6,11,23,83,85,6,0.0375
87,51,3,6,31,16,97,98,12,0.075
87,52,4,6,23,12,97,95,8,0.05
87,53,5,6,7,16,75,77,7,0.04375
87,54,6,6,6,17,68,69,7,0.04375
87,55,7,6,7,7,41,40,4,0.025
87,56,0,7,4,18,34,34,4,0.025
87,57,1,7,7,13,45,43,9,0.05625
87,58,2,7,7,11,52,51,8,0.05
87,59,3,7,44,13,79,74,10,0.0625
87,60,4,7,14,15,67,68,9,0.05625
87,61,5,7,12,10,59,55,8,0.05
87,62,6,7,5,16,49,50,8,0.05
87,63,7,7,2,6,23,24,4,0.025
88,0,0,0,11,18,42,44,4,0.025
88,1,1,0,7,10,53,55,6,0.0375
88,2,2,0,13,12,73,72,6,0.0375
88,3,3,0,25,16,96,96,6,0.0375
88,4,4,0,30,20,114,115,4,0.025
88,5,5,0,29,18,104,106,6,0.0375
88,6,6,0,12,10,71,71,6,0.0375
88,7,7,0,12,18,48,49,3,0.01875
88,8,0,1,9,18,69,69,5,0.03125
88,9,1,1,8,15,79,78,8,0.05
88,10,2,1,11,10,93,94,7,0.04375
88,11,3,1,39,22,131,129,9,0.05625
88,12,4,1,35,15,133,134,5,0.03125
88,13,5,1,20,18,117,118,6,0.0375
88,14,6,1,9,17,88,85,11,0.06875
88,15,7,1,10,22,71,70,4,0.025
88,16,0,2,3,16,70,73,4,0.025
88,17,1,2,3,15,73,72,7,0.04375
88,18,2,2,14,7,94,91,10,0.0625
88,19,3,2,26,22,144,141,8,0.05
88,20,4,2,35,8,142,138,8,0.05
88,21,5,2,13,21,133,133,6,0.0375
88,22,6,2,12,15,104,100,11,0.06875
88,23,7,2,10,15,82,85,5,0.03125
88,24,0,3,6,7,75,76,4,0.025
88,25,1,3,6,19,85,86,6,0.0375
88,26,2,3,18,14,112,109,9,0.05625
88,27,3,3,31,18,166,169,7,0.04375
88,28,4,3,42,14,155,156,7,0.04375
88,29,5,3,20,20,129,132,6,0.0375
88,30,6,3,11,18,110,107,10,0.0625
88,31,7,3,11,22,88,86,6,0.0375
88,32,0,4,5,18,82,81,6,0.0375
88,33,1,4,9,10,94,90,9,0.05625
88,34,2,4,21,18,125,124,6,0.0375
88,35,3,4,26,13,161,157,9,0.05625
88,36,4,4,36,14,161,156,7,0.04375
88,37,5,4,22,13,126,127,8,0.05
88,38,6,4,11,17,111,113,9,0.05625
88,39,7,4,10,14,87,87,6,0.0375
88,40,0,5,4,13,62,63,3,0.01875
88,41,1,5,11,12,86,84,9,0.05625
88,42,2,5,14,10,105,107,7,0.04375
88,43,3,5,30,21,143,146,8,0.05
88,44,4,5,39,21,144,147,7,0.04375
88,45,5,5,25,13,114,122,7,0.04375
88,46,6,5,9,11,92,91,8,0.05
88,47,7,5,10,20,86,84,5,0.03125
88,48,0,6,13,14,50,52,3,0.01875
88,49,1,6,4,13,64,66,8,0.05
88,50,2,6,19,16,92,91,7,0.04375
88,51,3,6,28,15,109,109,11,0.06875
88,52,4,6,17,11,92,92,8,0.05
88,53,5,6,12,18,90,88,8,0.05
88,54,6,6,3,13,66,65,8,0.05
88,55,7,6,2,10,52,55,3,0.01875
88,56,0,7,3,15,22,22,4,0.025
88,57,1,7,3,12,29,31,7,0.04375
88,58,2,7,13,17,50,50,7,0.04375
88,59,3,7,8,16,54,52,11,0.06875
88,60,4,7,20,12,55,57,7,0.04375
88,61,5,7,5,19,48,52,6,0.0375
88,62,6,7,3,15,37,36,8,0.05
88,63,7,7,4,22,30,30,4,0.025
89,0,0,0,3,16,35,35,4,0.025
89,1,1,0,14,18,69,67,8,0.05
89,2,2,0,28,12,84,84,6,0.0375
89,3,3,0,32,17,100,103,3,0.01875
89,4,4,0,31,12,102,101,6,0.0375
89,5,5,0,17,12,86,84,8,0.05
89,6,6,0,13,12,63,61,8,0.05
89,7,7,0,7,16,43,42,4,0.025
89,8,0,1,4,15,61,60,5,0.03125
89,9,1,1,7,21,75,75,8,0.05
89,10,2,1,11,11,80,76,10,0.0625
89,11,3,1,26,37,130,131,8,0.05
89,12,4,1,43,15,120,119,9,0.05625
89,13,5,1,25,14,106,105,8,0.05
89,14,6,1,9,13,84,87,7,0.04375
89,15,7,1,9,17,67,66,5,0.03125
89,16,0,2,8,16,79,79,4,0.025
89,17,1,2,13,18,93,91,8,0.05
89,18,2,2,13,11,102,104,8,0.05
89,19,3,2,32,10,147,146,8,0.05
89,20,4,2,35,14,135,136,8,0.05
89,21,5,2,19,17,125,123,7,0.04375
89,22,6,2,9,10,96,98,9,0.05625
89,23,7,2,6,14,71,69,6,0.0375
89,24,0,3,7,10,90,87,8,0.05
89,25,1,3,7,10,100,94,10,0.0625
89,26,2,3,17,10,120,120,9,0.05625
89,27,3,3,38,11,162,164,4,0.025
89,28,4,3,38,19,151,149,8,0.05
89,29,5,3,14,12,127,122,10,0.0625
89,30,6,3,12,19,105,108,7,0.04375
89,31,7,3,3,12,70,73,4,0.025
89,32,0,4,5,18,83,87,4,0.025
89,33,1,4,8,6,79,79,9,0.05625
89,34,2,4,16,12,109,107,7,0.04375
89,35,3,4,33,11,148,150,8,0.05
89,36,4,4,26,17,140,143,6,0.0375
89,37,5,4,11,14,123,123,7,0.04375
89,38,6,4,5,14,92,92,8,0.05
89,39,7,4,10,21,77,78,4,0.025
89,40,0,5,8,18,76,78,3,0.01875
89,41,1,5,7,10,72,70,10,0.0625
89,42,2,5,12,14,101,104,6,0.0375
89,43,3,5,39,21,142,140,11,0.06875
89,44,4,5,32,18,133,132,8,0.05
89,45,5,5,14,18,119,115,8,0.05
89,46,6,5,7,12,90,93,7,0.04375
89,47,7,5,8,17,69,70,4,0.025
89,48,0,6,4,22,53,53,4,0.025
89,49,1,6,0,8,43,43,8,0.05
89,50,2,6,10,12,72,69,9,0.05625
89,51,3,6,45,17,99,97,12,0.075
89,52,4,6,4,16,73,73,8,0.05
89,53,5,6,3,13,62,64,6,0.0375
89,54,6,6,1,16,46,46,8,0.05
89,55,7,6,4,12,38,37,3,0.01875
89,56,0,7,5,12,24,24,4,0.025
89,57,1,7,6,11,35,34,8,0.05
89,58,2,7,19,16,61,61,8,0.05
89,59,3,7,34,11,69,70,10,0.0625
89,60,4,7,8,11,50,49,8,0.05
89,61,5,7,2,17,47,44,9,0.05625
89,62,6,7,5,17,40,42,8,0.05
89,63,7,7,6,14,32,31,4,0.025
90,0,0,0,10,21,42,41,4,0.025
90,1,1,0,0,15,46,46,7,0.04375
90,2,2,0,16,11,67,66,8,0.05
90,3,3,0,36,19,112,111,5,0.03125
90,4,4,0,33,18,105,107,4,0.025
90,5,5,0,12,16,71,70,9,0.05625
90,6,6,0,8,19,48,49,7,0.04375
90,7,7,0,6,12,26,28,3,0.01875
90,8,0,1,6,21,61,61,3,0.01875
90,9,1,1,6,15,70,70,7,0.04375
90,10,2,1,16,16,85,87,9,0.05625
90,11,3,1,22,29,128,130,7,0.04375
90,12,4,1,41,20,132,131,10,0.0625
90,13,5,1,19,11,100,101,7,0.04375
90,14,6,1,5,15,70,71,8,0.05
90,15,7,1,11,12,53,54,5,0.03125
90,16,0,2,10,17,81,79,7,0.04375
90,17,1,2,6,13,97,97,8,0.05
90,18,2,2,24,9,118,119,7,0.04375
90,19,3,2,36,21,159,163,7,0.04375
90,20,4,2,35,14,141,141,8,0.05
90,21,5,2,14,15,122,119,9,0.05625
90,22,6,2,7,9,92,91,10,0.0625
90,23,7,2,12,16,76,79,4,0.025
90,24,0,3,6,8,74,76,5,0.03125
90,25,1,3,10,17,104,109,8,0.05
90,26,2,3,12,21,114,115,8,0.05
90,27,3,3,34,19,162,160,7,0.04375
90,28,4,3,34,13,142,142,8,0.05
90,29,5,3,18,17,131,134,8,0.05
90,30,6,3,6,13,95,95,7,0.04375
90,31,7,3,11,12,79,78,3,0.01875
90,32,0,4,13,11,75,74,4,0.025
90,33,1,4,13,12,109,111,8,0.05
90,34,2,4,26,17,127,125,9,0.05625
90,35,3,4,40,17,170,170,9,0.05625
90,36,4,4,30,14,134,132,9,0.05625
90,37,5,4,18,10,123,122,7,0.04375
90,38,6,4,6,15,94,95,8,0.05
90,39,7,4,8,11,76,76,4,0.025
90,40,0,5,11,19,71,68,4,0.025
90,41,1,5,12,17,103,106,7,0.04375
90,42,2,5,23,18,120,117,9,0.05625
90,43,3,5,40,18,158,161,8,0.05
90,44,4,5,30,20,127,126,7,0.04375
90,45,5,5,15,22,109,110,10,0.0625
90,46,6,5,7,18,88,87,8,0.05
90,47,7,5,4,20,71,67,7,0.04375
90,48,0,6,2,10,36,37,4,0.025
90,49,1,6,11,15,62,62,8,0.05
90,50,2,6,25,14,79,83,6,0.0375
90,51,3,6,22,17,98,101,11,0.06875
90,52,4,6,20,15,82,81,9,0.05625
90,53,5,6,1,15,65,63,8,0.05
90,54,6,6,3,19,66,66,8,0.05
90,55,7,6,8,10,50,51,3,0.01875
90,56,0,7,5,15,23,23,3,0.01875
90,57,1,7,5,15,33,34,7,0.04375
90,58,2,7,10,13,43,43,8,0.05
90,59,3,7,24,18,55,57,7,0.04375
90,60,4,7,0,12,38,39,7,0.04375
90,61,5,7,3,4,25,26,7,0.04375
90,62,6,7,3,10,28,29,7,0.04375
90,63,7,7,0,17,25,25,5,0.03125
91,0,0,0,26,24,67,68,3,0.01875
91,1,1,0,13,25,97,96,8,0.05
91,2,2,0,26,18,122,123,7,0.04375
91,3,3,0,35,25,159,158,5,0.03125
91,4,4,0,36,25,160,159,4,0.025
91,5,5,0,30,25,136,139,5,0.03125
91,6,6,0,17,26,97,96,8,0.05
91,7,7,0,19,19,54,53,4,0.025
91,8,0,1,20,26,101,103,4,0.025
91,9,1,1,22,23,133,128,11,0.06875
91,10,2,1,33,27,167,164,11,0.06875
91,11,3,1,28,49,207,208,5,0.03125
91,12,4,1,31,29,194,200,3,0.01875
91,13,5,1,27,18,176,174,9,0.05625
91,14,6,1,23,29,144,142,9,0.05625
91,15,7,1,16,21,80,79,5,0.03125
91,16,0,2,20,20,121,119,8,0.05
91,17,1,2,16,25,156,157,9,0.05625
91,18,2,2,27,26,181,183,5,0.03125
91,19,3,2,37,36,244,243,7,0.04375
91,20,4,2,36,20,221,220,10,0.0625
91,21,5,2,31,27,202,204,9,0.05625
91,22,6,2,18,22,157,160,8,0.05
91,23,7,2,20,22,108,108,3,0.01875
91,24,0,3,21,30,134,135,4,0.025
91,25,1,3,16,18,175,171,9,0.05625
91,26,2,3,28,25,198,200,6,0.0375
91,27,3,3,37,33,260,258,9,0.05625
91,28,4,3,38,36,236,238,7,0.04375
91,29,5,3,27,28,207,203,10,0.0625
91,30,6,3,15,20,162,157,9,0.05625
91,31,7,3,19,20,126,124,7,0.04375
91,32,0,4,25,31,144,142,6,0.0375
91,33,1,4,24,23,182,181,9,0.05625
91,34,2,4,29,25,207,208,9,0.05625
91,35,3,4,44,21,258,258,8,0.05
91,36,4,4,29,26,229,230,6,0.0375
91,37,5,4,17,22,191,191,9,0.05625
91,38,6,4,21,19,167,167,8,0.05
91,39,7,4,20,21,139,137,6,0.0375
91,40,0,5,20,21,123,124,5,0.03125
91,41,1,5,15,22,146,145,8,0.05
91,42,2,5,27,19,171,170,7,0.04375
91,43,3,5,38,30,227,226,9,0.05625
91,44,4,5,25,27,210,208,10,0.0625
91,45,5,5,28,27,192,190,12,0.075
91,46,6,5,19,25,152,150,9,0.05625
91,47,7,5,17,28,123,123,7,0.04375
91,48,0,6,19,23,112,107,9,0.05625
91,49,1,6,24,21,137,139,6,0.0375
91,50,2,6,37,18,166,162,9,0.05625
91,51,3,6,29,25,182,181,11,0.06875
91,52,4,6,25,21,163,164,7,0.04375
91,53,5,6,13,30,148,150,7,0.04375
91,54,6,6,20,22,118,120,7,0.04375
91,55,7,6,25,19,93,91,5,0.03125
91,56,0,7,28,28,78,76,6,0.0375
91,57,1,7,18,21,100,98,9,0.05625
91,58,2,7,31,21,125,124,9,0.05625
91,59,3,7,40,21,144,144,8,0.05
91,60,4,7,27,25,136,136,7,0.04375
91,61,5,7,28,28,128,128,7,0.04375
91,62,6,7,16,14,82,82,6,0.0375
91,63,7,7,23,26,61,62,4,0.025
92,0,0,0,5,16,39,37,6,0.0375
92,1,1,0,8,15,51,54,6,0.0375
92,2,2,0,13,11,69,68,7,0.04375
92,3,3,0,33,24,110,112,3,0.01875
92,4,4,0,37,10,104,103,4,0.025
92,5,5,0,18,14,83,81,8,0.05
92,6,6,0,10,20,63,66,6,0.0375
92,7,7,0,11,15,39,40,3,0.01875
92,8,0,1,12,15,67,66,5,0.03125
92,9,1,1,6,17,76,80,8,0.05
92,10,2,1,7,21,95,101,6,0.0375
92,11,3,1,18,17,123,121,7,0.04375
92,12,4,1,25,11,105,101,4,0.025
92,13,5,1,19,24,97,96,8,0.05
92,14,6,1,4,8,58,59,9,0.05625
92,15,7,1,10,23,65,66,5,0.03125
92,16,0,2,5,18,75,76,6,0.0375
92,17,1,2,8,17,97,97,8,0.05
92,18,2,2,16,18,131,125,9,0.05625
92,19,3,2,30,18,148,148,5,0.03125
92,20,4,2,34,8,127,128,8,0.05
92,21,5,2,21,14,123,125,8,0.05
92,22,6,2,5,13,80,80,7,0.04375
92,23,7,2,12,15,77,75,5,0.03125
92,24,0,3,4,19,86,86,5,0.03125
92,25,1,3,10,16,96,100,8,0.05
92,26,2,3,12,16,126,125,8,0.05
92,27,3,3,25,13,149,150,7,0.04375
92,28,4,3,39,21,150,150,6,0.0375
92,29,5,3,20,17,133,135,9,0.05625
92,30,6,3,9,15,91,94,6,0.0375
92,31,7,3,8,15,78,80,4,0.025
92,32,0,4,4,18,91,90,7,0.04375
92,33,1,4,11,12,99,99,8,0.05
92,34,2,4,7,14,118,122,6,0.0375
92,35,3,4,30,13,149,149,9,0.05625
92,36,4,4,36,24,142,145,6,0.0375
92,37,5,4,23,17,137,136,8,0.05
92,38,6,4,6,12,94,93,8,0.05
92,39,7,4,4,7,71,71,7,0.04375
92,40,0,5,7,17,88,86,5,0.03125
92,41,1,5,11,20,95,97,6,0.0375
92,42,2,5,19,19,113,116,6,0.0375
92,43,3,5,41,20,138,139,8,0.05
92,44,4,5,28,11,118,118,8,0.05
92,45,5,5,4,18,104,106,9,0.05625
92,46,6,5,2,13,80,79,10,0.0625
92,47,7,5,2,14,56,59,4,0.025
92,48,0,6,11,14,72,73,6,0.0375
92,49,1,6,15,19,87,86,8,0.05
92,50,2,6,25,16,107,108,9,0.05625
92,51,3,6,33,17,119,118,13,0.08125
92,52,4,6,25,17,104,106,5,0.03125
92,53,5,6,14,11,96,93,8,0.05
92,54,6,6,1,19,74,70,8,0.05
92,55,7,6,4,15,46,46,4,0.025
92,56,0,7,7,13,33,35,4,0.025
92,57,1,7,3,15,43,43,9,0.05625
92,58,2,7,3,10,58,59,8,0.05
92,59,3,7,31,15,78,78,7,0.04375
92,60,4,7,36,7,75,74,7,0.04375
92,61,5,7,20,19,77,80,5,0.03125
92,62,6,7,10,15,55,55,7,0.04375
92,63,7,7,5,12,27,27,3,0.01875
93,0,0,0,7,22,41,43,4,0.025
93,1,1,0,10,16,61,59,7,0.04375
93,2,2,0,24,18,97,95,8,0.05
93,3,3,0,41,11,108,103,8,0.05
93,4,4,0,25,18,93,95,3,0.01875
93,5,5,0,16,17,74,74,7,0.04375
93,6,6,0,7,18,56,53,8,0.05
93,7,7,0,9,19,39,37,5,0.03125
93,8,0,1,1,12,60,58,5,0.03125
93,9,1,1,5,12,74,72,10,0.0625
93,10,2,1,15,14,101,97,7,0.04375
93,11,3,1,23,31,124,124,8,0.05
93,12,4,1,37,15,119,120,6,0.0375
93,13,5,1,26,16,116,118,7,0.04375
93,14,6,1,12,14,86,86,8,0.05
93,15,7,1,8,8,61,60,6,0.0375
93,16,0,2,7,18,80,82,5,0.03125
93,17,1,2,1,10,84,84,9,0.05625
93,18,2,2,14,19,116,118,9,0.05625
93,19,3,2,28,10,146,145,7,0.04375
93,20,4,2,31,18,139,138,8,0.05
93,21,5,2,19,19,135,132,9,0.05625
93,22,6,2,13,17,94,94,8,0.05
93,23,7,2,7,17,81,81,6,0.0375
93,24,0,3,9,13,80,81,4,0.025
93,25,1,3,4,11,97,94,9,0.05625
93,26,2,3,23,14,134,134,6,0.0375
93,27,3,3,28,9,157,159,6,0.0375
93,28,4,3,33,16,154,155,5,0.03125
93,29,5,3,18,18,140,139,12,0.075
93,30,6,3,10,16,99,98,9,0.05625
93,31,7,3,8,14,90,90,5,0.03125
93,32,0,4,5,17,76,79,4,0.025
93,33,1,4,8,21,104,104,8,0.05
93,34,2,4,18,15,133,130,6,0.0375
93,35,3,4,33,14,153,155,7,0.04375
93,36,4,4,24,16,144,141,7,0.04375
93,37,5,4,22,18,140,140,10,0.0625
93,38,6,4,4,15,101,100,8,0.05
93,39,7,4,11,21,91,94,4,0.025
93,40,0,5,11,12,76,77,5,0.03125
93,41,1,5,6,16,95,95,6,0.0375
93,42,2,5,23,14,122,122,6,0.0375
93,43,3,5,39,17,145,148,5,0.03125
93,44,4,5,32,17,129,132,5,0.03125
93,45,5,5,16,16,115,115,8,0.05
93,46,6,5,7,12,86,84,11,0.06875
93,47,7,5,6,19,76,75,5,0.03125
93,48,0,6,8,9,62,63,7,0.04375
93,49,1,6,7,18,80,79,9,0.05625
93,50,2,6,15,17,104,101,9,0.05625
93,51,3,6,44,17,132,135,9,0.05625
93,52,4,6,20,9,100,99,7,0.04375
93,53,5,6,8,17,91,93,8,0.05
93,54,6,6,11,9,67,67,10,0.0625
93,55,7,6,3,12,53,54,4,0.025
93,56,0,7,4,22,35,35,4,0.025
93,57,1,7,8,14,46,48,7,0.04375
93,58,2,7,17,15,65,65,8,0.05
93,59,3,7,30,13,85,86,7,0.04375
93,60,4,7,27,14,84,82,9,0.05625
93,61,5,7,11,23,81,77,8,0.05
93,62,6,7,7,18,60,58,8,0.05
93,63,7,7,9,17,40,40,4,0.025
94,0,0,0,9,20,45,46,3,0.01875
94,1,1,0,8,26,81,82,7,0.04375
94,2,2,0,32,15,99,101,7,0.04375
94,3,3,0,33,13,102,103,7,0.04375
94,4,4,0,28,15,95,90,9,0.05625
94,5,5,0,18,18,77,79,7,0.04375
94,6,6,0,7,16,52,53,7,0.04375
94,7,7,0,2,11,27,28,4,0.025
94,8,0,1,5,14,60,62,5,0.03125
94,9,1,1,7,12,84,86,9,0.05625
94,10,2,1,13,19,96,97,8,0.05
94,11,3,1,30,30,131,134,6,0.0375
94,12,4,1,36,12,122,121,7,0.04375
94,13,5,1,19,13,109,111,5,0.03125
94,14,6,1,13,10,84,85,6,0.0375
94,15,7,1,12,12,54,56,4,0.025
94,16,0,2,2,17,73,73,5,0.03125
94,17,1,2,10,18,104,104,8,0.05
94,18,2,2,19,14,116,117,7,0.04375
94,19,3,2,21,16,142,143,8,0.05
94,20,4,2,35,14,134,134,9,0.05625
94,21,5,2,27,19,123,123,9,0.05625
94,22,6,2,11,15,91,89,10,0.0625
94,23,7,2,10,14,64,63,5,0.03125
94,24,0,3,5,16,82,78,6,0.0375
94,25,1,3,8,16,116,118,8,0.05
94,26,2,3,12,14,124,122,10,0.0625
94,27,3,3,26,15,156,152,8,0.05
94,28,4,3,38,13,146,145,6,0.0375
94,29,5,3,21,9,140,144,8,0.05
94,30,6,3,9,24,113,114,8,0.05
94,31,7,3,9,17,80,78,6,0.0375
94,32,0,4,9,12,77,76,4,0.025
94,33,1,4,9,21,111,113,7,0.04375
94,34,2,4,34,13,140,139,10,0.0625
94,35,3,4,34,20,162,159,8,0.05
94,36,4,4,23,19,128,127,8,0.05
94,37,5,4,8,14,119,122,7,0.04375
94,38,6,4,4,17,97,95,11,0.06875
94,39,7,4,5,11,78,76,6,0.0375
94,40,0,5,7,18,71,72,5,0.03125
94,41,1,5,14,17,101,100,6,0.0375
94,42,2,5,28,17,132,131,7,0.04375
94,43,3,5,38,13,154,150,10,0.0625
94,44,4,5,32,14,132,131,7,0.04375
94,45,5,5,12,16,123,124,7,0.04375
94,46,6,5,3,20,97,101,8,0.05
94,47,7,5,11,19,80,80,4,0.025
94,48,0,6,5,19,50,52,5,0.03125
94,49,1,6,11,14,75,73,10,0.0625
94,50,2,6,14,15,103,106,8,0.05
94,51,3,6,45,14,129,130,6,0.0375
94,52,4,6,19,13,100,101,4,0.025
94,53,5,6,12,21,96,96,8,0.05
94,54,6,6,3,14,72,75,7,0.04375
94,55,7,6,8,23,58,58,4,0.025
94,56,0,7,5,13,26,26,4,0.025
94,57,1,7,6,15,47,47,6,0.0375
94,58,2,7,7,19,65,65,7,0.04375
94,59,3,7,31,15,87,85,8,0.05
94,60,4,7,26,16,89,93,5,0.03125
94,61,5,7,9,17,72,75,6,0.0375
94,62,6,7,9,15,52,54,7,0.04375
94,63,7,7,7,17,30,30,3,0.01875
95,0,0,0,8,16,40,38,4,0.025
95,1,1,0,13,22,69,68,7,0.04375
95,2,2,0,19,19,87,88,7,0.04375
95,3,3,0,48,17,114,115,6,0.0375
95,4,4,0,28,21,97,100,5,0.03125
95,5,5,0,5,18,74,71,8,0.05
95,6,6,0,6,16,57,56,9,0.05625
95,7,7,0,11,21,49,48,4,0.025
95,8,0,1,3,13,53,53,4,0.025
95,9,1,1,3,10,69,69,9,0.05625
95,10,2,1,11,16,92,93,7,0.04375
95,11,3,1,33,34,141,140,5,0.03125
95,12,4,1,36,13,126,125,7,0.04375
95,13,5,1,20,19,118,114,7,0.04375
95,14,6,1,13,18,92,89,11,0.06875
95,15,7,1,11,15,69,68,5,0.03125
95,16,0,2,7,17,72,73,5,0.03125
95,17,1,2,4,21,92,92,9,0.05625
95,18,2,2,12,17,100,100,8,0.05
95,19,3,2,20,11,140,140,7,0.04375
95,20,4,2,34,13,133,135,7,0.04375
95,21,5,2,20,13,130,133,7,0.04375
95,22,6,2,17,20,117,118,9,0.05625
95,23,7,2,13,15,82,83,5,0.03125
95,24,0,3,3,17,79,81,5,0.03125
95,25,1,3,4,19,106,105,8,0.05
95,26,2,3,9,16,101,103,7,0.04375
95,27,3,3,24,18,148,151,8,0.05
95,28,4,3,38,18,152,152,8,0.05
95,29,5,3,29,14,141,140,8,0.05
95,30,6,3,11,24,126,127,7,0.04375
95,31,7,3,9,17,83,85,3,0.01875
95,32,0,4,14,18,90,92,4,0.025
95,33,1,4,7,20,115,113,8,0.05
95,34,2,4,29,18,121,125,6,0.0375
95,35,3,4,45,9,159,160,6,0.0375
95,36,4,4,28,18,142,144,6,0.0375
95,37,5,4,19,17,117,115,8,0.05
95,38,6,4,6,15,114,115,11,0.06875
95,39,7,4,2,14,72,72,5,0.03125
95,40,0,5,19,15,84,83,5,0.03125
95,41,1,5,11,17,111,109,7,0.04375
95,42,2,5,25,14,115,115,6,0.0375
95,43,3,5,32,19,142,143,6,0.0375
95,44,4,5,20,17,130,131,6,0.0375
95,45,5,5,13,7,95,95,7,0.04375
95,46,6,5,4,18,104,102,10,0.0625
95,47,7,5,2,8,66,68,4,0.025
95,48,0,6,8,9,51,52,4,0.025
95,49,1,6,3,15,64,65,8,0.05
95,50,2,6,14,10,67,66,8,0.05
95,51,3,6,28,17,99,97,11,0.06875
95,52,4,6,25,13,103,100,8,0.05
95,53,5,6,8,21,81,80,9,0.05625
95,54,6,6,8,14,84,83,9,0.05625
95,55,7,6,14,15,64,63,5,0.03125
95,56,0,7,17,16,42,42,4,0.025
95,57,1,7,3,12,49,48,8,0.05
95,58,2,7,23,11,60,62,4,0.025
95,59,3,7,33,20,83,83,9,0.05625
95,60,4,7,11,13,75,72,8,0.05
95,61,5,7,11,10,61,59,8,0.05
95,62,6,7,11,18,59,58,8,0.05
95,63,7,7,6,17,37,37,4,0.025
96,0,0,0,14,19,44,45,3,0.01875
96,1,1,0,3,17,53,53,8,0.05
96,2,2,0,15,19,83,83,6,0.0375
96,3,3,0,29,18,103,103,6,0.0375
96,4,4,0,34,12,102,103,5,0.03125
96,5,5,0,20,17,82,86,4,0.025
96,6,6,0,8,11,54,55,7,0.04375
96,7,7,0,4,10,28,28,5,0.03125
96,8,0,1,9,21,65,65,4,0.025
96,9,1,1,4,18,69,69,9,0.05625
96,10,2,1,12,15,99,97,9,0.05625
96,11,3,1,22,22,122,120,8,0.05
96,12,4,1,37,17,131,132,6,0.0375
96,13,5,1,29,17,119,120,7,0.04375
96,14,6,1,13,14,93,93,11,0.06875
96,15,7,1,13,20,69,70,4,0.025
96,16,0,2,7,13,74,74,5,0.03125
96,17,1,2,4,15,91,93,7,0.04375
96,18,2,2,14,18,117,115,11,0.06875
96,19,3,2,21,15,131,129,9,0.05625
96,20,4,2,34,20,147,144,10,0.0625
96,21,5,2,29,15,124,124,8,0.05
96,22,6,2,6,16,102,98,11,0.06875
96,23,7,2,8,22,91,91,4,0.025
96,24,0,3,10,12,87,87,5,0.03125
96,25,1,3,8,14,112,112,8,0.05
96,26,2,3,20,9,131,131,8,0.05
96,27,3,3,39,15,151,152,7,0.04375
96,28,4,3,34,14,151,149,9,0.05625
96,29,5,3,14,10,119,118,10,0.0625
96,30,6,3,7,21,109,107,9,0.05625
96,31,7,3,9,18,96,96,4,0.025
96,32,0,4,12,15,90,91,3,0.01875
96,33,1,4,12,20,117,118,8,0.05
96,34,2,4,18,16,134,132,6,0.0375
96,35,3,4,38,16,152,154,7,0.04375
96,36,4,4,34,21,154,150,9,0.05625
96,37,5,4,15,19,129,128,9,0.05625
96,38,6,4,6,20,112,111,11,0.06875
96,39,7,4,13,11,93,93,5,0.03125
96,40,0,5,10,17,83,83,5,0.03125
96,41,1,5,10,20,107,106,10,0.0625
96,42,2,5,17,20,128,128,7,0.04375
96,43,3,5,44,23,159,158,8,0.05
96,44,4,5,23,15,140,139,7,0.04375
96,45,5,5,11,19,116,116,8,0.05
96,46,6,5,8,19,106,105,10,0.0625
96,47,7,5,9,15,78,78,4,0.025
96,48,0,6,8,11,59,57,4,0.025
96,49,1,6,8,11,73,75,8,0.05
96,50,2,6,11,16,90,94,6,0.0375
96,51,3,6,42,18,135,135,10,0.0625
96,52,4,6,30,17,130,132,5,0.03125
96,53,5,6,27,15,104,104,6,0.0375
96,54,6,6,7,17,86,83,11,0.06875
96,55,7,6,9,18,57,57,5,0.03125
96,56,0,7,10,15,35,34,4,0.025
96,57,1,7,13,19,56,56,6,0.0375
96,58,2,7,24,12,74,73,6,0.0375
96,59,3,7,27,7,80,84,5,0.03125
96,60,4,7,11,15,70,71,6,0.0375
96,61,5,7,7,15,50,50,7,0.04375
96,62,6,7,4,21,48,49,6,0.0375
96,63,7,7,3,16,30,29,5,0.03125
97,0,0,0,22,24,62,61,5,0.03125
97,1,1,0,16,21,89,91,5,0.03125
97,2,2,0,26,19,128,131,4,0.025
97,3,3,0,46,32,173,173,6,0.0375
97,4,4,0,33,24,148,146,7,0.04375
97,5,5,0,29,26,133,130,8,0.05
97,6,6,0,18,24,99,98,8,0.05
97,7,7,0,17,25,62,63,4,0.025
97,8,0,1,17,25,96,95,6,0.0375
97,9,1,1,17,32,135,132,11,0.06875
97,10,2,1,28,16,160,162,7,0.04375
97,11,3,1,34,47,222,221,7,0.04375
97,12,4,1,38,26,187,186,9,0.05625
97,13,5,1,23,30,169,166,11,0.06875
97,14,6,1,23,27,136,133,14,0.0875
97,15,7,1,19,14,93,90,6,0.0375
97,16,0,2,15,20,118,118,4,0.025
97,17,1,2,19,22,151,147,9,0.05625
97,18,2,2,13,15,156,160,7,0.04375
97,19,3,2,35,24,227,226,9,0.05625
97,20,4,2,32,30,219,222,7,0.04375
97,21,5,2,41,25,218,217,9,0.05625
97,22,6,2,29,28,173,176,7,0.04375
97,23,7,2,26,22,128,126,7,0.04375
97,24,0,3,21,20,136,137,4,0.025
97,25,1,3,20,17,168,169,8,0.05
97,26,2,3,25,25,196,193,10,0.0625
97,27,3,3,36,31,250,244,11,0.06875
97,28,4,3,39,30,234,236,8,0.05
97,29,5,3,30,32,222,222,8,0.05
97,30,6,3,20,22,172,172,9,0.05625
97,31,7,3,24,20,143,141,6,0.0375
97,32,0,4,22,29,148,144,6,0.0375
97,33,1,4,18,19,166,164,8,0.05
97,34,2,4,24,29,195,194,8,0.05
97,35,3,4,33,27,234,236,4,0.025
97,36,4,4,39,26,231,235,7,0.04375
97,37,5,4,22,22,211,211,9,0.05625
97,38,6,4,24,23,183,183,9,0.05625
97,39,7,4,16,18,142,142,5,0.03125
97,40,0,5,22,27,135,134,7,0.04375
97,41,1,5,17,27,157,159,8,0.05
97,42,2,5,25,26,190,189,8,0.05
97,43,3,5,39,22,215,214,10,0.0625
97,44,4,5,32,28,209,209,7,0.04375
97,45,5,5,25,29,206,205,8,0.05
97,46,6,5,30,29,172,171,12,0.075
97,47,7,5,24,26,141,139,5,0.03125
97,48,0,6,18,23,106,107,5,0.03125
97,49,1,6,19,22,134,133,8,0.05
97,50,2,6,20,30,166,162,8,0.05
97,51,3,6,25,24,180,183,8,0.05
97,52,4,6,37,16,184,185,5,0.03125
97,53,5,6,29,28,182,182,7,0.04375
97,54,6,6,19,20,127,131,8,0.05
97,55,7,6,24,32,115,111,9,0.05625
97,56,0,7,24,34,79,79,4,0.025
97,57,1,7,25,23,107,108,7,0.04375
97,58,2,7,27,22,132,134,5,0.03125
97,59,3,7,36,25,153,151,8,0.05
97,60,4,7,37,23,152,151,7,0.04375
97,61,5,7,22,27,136,136,6,0.0375
97,62,6,7,20,21,95,95,6,0.0375
97,63,7,7,17,27,65,64,5,0.03125
98,0,0,0,11,11,32,32,5,0.03125
98,1,1,0,10,18,57,55,8,0.05
98,2,2,0,16,25,86,81,8,0.05
98,3,3,0,36,18,110,112,5,0.03125
98,4,4,0,35,12,103,103,7,0.04375
98,5,5,0,21,20,91,94,5,0.03125
98,6,6,0,8,13,67,67,8,0.05
98,7,7,0,8,21,49,48,5,0.03125
98,8,0,1,7,16,49,50,5,0.03125
98,9,1,1,3,19,75,79,6,0.0375
98,10,2,1,6,19,92,92,6,0.0375
98,11,3,1,18,28,123,123,8,0.05
98,12,4,1,30,11,111,111,8,0.05
98,13,5,1,34,16,115,119,7,0.04375
98,14,6,1,10,27,101,105,9,0.05625
98,15,7,1,18,29,90,92,5,0.03125
98,16,0,2,6,13,59,59,4,0.025
98,17,1,2,4,11,90,91,9,0.05625
98,18,2,2,15,18,113,111,8,0.05
98,19,3,2,28,16,148,150,6,0.0375
98,20,4,2,38,21,142,142,6,0.0375
98,21,5,2,16,12,115,113,9,0.05625
98,22,6,2,7,21,109,110,9,0.05625
98,23,7,2,10,12,88,90,5,0.03125
98,24,0,3,4,15,71,70,4,0.025
98,25,1,3,2,19,99,100,8,0.05
98,26,2,3,16,15,116,119,7,0.04375
98,27,3,3,22,20,142,145,8,0.05
98,28,4,3,36,19,144,144,8,0.05
98,29,5,3,29,21,143,142,11,0.06875
98,30,6,3,9,19,133,132,10,0.0625
98,31,7,3,9,20,97,97,5,0.03125
98,32,0,4,10,14,80,83,3,0.01875
98,33,1,4,10,18,110,113,6,0.0375
98,34,2,4,16,18,136,137,7,0.04375
98,35,3,4,44,13,172,166,10,0.0625
98,36,4,4,32,12,147,147,6,0.0375
98,37,5,4,15,13,122,124,8,0.05
98,38,6,4,1,20,118,120,8,0.05
98,39,7,4,10,22,94,96,4,0.025
98,40,0,5,6,13,71,72,5,0.03125
98,41,1,5,12,13,103,104,8,0.05
98,42,2,5,13,15,107,105,9,0.05625
98,43,3,5,25,19,138,140,7,0.04375
98,44,4,5,34,18,137,138,7,0.04375
98,45,5,5,23,14,118,117,10,0.0625
98,46,6,5,9,13,113,114,9,0.05625
98,47,7,5,13,16,84,84,5,0.03125
98,48,0,6,11,16,60,60,4,0.025
98,49,1,6,9,18,94,93,8,0.05
98,50,2,6,14,11,93,96,6,0.0375
98,51,3,6,32,14,122,118,11,0.06875
98,52,4,6,27,11,108,104,10,0.0625
98,53,5,6,9,14,87,87,8,0.05
98,54,6,6,12,19,79,75,12,0.075
98,55,7,6,5,14,52,56,5,0.03125
98,56,0,7,9,20,40,41,4,0.025
98,57,1,7,14,20,72,71,8,0.05
98,58,2,7,17,13,85,80,10,0.0625
98,59,3,7,30,20,106,107,6,0.0375
98,60,4,7,34,17,102,101,8,0.05
98,61,5,7,20,16,84,85,7,0.04375
98,62,6,7,11,17,66,64,8,0.05
98,63,7,7,10,15,38,40,3,0.01875
99,0,0,0,5,15,29,29,4,0.025
99,1,1,0,2,11,43,43,6,0.0375
99,2,2,0,9,13,62,64,7,0.04375
99,3,3,0,19,14,92,89,6,0.0375
99,4,4,0,42,19,109,112,5,0.03125
99,5,5,0,19,13,88,85,8,0.05
99,6,6,0,8,15,65,66,8,0.05
99,7,7,0,12,12,39,40,3,0.01875
99,8,0,1,3,15,55,54,5,0.03125
99,9,1,1,9,23,87,87,8,0.05
99,10,2,1,18,16,98,98,6,0.0375
99,11,3,1,28,35,133,133,8,0.05
99,12,4,1,28,14,106,104,10,0.0625
99,13,5,1,21,18,97,95,10,0.0625
99,14,6,1,13,17,92,91,11,0.06875
99,15,7,1,14,21,71,71,4,0.025
99,16,0,2,3,14,73,74,3,0.01875
99,17,1,2,8,14,96,97,9,0.05625
99,18,2,2,16,12,104,105,7,0.04375
99,19,3,2,25,12,141,140,9,0.05625
99,20,4,2,39,21,142,143,6,0.0375
99,21,5,2,19,13,112,113,10,0.0625
99,22,6,2,11,20,103,100,10,0.0625
99,23,7,2,5,16,76,76,6,0.0375
99,24,0,3,14,17,97,96,6,0.0375
99,25,1,3,12,19,122,118,10,0.0625
99,26,2,3,20,22,138,138,7,0.04375
99,27,3,3,31,21,154,154,8,0.05
99,28,4,3,34,14,150,149,8,0.05
99,29,5,3,16,19,126,129,7,0.04375
99,30,6,3,10,18,104,106,7,0.04375
99,31,7,3,4,15,82,83,5,0.03125
99,32,0,4,15,13,99,96,6,0.0375
99,33,1,4,11,15,119,116,8,0.05
99,34,2,4,22,17,133,134,6,0.0375
99,35,3,4,41,18,153,155,8,0.05
99,36,4,4,34,19,161,160,7,0.04375
99,37,5,4,20,17,136,133,9,0.05625
99,38,6,4,7,14,100,101,8,0.05
99,39,7,4,5,14,85,84,4,0.025
99,40,0,5,7,21,84,83,6,0.0375
99,41,1,5,6,9,100,99,8,0.05
99,42,2,5,18,11,113,118,6,0.0375
99,43,3,5,31,20,141,143,6,0.0375
99,44,4,5,29,17,143,143,6,0.0375
99,45,5,5,10,12,120,122,9,0.05625
99,46,6,5,7,23,102,105,9,0.05625
99,47,7,5,6,10,78,77,5,0.03125
99,48,0,6,6,16,59,59,5,0.03125
99,49,1,6,4,19,76,76,9,0.05625
99,50,2,6,17,12,89,86,8,0.05
99,51,3,6,32,14,117,120,7,0.04375
99,52,4,6,32,17,117,119,7,0.04375
99,53,5,6,15,27,108,108,8,0.05
99,54,6,6,3,18,84,86,8,0.05
99,55,7,6,12,14,67,66,5,0.03125
99,56,0,7,1,16,29,29,4,0.025
99,57,1,7,6,15,48,48,8,0.05
99,58,2,7,12,12,65,69,6,0.0375
99,59,3,7,33,12,97,97,7,0.04375
99,60,4,7,38,11,99,101,6,0.0375
99,61,5,7,17,16,87,87,7,0.04375
99,62,6,7,13,18,68,70,6,0.0375
99,63,7,7,12,18,47,47,2,0.0125
100,0,0,0,7,18,41,43,3,0.01875
100,1,1,0,8,14,61,61,6,0.0375
100,2,2,0,21,17,89,90,5,0.03125
100,3,3,0,38,16,108,110,6,0.0375
100,4,4,0,32,11,103,101,6,0.0375
100,5,5,0,18,14,84,85,8,0.05
100,6,6,0,8,9,57,57,8,0.05
100,7,7,0,10,15,41,41,3,0.01875
100,8,0,1,9,14,63,62,6,0.0375
100,9,1,1,3,12,77,76,9,0.05625
100,10,2,1,13,16,100,99,9,0.05625
100,11,3,1,32,28,130,131,8,0.05
100,12,4,1,27,12,111,113,7,0.04375
100,13,5,1,19,23,101,102,9,0.05625
100,14,6,1,8,20,73,71,10,0.0625
100,15,7,1,2,14,50,51,4,0.025
100,16,0,2,6,15,73,70,6,0.0375
100,17,1,2,7,13,96,97,7,0.04375
100,18,2,2,15,15,114,114,7,0.04375
100,19,3,2,33,21,155,155,8,0.05
100,20,4,2,35,15,136,131,11,0.06875
100,21,5,2,17,19,126,126,9,0.05625
100,22,6,2,6,15,99,101,10,0.0625
100,23,7,2,12,12,74,75,5,0.03125
100,24,0,3,7,16,87,88,6,0.0375
100,25,1,3,6,18,110,111,11,0.06875
100,26,2,3,12,20,122,119,9,0.05625
100,27,3,3,32,10,146,146,9,0.05625
100,28,4,3,32,16,129,131,6,0.0375
100,29,5,3,26,15,137,138,5,0.03125
100,30,6,3,8,17,116,113,10,0.0625
100,31,7,3,9,14,80,81,3,0.01875
100,32,0,4,11,17,79,81,3,0.01875
100,33,1,4,16,19,110,112,8,0.05
100,34,2,4,17,20,122,120,8,0.05
100,35,3,4,37,15,153,150,10,0.0625
100,36,4,4,26,13,128,129,8,0.05
100,37,5,4,18,11,125,128,7,0.04375
100,38,6,4,11,18,111,109,9,0.05625
100,39,7,4,5,14,69,69,3,0.01875
100,40,0,5,7,13,61,61,5,0.03125
100,41,1,5,7,16,93,91,9,0.05625
100,42,2,5,14,12,97,95,6,0.0375
100,43,3,5,39,14,128,124,9,0.05625
100,44,4,5,24,15,107,107,8,0.05
100,45,5,5,11,10,96,96,7,0.04375
100,46,6,5,5,13,89,84,14,0.0875
100,47,7,5,3,9,53,55,4,0.025
100,48,0,6,5,16,43,43,4,0.025
100,49,1,6,8,15,71,72,8,0.05
100,50,2,6,12,12,81,81,9,0.05625
100,51,3,6,37,15,108,107,10,0.0625
100,52,4,6,23,15,99,99,7,0.04375
100,53,5,6,15,18,92,93,7,0.04375
100,54,6,6,4,16,74,70,13,0.08125
100,55,7,6,3,11,49,51,4,0.025
100,56,0,7,8,11,25,25,4,0.025
100,57,1,7,2,18,41,42,7,0.04375
100,58,2,7,14,12,59,54,10,0.0625
100,59,3,7,34,17,85,86,6,0.0375
100,60,4,7,19,15,78,78,8,0.05
100,61,5,7,9,17,64,64,7,0.04375
100,62,6,7,8,17,55,53,8,0.05
100,63,7,7,7,18,41,40,4,0.025
101,0,0,0,2,16,32,31,4,0.025
101,1,1,0,4,12,45,44,7,0.04375
101,2,2,0,15,15,71,69,7,0.04375
101,3,3,0,23,20,90,87,7,0.04375
101,4,4,0,30,15,92,90,7,0.04375
101,5,5,0,24,17,82,82,8,0.05
101,6,6,0,10,13,59,59,8,0.05
101,7,7,0,14,12,33,34,3,0.01875
101,8,0,1,1,14,47,50,4,0.025
101,9,1,1,3,11,57,58,8,0.05
101,10,2,1,7,16,90,92,6,0.0375
101,11,3,1,17,28,122,122,6,0.0375
101,12,4,1,33,13,120,122,6,0.0375
101,13,5,1,32,14,113,115,5,0.03125
101,14,6,1,9,22,103,104,11,0.06875
101,15,7,1,16,13,64,64,4,0.025
101,16,0,2,10,13,70,71,5,0.03125
101,17,1,2,7,15,81,79,9,0.05625
101,18,2,2,15,14,124,123,8,0.05
101,19,3,2,39,10,151,153,8,0.05
101,20,4,2,29,15,137,139,10,0.0625
101,21,5,2,21,19,116,119,6,0.0375
101,22,6,2,10,22,116,113,11,0.06875
101,23,7,2,4,16,73,69,7,0.04375
101,24,0,3,6,18,75,76,5,0.03125
101,25,1,3,11,17,87,87,10,0.0625
101,26,2,3,21,23,139,143,7,0.04375
101,27,3,3,35,12,155,156,8,0.05
101,28,4,3,38,18,158,160,4,0.025
101,29,5,3,14,17,125,124,8,0.05
101,30,6,3,13,19,117,120,7,0.04375
101,31,7,3,6,16,78,77,6,0.0375
101,32,0,4,6,12,75,74,5,0.03125
101,33,1,4,5,11,81,79,8,0.05
101,34,2,4,16,13,119,119,9,0.05625
101,35,3,4,29,17,142,145,7,0.04375
101,36,4,4,44,15,156,156,7,0.04375
101,37,5,4,20,14,127,129,6,0.0375
101,38,6,4,4,17,113,114,7,0.04375
101,39,7,4,12,12,83,81,6,0.0375
101,40,0,5,4,18,71,71,7,0.04375
101,41,1,5,13,16,89,90,8,0.05
101,42,2,5,20,17,116,116,6,0.0375
101,43,3,5,31,8,126,127,8,0.05
101,44,4,5,32,19,135,136,6,0.0375
101,45,5,5,13,18,119,122,6,0.0375
101,46,6,5,7,19,93,98,7,0.04375
101,47,7,5,8,18,69,68,6,0.0375
101,48,0,6,5,9,46,46,4,0.025
101,49,1,6,8,24,78,79,8,0.05
101,50,2,6,15,17,93,97,6,0.0375
101,51,3,6,32,13,108,105,12,0.075
101,52,4,6,25,17,100,98,10,0.0625
101,53,5,6,13,11,96,93,9,0.05625
101,54,6,6,13,11,76,83,7,0.04375
101,55,7,6,9,18,58,56,4,0.025
101,56,0,7,9,19,33,33,4,0.025
101,57,1,7,11,17,57,56,8,0.05
101,58,2,7,22,19,81,83,8,0.05
101,59,3,7,34,19,88,84,9,0.05625
101,60,4,7,10,13,61,60,9,0.05625
101,61,5,7,4,14,52,51,8,0.05
101,62,6,7,1,16,40,41,8,0.05
101,63,7,7,1,16,27,28,4,0.025
102,0,0,0,21,17,67,63,7,0.04375
102,1,1,0,22,22,100,100,8,0.05
102,2,2,0,27,21,131,129,10,0.0625
102,3,3,0,35,30,155,158,5,0.03125
102,4,4,0,27,23,147,149,6,0.0375
102,5,5,0,37,26,145,147,5,0.03125
102,6,6,0,20,26,111,111,7,0.04375
102,7,7,0,22,21,68,67,4,0.025
102,8,0,1,24,25,105,100,9,0.05625
102,9,1,1,13,24,119,118,9,0.05625
102,10,2,1,17,33,161,158,9,0.05625
102,11,3,1,31,53,211,212,7,0.04375
102,12,4,1,36,14,171,168,8,0.05
102,13,5,1,31,17,159,154,11,0.06875
102,14,6,1,15,22,128,130,9,0.05625
102,15,7,1,23,34,111,109,5,0.03125
102,16,0,2,24,25,128,128,6,0.0375
102,17,1,2,27,28,158,158,8,0.05
102,18,2,2,28,20,197,199,6,0.0375
102,19,3,2,36,27,247,245,9,0.05625
102,20,4,2,30,21,198,201,5,0.03125
102,21,5,2,21,18,185,183,7,0.04375
102,22,6,2,15,38,157,160,10,0.0625
102,23,7,2,17,33,133,138,4,0.025
102,24,0,3,27,24,143,140,7,0.04375
102,25,1,3,23,17,158,161,8,0.05
102,26,2,3,31,22,208,207,6,0.0375
102,27,3,3,38,16,247,251,5,0.03125
102,28,4,3,31,21,210,208,6,0.0375
102,29,5,3,24,25,203,202,8,0.05
102,30,6,3,24,21,169,169,9,0.05625
102,31,7,3,18,27,152,152,5,0.03125
102,32,0,4,21,23,139,138,5,0.03125
102,33,1,4,17,28,159,161,8,0.05
102,34,2,4,19,33,192,193,7,0.04375
102,35,3,4,41,30,247,248,8,0.05
102,36,4,4,38,29,227,227,6,0.0375
102,37,5,4,33,24,213,212,5,0.03125
102,38,6,4,19,15,167,168,8,0.05
102,39,7,4,23,34,157,157,6,0.0375
102,40,0,5,18,27,129,131,4,0.025
102,41,1,5,21,25,162,162,8,0.05
102,42,2,5,22,21,184,184,5,0.03125
102,43,3,5,38,31,243,243,8,0.05
102,44,4,5,35,28,208,210,5,0.03125
102,45,5,5,25,22,189,188,6,0.0375
102,46,6,5,19,31,164,162,9,0.05625
102,47,7,5,20,22,132,133,4,0.025
102,48,0,6,23,29,109,108,5,0.03125
102,49,1,6,22,25,134,133,8,0.05
102,50,2,6,25,25,157,155,8,0.05
102,51,3,6,32,34,198,204,6,0.0375
102,52,4,6,38,24,181,182,7,0.04375
102,53,5,6,28,19,170,175,6,0.0375
102,54,6,6,19,22,151,147,10,0.0625
102,55,7,6,21,19,110,112,4,0.025
102,56,0,7,26,27,74,74,4,0.025
102,57,1,7,20,23,102,101,8,0.05
102,58,2,7,27,27,129,131,5,0.03125
102,59,3,7,27,26,154,158,5,0.03125
102,60,4,7,40,25,158,159,7,0.04375
102,61,5,7,35,34,141,141,5,0.03125
102,62,6,7,16,30,96,96,8,0.05
102,63,7,7,24,36,73,73,4,0.025
103,0,0,0,6,26,42,46,4,0.025
103,1,1,0,6,17,56,55,9,0.05625
103,2,2,0,18,20,79,82,7,0.04375
103,3,3,0,26,9,92,90,8,0.05
103,4,4,0,29,14,87,87,5,0.03125
103,5,5,0,18,16,77,75,8,0.05
103,6,6,0,6,18,61,62,7,0.04375
103,7,7,0,12,11,34,34,4,0.025
103,8,0,1,4,15,66,66,7,0.04375
103,9,1,1,12,15,86,84,9,0.05625
103,10,2,1,11,9,91,91,10,0.0625
103,11,3,1,17,25,114,114,7,0.04375
103,12,4,1,37,19,117,117,10,0.0625
103,13,5,1,18,18,105,105,11,0.06875
103,14,6,1,15,21,85,85,8,0.05
103,15,7,1,6,15,45,47,4,0.025
103,16,0,2,8,16,87,86,6,0.0375
103,17,1,2,6,9,95,95,9,0.05625
103,18,2,2,17,23,124,122,8,0.05
103,19,3,2,36,14,141,145,5,0.03125
103,20,4,2,28,16,138,137,7,0.04375
103,21,5,2,23,20,139,137,10,0.0625
103,22,6,2,9,11,100,105,4,0.025
103,23,7,2,8,17,63,64,2,0.0125
103,24,0,3,13,12,97,96,9,0.05625
103,25,1,3,10,15,111,108,10,0.0625
103,26,2,3,8,18,123,120,11,0.06875
103,27,3,3,31,19,154,150,7,0.04375
103,28,4,3,38,20,157,152,9,0.05625
103,29,5,3,19,20,143,144,8,0.05
103,30,6,3,7,18,115,113,9,0.05625
103,31,7,3,11,15,78,75,7,0.04375
103,32,0,4,4,24,94,93,8,0.05
103,33,1,4,8,16,109,108,9,0.05625
103,34,2,4,19,10,123,120,9,0.05625
103,35,3,4,36,21,157,156,9,0.05625
103,36,4,4,25,15,133,132,8,0.05
103,37,5,4,16,14,138,136,9,0.05625
103,38,6,4,13,17,129,127,11,0.06875
103,39,7,4,10,10,84,84,6,0.0375
103,40,0,5,11,15,87,83,8,0.05
103,41,1,5,16,22,114,113,11,0.06875
103,42,2,5,21,13,123,125,6,0.0375
103,43,3,5,41,22,158,159,8,0.05
103,44,4,5,19,17,127,126,3,0.01875
103,45,5,5,12,18,119,117,9,0.05625
103,46,6,5,9,22,111,111,10,0.0625
103,47,7,5,7,14,75,75,5,0.03125
103,48,0,6,8,12,58,58,5,0.03125
103,49,1,6,4,17,68,68,8,0.05
103,50,2,6,15,10,84,84,7,0.04375
103,51,3,6,24,12,120,119,8,0.05
103,52,4,6,47,16,138,140,4,0.025
103,53,5,6,20,19,118,114,7,0.04375
103,54,6,6,12,17,92,95,7,0.04375
103,55,7,6,9,20,75,73,4,0.025
103,56,0,7,5,17,39,39,4,0.025
103,57,1,7,15,13,59,59,8,0.05
103,58,2,7,13,7,63,63,7,0.04375
103,59,3,7,18,19,86,83,7,0.04375
103,60,4,7,36,7,92,94,4,0.025
103,61,5,7,26,20,98,97,7,0.04375
103,62,6,7,6,15,71,73,6,0.0375
103,63,7,7,13,18,53,52,5,0.03125
104,0,0,0,7,16,32,33,3,0.01875
104,1,1,0,6,13,52,53,8,0.05
104,2,2,0,18,13,82,80,8,0.05
104,3,3,0,36,10,103,104,5,0.03125
104,4,4,0,37,14,108,107,6,0.0375
104,5,5,0,19,21,89,89,7,0.04375
104,6,6,0,11,14,55,54,8,0.05
104,7,7,0,6,18,39,39,4,0.025
104,8,0,1,8,17,57,62,3,0.01875
104,9,1,1,10,11,76,78,7,0.04375
104,10,2,1,21,18,103,102,9,0.05625
104,11,3,1,26,25,116,114,9,0.05625
104,12,4,1,30,14,122,124,8,0.05
104,13,5,1,9,19,106,110,8,0.05
104,14,6,1,2,16,79,80,9,0.05625
104,15,7,1,10,16,70,69,4,0.025
104,16,0,2,10,27,76,79,4,0.025
104,17,1,2,7,12,86,86,10,0.0625
104,18,2,2,13,15,118,119,6,0.0375
104,19,3,2,28,17,139,136,8,0.05
104,20,4,2,33,19,151,150,7,0.04375
104,21,5,2,15,22,138,141,7,0.04375
104,22,6,2,16,19,115,111,7,0.04375
104,23,7,2,16,19,97,93,7,0.04375
104,24,0,3,6,17,76,81,4,0.025
104,25,1,3,5,18,93,92,10,0.0625
104,26,2,3,14,14,127,131,7,0.04375
104,27,3,3,34,18,152,149,10,0.0625
104,28,4,3,39,23,167,168,8,0.05
104,29,5,3,23,12,146,140,12,0.075
104,30,6,3,7,12,101,103,9,0.05625
104,31,7,3,8,17,97,99,6,0.0375
104,32,0,4,15,12,86,87,5,0.03125
104,33,1,4,8,14,101,102,7,0.04375
104,34,2,4,18,15,131,130,10,0.0625
104,35,3,4,30,7,136,137,8,0.05
104,36,4,4,25,13,154,155,7,0.04375
104,37,5,4,13,15,121,121,8,0.05
104,38,6,4,7,21,96,99,7,0.04375
104,39,7,4,6,19,88,89,5,0.03125
104,40,0,5,13,14,73,77,5,0.03125
104,41,1,5,10,17,100,102,8,0.05
104,42,2,5,28,16,120,118,6,0.0375
104,43,3,5,29,12,120,122,5,0.03125
104,44,4,5,12,23,136,133,7,0.04375
104,45,5,5,10,20,105,104,10,0.0625
104,46,6,5,3,10,74,76,7,0.04375
104,47,7,5,1,11,68,68,4,0.025
104,48,0,6,6,12,51,48,7,0.04375
104,49,1,6,10,19,71,73,7,0.04375
104,50,2,6,10,14,91,87,10,0.0625
104,51,3,6,29,16,120,120,7,0.04375
104,52,4,6,38,19,150,146,8,0.05
104,53,5,6,19,19,110,113,7,0.04375
104,54,6,6,8,15,80,81,6,0.0375
104,55,7,6,11,19,70,72,4,0.025
104,56,0,7,0,16,27,27,4,0.025
104,57,1,7,4,14,40,42,7,0.04375
104,58,2,7,10,17,60,60,7,0.04375
104,59,3,7,22,11,77,81,5,0.03125
104,60,4,7,39,17,110,108,6,0.0375
104,61,5,7,28,14,88,91,5,0.03125
104,62,6,7,14,10,57,53,9,0.05625
104,63,7,7,8,19,40,41,4,0.025
105,0,0,0,9,19,44,42,4,0.025
105,1,1,0,8,15,58,57,9,0.05625
105,2,2,0,11,14,75,76,7,0.04375
105,3,3,0,33,15,104,104,6,0.0375
105,4,4,0,46,14,108,111,4,0.025
105,5,5,0,25,17,86,86,7,0.04375
105,6,6,0,4,21,62,63,7,0.04375
105,7,7,0,9,19,41,41,3,0.01875
105,8,0,1,12,12,65,63,4,0.025
105,9,1,1,7,14,80,81,8,0.05
105,10,2,1,17,14,94,98,6,0.0375
105,11,3,1,22,35,132,133,6,0.0375
105,12,4,1,39,16,131,130,8,0.05
105,13,5,1,15,13,110,109,7,0.04375
105,14,6,1,11,12,90,90,8,0.05
105,15,7,1,9,15,62,61,5,0.03125
105,16,0,2,7,16,76,72,7,0.04375
105,17,1,2,10,18,99,100,7,0.04375
105,18,2,2,13,11,100,98,8,0.05
105,19,3,2,29,14,147,149,6,0.0375
105,20,4,2,32,17,145,143,10,0.0625
105,21,5,2,25,20,141,141,7,0.04375
105,22,6,2,15,21,118,116,9,0.05625
105,23,7,2,2,18,75,75,7,0.04375
105,24,0,3,9,13,84,82,6,0.0375
105,25,1,3,15,20,121,124,7,0.04375
105,26,2,3,24,14,137,135,8,0.05
105,27,3,3,40,13,158,160,9,0.05625
105,28,4,3,31,22,153,153,8,0.05
105,29,5,3,9,24,129,133,8,0.05
105,30,6,3,9,14,113,113,9,0.05625
105,31,7,3,10,11,81,83,4,0.025
105,32,0,4,2,16,71,71,5,0.03125
105,33,1,4,10,18,109,107,8,0.05
105,34,2,4,20,16,125,127,9,0.05625
105,35,3,4,29,11,136,134,9,0.05625
105,36,4,4,34,13,156,155,7,0.04375
105,37,5,4,19,20,145,144,9,0.05625
105,38,6,4,12,15,113,109,10,0.0625
105,39,7,4,11,17,88,88,5,0.03125
105,40,0,5,8,19,70,69,5,0.03125
105,41,1,5,10,12,91,94,6,0.0375
105,42,2,5,15,14,109,108,8,0.05
105,43,3,5,33,15,133,128,12,0.075
105,44,4,5,25,18,138,137,7,0.04375
105,45,5,5,15,16,117,117,9,0.05625
105,46,6,5,3,15,92,88,11,0.06875
105,47,7,5,10,16,80,80,5,0.03125
105,48,0,6,9,11,51,56,3,0.01875
105,49,1,6,5,17,77,78,5,0.03125
105,50,2,6,13,18,88,93,6,0.0375
105,51,3,6,21,15,103,100,11,0.06875
105,52,4,6,25,10,113,112,11,0.06875
105,53,5,6,16,15,100,97,8,0.05
105,54,6,6,10,20,76,76,7,0.04375
105,55,7,6,8,15,61,61,2,0.0125
105,56,0,7,13,14,43,43,4,0.025
105,57,1,7,8,18,68,67,7,0.04375
105,58,2,7,11,15,74,76,5,0.03125
105,59,3,7,28,15,92,88,9,0.05625
105,60,4,7,35,19,112,112,8,0.05
105,61,5,7,23,18,96,93,7,0.04375
105,62,6,7,8,15,59,62,7,0.04375
105,63,7,7,10,18,45,46,3,0.01875
106,0,0,0,5,19,39,39,4,0.025
106,1,1,0,8,19,65,67,8,0.05
106,2,2,0,26,12,86,87,6,0.0375
106,3,3,0,28,22,109,105,9,0.05625
106,4,4,0,30,12,98,94,8,0.05
106,5,5,0,20,10,79,78,8,0.05
106,6,6,0,7,15,61,61,7,0.04375
106,7,7,0,8,18,41,41,4,0.025
106,8,0,1,2,21,58,58,5,0.03125
106,9,1,1,4,11,75,76,7,0.04375
106,10,2,1,13,14,93,91,8,0.05
106,11,3,1,28,24,129,133,4,0.025
106,12,4,1,43,23,136,135,9,0.05625
106,13,5,1,29,12,105,108,6,0.0375
106,14,6,1,11,15,93,90,10,0.0625
106,15,7,1,7,14,63,65,4,0.025
106,16,0,2,10,23,85,89,4,0.025
106,17,1,2,3,11,100,94,13,0.08125
106,18,2,2,11,18,115,116,8,0.05
106,19,3,2,31,12,144,142,6,0.0375
106,20,4,2,32,23,154,156,9,0.05625
106,21,5,2,25,14,121,123,6,0.0375
106,22,6,2,5,21,108,111,7,0.04375
106,23,7,2,15,18,87,86,6,0.0375
106,24,0,3,6,15,92,91,6,0.0375
106,25,1,3,6,10,97,95,10,0.0625
106,26,2,3,17,20,118,117,9,0.05625
106,27,3,3,31,15,159,160,9,0.05625
106,28,4,3,37,15,167,166,8,0.05
106,29,5,3,22,20,131,133,8,0.05
106,30,6,3,8,22,119,117,11,0.06875
106,31,7,3,7,15,87,89,3,0.01875
106,32,0,4,6,15,78,82,3,0.01875
106,33,1,4,3,15,95,95,9,0.05625
106,34,2,4,15,18,109,108,9,0.05625
106,35,3,4,26,11,145,146,8,0.05
106,36,4,4,43,21,172,173,7,0.04375
106,37,5,4,15,10,116,117,9,0.05625
106,38,6,4,6,11,101,103,9,0.05625
106,39,7,4,11,16,90,89,6,0.0375
106,40,0,5,6,17,72,71,6,0.0375
106,41,1,5,5,20,111,105,10,0.0625
106,42,2,5,19,12,112,115,5,0.03125
106,43,3,5,32,18,156,160,7,0.04375
106,44,4,5,35,19,156,157,7,0.04375
106,45,5,5,22,20,115,114,9,0.05625
106,46,6,5,9,20,94,97,9,0.05625
106,47,7,5,8,19,83,82,5,0.03125
106,48,0,6,6,11,46,43,6,0.0375
106,49,1,6,9,16,76,75,7,0.04375
106,50,2,6,17,15,94,92,8,0.05
106,51,3,6,39,13,135,138,7,0.04375
106,52,4,6,27,24,125,129,6,0.0375
106,53,5,6,16,17,93,96,6,0.0375
106,54,6,6,7,20,77,76,8,0.05
106,55,7,6,8,16,67,66,5,0.03125
106,56,0,7,7,12,28,28,4,0.025
106,57,1,7,14,19,51,51,6,0.0375
106,58,2,7,23,6,69,68,6,0.0375
106,59,3,7,34,19,97,98,8,0.05
106,60,4,7,22,25,90,91,6,0.0375
106,61,5,7,9,14,60,60,9,0.05625
106,62,6,7,2,12,42,41,8,0.05
106,63,7,7,7,22,42,39,6,0.0375
107,0,0,0,27,32,83,81,6,0.0375
107,1,1,0,23,24,107,107,7,0.04375
107,2,2,0,30,27,137,138,5,0.03125
107,3,3,0,40,29,150,156,4,0.025
107,4,4,0,26,21,141,144,6,0.0375
107,5,5,0,24,16,114,114,8,0.05
107,6,6,0,12,19,83,82,8,0.05
107,7,7,0,23,30,64,64,4,0.025
107,8,0,1,23,27,117,116,6,0.0375
107,9,1,1,23,23,130,127,9,0.05625
107,10,2,1,23,19,162,159,12,0.075
107,11,3,1,30,55,216,214,7,0.04375
107,12,4,1,40,24,203,205,6,0.0375
107,13,5,1,29,16,165,163,7,0.04375
107,14,6,1,25,30,151,153,9,0.05625
107,15,7,1,21,23,106,104,5,0.03125
107,16,0,2,21,24,136,133,6,0.0375
107,17,1,2,23,22,154,160,8,0.05
107,18,2,2,40,24,198,198,8,0.05
107,19,3,2,37,24,233,232,8,0.05
107,20,4,2,28,30,225,224,10,0.0625
107,21,5,2,26,18,179,174,10,0.0625
107,22,6,2,24,20,178,178,8,0.05
107,23,7,2,18,30,143,143,7,0.04375
107,24,0,3,22,23,145,144,7,0.04375
107,25,1,3,23,26,168,170,7,0.04375
107,26,2,3,27,20,200,201,8,0.05
107,27,3,3,34,24,241,242,7,0.04375
107,28,4,3,35,31,243,244,9,0.05625
107,29,5,3,28,18,190,190,6,0.0375
107,30,6,3,18,27,190,190,9,0.05625
107,31,7,3,28,14,149,147,4,0.025
107,32,0,4,18,34,165,162,6,0.0375
107,33,1,4,18,15,179,180,9,0.05625
107,34,2,4,25,21,206,204,11,0.06875
107,35,3,4,34,17,224,228,5,0.03125
107,36,4,4,32,26,228,225,8,0.05
107,37,5,4,29,22,187,188,7,0.04375
107,38,6,4,18,23,180,182,8,0.05
107,39,7,4,20,32,150,151,6,0.0375
107,40,0,5,20,22,146,147,5,0.03125
107,41,1,5,18,29,174,177,9,0.05625
107,42,2,5,26,22,191,186,10,0.0625
107,43,3,5,35,26,209,205,11,0.06875
107,44,4,5,33,26,207,204,10,0.0625
107,45,5,5,20,28,171,173,9,0.05625
107,46,6,5,28,33,180,180,8,0.05
107,47,7,5,13,27,132,134,4,0.025
107,48,0,6,23,22,127,130,3,0.01875
107,49,1,6,20,37,166,165,7,0.04375
107,50,2,6,24,25,172,173,6,0.0375
107,51,3,6,27,25,183,181,9,0.05625
107,52,4,6,36,16,178,179,5,0.03125
107,53,5,6,26,32,160,157,7,0.04375
107,54,6,6,17,28,148,146,9,0.05625
107,55,7,6,19,21,108,106,5,0.03125
107,56,0,7,30,35,98,97,4,0.025
107,57,1,7,33,29,149,148,8,0.05
107,58,2,7,35,32,173,170,9,0.05625
107,59,3,7,35,25,166,167,6,0.0375
107,60,4,7,33,30,155,156,5,0.03125
107,61,5,7,22,20,121,121,9,0.05625
107,62,6,7,20,31,102,102,8,0.05
107,63,7,7,22,38,72,73,4,0.025
108,0,0,0,9,23,42,44,4,0.025
108,1,1,0,13,21,70,70,7,0.04375
108,2,2,0,16,14,80,79,7,0.04375
108,3,3,0,37,23,117,114,6,0.0375
108,4,4,0,33,11,101,99,7,0.04375
108,5,5,0,16,15,85,85,9,0.05625
108,6,6,0,8,10,57,56,8,0.05
108,7,7,0,7,16,38,37,4,0.025
108,8,0,1,9,14,59,60,5,0.03125
108,9,1,1,11,16,80,81,8,0.05
108,10,2,1,18,14,98,99,9,0.05625
108,11,3,1,32,15,127,125,8,0.05
108,12,4,1,13,12,94,93,8,0.05
108,13,5,1,10,11,77,78,7,0.04375
108,14,6,1,1,23,71,72,9,0.05625
108,15,7,1,6,18,66,68,4,0.025
108,16,0,2,10,13,77,80,3,0.01875
108,17,1,2,14,11,103,103,9,0.05625
108,18,2,2,21,20,137,133,12,0.075
108,19,3,2,33,12,143,142,10,0.0625
108,20,4,2,18,18,124,125,9,0.05625
108,21,5,2,9,12,93,95,8,0.05
108,22,6,2,6,19,89,88,8,0.05
108,23,7,2,5,21,74,77,4,0.025
108,24,0,3,11,12,83,86,4,0.025
108,25,1,3,4,17,100,103,5,0.03125
108,26,2,3,23,16,135,136,7,0.04375
108,27,3,3,34,15,150,151,4,0.025
108,28,4,3,26,18,142,143,8,0.05
108,29,5,3,24,18,123,123,7,0.04375
108,30,6,3,9,17,104,107,7,0.04375
108,31,7,3,2,14,89,88,4,0.025
108,32,0,4,4,14,78,81,3,0.01875
108,33,1,4,8,12,97,98,8,0.05
108,34,2,4,17,19,131,135,9,0.05625
108,35,3,4,30,21,167,164,8,0.05
108,36,4,4,35,16,149,152,7,0.04375
108,37,5,4,18,11,121,120,8,0.05
108,38,6,4,8,12,111,108,8,0.05
108,39,7,4,11,13,96,96,6,0.0375
108,40,0,5,6,17,75,77,4,0.025
108,41,1,5,5,26,96,96,9,0.05625
108,42,2,5,23,18,123,126,8,0.05
108,43,3,5,38,24,160,165,7,0.04375
108,44,4,5,35,19,139,143,7,0.04375
108,45,5,5,19,18,117,118,7,0.04375
108,46,6,5,3,15,104,104,8,0.05
108,47,7,5,12,16,94,89,6,0.0375
108,48,0,6,9,24,66,66,4,0.025
108,49,1,6,3,14,71,72,7,0.04375
108,50,2,6,19,18,99,96,9,0.05625
108,51,3,6,38,9,123,122,10,0.0625
108,52,4,6,32,13,125,121,10,0.0625
108,53,5,6,13,18,105,109,6,0.0375
108,54,6,6,8,20,88,89,8,0.05
108,55,7,6,6,19,67,68,6,0.0375
108,56,0,7,12,15,41,42,4,0.025
108,57,1,7,10,14,58,58,8,0.05
108,58,2,7,25,17,77,80,6,0.0375
108,59,3,7,39,20,103,100,8,0.05
108,60,4,7,20,15,88,88,4,0.025
108,61,5,7,5,17,66,67,8,0.05
108,62,6,7,1,16,51,52,7,0.04375
108,63,7,7,5,16,38,37,5,0.03125
109,0,0,0,12,15,44,44,4,0.025
109,1,1,0,9,21,66,65,7,0.04375
109,2,2,0,18,20,93,93,6,0.0375
109,3,3,0,41,24,118,119,5,0.03125
109,4,4,0,21,16,94,95,6,0.0375
109,5,5,0,14,5,63,63,9,0.05625
109,6,6,0,10,12,46,45,10,0.0625
109,7,7,0,8,16,36,36,5,0.03125
109,8,0,1,7,15,70,68,8,0.05
109,9,1,1,10,24,96,96,7,0.04375
109,10,2,1,24,18,115,116,8,0.05
109,11,3,1,30,21,137,135,10,0.0625
109,12,4,1,35,15,132,131,10,0.0625
109,13,5,1,16,17,98,98,7,0.04375
109,14,6,1,3,13,67,65,8,0.05
109,15,7,1,6,10,58,55,5,0.03125
109,16,0,2,16,16,88,83,8,0.05
109,17,1,2,6,16,96,96,9,0.05625
109,18,2,2,19,16,124,128,9,0.05625
109,19,3,2,31,15,145,149,6,0.0375
109,20,4,2,22,22,133,137,4,0.025
109,21,5,2,9,12,95,95,7,0.04375
109,22,6,2,3,13,70,70,9,0.05625
109,23,7,2,7,13,75,73,5,0.03125
109,24,0,3,8,20,82,81,6,0.0375
109,25,1,3,8,17,102,99,8,0.05
109,26,2,3,19,9,132,130,10,0.0625
109,27,3,3,33,9,155,150,9,0.05625
109,28,4,3,38,13,156,159,4,0.025
109,29,5,3,20,23,134,131,8,0.05
109,30,6,3,3,11,90,92,5,0.03125
109,31,7,3,11,27,99,100,3,0.01875
109,32,0,4,13,15,89,86,4,0.025
109,33,1,4,4,22,108,106,9,0.05625
109,34,2,4,12,8,125,124,9,0.05625
109,35,3,4,27,17,149,148,9,0.05625
109,36,4,4,36,16,152,152,7,0.04375
109,37,5,4,13,11,130,128,10,0.0625
109,38,6,4,15,13,102,105,8,0.05
109,39,7,4,10,18,96,95,6,0.0375
109,40,0,5,9,9,73,71,5,0.03125
109,41,1,5,11,11,99,99,8,0.05
109,42,2,5,18,23,135,137,6,0.0375
109,43,3,5,41,15,154,152,8,0.05
109,44,4,5,26,16,135,136,6,0.0375
109,45,5,5,17,16,109,109,7,0.04375
109,46,6,5,6,16,82,84,8,0.05
109,47,7,5,6,13,74,76,4,0.025
109,48,0,6,9,16,59,59,4,0.025
109,49,1,6,14,16,88,87,8,0.05
109,50,2,6,14,18,113,115,8,0.05
109,51,3,6,43,17,136,135,9,0.05625
109,52,4,6,27,26,122,124,9,0.05625
109,53,5,6,16,19,90,87,9,0.05625
109,54,6,6,1,20,74,75,7,0.04375
109,55,7,6,13,25,68,71,3,0.01875
109,56,0,7,13,13,34,34,4,0.025
109,57,1,7,9,13,51,51,7,0.04375
109,58,2,7,16,16,76,74,7,0.04375
109,59,3,7,27,15,91,93,6,0.0375
109,60,4,7,27,16,88,88,5,0.03125
109,61,5,7,13,10,67,67,8,0.05
109,62,6,7,8,22,58,58,7,0.04375
109,63,7,7,4,17,34,35,4,0.025
110,0,0,0,8,15,42,42,5,0.03125
110,1,1,0,9,12,63,65,6,0.0375
110,2,2,0,22,10,82,81,7,0.04375
110,3,3,0,39,15,107,106,6,0.0375
110,4,4,0,30,19,103,105,5,0.03125
110,5,5,0,21,14,82,83,7,0.04375
110,6,6,0,5,11,55,53,12,0.075
110,7,7,0,6,19,45,43,7,0.04375
110,8,0,1,8,14,72,72,8,0.05
110,9,1,1,5,22,85,84,10,0.0625
110,10,2,1,25,14,94,98,6,0.0375
110,11,3,1,23,29,123,125,8,0.05
110,12,4,1,32,12,119,120,7,0.04375
110,13,5,1,10,17,100,98,9,0.05625
110,14,6,1,10,12,69,71,8,0.05
110,15,7,1,4,14,62,60,8,0.05
110,16,0,2,3,18,83,86,5,0.03125
110,17,1,2,11,20,94,96,7,0.04375
110,18,2,2,14,13,113,113,8,0.05
110,19,3,2,31,9,150,150,6,0.0375
110,20,4,2,37,17,153,147,10,0.0625
110,21,5,2,14,17,121,119,9,0.05625
110,22,6,2,11,17,86,85,9,0.05625
110,23,7,2,7,13,81,82,5,0.03125
110,24,0,3,7,20,91,92,4,0.025
110,25,1,3,10,13,96,95,9,0.05625
110,26,2,3,12,18,122,121,10,0.0625
110,27,3,3,31,15,152,152,10,0.0625
110,28,4,3,36,16,159,159,6,0.0375
110,29,5,3,15,18,131,137,4,0.025
110,30,6,3,10,10,88,84,8,0.05
110,31,7,3,5,17,93,92,5,0.03125
110,32,0,4,2,18,79,79,4,0.025
110,33,1,4,8,11,95,97,8,0.05
110,34,2,4,14,11,119,118,9,0.05625
110,35,3,4,41,11,147,149,5,0.03125
110,36,4,4,34,23,154,154,7,0.04375
110,37,5,4,20,15,133,132,10,0.0625
110,38,6,4,3,13,94,92,9,0.05625
110,39,7,4,9,19,99,101,5,0.03125
110,40,0,5,8,16,73,75,4,0.025
110,41,1,5,8,15,89,87,8,0.05
110,42,2,5,16,14,115,111,9,0.05625
110,43,3,5,35,14,139,136,10,0.0625
110,44,4,5,32,17,139,139,7,0.04375
110,45,5,5,15,22,120,119,9,0.05625
110,46,6,5,7,14,81,81,8,0.05
110,47,7,5,11,11,79,82,4,0.025
110,48,0,6,6,16,51,49,5,0.03125
110,49,1,6,9,15,67,65,9,0.05625
110,50,2,6,22,18,94,93,9,0.05625
110,51,3,6,23,15,104,103,13,0.08125
110,52,4,6,34,11,117,115,9,0.05625
110,53,5,6,15,11,101,101,8,0.05
110,54,6,6,13,15,76,75,9,0.05625
110,55,7,6,4,25,66,64,5,0.03125
110,56,0,7,8,11,26,27,3,0.01875
110,57,1,7,13,11,41,44,6,0.0375
110,58,2,7,17,13,58,58,7,0.04375
110,59,3,7,8,7,54,54,8,0.05
110,60,4,7,23,22,75,72,8,0.05
110,61,5,7,11,16,64,64,8,0.05
110,62,6,7,10,13,49,47,8,0.05
110,63,7,7,1,18,30,30,5,0.03125
111,0,0,0,8,13,42,42,5,0.03125
111,1,1,0,11,14,64,61,8,0.05
111,2,2,0,18,12,86,86,8,0.05
111,3,3,0,43,14,114,114,5,0.03125
111,4,4,0,32,21,112,110,5,0.03125
111,5,5,0,18,17,81,83,4,0.025
111,6,6,0,14,17,62,64,7,0.04375
111,7,7,0,4,18,37,39,5,0.03125
111,8,0,1,8,15,72,74,5,0.03125
111,9,1,1,8,16,79,81,8,0.05
111,10,2,1,11,15,97,94,8,0.05
111,11,3,1,32,40,139,142,6,0.0375
111,12,4,1,40,16,130,131,7,0.04375
111,13,5,1,10,14,101,100,9,0.05625
111,14,6,1,6,12,73,74,8,0.05
111,15,7,1,5,13,63,67,4,0.025
111,16,0,2,8,18,76,77,4,0.025
111,17,1,2,7,16,82,81,7,0.04375
111,18,2,2,19,17,116,115,8,0.05
111,19,3,2,37,15,156,152,10,0.0625
111,20,4,2,33,13,135,141,4,0.025
111,21,5,2,19,21,124,125,8,0.05
111,22,6,2,5,14,85,86,8,0.05
111,23,7,2,12,16,85,85,5,0.03125
111,24,0,3,1,14,75,74,6,0.0375
111,25,1,3,3,11,81,81,9,0.05625
111,26,2,3,14,18,113,116,6,0.0375
111,27,3,3,31,12,154,156,8,0.05
111,28,4,3,40,10,143,141,8,0.05
111,29,5,3,20,16,142,139,8,0.05
111,30,6,3,9,14,100,102,7,0.04375
111,31,7,3,14,21,91,92,4,0.025
111,32,0,4,5,23,79,80,4,0.025
111,33,1,4,4,11,90,87,9,0.05625
111,34,2,4,19,11,119,121,8,0.05
111,35,3,4,37,15,163,162,8,0.05
111,36,4,4,32,15,142,143,6,0.0375
111,37,5,4,20,22,145,146,9,0.05625
111,38,6,4,11,14,97,100,7,0.04375
111,39,7,4,7,14,76,76,5,0.03125
111,40,0,5,2,12,64,62,5,0.03125
111,41,1,5,9,16,82,83,10,0.0625
111,42,2,5,17,13,112,114,7,0.04375
111,43,3,5,18,23,150,152,8,0.05
111,44,4,5,39,21,147,147,6,0.0375
111,45,5,5,25,18,130,129,9,0.05625
111,46,6,5,5,17,79,78,9,0.05625
111,47,7,5,6,14,64,63,5,0.03125
111,48,0,6,9,14,56,57,5,0.03125
111,49,1,6,2,12,55,58,7,0.04375
111,50,2,6,11,21,81,82,9,0.05625
111,51,3,6,31,14,117,122,7,0.04375
111,52,4,6,26,17,103,106,6,0.0375
111,53,5,6,8,17,96,92,12,0.075
111,54,6,6,5,9,58,59,8,0.05
111,55,7,6,8,19,56,56,5,0.03125
111,56,0,7,7,18,37,36,4,0.025
111,57,1,7,11,11,50,49,6,0.0375
111,58,2,7,23,14,74,76,5,0.03125
111,59,3,7,36,19,96,97,4,0.025
111,60,4,7,16,12,63,66,5,0.03125
111,61,5,7,7,18,52,52,8,0.05
111,62,6,7,3,16,33,35,7,0.04375
111,63,7,7,1,20,27,27,5,0.03125
112,0,0,0,20,24,59,60,4,0.025
112,1,1,0,18,40,108,109,8,0.05
112,2,2,0,20,25,127,129,6,0.0375
112,3,3,0,28,32,150,151,6,0.0375
112,4,4,0,40,16,142,144,5,0.03125
112,5,5,0,31,21,129,127,6,0.0375
112,6,6,0,23,26,109,110,9,0.05625
112,7,7,0,25,24,70,71,4,0.025
112,8,0,1,19,24,95,95,5,0.03125
112,9,1,1,15,14,131,130,9,0.05625
112,10,2,1,22,29,162,162,9,0.05625
112,11,3,1,32,51,215,212,7,0.04375
112,12,4,1,26,23,182,184,5,0.03125
112,13,5,1,34,27,177,181,5,0.03125
112,14,6,1,24,23,144,143,8,0.05
112,15,7,1,22,22,96,95,4,0.025
112,16,0,2,21,22,119,120,3,0.01875
112,17,1,2,15,14,148,146,9,0.05625
112,18,2,2,26,26,186,187,7,0.04375
112,19,3,2,35,17,224,230,5,0.03125
112,20,4,2,27,24,200,196,8,0.05
112,21,5,2,28,14,184,186,7,0.04375
112,22,6,2,25,34,172,172,8,0.05
112,23,7,2,20,26,125,124,7,0.04375
112,24,0,3,20,20,131,131,6,0.0375
112,25,1,3,19,25,160,159,9,0.05625
112,26,2,3,29,19,195,194,8,0.05
112,27,3,3,30,33,239,239,8,0.05
112,28,4,3,36,29,214,215,5,0.03125
112,29,5,3,29,37,213,213,7,0.04375
112,30,6,3,16,20,164,162,9,0.05625
112,31,7,3,17,27,135,131,8,0.05
112,32,0,4,21,24,146,141,9,0.05625
112,33,1,4,20,16,170,171,8,0.05
112,34,2,4,28,31,219,219,9,0.05625
112,35,3,4,39,19,239,240,8,0.05
112,36,4,4,34,14,194,195,5,0.03125
112,37,5,4,30,21,207,210,7,0.04375
112,38,6,4,17,25,175,172,9,0.05625
112,39,7,4,20,23,133,131,7,0.04375
112,40,0,5,26,30,129,131,4,0.025
112,41,1,5,17,34,155,155,10,0.0625
112,42,2,5,21,29,204,202,8,0.05
112,43,3,5,38,23,224,223,9,0.05625
112,44,4,5,35,19,189,187,7,0.04375
112,45,5,5,21,19,192,193,8,0.05
112,46,6,5,17,23,161,160,10,0.0625
112,47,7,5,16,29,122,121,5,0.03125
112,48,0,6,27,22,108,108,4,0.025
112,49,1,6,21,23,141,142,6,0.0375
112,50,2,6,30,30,183,185,6,0.0375
112,51,3,6,34,25,196,194,8,0.05
112,52,4,6,31,24,176,176,7,0.04375
112,53,5,6,26,31,170,175,7,0.04375
112,54,6,6,15,22,136,133,11,0.06875
112,55,7,6,26,27,105,103,5,0.03125
112,56,0,7,26,24,76,77,3,0.01875
112,57,1,7,26,22,114,113,7,0.04375
112,58,2,7,30,24,151,150,6,0.0375
112,59,3,7,26,22,158,155,8,0.05
112,60,4,7,29,21,136,138,4,0.025
112,61,5,7,27,23,119,120,6,0.0375
112,62,6,7,15,24,90,87,9,0.05625
112,63,7,7,20,19,55,55,4,0.025
113,0,0,0,9,20,41,42,3,0.01875
113,1,1,0,7,24,64,65,8,0.05
113,2,2,0,14,7,73,73,6,0.0375
113,3,3,0,30,21,107,109,4,0.025
113,4,4,0,33,10,102,100,6,0.0375
113,5,5,0,24,18,90,91,5,0.03125
113,6,6,0,4,10,54,57,6,0.0375
113,7,7,0,11,10,41,40,4,0.025
113,8,0,1,4,10,57,55,6,0.0375
113,9,1,1,6,14,77,76,9,0.05625
113,10,2,1,10,17,94,95,6,0.0375
113,11,3,1,33,27,139,141,7,0.04375
113,12,4,1,32,10,117,115,7,0.04375
113,13,5,1,19,16,106,106,6,0.0375
113,14,6,1,6,16,79,78,9,0.05625
113,15,7,1,8,14,65,62,9,0.05625
113,16,0,2,9,19,81,80,4,0.025
113,17,1,2,6,17,92,92,9,0.05625
113,18,2,2,22,13,121,121,8,0.05
113,19,3,2,39,14,160,155,7,0.04375
113,20,4,2,34,9,126,128,4,0.025
113,21,5,2,10,21,115,114,9,0.05625
113,22,6,2,1,16,91,90,9,0.05625
113,23,7,2,8,17,76,78,4,0.025
113,24,0,3,11,17,93,92,5,0.03125
113,25,1,3,6,17,102,103,9,0.05625
113,26,2,3,18,18,133,131,8,0.05
113,27,3,3,35,18,160,159,10,0.0625
113,28,4,3,27,16,135,134,8,0.05
113,29,5,3,16,18,131,129,7,0.04375
113,30,6,3,5,21,104,106,8,0.05
113,31,7,3,7,18,84,85,6,0.0375
113,32,0,4,8,19,92,94,7,0.04375
113,33,1,4,15,12,106,104,11,0.06875
113,34,2,4,21,14,135,135,7,0.04375
113,35,3,4,34,14,154,150,8,0.05
113,36,4,4,30,13,136,134,6,0.0375
113,37,5,4,10,16,126,125,7,0.04375
113,38,6,4,10,15,97,97,9,0.05625
113,39,7,4,3,20,81,83,5,0.03125
113,40,0,5,5,9,73,72,4,0.025
113,41,1,5,11,15,85,85,9,0.05625
113,42,2,5,19,21,122,124,7,0.04375
113,43,3,5,31,13,128,127,11,0.06875
113,44,4,5,26,10,125,125,7,0.04375
113,45,5,5,16,13,117,116,9,0.05625
113,46,6,5,6,16,92,95,6,0.0375
113,47,7,5,4,18,75,76,4,0.025
113,48,0,6,6,19,66,65,4,0.025
113,49,1,6,6,15,72,68,10,0.0625
113,50,2,6,18,18,103,104,6,0.0375
113,51,3,6,32,4,106,103,11,0.06875
113,52,4,6,24,14,107,107,6,0.0375
113,53,5,6,11,14,90,90,8,0.05
113,54,6,6,1,24,75,77,8,0.05
113,55,7,6,6,21,55,57,4,0.025
113,56,0,7,18,18,51,50,4,0.025
113,57,1,7,16,14,71,70,8,0.05
113,58,2,7,28,16,89,87,8,0.05
113,59,3,7,21,20,94,95,8,0.05
113,60,4,7,36,16,98,95,6,0.0375
113,61,5,7,11,13,74,74,6,0.0375
113,62,6,7,6,18,60,62,7,0.04375
113,63,7,7,7,18,39,38,4,0.025
114,0,0,0,11,16,42,41,4,0.025
114,1,1,0,11,34,83,84,6,0.0375
114,2,2,0,24,21,97,94,9,0.05625
114,3,3,0,45,14,122,119,8,0.05
114,4,4,0,37,9,107,107,6,0.0375
114,5,5,0,18,18,87,87,5,0.03125
114,6,6,0,13,16,69,68,7,0.04375
114,7,7,0,8,11,35,34,4,0.025
114,8,0,1,7,14,63,66,4,0.025
114,9,1,1,15,21,99,101,8,0.05
114,10,2,1,16,13,98,98,8,0.05
114,11,3,1,36,34,149,145,10,0.0625
114,12,4,1,39,24,133,131,8,0.05
114,13,5,1,15,11,99,98,7,0.04375
114,14,6,1,7,19,91,91,8,0.05
114,15,7,1,7,19,62,64,7,0.04375
114,16,0,2,13,17,87,87,5,0.03125
114,17,1,2,11,17,113,111,11,0.06875
114,18,2,2,14,17,124,124,8,0.05
114,19,3,2,46,15,164,166,7,0.04375
114,20,4,2,32,15,145,144,5,0.03125
114,21,5,2,15,14,110,110,8,0.05
114,22,6,2,6,18,91,92,8,0.05
114,23,7,2,11,14,82,79,6,0.0375
114,24,0,3,8,12,82,83,5,0.03125
114,25,1,3,15,14,116,119,6,0.0375
114,26,2,3,27,11,133,133,10,0.0625
114,27,3,3,30,20,161,164,6,0.0375
114,28,4,3,16,20,144,141,11,0.06875
114,29,5,3,15,18,125,126,6,0.0375
114,30,6,3,9,18,105,104,5,0.03125
114,31,7,3,6,16,86,90,4,0.025
114,32,0,4,8,18,84,86,6,0.0375
114,33,1,4,9,13,107,110,8,0.05
114,34,2,4,21,21,135,134,8,0.05
114,35,3,4,33,17,158,162,6,0.0375
114,36,4,4,28,14,154,152,7,0.04375
114,37,5,4,17,13,130,128,9,0.05625
114,38,6,4,7,15,108,108,10,0.0625
114,39,7,4,11,18,94,93,4,0.025
114,40,0,5,5,13,67,69,3,0.01875
114,41,1,5,10,10,86,87,8,0.05
114,42,2,5,15,11,112,112,7,0.04375
114,43,3,5,32,15,142,145,7,0.04375
114,44,4,5,35,12,143,141,10,0.0625
114,45,5,5,14,17,114,113,9,0.05625
114,46,6,5,4,14,93,92,7,0.04375
114,47,7,5,12,21,79,79,5,0.03125
114,48,0,6,10,19,58,59,4,0.025
114,49,1,6,9,16,79,77,12,0.075
114,50,2,6,18,11,102,97,10,0.0625
114,51,3,6,43,15,126,126,11,0.06875
114,52,4,6,25,15,114,113,5,0.03125
114,53,5,6,5,16,89,88,9,0.05625
114,54,6,6,9,11,76,77,7,0.04375
114,55,7,6,6,14,51,53,3,0.01875
114,56,0,7,1,20,29,29,3,0.01875
114,57,1,7,11,16,43,46,6,0.0375
114,58,2,7,12,20,66,68,6,0.0375
114,59,3,7,29,22,84,82,10,0.0625
114,60,4,7,24,14,74,73,8,0.05
114,61,5,7,9,14,54,53,8,0.05
114,62,6,7,10,20,46,46,8,0.05
114,63,7,7,2,14,23,24,5,0.03125
115,0,0,0,2,22,37,35,5,0.03125
115,1,1,0,5,12,49,46,9,0.05625
115,2,2,0,21,16,76,76,9,0.05625
115,3,3,0,24,23,101,100,8,0.05
115,4,4,0,42,16,108,110,3,0.01875
115,5,5,0,27,5,83,84,5,0.03125
115,6,6,0,10,19,71,71,6,0.0375
115,7,7,0,10,18,45,46,5,0.03125
115,8,0,1,15,12,73,73,5,0.03125
115,9,1,1,15,27,101,101,7,0.04375
115,10,2,1,25,20,112,114,5,0.03125
115,11,3,1,40,25,142,144,8,0.05
115,12,4,1,22,16,107,110,5,0.03125
115,13,5,1,8,19,87,85,9,0.05625
115,14,6,1,3,16,74,77,7,0.04375
115,15,7,1,10,10,64,63,7,0.04375
115,16,0,2,12,11,82,80,7,0.04375
115,17,1,2,15,15,106,110,8,0.05
115,18,2,2,15,18,120,122,7,0.04375
115,19,3,2,32,10,154,154,7,0.04375
115,20,4,2,30,13,132,130,8,0.05
115,21,5,2,16,13,113,113,9,0.05625
115,22,6,2,16,19,101,100,9,0.05625
115,23,7,2,7,19,82,82,8,0.05
115,24,0,3,13,13,94,93,5,0.03125
115,25,1,3,11,19,125,120,10,0.0625
115,26,2,3,20,16,143,144,8,0.05
115,27,3,3,30,19,170,166,11,0.06875
115,28,4,3,25,17,126,128,10,0.0625
115,29,5,3,13,21,110,110,6,0.0375
115,30,6,3,5,14,91,87,12,0.075
115,31,7,3,8,22,95,90,8,0.05
115,32,0,4,4,13,80,80,6,0.0375
115,33,1,4,12,9,111,113,6,0.0375
115,34,2,4,18,19,142,143,7,0.04375
115,35,3,4,35,26,165,165,7,0.04375
115,36,4,4,30,19,133,136,6,0.0375
115,37,5,4,24,13,124,128,7,0.04375
115,38,6,4,7,15,92,91,8,0.05
115,39,7,4,2,15,84,84,6,0.0375
115,40,0,5,10,12,77,75,3,0.01875
115,41,1,5,5,15,106,108,5,0.03125
115,42,2,5,13,13,125,125,7,0.04375
115,43,3,5,36,15,149,148,8,0.05
115,44,4,5,22,11,107,110,6,0.0375
115,45,5,5,15,16,116,115,11,0.06875
115,46,6,5,11,12,87,85,9,0.05625
115,47,7,5,7,13,82,81,5,0.03125
115,48,0,6,8,21,65,64,5,0.03125
115,49,1,6,6,22,87,90,8,0.05
115,50,2,6,13,22,104,105,10,0.0625
115,51,3,6,32,16,125,126,11,0.06875
115,52,4,6,36,18,107,109,7,0.04375
115,53,5,6,19,19,112,111,9,0.05625
115,54,6,6,9,12,71,71,8,0.05
115,55,7,6,4,17,63,61,4,0.025
115,56,0,7,17,14,46,45,4,0.025
115,57,1,7,9,19,67,65,8,0.05
115,58,2,7,16,17,78,78,6,0.0375
115,59,3,7,43,12,92,96,6,0.0375
115,60,4,7,17,8,61,63,6,0.0375
115,61,5,7,7,19,59,59,7,0.04375
115,62,6,7,1,11,35,35,8,0.05
115,63,7,7,3,18,33,34,4,0.025
116,0,0,0,8,23,36,38,4,0.025
116,1,1,0,4,18,55,57,8,0.05
116,2,2,0,10,22,85,85,8,0.05
116,3,3,0,37,20,110,110,9,0.05625
116,4,4,0,34,17,105,102,7,0.04375
116,5,5,0,14,13,81,79,8,0.05
116,6,6,0,8,17,60,59,7,0.04375
116,7,7,0,9,16,38,38,4,0.025
116,8,0,1,8,14,56,57,3,0.01875
116,9,1,1,12,17,93,92,8,0.05
116,10,2,1,28,14,128,127,6,0.0375
116,11,3,1,38,36,150,151,8,0.05
116,12,4,1,31,21,125,124,6,0.0375
116,13,5,1,16,21,99,98,8,0.05
116,14,6,1,4,18,76,75,7,0.04375
116,15,7,1,5,11,56,59,4,0.025
116,16,0,2,8,16,68,70,5,0.03125
116,17,1,2,6,18,100,100,8,0.05
116,18,2,2,24,16,138,137,7,0.04375
116,19,3,2,34,14,151,150,8,0.05
116,20,4,2,31,15,136,139,5,0.03125
116,21,5,2,11,13,112,114,6,0.0375
116,22,6,2,5,19,93,94,9,0.05625
116,23,7,2,10,19,80,82,5,0.03125
116,24,0,3,4,14,73,72,6,0.0375
116,25,1,3,6,10,95,96,9,0.05625
116,26,2,3,18,18,129,131,8,0.05
116,27,3,3,22,11,138,141,8,0.05
116,28,4,3,39,16,149,153,6,0.0375
116,29,5,3,23,16,138,137,8,0.05
116,30,6,3,12,13,107,109,10,0.0625
116,31,7,3,14,19,94,96,7,0.04375
116,32,0,4,11,13,84,86,4,0.025
116,33,1,4,7,18,109,110,6,0.0375
116,34,2,4,13,16,133,136,6,0.0375
116,35,3,4,33,12,149,148,8,0.05
116,36,4,4,32,6,139,138,7,0.04375
116,37,5,4,16,16,130,126,10,0.0625
116,38,6,4,7,20,104,108,7,0.04375
116,39,7,4,10,19,92,91,5,0.03125
116,40,0,5,6,18,75,75,4,0.025
116,41,1,5,14,10,96,93,9,0.05625
116,42,2,5,20,12,114,115,6,0.0375
116,43,3,5,43,14,139,140,7,0.04375
116,44,4,5,23,16,133,132,7,0.04375
116,45,5,5,12,20,111,114,9,0.05625
116,46,6,5,8,18,98,99,8,0.05
116,47,7,5,5,21,74,74,5,0.03125
116,48,0,6,5,18,51,53,4,0.025
116,49,1,6,11,21,80,78,9,0.05625
116,50,2,6,19,22,102,104,8,0.05
116,51,3,6,32,16,119,124,6,0.0375
116,52,4,6,25,19,119,116,7,0.04375
116,53,5,6,14,15,87,87,9,0.05625
116,54,6,6,4,17,78,77,9,0.05625
116,55,7,6,9,14,57,56,5,0.03125
116,56,0,7,5,13,28,29,4,0.025
116,57,1,7,9,13,50,53,5,0.03125
116,58,2,7,18,18,80,82,4,0.025
116,59,3,7,38,17,101,100,6,0.0375
116,60,4,7,24,9,89,87,8,0.05
116,61,5,7,12,14,70,71,7,0.04375
116,62,6,7,5,15,56,56,7,0.04375
116,63,7,7,5,18,35,35,4,0.025
117,0,0,0,7,14,34,33,5,0.03125
117,1,1,0,9,9,53,53,7,0.04375
117,2,2,0,21,18,91,91,6,0.0375
117,3,3,0,37,16,112,114,6,0.0375
117,4,4,0,33,16,101,100,8,0.05
117,5,5,0,17,13,77,76,8,0.05
117,6,6,0,5,15,52,50,9,0.05625
117,7,7,0,5,17,30,31,3,0.01875
117,8,0,1,5,17,63,63,4,0.025
117,9,1,1,6,14,73,72,9,0.05625
117,10,2,1,13,13,100,98,8,0.05
117,11,3,1,34,33,138,136,8,0.05
117,12,4,1,36,12,117,119,5,0.03125
117,13,5,1,21,15,108,110,8,0.05
117,14,6,1,10,15,83,82,9,0.05625
117,15,7,1,8,10,47,48,4,0.025
117,16,0,2,2,20,80,81,4,0.025
117,17,1,2,7,17,81,79,10,0.0625
117,18,2,2,12,20,120,117,9,0.05625
117,19,3,2,32,12,139,138,9,0.05625
117,20,4,2,35,11,136,136,6,0.0375
117,21,5,2,28,20,142,140,8,0.05
117,22,6,2,16,21,113,109,11,0.06875
117,23,7,2,8,16,67,67,6,0.0375
117,24,0,3,6,17,93,96,4,0.025
117,25,1,3,10,17,97,95,10,0.0625
117,26,2,3,17,19,142,141,8,0.05
117,27,3,3,37,19,166,163,10,0.0625
117,28,4,3,31,19,154,147,11,0.06875
117,29,5,3,19,15,131,134,7,0.04375
117,30,6,3,10,24,107,110,7,0.04375
117,31,7,3,4,19,75,77,5,0.03125
117,32,0,4,13,16,89,86,6,0.0375
117,33,1,4,8,10,98,97,6,0.0375
117,34,2,4,19,18,141,138,7,0.04375
117,35,3,4,32,10,155,158,6,0.0375
117,36,4,4,32,14,151,150,7,0.04375
117,37,5,4,14,17,127,127,10,0.0625
117,38,6,4,7,17,98,93,11,0.06875
117,39,7,4,5,12,73,75,4,0.025
117,40,0,5,10,12,68,69,4,0.025
117,41,1,5,4,22,95,96,9,0.05625
117,42,2,5,26,19,141,140,8,0.05
117,43,3,5,38,12,146,141,11,0.06875
117,44,4,5,27,18,136,138,5,0.03125
117,45,5,5,16,15,111,110,9,0.05625
117,46,6,5,2,13,87,87,9,0.05625
117,47,7,5,6,22,78,77,6,0.0375
117,48,0,6,6,15,52,51,4,0.025
117,49,1,6,8,15,64,67,8,0.05
117,50,2,6,20,15,110,111,6,0.0375
117,51,3,6,37,10,115,115,7,0.04375
117,52,4,6,26,17,110,110,10,0.0625
117,53,5,6,8,23,95,97,8,0.05
117,54,6,6,10,11,76,76,8,0.05
117,55,7,6,7,11,59,60,4,0.025
117,56,0,7,6,14,30,30,4,0.025
117,57,1,7,2,14,42,37,9,0.05625
117,58,2,7,14,25,76,74,7,0.04375
117,59,3,7,47,24,106,106,6,0.0375
117,60,4,7,24,14,91,92,7,0.04375
117,61,5,7,13,16,73,72,8,0.05
117,62,6,7,8,15,49,50,6,0.0375
117,63,7,7,6,20,40,37,5,0.03125
118,0,0,0,21,29,66,67,4,0.025
118,1,1,0,15,23,98,98,8,0.05
118,2,2,0,27,31,132,135,5,0.03125
118,3,3,0,45,21,151,149,8,0.05
118,4,4,0,34,23,153,156,5,0.03125
118,5,5,0,27,21,130,132,7,0.04375
118,6,6,0,16,20,92,94,8,0.05
118,7,7,0,22,19,62,62,4,0.025
118,8,0,1,22,20,94,92,5,0.03125
118,9,1,1,25,26,140,139,10,0.0625
118,10,2,1,24,25,164,163,9,0.05625
118,11,3,1,32,45,205,208,7,0.04375
118,12,4,1,38,25,201,193,11,0.06875
118,13,5,1,28,25,177,174,11,0.06875
118,14,6,1,20,31,141,140,10,0.0625
118,15,7,1,22,29,99,98,4,0.025
118,16,0,2,20,25,114,114,4,0.025
118,17,1,2,21,20,163,163,9,0.05625
118,18,2,2,22,25,185,187,9,0.05625
118,19,3,2,34,32,221,222,8,0.05
118,20,4,2,38,24,212,205,13,0.08125
118,21,5,2,27,34,210,207,11,0.06875
118,22,6,2,19,24,160,162,10,0.0625
118,23,7,2,24,19,111,110,5,0.03125
118,24,0,3,23,24,124,124,5,0.03125
118,25,1,3,15,20,159,160,12,0.075
118,26,2,3,28,31,209,207,8,0.05
118,27,3,3,34,32,243,248,6,0.0375
118,28,4,3,37,26,230,233,8,0.05
118,29,5,3,27,28,226,225,7,0.04375
118,30,6,3,14,19,180,179,8,0.05
118,31,7,3,27,25,130,129,5,0.03125
118,32,0,4,17,14,125,128,4,0.025
118,33,1,4,23,19,153,152,8,0.05
118,34,2,4,27,25,195,193,9,0.05625
118,35,3,4,38,29,244,245,5,0.03125
118,36,4,4,41,21,233,231,10,0.0625
118,37,5,4,28,27,213,214,8,0.05
118,38,6,4,12,20,170,174,7,0.04375
118,39,7,4,24,13,112,112,3,0.01875
118,40,0,5,16,25,115,114,4,0.025
118,41,1,5,14,21,135,134,8,0.05
118,42,2,5,26,19,181,181,6,0.0375
118,43,3,5,40,20,217,221,7,0.04375
118,44,4,5,36,22,222,220,8,0.05
118,45,5,5,23,29,202,202,9,0.05625
118,46,6,5,17,23,162,159,11,0.06875
118,47,7,5,24,20,98,101,4,0.025
118,48,0,6,21,27,100,101,4,0.025
118,49,1,6,14,24,122,121,8,0.05
118,50,2,6,24,21,157,156,8,0.05
118,51,3,6,34,24,191,189,7,0.04375
118,52,4,6,32,29,199,199,9,0.05625
118,53,5,6,29,28,177,175,9,0.05625
118,54,6,6,24,30,139,138,10,0.0625
118,55,7,6,15,26,74,75,4,0.025
118,56,0,7,19,23,62,61,5,0.03125
118,57,1,7,14,28,87,88,8,0.05
118,58,2,7,14,20,114,111,9,0.05625
118,59,3,7,21,27,139,141,6,0.0375
118,60,4,7,30,38,160,158,7,0.04375
118,61,5,7,35,26,139,143,4,0.025
118,62,6,7,19,26,103,102,7,0.04375
118,63,7,7,23,20,50,53,4,0.025
119,0,0,0,11,16,43,42,4,0.025
119,1,1,0,6,17,64,63,9,0.05625
119,2,2,0,17,14,83,80,9,0.05625
119,3,3,0,43,13,104,108,4,0.025
119,4,4,0,23,14,94,91,8,0.05
119,5,5,0,18,25,95,95,7,0.04375
119,6,6,0,7,10,55,55,8,0.05
119,7,7,0,5,16,36,35,5,0.03125
119,8,0,1,7,18,72,75,2,0.0125
119,9,1,1,4,19,91,94,7,0.04375
119,10,2,1,19,15,99,101,8,0.05
119,11,3,1,28,29,135,135,5,0.03125
119,12,4,1,33,20,115,122,7,0.04375
119,13,5,1,16,11,107,109,7,0.04375
119,14,6,1,9,13,68,70,8,0.05
119,15,7,1,9,13,63,62,5,0.03125
119,16,0,2,9,24,87,85,5,0.03125
119,17,1,2,4,17,94,91,13,0.08125
119,18,2,2,12,16,108,111,5,0.03125
119,19,3,2,35,17,152,152,8,0.05
119,20,4,2,32,15,136,140,8,0.05
119,21,5,2,17,18,129,131,9,0.05625
119,22,6,2,10,23,100,101,9,0.05625
119,23,7,2,7,15,82,82,7,0.04375
119,24,0,3,5,13,81,79,5,0.03125
119,25,1,3,6,11,104,104,10,0.0625
119,26,2,3,25,17,130,135,6,0.0375
119,27,3,3,25,8,147,140,12,0.075
119,28,4,3,39,16,156,158,8,0.05
119,29,5,3,22,19,147,143,9,0.05625
119,30,6,3,10,23,119,119,9,0.05625
119,31,7,3,14,19,94,93,6,0.0375
119,32,0,4,15,18,88,86,5,0.03125
119,33,1,4,13,14,122,121,9,0.05625
119,34,2,4,20,11,141,140,9,0.05625
119,35,3,4,43,17,163,159,8,0.05
119,36,4,4,31,11,148,149,10,0.0625
119,37,5,4,19,20,141,141,10,0.0625
119,38,6,4,11,15,122,121,8,0.05
119,39,7,4,6,14,86,83,7,0.04375
119,40,0,5,8,15,78,77,6,0.0375
119,41,1,5,10,17,114,115,7,0.04375
119,42,2,5,13,25,133,132,7,0.04375
119,43,3,5,35,16,147,150,6,0.0375
119,44,4,5,35,20,139,141,6,0.0375
119,45,5,5,25,16,134,135,9,0.05625
119,46,6,5,12,18,111,113,9,0.05625
119,47,7,5,6,24,66,66,4,0.025
119,48,0,6,7,14,59,58,5,0.03125
119,49,1,6,12,16,90,89,7,0.04375
119,50,2,6,18,14,104,102,8,0.05
119,51,3,6,31,17,127,122,12,0.075
119,52,4,6,29,13,117,118,9,0.05625
119,53,5,6,11,16,103,102,10,0.0625
119,54,6,6,5,22,85,81,13,0.08125
119,55,7,6,7,11,43,43,4,0.025
119,56,0,7,6,14,32,33,4,0.025
119,57,1,7,4,22,58,58,7,0.04375
119,58,2,7,22,16,78,79,8,0.05
119,59,3,7,35,17,103,103,6,0.0375
119,60,4,7,33,21,103,106,5,0.03125
119,61,5,7,24,23,98,94,7,0.04375
119,62,6,7,12,21,70,71,7,0.04375
119,63,7,7,7,15,39,39,4,0.025
120,0,0,0,5,19,37,38,4,0.025
120,1,1,0,8,20,65,65,9,0.05625
120,2,2,0,17,16,81,83,7,0.04375
120,3,3,0,39,21,116,113,8,0.05
120,4,4,0,37,16,107,109,7,0.04375
120,5,5,0,16,17,92,90,8,0.05
120,6,6,0,10,17,62,61,7,0.04375
120,7,7,0,10,21,42,44,3,0.01875
120,8,0,1,14,10,65,65,3,0.01875
120,9,1,1,14,20,98,100,6,0.0375
120,10,2,1,19,13,110,110,8,0.05
120,11,3,1,38,20,147,147,7,0.04375
120,12,4,1,22,16,129,125,9,0.05625
120,13,5,1,17,11,106,101,13,0.08125
120,14,6,1,8,14,82,77,13,0.08125
120,15,7,1,7,19,63,65,3,0.01875
120,16,0,2,3,17,70,68,8,0.05
120,17,1,2,4,15,101,104,9,0.05625
120,18,2,2,14,16,117,115,8,0.05
120,19,3,2,30,17,143,142,9,0.05625
120,20,4,2,38,21,147,151,5,0.03125
120,21,5,2,9,21,119,119,9,0.05625
120,22,6,2,5,16,95,92,12,0.075
120,23,7,2,5,16,79,82,4,0.025
120,24,0,3,8,18,85,83,7,0.04375
120,25,1,3,9,13,123,121,12,0.075
120,26,2,3,19,18,138,135,8,0.05
120,27,3,3,37,14,145,149,9,0.05625
120,28,4,3,29,17,157,153,11,0.06875
120,29,5,3,24,17,144,143,12,0.075
120,30,6,3,10,11,113,112,10,0.0625
120,31,7,3,7,16,93,95,3,0.01875
120,32,0,4,10,13,93,93,5,0.03125
120,33,1,4,11,25,126,126,7,0.04375
120,34,2,4,22,19,134,138,6,0.0375
120,35,3,4,28,16,152,153,6,0.0375
120,36,4,4,28,9,151,149,10,0.0625
120,37,5,4,17,14,136,135,11,0.06875
120,38,6,4,9,15,114,110,11,0.06875
120,39,7,4,8,11,85,87,5,0.03125
120,40,0,5,4,16,81,82,5,0.03125
120,41,1,5,6,14,107,104,9,0.05625
120,42,2,5,10,12,95,98,4,0.025
120,43,3,5,20,12,123,123,6,0.0375
120,44,4,5,41,12,146,144,8,0.05
120,45,5,5,21,18,143,140,11,0.06875
120,46,6,5,4,12,107,105,11,0.06875
120,47,7,5,13,16,81,81,4,0.025
120,48,0,6,7,21,66,66,4,0.025
120,49,1,6,4,15,89,89,9,0.05625
120,50,2,6,9,19,87,88,9,0.05625
120,51,3,6,23,13,104,109,8,0.05
120,52,4,6,30,10,117,114,11,0.06875
120,53,5,6,26,27,119,120,10,0.0625
120,54,6,6,12,18,82,82,13,0.08125
120,55,7,6,8,8,57,56,3,0.01875
120,56,0,7,8,17,40,39,5,0.03125
120,57,1,7,10,17,67,69,7,0.04375
120,58,2,7,20,11,80,82,6,0.0375
120,59,3,7,29,18,103,101,7,0.04375
120,60,4,7,28,21,106,105,7,0.04375
120,61,5,7,17,14,83,83,7,0.04375
120,62,6,7,7,12,55,53,8,0.05
120,63,7,7,8,15,40,39,4,0.025
121,0,0,0,5,14,38,37,5,0.03125
121,1,1,0,5,17,58,59,8,0.05
121,2,2,0,21,12,80,79,8,0.05
121,3,3,0,30,15,104,105,7,0.04375
121,4,4,0,38,15,102,104,4,0.025
121,5,5,0,14,19,82,82,8,0.05
121,6,6,0,9,16,50,52,7,0.04375
121,7,7,0,11,14,38,38,3,0.01875
121,8,0,1,6,18,63,58,8,0.05
121,9,1,1,2,17,73,70,9,0.05625
121,10,2,1,5,19,74,74,8,0.05
121,11,3,1,15,29,111,108,8,0.05
121,12,4,1,17,22,97,98,8,0.05
121,13,5,1,16,19,103,108,7,0.04375
121,14,6,1,12,16,73,71,14,0.0875
121,15,7,1,15,16,62,60,5,0.03125
121,16,0,2,10,15,77,74,9,0.05625
121,17,1,2,12,13,101,104,7,0.04375
121,18,2,2,22,14,119,118,8,0.05
121,19,3,2,42,16,161,161,7,0.04375
121,20,4,2,30,11,132,128,9,0.05625
121,21,5,2,12,12,112,112,8,0.05
121,22,6,2,2,18,86,90,8,0.05
121,23,7,2,8,23,78,78,4,0.025
121,24,0,3,2,16,75,80,4,0.025
121,25,1,3,1,13,94,97,10,0.0625
121,26,2,3,20,8,100,98,10,0.0625
121,27,3,3,15,10,127,128,8,0.05
121,28,4,3,23,13,134,139,6,0.0375
121,29,5,3,38,19,143,148,7,0.04375
121,30,6,3,15,13,129,126,10,0.0625
121,31,7,3,16,13,88,88,4,0.025
121,32,0,4,3,14,82,80,6,0.0375
121,33,1,4,4,15,105,106,6,0.0375
121,34,2,4,10,10,109,108,9,0.05625
121,35,3,4,24,23,139,135,10,0.0625
121,36,4,4,35,14,140,143,7,0.04375
121,37,5,4,22,10,124,126,7,0.04375
121,38,6,4,14,13,126,128,10,0.0625
121,39,7,4,6,17,82,84,4,0.025
121,40,0,5,5,19,79,80,4,0.025
121,41,1,5,5,14,96,100,8,0.05
121,42,2,5,14,13,113,108,9,0.05625
121,43,3,5,25,7,129,124,12,0.075
121,44,4,5,40,15,137,136,8,0.05
121,45,5,5,17,14,110,112,10,0.0625
121,46,6,5,13,18,114,115,11,0.06875
121,47,7,5,11,14,81,78,6,0.0375
121,48,0,6,2,20,54,54,4,0.025
121,49,1,6,3,16,67,69,8,0.05
121,50,2,6,5,14,81,82,6,0.0375
121,51,3,6,18,19,107,106,8,0.05
121,52,4,6,30,14,112,118,4,0.025
121,53,5,6,21,12,102,104,8,0.05
121,54,6,6,7,18,85,92,7,0.04375
121,55,7,6,10,17,68,66,5,0.03125
121,56,0,7,7,11,31,31,4,0.025
121,57,1,7,10,20,62,61,7,0.04375
121,58,2,7,18,21,84,84,6,0.0375
121,59,3,7,37,13,102,103,7,0.04375
121,60,4,7,33,9,96,98,3,0.01875
121,61,5,7,15,16,74,73,7,0.04375
121,62,6,7,5,15,49,48,8,0.05
121,63,7,7,8,13,33,34,4,0.025
122,0,0,0,7,14,35,35,3,0.01875
122,1,1,0,6,19,64,64,8,0.05
122,2,2,0,22,22,96,96,7,0.04375
122,3,3,0,32,9,104,106,5,0.03125
122,4,4,0,34,9,104,101,7,0.04375
122,5,5,0,22,18,88,89,7,0.04375
122,6,6,0,8,16,59,57,9,0.05625
122,7,7,0,9,17,34,33,3,0.01875
122,8,0,1,0,15,44,47,5,0.03125
122,9,1,1,5,14,65,65,8,0.05
122,10,2,1,10,18,96,94,10,0.0625
122,11,3,1,17,34,121,123,7,0.04375
122,12,4,1,36,13,113,117,6,0.0375
122,13,5,1,29,15,122,120,9,0.05625
122,14,6,1,12,16,97,102,10,0.0625
122,15,7,1,15,13,62,62,4,0.025
122,16,0,2,9,15,71,77,5,0.03125
122,17,1,2,8,22,103,101,8,0.05
122,18,2,2,15,17,124,122,10,0.0625
122,19,3,2,31,13,148,150,8,0.05
122,20,4,2,31,15,130,133,5,0.03125
122,21,5,2,16,14,122,125,5,0.03125
122,22,6,2,9,22,115,114,9,0.05625
122,23,7,2,8,22,74,73,4,0.025
122,24,0,3,4,21,83,82,4,0.025
122,25,1,3,7,20,105,105,11,0.06875
122,26,2,3,18,16,116,118,9,0.05625
122,27,3,3,27,21,147,147,8,0.05
122,28,4,3,42,18,142,141,8,0.05
122,29,5,3,16,24,133,134,7,0.04375
122,30,6,3,5,11,104,108,8,0.05
122,31,7,3,6,9,69,69,5,0.03125
122,32,0,4,12,16,83,85,6,0.0375
122,33,1,4,4,8,105,101,11,0.06875
122,34,2,4,23,10,131,130,9,0.05625
122,35,3,4,39,12,149,149,10,0.0625
122,36,4,4,29,16,130,133,6,0.0375
122,37,5,4,10,21,126,125,7,0.04375
122,38,6,4,6,17,106,107,9,0.05625
122,39,7,4,10,7,78,76,5,0.03125
122,40,0,5,6,13,78,75,7,0.04375
122,41,1,5,17,13,107,104,10,0.0625
122,42,2,5,18,8,115,117,9,0.05625
122,43,3,5,33,14,128,131,7,0.04375
122,44,4,5,31,13,128,130,6,0.0375
122,45,5,5,11,19,123,124,8,0.05
122,46,6,5,8,20,101,101,10,0.0625
122,47,7,5,5,19,79,79,7,0.04375
122,48,0,6,3,17,54,55,4,0.025
122,49,1,6,9,17,75,75,8,0.05
122,50,2,6,11,16,85,86,7,0.04375
122,51,3,6,40,14,107,107,9,0.05625
122,52,4,6,28,12,110,111,4,0.025
122,53,5,6,10,15,100,98,9,0.05625
122,54,6,6,9,15,74,72,9,0.05625
122,55,7,6,6,26,59,61,5,0.03125
122,56,0,7,7,17,34,35,4,0.025
122,57,1,7,7,12,58,58,7,0.04375
122,58,2,7,23,16,84,84,7,0.04375
122,59,3,7,36,17,95,91,10,0.0625
122,60,4,7,20,14,84,80,8,0.05
122,61,5,7,4,16,64,66,7,0.04375
122,62,6,7,9,18,52,53,8,0.05
122,63,7,7,7,15,32,32,4,0.025
123,0,0,0,25,25,68,69,4,0.025
123,1,1,0,20,28,104,103,9,0.05625
123,2,2,0,21,25,132,131,8,0.05
123,3,3,0,38,25,155,156,4,0.025
123,4,4,0,29,22,152,151,7,0.04375
123,5,5,0,31,20,140,142,6,0.0375
123,6,6,0,23,32,115,116,7,0.04375
123,7,7,0,22,21,63,62,4,0.025
123,8,0,1,19,30,95,96,4,0.025
123,9,1,1,14,23,128,129,6,0.0375
123,10,2,1,29,23,163,160,13,0.08125
123,11,3,1,33,52,202,197,12,0.075
123,12,4,1,29,23,181,176,9,0.05625
123,13,5,1,18,17,148,147,10,0.0625
123,14,6,1,12,22,125,127,8,0.05
123,15,7,1,17,24,95,97,4,0.025
123,16,0,2,21,21,117,114,6,0.0375
123,17,1,2,20,16,158,160,7,0.04375
123,18,2,2,32,24,189,191,7,0.04375
123,19,3,2,36,22,210,209,7,0.04375
123,20,4,2,23,20,203,201,6,0.0375
123,21,5,2,26,23,185,183,9,0.05625
123,22,6,2,20,18,162,163,9,0.05625
123,23,7,2,21,31,130,129,4,0.025
123,24,0,3,18,26,125,124,4,0.025
123,25,1,3,16,23,172,173,8,0.05
123,26,2,3,24,23,203,201,9,0.05625
123,27,3,3,39,27,224,227,5,0.03125
123,28,4,3,37,35,229,230,6,0.0375
123,29,5,3,22,30,203,201,8,0.05
123,30,6,3,18,26,181,179,10,0.0625
123,31,7,3,24,20,138,137,6,0.0375
123,32,0,4,21,20,128,129,4,0.025
123,33,1,4,18,21,164,169,6,0.0375
123,34,2,4,30,20,211,209,10,0.0625
123,35,3,4,39,20,235,241,5,0.03125
123,36,4,4,38,24,235,228,11,0.06875
123,37,5,4,29,26,203,208,5,0.03125
123,38,6,4,13,26,185,186,8,0.05
123,39,7,4,19,29,144,142,7,0.04375
123,40,0,5,24,22,117,119,5,0.03125
123,41,1,5,18,23,164,165,9,0.05625
123,42,2,5,30,29,203,202,9,0.05625
123,43,3,5,35,20,220,218,9,0.05625
123,44,4,5,35,29,225,227,5,0.03125
123,45,5,5,32,23,191,189,10,0.0625
123,46,6,5,19,30,174,175,8,0.05
123,47,7,5,22,25,126,125,7,0.04375
123,48,0,6,22,18,84,81,5,0.03125
123,49,1,6,21,28,142,143,6,0.0375
123,50,2,6,26,20,164,163,7,0.04375
123,51,3,6,34,19,189,194,4,0.025
123,52,4,6,24,32,189,183,8,0.05
123,53,5,6,22,25,157,158,9,0.05625
123,54,6,6,18,32,149,147,10,0.0625
123,55,7,6,19,26,103,103,5,0.03125
123,56,0,7,16,16,40,41,3,0.01875
123,57,1,7,21,29,88,89,6,0.0375
123,58,2,7,17,29,119,119,6,0.0375
123,59,3,7,26,21,142,147,5,0.03125
123,60,4,7,36,31,156,160,3,0.01875
123,61,5,7,37,25,147,147,6,0.0375
123,62,6,7,27,25,118,123,4,0.025
123,63,7,7,23,22,70,69,4,0.025
124,0,0,0,5,27,43,43,4,0.025
124,1,1,0,8,18,51,51,8,0.05
124,2,2,0,10,17,69,70,8,0.05
124,3,3,0,28,18,98,94,8,0.05
124,4,4,0,37,13,98,100,5,0.03125
124,5,5,0,24,8,82,80,7,0.04375
124,6,6,0,6,22,71,71,6,0.0375
124,7,7,0,10,20,47,47,4,0.025
124,8,0,1,10,13,72,70,4,0.025
124,9,1,1,12,21,94,93,8,0.05
124,10,2,1,26,22,118,124,6,0.0375
124,11,3,1,28,30,133,139,5,0.03125
124,12,4,1,32,16,121,125,6,0.0375
124,13,5,1,16,13,91,95,6,0.0375
124,14,6,1,7,17,84,85,6,0.0375
124,15,7,1,2,22,61,59,3,0.01875
124,16,0,2,13,16,88,91,5,0.03125
124,17,1,2,10,14,108,105,10,0.0625
124,18,2,2,16,17,135,135,8,0.05
124,19,3,2,35,19,154,154,6,0.0375
124,20,4,2,30,15,147,148,7,0.04375
124,21,5,2,16,9,107,111,5,0.03125
124,22,6,2,10,23,108,109,5,0.03125
124,23,7,2,4,11,69,71,4,0.025
124,24,0,3,8,15,87,88,5,0.03125
124,25,1,3,8,17,106,106,8,0.05
124,26,2,3,21,17,140,141,8,0.05
124,27,3,3,32,9,146,147,5,0.03125
124,28,4,3,38,21,160,156,8,0.05
124,29,5,3,17,27,122,125,6,0.0375
124,30,6,3,16,21,117,118,9,0.05625
124,31,7,3,2,18,82,80,7,0.04375
124,32,0,4,12,12,83,84,4,0.025
124,33,1,4,9,8,103,100,8,0.05
124,34,2,4,15,11,127,126,11,0.06875
124,35,3,4,34,12,146,143,7,0.04375
124,36,4,4,30,16,143,149,6,0.0375
124,37,5,4,15,13,115,112,7,0.04375
124,38,6,4,10,16,107,106,8,0.05
124,39,7,4,0,12,82,83,5,0.03125
124,40,0,5,5,16,75,73,5,0.03125
124,41,1,5,10,21,105,105,8,0.05
124,42,2,5,24,11,118,120,8,0.05
124,43,3,5,42,14,138,139,10,0.0625
124,44,4,5,19,13,133,132,5,0.03125
124,45,5,5,10,19,110,112,8,0.05
124,46,6,5,12,18,113,115,8,0.05
124,47,7,5,8,22,86,89,4,0.025
124,48,0,6,8,18,54,56,5,0.03125
124,49,1,6,9,22,85,83,9,0.05625
124,50,2,6,16,15,101,98,10,0.0625
124,51,3,6,40,14,121,117,9,0.05625
124,52,4,6,25,18,123,128,6,0.0375
124,53,5,6,9,9,88,87,8,0.05
124,54,6,6,4,16,83,85,8,0.05
124,55,7,6,8,16,60,62,3,0.01875
124,56,0,7,9,16,31,29,5,0.03125
124,57,1,7,4,15,48,47,8,0.05
124,58,2,7,11,21,68,67,8,0.05
124,59,3,7,23,14,84,80,9,0.05625
124,60,4,7,34,17,110,106,8,0.05
124,61,5,7,25,15,96,94,8,0.05
124,62,6,7,13,17,74,71,7,0.04375
124,63,7,7,11,16,44,45,4,0.025
125,0,0,0,10,10,36,36,4,0.025
125,1,1,0,14,13,66,67,8,0.05
125,2,2,0,18,11,85,86,6,0.0375
125,3,3,0,34,19,110,113,5,0.03125
125,4,4,0,31,15,107,107,7,0.04375
125,5,5,0,19,21,94,94,8,0.05
125,6,6,0,12,13,64,63,8,0.05
125,7,7,0,9,16,37,38,4,0.025
125,8,0,1,12,8,49,50,5,0.03125
125,9,1,1,9,8,74,71,12,0.075
125,10,2,1,16,21,107,104,8,0.05
125,11,3,1,32,27,139,137,7,0.04375
125,12,4,1,40,21,131,125,13,0.08125
125,13,5,1,17,13,100,98,9,0.05625
125,14,6,1,7,18,88,88,7,0.04375
125,15,7,1,7,16,57,57,4,0.025
125,16,0,2,4,15,62,64,3,0.01875
125,17,1,2,11,14,97,95,12,0.075
125,18,2,2,12,23,121,123,5,0.03125
125,19,3,2,28,18,145,146,7,0.04375
125,20,4,2,36,19,143,137,10,0.0625
125,21,5,2,17,13,108,104,7,0.04375
125,22,6,2,7,19,103,99,11,0.06875
125,23,7,2,5,17,78,77,4,0.025
125,24,0,3,5,18,75,74,5,0.03125
125,25,1,3,6,20,110,108,10,0.0625
125,26,2,3,24,13,135,138,6,0.0375
125,27,3,3,29,16,158,157,5,0.03125
125,28,4,3,37,16,161,163,9,0.05625
125,29,5,3,17,12,116,115,7,0.04375
125,30,6,3,5,18,97,98,9,0.05625
125,31,7,3,12,19,93,97,4,0.025
125,32,0,4,8,17,76,76,4,0.025
125,33,1,4,6,20,109,111,8,0.05
125,34,2,4,30,14,142,147,7,0.04375
125,35,3,4,35,18,157,159,6,0.0375
125,36,4,4,36,12,167,161,11,0.06875
125,37,5,4,15,21,125,124,8,0.05
125,38,6,4,6,12,89,88,10,0.0625
125,39,7,4,7,14,83,87,3,0.01875
125,40,0,5,13,20,65,68,4,0.025
125,41,1,5,11,12,94,95,8,0.05
125,42,2,5,16,15,112,114,6,0.0375
125,43,3,5,39,13,136,135,8,0.05
125,44,4,5,25,19,138,139,6,0.0375
125,45,5,5,15,16,100,103,5,0.03125
125,46,6,5,3,10,77,76,8,0.05
125,47,7,5,8,10,73,73,5,0.03125
125,48,0,6,10,9,43,42,4,0.025
125,49,1,6,8,20,73,75,7,0.04375
125,50,2,6,14,22,91,93,7,0.04375
125,51,3,6,34,11,109,109,7,0.04375
125,52,4,6,29,21,116,116,5,0.03125
125,53,5,6,11,10,80,82,8,0.05
125,54,6,6,7,16,69,68,9,0.05625
125,55,7,6,4,17,57,56,4,0.025
125,56,0,7,3,11,18,19,4,0.025
125,57,1,7,6,13,33,33,8,0.05
125,58,2,7,8,11,39,39,7,0.04375
125,59,3,7,21,11,57,57,9,0.05625
125,60,4,7,13,14,54,56,6,0.0375
125,61,5,7,1,13,35,37,6,0.0375
125,62,6,7,4,16,36,35,8,0.05
125,63,7,7,3,20,28,28,4,0.025
126,0,0,0,10,18,40,41,3,0.01875
126,1,1,0,8,10,53,52,9,0.05625
126,2,2,0,18,19,88,88,6,0.0375
126,3,3,0,37,10,105,104,5,0.03125
126,4,4,0,38,17,116,115,7,0.04375
126,5,5,0,27,18,98,96,9,0.05625
126,6,6,0,16,18,72,72,9,0.05625
126,7,7,0,7,22,43,42,5,0.03125
126,8,0,1,6,18,56,58,3,0.01875
126,9,1,1,8,22,79,83,7,0.04375
126,10,2,1,19,18,114,118,6,0.0375
126,11,3,1,38,42,154,152,8,0.05
126,12,4,1,23,23,136,143,5,0.03125
126,13,5,1,15,21,107,105,9,0.05625
126,14,6,1,7,23,92,87,12,0.075
126,15,7,1,10,14,57,60,3,0.01875
126,16,0,2,9,17,80,78,5,0.03125
126,17,1,2,10,20,108,110,8,0.05
126,18,2,2,27,15,129,127,9,0.05625
126,19,3,2,33,10,153,150,10,0.0625
126,20,4,2,35,10,155,160,6,0.0375
126,21,5,2,12,20,122,123,7,0.04375
126,22,6,2,5,16,101,105,8,0.05
126,23,7,2,13,13,68,67,6,0.0375
126,24,0,3,8,14,80,80,4,0.025
126,25,1,3,7,17,108,108,9,0.05625
126,26,2,3,16,22,132,128,9,0.05625
126,27,3,3,28,18,154,150,9,0.05625
126,28,4,3,41,16,165,161,10,0.0625
126,29,5,3,13,13,126,125,8,0.05
126,30,6,3,11,18,111,110,8,0.05
126,31,7,3,7,10,69,68,4,0.025
126,32,0,4,4,17,80,79,5,0.03125
126,33,1,4,9,9,90,89,7,0.04375
126,34,2,4,11,9,110,110,7,0.04375
126,35,3,4,20,12,135,131,10,0.0625
126,36,4,4,36,12,158,164,6,0.0375
126,37,5,4,31,27,143,142,9,0.05625
126,38,6,4,14,13,113,116,8,0.05
126,39,7,4,10,19,79,75,6,0.0375
126,40,0,5,12,13,80,81,3,0.01875
126,41,1,5,12,13,90,92,7,0.04375
126,42,2,5,20,11,121,118,8,0.05
126,43,3,5,37,8,131,133,7,0.04375
126,44,4,5,19,21,138,134,8,0.05
126,45,5,5,10,13,94,90,9,0.05625
126,46,6,5,7,15,92,91,9,0.05625
126,47,7,5,7,15,66,66,5,0.03125
126,48,0,6,8,14,60,62,4,0.025
126,49,1,6,10,16,73,71,8,0.05
126,50,2,6,17,19,97,97,9,0.05625
126,51,3,6,39,17,111,107,13,0.08125
126,52,4,6,18,12,106,104,7,0.04375
126,53,5,6,12,14,80,79,8,0.05
126,54,6,6,7,24,78,78,8,0.05
126,55,7,6,2,17,51,48,5,0.03125
126,56,0,7,2,15,33,33,4,0.025
126,57,1,7,6,17,47,46,8,0.05
126,58,2,7,28,14,71,72,7,0.04375
126,59,3,7,25,10,79,79,9,0.05625
126,60,4,7,26,20,91,90,8,0.05
126,61,5,7,17,6,59,57,8,0.05
126,62,6,7,1,16,42,42,8,0.05
126,63,7,7,2,7,24,23,4,0.025
127,0,0,0,8,16,36,35,4,0.025
127,1,1,0,12,13,58,59,8,0.05
127,2,2,0,16,15,80,79,8,0.05
127,3,3,0,30,15,106,103,7,0.04375
127,4,4,0,37,13,95,98,4,0.025
127,5,5,0,19,13,78,80,8,0.05
127,6,6,0,10,16,73,74,8,0.05
127,7,7,0,11,20,49,49,4,0.025
127,8,0,1,7,12,57,55,5,0.03125
127,9,1,1,9,18,74,74,7,0.04375
127,10,2,1,14,13,96,92,10,0.0625
127,11,3,1,32,29,139,142,5,0.03125
127,12,4,1,24,15,111,107,9,0.05625
127,13,5,1,16,15,85,89,7,0.04375
127,14,6,1,6,14,84,84,12,0.075
127,15,7,1,6,19,68,67,4,0.025
127,16,0,2,11,10,64,65,4,0.025
127,17,1,2,5,7,73,73,9,0.05625
127,18,2,2,12,14,107,107,9,0.05625
127,19,3,2,23,21,147,150,6,0.0375
127,20,4,2,37,20,144,143,8,0.05
127,21,5,2,19,18,109,111,6,0.0375
127,22,6,2,15,16,110,108,10,0.0625
127,23,7,2,4,17,83,84,3,0.01875
127,24,0,3,7,13,79,79,4,0.025
127,25,1,3,14,14,100,102,9,0.05625
127,26,2,3,23,18,135,134,9,0.05625
127,27,3,3,40,17,161,162,7,0.04375
127,28,4,3,29,17,152,155,9,0.05625
127,29,5,3,16,12,103,107,3,0.01875
127,30,6,3,6,18,105,104,9,0.05625
127,31,7,3,9,17,87,87,4,0.025
127,32,0,4,7,10,83,83,4,0.025
127,33,1,4,8,14,101,101,8,0.05
127,34,2,4,16,15,134,134,6,0.0375
127,35,3,4,38,23,163,165,8,0.05
127,36,4,4,35,14,165,163,7,0.04375
127,37,5,4,25,18,128,129,9,0.05625
127,38,6,4,6,20,116,116,7,0.04375
127,39,7,4,14,10,91,91,5,0.03125
127,40,0,5,10,17,81,79,4,0.025
127,41,1,5,5,12,100,96,11,0.06875
127,42,2,5,25,19,129,130,6,0.0375
127,43,3,5,36,16,151,149,9,0.05625
127,44,4,5,34,17,147,146,9,0.05625
127,45,5,5,9,11,95,97,7,0.04375
127,46,6,5,8,15,94,97,6,0.0375
127,47,7,5,3,10,72,70,6,0.0375
127,48,0,6,10,17,52,53,3,0.01875
127,49,1,6,3,13,74,74,8,0.05
127,50,2,6,13,19,97,97,8,0.05
127,51,3,6,32,20,115,117,10,0.0625
127,52,4,6,35,16,116,115,9,0.05625
127,53,5,6,19,15,83,85,7,0.04375
127,54,6,6,1,20,80,80,9,0.05625
127,55,7,6,9,22,58,59,5,0.03125
127,56,0,7,9,17,33,33,4,0.025
127,57,1,7,2,20,51,51,7,0.04375
127,58,2,7,18,17,73,74,6,0.0375
127,59,3,7,27,19,83,86,7,0.04375
127,60,4,7,20,15,72,71,7,0.04375
127,61,5,7,6,11,45,46,8,0.05
127,62,6,7,3,15,42,42,8,0.05
127,63,7,7,4,14,25,26,4,0.025
128,0,0,0,18,34,67,67,3,0.01875
128,1,1,0,20,25,97,96,9,0.05625
128,2,2,0,28,14,112,112,7,0.04375
128,3,3,0,39,31,163,165,6,0.0375
128,4,4,0,41,23,167,166,5,0.03125
128,5,5,0,28,29,141,143,5,0.03125
128,6,6,0,20,21,100,100,8,0.05
128,7,7,0,19,15,51,50,5,0.03125
128,8,0,1,22,24,102,101,5,0.03125
128,9,1,1,15,23,133,128,13,0.08125
128,10,2,1,22,21,156,157,8,0.05
128,11,3,1,39,51,236,236,8,0.05
128,12,4,1,36,25,195,194,8,0.05
128,13,5,1,25,24,162,160,9,0.05625
128,14,6,1,17,30,136,139,8,0.05
128,15,7,1,20,23,83,83,4,0.025
128,16,0,2,27,26,133,131,6,0.0375
128,17,1,2,17,34,169,169,10,0.0625
128,18,2,2,33,23,190,190,8,0.05
128,19,3,2,40,33,259,259,7,0.04375
128,20,4,2,27,26,202,203,9,0.05625
128,21,5,2,23,22,170,168,6,0.0375
128,22,6,2,17,28,150,150,9,0.05625
128,23,7,2,15,21,97,98,4,0.025
128,24,0,3,28,22,130,132,4,0.025
128,25,1,3,14,28,174,175,8,0.05
128,26,2,3,23,21,190,196,5,0.03125
128,27,3,3,32,35,267,265,9,0.05625
128,28,4,3,39,22,227,225,10,0.0625
128,29,5,3,21,28,197,190,9,0.05625
128,30,6,3,20,24,166,169,8,0.05
128,31,7,3,24,19,119,116,7,0.04375
128,32,0,4,28,17,127,129,2,0.0125
128,33,1,4,21,27,193,193,8,0.05
128,34,2,4,36,31,224,220,11,0.06875
128,35,3,4,40,27,267,268,6,0.0375
128,36,4,4,33,31,226,228,5,0.03125
128,37,5,4,15,18,175,174,10,0.0625
128,38,6,4,15,20,161,158,9,0.05625
128,39,7,4,27,23,127,130,3,0.01875
128,40,0,5,19,21,105,105,5,0.03125
128,41,1,5,16,24,151,150,10,0.0625
128,42,2,5,31,28,196,197,7,0.04375
128,43,3,5,36,25,253,250,12,0.075
128,44,4,5,33,22,208,211,6,0.0375
128,45,5,5,14,21,163,159,12,0.075
128,46,6,5,16,24,150,148,9,0.05625
128,47,7,5,16,30,111,114,4,0.025
128,48,0,6,22,24,98,96,5,0.03125
128,49,1,6,12,25,127,128,7,0.04375
128,50,2,6,28,31,175,173,9,0.05625
128,51,3,6,36,33,228,228,10,0.0625
128,52,4,6,36,28,191,190,9,0.05625
128,53,5,6,30,23,163,159,10,0.0625
128,54,6,6,20,21,143,143,9,0.05625
128,55,7,6,24,22,96,99,3,0.01875
128,56,0,7,24,26,75,75,4,0.025
128,57,1,7,23,24,105,107,6,0.0375
128,58,2,7,24,23,132,130,8,0.05
128,59,3,7,42,33,172,171,6,0.0375
128,60,4,7,38,20,155,156,7,0.04375
128,61,5,7,26,22,133,133,7,0.04375
128,62,6,7,24,27,108,108,8,0.05
128,63,7,7,22,24,64,62,5,0.03125
129,0,0,0,9,11,41,40,4,0.025
129,1,1,0,8,11,58,58,8,0.05
129,2,2,0,29,12,91,89,7,0.04375
129,3,3,0,29,12,94,94,5,0.03125
129,4,4,0,34,12,91,87,10,0.0625
129,5,5,0,12,25,86,85,6,0.0375
129,6,6,0,6,20,65,64,8,0.05
129,7,7,0,8,11,31,33,4,0.025
129,8,0,1,12,16,66,67,4,0.025
129,9,1,1,10,4,73,75,9,0.05625
129,10,2,1,26,18,105,104,9,0.05625
129,11,3,1,26,29,121,120,7,0.04375
129,12,4,1,19,14,94,97,7,0.04375
129,13,5,1,6,12,97,99,6,0.0375
129,14,6,1,5,20,88,88,7,0.04375
129,15,7,1,10,17,60,58,6,0.0375
129,16,0,2,7,17,81,81,4,0.025
129,17,1,2,10,19,100,101,8,0.05
129,18,2,2,22,13,128,127,8,0.05
129,19,3,2,36,17,151,150,9,0.05625
129,20,4,2,25,11,120,119,8,0.05
129,21,5,2,15,14,124,123,7,0.04375
129,22,6,2,2,12,103,103,8,0.05
129,23,7,2,10,10,73,71,6,0.0375
129,24,0,3,7,18,94,92,6,0.0375
129,25,1,3,12,24,121,122,8,0.05
129,26,2,3,27,16,151,147,9,0.05625
129,27,3,3,35,22,164,166,6,0.0375
129,28,4,3,20,15,118,123,7,0.04375
129,29,5,3,13,18,124,128,7,0.04375
129,30,6,3,7,18,113,110,9,0.05625
129,31,7,3,5,8,72,74,6,0.0375
129,32,0,4,7,17,83,81,4,0.025
129,33,1,4,8,18,108,104,10,0.0625
129,34,2,4,26,15,140,144,6,0.0375
129,35,3,4,34,21,163,162,7,0.04375
129,36,4,4,31,16,143,140,9,0.05625
129,37,5,4,16,18,129,130,8,0.05
129,38,6,4,8,17,109,111,7,0.04375
129,39,7,4,3,20,82,79,6,0.0375
129,40,0,5,11,14,80,80,5,0.03125
129,41,1,5,9,14,99,102,8,0.05
129,42,2,5,20,10,126,124,7,0.04375
129,43,3,5,43,22,154,159,8,0.05
129,44,4,5,35,15,135,134,8,0.05
129,45,5,5,19,18,117,119,8,0.05
129,46,6,5,3,26,112,112,9,0.05625
129,47,7,5,11,12,81,80,5,0.03125
129,48,0,6,8,16,69,68,5,0.03125
129,49,1,6,11,15,90,89,9,0.05625
129,50,2,6,12,23,104,105,9,0.05625
129,51,3,6,34,14,117,119,9,0.05625
129,52,4,6,25,15,109,110,6,0.0375
129,53,5,6,24,13,103,108,6,0.0375
129,54,6,6,15,13,98,100,7,0.04375
129,55,7,6,5,26,69,67,4,0.025
129,56,0,7,4,17,40,39,5,0.03125
129,57,1,7,9,24,68,67,8,0.05
129,58,2,7,19,19,81,83,6,0.0375
129,59,3,7,32,14,106,105,8,0.05
129,60,4,7,32,14,99,102,4,0.025
129,61,5,7,16,19,84,82,7,0.04375
129,62,6,7,11,25,72,71,9,0.05625
129,63,7,7,8,12,35,37,4,0.025
130,0,0,0,9,13,34,34,5,0.03125
130,1,1,0,12,11,64,66,7,0.04375
130,2,2,0,18,15,90,92,8,0.05
130,3,3,0,37,18,108,109,6,0.0375
130,4,4,0,27,14,100,100,8,0.05
130,5,5,0,27,17,92,89,7,0.04375
130,6,6,0,10,18,60,59,8,0.05
130,7,7,0,8,19,41,40,4,0.025
130,8,0,1,8,21,63,63,5,0.03125
130,9,1,1,12,15,89,88,10,0.0625
130,10,2,1,29,21,123,124,8,0.05
130,11,3,1,30,24,133,134,6,0.0375
130,12,4,1,24,24,120,122,5,0.03125
130,13,5,1,16,17,103,101,8,0.05
130,14,6,1,9,14,78,79,7,0.04375
130,15,7,1,4,16,56,58,3,0.01875
130,16,0,2,9,15,79,79,6,0.0375
130,17,1,2,4,17,103,101,9,0.05625
130,18,2,2,14,16,122,124,5,0.03125
130,19,3,2,38,11,142,144,6,0.0375
130,20,4,2,35,19,143,143,8,0.05
130,21,5,2,19,9,116,113,11,0.06875
130,22,6,2,11,18,107,109,8,0.05
130,23,7,2,7,8,71,71,6,0.0375
130,24,0,3,12,14,80,81,4,0.025
130,25,1,3,4,21,108,108,8,0.05
130,26,2,3,20,19,140,143,5,0.03125
130,27,3,3,39,18,156,158,6,0.0375
130,28,4,3,20,24,149,149,6,0.0375
130,29,5,3,6,23,116,115,7,0.04375
130,30,6,3,9,14,101,103,8,0.05
130,31,7,3,4,16,81,78,8,0.05
130,32,0,4,6,11,76,74,6,0.0375
130,33,1,4,10,20,113,117,8,0.05
130,34,2,4,15,13,136,133,11,0.06875
130,35,3,4,26,12,150,153,5,0.03125
130,36,4,4,37,14,159,159,8,0.05
130,37,5,4,18,14,131,131,8,0.05
130,38,6,4,9,16,108,108,9,0.05625
130,39,7,4,11,13,80,81,6,0.0375
130,40,0,5,7,13,70,70,5,0.03125
130,41,1,5,8,17,101,99,10,0.0625
130,42,2,5,26,16,127,126,9,0.05625
130,43,3,5,41,21,147,147,7,0.04375
130,44,4,5,24,17,138,137,9,0.05625
130,45,5,5,23,15,122,121,8,0.05
130,46,6,5,8,19,98,97,10,0.0625
130,47,7,5,1,12,67,63,9,0.05625
130,48,0,6,7,14,57,59,4,0.025
130,49,1,6,6,13,73,71,11,0.06875
130,50,2,6,18,15,92,95,7,0.04375
130,51,3,6,30,15,117,117,7,0.04375
130,52,4,6,25,16,107,111,3,0.01875
130,53,5,6,10,19,92,89,8,0.05
130,54,6,6,3,16,72,71,8,0.05
130,55,7,6,7,13,52,50,6,0.0375
130,56,0,7,5,27,40,41,4,0.025
130,57,1,7,4,15,50,48,10,0.0625
130,58,2,7,17,25,81,80,6,0.0375
130,59,3,7,40,16,98,99,7,0.04375
130,60,4,7,29,12,93,90,6,0.0375
130,61,5,7,13,12,71,73,7,0.04375
130,62,6,7,7,14,49,51,7,0.04375
130,63,7,7,8,15,33,32,4,0.025
131,0,0,0,8,20,39,40,4,0.025
131,1,1,0,5,8,54,52,9,0.05625
131,2,2,0,13,12,71,71,7,0.04375
131,3,3,0,24,15,97,95,6,0.0375
131,4,4,0,41,17,108,109,9,0.05625
131,5,5,0,22,15,84,85,7,0.04375
131,6,6,0,8,13,56,58,6,0.0375
131,7,7,0,12,16,40,40,5,0.03125
131,8,0,1,7,9,61,62,4,0.025
131,9,1,1,11,14,81,83,9,0.05625
131,10,2,1,4,16,82,82,7,0.04375
131,11,3,1,27,28,130,127,8,0.05
131,12,4,1,27,15,125,119,12,0.075
131,13,5,1,21,18,112,110,11,0.06875
131,14,6,1,15,18,83,84,6,0.0375
131,15,7,1,9,19,71,70,5,0.03125
131,16,0,2,6,19,86,83,9,0.05625
131,17,1,2,7,26,114,115,10,0.0625
131,18,2,2,7,11,104,103,9,0.05625
131,19,3,2,27,15,141,145,3,0.01875
131,20,4,2,43,12,147,147,8,0.05
131,21,5,2,17,15,134,139,7,0.04375
131,22,6,2,4,11,94,92,7,0.04375
131,23,7,2,10,19,93,92,7,0.04375
131,24,0,3,9,16,94,92,6,0.0375
131,25,1,3,11,18,121,119,8,0.05
131,26,2,3,18,14,126,124,8,0.05
131,27,3,3,30,10,152,149,8,0.05
131,28,4,3,44,16,156,155,6,0.0375
131,29,5,3,19,14,140,138,7,0.04375
131,30,6,3,4,11,100,98,8,0.05
131,31,7,3,7,15,93,96,4,0.025
131,32,0,4,10,7,91,91,6,0.0375
131,33,1,4,15,15,118,114,11,0.06875
131,34,2,4,21,14,132,134,7,0.04375
131,35,3,4,41,16,164,161,8,0.05
131,36,4,4,27,17,147,149,7,0.04375
131,37,5,4,8,22,129,129,8,0.05
131,38,6,4,5,17,97,95,10,0.0625
131,39,7,4,8,19,100,98,6,0.0375
131,40,0,5,8,16,83,81,6,0.0375
131,41,1,5,10,20,104,104,11,0.06875
131,42,2,5,13,18,109,112,7,0.04375
131,43,3,5,22,14,137,135,10,0.0625
131,44,4,5,37,20,145,147,7,0.04375
131,45,5,5,21,16,133,133,10,0.0625
131,46,6,5,7,15,95,97,8,0.05
131,47,7,5,10,19,89,91,7,0.04375
131,48,0,6,10,19,71,67,7,0.04375
131,49,1,6,13,15,88,90,8,0.05
131,50,2,6,18,12,104,102,8,0.05
131,51,3,6,36,22,140,137,11,0.06875
131,52,4,6,34,10,128,125,6,0.0375
131,53,5,6,20,19,109,108,7,0.04375
131,54,6,6,5,16,82,82,8,0.05
131,55,7,6,4,9,65,61,9,0.05625
131,56,0,7,8,17,40,39,5,0.03125
131,57,1,7,6,18,58,61,7,0.04375
131,58,2,7,18,16,82,82,6,0.0375
131,59,3,7,42,19,108,111,4,0.025
131,60,4,7,22,23,98,100,5,0.03125
131,61,5,7,22,12,77,76,8,0.05
131,62,6,7,10,16,63,61,9,0.05625
131,63,7,7,7,19,43,44,4,0.025
132,0,0,0,4,16,28,28,4,0.025
132,1,1,0,5,17,42,43,8,0.05
132,2,2,0,12,22,75,76,6,0.0375
132,3,3,0,23,16,88,89,6,0.0375
132,4,4,0,33,24,111,113,6,0.0375
132,5,5,0,31,19,104,108,5,0.03125
132,6,6,0,11,14,69,68,7,0.04375
132,7,7,0,13,24,52,52,4,0.025
132,8,0,1,9,16,57,56,4,0.025
132,9,1,1,6,12,71,72,9,0.05625
132,10,2,1,15,11,102,103,7,0.04375
132,11,3,1,31,33,137,138,8,0.05
132,12,4,1,31,10,120,123,7,0.04375
132,13,5,1,24,17,106,106,12,0.075
132,14,6,1,8,17,77,70,13,0.08125
132,15,7,1,4,15,60,59,6,0.0375
132,16,0,2,7,16,71,75,4,0.025
132,17,1,2,6,21,101,99,11,0.06875
132,18,2,2,19,21,123,123,7,0.04375
132,19,3,2,28,13,146,140,9,0.05625
132,20,4,2,26,12,139,140,8,0.05
132,21,5,2,17,11,129,123,10,0.0625
132,22,6,2,12,12,97,95,10,0.0625
132,23,7,2,2,16,77,78,6,0.0375
132,24,0,3,12,11,78,79,4,0.025
132,25,1,3,14,13,110,109,11,0.06875
132,26,2,3,23,15,128,130,7,0.04375
132,27,3,3,39,12,157,155,12,0.075
132,28,4,3,26,20,155,152,11,0.06875
132,29,5,3,22,20,139,140,8,0.05
132,30,6,3,11,13,107,110,7,0.04375
132,31,7,3,9,13,90,90,5,0.03125
132,32,0,4,17,22,88,89,4,0.025
132,33,1,4,14,22,120,123,8,0.05
132,34,2,4,23,16,131,134,6,0.0375
132,35,3,4,41,11,154,154,8,0.05
132,36,4,4,33,18,156,155,7,0.04375
132,37,5,4,15,13,130,129,10,0.0625
132,38,6,4,6,12,103,105,6,0.0375
132,39,7,4,7,12,80,82,6,0.0375
132,40,0,5,9,14,65,67,4,0.025
132,41,1,5,14,20,109,110,8,0.05
132,42,2,5,19,16,122,120,9,0.05625
132,43,3,5,41,28,153,152,9,0.05625
132,44,4,5,31,18,141,139,10,0.0625
132,45,5,5,12,18,120,122,9,0.05625
132,46,6,5,9,14,106,103,10,0.0625
132,47,7,5,8,26,82,84,5,0.03125
132,48,0,6,3,12,45,48,4,0.025
132,49,1,6,4,22,75,74,8,0.05
132,50,2,6,17,11,80,81,7,0.04375
132,51,3,6,41,13,111,112,11,0.06875
132,52,4,6,23,25,115,116,6,0.0375
132,53,5,6,6,12,83,87,4,0.025
132,54,6,6,4,26,77,77,8,0.05
132,55,7,6,4,15,49,57,3,0.01875
132,56,0,7,5,17,31,32,4,0.025
132,57,1,7,2,14,41,39,9,0.05625
132,58,2,7,10,13,56,55,8,0.05
132,59,3,7,30,10,78,72,11,0.06875
132,60,4,7,31,11,81,79,7,0.04375
132,61,5,7,10,16,61,62,8,0.05
132,62,6,7,6,10,43,44,7,0.04375
132,63,7,7,5,15,33,33,4,0.025
133,0,0,0,23,15,58,56,6,0.0375
133,1,1,0,18,23,95,96,7,0.04375
133,2,2,0,38,31,143,142,7,0.04375
133,3,3,0,34,26,151,151,5,0.03125
133,4,4,0,33,22,151,153,5,0.03125
133,5,5,0,40,22,148,143,9,0.05625
133,6,6,0,23,26,115,117,7,0.04375
133,7,7,0,19,26,72,72,4,0.025
133,8,0,1,23,27,95,92,8,0.05
133,9,1,1,18,28,134,133,9,0.05625
133,10,2,1,22,25,165,163,9,0.05625
133,11,3,1,43,52,214,217,5,0.03125
133,12,4,1,32,23,183,184,6,0.0375
133,13,5,1,25,24,167,168,9,0.05625
133,14,6,1,15,19,133,139,8,0.05
133,15,7,1,25,30,114,113,6,0.0375
133,16,0,2,17,22,111,111,5,0.03125
133,17,1,2,17,32,167,171,7,0.04375
133,18,2,2,30,25,191,191,7,0.04375
133,19,3,2,34,30,239,237,9,0.05625
133,20,4,2,37,24,211,211,7,0.04375
133,21,5,2,26,24,190,195,7,0.04375
133,22,6,2,23,24,160,161,10,0.0625
133,23,7,2,24,25,137,136,6,0.0375
133,24,0,3,21,28,138,140,4,0.025
133,25,1,3,21,24,188,189,8,0.05
133,26,2,3,28,21,202,201,6,0.0375
133,27,3,3,29,28,240,244,7,0.04375
133,28,4,3,32,20,230,233,5,0.03125
133,29,5,3,31,19,208,208,8,0.05
133,30,6,3,21,22,176,174,9,0.05625
133,31,7,3,19,22,145,145,6,0.0375
133,32,0,4,19,23,140,139,6,0.0375
133,33,1,4,20,28,175,177,7,0.04375
133,34,2,4,19,26,197,193,9,0.05625
133,35,3,4,35,18,250,252,7,0.04375
133,36,4,4,36,25,234,237,5,0.03125
133,37,5,4,28,40,221,221,7,0.04375
133,38,6,4,21,21,179,177,10,0.0625
133,39,7,4,22,27,148,148,4,0.025
133,40,0,5,20,28,131,130,6,0.0375
133,41,1,5,15,24,162,164,7,0.04375
133,42,2,5,28,32,208,207,6,0.0375
133,43,3,5,44,26,249,250,10,0.0625
133,44,4,5,35,23,214,212,9,0.05625
133,45,5,5,17,23,187,187,8,0.05
133,46,6,5,17,26,158,158,10,0.0625
133,47,7,5,21,27,128,126,6,0.0375
133,48,0,6,18,29,102,101,5,0.03125
133,49,1,6,19,26,131,134,6,0.0375
133,50,2,6,24,27,170,171,6,0.0375
133,51,3,6,30,30,199,203,6,0.0375
133,52,4,6,37,31,189,187,9,0.05625
133,53,5,6,30,35,181,177,10,0.0625
133,54,6,6,26,33,151,150,9,0.05625
133,55,7,6,24,21,106,104,5,0.03125
133,56,0,7,18,25,64,64,4,0.025
133,57,1,7,20,22,96,97,8,0.05
133,58,2,7,19,21,125,126,6,0.0375
133,59,3,7,37,27,155,159,6,0.0375
133,60,4,7,40,30,157,156,7,0.04375
133,61,5,7,25,26,130,131,7,0.04375
133,62,6,7,21,25,99,99,7,0.04375
133,63,7,7,20,28,61,61,4,0.025
134,0,0,0,10,16,39,40,4,0.025
134,1,1,0,9,11,58,55,10,0.0625
134,2,2,0,16,13,81,79,9,0.05625
134,3,3,0,33,13,102,102,6,0.0375
134,4,4,0,39,18,110,107,6,0.0375
134,5,5,0,20,12,84,87,6,0.0375
134,6,6,0,3,15,62,60,9,0.05625
134,7,7,0,11,13,40,40,5,0.03125
134,8,0,1,13,15,70,70,7,0.04375
134,9,1,1,9,16,83,83,10,0.0625
134,10,2,1,21,16,107,109,7,0.04375
134,11,3,1,32,35,141,137,9,0.05625
134,12,4,1,30,17,123,124,6,0.0375
134,13,5,1,15,15,104,107,7,0.04375
134,14,6,1,16,20,88,88,8,0.05
134,15,7,1,8,18,68,70,4,0.025
134,16,0,2,7,16,91,86,9,0.05625
134,17,1,2,10,24,109,104,11,0.06875
134,18,2,2,20,16,126,125,8,0.05
134,19,3,2,24,10,147,146,10,0.0625
134,20,4,2,36,15,138,137,8,0.05
134,21,5,2,18,17,117,116,8,0.05
134,22,6,2,4,26,90,92,8,0.05
134,23,7,2,8,18,85,86,5,0.03125
134,24,0,3,9,19,103,98,7,0.04375
134,25,1,3,9,17,120,121,9,0.05625
134,26,2,3,16,14,131,130,7,0.04375
134,27,3,3,39,12,162,158,9,0.05625
134,28,4,3,34,12,145,141,11,0.06875
134,29,5,3,20,19,125,124,9,0.05625
134,30,6,3,3,14,86,88,7,0.04375
134,31,7,3,5,22,85,85,5,0.03125
134,32,0,4,12,20,102,105,3,0.01875
134,33,1,4,9,15,128,123,11,0.06875
134,34,2,4,16,16,122,123,9,0.05625
134,35,3,4,31,16,155,148,11,0.06875
134,36,4,4,37,20,167,161,10,0.0625
134,37,5,4,20,18,139,138,10,0.0625
134,38,6,4,9,15,109,112,8,0.05
134,39,7,4,12,9,85,87,3,0.01875
134,40,0,5,9,16,86,83,7,0.04375
134,41,1,5,9,18,118,115,10,0.0625
134,42,2,5,18,11,110,111,7,0.04375
134,43,3,5,34,16,143,144,9,0.05625
134,44,4,5,31,17,143,145,8,0.05
134,45,5,5,17,18,128,124,10,0.0625
134,46,6,5,7,16,89,90,10,0.0625
134,47,7,5,1,24,72,75,4,0.025
134,48,0,6,13,14,66,68,4,0.025
134,49,1,6,11,18,98,94,10,0.0625
134,50,2,6,23,15,106,106,6,0.0375
134,51,3,6,29,13,125,125,6,0.0375
134,52,4,6,18,13,110,112,5,0.03125
134,53,5,6,11,15,101,102,8,0.05
134,54,6,6,5,15,75,76,9,0.05625
134,55,7,6,8,16,54,54,4,0.025
134,56,0,7,9,16,41,41,4,0.025
134,57,1,7,12,17,68,66,10,0.0625
134,58,2,7,24,14,85,83,7,0.04375
134,59,3,7,37,20,112,112,7,0.04375
134,60,4,7,32,12,101,102,6,0.0375
134,61,5,7,22,22,94,92,8,0.05
134,62,6,7,6,14,56,58,6,0.0375
134,63,7,7,11,13,36,35,4,0.025
135,0,0,0,6,16,38,38,5,0.03125
135,1,1,0,9,15,55,55,8,0.05
135,2,2,0,17,20,84,85,6,0.0375
135,3,3,0,33,14,107,107,5,0.03125
135,4,4,0,29,16,103,107,4,0.025
135,5,5,0,21,10,86,86,5,0.03125
135,6,6,0,13,27,79,81,6,0.0375
135,7,7,0,12,19,48,48,4,0.025
135,8,0,1,9,16,66,69,3,0.01875
135,9,1,1,12,15,90,95,5,0.03125
135,10,2,1,28,19,124,122,8,0.05
135,11,3,1,37,31,139,141,9,0.05625
135,12,4,1,18,18,112,110,7,0.04375
135,13,5,1,11,18,83,86,4,0.025
135,14,6,1,2,12,75,74,6,0.0375
135,15,7,1,4,18,67,67,4,0.025
135,16,0,2,8,20,90,90,8,0.05
135,17,1,2,6,21,115,118,9,0.05625
135,18,2,2,17,20,128,130,7,0.04375
135,19,3,2,35,14,145,148,7,0.04375
135,20,4,2,29,14,147,146,10,0.0625
135,21,5,2,13,13,113,113,8,0.05
135,22,6,2,9,14,95,95,9,0.05625
135,23,7,2,13,14,87,89,4,0.025
135,24,0,3,8,14,87,90,6,0.0375
135,25,1,3,7,23,119,118,10,0.0625
135,26,2,3,22,16,141,138,8,0.05
135,27,3,3,35,15,154,154,10,0.0625
135,28,4,3,34,20,154,155,9,0.05625
135,29,5,3,18,16,123,120,12,0.075
135,30,6,3,11,14,106,106,8,0.05
135,31,7,3,5,17,87,87,4,0.025
135,32,0,4,10,15,89,88,5,0.03125
135,33,1,4,9,18,113,117,8,0.05
135,34,2,4,17,14,132,131,9,0.05625
135,35,3,4,26,16,148,152,9,0.05625
135,36,4,4,27,9,141,147,6,0.0375
135,37,5,4,15,14,107,111,7,0.04375
135,38,6,4,7,13,96,96,7,0.04375
135,39,7,4,9,16,83,82,5,0.03125
135,40,0,5,12,24,82,84,6,0.0375
135,41,1,5,9,20,105,105,9,0.05625
135,42,2,5,17,14,121,123,7,0.04375
135,43,3,5,36,21,139,139,8,0.05
135,44,4,5,36,17,147,147,7,0.04375
135,45,5,5,11,13,102,104,10,0.0625
135,46,6,5,8,13,86,84,11,0.06875
135,47,7,5,2,18,65,64,5,0.03125
135,48,0,6,10,19,56,56,4,0.025
135,49,1,6,10,20,79,81,9,0.05625
135,50,2,6,16,12,97,96,7,0.04375
135,51,3,6,26,18,109,105,9,0.05625
135,52,4,6,14,14,102,103,4,0.025
135,53,5,6,13,11,80,82,7,0.04375
135,54,6,6,4,18,66,67,8,0.05
135,55,7,6,6,17,46,47,4,0.025
135,56,0,7,13,12,40,39,5,0.03125
135,57,1,7,8,15,61,62,8,0.05
135,58,2,7,25,17,85,86,8,0.05
135,59,3,7,30,12,87,85,7,0.04375
135,60,4,7,23,19,86,88,6,0.0375
135,61,5,7,9,25,70,68,9,0.05625
135,62,6,7,6,11,43,39,9,0.05625
135,63,7,7,1,10,18,19,4,0.025
136,0,0,0,14,17,43,45,3,0.01875
136,1,1,0,10,15,64,65,8,0.05
136,2,2,0,22,14,94,92,10,0.0625
136,3,3,0,38,17,114,112,7,0.04375
136,4,4,0,35,13,105,103,6,0.0375
136,5,5,0,19,13,82,82,6,0.0375
136,6,6,0,7,15,62,60,8,0.05
136,7,7,0,12,14,40,40,5,0.03125
136,8,0,1,15,24,74,73,5,0.03125
136,9,1,1,6,24,88,85,7,0.04375
136,10,2,1,20,19,116,113,12,0.075
136,11,3,1,27,31,140,142,7,0.04375
136,12,4,1,33,17,122,124,5,0.03125
136,13,5,1,19,12,95,93,6,0.0375
136,14,6,1,8,14,87,83,12,0.075
136,15,7,1,17,18,70,71,3,0.01875
136,16,0,2,5,19,81,87,3,0.01875
136,17,1,2,9,17,101,102,7,0.04375
136,18,2,2,16,17,135,133,10,0.0625
136,19,3,2,31,16,157,154,10,0.0625
136,20,4,2,26,13,136,136,8,0.05
136,21,5,2,20,18,114,114,7,0.04375
136,22,6,2,5,16,101,99,11,0.06875
136,23,7,2,9,20,82,82,4,0.025
136,24,0,3,7,7,85,85,4,0.025
136,25,1,3,13,17,113,113,8,0.05
136,26,2,3,20,14,139,139,9,0.05625
136,27,3,3,36,15,163,165,9,0.05625
136,28,4,3,36,25,151,153,7,0.04375
136,29,5,3,17,16,124,127,9,0.05625
136,30,6,3,5,19,118,115,9,0.05625
136,31,7,3,7,16,89,89,4,0.025
136,32,0,4,6,20,87,86,5,0.03125
136,33,1,4,9,20,107,108,8,0.05
136,34,2,4,15,17,126,129,6,0.0375
136,35,3,4,35,16,152,151,10,0.0625
136,36,4,4,38,16,151,149,7,0.04375
136,37,5,4,14,13,119,117,8,0.05
136,38,6,4,6,18,109,109,7,0.04375
136,39,7,4,6,17,83,82,5,0.03125
136,40,0,5,9,17,77,79,4,0.025
136,41,1,5,10,16,103,103,9,0.05625
136,42,2,5,19,19,126,123,7,0.04375
136,43,3,5,40,15,144,145,7,0.04375
136,44,4,5,25,22,140,143,7,0.04375
136,45,5,5,21,8,116,117,10,0.0625
136,46,6,5,2,17,105,106,11,0.06875
136,47,7,5,12,8,78,78,4,0.025
136,48,0,6,16,13,69,66,5,0.03125
136,49,1,6,8,13,84,84,8,0.05
136,50,2,6,21,20,100,101,6,0.0375
136,51,3,6,31,15,114,113,12,0.075
136,52,4,6,19,13,111,108,9,0.05625
136,53,5,6,18,9,97,95,8,0.05
136,54,6,6,9,15,78,77,8,0.05
136,55,7,6,2,17,58,57,5,0.03125
136,56,0,7,3,15,35,36,3,0.01875
136,57,1,7,9,19,60,63,5,0.03125
136,58,2,7,19,15,78,79,7,0.04375
136,59,3,7,40,16,104,105,7,0.04375
136,60,4,7,24,17,92,90,7,0.04375
136,61,5,7,20,23,82,84,7,0.04375
136,62,6,7,6,14,48,50,8,0.05
136,63,7,7,1,18,31,31,4,0.025
137,0,0,0,6,19,38,35,5,0.03125
137,1,1,0,2,19,50,53,6,0.0375
137,2,2,0,14,15,70,76,5,0.03125
137,3,3,0,29,11,94,97,5,0.03125
137,4,4,0,37,17,103,101,7,0.04375
137,5,5,0,19,24,93,92,8,0.05
137,6,6,0,11,22,63,65,6,0.0375
137,7,7,0,9,17,36,37,4,0.025
137,8,0,1,3,13,53,56,3,0.01875
137,9,1,1,4,7,69,66,10,0.0625
137,10,2,1,14,18,89,95,5,0.03125
137,11,3,1,16,35,120,119,6,0.0375
137,12,4,1,31,17,109,107,7,0.04375
137,13,5,1,23,17,120,119,7,0.04375
137,14,6,1,11,12,87,92,6,0.0375
137,15,7,1,13,18,66,65,4,0.025
137,16,0,2,4,14,73,71,5,0.03125
137,17,1,2,5,8,82,83,8,0.05
137,18,2,2,17,14,113,113,9,0.05625
137,19,3,2,24,12,137,140,7,0.04375
137,20,4,2,35,15,141,139,11,0.06875
137,21,5,2,30,15,153,152,8,0.05
137,22,6,2,17,22,122,121,11,0.06875
137,23,7,2,10,21,83,81,6,0.0375
137,24,0,3,7,16,87,85,6,0.0375
137,25,1,3,10,14,104,106,8,0.05
137,26,2,3,19,20,130,134,7,0.04375
137,27,3,3,33,17,152,151,10,0.0625
137,28,4,3,32,8,136,138,7,0.04375
137,29,5,3,22,18,144,142,8,0.05
137,30,6,3,14,14,131,131,9,0.05625
137,31,7,3,12,13,85,83,8,0.05
137,32,0,4,7,17,86,86,5,0.03125
137,33,1,4,8,14,97,96,9,0.05625
137,34,2,4,20,19,130,127,8,0.05
137,35,3,4,31,13,142,144,8,0.05
137,36,4,4,34,18,142,142,5,0.03125
137,37,5,4,22,23,142,142,8,0.05
137,38,6,4,3,18,118,115,10,0.0625
137,39,7,4,8,23,84,83,6,0.0375
137,40,0,5,7,19,80,79,6,0.0375
137,41,1,5,5,16,83,84,9,0.05625
137,42,2,5,13,17,99,100,9,0.05625
137,43,3,5,25,12,118,113,13,0.08125
137,44,4,5,36,14,129,126,8,0.05
137,45,5,5,22,16,121,122,8,0.05
137,46,6,5,10,12,103,104,9,0.05625
137,47,7,5,6,13,73,73,4,0.025
137,48,0,6,7,15,52,55,4,0.025
137,49,1,6,14,15,74,74,7,0.04375
137,50,2,6,17,14,99,100,4,0.025
137,51,3,6,26,16,112,112,12,0.075
137,52,4,6,24,15,112,115,6,0.0375
137,53,5,6,6,10,87,88,7,0.04375
137,54,6,6,4,19,75,76,7,0.04375
137,55,7,6,10,13,55,56,3,0.01875
137,56,0,7,6,12,25,25,4,0.025
137,57,1,7,2,12,40,37,8,0.05
137,58,2,7,13,19,68,69,6,0.0375
137,59,3,7,42,9,90,90,6,0.0375
137,60,4,7,19,14,86,88,6,0.0375
137,61,5,7,7,14,58,60,6,0.0375
137,62,6,7,0,14,45,45,6,0.0375
137,63,7,7,10,16,37,37,4,0.025
138,0,0,0,7,14,38,40,4,0.025
138,1,1,0,13,17,67,66,6,0.0375
138,2,2,0,20,13,84,83,5,0.03125
138,3,3,0,37,14,106,105,5,0.03125
138,4,4,0,29,20,99,101,5,0.03125
138,5,5,0,14,17,81,81,7,0.04375
138,6,6,0,11,19,64,60,10,0.0625
138,7,7,0,8,17,38,35,7,0.04375
138,8,0,1,4,13,55,53,4,0.025
138,9,1,1,6,14,67,70,8,0.05
138,10,2,1,16,14,86,84,9,0.05625
138,11,3,1,23,27,128,128,7,0.04375
138,12,4,1,35,18,121,126,4,0.025
138,13,5,1,21,16,108,106,9,0.05625
138,14,6,1,9,17,88,85,10,0.0625
138,15,7,1,9,12,59,53,11,0.06875
138,16,0,2,3,14,67,67,6,0.0375
138,17,1,2,3,13,82,80,8,0.05
138,18,2,2,13,10,90,92,8,0.05
138,19,3,2,17,20,145,145,7,0.04375
138,20,4,2,40,17,141,149,4,0.025
138,21,5,2,25,20,129,131,8,0.05
138,22,6,2,7,22,115,118,9,0.05625
138,23,7,2,15,10,76,72,9,0.05625
138,24,0,3,11,12,85,88,5,0.03125
138,25,1,3,11,14,108,107,7,0.04375
138,26,2,3,27,8,125,126,6,0.0375
138,27,3,3,41,19,166,168,7,0.04375
138,28,4,3,32,17,140,139,6,0.0375
138,29,5,3,18,17,127,131,8,0.05
138,30,6,3,13,14,114,118,7,0.04375
138,31,7,3,9,5,75,76,6,0.0375
138,32,0,4,11,17,78,78,5,0.03125
138,33,1,4,6,18,92,94,6,0.0375
138,34,2,4,12,18,102,107,5,0.03125
138,35,3,4,21,17,130,132,5,0.03125
138,36,4,4,32,11,128,127,6,0.0375
138,37,5,4,17,8,119,120,8,0.05
138,38,6,4,8,20,101,103,8,0.05
138,39,7,4,5,19,80,81,5,0.03125
138,40,0,5,5,16,63,63,5,0.03125
138,41,1,5,11,22,97,98,7,0.04375
138,42,2,5,21,11,108,111,6,0.0375
138,43,3,5,31,12,125,124,13,0.08125
138,44,4,5,24,9,108,109,8,0.05
138,45,5,5,8,14,97,97,8,0.05
138,46,6,5,6,13,84,86,8,0.05
138,47,7,5,10,13,79,79,4,0.025
138,48,0,6,6,14,48,48,4,0.025
138,49,1,6,7,14,68,69,8,0.05
138,50,2,6,16,13,82,78,8,0.05
138,51,3,6,38,13,102,103,11,0.06875
138,52,4,6,24,9,94,93,5,0.03125
138,53,5,6,12,19,85,85,8,0.05
138,54,6,6,8,11,66,65,9,0.05625
138,55,7,6,3,23,59,58,5,0.03125
138,56,0,7,0,14,23,23,4,0.025
138,57,1,7,1,18,35,36,8,0.05
138,58,2,7,4,12,34,32,8,0.05
138,59,3,7,20,15,42,38,12,0.075
138,60,4,7,10,10,29,27,8,0.05
138,61,5,7,3,15,32,31,8,0.05
138,62,6,7,3,21,34,34,8,0.05
138,63,7,7,5,14,25,25,4,0.025
